seq,detect_timestamp_ns,latency_ns,max_score,window_size_used,first_seq,last_seq,flagged_seq,occupancy_at_decision
255,426351142479500,1725000,0.60530327,256,0,255,165,0
511,426351143386583,2426250,0.60754791,256,256,511,431,0
767,426351144267916,3141834,0.62263458,256,512,767,529,0
1023,426351145207416,3807875,0.60779822,256,768,1023,800,0
1279,426351146124125,4087125,0.59317879,256,1024,1279,1154,0
1535,426351147056000,4009291,0.63330478,256,1280,1535,1378,0
1791,426351147914958,4022500,0.64410942,256,1536,1791,1775,0
2047,426351148767208,4016292,0.59444516,256,1792,2047,1939,0
2303,426351149676291,3957834,0.6023155,256,2048,2303,2198,0
2559,426351150535041,3938625,0.59879767,256,2304,2559,2557,0
2815,426351151389208,3977000,0.6397648,256,2560,2815,2632,0
3071,426351152323291,3900250,0.60877202,256,2816,3071,2968,0
3327,426351153225458,3837917,0.61318985,256,3072,3327,3213,0
3583,426351154107666,3834334,0.63772835,256,3328,3583,3564,0
3839,426351155022500,3809250,0.61225154,256,3584,3839,3693,0
4095,426351156006791,3691542,0.64164905,256,3840,4095,3983,0
4351,426351156899625,3661625,0.64319282,256,4096,4351,4236,0
4607,426351157741250,3666541,0.62274917,256,4352,4607,4562,0
4863,426351158607208,3682583,0.63325526,256,4608,4863,4770,0
5119,426351159401458,3724458,0.63732299,256,4864,5119,4909,0
5375,426351160275375,3715916,0.59443301,256,5120,5375,5257,0
5631,426351161171333,3669667,0.64122953,256,5376,5631,5392,0
5887,426351162074458,3651083,0.64987984,256,5632,5887,5685,0
6143,426351162966666,3614167,0.59472973,256,5888,6143,5983,0
6399,426351163863083,3593167,0.65296432,256,6144,6399,6301,0
6655,426351164791916,3506334,0.61340293,256,6400,6655,6526,0
6911,426351165660875,3484333,0.64018076,256,6656,6911,6720,0
7167,426351166630625,3375791,0.63829761,256,6912,7167,7086,0
7423,426351167481000,3356083,0.59043634,256,7168,7423,7340,0
7679,426351168374666,3327042,0.61976185,256,7424,7679,7469,0
7935,426351169312916,3280250,0.64076093,256,7680,7935,7886,0
8191,426351170188666,3265917,0.60188761,256,7936,8191,8135,0
8447,426351171076583,3243292,0.64467236,256,8192,8447,8411,0
8703,426351172030458,3166708,0.61130411,256,8448,8703,8568,0
8959,426351172901666,3177375,0.62364927,256,8704,8959,8705,0
9215,426351173829166,3141750,0.67610459,256,8960,9215,9061,0
9471,426351174654583,3175583,0.61156548,256,9216,9471,9322,0
9727,426351175526208,3184958,0.64185669,256,9472,9727,9531,0
9983,426351176390750,3179708,0.60819544,256,9728,9983,9835,0
10239,426351177263416,3180667,0.60853292,256,9984,10239,10172,0
10495,426351178224333,3089750,0.62492758,256,10240,10495,10455,0
10751,426351179050916,3157625,0.67894507,256,10496,10751,10670,0
11007,426351179922666,3157834,0.60293968,256,10752,11007,10874,0
11263,426351180792583,3176042,0.64961557,256,11008,11263,11141,0
11519,426351181721500,3114208,0.65605684,256,11264,11519,11445,0
11775,426351182615041,3094375,0.63862436,256,11520,11775,11769,0
12031,426351183485833,3094500,0.61520012,256,11776,12031,11924,0
12287,426351184309833,3203208,0.64809905,256,12032,12287,12177,0
12543,426351185187875,3185791,0.61243982,256,12288,12543,12291,0
12799,426351186059000,3192000,0.61548058,256,12544,12799,12614,0
13055,426351186924458,3192000,0.59380359,256,12800,13055,13048,0
13311,426351187814583,3177417,0.64472019,256,13056,13311,13083,0
13567,426351188740458,3133625,0.6762325,256,13312,13567,13542,0
13823,426351189621583,3119542,0.62823744,256,13568,13823,13626,0
14079,426351190484041,3117542,0.63039284,256,13824,14079,13973,0
14335,426351191375666,3097250,0.65093792,256,14080,14335,14183,0
14591,426351192195208,3141250,0.61951663,256,14336,14591,14506,0
14847,426351193105083,3086375,0.60176922,256,14592,14847,14706,0
15103,426351193944291,3069167,0.62239543,256,14848,15103,15087,0
15359,426351194899208,2974500,0.62346011,256,15104,15359,15153,0
15615,426351195714250,3051083,0.60631253,256,15360,15615,15412,0
15871,426351196549250,3102750,0.60674639,256,15616,15871,15743,0
16127,426351197407958,3089708,0.59356166,256,15872,16127,16042,0
16383,426351198299250,3542125,0.62176583,256,16128,16383,16319,0
16639,426351199232875,3559875,0.67761214,256,16384,16639,16606,0
16895,426351200103208,3518542,0.59797442,256,16640,16895,16650,0
17151,426351201060916,3397209,0.63351258,256,16896,17151,16970,0
17407,426351201932541,3380834,0.6318691,256,17152,17407,17349,0
17663,426351202834833,3317958,0.60372303,256,17408,17663,17572,0
17919,426351203740666,3246084,0.5882785,256,17664,17919,17751,0
18175,426351204560375,3262291,0.59024759,256,17920,18175,18099,0
18431,426351205472458,3192833,0.6188372,256,18176,18431,18420,0
18687,426351206330250,3177875,0.68728591,256,18432,18687,18577,0
18943,426351207232458,3093292,0.61264445,256,18688,18943,18860,0
19199,426351208107875,3069541,0.60049282,256,18944,19199,19088,0
19455,426351208981500,3013875,0.61710258,256,19200,19455,19209,0
19711,426351209900458,2925917,0.6286582,256,19456,19711,19592,0
19967,426351210777666,2911209,0.6453923,256,19712,19967,19761,0
20223,426351211715916,2828625,0.58354475,256,19968,20223,20090,0
20479,426351212572875,2818291,0.6416423,256,20224,20479,20262,0
20735,426351213460000,2790750,0.63129476,256,20480,20735,20723,0
20991,426351214297000,2770208,0.62201745,256,20736,20991,20885,0
21247,426351215210166,2660125,0.64913662,256,20992,21247,21021,0
21503,426351216039166,5075834,0.64973736,256,21248,21503,21379,0
21759,426351216940291,4189625,0.61284035,256,21504,21759,21740,0
22015,426351217770375,3361208,0.59641035,256,21760,22015,22001,0
22271,426351220449625,1541958,0.64470687,256,22016,22271,22057,0
22527,426351220458750,2387750,0.63934525,256,22272,22527,22519,0
22783,426351220467791,3252250,0.68487594,256,22528,22783,22573,0
23039,426351221236375,3318666,0.60635518,256,22784,23039,22827,0
23295,426351222187958,3235292,0.63492915,256,23040,23295,23095,0
23551,426351223093250,3178916,0.64038003,256,23296,23551,23424,0
23807,426351223947666,3147959,0.60458498,256,23552,23807,23626,0
24063,426351224843625,3059625,0.61138184,256,23808,24063,23938,0
24319,426351225736583,2978042,0.57218914,256,24064,24319,24261,0
24575,426351226597333,2943208,0.62098797,256,24320,24575,24466,0
24831,426351227473416,2918542,0.62856775,256,24576,24831,24618,0
25087,426351228409208,2797292,0.59053032,256,24832,25087,24870,0
25343,426351229294000,2787625,0.64044553,256,25088,25343,25223,0
25599,426351230150958,2787875,0.62097953,256,25344,25599,25488,0
25855,426351231043166,2727834,0.61062979,256,25600,25855,25660,0
26111,426351231968291,2634500,0.60962017,256,25856,26111,26008,0
26367,426351232871041,2589584,0.61720247,256,26112,26367,26347,0
26623,426351233764041,2537375,0.64102501,256,26368,26623,26538,0
26879,426351234651708,2466208,0.6052075,256,26624,26879,26627,0
27135,426351235584208,2356083,0.59691529,256,26880,27135,27134,0
27391,426351236474833,2304292,0.6443855,256,27136,27391,27259,0
27647,426351237361250,2260083,0.65614144,256,27392,27647,27559,0
27903,426351238209375,2226333,0.57842803,256,27648,27903,27773,0
28159,426351239113125,2177041,0.6332931,256,27904,28159,28081,0
28415,426351240034625,2067916,0.58710934,256,28160,28415,28196,0
28671,426351240905250,2021416,0.60331849,256,28416,28671,28493,0
28927,426351241815750,1920416,0.61998326,256,28672,28927,28701,0
29183,426351242695791,1885584,0.65400459,256,28928,29183,29035,0
29439,426351243494375,1899291,0.5891788,256,29184,29439,29268,0
29695,426351244398541,1847875,0.6458288,256,29440,29695,29599,0
29951,426351245281541,1787917,0.59749237,256,29696,29951,29752,0
30207,426351246192958,1701583,0.597402,256,29952,30207,30061,0
30463,426351247035208,1686125,0.66563199,256,30208,30463,30416,0
30719,426351247915000,1630583,0.61983034,256,30464,30719,30526,0
30975,426351248823625,1534958,0.61303204,256,30720,30975,30869,0
31231,426351249704291,1469750,0.60281846,256,30976,31231,31136,0
31487,426351250560791,1431292,0.59442221,256,31232,31487,31299,0
31743,426351251433041,1350542,0.59648675,256,31488,31743,31707,0
31999,426351252362291,1213334,0.59384777,256,31744,31999,31879,0
32255,426351253213166,1223834,0.65585927,256,32000,32255,32050,0
32511,426351254100500,1163125,0.63750405,256,32256,32511,32395,0
32767,426351255014458,1129667,0.65071636,256,32512,32767,32698,0
33023,426351255837500,1054666,0.59603534,256,32768,33023,32882,0
33279,426351256722875,986916,0.61297029,256,33024,33279,33178,0
33535,426351257582875,943250,0.62639294,256,33280,33535,33314,0
33791,426351258444416,883250,0.61854913,256,33536,33791,33631,0
34047,426351259302333,841375,0.6080745,256,33792,34047,33995,0
34303,426351260119041,860750,0.63534921,256,34048,34303,34202,0
34559,426351260982333,850208,0.61000586,256,34304,34559,34365,0
34815,426351261854250,814791,0.59199943,256,34560,34815,34650,0
35071,426351262723958,885167,0.62598071,256,34816,35071,34911,0
35327,426351263641750,842541,0.62042115,256,35072,35327,35310,0
35583,426351264531666,1101375,0.6007891,256,35328,35583,35384,0
35839,426351265440041,1001042,0.60044824,256,35584,35839,35687,0
36095,426351266290333,1042125,0.62258164,256,35840,36095,36031,0
36351,426351267199333,985333,0.61672773,256,36096,36351,36177,0
36607,426351268079583,939833,0.63793373,256,36352,36607,36484,0
36863,426351268967541,928250,0.65676825,256,36608,36863,36807,0
37119,426351269812000,902000,0.59189767,256,36864,37119,37104,0
37375,426351270715291,1032209,0.65469798,256,37120,37375,37363,0
37631,426351271610875,968625,0.63176897,256,37376,37631,37523,0
37887,426351272468291,953625,0.61766377,256,37632,37887,37852,0
38143,426351273361916,902500,0.59563738,256,37888,38143,37928,0
38399,426351274314375,802500,0.59642016,256,38144,38399,38174,0
38655,426351275225500,834500,0.66309834,256,38400,38655,38535,0
38911,426351276146708,830875,0.61057383,256,38656,38911,38830,0
39167,426351277036500,847458,0.59880173,256,38912,39167,38927,0
39423,426351277930666,839542,0.60759245,256,39168,39423,39191,0
39679,426351278830666,854834,0.65781552,256,39424,39679,39424,0
39935,426351279721791,822250,0.63380544,256,39680,39935,39704,0
40191,426351280620875,828583,0.60113956,256,39936,40191,40093,0
40447,426351281465208,846667,0.62129579,256,40192,40447,40357,0
40703,426351282340750,862166,0.62064396,256,40448,40703,40657,0
40959,426351283206041,824000,0.60302827,256,40704,40959,40880,0
41215,426351284088000,875333,0.60785975,256,40960,41215,41179,0
41471,426351284924625,856666,0.61596974,256,41216,41471,41397,0
41727,426351285840416,1041959,0.57658246,256,41472,41727,41494,0
41983,426351286683166,1025709,0.62374666,256,41728,41983,41951,0
42239,426351287595750,951958,0.6010083,256,41984,42239,42117,0
42495,426351288451125,918000,0.58368317,256,42240,42495,42310,0
42751,426351289338541,827875,0.58232311,256,42496,42751,42585,0
43007,426351290197916,1634375,0.6099363,256,42752,43007,42804,0
43263,426351291035083,1633792,0.60607571,256,43008,43263,43247,0
43519,426351291995666,1535250,0.61528807,256,43264,43519,43281,0
43775,426351292869916,1485084,0.60940541,256,43520,43775,43775,0
44031,426351293721875,1453583,0.65134198,256,43776,44031,43862,0
44287,426351294642291,1366500,0.62799196,256,44032,44287,44136,0
44543,426351295516916,1309334,0.64382915,256,44288,44543,44454,0
44799,426351296409041,1250250,0.61922696,256,44544,44799,44668,0
45055,426351297283875,1208208,0.59839023,256,44800,45055,45031,0
45311,426351298147083,1166250,0.62816033,256,45056,45311,45159,0
45567,426351298983916,1135917,0.64913908,256,45312,45567,45529,0
45823,426351299918083,1016167,0.59932455,256,45568,45823,45820,0
46079,426351300872750,892958,0.58963899,256,45824,46079,45982,0
46335,426351301681833,1178375,0.65642894,256,46080,46335,46328,0
46591,426351302556000,1113583,0.61479246,256,46336,46591,46554,0
46847,426351303453416,1015667,0.58687898,256,46592,46847,46724,0
47103,426351304283500,971833,0.5812468,256,46848,47103,47029,0
47359,426351305206541,839584,0.60889053,256,47104,47359,47192,0
47615,426351306069291,872084,0.6789547,256,47360,47615,47564,0
47871,426351306931416,812584,0.63423499,256,47616,47871,47770,0
48127,426351307740833,827583,0.62730144,256,47872,48127,47963,0
48383,426351308597625,1128916,0.57473111,256,48128,48383,48260,0
48639,426351309480458,1069250,0.64256733,256,48384,48639,48558,0
48895,426351310365916,988917,0.62837244,256,48640,48895,48738,0
49151,426351311302083,869042,0.5982365,256,48896,49151,48934,0
49407,426351312132000,843375,0.60359799,256,49152,49407,49210,0
49663,426351313043083,826625,0.59659302,256,49408,49663,49648,0
49919,426351313911250,1650041,0.58975026,256,49664,49919,49840,0
50175,426351314856750,1705041,0.61424866,256,49920,50175,50051,0
50431,426351315703000,1659375,0.62930165,256,50176,50431,50343,0
50687,426351316553791,1630375,0.58270619,256,50432,50687,50654,0
50943,426351317411333,1559583,0.58112582,256,50688,50943,50827,0
51199,426351318321000,1481625,0.62488011,256,50944,51199,50957,0
51455,426351319161166,1444834,0.58236464,256,51200,51455,51396,0
51711,426351320022875,1393583,0.62010245,256,51456,51711,51578,0
51967,426351320961250,1265000,0.61091659,256,51712,51967,51830,0
52223,426351321851083,1165333,0.60658991,256,51968,52223,52213,0
52479,426351322774791,1032292,0.57312292,256,52224,52479,52448,0
52735,426351323646666,1011584,0.61519844,256,52480,52735,52489,0
52991,426351324521833,999708,0.60823272,256,52736,52991,52905,0
53247,426351325376166,988625,0.61129457,256,52992,53247,53016,0
53503,426351326295875,910541,0.60562089,256,53248,53503,53295,0
53759,426351327188416,865000,0.60377393,256,53504,53759,53520,0
54015,426351328050458,914208,0.62713047,256,53760,54015,53836,0
54271,426351328976291,892042,0.65692913,256,54016,54271,54263,0
54527,426351329817958,893625,0.61805452,256,54272,54527,54465,0
54783,426351330656083,908875,0.60662932,256,54528,54783,54587,0
55039,426351331609375,1386000,0.62261602,256,54784,55039,54803,0
55295,426351332498625,1360750,0.61549548,256,55040,55295,55236,0
55551,426351333355833,1341375,0.59535012,256,55296,55551,55536,0
55807,426351334263833,1260250,0.60383213,256,55552,55807,55690,0
56063,426351335173750,1145333,0.58227665,256,55808,56063,56062,0
56319,426351336041791,1071125,0.57086195,256,56064,56319,56064,0
56575,426351336954583,982625,0.59378722,256,56320,56575,56332,0
56831,426351337819708,940792,0.62129146,256,56576,56831,56802,0
57087,426351338687083,888542,0.62494963,256,56832,57087,56835,0
57343,426351339544916,841334,0.58792185,256,57088,57343,57302,0
57599,426351340429625,1605083,0.61263605,256,57344,57599,57590,0
57855,426351341301625,1787708,0.59954949,256,57600,57855,57720,0
58111,426351342186833,1703667,0.61526841,256,57856,58111,57875,0
58367,426351343075583,1694542,0.61289621,256,58112,58367,58324,0
58623,426351343991416,1711292,0.69292101,256,58368,58623,58558,0
58879,426351344835541,1756542,0.59693152,256,58624,58879,58667,0
59135,426351345736500,1755791,0.62245042,256,58880,59135,59046,0
59391,426351346635416,1723334,0.58982097,256,59136,59391,59381,0
59647,426351347528666,1716125,0.59891146,256,59392,59647,59472,0
59903,426351348473375,1661291,0.59958757,256,59648,59903,59897,0
60159,426351349379083,1615250,0.58000046,256,59904,60159,60050,0
60415,426351350296041,1555209,0.60133077,256,60160,60415,60289,0
60671,426351351141916,1628042,0.63295032,256,60416,60671,60666,0
60927,426351352065500,1589208,0.59501282,256,60672,60927,60790,0
61183,426351352918458,1626042,0.60153947,256,60928,61183,61002,0
61439,426351353830125,1597416,0.59158211,256,61184,61439,61373,0
61695,426351354702458,1622125,0.64671385,256,61440,61695,61544,0
61951,426351355597625,1645208,0.63386269,256,61696,61951,61875,0
62207,426351356518750,1594958,0.63145207,256,61952,62207,62172,0
62463,426351357401166,1618292,0.63753856,256,62208,62463,62260,0
62719,426351358298625,1633291,0.63687953,256,62464,62719,62655,0
62975,426351359186375,1671875,0.60181328,256,62720,62975,62774,0
63231,426351360073208,1686417,0.64143286,256,62976,63231,62978,0
63487,426351360978708,1695625,0.61257362,256,63232,63487,63429,0
63743,426351361869541,1686375,0.60967855,256,63488,63743,63686,0
63999,426351362775666,1671375,0.59341199,256,63744,63999,63831,0
64255,426351363598541,1763667,0.64639082,256,64000,64255,64021,0
64511,426351364445875,1840875,0.62883106,256,64256,64511,64431,0
64767,426351365315291,1766084,0.56860543,256,64512,64767,64630,0
65023,426351366222875,1740041,0.60762078,256,64768,65023,65012,0
65279,426351367084375,1797000,0.61130886,256,65024,65279,65189,0
65535,426351367971666,1755584,0.5750652,256,65280,65535,65347,0
65791,426351368890791,1739417,0.58355571,256,65536,65791,65754,0
66047,426351369765791,1769042,0.61997599,256,65792,66047,66045,0
66303,426351370630166,1811542,0.60002854,256,66048,66303,66212,0
66559,426351371521416,1836250,0.63354144,256,66304,66559,66553,0
66815,426351372438958,1807625,0.61653147,256,66560,66815,66699,0
67071,426351373305666,1809375,0.56357814,256,66816,67071,66908,0
67327,426351374127583,1860167,0.60738056,256,67072,67327,67316,0
67583,426351375040500,1796791,0.61848223,256,67328,67583,67567,0
67839,426351375897291,1812250,0.5728344,256,67584,67839,67799,0
68095,426351376770833,1798542,0.61213227,256,67840,68095,68026,0
68351,426351377644416,1802542,0.59197516,256,68096,68351,68185,0
68607,426351378617916,1748250,0.59319544,256,68352,68607,68469,0
68863,426351379497875,1762083,0.59242797,256,68608,68863,68764,0
69119,426351380337583,1827000,0.59253761,256,68864,69119,69107,0
69375,426351381215333,1908667,0.6337925,256,69120,69375,69185,0
69631,426351382070291,1953875,0.60585419,256,69376,69631,69377,0
69887,426351382979875,1898666,0.59063498,256,69632,69887,69883,0
70143,426351383868708,1879292,0.61252297,256,69888,70143,70042,0
70399,426351384741500,1892916,0.63678324,256,70144,70399,70318,0
70655,426351385568125,1941750,0.61420734,256,70400,70655,70414,0
70911,426351386496833,1898833,0.60904724,256,70656,70911,70774,0
71167,426351387372500,1898166,0.60613878,256,70912,71167,71059,0
71423,426351388234833,1925292,0.60333579,256,71168,71423,71168,0
71679,426351389132458,1960458,0.61424834,256,71424,71679,71517,0
71935,426351390055166,1952709,0.59625723,256,71680,71935,71789,0
72191,426351390927666,1972875,0.61436095,256,71936,72191,72096,0
72447,426351391810041,2035125,0.63025999,256,72192,72447,72376,0
72703,426351392711791,2023250,0.66362755,256,72448,72703,72543,0
72959,426351393592916,2041375,0.62217051,256,72704,72959,72917,0
73215,426351394458333,2063958,0.61708042,256,72960,73215,73174,0
73471,426351395353166,2071459,0.64805175,256,73216,73471,73382,0
73727,426351396269083,2023250,0.60259417,256,73472,73727,73615,0
73983,426351397196375,1969083,0.62971467,256,73728,73983,73773,0
74239,426351398097166,1976459,0.61590293,256,73984,74239,74003,0
74495,426351398972583,1999833,0.62529003,256,74240,74495,74439,0
74751,426351399845791,2048417,0.62864922,256,74496,74751,74749,0
75007,426351400755500,2038125,0.59333768,256,74752,75007,74937,0
75263,426351401614625,2088000,0.62037311,256,75008,75263,75030,0
75519,426351402456250,2131625,0.61166759,256,75264,75519,75516,0
75775,426351403342583,2138958,0.63898438,256,75520,75775,75524,0
76031,426351404227666,2113875,0.60579449,256,75776,76031,75865,0
76287,426351405101083,2093708,0.59432828,256,76032,76287,76156,0
76543,426351405957375,2101125,0.57141594,256,76288,76543,76495,0
76799,426351406826875,2102291,0.58731305,256,76544,76799,76756,0
77055,426351407697500,2110708,0.63939749,256,76800,77055,77044,0
77311,426351408596416,2100375,0.62799182,256,77056,77311,77062,0
77567,426351409529375,2023875,0.63027226,256,77312,77567,77374,0
77823,426351410400000,2014916,0.58755874,256,77568,77823,77610,0
78079,426351411281416,2017209,0.62146377,256,77824,78079,77982,0
78335,426351412172791,2006000,0.60246461,256,78080,78335,78132,0
78591,426351413062958,2021000,0.59872554,256,78336,78591,78429,0
78847,426351413900791,2097709,0.59446178,256,78592,78847,78809,0
79103,426351414809833,2078083,0.61647809,256,78848,79103,79082,0
79359,426351415664916,2165709,0.61940373,256,79104,79359,79121,0
79615,426351416550708,2168375,0.64121584,256,79360,79615,79528,0
79871,426351417512541,2129792,0.60850876,256,79616,79871,79793,0
80127,426351418363375,2135833,0.59243858,256,79872,80127,80049,0
80383,426351419302291,2072250,0.63755647,256,80128,80383,80220,0
80639,426351420209291,2053125,0.61990284,256,80384,80639,80394,0
80895,426351421075875,2081333,0.6298314,256,80640,80895,80816,0
81151,426351422009416,2038625,0.5681895,256,80896,81151,81068,0
81407,426351422890041,2037167,0.58800449,256,81152,81407,81254,0
81663,426351423790625,1860916,0.58821582,256,81408,81663,81558,0
81919,426351424634708,1836375,0.61040398,256,81664,81919,81805,0
82175,426351425444458,1861417,0.6066355,256,81920,82175,82016,0
82431,426351426349416,1757834,0.57977163,256,82176,82431,82353,0
82687,426351427252250,1699916,0.65932005,256,82432,82687,82599,0
82943,426351428135916,1629667,0.594451,256,82688,82943,82812,0
83199,426351429020375,1594416,0.60274246,256,82944,83199,83133,0
83455,426351429891041,1542375,0.59988771,256,83200,83455,83364,0
83711,426351430784750,1519041,0.6686183,256,83456,83711,83692,0
83967,426351431719041,1414042,0.60820329,256,83712,83967,83720,0
84223,426351432607333,1340000,0.61662286,256,83968,84223,84199,0
84479,426351433489041,1381334,0.64193169,256,84224,84479,84347,0
84735,426351434384375,1356375,0.58499298,256,84480,84735,84588,0
84991,426351435252583,1354542,0.58960647,256,84736,84991,84954,0
85247,426351436095583,1377625,0.6016676,256,84992,85247,85064,0
85503,426351437001750,1369083,0.61858467,256,85248,85503,85336,0
85759,426351437908083,1375875,0.59487259,256,85504,85759,85695,0
86015,426351438798666,1376500,0.57453155,256,85760,86015,85774,0
86271,426351439696416,1336709,0.58325845,256,86016,86271,86087,0
86527,426351440535375,1384916,0.59289488,256,86272,86527,86448,0
86783,426351441497875,1300041,0.62981849,256,86528,86783,86568,0
87039,426351442369625,1330791,0.61250639,256,86784,87039,86967,0
87295,426351443273958,1323875,0.65859587,256,87040,87295,87048,0
87551,426351444136375,1309041,0.60433851,256,87296,87551,87327,0
87807,426351444983666,1290709,0.58603592,256,87552,87807,87736,0
88063,426351445861083,1245917,0.58117719,256,87808,88063,88034,0
88319,426351446752458,1186000,0.6051523,256,88064,88319,88138,0
88575,426351447573666,1221125,0.60298794,256,88320,88575,88341,0
88831,426351448491791,1120584,0.59933504,256,88576,88831,88796,0
89087,426351449347291,1087500,0.64303692,256,88832,89087,89078,0
89343,426351450240333,1040667,0.62150001,256,89088,89343,89100,0
89599,426351451207250,913750,0.58952888,256,89344,89599,89516,0
89855,426351452030333,926125,0.61402743,256,89600,89855,89611,0
90111,426351452945041,884375,0.61915101,256,89856,90111,89963,0
90367,426351453777708,869875,0.61467062,256,90112,90367,90317,0
90623,426351454652541,842417,0.59832341,256,90368,90623,90499,0
90879,426351455540625,868625,0.5910827,256,90624,90879,90815,0
91135,426351456407291,848084,0.60441898,256,90880,91135,90906,0
91391,426351457328625,842416,0.61028263,256,91136,91391,91281,0
91647,426351458184750,844916,0.66421782,256,91392,91647,91410,0
91903,426351459045541,879500,0.64918656,256,91648,91903,91800,0
92159,426351459957916,894292,0.62763628,256,91904,92159,91924,0
92415,426351460864583,880792,0.59030164,256,92160,92415,92263,0
92671,426351461741250,949916,0.65669599,256,92416,92671,92546,0
92927,426351462629166,947875,0.59736265,256,92672,92927,92835,0
93183,426351463509666,3838834,0.62120374,256,92928,93183,93029,0
93439,426351467352458,1043000,0.60772612,256,93184,93439,93425,0
93695,426351467366916,1883667,0.60193256,256,93440,93695,93481,0
93951,426351467381333,2758375,0.61228407,256,93696,93951,93891,0
94207,426351467395833,3654000,0.62012724,256,93952,94207,93966,0
94463,426351468036875,3928958,0.62712254,256,94208,94463,94281,0
94719,426351468924916,3927542,0.59939127,256,94464,94719,94578,0
94975,426351469812333,3945583,0.62206653,256,94720,94975,94923,0
95231,426351470726125,3910041,0.62019624,256,94976,95231,95197,0
95487,426351471668750,3811875,0.62414991,256,95232,95487,95367,0
95743,426351472569916,3762167,0.62464416,256,95488,95743,95509,0
95999,426351473395250,3743875,0.59181943,256,95744,95999,95962,0
96255,426351474230625,3716666,0.63017868,256,96000,96255,96085,0
96511,426351475131250,3635708,0.61242889,256,96256,96511,96400,0
96767,426351476048208,3568292,0.59227937,256,96512,96767,96660,0
97023,426351476954083,3555542,0.59442219,256,96768,97023,96912,0
97279,426351477885375,3516125,0.63925784,256,97024,97279,97231,0
97535,426351478834458,3455375,0.61598194,256,97280,97535,97317,0
97791,426351479757291,3420375,0.60010546,256,97536,97791,97762,0
98047,426351480634958,3432292,0.61103145,256,97792,98047,97792,0
98303,426351481539750,3392166,0.61090879,256,98048,98303,98079,0
98559,426351482438041,3386625,0.61692627,256,98304,98559,98449,0
98815,426351483343708,3354167,0.59929395,256,98560,98815,98638,0
99071,426351484163375,3430250,0.64087453,256,98816,99071,98872,0
99327,426351485003166,3452917,0.6315689,256,99072,99327,99100,0
99583,426351485889750,3432500,0.63829549,256,99328,99583,99582,0
99839,426351486756333,3443625,0.62853484,256,99584,99839,99785,0
100095,426351487614041,3485084,0.60755528,256,99840,100095,99992,0
100351,426351488528666,3457125,0.60530327,256,100096,100351,100165,0
100607,426351489395166,3472417,0.62263458,256,100352,100607,100529,0
100863,426351490314250,3426583,0.60779822,256,100608,100863,100800,0
101119,426351491246666,3390500,0.60230919,256,100864,101119,100956,0
101375,426351492139791,3391417,0.59317879,256,101120,101375,101154,0
101631,426351493082500,3367291,0.63330478,256,101376,101631,101378,0
101887,426351493898333,3474333,0.64410942,256,101632,101887,101775,0
102143,426351494808625,3483916,0.59992807,256,101888,102143,102083,0
102399,426351495665000,3526583,0.6023155,256,102144,102399,102198,0
102655,426351496576291,3522125,0.6397648,256,102400,102655,102632,0
102911,426351497440416,3549709,0.63364895,256,102656,102911,102719,0
103167,426351498338250,3523458,0.60877202,256,102912,103167,102968,0
103423,426351499228166,3518167,0.62750057,256,103168,103423,103340,0
103679,426351500136625,3519708,0.63772835,256,103424,103679,103564,0
103935,426351501069458,3492667,0.61225154,256,103680,103935,103693,0
104191,426351502020708,3442250,0.64164905,256,103936,104191,103983,0
104447,426351502918750,3426958,0.64319282,256,104192,104447,104236,0
104703,426351503741500,3494833,0.62274917,256,104448,104703,104562,0
104959,426351504582875,3554916,0.63732299,256,104704,104959,104909,0
105215,426351505414791,3586250,0.574203,256,104960,105215,105132,0
105471,426351506284916,3642042,0.64122953,256,105216,105471,105392,0
105727,426351507195958,3652542,0.64987984,256,105472,105727,105685,0
105983,426351508083833,3700375,0.60605493,256,105728,105983,105837,0
106239,426351508972458,3744542,0.60210979,256,105984,106239,106218,0
106495,426351509898041,3745000,0.65296432,256,106240,106495,106301,0
106751,426351510804791,3734292,0.64018076,256,106496,106751,106720,0
107007,426351511707416,3714000,0.62623433,256,106752,107007,106952,0
107263,426351512629916,3657875,0.63829761,256,107008,107263,107086,0
107519,426351513509625,3669541,0.61976185,256,107264,107519,107469,0
107775,426351514408291,3647125,0.58714956,256,107520,107775,107579,0
108031,426351515372125,3601833,0.64076093,256,107776,108031,107886,0
108287,426351516262083,3632042,0.61442276,256,108032,108287,108215,0
108543,426351517165708,3666208,0.64467236,256,108288,108543,108411,0
108799,426351518024375,3748041,0.62364927,256,108544,108799,108705,0
109055,426351518908125,3820625,0.6551776,256,108800,109055,109033,0
109311,426351519801541,3884459,0.67610459,256,109056,109311,109061,0
109567,426351520693000,3904083,0.64185669,256,109312,109567,109531,0
109823,426351521520250,3907208,0.59322286,256,109568,109823,109671,0
110079,426351522423083,3838708,0.60819544,256,109824,110079,109835,0
110335,426351523332541,3780417,0.60853292,256,110080,110335,110172,0
110591,426351524240166,3737625,0.62492758,256,110336,110591,110455,0
110847,426351525070208,3763917,0.67894507,256,110592,110847,110670,0
111103,426351525955541,3778417,0.60293968,256,110848,111103,110874,0
111359,426351526830083,3859417,0.64961557,256,111104,111359,111141,0
111615,426351527763916,3861834,0.65605684,256,111360,111615,111445,0
111871,426351528646666,3920584,0.63862436,256,111616,111871,111769,0
112127,426351529492083,4045583,0.64265163,256,111872,112127,112100,0
112383,426351530320000,4165875,0.64809905,256,112128,112383,112177,0
112639,426351531202958,4156375,0.61548058,256,112384,112639,112614,0
112895,426351532059583,4159375,0.59944774,256,112640,112895,112746,0
113151,426351532944791,4146250,0.64472019,256,112896,113151,113083,0
113407,426351533870750,4098458,0.6103563,256,113152,113407,113170,0
113663,426351534747291,4115125,0.6762325,256,113408,113663,113542,0
113919,426351535619791,4127125,0.59521602,256,113664,113919,113768,0
114175,426351536513875,4166541,0.63039284,256,113920,114175,113973,0
114431,426351537363416,4238750,0.65093792,256,114176,114431,114183,0
114687,426351538224375,4297458,0.61951663,256,114432,114687,114506,0
114943,426351539099916,4345667,0.60176922,256,114688,114943,114706,0
115199,426351539974750,4368166,0.62346011,256,114944,115199,115153,0
115455,426351540910958,4315500,0.62318861,256,115200,115455,115354,0
115711,426351541696000,4464625,0.60593528,256,115456,115711,115509,0
115967,426351542568458,4485292,0.60674639,256,115712,115967,115743,0
116223,426351543428625,4516333,0.61005339,256,115968,116223,116139,0
116479,426351544347041,4477250,0.62176583,256,116224,116479,116319,0
116735,426351545260041,4503000,0.67761214,256,116480,116735,116606,0
116991,426351546129333,4516500,0.63351258,256,116736,116991,116970,0
117247,426351547068791,4462500,0.5999705,256,116992,117247,117040,0
117503,426351547969833,4490792,0.6318691,256,117248,117503,117349,0
117759,426351548885166,4464542,0.60372303,256,117504,117759,117572,0
118015,426351549756833,4468208,0.58486997,256,117760,118015,117928,0
118271,426351550588666,4537917,0.59024759,256,118016,118271,118099,0
118527,426351551490083,4579000,0.6188372,256,118272,118527,118420,0
118783,426351552355791,4632750,0.68728591,256,118528,118783,118577,0
119039,426351553261125,4646041,0.61264445,256,118784,119039,118860,0
119295,426351554104458,4729875,0.61710258,256,119040,119295,119209,0
119551,426351555026750,4685750,0.60008443,256,119296,119551,119360,0
119807,426351555908708,4706333,0.6453923,256,119552,119807,119761,0
120063,426351556835458,4690792,0.63490297,256,119808,120063,119931,0
120319,426351557744291,4714000,0.6416423,256,120064,120319,120262,0
120575,426351558618291,4717000,0.60697028,256,120320,120575,120435,0
120831,426351559466958,4777208,0.63129476,256,120576,120831,120723,0
121087,426351560327750,4786625,0.64913662,256,120832,121087,121021,0
121343,426351561212458,4775875,0.60271673,256,121088,121343,121302,0
121599,426351562097250,4819791,0.64973736,256,121344,121599,121379,0
121855,426351562945416,4838709,0.61284035,256,121600,121855,121740,0
122111,426351563807250,4869416,0.64470687,256,121856,122111,122057,0
122367,426351564693916,4900834,0.59847605,256,122112,122367,122228,0
122623,426351565538458,5008708,0.68487594,256,122368,122623,122573,0
122879,426351566390375,5094208,0.65457102,256,122624,122879,122634,0
123135,426351567291541,5159667,0.63492915,256,122880,123135,123095,0
123391,426351568223791,5131125,0.60867924,256,123136,123391,123370,0
123647,426351569100916,5200500,0.64038003,256,123392,123647,123424,0
123903,426351569986416,5178875,0.59896902,256,123648,123903,123733,0
124159,426351570873000,5162125,0.61138184,256,123904,124159,123938,0
124415,426351571738666,5161625,0.59470801,256,124160,124415,124345,0
124671,426351572617750,5175833,0.62856775,256,124416,124671,124618,0
124927,426351573508416,5175209,0.61344227,256,124672,124927,124746,0
125183,426351574445166,5143334,0.6257972,256,124928,125183,125107,0
125439,426351575317791,5210917,0.64044553,256,125184,125439,125223,0
125695,426351576201625,5281458,0.62097953,256,125440,125695,125488,0
125951,426351577083916,5321625,0.60027526,256,125696,125951,125892,0
126207,426351578003458,5324417,0.60962017,256,125952,126207,126008,0
126463,426351578882625,5403375,0.61720247,256,126208,126463,126347,0
126719,426351579800916,5369750,0.64102501,256,126464,126719,126538,0
126975,426351580686000,5363750,0.58298577,256,126720,126975,126939,0
127231,426351581627166,5288625,0.59691529,256,126976,127231,127134,0
127487,426351582490583,5326917,0.6443855,256,127232,127487,127259,0
127743,426351583366625,5339416,0.65614144,256,127488,127743,127559,0
127999,426351584231250,5371083,0.61236989,256,127744,127999,127933,0
128255,426351585143291,5375084,0.6332931,256,128000,128255,128081,0
128511,426351586099750,5249791,0.60331849,256,128256,128511,128493,0
128767,426351586920708,5300125,0.61998326,256,128512,128767,128701,0
129023,426351587850083,5237250,0.61927423,256,128768,129023,129022,0
129279,426351588673333,5296917,0.65400459,256,129024,129279,129035,0
129535,426351589556500,5310208,0.59429185,256,129280,129535,129521,0
129791,426351590443208,5354333,0.6458288,256,129536,129791,129599,0
130047,426351591346166,5361709,0.57496355,256,129792,130047,129961,0
130303,426351592207916,5424459,0.61188899,256,130048,130303,130235,0
130559,426351593064166,5469000,0.66563199,256,130304,130559,130416,0
130815,426351593977041,5463792,0.61237411,256,130560,130815,130771,0
131071,426351594848708,5442542,0.61303204,256,130816,131071,130869,0
131327,426351595753250,5425333,0.60281846,256,131072,131327,131136,0
131583,426351596585166,5444917,0.58536498,256,131328,131583,131373,0
131839,426351597493833,5388083,0.59648675,256,131584,131839,131707,0
132095,426351598389375,5367416,0.65585927,256,131840,132095,132050,0
132351,426351599223541,5441542,0.63461657,256,132096,132351,132128,0
132607,426351600128416,5428625,0.63750405,256,132352,132607,132395,0
132863,426351601008250,5467333,0.65071636,256,132608,132863,132698,0
133119,426351601859041,5503542,0.59603534,256,132864,133119,132882,0
133375,426351602744625,5519416,0.62639294,256,133120,133375,133314,0
133631,426351603623666,5545292,0.61854913,256,133376,133631,133631,0
133887,426351604456916,5553917,0.59182307,256,133632,133887,133733,0
134143,426351605289791,5594750,0.6080745,256,133888,134143,133995,0
134399,426351606151375,5640583,0.63534921,256,134144,134399,134202,0
134655,426351606998375,5676208,0.59496119,256,134400,134655,134459,0
134911,426351607872833,5657708,0.62598071,256,134656,134911,134911,0
135167,426351608734833,5666583,0.60876253,256,134912,135167,135063,0
135423,426351609674333,5574333,0.62042115,256,135168,135423,135310,0
135679,426351610592083,5497292,0.58537973,256,135424,135679,135521,0
135935,426351611434083,5532708,0.60120333,256,135680,135935,135916,0
136191,426351612312625,5555750,0.62258164,256,135936,136191,136031,0
136447,426351613205750,5531166,0.61138218,256,136192,136447,136198,0
136703,426351614111583,5553000,0.63793373,256,136448,136703,136484,0
136959,426351614989333,5566167,0.65676825,256,136704,136959,136807,0
137215,426351615848708,5612875,0.65068601,256,136960,137215,137136,0
137471,426351616752708,5636000,0.65469798,256,137216,137471,137363,0
137727,426351617642625,5640125,0.63176897,256,137472,137727,137523,0
137983,426351618522833,5647458,0.61766377,256,137728,137983,137852,0
138239,426351619423625,5572416,0.59642016,256,137984,138239,138174,0
138495,426351620360333,5431542,0.59249444,256,138240,138495,138446,0
138751,426351621277625,5334625,0.66309834,256,138496,138751,138535,0
139007,426351622198041,5238084,0.61057383,256,138752,139007,138830,0
139263,426351623061958,5176792,0.60759245,256,139008,139263,139191,0
139519,426351623950958,5095208,0.65781552,256,139264,139519,139424,0
139775,426351624874458,4978750,0.63992472,256,139520,139775,139588,0
140031,426351625778916,4875209,0.59752637,256,139776,140031,139856,0
140287,426351626624750,4840666,0.60113956,256,140032,140287,140093,0
140543,426351627483791,4790625,0.62129579,256,140288,140543,140357,0
140799,426351628359666,4751584,0.62064396,256,140544,140799,140657,0
141055,426351629223458,4682167,0.60302827,256,140800,141055,140880,0
141311,426351630099708,4642708,0.60785975,256,141056,141311,141179,0
141567,426351630939250,4595291,0.61596974,256,141312,141567,141397,0
141823,426351631864875,4478250,0.56519687,256,141568,141823,141775,0
142079,426351632703666,4446625,0.62374666,256,141824,142079,141951,0
142335,426351633620250,4328958,0.6010083,256,142080,142335,142117,0
142591,426351634483041,4275375,0.58232311,256,142336,142591,142585,0
142847,426351635378958,4175833,0.6099363,256,142592,142847,142804,0
143103,426351636213250,4146916,0.60861314,256,142848,143103,142938,0
143359,426351637092958,4102333,0.61528807,256,143104,143359,143281,0
143615,426351638022000,3998041,0.60228561,256,143360,143615,143523,0
143871,426351638887875,3932041,0.65134198,256,143616,143871,143862,0
144127,426351639755750,3848500,0.59085038,256,143872,144127,144101,0
144383,426351640639958,3763333,0.62799196,256,144128,144383,144136,0
144639,426351641528916,3688209,0.64382915,256,144384,144639,144454,0
144895,426351642453250,3563375,0.61922696,256,144640,144895,144668,0
145151,426351643309541,3520542,0.59839023,256,144896,145151,145031,0
145407,426351644150541,3457500,0.62816033,256,145152,145407,145159,0
145663,426351645023125,3386625,0.64913908,256,145408,145663,145529,0
145919,426351645965791,3226792,0.59932455,256,145664,145919,145820,0
146175,426351646923541,3079084,0.60932984,256,145920,146175,146129,0
146431,426351647733583,3074417,0.65642894,256,146176,146431,146328,0
146687,426351648597625,3028791,0.61479246,256,146432,146687,146554,0
146943,426351649475708,2931292,0.58687898,256,146688,146943,146724,0
147199,426351650326375,2882583,0.60889053,256,146944,147199,147192,0
147455,426351651220416,2772334,0.60937281,256,147200,147455,147410,0
147711,426351652096666,2768042,0.6789547,256,147456,147711,147564,0
147967,426351652915458,2777000,0.63423499,256,147712,147967,147770,0
148223,426351653730208,2819167,0.60328595,256,147968,148223,148068,0
148479,426351654619125,2761583,0.57515766,256,148224,148479,148396,0
148735,426351655536541,2718334,0.64256733,256,148480,148735,148558,0
148991,426351656458083,2671042,0.62837244,256,148736,148991,148738,0
149247,426351657321333,2637958,0.60359799,256,148992,149247,149210,0
149503,426351658172041,2591417,0.58793211,256,149248,149503,149267,0
149759,426351659057333,2478375,0.59659302,256,149504,149759,149648,0
150015,426351659976250,2371833,0.5994441,256,149760,150015,149925,0
150271,426351660894708,2237375,0.61424866,256,150016,150271,150051,0
150527,426351661723208,2221875,0.62930165,256,150272,150527,150343,0
150783,426351662580750,2214291,0.58270619,256,150528,150783,150654,0
151039,426351663407000,2282958,0.62488011,256,150784,151039,150957,0
151295,426351664328916,2250334,0.59512176,256,151040,151295,151101,0
151551,426351665203708,2274333,0.60048011,256,151296,151551,151516,0
151807,426351666070291,2298875,0.62010245,256,151552,151807,151578,0
152063,426351666979250,2284416,0.61091659,256,151808,152063,151830,0
152319,426351667881375,4731666,0.60658991,256,152064,152319,152213,0
152575,426351668816208,3800583,0.61519844,256,152320,152575,152489,0
152831,426351670898166,2705042,0.59425728,256,152576,152831,152738,0
153087,426351670907250,3504208,0.61129457,256,152832,153087,153016,0
153343,426351672679958,2517750,0.60562089,256,153088,153343,153295,0
153599,426351672694375,3296250,0.60377393,256,153344,153599,153520,0
153855,426351673200541,3600042,0.62713047,256,153600,153855,153836,0
154111,426351674082416,3533917,0.6093607,256,153856,154111,153945,0
154367,426351675013000,3411041,0.65692913,256,154112,154367,154263,0
154623,426351675812666,3405875,0.61805452,256,154368,154623,154465,0
154879,426351676725083,3314875,0.62261602,256,154624,154879,154803,0
155135,426351677636083,3247750,0.58066394,256,154880,155135,155121,0
155391,426351678522583,3192625,0.61549548,256,155136,155391,155236,0
155647,426351679371416,3205292,0.59535012,256,155392,155647,155536,0
155903,426351680298250,3126916,0.60383213,256,155648,155903,155690,0
156159,426351681234750,3013250,0.58227665,256,155904,156159,156062,0
156415,426351682057166,3033792,0.59378722,256,156160,156415,156332,0
156671,426351682981458,2952000,0.61128015,256,156416,156671,156591,0
156927,426351683838541,2954709,0.62494963,256,156672,156927,156835,0
157183,426351684719833,2909000,0.59723363,256,156928,157183,157044,0
157439,426351685585541,2899459,0.58792185,256,157184,157439,157302,0
157695,426351686435083,2898333,0.61263605,256,157440,157695,157590,0
157951,426351687332708,2875167,0.61526841,256,157696,157951,157875,0
158207,426351688207750,2814416,0.57578576,256,157952,158207,157981,0
158463,426351689106833,2816208,0.61289621,256,158208,158463,158324,0
158719,426351689985208,2835833,0.69292101,256,158464,158719,158558,0
158975,426351690915458,2768000,0.59034389,256,158720,158975,158883,0
159231,426351691744625,2812583,0.62245042,256,158976,159231,159046,0
159487,426351692658000,2767083,0.59891146,256,159232,159487,159472,0
159743,426351693581291,2673625,0.57563206,256,159488,159743,159582,0
159999,426351694505666,2612250,0.59958757,256,159744,159999,159897,0
160255,426351695422583,2514708,0.58000046,256,160000,160255,160050,0
160511,426351696317208,2463917,0.60133077,256,160256,160511,160289,0
160767,426351697186958,2486958,0.63295032,256,160512,160767,160666,0
161023,426351698094250,2481291,0.60153947,256,160768,161023,161002,0
161279,426351698979916,2494417,0.59920349,256,161024,161279,161040,0
161535,426351699852875,2493083,0.61675831,256,161280,161535,161523,0
161791,426351700739541,2523292,0.64671385,256,161536,161791,161544,0
162047,426351701654500,2549916,0.63386269,256,161792,162047,161875,0
162303,426351702523208,2514625,0.63753856,256,162048,162303,162260,0
162559,426351703440375,2399250,0.59024547,256,162304,162559,162375,0
162815,426351704364500,2302083,0.63687953,256,162560,162815,162655,0
163071,426351705219750,2239750,0.64143286,256,162816,163071,162978,0
163327,426351706101125,2144833,0.57790313,256,163072,163327,163300,0
163583,426351707024625,2013625,0.61257362,256,163328,163583,163429,0
163839,426351707923500,1903166,0.60967855,256,163584,163839,163686,0
164095,426351708763708,1878792,0.64639082,256,163840,164095,164021,0
164351,426351709644041,1821417,0.62097451,256,164096,164351,164121,0
164607,426351710463333,1779125,0.62883106,256,164352,164607,164431,0
164863,426351711343916,1698084,0.56860543,256,164608,164863,164630,0
165119,426351712257833,1579250,0.60762078,256,164864,165119,165012,0
165375,426351713131000,1518166,0.61130886,256,165120,165375,165189,0
165631,426351714008833,1461917,0.57097002,256,165376,165631,165478,0
165887,426351714930291,1349209,0.58355571,256,165632,165887,165754,0
166143,426351715795791,1316625,0.61997599,256,165888,166143,166045,0
166399,426351716657125,1270250,0.60002854,256,166144,166399,166212,0
166655,426351717545625,1210250,0.63354144,256,166400,166655,166553,0
166911,426351718470750,1105708,0.61653147,256,166656,166911,166699,0
167167,426351719300125,1104291,0.5885259,256,166912,167167,167159,0
167423,426351720187166,1071917,0.60738056,256,167168,167423,167316,0
167679,426351721016416,3567375,0.61848223,256,167424,167679,167567,0
167935,426351721950708,2635000,0.5728344,256,167680,167935,167799,0
168191,426351722964458,3051125,0.61213227,256,167936,168191,168026,0
168447,426351725487791,1390542,0.58448847,256,168192,168447,168213,0
168703,426351725497500,2252625,0.59319544,256,168448,168703,168469,0
168959,426351725554333,3072792,0.59242797,256,168704,168959,168764,0
169215,426351726356875,3164250,0.6337925,256,168960,169215,169185,0
169471,426351727222291,3133542,0.62627704,256,169216,169471,169375,0
169727,426351728130083,3032042,0.57674917,256,169472,169727,169699,0
169983,426351729008500,2958875,0.59063498,256,169728,169983,169883,0
170239,426351729894916,2915417,0.61252297,256,169984,170239,170042,0
170495,426351730769125,2881250,0.63678324,256,170240,170495,170318,0
170751,426351731625416,2849542,0.59948209,256,170496,170751,170710,0
171007,426351732516208,2782000,0.60904724,256,170752,171007,170774,0
171263,426351733383000,2724625,0.60613878,256,171008,171263,171059,0
171519,426351734257791,2676375,0.61424834,256,171264,171519,171517,0
171775,426351735188583,2581708,0.6132524,256,171520,171775,171536,0
172031,426351736068333,2516083,0.60373505,256,171776,172031,172002,0
172287,426351736999375,2417291,0.61460563,256,172032,172287,172272,0
172543,426351737833666,2412792,0.66362755,256,172288,172543,172543,0
172799,426351738752208,2313458,0.65393908,256,172544,172799,172558,0
173055,426351739627791,2308834,0.62217051,256,172800,173055,172917,0
173311,426351740475000,2296541,0.61708042,256,173056,173311,173174,0
173567,426351741398208,2209083,0.64805175,256,173312,173567,173382,0
173823,426351742313208,2114083,0.62971467,256,173568,173823,173773,0
174079,426351743231416,2021750,0.6198063,256,173824,174079,173982,0
174335,426351744131625,1927083,0.58066036,256,174080,174335,174261,0
174591,426351745035041,1860917,0.62529003,256,174336,174591,174439,0
174847,426351745890708,1830667,0.62864922,256,174592,174847,174749,0
175103,426351746780208,1777958,0.62037311,256,174848,175103,175030,0
175359,426351747594958,1751208,0.60885206,256,175104,175359,175108,0
175615,426351748491458,1687375,0.63898438,256,175360,175615,175524,0
175871,426351749391500,1609666,0.60914251,256,175616,175871,175632,0
176127,426351750275291,1542084,0.57826217,256,175872,176127,176010,0
176383,426351751118250,1502416,0.59432828,256,176128,176383,176156,0
176639,426351751961166,1471334,0.57141594,256,176384,176639,176495,0
176895,426351752860125,1390291,0.58731305,256,176640,176895,176756,0
177151,426351753739250,1364166,0.63939749,256,176896,177151,177044,0
177407,426351754651208,1260125,0.63027226,256,177152,177407,177374,0
177663,426351755551166,1180375,0.58755874,256,177408,177663,177610,0
177919,426351756434583,1103708,0.56916369,256,177664,177919,177873,0
178175,426351757314958,1066083,0.62146377,256,177920,178175,177982,0
178431,426351758201375,1003291,0.59872554,256,178176,178431,178429,0
178687,426351759106458,901625,0.59822397,256,178432,178687,178555,0
178943,426351759979291,846209,0.60944565,256,178688,178943,178879,0
179199,426351760825083,845667,0.61940373,256,178944,179199,179121,0
179455,426351761693541,867542,0.61862896,256,179200,179455,179321,0
179711,426351762608583,842500,0.64121584,256,179456,179711,179528,0
179967,426351763530250,853958,0.60850876,256,179712,179967,179793,0
180223,426351764433250,1702458,0.63755647,256,179968,180223,180220,0
180479,426351765343625,1766291,0.62428661,256,180224,180479,180344,0
180735,426351766294375,1608166,0.60332944,256,180480,180735,180530,0
180991,426351767112916,1613542,0.6298314,256,180736,180991,180816,0
181247,426351768031500,1490916,0.5681895,256,180992,181247,181068,0
181503,426351768920583,1386583,0.58800449,256,181248,181503,181254,0
181759,426351769820250,1274375,0.59206189,256,181504,181759,181739,0
182015,426351770623833,1276917,0.61040398,256,181760,182015,181805,0
182271,426351771459666,1240125,0.6066355,256,182016,182271,182016,0
182527,426351772405125,1086458,0.63854934,256,182272,182527,182524,0
182783,426351773304333,1015042,0.65932005,256,182528,182783,182599,0
183039,426351774172208,944458,0.59602317,256,182784,183039,182964,0
183295,426351775070041,869292,0.60274246,256,183040,183295,183133,0
183551,426351775926500,806916,0.59988771,256,183296,183551,183364,0
183807,426351776846375,901750,0.6686183,256,183552,183807,183692,0
184063,426351777740916,803250,0.60951265,256,183808,184063,184032,0
184319,426351778642750,838916,0.61662286,256,184064,184319,184199,0
184575,426351779536375,835250,0.64193169,256,184320,184575,184347,0
184831,426351780423750,846041,0.58499298,256,184576,184831,184588,0
185087,426351781275833,1604958,0.6016676,256,184832,185087,185064,0
185343,426351782114875,1798625,0.61858467,256,185088,185343,185336,0
185599,426351783046791,1683792,0.58407239,256,185344,185599,185503,0
185855,426351783962666,1587667,0.59487259,256,185600,185855,185695,0
186111,426351784827833,1532542,0.58325845,256,185856,186111,186087,0
186367,426351785739458,1411500,0.57110776,256,186112,186367,186261,0
186623,426351786589333,1365167,0.62981849,256,186368,186623,186568,0
186879,426351787537458,1226750,0.57930104,256,186624,186879,186783,0
187135,426351788402500,1205208,0.65859587,256,186880,187135,187048,0
187391,426351789308333,1131750,0.60778999,256,187136,187391,187141,0
187647,426351790175000,1067375,0.60328128,256,187392,187647,187525,0
187903,426351791010583,1049333,0.58603592,256,187648,187903,187736,0
188159,426351791873541,997542,0.6051523,256,187904,188159,188138,0
188415,426351792765958,941625,0.60298794,256,188160,188415,188341,0
188671,426351793638791,856667,0.59905662,256,188416,188671,188644,0
188927,426351794514791,844875,0.60905626,256,188672,188927,188837,0
189183,426351795374083,854958,0.64303692,256,188928,189183,189078,0
189439,426351796301791,837125,0.60143652,256,189184,189439,189228,0
189695,426351797234166,858625,0.61402743,256,189440,189695,189611,0
189951,426351798065375,857000,0.59535371,256,189696,189951,189827,0
190207,426351798961708,837542,0.61915101,256,189952,190207,189963,0
190463,426351799821875,1671375,0.61467062,256,190208,190463,190317,0
190719,426351800658041,1846709,0.59832341,256,190464,190719,190499,0
190975,426351801581375,1739125,0.60441898,256,190720,190975,190906,0
191231,426351802465458,1660375,0.60027493,256,190976,191231,191111,0
191487,426351803316916,1661792,0.66421782,256,191232,191487,191410,0
191743,426351804216416,1598042,0.61290356,256,191488,191743,191574,0
191999,426351805114291,1488167,0.64918656,256,191744,191999,191800,0
192255,426351806009250,1400416,0.59092323,256,192000,192255,192037,0
192511,426351806877875,1334166,0.60081734,256,192256,192511,192509,0
192767,426351807787791,1302792,0.65669599,256,192512,192767,192546,0
193023,426351808647333,1259583,0.61424124,256,192768,193023,193018,0
193279,426351809605250,1106375,0.62120374,256,193024,193279,193029,0
193535,426351810477083,1063125,0.60772612,256,193280,193535,193425,0
193791,426351811409833,932167,0.57819875,256,193536,193791,193714,0
194047,426351812318416,827709,0.62012724,256,193792,194047,193966,0
194303,426351813199500,844708,0.62712254,256,194048,194303,194281,0
194559,426351814065000,864666,0.60192367,256,194304,194559,194373,0
194815,426351814933000,822916,0.59939127,256,194560,194815,194578,0
195071,426351815872083,1418375,0.62206653,256,194816,195071,194923,0
195327,426351816780333,1371542,0.62019624,256,195072,195327,195197,0
195583,426351817728000,1275291,0.62464416,256,195328,195583,195509,0
195839,426351818593375,1247416,0.61700318,256,195584,195839,195591,0
196095,426351819428000,1216916,0.63017868,256,195840,196095,196085,0
196351,426351820266250,1182416,0.57751257,256,196096,196351,196337,0
196607,426351821166500,1102541,0.61242889,256,196352,196607,196400,0
196863,426351822069083,1018167,0.59227937,256,196608,196863,196660,0
197119,426351822999750,925291,0.59442219,256,196864,197119,196912,0
197375,426351823964166,866459,0.63925784,256,197120,197375,197231,0
197631,426351824884000,833666,0.60842845,256,197376,197631,197382,0
197887,426351825802583,847042,0.61103145,256,197632,197887,197792,0
198143,426351826670041,1601834,0.61090879,256,197888,198143,198079,0
198399,426351827612958,1684458,0.59589135,256,198144,198399,198153,0
198655,426351828495125,1631041,0.61692627,256,198400,198655,198449,0
198911,426351829356416,1614584,0.64087453,256,198656,198911,198872,0
199167,426351830185625,1608208,0.6315689,256,198912,199167,199100,0
199423,426351831037833,1576875,0.5872921,256,199168,199423,199189,0
199679,426351831934916,1528084,0.63829549,256,199424,199679,199582,0
199935,426351832759708,1533167,0.62853484,256,199680,199935,199785,0
200191,426351833680250,1500833,0.60755528,256,199936,200191,199992,0
200447,426351834581958,1443833,0.60754791,256,200192,200447,200431,0
200703,426351835440916,1425959,0.62263458,256,200448,200703,200529,0
200959,426351836382458,1336250,0.60779822,256,200704,200959,200800,0
201215,426351837293000,1255166,0.59317879,256,200960,201215,201154,0
201471,426351838200875,1187708,0.63330478,256,201216,201471,201378,0
201727,426351839106291,1131750,0.63263105,256,201472,201727,201595,0
201983,426351839959916,1126750,0.64410942,256,201728,201983,201775,0
202239,426351840855333,1086292,0.6023155,256,201984,202239,202198,0
202495,426351841713250,1046833,0.59392582,256,202240,202495,202393,0
202751,426351842590625,1071625,0.6397648,256,202496,202751,202632,0
203007,426351843485166,1012209,0.60877202,256,202752,203007,202968,0
203263,426351844409250,936083,0.61318985,256,203008,203263,203213,0
203519,426351845286541,911084,0.62750057,256,203264,203519,203340,0
203775,426351846174166,911542,0.63772835,256,203520,203775,203564,0
204031,426351847149583,899667,0.64164905,256,203776,204031,203983,0
204287,426351848070666,891625,0.64319282,256,204032,204287,204236,0
204543,426351848950291,852709,0.60900428,256,204288,204543,204495,0
204799,426351849797958,893750,0.63325526,256,204544,204799,204770,0
205055,426351850598791,921084,0.63732299,256,204800,205055,204909,0
205311,426351851447708,926208,0.59443301,256,205056,205311,205257,0
205567,426351852333375,890458,0.64122953,256,205312,205567,205392,0
205823,426351853245958,885083,0.64987984,256,205568,205823,205685,0
206079,426351854126041,889750,0.60605493,256,205824,206079,205837,0
206335,426351855034750,906791,0.65296432,256,206080,206335,206301,0
206591,426351855961666,1666625,0.62393145,256,206336,206591,206345,0
206847,426351856850125,1794500,0.64018076,256,206592,206847,206720,0
207103,426351857755208,1743208,0.63829761,256,206848,207103,207086,0
207359,426351858650750,1680333,0.59043634,256,207104,207359,207340,0
207615,426351859585416,1614459,0.61976185,256,207360,207615,207469,0
207871,426351860474416,1580750,0.63563742,256,207616,207871,207860,0
208127,426351861388500,1550250,0.64076093,256,207872,208127,207886,0
208383,426351862291250,1515500,0.61740189,256,208128,208383,208349,0
208639,426351863207958,1471125,0.64467236,256,208384,208639,208411,0
208895,426351864075125,1472166,0.62364927,256,208640,208895,208705,0
209151,426351864983083,1476542,0.67610459,256,208896,209151,209061,0
209407,426351865825375,1494416,0.61156548,256,209152,209407,209322,0
209663,426351866732500,1471583,0.64185669,256,209408,209663,209531,0
209919,426351867569666,1499584,0.60819544,256,209664,209919,209835,0
210175,426351868436916,1490584,0.60853292,256,209920,210175,210172,0
210431,426351869393166,1414417,0.60584482,256,210176,210431,210302,0
210687,426351870242333,1467500,0.67894507,256,210432,210687,210670,0
210943,426351871097750,1471958,0.60293968,256,210688,210943,210874,0
211199,426351871988375,1478125,0.64961557,256,210944,211199,211141,0
211455,426351872921083,1410333,0.65605684,256,211200,211455,211445,0
211711,426351873817375,1371916,0.60291165,256,211456,211711,211683,0
211967,426351874682291,1388917,0.63862436,256,211712,211967,211769,0
212223,426351875495791,1503125,0.64809905,256,211968,212223,212177,0
212479,426351876364416,1502792,0.63287607,256,212224,212479,212234,0
212735,426351877253958,1484333,0.61548058,256,212480,212735,212614,0
212991,426351878103250,1500875,0.59944774,256,212736,212991,212746,0
213247,426351879008666,1476375,0.64472019,256,212992,213247,213083,0
213503,426351879895000,1446625,0.60813703,256,213248,213503,213493,0
213759,426351880784208,1441625,0.6762325,256,213504,213759,213542,0
214015,426351881663916,1443292,0.63039284,256,213760,214015,213973,0
214271,426351882549541,1419542,0.65093792,256,214016,214271,214183,0
214527,426351883372083,1440625,0.61951663,256,214272,214527,214506,0
214783,426351884293791,1373084,0.60176922,256,214528,214783,214706,0
215039,426351885124458,1385458,0.58877187,256,214784,215039,214929,0
215295,426351886023750,1328166,0.62346011,256,215040,215295,215153,0
215551,426351886927416,1311334,0.62318861,256,215296,215551,215354,0
215807,426351887726666,1403667,0.60674639,256,215552,215807,215743,0
216063,426351888602083,1382042,0.59356166,256,215808,216063,216042,0
216319,426351889460375,1378458,0.62176583,256,216064,216319,216319,0
216575,426351890413583,1276083,0.66912341,256,216320,216575,216566,0
216831,426351891295666,1298917,0.67761214,256,216576,216831,216606,0
217087,426351892218250,1223916,0.63351258,256,216832,217087,216970,0
217343,426351893124458,1165542,0.63162866,256,217088,217343,217340,0
217599,426351894037166,1138500,0.6318691,256,217344,217599,217349,0
217855,426351894929125,1100958,0.5882785,256,217600,217855,217751,0
218111,426351895763250,1124291,0.59024759,256,217856,218111,218099,0
218367,426351896641500,1074541,0.58801015,256,218112,218367,218238,0
218623,426351897519291,1083250,0.68728591,256,218368,218623,218577,0
218879,426351898413375,1033916,0.61867574,256,218624,218879,218642,0
219135,426351899278208,1037792,0.60049282,256,218880,219135,219088,0
219391,426351900149000,1015666,0.61710258,256,219136,219391,219209,0
219647,426351901077541,953584,0.6286582,256,219392,219647,219592,0
219903,426351901953250,1202291,0.6453923,256,219648,219903,219761,0
220159,426351902888541,1150417,0.63490297,256,219904,220159,219931,0
220415,426351903767583,1121583,0.6416423,256,220160,220415,220262,0
220671,426351904636791,1101292,0.62430912,256,220416,220671,220661,0
220927,426351905499208,1080250,0.63129476,256,220672,220927,220723,0
221183,426351906385791,1004084,0.64913662,256,220928,221183,221021,0
221439,426351907234625,1025791,0.64973736,256,221184,221439,221379,0
221695,426351908137250,943875,0.57956331,256,221440,221695,221660,0
221951,426351908958083,949708,0.61284035,256,221696,221951,221740,0
222207,426351909830583,935333,0.64470687,256,221952,222207,222057,0
222463,426351910707291,903167,0.63684892,256,222208,222463,222434,0
222719,426351911598208,912375,0.68487594,256,222464,222719,222573,0
222975,426351912429625,911875,0.60635518,256,222720,222975,222827,0
223231,426351913348208,890542,0.63492915,256,222976,223231,223095,0
223487,426351914269708,1712042,0.64038003,256,223232,223487,223424,0
223743,426351915158791,1821375,0.60458498,256,223488,223743,223626,0
223999,426351916035041,1782792,0.61138184,256,223744,223999,223938,0
224255,426351916907958,1732500,0.59090211,256,224000,224255,224005,0
224511,426351917758416,1739500,0.62098797,256,224256,224511,224466,0
224767,426351918651708,1718542,0.62856775,256,224512,224767,224618,0
225023,426351919566875,1637083,0.59053032,256,224768,225023,224870,0
225279,426351920477208,1622625,0.64044553,256,225024,225279,225223,0
225535,426351921344750,1615750,0.62097953,256,225280,225535,225488,0
225791,426351922217041,1618459,0.61062979,256,225536,225791,225660,0
226047,426351923140625,1568750,0.60962017,256,225792,226047,226008,0
226303,426351924056875,1511458,0.60518556,256,226048,226303,226289,0
226559,426351924931208,1513708,0.64102501,256,226304,226559,226538,0
226815,426351925805958,1490583,0.62939463,256,226560,226815,226623,0
227071,426351926743583,1406000,0.58867688,256,226816,227071,227041,0
227327,426351927666041,1331625,0.6443855,256,227072,227327,227259,0
227583,426351928560083,1303542,0.65614144,256,227328,227583,227559,0
227839,426351929408458,1311875,0.62423057,256,227584,227839,227588,0
228095,426351930291125,1301208,0.6332931,256,227840,228095,228081,0
228351,426351931189666,1237084,0.58710934,256,228096,228351,228196,0
228607,426351932089000,1184958,0.60331849,256,228352,228607,228493,0
228863,426351932995625,1115500,0.61998326,256,228608,228863,228701,0
229119,426351933905291,1041042,0.65400459,256,228864,229119,229035,0
229375,426351934707916,1090167,0.6237523,256,229120,229375,229134,0
229631,426351935599750,1116416,0.6458288,256,229376,229631,229599,0
229887,426351936457041,1058167,0.59749237,256,229632,229887,229752,0
230143,426351937386041,982584,0.597402,256,229888,230143,230061,0
230399,426351938217958,993417,0.61188899,256,230144,230399,230235,0
230655,426351939081500,980208,0.66563199,256,230400,230655,230416,0
230911,426351940006875,890958,0.61303204,256,230656,230911,230869,0
231167,426351940899833,872792,0.60281846,256,230912,231167,231136,0
231423,426351941750208,871917,0.59442221,256,231168,231423,231299,0
231679,426351942609958,827292,0.57155643,256,231424,231679,231591,0
231935,426351943512250,831625,0.59648675,256,231680,231935,231707,0
232191,426351944421708,895208,0.65585927,256,231936,232191,232050,0
232447,426351945261208,918250,0.63750405,256,232192,232447,232395,0
232703,426351946183791,844500,0.65071636,256,232448,232703,232698,0
232959,426351947034666,852709,0.63831303,256,232704,232959,232704,0
233215,426351947896666,843334,0.61297029,256,232960,233215,233178,0
233471,426351948751083,854917,0.62639294,256,233216,233471,233314,0
233727,426351949644208,815500,0.61854913,256,233472,233727,233631,0
233983,426351950475833,1644250,0.59637254,256,233728,233983,233899,0
234239,426351951299416,1844875,0.63534921,256,233984,234239,234202,0
234495,426351952160625,1832125,0.61000586,256,234240,234495,234365,0
234751,426351953040375,1767125,0.59199943,256,234496,234751,234650,0
235007,426351953896125,1747208,0.62598071,256,234752,235007,234911,0
235263,426351954807250,1628208,0.60876253,256,235008,235263,235063,0
235519,426351955701958,1524417,0.62042115,256,235264,235519,235310,0
235775,426351956637333,1377042,0.60044824,256,235520,235775,235687,0
236031,426351957482958,1370917,0.62258164,256,235776,236031,236031,0
236287,426351958377041,1338250,0.61672773,256,236032,236287,236177,0
236543,426351959253833,1276458,0.63793373,256,236288,236543,236484,0
236799,426351960134416,1235000,0.63242657,256,236544,236799,236650,0
237055,426351960981666,1178584,0.65676825,256,236800,237055,236807,0
237311,426351961909250,1093166,0.65068601,256,237056,237311,237136,0
237567,426351962810166,1010709,0.65469798,256,237312,237567,237363,0
237823,426351963646583,980708,0.60124857,256,237568,237823,237715,0
238079,426351964572375,863500,0.61766377,256,237824,238079,237852,0
238335,426351965473500,824208,0.59642016,256,238080,238335,238174,0
238591,426351966383875,1656750,0.66309834,256,238336,238591,238535,0
238847,426351967308791,1728209,0.61057383,256,238592,238847,238830,0
239103,426351968237208,1600750,0.59880173,256,238848,239103,238927,0
239359,426351969105750,1548166,0.60759245,256,239104,239359,239191,0
239615,426351970012541,1446334,0.65781552,256,239360,239615,239424,0
239871,426351970919166,1340417,0.63380544,256,239616,239871,239704,0
240127,426351971802333,1248667,0.60113956,256,239872,240127,240093,0
240383,426351972656875,1204125,0.62129579,256,240128,240383,240357,0
240639,426351973530166,1158209,0.58529765,256,240384,240639,240639,0
240895,426351974393500,1112166,0.62064396,256,240640,240895,240657,0
241151,426351975266541,1043459,0.59992003,256,240896,241151,241119,0
241407,426351976115875,1024375,0.61596974,256,241152,241407,241397,0
241663,426351976997000,945791,0.57658246,256,241408,241663,241494,0
241919,426351977885333,850083,0.56519687,256,241664,241919,241775,0
242175,426351978757208,847417,0.62374666,256,241920,242175,241951,0
242431,426351979665416,1591917,0.58368317,256,242176,242431,242310,0
242687,426351980544041,1708875,0.58232311,256,242432,242687,242585,0
242943,426351981413000,1667291,0.6099363,256,242688,242943,242804,0
243199,426351982232625,1642291,0.58881237,256,242944,243199,243112,0
243455,426351983161250,1544041,0.61528807,256,243200,243455,243281,0
243711,426351984043666,1486084,0.60228561,256,243456,243711,243523,0
243967,426351984924166,1398209,0.65134198,256,243712,243967,243862,0
244223,426351985793583,1327125,0.62799196,256,243968,244223,244136,0
244479,426351986675166,1256334,0.64382915,256,244224,244479,244454,0
244735,426351987572583,1173292,0.61922696,256,244480,244735,244668,0
244991,426351988473875,1062708,0.60329803,256,244736,244991,244799,0
245247,426351989329125,1010916,0.62816033,256,244992,245247,245159,0
245503,426351990185083,927000,0.57488227,256,245248,245503,245390,0
245759,426351991066541,852792,0.64913908,256,245504,245759,245529,0
246015,426351992051875,1601166,0.59932455,256,245760,246015,245820,0
246271,426351992906666,1769334,0.61677297,256,246016,246271,246227,0
246527,426351993742250,1739416,0.65642894,256,246272,246527,246328,0
246783,426351994638791,1643584,0.61479246,256,246528,246783,246554,0
247039,426351995477041,1585834,0.5812468,256,246784,247039,247029,0
247295,426351996379583,1492708,0.60889053,256,247040,247295,247192,0
247551,426351997232208,1447208,0.63722307,256,247296,247551,247528,0
247807,426351998118791,1379209,0.6789547,256,247552,247807,247564,0
248063,426351998950333,1332375,0.62730144,256,247808,248063,247963,0
248319,426351999777291,1310084,0.60328595,256,248064,248319,248068,0
248575,426352000668083,1211458,0.64256733,256,248320,248575,248558,0
248831,426352001552041,1148584,0.62837244,256,248576,248831,248738,0
249087,426352002486666,1044167,0.60233607,256,248832,249087,248842,0
249343,426352003315166,1017292,0.60359799,256,249088,249343,249210,0
249599,426352004215000,905625,0.56453933,256,249344,249599,249549,0
249855,426352005087916,814167,0.59659302,256,249600,249855,249648,0
250111,426352006037083,835333,0.61424866,256,249856,250111,250051,0
250367,426352006911541,1718792,0.62930165,256,250112,250367,250343,0
250623,426352007727000,2353750,0.57240215,256,250368,250623,250581,0
250879,426352008586708,2321708,0.58270619,256,250624,250879,250654,0
251135,426352009483291,2275959,0.62488011,256,250880,251135,250957,0
251391,426352010348375,2228458,0.57593519,256,251136,251391,251231,0
251647,426352011237708,2170458,0.62010245,256,251392,251647,251578,0
251903,426352012099250,2140958,0.61091659,256,251648,251903,251830,0
252159,426352013050333,2009667,0.59584126,256,251904,252159,252094,0
252415,426352013939291,1929500,0.60658991,256,252160,252415,252213,0
252671,426352014865958,1835542,0.61519844,256,252416,252671,252489,0
252927,426352015702375,1831500,0.60823272,256,252672,252927,252905,0
253183,426352016572291,1759042,0.61129457,256,252928,253183,253016,0
253439,426352017485375,1670416,0.60562089,256,253184,253439,253295,0
253695,426352018357583,1605750,0.60377393,256,253440,253695,253520,0
253951,426352019226041,1593084,0.62713047,256,253696,253951,253836,0
254207,426352020170125,1484125,0.61624675,256,253952,254207,254195,0
254463,426352021020041,1447417,0.65692913,256,254208,254463,254263,0
254719,426352021831250,1444125,0.61805452,256,254464,254719,254465,0
254975,426352022761666,1309750,0.62261602,256,254720,254975,254803,0
255231,426352023689208,1204375,0.59726526,256,254976,255231,255187,0
255487,426352024533166,1186125,0.61549548,256,255232,255487,255236,0
255743,426352025449916,1094125,0.60383213,256,255488,255743,255690,0
255999,426352026346625,998375,0.57401221,256,255744,255999,255755,0
256255,426352027241458,898375,0.58227665,256,256000,256255,256062,0
256511,426352028126541,835917,0.59378722,256,256256,256511,256332,0
256767,426352028978000,820458,0.61128015,256,256512,256767,256591,0
257023,426352029878416,814834,0.62494963,256,256768,257023,256835,0
257279,426352030737791,803917,0.59723363,256,257024,257279,257044,0
257535,426352031613416,836250,0.58792185,256,257280,257535,257302,0
257791,426352032483208,850500,0.61263605,256,257536,257791,257590,0
258047,426352033370583,808083,0.61526841,256,257792,258047,257875,0
258303,426352034267625,1700458,0.60018103,256,258048,258303,258300,0
258559,426352035161500,1804708,0.69292101,256,258304,258559,258558,0
258815,426352036009250,1809541,0.64495132,256,258560,258815,258566,0
259071,426352036938875,1705625,0.62245042,256,258816,259071,259046,0
259327,426352037765750,1664583,0.59416998,256,259072,259327,259117,0
259583,426352038672208,1568917,0.59891146,256,259328,259583,259472,0
259839,426352039637416,1391084,0.59348389,256,259584,259839,259762,0
260095,426352040559791,1279667,0.59958757,256,259840,260095,259897,0
260351,426352041484375,1132166,0.60133077,256,260096,260351,260289,0
260607,426352042325791,1107750,0.60591531,256,260352,260607,260582,0
260863,426352043234583,1035875,0.63295032,256,260608,260863,260666,0
261119,426352044122208,944583,0.60153947,256,260864,261119,261002,0
261375,426352045012375,873958,0.59158211,256,261120,261375,261373,0
261631,426352045888041,862084,0.64671385,256,261376,261631,261544,0
261887,426352046797333,1620750,0.63386269,256,261632,261887,261875,0
262143,426352047674500,1777625,0.62934687,256,261888,262143,261943,0
262399,426352048602000,1694041,0.63753856,256,262144,262399,262260,0
262655,426352049507916,1627750,0.63687953,256,262400,262655,262655,0
262911,426352050353500,1616416,0.60181328,256,262656,262911,262774,0
263167,426352051250291,1539334,0.64143286,256,262912,263167,262978,0
263423,426352052152125,1453791,0.59617283,256,263168,263423,263399,0
263679,426352053053750,1355458,0.61257362,256,263424,263679,263429,0
263935,426352053959666,1272417,0.60967855,256,263680,263935,263686,0
264191,426352054808250,1260875,0.64639082,256,263936,264191,264021,0
264447,426352055657416,1245584,0.62883106,256,264192,264447,264431,0
264703,426352056488708,1211083,0.56860543,256,264448,264703,264630,0
264959,426352057407458,1104250,0.56441215,256,264704,264959,264810,0
265215,426352058281666,1077875,0.61130886,256,264960,265215,265189,0
265471,426352059152000,1050125,0.5750652,256,265216,265471,265347,0
265727,426352060078708,897875,0.57097002,256,265472,265727,265478,0
265983,426352060960708,835292,0.58718128,256,265728,265983,265933,0
266239,426352061828750,866083,0.61997599,256,265984,266239,266045,0
266495,426352062707166,1240834,0.59411462,256,266240,266495,266458,0
266751,426352063612041,1176834,0.63354144,256,266496,266751,266553,0
267007,426352064504708,1086000,0.61077366,256,266752,267007,266792,0
267263,426352065326541,1069250,0.59877957,256,267008,267263,267263,0
267519,426352066215458,995583,0.60738056,256,267264,267519,267316,0
267775,426352067103416,915625,0.61848223,256,267520,267775,267567,0
268031,426352067941416,891584,0.61213227,256,267776,268031,268026,0
268287,426352068830208,832333,0.59928712,256,268032,268287,268032,0
268543,426352069793333,849917,0.59319544,256,268288,268543,268469,0
268799,426352070666250,805083,0.59242797,256,268544,268799,268764,0
269055,426352071542708,834583,0.58565776,256,268800,269055,268869,0
269311,426352072403625,846500,0.6337925,256,269056,269311,269185,0
269567,426352073252916,863459,0.62627704,256,269312,269567,269375,0
269823,426352074169708,814500,0.58328891,256,269568,269823,269794,0
270079,426352075055166,1682667,0.61252297,256,269824,270079,270042,0
270335,426352075918375,1820250,0.63678324,256,270080,270335,270318,0
270591,426352076765125,1772125,0.61420734,256,270336,270591,270414,0
270847,426352077661583,1682417,0.60904724,256,270592,270847,270774,0
271103,426352078541708,1598583,0.60613878,256,270848,271103,271059,0
271359,426352079421416,1500084,0.60333579,256,271104,271359,271168,0
271615,426352080318750,1424583,0.61424834,256,271360,271615,271517,0
271871,426352081199083,1351625,0.59625723,256,271616,271871,271789,0
272127,426352082124333,1212750,0.61436095,256,271872,272127,272096,0
272383,426352083009375,1142666,0.63025999,256,272128,272383,272376,0
272639,426352083863708,1105583,0.66362755,256,272384,272639,272543,0
272895,426352084792333,974833,0.59566289,256,272640,272895,272887,0
273151,426352085663250,929833,0.62217051,256,272896,273151,272917,0
273407,426352086519916,915625,0.64805175,256,273152,273407,273382,0
273663,426352087423166,831334,0.60259417,256,273408,273663,273615,0
273919,426352088368416,838459,0.62971467,256,273664,273919,273773,0
274175,426352089264416,854167,0.6198063,256,273920,274175,273982,0
274431,426352090174500,1581583,0.59285803,256,274176,274431,274411,0
274687,426352091055458,2293750,0.62529003,256,274432,274687,274439,0
274943,426352091940166,2704459,0.62864922,256,274688,274943,274749,0
275199,426352092801041,2665709,0.62037311,256,274944,275199,275030,0
275455,426352093641875,2627916,0.5705806,256,275200,275455,275385,0
275711,426352094544708,2576208,0.63898438,256,275456,275711,275524,0
275967,426352095402708,2531625,0.60579449,256,275712,275967,275865,0
276223,426352096264208,2478917,0.59432828,256,275968,276223,276156,0
276479,426352097173208,2380667,0.56983826,256,276224,276479,276319,0
276735,426352098014500,2348666,0.57141594,256,276480,276735,276495,0
276991,426352098868791,2326250,0.59258233,256,276736,276991,276966,0
277247,426352099765958,2264958,0.63939749,256,276992,277247,277044,0
277503,426352100679000,2619625,0.63027226,256,277248,277503,277374,0
277759,426352101600875,3256125,0.58755874,256,277504,277759,277610,0
278015,426352102463166,3958292,0.62146377,256,277760,278015,277982,0
278271,426352103360750,4632041,0.60246461,256,278016,278271,278132,0
278527,426352104232583,5393250,0.59872554,256,278272,278527,278429,0
278783,426352105120833,5454458,0.59822397,256,278528,278783,278555,0
279039,426352105966583,5414292,0.60944565,256,278784,279039,278879,0
279295,426352106848791,5385375,0.61940373,256,279040,279295,279121,0
279551,426352107740041,5324959,0.64121584,256,279296,279551,279528,0
279807,426352108680416,5238084,0.63227465,256,279552,279807,279572,0
280063,426352109566791,5162625,0.59243858,256,279808,280063,280049,0
280319,426352110443208,5113042,0.63755647,256,280064,280319,280220,0
280575,426352111392125,4985000,0.62428661,256,280320,280575,280344,0
280831,426352112290041,4919000,0.6298314,256,280576,280831,280816,0
281087,426352113158541,4876000,0.59429438,256,280832,281087,280834,0
281343,426352114065000,4792000,0.58800449,256,281088,281343,281254,0
281599,426352114970375,4685000,0.58821582,256,281344,281599,281558,0
281855,426352115849375,4628041,0.61040398,256,281600,281855,281805,0
282111,426352116633625,4662833,0.6066355,256,281856,282111,282016,0
282367,426352117509291,4600834,0.57977163,256,282112,282367,282353,0
282623,426352118453875,4490750,0.65932005,256,282368,282623,282599,0
282879,426352119343208,4431208,0.64431338,256,282624,282879,282638,0
283135,426352120190916,4433250,0.60274246,256,282880,283135,283133,0
283391,426352121095458,4346250,0.59988771,256,283136,283391,283364,0
283647,426352121979666,4314167,0.61212021,256,283392,283647,283568,0
283903,426352122895500,4254958,0.6686183,256,283648,283903,283692,0
284159,426352123780916,4176125,0.60951265,256,283904,284159,284032,0
284415,426352124685791,4144875,0.64193169,256,284160,284415,284347,0
284671,426352125594541,4054000,0.58499298,256,284416,284671,284588,0
284927,426352126449333,4028750,0.58175114,256,284672,284927,284783,0
285183,426352127285625,3997750,0.6016676,256,284928,285183,285064,0
285439,426352128171750,3949041,0.61858467,256,285184,285439,285336,0
285695,426352129081833,3892083,0.59487259,256,285440,285695,285695,0
285951,426352129961875,3846500,0.57453155,256,285696,285951,285774,0
286207,426352130883791,3747750,0.58325845,256,285952,286207,286087,0
286463,426352131755291,3695042,0.59289488,256,286208,286463,286448,0
286719,426352132656541,3623917,0.62981849,256,286464,286719,286568,0
286975,426352133574958,3548875,0.61250639,256,286720,286975,286967,0
287231,426352134456708,3548417,0.65859587,256,286976,287231,287048,0
287487,426352135331666,3507084,0.60433851,256,287232,287487,287327,0
287743,426352136189000,3472000,0.60328128,256,287488,287743,287525,0
287999,426352137058958,3446208,0.57827709,256,287744,287999,287900,0
288255,426352137928708,3405833,0.6051523,256,288000,288255,288138,0
288511,426352138782083,3399333,0.60298794,256,288256,288511,288341,0
288767,426352139675833,3320333,0.59905662,256,288512,288767,288644,0
289023,426352140541875,3306583,0.63687034,256,288768,289023,289020,0
289279,426352141417375,3255041,0.64303692,256,289024,289279,289078,0
289535,426352142395583,3113333,0.58952888,256,289280,289535,289516,0
289791,426352143229625,3122833,0.61402743,256,289536,289791,289611,0
290047,426352144116708,3086458,0.61915101,256,289792,290047,289963,0
290303,426352144963541,3067375,0.59337317,256,290048,290303,290301,0
290559,426352145859875,3024250,0.61467062,256,290304,290559,290317,0
290815,426352146724125,3005375,0.5910827,256,290560,290815,290815,0
291071,426352147579666,2994875,0.60441898,256,290816,291071,290906,0
291327,426352148530000,2883583,0.61028263,256,291072,291327,291281,0
291583,426352149359333,2923208,0.66421782,256,291328,291583,291410,0
291839,426352150231041,2887167,0.64918656,256,291584,291839,291800,0
292095,426352151150833,2794458,0.62763628,256,291840,292095,291924,0
292351,426352152053958,2715792,0.59030164,256,292096,292351,292263,0
292607,426352152908791,2728000,0.65669599,256,292352,292607,292546,0
292863,426352153805291,2683250,0.63442299,256,292608,292863,292633,0
293119,426352154670750,2648375,0.62120374,256,292864,293119,293029,0
293375,426352155608083,2546083,0.60691563,256,293120,293375,293171,0
293631,426352156532958,2475958,0.60772612,256,293376,293631,293425,0
293887,426352157466166,2356875,0.57819875,256,293632,293887,293714,0
294143,426352158368500,5488541,0.62012724,256,293888,294143,293966,0
294399,426352159227083,4631875,0.62712254,256,294144,294399,294281,0
294655,426352160087958,3772167,0.59939127,256,294400,294655,294578,0
294911,426352161883875,3153250,0.58902533,256,294656,294911,294885,0
295167,426352161892958,3984542,0.62206653,256,294912,295167,294923,0
295423,426352163894333,2857208,0.62414991,256,295168,295423,295367,0
295679,426352163908750,3691291,0.62464416,256,295424,295679,295509,0
295935,426352164598250,3808708,0.57558784,256,295680,295935,295683,0
296191,426352165422833,3797292,0.63017868,256,295936,296191,296085,0
296447,426352166312583,3729083,0.61242889,256,296192,296447,296400,0
296703,426352167232666,3613959,0.59227937,256,296448,296703,296660,0
296959,426352168110250,3575291,0.59442219,256,296704,296959,296912,0
297215,426352169056208,3432958,0.63125636,256,296960,297215,297204,0
297471,426352170011625,3319708,0.63925784,256,297216,297471,297231,0
297727,426352170924083,3233333,0.58870569,256,297472,297727,297567,0
297983,426352171814708,3170083,0.61103145,256,297728,297983,297792,0
298239,426352172713291,3111167,0.61090879,256,297984,298239,298079,0
298495,426352173617333,3035042,0.61692627,256,298240,298495,298449,0
298751,426352174522500,2963458,0.59929395,256,298496,298751,298638,0
299007,426352175363875,2948416,0.64087453,256,298752,299007,298872,0
299263,426352176202291,2937334,0.6315689,256,299008,299263,299100,0
299519,426352177091291,2854084,0.57421666,256,299264,299519,299302,0
299775,426352177953000,2869916,0.63829549,256,299520,299775,299582,0
300031,426352178811000,2868708,0.62853484,256,299776,300031,299785,0
300287,426352179691833,2836333,0.60530327,256,300032,300287,300165,0
300543,426352180629166,2749375,0.62263458,256,300288,300543,300529,0
300799,426352181493208,2737250,0.59656578,256,300544,300799,300663,0
301055,426352182423000,2656625,0.60779822,256,300800,301055,300800,0
301311,426352183319833,2580625,0.59317879,256,301056,301311,301154,0
301567,426352184266250,2487875,0.63330478,256,301312,301567,301378,0
301823,426352185107916,2507125,0.64410942,256,301568,301823,301775,0
302079,426352185999125,2464625,0.59444516,256,301824,302079,301939,0
302335,426352186873791,2445042,0.6023155,256,302080,302335,302198,0
302591,426352187769000,2409916,0.6196173,256,302336,302591,302563,0
302847,426352188606666,2447667,0.6397648,256,302592,302847,302632,0
303103,426352189533208,2363167,0.60877202,256,302848,303103,302968,0
303359,426352190424791,2314750,0.62750057,256,303104,303359,303340,0
303615,426352191336291,2276417,0.63772835,256,303360,303615,303564,0
303871,426352192243541,2261084,0.61225154,256,303616,303871,303693,0
304127,426352193211375,2151458,0.64164905,256,303872,304127,303983,0
304383,426352194121541,2103417,0.64319282,256,304128,304383,304236,0
304639,426352194932125,2142958,0.62274917,256,304384,304639,304562,0
304895,426352195802291,2141125,0.63325526,256,304640,304895,304770,0
305151,426352196620666,2161042,0.63732299,256,304896,305151,304909,0
305407,426352197494500,2156791,0.64122953,256,305152,305407,305392,0
305663,426352198394291,2090542,0.62660174,256,305408,305663,305570,0
305919,426352199269125,2263791,0.64987984,256,305664,305919,305685,0
306175,426352200193958,2980292,0.59472973,256,305920,306175,305983,0
306431,426352201082958,3685833,0.65296432,256,306176,306431,306301,0
306687,426352201999375,4355791,0.61340293,256,306432,306687,306526,0
306943,426352202890916,5051917,0.64018076,256,306688,306943,306720,0
307199,426352203823333,5714625,0.63829761,256,306944,307199,307086,0
307455,426352204695083,5852917,0.59043634,256,307200,307455,307340,0
307711,426352205578666,5834167,0.61976185,256,307456,307711,307469,0
307967,426352206523916,5763167,0.64076093,256,307712,307967,307886,0
308223,426352207418416,5707167,0.61442276,256,307968,308223,308215,0
308479,426352208303125,5675500,0.64467236,256,308224,308479,308411,0
308735,426352209230416,5600584,0.62364927,256,308480,308735,308705,0
308991,426352210114291,5571792,0.61673704,256,308736,308991,308920,0
309247,426352211030333,5531750,0.67610459,256,308992,309247,309061,0
309503,426352211868416,5522334,0.61156548,256,309248,309503,309322,0
309759,426352212731875,5527791,0.64185669,256,309504,309759,309531,0
310015,426352213611500,5479708,0.60819544,256,309760,310015,309835,0
310271,426352214501875,5430958,0.60853292,256,310016,310271,310172,0
310527,426352215431416,5365667,0.62492758,256,310272,310527,310455,0
310783,426352216267166,5398125,0.67894507,256,310528,310783,310670,0
311039,426352217141958,5363667,0.60293968,256,310784,311039,310874,0
311295,426352217996750,5381708,0.64961557,256,311040,311295,311141,0
311551,426352218957208,5272083,0.65605684,256,311296,311551,311445,0
311807,426352219835791,5236542,0.63862436,256,311552,311807,311769,0
312063,426352220682625,7928000,0.61520012,256,311808,312063,311924,0
312319,426352221535541,7076875,0.64809905,256,312064,312319,312177,0
312575,426352222413208,6200333,0.60094351,256,312320,312575,312345,0
312831,426352223262083,5352583,0.61548058,256,312576,312831,312614,0
313087,426352224145916,5258167,0.64472019,256,312832,313087,313083,0
313343,426352225056291,5191209,0.6103563,256,313088,313343,313170,0
313599,426352226767333,4349458,0.6762325,256,313344,313599,313542,0
313855,426352226822875,5131125,0.62823744,256,313600,313855,313626,0
314111,426352227781791,5011625,0.63039284,256,313856,314111,313973,0
314367,426352228598833,5040125,0.65093792,256,314112,314367,314183,0
314623,426352229408750,5056500,0.61951663,256,314368,314623,314506,0
314879,426352230321416,4977042,0.60176922,256,314624,314879,314706,0
315135,426352231186333,4934917,0.62239543,256,314880,315135,315087,0
315391,426352232094833,4858542,0.62346011,256,315136,315391,315153,0
315647,426352232913333,4906583,0.60631253,256,315392,315647,315412,0
315903,426352233771166,4908584,0.60674639,256,315648,315903,315743,0
316159,426352234612916,4900709,0.61005339,256,315904,316159,316139,0
316415,426352235535375,4801416,0.62176583,256,316160,316415,316319,0
316671,426352236429041,4782792,0.67761214,256,316416,316671,316606,0
316927,426352237315625,4712875,0.582646,256,316672,316927,316675,0
317183,426352238275625,4588916,0.63351258,256,316928,317183,316970,0
317439,426352239152000,4577125,0.6318691,256,317184,317439,317349,0
317695,426352240067291,4494125,0.60372303,256,317440,317695,317572,0
317951,426352240955208,4428458,0.5882785,256,317696,317951,317751,0
318207,426352241785625,4435291,0.59024759,256,317952,318207,318099,0
318463,426352242680166,4374417,0.6188372,256,318208,318463,318420,0
318719,426352243543250,4359500,0.68728591,256,318464,318719,318577,0
318975,426352244433791,4284750,0.61264445,256,318720,318975,318860,0
319231,426352245296416,4267750,0.61710258,256,318976,319231,319209,0
319487,426352246209250,4163541,0.60008443,256,319232,319487,319360,0
319743,426352247108125,4106833,0.6286582,256,319488,319743,319592,0
319999,426352248007625,4074708,0.6453923,256,319744,319999,319761,0
320255,426352248914708,4029500,0.61071043,256,320000,320255,320244,0
320511,426352249780291,3992125,0.6416423,256,320256,320511,320262,0
320767,426352250684000,3941125,0.63129476,256,320512,320767,320723,0
321023,426352251521250,3926416,0.64913662,256,320768,321023,321021,0
321279,426352252399833,3851708,0.59326676,256,321024,321279,321201,0
321535,426352253250208,3868375,0.64973736,256,321280,321535,321379,0
321791,426352254135833,3821292,0.61284035,256,321536,321791,321740,0
322047,426352254992625,3796666,0.60630711,256,321792,322047,322023,0
322303,426352255884458,3739000,0.64470687,256,322048,322303,322057,0
322559,426352256704458,3760750,0.65310893,256,322304,322559,322528,0
322815,426352257614000,3732791,0.68487594,256,322560,322815,322573,0
323071,426352258459625,3727750,0.62224034,256,322816,323071,323066,0
323327,426352259407541,3638792,0.63492915,256,323072,323327,323095,0
323583,426352260289500,3593333,0.64038003,256,323328,323583,323424,0
323839,426352261159666,3550959,0.60458498,256,323584,323839,323626,0
324095,426352262057041,3462709,0.61138184,256,323840,324095,323938,0
324351,426352262961875,3373833,0.59470801,256,324096,324351,324345,0
324607,426352263796875,3368333,0.62098797,256,324352,324607,324466,0
324863,426352264684625,3315750,0.62856775,256,324608,324863,324618,0
325119,426352265633041,3199250,0.6257972,256,324864,325119,325107,0
325375,426352266504208,3182042,0.64044553,256,325120,325375,325223,0
325631,426352267378333,3160375,0.62097953,256,325376,325631,325488,0
325887,426352268263500,3120583,0.61062979,256,325632,325887,325660,0
326143,426352269199500,3020416,0.60962017,256,325888,326143,326008,0
326399,426352270081666,3039417,0.61720247,256,326144,326399,326347,0
326655,426352270979791,2939834,0.64102501,256,326400,326655,326538,0
326911,426352271878333,2854875,0.58075952,256,326656,326911,326698,0
327167,426352272792500,2772666,0.59691529,256,326912,327167,327134,0
327423,426352273687291,2739459,0.6443855,256,327168,327423,327259,0
327679,426352274568625,2699583,0.65614144,256,327424,327679,327559,0
327935,426352275420458,2676250,0.61236989,256,327680,327935,327933,0
328191,426352276332916,2605417,0.6332931,256,327936,328191,328081,0
328447,426352277253291,2495625,0.58710934,256,328192,328447,328196,0
328703,426352278110750,2459583,0.61998326,256,328448,328703,328701,0
328959,426352279024916,2361875,0.59439807,256,328704,328959,328800,0
329215,426352279919125,2311833,0.65400459,256,328960,329215,329035,0
329471,426352280730916,2309542,0.5891788,256,329216,329471,329268,0
329727,426352281615250,2283041,0.6458288,256,329472,329727,329599,0
329983,426352282509083,2202375,0.59749237,256,329728,329983,329752,0
330239,426352283411708,2132917,0.61188899,256,329984,330239,330235,0
330495,426352284261750,2097666,0.66563199,256,330240,330495,330416,0
330751,426352285137458,2054417,0.61983034,256,330496,330751,330526,0
331007,426352286025125,1968208,0.61303204,256,330752,331007,330869,0
331263,426352286924583,1888333,0.60281846,256,331008,331263,331136,0
331519,426352287778708,1855000,0.59442221,256,331264,331519,331299,0
331775,426352288671833,1761500,0.59648675,256,331520,331775,331707,0
332031,426352289561750,1658208,0.61146871,256,331776,332031,332020,0
332287,426352290429041,1662417,0.65585927,256,332032,332287,332050,0
332543,426352291333833,1569000,0.63750405,256,332288,332543,332395,0
332799,426352292209708,1536000,0.65071636,256,332544,332799,332698,0
333055,426352293056291,1484917,0.59603534,256,332800,333055,332882,0
333311,426352293931458,1420042,0.61297029,256,333056,333311,333178,0
333567,426352294806208,1364708,0.62639294,256,333312,333567,333314,0
333823,426352295660750,1306208,0.61854913,256,333568,333823,333631,0
334079,426352296493791,1291250,0.6080745,256,333824,334079,333995,0
334335,426352297331833,1290583,0.63534921,256,334080,334335,334202,0
334591,426352298195125,1268041,0.61000586,256,334336,334591,334365,0
334847,426352299071833,1199000,0.59199943,256,334592,334847,334650,0
335103,426352299944041,1152500,0.62598071,256,334848,335103,334911,0
335359,426352300860166,1046625,0.62042115,256,335104,335359,335310,0
335615,426352301748958,1647500,0.6007891,256,335360,335615,335384,0
335871,426352302634250,2342291,0.60044824,256,335616,335871,335687,0
336127,426352303504166,2723542,0.62258164,256,335872,336127,336031,0
336383,426352304407583,2656583,0.61672773,256,336128,336383,336177,0
336639,426352305292166,2588667,0.63793373,256,336384,336639,336484,0
336895,426352306179958,2537750,0.65676825,256,336640,336895,336807,0
337151,426352307037500,2492000,0.65068601,256,336896,337151,337136,0
337407,426352307920166,2444625,0.65469798,256,337152,337407,337363,0
337663,426352308825208,2349292,0.63176897,256,337408,337663,337523,0
337919,426352309702000,2276250,0.61766377,256,337664,337919,337852,0
338175,426352310589791,2204584,0.59642016,256,337920,338175,338174,0
338431,426352311535000,2041791,0.58326041,256,338176,338431,338300,0
338687,426352312438458,1953167,0.66309834,256,338432,338687,338535,0
338943,426352313358958,1855167,0.61057383,256,338688,338943,338830,0
339199,426352314259791,1760834,0.60759245,256,338944,339199,339191,0
339455,426352315145291,1678959,0.65781552,256,339200,339455,339424,0
339711,426352316049750,1587291,0.63992472,256,339456,339711,339588,0
339967,426352316932208,1495750,0.59752637,256,339712,339967,339856,0
340223,426352317824958,1416625,0.60113956,256,339968,340223,340093,0
340479,426352318668958,1389625,0.62129579,256,340224,340479,340357,0
340735,426352319576083,1310833,0.62064396,256,340480,340735,340657,0
340991,426352320422708,1244333,0.60302827,256,340736,340991,340880,0
341247,426352321299375,1226875,0.60785975,256,340992,341247,341179,0
341503,426352322134625,1183916,0.61596974,256,341248,341503,341397,0
341759,426352323035041,1088250,0.57327156,256,341504,341759,341538,0
342015,426352323911458,1044042,0.62374666,256,341760,342015,341951,0
342271,426352324813875,955750,0.6010083,256,342016,342271,342117,0
342527,426352325674208,902333,0.58368317,256,342272,342527,342310,0
342783,426352326571166,1738584,0.58232311,256,342528,342783,342585,0
343039,426352327423208,1708583,0.6099363,256,342784,343039,342804,0
343295,426352328249125,1712625,0.61528807,256,343040,343295,343281,0
343551,426352329212041,1569709,0.60390786,256,343296,343551,343298,0
343807,426352330132250,1453208,0.60940541,256,343552,343807,343775,0
344063,426352330932458,1431000,0.65134198,256,343808,344063,343862,0
344319,426352331845083,1334750,0.62799196,256,344064,344319,344136,0
344575,426352332743291,1239959,0.64382915,256,344320,344575,344454,0
344831,426352333633250,1171875,0.61922696,256,344576,344831,344668,0
345087,426352334521875,1083083,0.59839023,256,344832,345087,345031,0
345343,426352335355083,1032333,0.62816033,256,345088,345343,345159,0
345599,426352336210166,1038042,0.64913908,256,345344,345599,345529,0
345855,426352337130208,842083,0.59932455,256,345600,345855,345820,0
346111,426352338082958,815083,0.58963899,256,345856,346111,345982,0
346367,426352338924916,849125,0.65642894,256,346112,346367,346328,0
346623,426352339778875,818958,0.61479246,256,346368,346623,346554,0
346879,426352340682250,1695250,0.58687898,256,346624,346879,346724,0
347135,426352341515000,1831333,0.5812468,256,346880,347135,347029,0
347391,426352342417583,1713708,0.60889053,256,347136,347391,347192,0
347647,426352343282208,1689542,0.6789547,256,347392,347647,347564,0
347903,426352344138208,1614250,0.63423499,256,347648,347903,347770,0
348159,426352344941125,1615500,0.62730144,256,347904,348159,347963,0
348415,426352345811083,1521958,0.57515766,256,348160,348415,348396,0
348671,426352346705750,1450041,0.64256733,256,348416,348671,348558,0
348927,426352347609083,1347083,0.62837244,256,348672,348927,348738,0
349183,426352348512333,1266833,0.5982365,256,348928,349183,348934,0
349439,426352349357541,1227667,0.60359799,256,349184,349439,349210,0
349695,426352350256666,1119250,0.59659302,256,349440,349695,349648,0
349951,426352351142250,1028083,0.5994441,256,349696,349951,349925,0
350207,426352352061250,904916,0.61424866,256,349952,350207,350051,0
350463,426352352915166,859500,0.62930165,256,350208,350463,350343,0
350719,426352353788750,839958,0.58270619,256,350464,350719,350654,0
350975,426352354627333,1686000,0.62488011,256,350720,350975,350957,0
351231,426352355528958,1765167,0.59512176,256,350976,351231,351101,0
351487,426352356388208,1716042,0.58236464,256,351232,351487,351396,0
351743,426352357234833,1682083,0.62010245,256,351488,351743,351578,0
351999,426352358170625,1558041,0.61091659,256,351744,351999,351830,0
352255,426352359066375,1452041,0.60658991,256,352000,352255,352213,0
352511,426352359990166,1320084,0.61519844,256,352256,352511,352489,0
352767,426352360851000,1268000,0.59635555,256,352512,352767,352518,0
353023,426352361758041,1159459,0.61129457,256,352768,353023,353016,0
353279,426352362605458,1109500,0.56548277,256,353024,353279,353212,0
353535,426352363523250,986833,0.60562089,256,353280,353535,353295,0
353791,426352364412916,883084,0.600102,256,353536,353791,353607,0
354047,426352365251833,861250,0.62713047,256,353792,354047,353836,0
354303,426352366196333,835333,0.65692913,256,354048,354303,354263,0
354559,426352367034541,800542,0.61805452,256,354304,354559,354465,0
354815,426352367910375,798041,0.62261602,256,354560,354815,354803,0
355071,426352368833500,799833,0.57629691,256,354816,355071,355030,0
355327,426352369717083,808917,0.61549548,256,355072,355327,355236,0
355583,426352370578083,827417,0.59535012,256,355328,355583,355536,0
355839,426352371479416,813792,0.60383213,256,355584,355839,355690,0
356095,426352372405583,801792,0.58227665,256,355840,356095,356062,0
356351,426352373252125,797708,0.59378722,256,356096,356351,356332,0
356607,426352374163750,820083,0.61128015,256,356352,356607,356591,0
356863,426352375024083,879042,0.62494963,256,356608,356863,356835,0
357119,426352375894625,798583,0.59723363,256,356864,357119,357044,0
357375,426352376756166,1681625,0.58792185,256,357120,357375,357302,0
357631,426352377633625,1779833,0.61263605,256,357376,357631,357590,0
357887,426352378516500,1732583,0.61526841,256,357632,357887,357875,0
358143,426352379394291,1624750,0.57622205,256,357888,358143,357946,0
358399,426352380281375,1544541,0.61289621,256,358144,358399,358324,0
358655,426352381203708,1494667,0.69292101,256,358400,358655,358558,0
358911,426352382046958,1463458,0.59693152,256,358656,358911,358667,0
359167,426352382951916,1382750,0.62245042,256,358912,359167,359046,0
359423,426352383879791,1241834,0.59387524,256,359168,359423,359402,0
359679,426352384744833,1203708,0.59891146,256,359424,359679,359472,0
359935,426352385698041,1032084,0.59958757,256,359680,359935,359897,0
360191,426352386594208,913708,0.58000046,256,359936,360191,360050,0
360447,426352387513166,799417,0.60133077,256,360192,360447,360289,0
360703,426352388362916,842542,0.63295032,256,360448,360703,360666,0
360959,426352389288583,815917,0.59501282,256,360704,360959,360790,0
361215,426352390139208,853833,0.60153947,256,360960,361215,361002,0
361471,426352391045583,800792,0.59158211,256,361216,361471,361373,0
361727,426352391913458,1638042,0.64671385,256,361472,361727,361544,0
361983,426352392821041,1777959,0.63386269,256,361728,361983,361875,0
362239,426352393724833,1798625,0.63145207,256,361984,362239,362172,0
362495,426352394613208,1598417,0.63753856,256,362240,362495,362260,0
362751,426352395522125,1485875,0.63687953,256,362496,362751,362655,0
363007,426352396383750,1437291,0.64143286,256,362752,363007,362978,0
363263,426352397285416,1324250,0.57706709,256,363008,363263,363164,0
363519,426352398209708,1209167,0.61257362,256,363264,363519,363429,0
363775,426352399086000,1097791,0.60967855,256,363520,363775,363686,0
364031,426352399997208,1008750,0.64639082,256,363776,364031,364021,0
364287,426352400807416,1017084,0.62269165,256,364032,364287,364092,0
364543,426352401832041,1014292,0.62883106,256,364288,364543,364431,0
364799,426352402595458,1073875,0.56860543,256,364544,364799,364630,0
365055,426352403423250,1058666,0.60762078,256,364800,365055,365012,0
365311,426352404292958,969167,0.61130886,256,365056,365311,365189,0
365567,426352405203125,859541,0.5750652,256,365312,365567,365347,0
365823,426352406091708,808042,0.58355571,256,365568,365823,365754,0
366079,426352406981583,831375,0.61997599,256,365824,366079,366045,0
366335,426352407833875,806125,0.60002854,256,366080,366335,366212,0
366591,426352408736416,829667,0.63354144,256,366336,366591,366553,0
366847,426352409660583,1375917,0.61653147,256,366592,366847,366699,0
367103,426352410507875,1336125,0.56357814,256,366848,367103,366908,0
367359,426352411348958,1319958,0.60738056,256,367104,367359,367316,0
367615,426352412234333,1246583,0.61848223,256,367360,367615,367567,0
367871,426352413110958,1187208,0.5728344,256,367616,367871,367799,0
368127,426352413971458,1154458,0.61213227,256,367872,368127,368026,0
368383,426352414845375,1087375,0.59197516,256,368128,368383,368185,0
368639,426352415824125,929083,0.59319544,256,368384,368639,368469,0
368895,426352416747916,833750,0.59242797,256,368640,368895,368764,0
369151,426352417550791,853084,0.60667735,256,368896,369151,369149,0
369407,426352418425083,886750,0.6337925,256,369152,369407,369185,0
369663,426352419298125,827166,0.57238294,256,369408,369663,369425,0
369919,426352420195791,821709,0.59063498,256,369664,369919,369883,0
370175,426352421074333,836042,0.61252297,256,369920,370175,370042,0
370431,426352421953958,858000,0.63678324,256,370176,370431,370318,0
370687,426352422816291,849625,0.60276169,256,370432,370687,370445,0
370943,426352423712250,824041,0.60904724,256,370688,370943,370774,0
371199,426352424579875,1180250,0.60613878,256,370944,371199,371059,0
371455,426352425452583,1115917,0.59180814,256,371200,371455,371400,0
371711,426352426346750,1064416,0.61424834,256,371456,371711,371517,0
371967,426352427264625,965333,0.59625723,256,371712,371967,371789,0
372223,426352428159250,925083,0.61436095,256,371968,372223,372096,0
372479,426352429032916,858375,0.63025999,256,372224,372479,372376,0
372735,426352429946666,840375,0.66362755,256,372480,372735,372543,0
372991,426352430823750,869625,0.62217051,256,372736,372991,372917,0
373247,426352431675541,843209,0.61708042,256,372992,373247,373174,0
373503,426352432592125,833000,0.64805175,256,373248,373503,373382,0
373759,426352433470208,1653958,0.60259417,256,373504,373759,373615,0
374015,426352434428583,1713583,0.62971467,256,373760,374015,373773,0
374271,426352435304208,1645625,0.58066036,256,374016,374271,374261,0
374527,426352436201041,1579042,0.62529003,256,374272,374527,374439,0
374783,426352437049958,1552792,0.62864922,256,374528,374783,374749,0
375039,426352437973375,1464833,0.62037311,256,374784,375039,375030,0
375295,426352438822291,1415250,0.60885206,256,375040,375295,375108,0
375551,426352439683166,1380875,0.63898438,256,375296,375551,375524,0
375807,426352440572375,1329333,0.6292772,256,375552,375807,375553,0
376063,426352441438708,1268042,0.60579449,256,375808,376063,375865,0
376319,426352442320125,1204208,0.59432828,256,376064,376319,376156,0
376575,426352443167041,1161167,0.57141594,256,376320,376575,376495,0
376831,426352444056041,1090625,0.58731305,256,376576,376831,376756,0
377087,426352444904208,1087917,0.63939749,256,376832,377087,377044,0
377343,426352445823541,985625,0.58810538,256,377088,377343,377125,0
377599,426352446753083,885292,0.63027226,256,377344,377599,377374,0
377855,426352447608708,830958,0.58755874,256,377600,377855,377610,0
378111,426352448499083,841542,0.62146377,256,377856,378111,377982,0
378367,426352449377625,824708,0.60246461,256,378112,378367,378132,0
378623,426352450284666,829709,0.59872554,256,378368,378623,378429,0
378879,426352451145041,808750,0.60944565,256,378624,378879,378879,0
379135,426352452029458,829708,0.61940373,256,378880,379135,379121,0
379391,426352452880833,869083,0.61862896,256,379136,379391,379321,0
379647,426352453761833,823208,0.64121584,256,379392,379647,379528,0
379903,426352454706958,833042,0.60850876,256,379648,379903,379793,0
380159,426352455593416,810167,0.59243858,256,379904,380159,380049,0
380415,426352456525000,857291,0.63755647,256,380160,380415,380220,0
380671,426352457439375,1101375,0.60332944,256,380416,380671,380530,0
380927,426352458305583,1084000,0.6298314,256,380672,380927,380816,0
381183,426352459236291,962292,0.5681895,256,380928,381183,381068,0
381439,426352460129500,887500,0.58800449,256,381184,381439,381254,0
381695,426352461001416,812875,0.58821582,256,381440,381695,381558,0
381951,426352461850166,1597709,0.61040398,256,381696,381951,381805,0
382207,426352462663250,1810916,0.6066355,256,381952,382207,382016,0
382463,426352463580833,1717375,0.57977163,256,382208,382463,382353,0
382719,426352464479916,1655250,0.65932005,256,382464,382719,382599,0
382975,426352465343458,1612625,0.59602317,256,382720,382975,382964,0
383231,426352466227041,1567209,0.60274246,256,382976,383231,383133,0
383487,426352467106541,1508125,0.59988771,256,383232,383487,383364,0
383743,426352468006666,1490667,0.6686183,256,383488,383743,383692,0
383999,426352468941125,1368583,0.58048925,256,383744,383999,383772,0
384255,426352469837916,1320917,0.61662286,256,384000,384255,384199,0
384511,426352470714000,1283625,0.64193169,256,384256,384511,384347,0
384767,426352471614916,1210542,0.58499298,256,384512,384767,384588,0
385023,426352472474166,1174459,0.58960647,256,384768,385023,384954,0
385279,426352473312083,1150458,0.6016676,256,385024,385279,385064,0
385535,426352474232166,1091167,0.61858467,256,385280,385535,385336,0
385791,426352475120750,1045541,0.59487259,256,385536,385791,385695,0
386047,426352476027625,968416,0.58018432,256,385792,386047,386035,0
386303,426352476926708,886042,0.58325845,256,386048,386303,386087,0
386559,426352477756875,882791,0.59289488,256,386304,386559,386448,0
386815,426352478717083,814833,0.62981849,256,386560,386815,386568,0
387071,426352479582333,875292,0.65859587,256,386816,387071,387048,0
387327,426352480503666,888875,0.60778999,256,387072,387327,387141,0
387583,426352481360500,909750,0.60367651,256,387328,387583,387363,0
387839,426352482203708,852333,0.58603592,256,387584,387839,387736,0
388095,426352483071500,858958,0.58117719,256,387840,388095,388034,0
388351,426352483939166,841417,0.6051523,256,388096,388351,388138,0
388607,426352484803500,816000,0.60204624,256,388352,388607,388401,0
388863,426352485737625,1635166,0.60905626,256,388608,388863,388837,0
389119,426352486546708,1829500,0.64303692,256,388864,389119,389078,0
389375,426352487454625,1750750,0.60143652,256,389120,389375,389228,0
389631,426352488431583,1617708,0.61402743,256,389376,389631,389611,0
389887,426352489251291,1658167,0.59535371,256,389632,389887,389827,0
390143,426352490149750,1602833,0.61915101,256,389888,390143,389963,0
390399,426352491017416,1574584,0.61467062,256,390144,390399,390317,0
390655,426352491854125,1574125,0.59832341,256,390400,390655,390499,0
390911,426352492748791,1532209,0.60441898,256,390656,390911,390906,0
391167,426352493637083,1478375,0.60027493,256,390912,391167,391111,0
391423,426352494527416,1445000,0.66421782,256,391168,391423,391410,0
391679,426352495393458,1431500,0.61290356,256,391424,391679,391574,0
391935,426352496270500,1392625,0.64918656,256,391680,391935,391800,0
392191,426352497205375,1280666,0.59092323,256,391936,392191,392037,0
392447,426352498087250,1224666,0.59101226,256,392192,392447,392425,0
392703,426352498958083,1259875,0.65669599,256,392448,392703,392546,0
392959,426352499854333,1185792,0.59736265,256,392704,392959,392835,0
393215,426352500749083,1114833,0.62120374,256,392960,393215,393029,0
393471,426352501680083,1033375,0.60772612,256,393216,393471,393425,0
393727,426352502575125,970041,0.60193256,256,393472,393727,393481,0
393983,426352503495416,869292,0.62012724,256,393728,393983,393966,0
394239,426352504387708,849250,0.59574194,256,393984,394239,394049,0
394495,426352505256208,860333,0.62712254,256,394240,394495,394281,0
394751,426352506151583,841042,0.59939127,256,394496,394751,394578,0
395007,426352507046958,838833,0.62206653,256,394752,395007,394923,0
395263,426352507945375,877875,0.62019624,256,395008,395263,395197,0
395519,426352508911166,864125,0.62464416,256,395264,395519,395509,0
395775,426352509792166,859250,0.62092215,256,395520,395775,395542,0
396031,426352510606000,855375,0.59613018,256,395776,396031,396021,0
396287,426352511457208,830875,0.63017868,256,396032,396287,396085,0
396543,426352512346375,816541,0.61242889,256,396288,396543,396400,0
396799,426352513268916,834167,0.59227937,256,396544,396799,396660,0
397055,426352514167416,849417,0.59442219,256,396800,397055,396912,0
397311,426352515137416,823709,0.63925784,256,397056,397311,397231,0
397567,426352516052833,816500,0.61598194,256,397312,397567,397317,0
397823,426352516988708,1162875,0.61103145,256,397568,397823,397792,0
398079,426352517871000,1077125,0.61090879,256,397824,398079,398079,0
398335,426352518780500,985500,0.59589135,256,398080,398335,398153,0
398591,426352519664583,916458,0.61692627,256,398336,398591,398449,0
398847,426352520543166,849209,0.59929395,256,398592,398847,398638,0
399103,426352521386041,826875,0.64087453,256,398848,399103,398872,0
399359,426352522220666,1613375,0.5872921,256,399104,399359,399189,0
399615,426352523100708,1788917,0.63829549,256,399360,399615,399582,0
399871,426352523970500,1730125,0.62853484,256,399616,399871,399785,0
400127,426352524841458,1711375,0.60755528,256,399872,400127,399992,0
400383,426352525782541,1602875,0.60530327,256,400128,400383,400165,0
400639,426352526610791,1605709,0.62263458,256,400384,400639,400529,0
400895,426352527548000,1497583,0.60779822,256,400640,400895,400800,0
401151,426352528482000,1380500,0.60230919,256,400896,401151,400956,0
401407,426352529367416,1296542,0.63330478,256,401152,401407,401378,0
401663,426352530310750,1182416,0.63263105,256,401408,401663,401595,0
401919,426352531120541,1206000,0.64410942,256,401664,401919,401775,0
402175,426352532044166,1107625,0.59992807,256,401920,402175,402083,0
402431,426352532898125,1069666,0.6023155,256,402176,402431,402198,0
402687,426352533784791,1044250,0.6397648,256,402432,402687,402632,0
402943,426352534668166,992084,0.63364895,256,402688,402943,402719,0
403199,426352535600041,889459,0.60877202,256,402944,403199,402968,0
403455,426352536443708,872458,0.62750057,256,403200,403455,403340,0
403711,426352537361708,1680625,0.63772835,256,403456,403711,403564,0
403967,426352538305250,1751458,0.60141272,256,403712,403967,403780,0
404223,426352539243041,1666875,0.64164905,256,403968,404223,403983,0
404479,426352540139916,1595542,0.64319282,256,404224,404479,404236,0
404735,426352540963083,1607917,0.62274917,256,404480,404735,404562,0
404991,426352541801083,1619625,0.63732299,256,404736,404991,404909,0
405247,426352542637375,1593208,0.574203,256,404992,405247,405132,0
405503,426352543502583,1567417,0.64122953,256,405248,405503,405392,0
405759,426352544420583,1491667,0.64987984,256,405504,405759,405685,0
406015,426352545326958,1433125,0.60605493,256,405760,406015,405837,0
406271,426352546194416,1403417,0.60210979,256,406016,406271,406218,0
406527,426352547145416,1286542,0.65296432,256,406272,406527,406301,0
406783,426352548020833,1230000,0.64018076,256,406528,406783,406720,0
407039,426352548936208,1149792,0.62623433,256,406784,407039,406952,0
407295,426352549854875,1052791,0.63829761,256,407040,407295,407086,0
407551,426352550744291,1002042,0.61976185,256,407296,407551,407469,0
407807,426352551647166,937834,0.60970642,256,407552,407807,407806,0
408063,426352552570458,1650875,0.64076093,256,407808,408063,407886,0
408319,426352553478708,1765375,0.61442276,256,408064,408319,408215,0
408575,426352554404750,1700208,0.64467236,256,408320,408575,408411,0
408831,426352555244333,1718458,0.62364927,256,408576,408831,408705,0
409087,426352556144583,1664583,0.67610459,256,408832,409087,409061,0
409343,426352557014166,1662709,0.62245495,256,409088,409343,409092,0
409599,426352557891416,1653917,0.64185669,256,409344,409599,409531,0
409855,426352558744208,1616833,0.60819544,256,409600,409855,409835,0
410111,426352559637875,1564083,0.58116441,256,409856,410111,410078,0
410367,426352560579458,1476375,0.60853292,256,410112,410367,410172,0
410623,426352561447000,1459125,0.62492758,256,410368,410623,410455,0
410879,426352562283958,1484417,0.67894507,256,410624,410879,410670,0
411135,426352563186791,1445084,0.62888831,256,410880,411135,411130,0
411391,426352564091458,1390500,0.64961557,256,411136,411391,411141,0
411647,426352564981583,1349083,0.65605684,256,411392,411647,411445,0
411903,426352565857375,1319791,0.63862436,256,411648,411903,411769,0
412159,426352566704375,1365083,0.64265163,256,411904,412159,412100,0
412415,426352567559208,1382542,0.64809905,256,412160,412415,412177,0
412671,426352568440291,1346542,0.61548058,256,412416,412671,412614,0
412927,426352569281166,1348000,0.59944774,256,412672,412927,412746,0
413183,426352570165916,1318709,0.64472019,256,412928,413183,413083,0
413439,426352571084416,1250667,0.59469784,256,413184,413439,413212,0
413695,426352571981625,1221500,0.6762325,256,413440,413695,413542,0
413951,426352572852666,1180667,0.59521602,256,413696,413951,413768,0
414207,426352573730458,1156000,0.65093792,256,413952,414207,414183,0
414463,426352574586000,1134125,0.58754861,256,414208,414463,414257,0
414719,426352575441250,1134583,0.61951663,256,414464,414719,414506,0
414975,426352576329500,1072291,0.59019091,256,414720,414975,414762,0
415231,426352577205125,1024208,0.62346011,256,414976,415231,415153,0
415487,426352578130041,935042,0.62318861,256,415232,415487,415354,0
415743,426352578935416,1010584,0.60674639,256,415488,415743,415743,0
415999,426352579789750,991750,0.57661574,256,415744,415999,415755,0
416255,426352580665416,950125,0.61005339,256,416000,416255,416139,0
416511,426352581589333,859667,0.62176583,256,416256,416511,416319,0
416767,426352582477875,891375,0.67761214,256,416512,416767,416606,0
417023,426352583368875,827250,0.63351258,256,416768,417023,416970,0
417279,426352584292333,1681208,0.5999705,256,417024,417279,417040,0
417535,426352585204833,1801375,0.6318691,256,417280,417535,417349,0
417791,426352586130250,1716583,0.60372303,256,417536,417791,417572,0
418047,426352586968458,1699250,0.58486997,256,417792,418047,417928,0
418303,426352587826083,1658083,0.59024759,256,418048,418303,418099,0
418559,426352588705541,1619459,0.62271564,256,418304,418559,418538,0
418815,426352589570458,1592208,0.68728591,256,418560,418815,418577,0
419071,426352590481541,1501959,0.61264445,256,418816,419071,418860,0
419327,426352591323291,1494167,0.61710258,256,419072,419327,419209,0
419583,426352592266000,1374041,0.60008443,256,419328,419583,419360,0
419839,426352593131041,1365292,0.6453923,256,419584,419839,419761,0
420095,426352594060625,1282750,0.63490297,256,419840,420095,419931,0
420351,426352594961500,1241583,0.6416423,256,420096,420351,420262,0
420607,426352595835541,1186750,0.60697028,256,420352,420607,420435,0
420863,426352596696083,1193833,0.63129476,256,420608,420863,420723,0
421119,426352597537125,1157250,0.64913662,256,420864,421119,421021,0
421375,426352598436458,1098208,0.6158969,256,421120,421375,421374,0
421631,426352599332750,1061416,0.64973736,256,421376,421631,421379,0
421887,426352600150750,1052708,0.61284035,256,421632,421887,421740,0
422143,426352601008333,1196625,0.64470687,256,421888,422143,422057,0
422399,426352601911958,1359833,0.59847605,256,422144,422399,422228,0
422655,426352602756875,1419666,0.68487594,256,422400,422655,422573,0
422911,426352603621333,1375333,0.60635518,256,422656,422911,422827,0
423167,426352604534125,1338666,0.63492915,256,422912,423167,423095,0
423423,426352605443666,1268125,0.61175058,256,423168,423423,423423,0
423679,426352606328458,1222417,0.64038003,256,423424,423679,423424,0
423935,426352607223541,1142625,0.59896902,256,423680,423935,423733,0
424191,426352608096750,1084250,0.61138184,256,423936,424191,423938,0
424447,426352608946958,1052250,0.59470801,256,424192,424447,424345,0
424703,426352609837708,1015917,0.62856775,256,424448,424703,424618,0
424959,426352610724625,959416,0.61344227,256,424704,424959,424746,0
425215,426352611678958,861250,0.6257972,256,424960,425215,425107,0
425471,426352612548208,1712583,0.64044553,256,425216,425471,425223,0
425727,426352613405625,1886833,0.62097953,256,425472,425727,425488,0
425983,426352614310375,1840416,0.60027526,256,425728,425983,425892,0
426239,426352615232083,1781750,0.60962017,256,425984,426239,426008,0
426495,426352616111583,1797792,0.61720247,256,426240,426495,426347,0
426751,426352617017416,1734917,0.64102501,256,426496,426751,426538,0
427007,426352617919625,1683125,0.58298577,256,426752,427007,426939,0
427263,426352618850333,1602833,0.6443855,256,427008,427263,427259,0
427519,426352619719833,1596792,0.63127731,256,427264,427519,427391,0
427775,426352620590041,1584125,0.65614144,256,427520,427775,427559,0
428031,426352621461625,1565875,0.61236989,256,427776,428031,427933,0
428287,426352622373041,1503709,0.6332931,256,428032,428287,428081,0
428543,426352623292208,1438167,0.60331849,256,428288,428543,428493,0
428799,426352624159500,1412458,0.61998326,256,428544,428799,428701,0
429055,426352625067041,1349500,0.65400459,256,428800,429055,429035,0
429311,426352625894416,1367084,0.64175703,256,429056,429311,429059,0
429567,426352626770125,1339000,0.59429185,256,429312,429567,429521,0
429823,426352627642833,1326458,0.6458288,256,429568,429823,429599,0
430079,426352628578958,1264917,0.597402,256,429824,430079,430061,0
430335,426352629442541,1237375,0.61188899,256,430080,430335,430235,0
430591,426352630288750,1237125,0.66563199,256,430336,430591,430416,0
430847,426352631201083,1160083,0.61237411,256,430592,430847,430771,0
431103,426352632053375,1132666,0.61303204,256,430848,431103,430869,0
431359,426352632961916,1078584,0.60281846,256,431104,431359,431136,0
431615,426352633782958,1086458,0.58536498,256,431360,431615,431373,0
431871,426352634715625,969125,0.59648675,256,431616,431871,431707,0
432127,426352635613625,930875,0.65585927,256,431872,432127,432050,0
432383,426352636448041,950542,0.63461657,256,432128,432383,432128,0
432639,426352637369208,853250,0.63750405,256,432384,432639,432395,0
432895,426352638216916,867959,0.65071636,256,432640,432895,432698,0
433151,426352639097583,846792,0.59208117,256,432896,433151,432907,0
433407,426352639954583,839167,0.62639294,256,433152,433407,433314,0
433663,426352640860708,835542,0.61854913,256,433408,433663,433631,0
433919,426352641677916,814792,0.59637254,256,433664,433919,433899,0
434175,426352642495000,830916,0.6080745,256,433920,434175,433995,0
434431,426352643347375,863083,0.63534921,256,434176,434431,434202,0
434687,426352644216458,863125,0.59496119,256,434432,434687,434459,0
434943,426352645084958,826542,0.62598071,256,434688,434943,434911,0
435199,426352645958541,1742334,0.60876253,256,434944,435199,435063,0
435455,426352646906333,1755542,0.62042115,256,435200,435455,435310,0
435711,426352647797250,1685375,0.60044824,256,435456,435711,435687,0
435967,426352648639666,1694542,0.60120333,256,435712,435967,435916,0
436223,426352649545041,1669375,0.62258164,256,435968,436223,436031,0
436479,426352650422916,1628292,0.59365453,256,436224,436479,436474,0
436735,426352651323125,1601625,0.63793373,256,436480,436735,436484,0
436991,426352652185833,1549625,0.65676825,256,436736,436991,436807,0
437247,426352653080625,1506750,0.65068601,256,436992,437247,437136,0
437503,426352653974041,1461042,0.65469798,256,437248,437503,437363,0
437759,426352654856666,1410209,0.63176897,256,437504,437759,437523,0
438015,426352655742041,1363625,0.61766377,256,437760,438015,437852,0
438271,426352656676916,1249667,0.59642016,256,438016,438271,438174,0
438527,426352657589083,1166667,0.59249444,256,438272,438527,438446,0
438783,426352658473583,1100458,0.66309834,256,438528,438783,438535,0
439039,426352659413458,1003583,0.61057383,256,438784,439039,438830,0
439295,426352660270750,3831208,0.60759245,256,439040,439295,439191,0
439551,426352661260125,4491083,0.65781552,256,439296,439551,439424,0
439807,426352664179166,2490459,0.63992472,256,439552,439807,439588,0
440063,426352664194166,3276500,0.59752637,256,439808,440063,439856,0
440319,426352664208625,4076875,0.60113956,256,440064,440319,440093,0
440575,426352664700458,4385375,0.62129579,256,440320,440575,440357,0
440831,426352665596125,4325125,0.62064396,256,440576,440831,440657,0
441087,426352666445500,4271583,0.60302827,256,440832,441087,440880,0
441343,426352667305625,4247458,0.60785975,256,441088,441343,441179,0
441599,426352668164875,4192666,0.61596974,256,441344,441599,441397,0
441855,426352669094250,4053625,0.56519687,256,441600,441855,441775,0
442111,426352669927666,4041250,0.62374666,256,441856,442111,441951,0
442367,426352670850625,3915666,0.6010083,256,442112,442367,442117,0
442623,426352671710666,3850125,0.58232311,256,442368,442623,442585,0
442879,426352672589500,3783125,0.6099363,256,442624,442879,442804,0
443135,426352673430291,3747709,0.60861314,256,442880,443135,442938,0
443391,426352674344208,3670792,0.61528807,256,443136,443391,443281,0
443647,426352675252166,3589834,0.60228561,256,443392,443647,443523,0
443903,426352676125833,3520292,0.65134198,256,443648,443903,443862,0
444159,426352676980166,3458167,0.62799196,256,443904,444159,444136,0
444415,426352677855083,3370708,0.58681251,256,444160,444415,444411,0
444671,426352678746583,3301125,0.64382915,256,444416,444671,444454,0
444927,426352679667541,3178375,0.60329803,256,444672,444927,444799,0
445183,426352680512000,3133500,0.62816033,256,444928,445183,445159,0
445439,426352681388000,3045208,0.57488227,256,445184,445439,445390,0
445695,426352682250916,2982042,0.64913908,256,445440,445695,445529,0
445951,426352683197250,2823666,0.59932455,256,445696,445951,445820,0
446207,426352684129333,2698500,0.60932984,256,445952,446207,446129,0
446463,426352684952541,2693167,0.65642894,256,446208,446463,446328,0
446719,426352685813791,2631709,0.61479246,256,446464,446719,446554,0
446975,426352686681375,2551708,0.58687898,256,446720,446975,446724,0
447231,426352687542125,2504000,0.60889053,256,446976,447231,447192,0
447487,426352688424666,2400500,0.60937281,256,447232,447487,447410,0
447743,426352689315833,2337083,0.6789547,256,447488,447743,447564,0
447999,426352690141500,2301833,0.63423499,256,447744,447999,447770,0
448255,426352690951000,2287750,0.60328595,256,448000,448255,448068,0
448511,426352691841500,2179916,0.57515766,256,448256,448511,448396,0
448767,426352692761875,2074458,0.64256733,256,448512,448767,448558,0
449023,426352693679458,1995458,0.6161321,256,448768,449023,448819,0
449279,426352694540500,1944708,0.60359799,256,449024,449279,449210,0
449535,426352695397458,1879125,0.56479901,256,449280,449535,449293,0
449791,426352696283041,1777125,0.59659302,256,449536,449791,449648,0
450047,426352697204125,1663583,0.5994441,256,449792,450047,449925,0
450303,426352698133708,1540667,0.61688379,256,450048,450303,450288,0
450559,426352698914000,1563458,0.62930165,256,450304,450559,450343,0
450815,426352699794208,1494292,0.58270619,256,450560,450815,450654,0
451071,426352700635000,1475333,0.62488011,256,450816,451071,450957,0
451327,426352701539000,2184458,0.59512176,256,451072,451327,451101,0
451583,426352702409250,2910750,0.62010245,256,451328,451583,451578,0
451839,426352703287583,3624292,0.61426755,256,451584,451839,451636,0
452095,426352704212500,4302375,0.59584126,256,451840,452095,452094,0
452351,426352705121833,4233750,0.60658991,256,452096,452351,452213,0
452607,426352706029166,4139292,0.61519844,256,452352,452607,452489,0
452863,426352706875500,4098083,0.59425728,256,452608,452863,452738,0
453119,426352707764625,4012333,0.61129457,256,452864,453119,453016,0
453375,426352708665125,3910541,0.60562089,256,453120,453375,453295,0
453631,426352709534708,3835167,0.60377393,256,453376,453631,453520,0
453887,426352710409666,3778834,0.62713047,256,453632,453887,453836,0
454143,426352711317625,3683916,0.6093607,256,453888,454143,453945,0
454399,426352712218375,3571208,0.65692913,256,454144,454399,454263,0
454655,426352713028083,3549417,0.61805452,256,454400,454655,454465,0
454911,426352713956583,3391000,0.62261602,256,454656,454911,454803,0
455167,426352714851125,3297375,0.58066394,256,454912,455167,455121,0
455423,426352715749375,3181291,0.61549548,256,455168,455423,455236,0
455679,426352716602625,3138041,0.59535012,256,455424,455679,455536,0
455935,426352717537333,2984958,0.60383213,256,455680,455935,455690,0
456191,426352718438791,2859584,0.58227665,256,455936,456191,456062,0
456447,426352719297875,2798916,0.59378722,256,456192,456447,456332,0
456703,426352720187250,2704875,0.61128015,256,456448,456703,456591,0
456959,426352721086666,2596250,0.62494963,256,456704,456959,456835,0
457215,426352721928708,2546875,0.59723363,256,456960,457215,457044,0
457471,426352722802791,2479209,0.58792185,256,457216,457471,457302,0
457727,426352723669916,2421292,0.61263605,256,457472,457727,457590,0
457983,426352724553916,2341792,0.61526841,256,457728,457983,457875,0
458239,426352725447166,2221917,0.55352931,256,457984,458239,458071,0
458495,426352726325583,2187375,0.61289621,256,458240,458495,458324,0
458751,426352727192916,5065000,0.69292101,256,458496,458751,458558,0
459007,426352728146125,4113541,0.59034389,256,458752,459007,458883,0
459263,426352728972625,3288125,0.62245042,256,459008,459263,459046,0
459519,426352731014458,2231917,0.59891146,256,459264,459519,459472,0
459775,426352731023541,3033209,0.59348389,256,459520,459775,459762,0
460031,426352732279208,2605125,0.59958757,256,459776,460031,459897,0
460287,426352732651750,3038666,0.58000046,256,460032,460287,460050,0
460543,426352733520541,2976709,0.60133077,256,460288,460543,460289,0
460799,426352734418458,2952083,0.63295032,256,460544,460799,460666,0
461055,426352735311500,2899583,0.60153947,256,460800,461055,461002,0
461311,426352736192291,2851750,0.58873099,256,461056,461311,461211,0
461567,426352737066125,2811541,0.64671385,256,461312,461567,461544,0
461823,426352737954916,2766084,0.6293775,256,461568,461823,461653,0
462079,426352738861833,2729667,0.63386269,256,461824,462079,461875,0
462335,426352739757625,2673583,0.63753856,256,462080,462335,462260,0
462591,426352740684708,2568042,0.60317511,256,462336,462591,462566,0
462847,426352741569041,2535959,0.63687953,256,462592,462847,462655,0
463103,426352742426000,2489416,0.64143286,256,462848,463103,462978,0
463359,426352743313791,2428875,0.57790313,256,463104,463359,463300,0
463615,426352744237333,2309750,0.61257362,256,463360,463615,463429,0
463871,426352745144166,2250167,0.60967855,256,463616,463871,463686,0
464127,426352745970875,2226750,0.64639082,256,463872,464127,464021,0
464383,426352746859833,2172750,0.61697158,256,464128,464383,464155,0
464639,426352747682541,4203209,0.62883106,256,464384,464639,464431,0
464895,426352748578041,3309375,0.56710189,256,464640,464895,464642,0
465151,426352749472333,2416125,0.60762078,256,464896,465151,465012,0
465407,426352750329291,1956084,0.61130886,256,465152,465407,465189,0
465663,426352751242875,1862333,0.57097002,256,465408,465663,465478,0
465919,426352752152916,1771542,0.58355571,256,465664,465919,465754,0
466175,426352753016375,1737333,0.61997599,256,465920,466175,466045,0
466431,426352753872041,1692667,0.60002854,256,466176,466431,466212,0
466687,426352754778125,1631208,0.63354144,256,466432,466687,466553,0
466943,426352755688291,1526834,0.61653147,256,466688,466943,466699,0
467199,426352756529708,1487500,0.5885259,256,466944,467199,467159,0
467455,426352757401625,1433583,0.60738056,256,467200,467455,467316,0
467711,426352758257541,1388417,0.61848223,256,467456,467711,467567,0
467967,426352759132250,1337833,0.5728344,256,467712,467967,467799,0
468223,426352760007041,1284000,0.61213227,256,467968,468223,468026,0
468479,426352760939166,1160125,0.59319544,256,468224,468479,468469,0
468735,426352761857375,1047458,0.57637225,256,468480,468735,468566,0
468991,426352762761416,963167,0.59242797,256,468736,468991,468764,0
469247,426352763576375,996291,0.6337925,256,468992,469247,469185,0
469503,426352764440500,971791,0.62627704,256,469248,469503,469375,0
469759,426352765359708,865708,0.57674917,256,469504,469759,469699,0
470015,426352766244750,825875,0.59063498,256,469760,470015,469883,0
470271,426352767101291,1085250,0.61252297,256,470016,470271,470042,0
470527,426352767962375,1033916,0.63678324,256,470272,470527,470318,0
470783,426352768827166,980875,0.60904724,256,470528,470783,470774,0
471039,426352769747083,858042,0.60540203,256,470784,471039,470956,0
471295,426352770606583,1609458,0.60613878,256,471040,471295,471059,0
471551,426352771493083,1744167,0.61424834,256,471296,471551,471517,0
471807,426352772402833,1661625,0.59625723,256,471552,471807,471789,0
472063,426352773305625,1536625,0.60373505,256,471808,472063,472002,0
472319,426352774229000,1443625,0.61460563,256,472064,472319,472272,0
472575,426352775048375,1462333,0.66362755,256,472320,472575,472543,0
472831,426352775966916,1336625,0.59350308,256,472576,472831,472806,0
473087,426352776839916,1291584,0.62217051,256,472832,473087,472917,0
473343,426352777712708,1246375,0.61708042,256,473088,473343,473174,0
473599,426352778600583,1172083,0.64805175,256,473344,473599,473382,0
473855,426352779540125,1031333,0.62971467,256,473600,473855,473773,0
474111,426352780453458,930500,0.6198063,256,473856,474111,473982,0
474367,426352781337375,814625,0.58066036,256,474112,474367,474261,0
474623,426352782260875,879958,0.62529003,256,474368,474623,474439,0
474879,426352783117541,835209,0.62864922,256,474624,474879,474749,0
475135,426352783999583,1424875,0.62037311,256,474880,475135,475030,0
475391,426352784821833,1403833,0.5705806,256,475136,475391,475385,0
475647,426352785728083,1339833,0.63898438,256,475392,475647,475524,0
475903,426352786608875,1269208,0.60579449,256,475648,475903,475865,0
476159,426352787464333,1224667,0.59432828,256,475904,476159,476156,0
476415,426352788331625,1161250,0.56983826,256,476160,476415,476319,0
476671,426352789193208,1120208,0.57141594,256,476416,476671,476495,0
476927,426352790069541,1056584,0.5911342,256,476672,476927,476923,0
477183,426352790959416,1012959,0.63939749,256,476928,477183,477044,0
477439,426352791876000,919166,0.63027226,256,477184,477439,477374,0
477695,426352792770458,842250,0.58755874,256,477440,477695,477610,0
477951,426352793654666,810792,0.56916369,256,477696,477951,477873,0
478207,426352794528416,847792,0.62146377,256,477952,478207,477982,0
478463,426352795411375,844166,0.59872554,256,478208,478463,478429,0
478719,426352796309625,801666,0.59822397,256,478464,478719,478555,0
478975,426352797166208,813583,0.60944565,256,478720,478975,478879,0
479231,426352798025083,866667,0.61940373,256,478976,479231,479121,0
479487,426352798934875,838125,0.61862896,256,479232,479487,479321,0
479743,426352799853458,851667,0.64121584,256,479488,479743,479528,0
479999,426352800765833,844625,0.60850876,256,479744,479999,479793,0
480255,426352801650916,848917,0.63755647,256,480000,480255,480220,0
480511,426352802553333,836042,0.62428661,256,480256,480511,480344,0
480767,426352803485583,796167,0.60332944,256,480512,480767,480530,0
481023,426352804335166,877334,0.6298314,256,480768,481023,480816,0
481279,426352805249791,1711792,0.58800449,256,481024,481279,481254,0
481535,426352806153875,2411416,0.5797155,256,481280,481535,481501,0
481791,426352807026625,2412333,0.59206189,256,481536,481791,481739,0
482047,426352807834708,2421542,0.61040398,256,481792,482047,481805,0
482303,426352808696750,2374291,0.57035621,256,482048,482303,482232,0
482559,426352809623916,2258375,0.6426336,256,482304,482559,482541,0
482815,426352810517375,2210625,0.65932005,256,482560,482815,482599,0
483071,426352811398916,2166334,0.59602317,256,482816,483071,482964,0
483327,426352812280666,2112625,0.60274246,256,483072,483327,483133,0
483583,426352813142250,2085625,0.61212021,256,483328,483583,483568,0
483839,426352814057916,2037584,0.6686183,256,483584,483839,483692,0
484095,426352814954625,1950333,0.60951265,256,483840,484095,484032,0
484351,426352815860708,1899708,0.64193169,256,484096,484351,484347,0
484607,426352816752125,1844000,0.58499298,256,484352,484607,484588,0
484863,426352817660875,1766875,0.58175114,256,484608,484863,484783,0
485119,426352818490291,1746250,0.6016676,256,484864,485119,485064,0
485375,426352819340250,1737541,0.61858467,256,485120,485375,485336,0
485631,426352820254041,1661542,0.58407239,256,485376,485631,485503,0
485887,426352821164083,1599958,0.59487259,256,485632,485887,485695,0
486143,426352822065625,1523250,0.58325845,256,485888,486143,486087,0
486399,426352822941208,1459542,0.57110776,256,486144,486399,486261,0
486655,426352823797041,1451334,0.62981849,256,486400,486655,486568,0
486911,426352824750958,1320583,0.60212846,256,486656,486911,486884,0
487167,426352825615041,1333500,0.65859587,256,486912,487167,487048,0
487423,426352826525291,1269334,0.60433851,256,487168,487423,487327,0
487679,426352827374708,1252875,0.60328128,256,487424,487679,487525,0
487935,426352828241416,1231667,0.58603592,256,487680,487935,487736,0
488191,426352829121041,1183542,0.6051523,256,487936,488191,488138,0
488447,426352829963208,1183958,0.60298794,256,488192,488447,488341,0
488703,426352830885791,1082250,0.59905662,256,488448,488703,488644,0
488959,426352831725375,1099250,0.61451882,256,488704,488959,488947,0
489215,426352832589250,1060791,0.64303692,256,488960,489215,489078,0
489471,426352833531583,941667,0.60143652,256,489216,489471,489228,0
489727,426352834435833,876292,0.61402743,256,489472,489727,489611,0
489983,426352835297333,870333,0.61915101,256,489728,489983,489963,0
490239,426352836176416,833625,0.61489867,256,489984,490239,489986,0
490495,426352837037916,857417,0.61467062,256,490240,490495,490317,0
490751,426352837887791,851042,0.59832341,256,490496,490751,490499,0
491007,426352838778583,859208,0.60441898,256,490752,491007,490906,0
491263,426352839691291,1701292,0.60027493,256,491008,491263,491111,0
491519,426352840516958,1887625,0.66421782,256,491264,491519,491410,0
491775,426352841418250,1800750,0.61290356,256,491520,491775,491574,0
492031,426352842331375,1701958,0.64918656,256,491776,492031,491800,0
492287,426352843219583,1619042,0.59092323,256,492032,492287,492037,0
492543,426352844090250,1556125,0.6548657,256,492288,492543,492531,0
492799,426352844993333,1529333,0.65669599,256,492544,492799,492546,0
493055,426352845858083,1460250,0.62120374,256,492800,493055,493029,0
493311,426352846812833,1329208,0.60691563,256,493056,493311,493171,0
493567,426352847693125,1262708,0.60772612,256,493312,493567,493425,0
493823,426352848637166,1128834,0.57819875,256,493568,493823,493714,0
494079,426352849528250,1050458,0.62012724,256,493824,494079,493966,0
494335,426352850414166,996875,0.62712254,256,494080,494335,494281,0
494591,426352851285583,940333,0.60192367,256,494336,494591,494373,0
494847,426352852168083,861167,0.58488348,256,494592,494847,494651,0
495103,426352853094250,841833,0.62206653,256,494848,495103,494923,0
495359,426352854012333,1619250,0.62019624,256,495104,495359,495197,0
495615,426352854941958,1527208,0.62464416,256,495360,495615,495509,0
495871,426352855819791,1451084,0.57558784,256,495616,495871,495683,0
496127,426352856650375,1407666,0.63017868,256,495872,496127,496085,0
496383,426352857497750,1345291,0.59797292,256,496128,496383,496376,0
496639,426352858390333,1248625,0.61242889,256,496384,496639,496400,0
496895,426352859291541,1135500,0.59227937,256,496640,496895,496660,0
497151,426352860225791,1007917,0.59442219,256,496896,497151,496912,0
497407,426352861180000,883416,0.63925784,256,497152,497407,497231,0
497663,426352862098750,813166,0.58870569,256,497408,497663,497567,0
497919,426352863037750,844125,0.61103145,256,497664,497919,497792,0
498175,426352863883000,849333,0.61090879,256,497920,498175,498079,0
498431,426352864830416,813584,0.58031878,256,498176,498431,498311,0
498687,426352865718208,835583,0.61692627,256,498432,498687,498449,0
498943,426352866560583,840875,0.64087453,256,498688,498943,498872,0
499199,426352867408250,857458,0.6315689,256,498944,499199,499100,0
499455,426352868263875,826750,0.57421666,256,499200,499455,499302,0
499711,426352869150791,877167,0.63829549,256,499456,499711,499582,0
499967,426352869994250,874375,0.62853484,256,499712,499967,499785,0
500223,426352870879333,895667,0.60755528,256,499968,500223,499992,0
500479,426352871791708,859667,0.60754791,256,500224,500479,500431,0
500735,426352872659208,865208,0.62263458,256,500480,500735,500529,0
500991,426352873606500,849458,0.60779822,256,500736,500991,500800,0
501247,426352874499958,857583,0.59317879,256,500992,501247,501154,0
501503,426352875452916,840125,0.63330478,256,501248,501503,501378,0
501759,426352876301208,873042,0.63263105,256,501504,501759,501595,0
502015,426352877164458,875208,0.64410942,256,501760,502015,501775,0
502271,426352878079583,847208,0.6023155,256,502016,502271,502198,0
502527,426352878937125,824458,0.59392582,256,502272,502527,502393,0
502783,426352879800375,894375,0.6397648,256,502528,502783,502632,0
503039,426352880715750,861333,0.60877202,256,502784,503039,502968,0
503295,426352881605125,841458,0.61318985,256,503040,503295,503213,0
503551,426352882510541,860834,0.62750057,256,503296,503551,503340,0
503807,426352883398916,893834,0.63772835,256,503552,503807,503564,0
504063,426352884380500,882958,0.64164905,256,503808,504063,503983,0
504319,426352885299625,889833,0.64319282,256,504064,504319,504236,0
504575,426352886159416,882209,0.62274917,256,504320,504575,504562,0
504831,426352887006250,915166,0.63325526,256,504576,504831,504770,0
505087,426352887819750,923208,0.63732299,256,504832,505087,504909,0
505343,426352888659666,923834,0.59443301,256,505088,505343,505257,0
505599,426352889546625,890125,0.64122953,256,505344,505599,505392,0
505855,426352890492041,875334,0.64987984,256,505600,505855,505685,0
506111,426352891376208,855167,0.59472973,256,505856,506111,505983,0
506367,426352892249458,884208,0.65296432,256,506112,506367,506301,0
506623,426352893186458,840958,0.61340293,256,506368,506623,506526,0
506879,426352894065250,1086166,0.64018076,256,506624,506879,506720,0
507135,426352895003000,981666,0.63829761,256,506880,507135,507086,0
507391,426352895877833,908667,0.59043634,256,507136,507391,507340,0
507647,426352896783583,963375,0.61976185,256,507392,507647,507469,0
507903,426352897810750,895250,0.64076093,256,507648,507903,507886,0
508159,426352898605708,942458,0.60188761,256,507904,508159,508135,0
508415,426352899517500,1549041,0.64467236,256,508160,508415,508411,0
508671,426352900435625,2134583,0.61130411,256,508416,508671,508568,0
508927,426352901295083,2868875,0.62364927,256,508672,508927,508705,0
509183,426352902219083,3477583,0.67610459,256,508928,509183,509061,0
509439,426352903052458,4223167,0.61156548,256,509184,509439,509322,0
509695,426352903937416,4936834,0.64185669,256,509440,509695,509531,0
509951,426352904791333,5410375,0.60819544,256,509696,509951,509835,0
510207,426352905650541,5427500,0.60853292,256,509952,510207,510172,0
510463,426352906615875,5328875,0.62492758,256,510208,510463,510455,0
510719,426352907440416,5405209,0.67894507,256,510464,510719,510670,0
510975,426352908324291,5384875,0.60293968,256,510720,510975,510874,0
511231,426352909197208,5401250,0.64961557,256,510976,511231,511141,0
511487,426352910136958,5337500,0.65605684,256,511232,511487,511445,0
511743,426352911030708,5304000,0.60291165,256,511488,511743,511683,0
511999,426352911882125,5335250,0.63862436,256,511744,511999,511769,0
512255,426352912719125,5429500,0.64809905,256,512000,512255,512177,0
512511,426352913581875,5441375,0.61243982,256,512256,512511,512291,0
512767,426352914474791,5417292,0.61548058,256,512512,512767,512614,0
513023,426352915330333,5415500,0.58987834,256,512768,513023,512950,0
513279,426352916213500,5429125,0.64472019,256,513024,513279,513083,0
513535,426352917118291,5384375,0.60813703,256,513280,513535,513493,0
513791,426352918011583,5377583,0.6762325,256,513536,513791,513542,0
514047,426352918873500,5377833,0.63039284,256,513792,514047,513973,0
514303,426352919784083,5329958,0.65093792,256,514048,514303,514183,0
514559,426352920580833,5379292,0.61951663,256,514304,514559,514506,0
514815,426352921510875,5314708,0.60176922,256,514560,514815,514706,0
515071,426352922329875,5331166,0.58877187,256,514816,515071,514929,0
515327,426352923279375,5230916,0.62346011,256,515072,515327,515153,0
515583,426352924126625,5271875,0.62318861,256,515328,515583,515354,0
515839,426352924944875,5358041,0.60674639,256,515584,515839,515743,0
516095,426352925813458,5322958,0.59356166,256,515840,516095,516042,0
516351,426352926690166,5304417,0.62176583,256,516096,516351,516319,0
516607,426352927628416,5248959,0.67761214,256,516352,516607,516606,0
516863,426352928521000,5235625,0.65186202,256,516608,516863,516616,0
517119,426352929445750,5155333,0.63351258,256,516864,517119,516970,0
517375,426352930346958,5124792,0.6318691,256,517120,517375,517349,0
517631,426352931242166,5093584,0.61632936,256,517376,517631,517400,0
517887,426352932150750,5041541,0.5882785,256,517632,517887,517751,0
518143,426352932969833,5073208,0.59024759,256,517888,518143,518099,0
518399,426352933862375,5032708,0.59034687,256,518144,518399,518390,0
518655,426352934748750,5021583,0.68728591,256,518400,518655,518577,0
518911,426352935629708,4977583,0.61264445,256,518656,518911,518860,0
519167,426352936513416,4964250,0.60049282,256,518912,519167,519088,0
519423,426352937365083,4951833,0.61710258,256,519168,519423,519209,0
519679,426352938305875,4863083,0.6286582,256,519424,519679,519592,0
519935,426352939178708,4865000,0.6453923,256,519680,519935,519761,0
520191,426352940098458,4826333,0.61664735,256,519936,520191,519945,0
520447,426352940978333,4823542,0.6416423,256,520192,520447,520262,0
520703,426352941875541,4800375,0.62430912,256,520448,520703,520661,0
520959,426352942703416,4823959,0.63129476,256,520704,520959,520723,0
521215,426352943614708,4738250,0.64913662,256,520960,521215,521021,0
521471,426352944447916,4793959,0.64973736,256,521216,521471,521379,0
521727,426352945348291,4746709,0.58835701,256,521472,521727,521724,0
521983,426352946173916,4765000,0.61284035,256,521728,521983,521740,0
522239,426352947061750,4758875,0.64470687,256,521984,522239,522057,0
522495,426352947913750,4762208,0.63684892,256,522240,522495,522434,0
522751,426352948809541,4769209,0.68487594,256,522496,522751,522573,0
523007,426352949640208,4798083,0.60635518,256,522752,523007,522827,0
523263,426352950586708,4748042,0.63492915,256,523008,523263,523095,0
523519,426352951512625,4679375,0.64038003,256,523264,523519,523424,0
523775,426352952350541,4686500,0.60458498,256,523520,523775,523626,0
524031,426352953250791,4622750,0.61138184,256,523776,524031,523938,0
524287,426352954140666,4571000,0.57218914,256,524032,524287,524261,0
524543,426352954993875,4559000,0.62098797,256,524288,524543,524466,0
524799,426352955882208,4547708,0.62856775,256,524544,524799,524618,0
525055,426352956787958,4509750,0.59053032,256,524800,525055,524870,0
525311,426352957700500,4457625,0.64044553,256,525056,525311,525223,0
525567,426352958569083,4452083,0.62097953,256,525312,525567,525488,0
525823,426352959431625,4470375,0.61062979,256,525568,525823,525660,0
526079,426352960367208,4388500,0.60962017,256,525824,526079,526008,0
526335,426352961290958,4336375,0.60518556,256,526080,526335,526289,0
526591,426352962152583,4337958,0.64102501,256,526336,526591,526538,0
526847,426352963024666,4312834,0.62939463,256,526592,526847,526623,0
527103,426352963994708,4200625,0.58867688,256,526848,527103,527041,0
527359,426352964880333,4162583,0.6443855,256,527104,527359,527259,0
527615,426352965782666,4136292,0.65614144,256,527360,527615,527559,0
527871,426352966618375,4127583,0.57842803,256,527616,527871,527773,0
528127,426352967526666,4111792,0.6332931,256,527872,528127,528081,0
528383,426352968403916,4066875,0.58710934,256,528128,528383,528196,0
528639,426352969305666,4009667,0.60331849,256,528384,528639,528493,0
528895,426352970219375,3922958,0.61998326,256,528640,528895,528701,0
529151,426352971104708,3892042,0.65400459,256,528896,529151,529035,0
529407,426352971892666,3946834,0.61290691,256,529152,529407,529154,0
529663,426352972810958,3899750,0.6458288,256,529408,529663,529599,0
529919,426352973676000,3878833,0.59749237,256,529664,529919,529752,0
530175,426352974597125,3803666,0.597402,256,529920,530175,530061,0
530431,426352975448833,3811792,0.66563199,256,530176,530431,530416,0
530687,426352976317458,3779417,0.61983034,256,530432,530687,530526,0
530943,426352977230583,3710958,0.61303204,256,530688,530943,530869,0
531199,426352978121375,3649375,0.60281846,256,530944,531199,531136,0
531455,426352978953500,3663750,0.59442221,256,531200,531455,531299,0
531711,426352979841833,3593708,0.59648675,256,531456,531711,531707,0
531967,426352980742625,3508166,0.59384777,256,531712,531967,531879,0
532223,426352981627791,3489167,0.65585927,256,531968,532223,532050,0
532479,426352982495583,3473417,0.63750405,256,532224,532479,532395,0
532735,426352983407916,3412375,0.65071636,256,532480,532735,532698,0
532991,426352984254208,3390875,0.60724357,256,532736,532991,532742,0
533247,426352985104875,3376041,0.61297029,256,532992,533247,533178,0
533503,426352985980916,3330667,0.62639294,256,533248,533503,533314,0
533759,426352986867708,3275792,0.61854913,256,533504,533759,533631,0
534015,426352987694416,3287875,0.6080745,256,533760,534015,533995,0
534271,426352988517041,3318375,0.63534921,256,534016,534271,534202,0
534527,426352989380541,3317917,0.61000586,256,534272,534527,534365,0
534783,426352990251958,3285625,0.59199943,256,534528,534783,534650,0
535039,426352991132875,3234958,0.62598071,256,534784,535039,534911,0
535295,426352992060250,3152250,0.60876253,256,535040,535295,535063,0
535551,426352992926458,3092417,0.62042115,256,535296,535551,535310,0
535807,426352993840166,3004375,0.60044824,256,535552,535807,535687,0
536063,426352994721458,2992417,0.62258164,256,535808,536063,536031,0
536319,426352995580083,2997667,0.61672773,256,536064,536319,536177,0
536575,426352996463958,2940917,0.63793373,256,536320,536575,536484,0
536831,426352997359000,2910875,0.65676825,256,536576,536831,536807,0
537087,426352998195708,2895792,0.58900255,256,536832,537087,536941,0
537343,426352999115041,2843625,0.65068601,256,537088,537343,537136,0
537599,426353000009041,2790084,0.65469798,256,537344,537599,537363,0
537855,426353000867000,2760833,0.61766377,256,537600,537855,537852,0
538111,426353001808166,2646750,0.59563738,256,537856,538111,537928,0
538367,426353002702375,2579666,0.59642016,256,538112,538367,538174,0
538623,426353003625833,2493708,0.66309834,256,538368,538623,538535,0
538879,426353004531458,2419583,0.61057383,256,538624,538879,538830,0
539135,426353005442125,2344250,0.59880173,256,538880,539135,538927,0
539391,426353006343458,2271083,0.60759245,256,539136,539391,539191,0
539647,426353007227000,2211875,0.65781552,256,539392,539647,539424,0
539903,426353008125958,2140333,0.63380544,256,539648,539903,539704,0
540159,426353009024041,2076292,0.60113956,256,539904,540159,540093,0
540415,426353009874375,2049708,0.62129579,256,540160,540415,540357,0
540671,426353010734791,2056542,0.62064396,256,540416,540671,540657,0
540927,426353011616625,1991500,0.60302827,256,540672,540927,540880,0
541183,426353012472916,1964042,0.60785975,256,540928,541183,541179,0
541439,426353013324000,1956083,0.61596974,256,541184,541439,541397,0
541695,426353014232083,1861833,0.57658246,256,541440,541695,541494,0
541951,426353015109083,1825625,0.62374666,256,541696,541951,541951,0
542207,426353015988916,1754917,0.6010083,256,541952,542207,542117,0
542463,426353016856166,1715875,0.58368317,256,542208,542463,542310,0
542719,426353017751000,1639875,0.58232311,256,542464,542719,542585,0
542975,426353018599583,1631542,0.6099363,256,542720,542975,542804,0
543231,426353019435416,1618667,0.58881237,256,542976,543231,543112,0
543487,426353020397333,1519792,0.61528807,256,543232,543487,543281,0
543743,426353021276583,1471583,0.60228561,256,543488,543743,543523,0
543999,426353022135375,1428333,0.65134198,256,543744,543999,543862,0
544255,426353023021750,1362875,0.62799196,256,544000,544255,544136,0
544511,426353023907750,1311166,0.64382915,256,544256,544511,544454,0
544767,426353024785541,1254042,0.61922696,256,544512,544767,544668,0
545023,426353025679000,1188333,0.60329803,256,544768,545023,544799,0
545279,426353026560333,1122083,0.62816033,256,545024,545279,545159,0
545535,426353027394166,1092417,0.64913908,256,545280,545535,545529,0
545791,426353028298416,1002292,0.5909622,256,545536,545791,545680,0
546047,426353029269625,854208,0.59932455,256,545792,546047,545820,0
546303,426353030104541,850042,0.61677297,256,546048,546303,546227,0
546559,426353030966375,858416,0.65642894,256,546304,546559,546328,0
546815,426353031854541,843792,0.58687898,256,546560,546815,546724,0
547071,426353032689833,1697375,0.5812468,256,546816,547071,547029,0
547327,426353033610416,1759375,0.60889053,256,547072,547327,547192,0
547583,426353034464500,1720375,0.6789547,256,547328,547583,547564,0
547839,426353035323250,1662000,0.63423499,256,547584,547839,547770,0
548095,426353036140583,1646583,0.62730144,256,547840,548095,547963,0
548351,426353036997291,1580125,0.57473111,256,548096,548351,548260,0
548607,426353037888000,1486666,0.64256733,256,548352,548607,548558,0
548863,426353038768583,1434417,0.62837244,256,548608,548863,548738,0
549119,426353039698291,1325292,0.5982365,256,548864,549119,548934,0
549375,426353040536625,1279000,0.60359799,256,549120,549375,549210,0
549631,426353041438166,1161125,0.56453933,256,549376,549631,549549,0
549887,426353042309375,1076083,0.59659302,256,549632,549887,549648,0
550143,426353043247750,950875,0.61424866,256,549888,550143,550051,0
550399,426353044114416,889042,0.62930165,256,550144,550399,550343,0
550655,426353044962291,864459,0.58270619,256,550400,550655,550654,0
550911,426353045800750,816916,0.58112582,256,550656,550911,550827,0
551167,426353046714625,1657625,0.62488011,256,550912,551167,550957,0
551423,426353047563000,1815208,0.58236464,256,551168,551423,551396,0
551679,426353048426583,1761542,0.62010245,256,551424,551679,551578,0
551935,426353049338291,1662917,0.61091659,256,551680,551935,551830,0
552191,426353050259291,1531834,0.59584126,256,551936,552191,552094,0
552447,426353051172083,1417125,0.60658991,256,552192,552447,552213,0
552703,426353052066916,1330792,0.61519844,256,552448,552703,552489,0
552959,426353052941708,1265000,0.60823272,256,552704,552959,552905,0
553215,426353053776583,1212917,0.61129457,256,552960,553215,553016,0
553471,426353054704666,1083792,0.60562089,256,553216,553471,553295,0
553727,426353055587583,996375,0.60377393,256,553472,553727,553520,0
553983,426353056464166,955250,0.62713047,256,553728,553983,553836,0
554239,426353057378458,847083,0.61624675,256,553984,554239,554195,0
554495,426353058230125,817916,0.65692913,256,554240,554495,554263,0
554751,426353059041916,800000,0.60662932,256,554496,554751,554587,0
555007,426353059998750,1607250,0.62261602,256,554752,555007,554803,0
555263,426353060904541,1738417,0.61549548,256,555008,555263,555236,0
555519,426353061760000,1732708,0.59284452,256,555264,555519,555433,0
555775,426353062707958,3403083,0.60383213,256,555520,555775,555690,0
556031,426353063576416,2537500,0.57129647,256,555776,556031,555940,0
556287,426353067239666,846375,0.58227665,256,556032,556287,556062,0
556543,426353067254125,1650875,0.59378722,256,556288,556543,556332,0
556799,426353067268916,2454417,0.61128015,256,556544,556799,556591,0
557055,426353067285500,3264958,0.62494963,256,556800,557055,556835,0
557311,426353067947208,3408000,0.58792185,256,557056,557311,557302,0
557567,426353068833583,3358208,0.58728021,256,557312,557567,557397,0
557823,426353069703125,3340333,0.61263605,256,557568,557823,557590,0
558079,426353070601875,3232458,0.61526841,256,557824,558079,557875,0
558335,426353071478083,3191917,0.61289621,256,558080,558335,558324,0
558591,426353072394333,3133708,0.69292101,256,558336,558591,558558,0
558847,426353073219083,3153250,0.62522518,256,558592,558847,558601,0
559103,426353074143208,3081375,0.62245042,256,558848,559103,559046,0
559359,426353074994041,3040667,0.59416998,256,559104,559359,559117,0
559615,426353075918500,2954000,0.59891146,256,559360,559615,559472,0
559871,426353076868000,2828291,0.59348389,256,559616,559871,559762,0
560127,426353077774916,2746167,0.59958757,256,559872,560127,559897,0
560383,426353078700750,2621083,0.60133077,256,560128,560383,560289,0
560639,426353079546291,2618084,0.60591531,256,560384,560639,560582,0
560895,426353080470541,2541250,0.63295032,256,560640,560895,560666,0
561151,426353081331000,2523125,0.60153947,256,560896,561151,561002,0
561407,426353082233416,2438084,0.59158211,256,561152,561407,561373,0
561663,426353083109458,2414333,0.64671385,256,561408,561663,561544,0
561919,426353084012958,2338583,0.63386269,256,561664,561919,561875,0
562175,426353084910041,2283625,0.63145207,256,561920,562175,562172,0
562431,426353085809250,2234958,0.63753856,256,562176,562431,562260,0
562687,426353086699750,2187125,0.63687953,256,562432,562687,562655,0
562943,426353087586291,2128042,0.60181328,256,562688,562943,562774,0
563199,426353088446875,2080208,0.64143286,256,562944,563199,562978,0
563455,426353089361833,1989833,0.61257362,256,563200,563455,563429,0
563711,426353090272416,1883375,0.60967855,256,563456,563711,563686,0
563967,426353091167166,1808792,0.59341199,256,563712,563967,563831,0
564223,426353092022333,1799667,0.64639082,256,563968,564223,564021,0
564479,426353092879458,1757833,0.62883106,256,564224,564479,564431,0
564735,426353093709375,1729583,0.56860543,256,564480,564735,564630,0
564991,426353094616541,1643709,0.60529077,256,564736,564991,564974,0
565247,426353095479416,1606500,0.61130886,256,564992,565247,565189,0
565503,426353096365458,1535958,0.5750652,256,565248,565503,565347,0
565759,426353097294625,1428416,0.58355571,256,565504,565759,565754,0
566015,426353098182583,1349125,0.58718128,256,565760,566015,565933,0
566271,426353099041041,1316209,0.61997599,256,566016,566271,566045,0
566527,426353099920958,1253042,0.59411462,256,566272,566527,566458,0
566783,426353100816208,1179958,0.63354144,256,566528,566783,566553,0
567039,426353101709041,1102542,0.61077366,256,566784,567039,566792,0
567295,426353102541416,1086125,0.59877957,256,567040,567295,567263,0
567551,426353103435708,1003042,0.60738056,256,567296,567551,567316,0
567807,426353104311208,948500,0.61848223,256,567552,567807,567567,0
568063,426353105153791,917584,0.61213227,256,567808,568063,568026,0
568319,426353106052500,824833,0.59197516,256,568064,568319,568185,0
568575,426353106991250,832666,0.59319544,256,568320,568575,568469,0
568831,426353107899750,833208,0.59242797,256,568576,568831,568764,0
569087,426353108759166,825417,0.58565776,256,568832,569087,568869,0
569343,426353109608583,874250,0.6337925,256,569088,569343,569185,0
569599,426353110466625,854375,0.62627704,256,569344,569599,569375,0
569855,426353111368666,802125,0.58328891,256,569600,569855,569794,0
570111,426353112278375,1679416,0.61252297,256,569856,570111,570042,0
570367,426353113136458,1837083,0.63678324,256,570112,570367,570318,0
570623,426353113978000,1815500,0.61420734,256,570368,570623,570414,0
570879,426353114896083,1734792,0.60904724,256,570624,570879,570774,0
571135,426353115757500,1688500,0.60613878,256,570880,571135,571059,0
571391,426353116641166,1608584,0.60333579,256,571136,571391,571168,0
571647,426353117534791,1550334,0.61424834,256,571392,571647,571517,0
571903,426353118427916,1495459,0.59625723,256,571648,571903,571789,0
572159,426353119342625,1375375,0.61436095,256,571904,572159,572096,0
572415,426353120227083,1329708,0.63025999,256,572160,572415,572376,0
572671,426353121091791,1311000,0.66362755,256,572416,572671,572543,0
572927,426353122007583,1223292,0.62217051,256,572672,572927,572917,0
573183,426353122849000,1221666,0.61708042,256,572928,573183,573174,0
573439,426353123748958,1171083,0.64805175,256,573184,573439,573382,0
573695,426353124662708,1078292,0.60259417,256,573440,573695,573615,0
573951,426353125579333,982958,0.62971467,256,573696,573951,573773,0
574207,426353126488916,897250,0.6198063,256,573952,574207,573982,0
574463,426353127390708,808083,0.62529003,256,574208,574463,574439,0
574719,426353128255291,815542,0.60866964,256,574464,574719,574643,0
574975,426353129156541,1361792,0.62864922,256,574720,574975,574749,0
575231,426353130016583,1318042,0.62037311,256,574976,575231,575030,0
575487,426353130850125,1267791,0.5705806,256,575232,575487,575385,0
575743,426353131768000,1184166,0.63898438,256,575488,575743,575524,0
575999,426353132625000,1116000,0.60579449,256,575744,575999,575865,0
576255,426353133487791,1038667,0.59432828,256,576000,576255,576156,0
576511,426353134372958,938792,0.57141594,256,576256,576511,576495,0
576767,426353135235208,871042,0.58731305,256,576512,576767,576756,0
577023,426353136089000,829041,0.59258233,256,576768,577023,576966,0
577279,426353137009041,1623209,0.63939749,256,577024,577279,577044,0
577535,426353137912750,1729708,0.63027226,256,577280,577535,577374,0
577791,426353138818250,1602000,0.58755874,256,577536,577791,577610,0
578047,426353139699875,1535333,0.62146377,256,577792,578047,577982,0
578303,426353140584583,1453208,0.60246461,256,578048,578303,578132,0
578559,426353141461916,1372917,0.59872554,256,578304,578559,578429,0
578815,426353142319666,1299750,0.59446178,256,578560,578815,578809,0
579071,426353143203916,1212875,0.60944565,256,578816,579071,578879,0
579327,426353144060333,1178125,0.61940373,256,579072,579327,579121,0
579583,426353144944041,1095584,0.64121584,256,579328,579583,579528,0
579839,426353145917583,954083,0.60850876,256,579584,579839,579793,0
580095,426353146764875,905041,0.59243858,256,579840,580095,580049,0
580351,426353147674000,807333,0.63755647,256,580096,580351,580220,0
580607,426353148615458,823042,0.61990284,256,580352,580607,580394,0
580863,426353149496125,1640375,0.6298314,256,580608,580863,580816,0
581119,426353150400208,1729375,0.5681895,256,580864,581119,581068,0
581375,426353151290416,1633417,0.58800449,256,581120,581375,581254,0
581631,426353152195500,1511416,0.58821582,256,581376,581631,581558,0
581887,426353153057500,1456541,0.61040398,256,581632,581887,581805,0
582143,426353153838291,1465667,0.6066355,256,581888,582143,582016,0
582399,426353154745458,1337833,0.57977163,256,582144,582399,582353,0
582655,426353155681083,1232208,0.65932005,256,582400,582655,582599,0
582911,426353156539000,1185416,0.594451,256,582656,582911,582812,0
583167,426353157417000,1125333,0.60274246,256,582912,583167,583133,0
583423,426353158275833,1062250,0.59988771,256,583168,583423,583364,0
583679,426353159188666,972750,0.61212021,256,583424,583679,583568,0
583935,426353160127375,861250,0.6686183,256,583680,583935,583692,0
584191,426353161011583,807917,0.60951265,256,583936,584191,584032,0
584447,426353161888083,855833,0.64193169,256,584192,584447,584347,0
584703,426353162791541,824125,0.58499298,256,584448,584703,584588,0
584959,426353163679208,1633625,0.58960647,256,584704,584959,584954,0
585215,426353164500958,1803625,0.6016676,256,584960,585215,585064,0
585471,426353165401000,1719375,0.61858467,256,585216,585471,585336,0
585727,426353166308000,1649000,0.59487259,256,585472,585727,585695,0
585983,426353167193500,1582458,0.57453155,256,585728,585983,585774,0
586239,426353168094041,1466584,0.58325845,256,585984,586239,586087,0
586495,426353168937625,1428333,0.59289488,256,586240,586495,586448,0
586751,426353169883208,1295042,0.62981849,256,586496,586751,586568,0
587007,426353170773458,1206667,0.61250639,256,586752,587007,586967,0
587263,426353171663083,1182917,0.65859587,256,587008,587263,587048,0
587519,426353172537791,1121375,0.60433851,256,587264,587519,587327,0
587775,426353173397166,1072834,0.60328128,256,587520,587775,587525,0
588031,426353174288208,1002958,0.57827709,256,587776,588031,587900,0
588287,426353175174791,916209,0.6051523,256,588032,588287,588138,0
588543,426353175973375,949625,0.60298794,256,588288,588543,588341,0
588799,426353176892583,822792,0.59933504,256,588544,588799,588796,0
589055,426353177746000,866333,0.6392072,256,588800,589055,589053,0
589311,426353178638750,1608750,0.64303692,256,589056,589311,589078,0
589567,426353179601791,1663584,0.58952888,256,589312,589567,589516,0
589823,426353180434250,1648583,0.61402743,256,589568,589823,589611,0
590079,426353181347541,1571375,0.61915101,256,589824,590079,589963,0
590335,426353182178791,1551334,0.61467062,256,590080,590335,590317,0
590591,426353183069791,1481000,0.60362462,256,590336,590591,590357,0
590847,426353183954750,1430208,0.5910827,256,590592,590847,590815,0
591103,426353184821375,1381041,0.60441898,256,590848,591103,590906,0
591359,426353185748541,1270167,0.61028263,256,591104,591359,591281,0
591615,426353186574833,1288125,0.66421782,256,591360,591615,591410,0
591871,426353187438291,1240417,0.64918656,256,591616,591871,591800,0
592127,426353188358250,1132708,0.62763628,256,591872,592127,591924,0
592383,426353189262166,1041959,0.59030164,256,592128,592383,592263,0
592639,426353190143375,1024958,0.65669599,256,592384,592639,592546,0
592895,426353191018083,961500,0.59736265,256,592640,592895,592835,0
593151,426353191903541,887459,0.62120374,256,592896,593151,593029,0
593407,426353192846750,828625,0.60691563,256,593152,593407,593171,0
593663,426353193733708,1564458,0.60772612,256,593408,593663,593425,0
593919,426353194661875,1463583,0.61228407,256,593664,593919,593891,0
594175,426353195580166,1393542,0.62012724,256,593920,594175,593966,0
594431,426353196447208,1378708,0.62712254,256,594176,594431,594281,0
594687,426353197324583,1321208,0.59939127,256,594432,594687,594578,0
594943,426353198220541,1267959,0.62206653,256,594688,594943,594923,0
595199,426353199109500,1207958,0.62019624,256,594944,595199,595197,0
595455,426353200067875,1112208,0.62414991,256,595200,595455,595367,0
595711,426353200962083,1579792,0.62464416,256,595456,595711,595509,0
595967,426353201807375,2315666,0.59181943,256,595712,595967,595962,0
596223,426353202620166,3079417,0.63017868,256,595968,596223,596085,0
596479,426353203537583,3279875,0.61242889,256,596224,596479,596400,0
596735,426353204441208,3161250,0.59227937,256,596480,596735,596660,0
596991,426353205351541,3055417,0.59442219,256,596736,596991,596912,0
597247,426353206283833,2916792,0.63925784,256,596992,597247,597231,0
597503,426353207235375,2784708,0.61598194,256,597248,597503,597317,0
597759,426353208136166,2678042,0.58870569,256,597504,597759,597567,0
598015,426353209035500,2583500,0.61103145,256,597760,598015,597792,0
598271,426353209942750,2491625,0.61090879,256,598016,598271,598079,0
598527,426353210851916,2396334,0.61692627,256,598272,598527,598449,0
598783,426353211737208,2318750,0.59929395,256,598528,598783,598638,0
599039,426353212585791,2290125,0.64087453,256,598784,599039,598872,0
599295,426353213397708,2268167,0.6315689,256,599040,599295,599100,0
599551,426353214302666,2163375,0.58586341,256,599296,599551,599543,0
599807,426353215170958,2146292,0.63829549,256,599552,599807,599582,0
600063,426353216009083,2151875,0.60755528,256,599808,600063,599992,0
600319,426353216924458,2057667,0.60530327,256,600064,600319,600165,0
600575,426353217815250,1989041,0.62263458,256,600320,600575,600529,0
600831,426353218712750,1921041,0.60779822,256,600576,600831,600800,0
601087,426353219650541,1810459,0.60230919,256,600832,601087,600956,0
601343,426353220554541,1715417,0.59317879,256,601088,601343,601154,0
601599,426353221474833,1629333,0.63330478,256,601344,601599,601378,0
601855,426353222318833,1608667,0.64410942,256,601600,601855,601775,0
602111,426353223209291,1550125,0.59992807,256,601856,602111,602083,0
602367,426353224090916,1484542,0.6023155,256,602112,602367,602198,0
602623,426353224977625,1451791,0.6196173,256,602368,602623,602563,0
602879,426353225835166,1434542,0.6397648,256,602624,602879,602632,0
603135,426353226734958,1359000,0.60877202,256,602880,603135,602968,0
603391,426353227642750,1282708,0.62750057,256,603136,603391,603340,0
603647,426353228547041,1228625,0.63772835,256,603392,603647,603564,0
603903,426353229469916,1169042,0.61225154,256,603648,603903,603693,0
604159,426353230432500,2351416,0.64164905,256,603904,604159,603983,0
604415,426353231485291,3289459,0.64319282,256,604160,604415,604236,0
604671,426353233763083,1842500,0.62274917,256,604416,604671,604562,0
604927,426353233778083,2680375,0.63732299,256,604672,604927,604909,0
605183,426353233914125,3352041,0.574203,256,604928,605183,605132,0
605439,426353234693708,3441417,0.64122953,256,605184,605439,605392,0
605695,426353235604333,3352417,0.64987984,256,605440,605695,605685,0
605951,426353236486083,3330333,0.60605493,256,605696,605951,605837,0
606207,426353237385000,3293166,0.59472973,256,605952,606207,605983,0
606463,426353238303958,3218542,0.65296432,256,606208,606463,606301,0
606719,426353239228875,3117625,0.61340293,256,606464,606719,606526,0
606975,426353240117375,3066291,0.64018076,256,606720,606975,606720,0
607231,426353241041166,2966292,0.63829761,256,606976,607231,607086,0
607487,426353241905916,2941375,0.61976185,256,607232,607487,607469,0
607743,426353242805291,2876667,0.58714956,256,607488,607743,607579,0
607999,426353243760250,2790916,0.64076093,256,607744,607999,607886,0
608255,426353244623333,2759500,0.61442276,256,608000,608255,608215,0
608511,426353245555375,2679333,0.64467236,256,608256,608511,608411,0
608767,426353246435291,2666250,0.62364927,256,608512,608767,608705,0
609023,426353247326375,2667958,0.64039392,256,608768,609023,609012,0
609279,426353248227708,2626042,0.67610459,256,609024,609279,609061,0
609535,426353249079583,2611583,0.64185669,256,609280,609535,609531,0
609791,426353249935000,2613166,0.63188469,256,609536,609791,609553,0
610047,426353250825875,2553750,0.60819544,256,609792,610047,609835,0
610303,426353251721416,2506250,0.60853292,256,610048,610303,610172,0
610559,426353252668208,2416792,0.62492758,256,610304,610559,610455,0
610815,426353253491583,2459833,0.67894507,256,610560,610815,610670,0
611071,426353254381833,2407792,0.60293968,256,610816,611071,610874,0
611327,426353255215041,2440459,0.64961557,256,611072,611327,611141,0
611583,426353256171750,2330458,0.65605684,256,611328,611583,611445,0
611839,426353257044750,2309958,0.63862436,256,611584,611839,611769,0
612095,426353257909416,5609125,0.61520012,256,611840,612095,611924,0
612351,426353258744875,4775125,0.64809905,256,612096,612351,612177,0
612607,426353259616000,3905083,0.58713887,256,612352,612607,612534,0
612863,426353260465583,3056458,0.61548058,256,612608,612863,612614,0
613119,426353261356791,2286167,0.64472019,256,612864,613119,613083,0
613375,426353262270250,2229416,0.6103563,256,613120,613375,613170,0
613631,426353263141458,2251375,0.6762325,256,613376,613631,613542,0
613887,426353264021708,2174083,0.59521602,256,613632,613887,613768,0
614143,426353264925333,2115833,0.63039284,256,613888,614143,613973,0
614399,426353265799541,2086334,0.65093792,256,614144,614399,614183,0
614655,426353266639708,2073042,0.61951663,256,614400,614655,614506,0
614911,426353267515458,2033958,0.60176922,256,614656,614911,614706,0
615167,426353268375083,1988875,0.62346011,256,614912,615167,615153,0
615423,426353269330875,1865708,0.62318861,256,615168,615423,615354,0
615679,426353270107500,1959916,0.60593528,256,615424,615679,615509,0
615935,426353270998000,1922416,0.60674639,256,615680,615935,615743,0
616191,426353271829916,1916000,0.61005339,256,615936,616191,616139,0
616447,426353272759500,1816833,0.62176583,256,616192,616447,616319,0
616703,426353273660875,1796291,0.67761214,256,616448,616703,616606,0
616959,426353274542125,1731500,0.58217656,256,616704,616959,616868,0
617215,426353275491583,1615542,0.63351258,256,616960,617215,616970,0
617471,426353276362500,1606416,0.6318691,256,617216,617471,617349,0
617727,426353277294375,1507875,0.60372303,256,617472,617727,617572,0
617983,426353278168375,1465333,0.5882785,256,617728,617983,617751,0
618239,426353279009583,1445583,0.59024759,256,617984,618239,618099,0
618495,426353279897041,1390667,0.6188372,256,618240,618495,618420,0
618751,426353280751750,1380750,0.68728591,256,618496,618751,618577,0
619007,426353281663333,1305208,0.61264445,256,618752,619007,618860,0
619263,426353282502791,1302667,0.61710258,256,619008,619263,619209,0
619519,426353283427833,1182792,0.60008443,256,619264,619519,619360,0
619775,426353284323458,1138292,0.6453923,256,619520,619775,619761,0
620031,426353285243666,1078250,0.63490297,256,619776,620031,619931,0
620287,426353286138416,1045500,0.6416423,256,620032,620287,620262,0
620543,426353286997625,1009833,0.60697028,256,620288,620543,620435,0
620799,426353287882875,972458,0.63129476,256,620544,620799,620723,0
621055,426353288722583,937208,0.64913662,256,620800,621055,621021,0
621311,426353289627250,862000,0.60271673,256,621056,621311,621302,0
621567,426353290489041,879792,0.64973736,256,621312,621567,621379,0
621823,426353291344750,853791,0.61284035,256,621568,621823,621740,0
622079,426353292206625,851000,0.64470687,256,621824,622079,622057,0
622335,426353293091166,854167,0.59847605,256,622080,622335,622228,0
622591,426353293944708,1614917,0.68487594,256,622336,622591,622573,0
622847,426353294804041,1780334,0.65457102,256,622592,622847,622634,0
623103,426353295683916,1770959,0.63492915,256,622848,623103,623095,0
623359,426353296619125,1664583,0.60637673,256,623104,623359,623184,0
623615,426353297518375,1615791,0.64038003,256,623360,623615,623424,0
623871,426353298386041,1574709,0.60458498,256,623616,623871,623626,0
624127,426353299284041,1480084,0.61138184,256,623872,624127,623938,0
624383,426353300162750,1802333,0.59470801,256,624128,624383,624345,0
624639,426353301018666,1778000,0.62856775,256,624384,624639,624618,0
624895,426353301907333,1725708,0.61952238,256,624640,624895,624649,0
625151,426353302844708,1631708,0.6257972,256,624896,625151,625107,0
625407,426353303737625,1593333,0.64044553,256,625152,625407,625223,0
625663,426353304609208,1582875,0.62097953,256,625408,625663,625488,0
625919,426353305470208,1552167,0.60027526,256,625664,625919,625892,0
626175,426353306414791,1446750,0.60962017,256,625920,626175,626008,0
626431,426353307300708,1431250,0.61720247,256,626176,626431,626347,0
626687,426353308190708,1365125,0.64102501,256,626432,626687,626538,0
626943,426353309083916,1303167,0.58298577,256,626688,626943,626939,0
627199,426353310017291,1189000,0.59691529,256,626944,627199,627134,0
627455,426353310905375,1134791,0.6443855,256,627200,627455,627259,0
627711,426353311786500,1097958,0.65614144,256,627456,627711,627559,0
627967,426353312640541,1092084,0.61236989,256,627712,627967,627933,0
628223,426353313534750,1026041,0.6332931,256,627968,628223,628081,0
628479,426353314477333,896833,0.58076314,256,628224,628479,628452,0
628735,426353315322916,876625,0.61998326,256,628480,628735,628701,0
628991,426353316239541,828042,0.59439807,256,628736,628991,628800,0
629247,426353317109291,1703542,0.65400459,256,628992,629247,629035,0
629503,426353317943791,1851834,0.5924986,256,629248,629503,629492,0
629759,426353318845458,1807042,0.6458288,256,629504,629759,629599,0
630015,426353319753083,1733167,0.57496355,256,629760,630015,629961,0
630271,426353320629375,1671083,0.61188899,256,630016,630271,630235,0
630527,426353321453666,1672167,0.66563199,256,630272,630527,630416,0
630783,426353322372458,1575667,0.61237411,256,630528,630783,630771,0
631039,426353323231125,1518000,0.61303204,256,630784,631039,630869,0
631295,426353324177833,1390125,0.60281846,256,631040,631295,631136,0
631551,426353324992416,1389709,0.59442221,256,631296,631551,631299,0
631807,426353325909166,1269209,0.59648675,256,631552,631807,631707,0
632063,426353326775583,1216250,0.65585927,256,631808,632063,632050,0
632319,426353327655958,1195292,0.63461657,256,632064,632319,632128,0
632575,426353328536916,1121792,0.63750405,256,632320,632575,632395,0
632831,426353329427000,1063833,0.65071636,256,632576,632831,632698,0
633087,426353330283166,1020750,0.59603534,256,632832,633087,632882,0
633343,426353331172500,947083,0.62639294,256,633088,633343,633314,0
633599,426353332014416,928500,0.6146565,256,633344,633599,633353,0
633855,426353332859166,882542,0.61854913,256,633600,633855,633631,0
634111,426353333691541,863084,0.6080745,256,633856,634111,633995,0
634367,426353334560375,910750,0.63534921,256,634112,634367,634202,0
634623,426353335398458,924208,0.59496119,256,634368,634623,634459,0
634879,426353336280458,875750,0.59199943,256,634624,634879,634650,0
635135,426353337145916,848084,0.62598071,256,634880,635135,634911,0
635391,426353338083833,1723792,0.62042115,256,635136,635391,635310,0
635647,426353338996875,1761416,0.58537973,256,635392,635647,635521,0
635903,426353339844416,1723959,0.60044824,256,635648,635903,635687,0
636159,426353340725083,1696625,0.62258164,256,635904,636159,636031,0
636415,426353341609500,1634875,0.61672773,256,636160,636415,636177,0
636671,426353342513458,1583542,0.63793373,256,636416,636671,636484,0
636927,426353343404416,1498584,0.65676825,256,636672,636927,636807,0
637183,426353344249083,1477667,0.65068601,256,636928,637183,637136,0
637439,426353345133083,1427083,0.65469798,256,637184,637439,637363,0
637695,426353346051125,1312125,0.63176897,256,637440,637695,637523,0
637951,426353346917416,1250000,0.61766377,256,637696,637951,637852,0
638207,426353347824875,1152125,0.59642016,256,637952,638207,638174,0
638463,426353348751625,1010208,0.59249444,256,638208,638463,638446,0
638719,426353349650166,933542,0.66309834,256,638464,638719,638535,0
638975,426353350569625,834625,0.61057383,256,638720,638975,638830,0
639231,426353351460916,824834,0.60759245,256,638976,639231,639191,0
639487,426353352364291,820042,0.65781552,256,639232,639487,639424,0
639743,426353353265208,1691958,0.63992472,256,639488,639743,639588,0
639999,426353354173375,1748333,0.59752637,256,639744,639999,639856,0
640255,426353355026166,1710709,0.60113956,256,640000,640255,640093,0
640511,426353355875333,1671875,0.62129579,256,640256,640511,640357,0
640767,426353356773333,1603792,0.62064396,256,640512,640767,640657,0
641023,426353357626291,1532250,0.60302827,256,640768,641023,640880,0
641279,426353358502500,1502791,0.60785975,256,641024,641279,641179,0
641535,426353359350583,1446250,0.61596974,256,641280,641535,641397,0
641791,426353360267458,1335500,0.57327156,256,641536,641791,641538,0
642047,426353361134333,1274000,0.62374666,256,641792,642047,641951,0
642303,426353362029000,1176625,0.6010083,256,642048,642303,642117,0
642559,426353362894333,1112042,0.58368317,256,642304,642559,642310,0
642815,426353363755291,1050459,0.6099363,256,642560,642815,642804,0
643071,426353364629916,986542,0.60861314,256,642816,643071,642938,0
643327,426353365490750,961458,0.61528807,256,643072,643327,643281,0
643583,426353366424041,841875,0.60228561,256,643328,643583,643523,0
643839,426353367287208,820125,0.60940541,256,643584,643839,643775,0
644095,426353368161416,812459,0.65134198,256,643840,644095,643862,0
644351,426353369056750,1617291,0.62799196,256,644096,644351,644136,0
644607,426353369940041,1751542,0.64382915,256,644352,644607,644454,0
644863,426353370851708,1632917,0.61922696,256,644608,644863,644668,0
645119,426353371690666,1601042,0.59839023,256,644864,645119,645031,0
645375,426353372563750,1509333,0.62816033,256,645120,645375,645159,0
645631,426353373416833,1450375,0.64913908,256,645376,645631,645529,0
645887,426353374342375,1317666,0.59932455,256,645632,645887,645820,0
646143,426353375293500,1174875,0.60932984,256,645888,646143,646129,0
646399,426353376145541,1131000,0.65642894,256,646144,646399,646328,0
646655,426353376984000,1103625,0.61479246,256,646400,646655,646554,0
646911,426353377866583,1010000,0.58687898,256,646656,646911,646724,0
647167,426353378719208,951417,0.59428629,256,646912,647167,647161,0
647423,426353379647583,819208,0.60937281,256,647168,647423,647410,0
647679,426353380496791,1588250,0.6789547,256,647424,647679,647564,0
647935,426353381355458,1729625,0.63423499,256,647680,647935,647770,0
648191,426353382136750,1754041,0.62730144,256,647936,648191,647963,0
648447,426353383021291,1656375,0.57515766,256,648192,648447,648396,0
648703,426353383933083,1566417,0.64256733,256,648448,648703,648558,0
648959,426353384847208,1456542,0.62837244,256,648704,648959,648738,0
649215,426353385729250,1398041,0.60359799,256,648960,649215,649210,0
649471,426353386587500,1331500,0.58793211,256,649216,649471,649267,0
649727,426353387462541,1234709,0.59659302,256,649472,649727,649648,0
649983,426353388367916,1134000,0.5994441,256,649728,649983,649925,0
650239,426353389280375,1014375,0.61424866,256,649984,650239,650051,0
650495,426353390146000,965791,0.62930165,256,650240,650495,650343,0
650751,426353390990875,923875,0.58270619,256,650496,650751,650654,0
651007,426353391842916,880334,0.62488011,256,650752,651007,650957,0
651263,426353392733416,806709,0.59512176,256,651008,651263,651101,0
651519,426353393601708,1676958,0.60048011,256,651264,651519,651516,0
651775,426353394457708,1806500,0.62010245,256,651520,651775,651578,0
652031,426353395394750,1692083,0.61091659,256,651776,652031,651830,0
652287,426353396287791,1586917,0.60658991,256,652032,652287,652213,0
652543,426353397211791,1469917,0.61519844,256,652288,652543,652489,0
652799,426353398057416,1424417,0.59425728,256,652544,652799,652738,0
653055,426353398970916,1307792,0.61129457,256,652800,653055,653016,0
653311,426353399819750,1691083,0.60562089,256,653056,653311,653295,0
653567,426353400753500,2327500,0.60377393,256,653312,653567,653520,0
653823,426353401617333,3038708,0.60232928,256,653568,653823,653818,0
654079,426353402501791,3461625,0.62713047,256,653824,654079,653836,0
654335,426353403401458,3398792,0.65692913,256,654080,654335,654263,0
654591,426353404231875,3383125,0.61805452,256,654336,654591,654465,0
654847,426353405128583,3280875,0.62261602,256,654592,654847,654803,0
655103,426353406031833,3191917,0.57629691,256,654848,655103,655030,0
655359,426353406935625,3104791,0.61549548,256,655104,655359,655236,0
655615,426353407786666,3080917,0.59535012,256,655360,655615,655536,0
655871,426353408693458,2993917,0.60383213,256,655616,655871,655690,0
656127,426353409614166,2878667,0.58227665,256,655872,656127,656062,0
656383,426353410482625,2812083,0.59378722,256,656128,656383,656332,0
656639,426353411385333,2723583,0.61128015,256,656384,656639,656591,0
656895,426353412239125,2702291,0.62494963,256,656640,656895,656835,0
657151,426353413146208,2606500,0.59723363,256,656896,657151,657044,0
657407,426353413961375,2610875,0.58792185,256,657152,657407,657302,0
657663,426353414839208,2554458,0.61263605,256,657408,657663,657590,0
657919,426353415747916,2504084,0.61526841,256,657664,657919,657875,0
658175,426353416619666,2423667,0.57622205,256,657920,658175,657946,0
658431,426353417493500,2395916,0.61289621,256,658176,658431,658324,0
658687,426353418404583,2364167,0.69292101,256,658432,658687,658558,0
658943,426353419306750,2303208,0.59034389,256,658688,658943,658883,0
659199,426353420157000,2285583,0.62245042,256,658944,659199,659046,0
659455,426353421065666,2188709,0.59387524,256,659200,659455,659402,0
659711,426353421971791,2097792,0.59891146,256,659456,659711,659472,0
659967,426353422909583,2006125,0.59958757,256,659712,659967,659897,0
660223,426353423818583,1897417,0.58000046,256,659968,660223,660050,0
660479,426353424717166,1804875,0.60133077,256,660224,660479,660289,0
660735,426353425588916,1795375,0.63295032,256,660480,660735,660666,0
660991,426353426506708,1709542,0.59501282,256,660736,660991,660790,0
661247,426353427363000,1702666,0.60153947,256,660992,661247,661002,0
661503,426353428255833,1625667,0.59158211,256,661248,661503,661373,0
661759,426353429130208,1607458,0.64671385,256,661504,661759,661544,0
662015,426353430037916,1562584,0.63386269,256,661760,662015,661875,0
662271,426353430928333,1531458,0.63753856,256,662016,662271,662260,0
662527,426353431835416,1418292,0.59024547,256,662272,662527,662375,0
662783,426353432747208,1423958,0.63687953,256,662528,662783,662655,0
663039,426353433638541,1286000,0.64143286,256,662784,663039,662978,0
663295,426353434601333,1137875,0.57706709,256,663040,663295,663164,0
663551,426353435429375,1134875,0.61257362,256,663296,663551,663429,0
663807,426353436313208,1068958,0.60967855,256,663552,663807,663686,0
664063,426353437182375,1001291,0.64639082,256,663808,664063,664021,0
664319,426353438034666,1025542,0.62269165,256,664064,664319,664092,0
664575,426353438880333,961792,0.62883106,256,664320,664575,664431,0
664831,426353439769125,866166,0.56860543,256,664576,664831,664630,0
665087,426353440666375,841958,0.60762078,256,664832,665087,665012,0
665343,426353441527333,963500,0.61130886,256,665088,665343,665189,0
665599,426353442424833,849917,0.5750652,256,665344,665599,665347,0
665855,426353443327375,4080958,0.58355571,256,665600,665855,665754,0
666111,426353444188750,3221916,0.61997599,256,665856,666111,666045,0
666367,426353447595583,1047208,0.60002854,256,666112,666367,666212,0
666623,426353447604708,1854583,0.63354144,256,666368,666623,666553,0
666879,426353447613958,2637250,0.61653147,256,666624,666879,666699,0
667135,426353447736250,3300791,0.56357814,256,666880,667135,666908,0
667391,426353448572708,3256417,0.60738056,256,667136,667391,667316,0
667647,426353449442333,3180667,0.61848223,256,667392,667647,667567,0
667903,426353450322041,3093042,0.5728344,256,667648,667903,667799,0
668159,426353451193083,3034833,0.61213227,256,667904,668159,668026,0
668415,426353452092291,2907292,0.59197516,256,668160,668415,668185,0
668671,426353453051583,2749667,0.59319544,256,668416,668671,668469,0
668927,426353453996916,2603750,0.59242797,256,668672,668927,668764,0
669183,426353454758833,2654000,0.60667735,256,668928,669183,669149,0
669439,426353455637750,2602541,0.6337925,256,669184,669439,669185,0
669695,426353456522791,2506667,0.56935957,256,669440,669695,669609,0
669951,426353457404250,2411583,0.59063498,256,669696,669951,669883,0
670207,426353458294166,2331167,0.61252297,256,669952,670207,670042,0
670463,426353459146541,2292125,0.63678324,256,670208,670463,670318,0
670719,426353460013708,2231792,0.59948209,256,670464,670719,670710,0
670975,426353460931541,2114000,0.60904724,256,670720,670975,670774,0
671231,426353461791541,2039709,0.60613878,256,670976,671231,671059,0
671487,426353462662458,1960083,0.59180814,256,671232,671487,671400,0
671743,426353463564291,1884084,0.61424834,256,671488,671743,671517,0
671999,426353464473083,1757583,0.59625723,256,671744,671999,671789,0
672255,426353465384416,1643167,0.61436095,256,672000,672255,672096,0
672511,426353466236333,1616125,0.63025999,256,672256,672511,672376,0
672767,426353467163083,1500375,0.66362755,256,672512,672767,672543,0
673023,426353468034583,1465667,0.62217051,256,672768,673023,672917,0
673279,426353468886375,1442083,0.61708042,256,673024,673279,673174,0
673535,426353469792666,1337709,0.64805175,256,673280,673535,673382,0
673791,426353470698333,1233667,0.62971467,256,673536,673791,673773,0
674047,426353471625583,1112833,0.6198063,256,673792,674047,673982,0
674303,426353472531500,987666,0.58066036,256,674048,674303,674261,0
674559,426353473428375,906958,0.62529003,256,674304,674559,674439,0
674815,426353474273333,860417,0.62864922,256,674560,674815,674749,0
675071,426353475169708,859000,0.62037311,256,674816,675071,675030,0
675327,426353476023916,808417,0.60885206,256,675072,675327,675108,0
675583,426353476887750,1635708,0.63898438,256,675328,675583,675524,0
675839,426353477791041,1724709,0.60914251,256,675584,675839,675632,0
676095,426353478660666,1632375,0.60579449,256,675840,676095,675865,0
676351,426353479529625,1550666,0.59432828,256,676096,676351,676156,0
676607,426353480364291,1506709,0.57141594,256,676352,676607,676495,0
676863,426353481259791,1398875,0.58731305,256,676608,676863,676756,0
677119,426353482144291,1340459,0.63939749,256,676864,677119,677044,0
677375,426353483047666,1231959,0.63027226,256,677120,677375,677374,0
677631,426353483944541,1133125,0.5942791,256,677376,677631,677391,0
677887,426353484815750,1042791,0.58388281,256,677632,677887,677657,0
678143,426353485723541,948167,0.62146377,256,677888,678143,677982,0
678399,426353486600625,885958,0.59878781,256,678144,678399,678146,0
678655,426353487503083,1598667,0.59872554,256,678400,678655,678429,0
678911,426353488373000,1776833,0.60944565,256,678656,678911,678879,0
679167,426353489230875,1752875,0.61940373,256,678912,679167,679121,0
679423,426353490101875,1716375,0.61862896,256,679168,679423,679321,0
679679,426353491001250,1632333,0.64121584,256,679424,679679,679528,0
679935,426353491919375,1560916,0.60850876,256,679680,679935,679793,0
680191,426353492826708,1457167,0.59243858,256,679936,680191,680049,0
680447,426353493720000,1408541,0.63755647,256,680192,680447,680220,0
680703,426353494677541,1266875,0.60332944,256,680448,680703,680530,0
680959,426353495511833,1282417,0.6298314,256,680704,680959,680816,0
681215,426353496437875,1162875,0.5681895,256,680960,681215,681068,0
681471,426353497321500,1105750,0.58800449,256,681216,681471,681254,0
681727,426353498208916,1015250,0.58821582,256,681472,681727,681558,0
681983,426353499029125,1028208,0.61040398,256,681728,681983,681805,0
682239,426353499880833,999875,0.6066355,256,681984,682239,682016,0
682495,426353500822291,869292,0.57977163,256,682240,682495,682353,0
682751,426353501704958,876250,0.65932005,256,682496,682751,682599,0
683007,426353502564208,844833,0.59602317,256,682752,683007,682964,0
683263,426353503453000,874458,0.60274246,256,683008,683263,683133,0
683519,426353504310625,839625,0.59988771,256,683264,683519,683364,0
683775,426353505230250,884583,0.6686183,256,683520,683775,683692,0
684031,426353506142583,808250,0.56468519,256,683776,684031,683867,0
684287,426353507051583,843958,0.61662286,256,684032,684287,684199,0
684543,426353507928416,1729084,0.64193169,256,684288,684543,684347,0
684799,426353508811458,1838292,0.58499298,256,684544,684799,684588,0
685055,426353509691541,1717584,0.58960647,256,684800,685055,684954,0
685311,426353510723333,1541167,0.6016676,256,685056,685311,685064,0
685567,426353511461833,1600542,0.61858467,256,685312,685567,685336,0
685823,426353512998083,5974958,0.59487259,256,685568,685823,685695,0
686079,426353513480916,5498500,0.58018432,256,685824,686079,686035,0
686335,426353519294250,1333208,0.58325845,256,686080,686335,686087,0
686591,426353519316166,2099542,0.62981849,256,686336,686591,686568,0
686847,426353519325291,3283875,0.57930104,256,686592,686847,686783,0
687103,426353519334458,4591875,0.65859587,256,686848,687103,687048,0
687359,426353519343583,5942917,0.60778999,256,687104,687359,687141,0
687615,426353519352666,6543250,0.60367651,256,687360,687615,687363,0
687871,426353519658500,7044583,0.58603592,256,687616,687871,687736,0
688127,426353520609291,6910500,0.58117719,256,687872,688127,688034,0
688383,426353521157875,7198375,0.6051523,256,688128,688383,688138,0
688639,426353522042750,7114625,0.60204624,256,688384,688639,688401,0
688895,426353522918875,7061333,0.60905626,256,688640,688895,688837,0
689151,426353523897375,6892791,0.64303692,256,688896,689151,689078,0
689407,426353524714375,6878000,0.60143652,256,689152,689407,689228,0
689663,426353525638000,12566000,0.61402743,256,689408,689663,689611,0
689919,426353526466000,11739750,0.59535371,256,689664,689919,689827,0
690175,426353527372958,10843583,0.61915101,256,689920,690175,689963,0
690431,426353528232791,9984834,0.61467062,256,690176,690431,690317,0
690687,426353529081625,9149791,0.59832341,256,690432,690687,690499,0
690943,426353529973833,8259125,0.60441898,256,690688,690943,690906,0
691199,426353530834125,7418541,0.60027493,256,690944,691199,691111,0
691455,426353538257625,1055458,0.66421782,256,691200,691455,691410,0
691711,426353538273958,1868583,0.61290356,256,691456,691711,691574,0
691967,426353538290958,2653333,0.64918656,256,691712,691967,691800,0
692223,426353538312041,3447750,0.59092323,256,691968,692223,692037,0
692479,426353538333041,4235000,0.59101226,256,692224,692479,692425,0
692735,426353538354958,5164000,0.65669599,256,692480,692735,692546,0
692991,426353538378375,5873666,0.59736265,256,692736,692991,692835,0
693247,426353538406583,6667292,0.62120374,256,692992,693247,693029,0
693503,426353538891250,7017916,0.60772612,256,693248,693503,693425,0
693759,426353539812250,6903291,0.57819875,256,693504,693759,693714,0
694015,426353540732333,6794917,0.62012724,256,693760,694015,693966,0
694271,426353541605333,6749375,0.59574194,256,694016,694271,694049,0
694527,426353542477291,6706667,0.62712254,256,694272,694527,694281,0
694783,426353543350916,13506000,0.59939127,256,694528,694783,694578,0
695039,426353544253083,12605458,0.62206653,256,694784,695039,694923,0
695295,426353545175333,11684250,0.62019624,256,695040,695295,695197,0
695551,426353546145500,10715125,0.62464416,256,695296,695551,695509,0
695807,426353547010708,9850833,0.61700318,256,695552,695807,695591,0
696063,426353547828625,9044541,0.59613018,256,695808,696063,696021,0
696319,426353548688083,8186083,0.63017868,256,696064,696319,696085,0
696575,426353549569000,7306125,0.61242889,256,696320,696575,696400,0
696831,426353556935125,993958,0.59227937,256,696576,696831,696660,0
697087,426353556949583,1788833,0.59442219,256,696832,697087,696912,0
697343,426353556964041,2594709,0.63925784,256,697088,697343,697231,0
697599,426353556978500,3377458,0.60842845,256,697344,697599,697382,0
697855,426353556994416,4177209,0.61103145,256,697600,697855,697792,0
698111,426353557010666,4977584,0.61090879,256,697856,698111,698079,0
698367,426353557027333,5759083,0.59589135,256,698112,698367,698153,0
698623,426353557043958,6550417,0.61692627,256,698368,698623,698449,0
698879,426353557750458,6665708,0.64087453,256,698624,698879,698872,0
699135,426353558610916,6614667,0.6315689,256,698880,699135,699100,0
699391,426353559455208,6549958,0.5872921,256,699136,699391,699189,0
699647,426353560359166,6486875,0.63829549,256,699392,699647,699582,0
699903,426353561183958,6472750,0.62853484,256,699648,699903,699785,0
700159,426353562059750,6454500,0.60755528,256,699904,700159,699992,0
700415,426353562969708,6365917,0.60530327,256,700160,700415,700165,0
700671,426353563836583,6334125,0.62263458,256,700416,700671,700529,0
700927,426353564788875,6210583,0.60779822,256,700672,700927,700800,0
701183,426353565691541,6123292,0.60230919,256,700928,701183,700956,0
701439,426353566587875,6042833,0.63330478,256,701184,701439,701378,0
701695,426353567515291,5935667,0.63263105,256,701440,701695,701595,0
701951,426353568350416,5948750,0.64410942,256,701696,701951,701775,0
702207,426353569255916,5867250,0.6023155,256,701952,702207,702198,0
702463,426353570107583,5837833,0.59392582,256,702208,702463,702393,0
702719,426353571006791,5943209,0.6397648,256,702464,702719,702632,0
702975,426353571901875,6665416,0.61741068,256,702720,702975,702751,0
703231,426353572789833,6710208,0.61318985,256,702976,703231,703213,0
703487,426353573672791,6694500,0.62750057,256,703232,703487,703340,0
703743,426353574560208,6721083,0.63772835,256,703488,703743,703564,0
703999,426353575541958,6611667,0.64164905,256,703744,703999,703983,0
704255,426353576483291,6556750,0.64319282,256,704000,704255,704236,0
704511,426353577359833,6530833,0.60900428,256,704256,704511,704495,0
704767,426353578191375,6566750,0.62274917,256,704512,704767,704562,0
705023,426353579008916,6573292,0.63732299,256,704768,705023,704909,0
705279,426353579854958,6553667,0.59443301,256,705024,705279,705257,0
705535,426353580717583,6519458,0.64122953,256,705280,705535,705392,0
705791,426353581652791,6429459,0.64987984,256,705536,705791,705685,0
706047,426353582530583,6394083,0.60605493,256,705792,706047,705837,0
706303,426353583430708,6329417,0.65296432,256,706048,706303,706301,0
706559,426353584355708,6239375,0.63426197,256,706304,706559,706311,0
706815,426353585239916,6170000,0.64018076,256,706560,706815,706720,0
707071,426353586152916,6087000,0.62623433,256,706816,707071,706952,0
707327,426353587058500,5985791,0.63829761,256,707072,707327,707086,0
707583,426353587964541,5945334,0.61976185,256,707328,707583,707469,0
707839,426353588885500,5842958,0.61656514,256,707584,707839,707835,0
708095,426353589784000,5809041,0.64076093,256,707840,708095,707886,0
708351,426353590666750,5759458,0.61740189,256,708096,708351,708349,0
708607,426353591605208,5686208,0.64467236,256,708352,708607,708411,0
708863,426353592455083,5681042,0.62364927,256,708608,708863,708705,0
709119,426353593373583,5631083,0.67610459,256,708864,709119,709061,0
709375,426353594224000,5629833,0.61156548,256,709120,709375,709322,0
709631,426353595116333,5590792,0.64185669,256,709376,709631,709531,0
709887,426353595960375,5566750,0.60819544,256,709632,709887,709835,0
710143,426353596863833,5504875,0.58116441,256,709888,710143,710078,0
710399,426353597791875,5429541,0.60853292,256,710144,710399,710172,0
710655,426353598642000,5458416,0.65325771,256,710400,710655,710628,0
710911,426353599498791,5449584,0.67894507,256,710656,710911,710670,0
711167,426353600384958,5426333,0.64961557,256,710912,711167,711141,0
711423,426353601312208,5339000,0.62749321,256,711168,711423,711374,0
711679,426353602209458,5283042,0.65605684,256,711424,711679,711445,0
711935,426353603078958,5276292,0.63862436,256,711680,711935,711769,0
712191,426353603921625,5315125,0.64809905,256,711936,712191,712177,0
712447,426353604769083,5325083,0.63287607,256,712192,712447,712234,0
712703,426353605651458,5291333,0.61548058,256,712448,712703,712614,0
712959,426353606499166,5532125,0.59944774,256,712704,712959,712746,0
713215,426353607392583,5242000,0.64472019,256,712960,713215,713083,0
713471,426353608277291,5194584,0.59119149,256,713216,713471,713246,0
713727,426353609184708,5152542,0.6762325,256,713472,713727,713542,0
713983,426353610049625,5135250,0.63039284,256,713728,713983,713973,0
714239,426353610938791,5073792,0.65093792,256,713984,714239,714183,0
714495,426353611797708,5045208,0.58754861,256,714240,714495,714257,0
714751,426353612669166,5007709,0.61951663,256,714496,714751,714506,0
715007,426353613523000,5111083,0.59019091,256,714752,715007,714762,0
715263,426353614434750,5845250,0.62346011,256,715008,715263,715153,0
715519,426353615329333,5857500,0.62318861,256,715264,715519,715354,0
715775,426353616138375,5927583,0.60674639,256,715520,715775,715743,0
716031,426353617005291,5888584,0.57655639,256,715776,716031,715823,0
716287,426353617863666,5859125,0.61005339,256,716032,716287,716139,0
716543,426353618806625,5760208,0.64976743,256,716288,716543,716528,0
716799,426353619676458,5773583,0.67761214,256,716544,716799,716606,0
717055,426353620604041,5666834,0.63351258,256,716800,717055,716970,0
717311,426353621492791,5608459,0.60263866,256,717056,717311,717303,0
717567,426353622409708,5558417,0.6318691,256,717312,717567,717349,0
717823,426353623336125,5476458,0.60372303,256,717568,717823,717572,0
718079,426353624183000,5446083,0.58486997,256,717824,718079,717928,0
718335,426353625039083,5406292,0.59024759,256,718080,718335,718099,0
718591,426353625923708,5367417,0.68728591,256,718336,718591,718577,0
718847,426353626804541,5315459,0.61867574,256,718592,718847,718642,0
719103,426353627690708,5264167,0.61264445,256,718848,719103,718860,0
719359,426353628557083,5225500,0.61710258,256,719104,719359,719209,0
719615,426353629487208,5112958,0.6286582,256,719360,719615,719592,0
719871,426353630334416,5118375,0.6453923,256,719616,719871,719761,0
720127,426353631294875,5019791,0.63490297,256,719872,720127,719931,0
720383,426353632180541,4996709,0.6416423,256,720128,720383,720262,0
720639,426353633041291,4955709,0.60697028,256,720384,720639,720435,0
720895,426353633895458,4976292,0.63129476,256,720640,720895,720723,0
721151,426353634769458,4907292,0.64913662,256,720896,721151,721021,0
721407,426353635644625,4884041,0.64973736,256,721152,721407,721379,0
721663,426353636540041,4831792,0.57956331,256,721408,721663,721660,0
721919,426353637384916,4797625,0.61284035,256,721664,721919,721740,0
722175,426353638222208,4802792,0.64470687,256,721920,722175,722057,0
722431,426353639143958,4708625,0.59847605,256,722176,722431,722228,0
722687,426353639974250,4775666,0.68487594,256,722432,722687,722573,0
722943,426353640828708,4748292,0.60635518,256,722688,722943,722827,0
723199,426353641769708,4724125,0.63492915,256,722944,723199,723095,0
723455,426353642665416,4627292,0.64038003,256,723200,723455,723424,0
723711,426353643555666,4562084,0.60458498,256,723456,723711,723626,0
723967,426353644434416,4511334,0.61138184,256,723712,723967,723938,0
724223,426353645303041,4442500,0.59090211,256,723968,724223,724005,0
724479,426353646145875,4431291,0.62098797,256,724224,724479,724466,0
724735,426353647065583,4334667,0.62856775,256,724480,724735,724618,0
724991,426353647930750,4303500,0.61344227,256,724736,724991,724746,0
725247,426353648877000,4224000,0.64044553,256,724992,725247,725223,0
725503,426353649768375,4168916,0.62097953,256,725248,725503,725488,0
725759,426353650625041,4161792,0.61062979,256,725504,725759,725660,0
726015,426353651522791,4105250,0.60962017,256,725760,726015,726008,0
726271,426353652441583,4009750,0.60111605,256,726016,726271,726149,0
726527,426353653306000,4010583,0.61720247,256,726272,726527,726347,0
726783,426353654221791,3925042,0.64102501,256,726528,726783,726538,0
727039,426353655139541,3831500,0.58298577,256,726784,727039,726939,0
727295,426353656072041,3724709,0.6443855,256,727040,727295,727259,0
727551,426353656951125,3676791,0.63127731,256,727296,727551,727391,0
727807,426353657800000,3677708,0.65614144,256,727552,727807,727559,0
728063,426353658691125,3625958,0.61891241,256,727808,728063,728054,0
728319,426353659592791,3538834,0.6332931,256,728064,728319,728081,0
728575,426353660511458,3452958,0.60331849,256,728320,728575,728493,0
728831,426353661379625,3400375,0.61998326,256,728576,728831,728701,0
729087,426353662302416,3292625,0.65400459,256,728832,729087,729035,0
729343,426353663101000,3313375,0.6237523,256,729088,729343,729134,0
729599,426353663978833,3268833,0.6458288,256,729344,729599,729599,0
729855,426353664856791,5836084,0.60521927,256,729600,729855,729608,0
730111,426353665808958,4897333,0.597402,256,729856,730111,730061,0
730367,426353666641041,4067125,0.61188899,256,730112,730367,730235,0
730623,426353667479125,3230208,0.66563199,256,730368,730623,730416,0
730879,426353668852958,2846333,0.61303204,256,730624,730879,730869,0
731135,426353670779000,1729791,0.59416986,256,730880,731135,731039,0
731391,426353670794125,2530250,0.60281846,256,731136,731391,731136,0
731647,426353670999583,3114750,0.57155643,256,731392,731647,731591,0
731903,426353671920750,2997958,0.59648675,256,731648,731903,731707,0
732159,426353672833291,2933417,0.65585927,256,731904,732159,732050,0
732415,426353673665666,2944417,0.63750405,256,732160,732415,732395,0
732671,426353674584208,2832000,0.58455642,256,732416,732671,732649,0
732927,426353675421166,2822542,0.65071636,256,732672,732927,732698,0
733183,426353676304791,2744375,0.61297029,256,732928,733183,733178,0
733439,426353677178458,2683375,0.62639294,256,733184,733439,733314,0
733695,426353678050708,2619125,0.61854913,256,733440,733695,733631,0
733951,426353678892750,2589666,0.59637254,256,733696,733951,733899,0
734207,426353679710250,2593583,0.63534921,256,733952,734207,734202,0
734463,426353680566708,2600167,0.61000586,256,734208,734463,734365,0
734719,426353681433958,2554875,0.59199943,256,734464,734719,734650,0
734975,426353682292750,2511833,0.62598071,256,734720,734975,734911,0
735231,426353683197083,2421042,0.60876253,256,734976,735231,735063,0
735487,426353684097541,2306500,0.62042115,256,735232,735487,735310,0
735743,426353685001458,2193167,0.60044824,256,735488,735743,735687,0
735999,426353685874166,2151375,0.60120333,256,735744,735999,735916,0
736255,426353686778916,2107750,0.62258164,256,736000,736255,736031,0
736511,426353687634958,2060417,0.63793373,256,736256,736511,736484,0
736767,426353688539958,2001083,0.63242657,256,736512,736767,736650,0
737023,426353689397333,1937792,0.65676825,256,736768,737023,736807,0
737279,426353690279375,1907208,0.65068601,256,737024,737279,737136,0
737535,426353691198083,1834750,0.65469798,256,737280,737535,737363,0
737791,426353692068583,1769958,0.60124857,256,737536,737791,737715,0
738047,426353692958208,1681333,0.61766377,256,737792,738047,737852,0
738303,426353693886666,1562875,0.59642016,256,738048,738303,738174,0
738559,426353694773750,1493833,0.66309834,256,738304,738559,738535,0
738815,426353695708000,1348166,0.56907406,256,738560,738815,738736,0
739071,426353696645833,1228083,0.61057383,256,738816,739071,738830,0
739327,426353697514625,1172166,0.60759245,256,739072,739327,739191,0
739583,426353698406625,1092666,0.65781552,256,739328,739583,739424,0
739839,426353699316875,976458,0.63992472,256,739584,739839,739588,0
740095,426353700216500,1310291,0.60113956,256,739840,740095,740093,0
740351,426353701053500,2081625,0.59723792,256,740096,740351,740167,0
740607,426353701921083,2818875,0.62129579,256,740352,740607,740357,0
740863,426353702786375,3546125,0.62064396,256,740608,740863,740657,0
741119,426353703661916,4265667,0.60302827,256,740864,741119,740880,0
741375,426353704535333,4543875,0.60785975,256,741120,741375,741179,0
741631,426353705389750,4510666,0.61596974,256,741376,741631,741397,0
741887,426353706311041,4401667,0.56519687,256,741632,741887,741775,0
742143,426353707156833,4412250,0.62374666,256,741888,742143,741951,0
742399,426353708077208,4302875,0.58368317,256,742144,742399,742310,0
742655,426353708931291,4258959,0.58232311,256,742400,742655,742585,0
742911,426353709816875,4213041,0.6099363,256,742656,742911,742804,0
743167,426353710632625,4214750,0.60861314,256,742912,743167,742938,0
743423,426353711550125,4156791,0.61528807,256,743168,743423,743281,0
743679,426353712441875,4116625,0.60228561,256,743424,743679,743523,0
743935,426353713342583,4031708,0.65134198,256,743680,743935,743862,0
744191,426353714185333,4004208,0.62799196,256,743936,744191,744136,0
744447,426353715081375,3925791,0.58681251,256,744192,744447,744411,0
744703,426353715944500,3900958,0.64382915,256,744448,744703,744454,0
744959,426353716880500,3789500,0.60329803,256,744704,744959,744799,0
745215,426353717745333,3750250,0.62816033,256,744960,745215,745159,0
745471,426353718578875,3714166,0.57488227,256,745216,745471,745390,0
745727,426353719469833,3644708,0.64913908,256,745472,745727,745529,0
745983,426353720420916,3509125,0.59932455,256,745728,745983,745820,0
746239,426353721325416,3433667,0.61677297,256,745984,746239,746227,0
746495,426353722165375,3430958,0.65642894,256,746240,746495,746328,0
746751,426353723035291,3384209,0.61479246,256,746496,746751,746554,0
747007,426353723901541,3324125,0.57780175,256,746752,747007,747005,0
747263,426353724774250,3282291,0.60889053,256,747008,747263,747192,0
747519,426353725629666,3247209,0.60937281,256,747264,747519,747410,0
747775,426353726523875,3189166,0.6789547,256,747520,747775,747564,0
748031,426353727334583,3408417,0.62730144,256,747776,748031,747963,0
748287,426353728160083,3193667,0.60328595,256,748032,748287,748068,0
748543,426353729068833,3086167,0.62217247,256,748288,748543,748533,0
748799,426353729960416,3027417,0.64256733,256,748544,748799,748558,0
749055,426353730887500,2961958,0.6161321,256,748800,749055,748819,0
749311,426353731730333,2942667,0.60359799,256,749056,749311,749210,0
749567,426353732611708,2881708,0.56453933,256,749312,749567,749549,0
749823,426353733495750,2794625,0.59659302,256,749568,749823,749648,0
750079,426353734439250,2683083,0.61424866,256,749824,750079,750051,0
750335,426353735333083,2613625,0.61688379,256,750080,750335,750288,0
750591,426353736121291,5312250,0.62930165,256,750336,750591,750343,0
750847,426353736989791,4448292,0.58270619,256,750592,750847,750654,0
751103,426353737866416,3572750,0.62488011,256,750848,751103,750957,0
751359,426353739887125,1553000,0.57593519,256,751104,751359,751231,0
751615,426353739896250,2224000,0.62010245,256,751360,751615,751578,0
751871,426353741459916,1486250,0.61426755,256,751616,751871,751636,0
752127,426353741474375,2296500,0.59584126,256,751872,752127,752094,0
752383,426353742318250,2261083,0.60658991,256,752128,752383,752213,0
752639,426353743246958,2151583,0.61519844,256,752384,752639,752489,0
752895,426353744089500,2122708,0.59425728,256,752640,752895,752738,0
753151,426353744978458,2069583,0.61129457,256,752896,753151,753016,0
753407,426353745895708,1956292,0.60562089,256,753152,753407,753295,0
753663,426353746754208,1912333,0.60377393,256,753408,753663,753520,0
753919,426353747618333,1894958,0.62713047,256,753664,753919,753836,0
754175,426353748549750,1800416,0.6093607,256,753920,754175,753945,0
754431,426353749413166,1756625,0.65692913,256,754176,754431,754263,0
754687,426353750223958,1753208,0.61805452,256,754432,754687,754465,0
754943,426353751155250,1623625,0.62261602,256,754688,754943,754803,0
755199,426353752084416,1510042,0.59726526,256,754944,755199,755187,0
755455,426353752949125,1472500,0.61549548,256,755200,755455,755236,0
755711,426353753833958,1404292,0.60383213,256,755456,755711,755690,0
755967,426353754751500,1283291,0.57401221,256,755712,755967,755755,0
756223,426353755648000,1192541,0.58227665,256,755968,756223,756062,0
756479,426353756514166,1146542,0.59378722,256,756224,756479,756332,0
756735,426353757399041,1848709,0.61128015,256,756480,756735,756591,0
756991,426353758263833,1038458,0.62494963,256,756736,756991,756835,0
757247,426353759130791,973625,0.59723363,256,756992,757247,757044,0
757503,426353759990750,952791,0.58792185,256,757248,757503,757302,0
757759,426353760887666,1394084,0.61263605,256,757504,757759,757590,0
758015,426353761776166,830084,0.61526841,256,757760,758015,757875,0
758271,426353762771375,836333,0.57187917,256,758016,758271,758258,0
758527,426353763576833,905750,0.63655577,256,758272,758527,758520,0
758783,426353764431583,923458,0.69292101,256,758528,758783,758558,0
759039,426353765355083,838167,0.59034389,256,758784,759039,758883,0
759295,426353766170666,825792,0.62245042,256,759040,759295,759046,0
759551,426353767097750,880916,0.59891146,256,759296,759551,759472,0
759807,426353768030708,815292,0.59348389,256,759552,759807,759762,0
760063,426353768966250,843625,0.59958757,256,759808,760063,759897,0
760319,426353769873958,799125,0.60133077,256,760064,760319,760289,0
760575,426353770719375,823958,0.59212213,256,760320,760575,760573,0
760831,426353771633833,864125,0.63295032,256,760576,760831,760666,0
761087,426353772514666,826750,0.60153947,256,760832,761087,761002,0
761343,426353773402958,834500,0.58873099,256,761088,761343,761211,0
761599,426353774280208,838875,0.64671385,256,761344,761599,761544,0
761855,426353775197500,832208,0.6293775,256,761600,761855,761653,0
762111,426353776067666,1710042,0.63386269,256,761856,762111,761875,0
762367,426353776974458,2396042,0.63753856,256,762112,762367,762260,0
762623,426353777898875,3071041,0.61157715,256,762368,762623,762614,0
762879,426353778763250,3817541,0.63687953,256,762624,762879,762655,0
763135,426353779636666,4525750,0.64143286,256,762880,763135,762978,0
763391,426353780567916,5185750,0.57790313,256,763136,763391,763300,0
763647,426353781429750,5925666,0.61257362,256,763392,763647,763429,0
763903,426353782358500,6180500,0.60967855,256,763648,763903,763686,0
764159,426353783201375,6163208,0.64639082,256,763904,764159,764021,0
764415,426353784057000,6102333,0.61029215,256,764160,764415,764207,0
764671,426353784903500,6046791,0.62883106,256,764416,764671,764431,0
764927,426353785799750,5942500,0.56441215,256,764672,764927,764810,0
765183,426353786676791,5885709,0.60762078,256,764928,765183,765012,0
765439,426353787564958,5780542,0.61130886,256,765184,765439,765189,0
765695,426353788476250,5660875,0.57097002,256,765440,765695,765478,0
765951,426353789378333,5551792,0.58718128,256,765696,765951,765933,0
766207,426353790215833,5527542,0.61997599,256,765952,766207,766045,0
766463,426353791109958,5422958,0.60002854,256,766208,766463,766212,0
766719,426353792001750,5353125,0.63354144,256,766464,766719,766553,0
766975,426353792898541,5244500,0.61077366,256,766720,766975,766792,0
767231,426353793737333,5182833,0.5885259,256,766976,767231,767159,0
767487,426353794614583,5116458,0.60738056,256,767232,767487,767316,0
767743,426353795479583,5040208,0.61848223,256,767488,767743,767567,0
767999,426353796329750,4983041,0.6022365,256,767744,767999,767968,0
768255,426353797228083,4891375,0.61213227,256,768000,768255,768026,0
768511,426353798165041,4742792,0.59319544,256,768256,768511,768469,0
768767,426353799072458,4631083,0.59242797,256,768512,768767,768764,0
769023,426353799945541,4552375,0.58565776,256,768768,769023,768869,0
769279,426353800794666,4513375,0.6337925,256,769024,769279,769185,0
769535,426353801645166,4486709,0.62627704,256,769280,769535,769375,0
769791,426353802585250,4333958,0.57674917,256,769536,769791,769699,0
770047,426353803472500,4237041,0.61252297,256,769792,770047,770042,0
770303,426353804317250,4212791,0.59082476,256,770048,770303,770232,0
770559,426353805172875,4166500,0.63678324,256,770304,770559,770318,0
770815,426353806050083,4094125,0.60904724,256,770560,770815,770774,0
771071,426353806960958,3983000,0.60613878,256,770816,771071,771059,0
771327,426353807820041,3907792,0.60333579,256,771072,771327,771168,0
771583,426353808705708,3847750,0.61424834,256,771328,771583,771517,0
771839,426353809609916,3741292,0.59625723,256,771584,771839,771789,0
772095,426353810542625,3592250,0.60373505,256,771840,772095,772002,0
772351,426353811422583,3526750,0.61460563,256,772096,772351,772272,0
772607,426353812262416,3520375,0.66362755,256,772352,772607,772543,0
772863,426353813160666,3410334,0.59350308,256,772608,772863,772806,0
773119,426353814056125,3348250,0.62217051,256,772864,773119,772917,0
773375,426353814919708,3311667,0.61708042,256,773120,773375,773174,0
773631,426353815824666,3205584,0.64805175,256,773376,773631,773382,0
773887,426353816757500,3072333,0.62971467,256,773632,773887,773773,0
774143,426353817665333,2975083,0.6198063,256,773888,774143,773982,0
774399,426353818556291,2862375,0.58066036,256,774144,774399,774261,0
774655,426353819448416,2786625,0.62529003,256,774400,774655,774439,0
774911,426353820342041,2696542,0.62864922,256,774656,774911,774749,0
775167,426353821211416,2635834,0.62037311,256,774912,775167,775030,0
775423,426353822052250,2570083,0.5705806,256,775168,775423,775385,0
775679,426353822936958,2514083,0.63898438,256,775424,775679,775524,0
775935,426353823817958,2428500,0.60579449,256,775680,775935,775865,0
776191,426353824666083,2373667,0.59432828,256,775936,776191,776156,0
776447,426353825547666,2270209,0.56983826,256,776192,776447,776319,0
776703,426353826419583,2197500,0.57141594,256,776448,776703,776495,0
776959,426353827265958,2140500,0.5911342,256,776704,776959,776923,0
777215,426353828169166,2072375,0.63939749,256,776960,777215,777044,0
777471,426353829091125,1946416,0.63027226,256,777216,777471,777374,0
777727,426353829995416,1831250,0.58755874,256,777472,777727,777610,0
777983,426353830853958,1787625,0.62146377,256,777728,777983,777982,0
778239,426353831740583,1703750,0.60246461,256,777984,778239,778132,0
778495,426353832637625,1602375,0.59872554,256,778240,778495,778429,0
778751,426353833529875,1494958,0.59822397,256,778496,778751,778555,0
779007,426353834372916,1438417,0.60944565,256,778752,779007,778879,0
779263,426353835239583,1384375,0.61940373,256,779008,779263,779121,0
779519,426353836158416,1287792,0.61862896,256,779264,779519,779321,0
779775,426353837077083,1177625,0.64121584,256,779520,779775,779528,0
780031,426353837958416,1109334,0.60850876,256,779776,780031,779793,0
780287,426353838866375,1000916,0.63755647,256,780032,780287,780220,0
780543,426353839802083,869042,0.62428661,256,780288,780543,780344,0
780799,426353840684750,1694250,0.57821061,256,780544,780799,780769,0
781055,426353841547833,1829708,0.6298314,256,780800,781055,780816,0
781311,426353842457833,1742250,0.58800449,256,781056,781311,781254,0
781567,426353843392083,1617542,0.58821582,256,781312,781567,781558,0
781823,426353844253416,1559959,0.61040398,256,781568,781823,781805,0
782079,426353845056208,1590333,0.6066355,256,781824,782079,782016,0
782335,426353845911875,1541000,0.57035621,256,782080,782335,782232,0
782591,426353846838041,1423334,0.64955942,256,782336,782591,782580,0
782847,426353847734083,1372542,0.65932005,256,782592,782847,782599,0
783103,426353848605083,1355708,0.59602317,256,782848,783103,782964,0
783359,426353849488208,1287958,0.60274246,256,783104,783359,783133,0
783615,426353850361125,1262208,0.61212021,256,783360,783615,783568,0
783871,426353851285250,1201916,0.6686183,256,783616,783871,783692,0
784127,426353852184041,1147125,0.60951265,256,783872,784127,784032,0
784383,426353853077125,1094000,0.64193169,256,784128,784383,784347,0
784639,426353853988458,1003708,0.58499298,256,784384,784639,784588,0
784895,426353854865750,944625,0.58175114,256,784640,784895,784783,0
785151,426353855705666,913625,0.6016676,256,784896,785151,785064,0
785407,426353856557291,910292,0.61858467,256,785152,785407,785336,0
785663,426353857469416,871334,0.59030133,256,785408,785663,785641,0
785919,426353858370958,843333,0.59487259,256,785664,785919,785695,0
786175,426353859269875,1627583,0.58325845,256,785920,786175,786087,0
786431,426353860154166,1745042,0.57110776,256,786176,786431,786261,0
786687,426353861039708,1670875,0.62981849,256,786432,786687,786568,0
786943,426353861963166,1563917,0.60212846,256,786688,786943,786884,0
787199,426353862862208,1523458,0.65859587,256,786944,787199,787048,0
787455,426353863732500,1480208,0.60433851,256,787200,787455,787327,0
787711,426353864594000,1415083,0.60328128,256,787456,787711,787525,0
787967,426353865453583,1376042,0.58603592,256,787712,787967,787736,0
788223,426353866335791,1309500,0.6051523,256,787968,788223,788138,0
788479,426353867191333,1279750,0.60298794,256,788224,788479,788341,0
788735,426353868096166,1203000,0.59905662,256,788480,788735,788644,0
788991,426353868940333,1142583,0.61451882,256,788736,788991,788947,0
789247,426353869801791,1092917,0.64303692,256,788992,789247,789078,0
789503,426353870772500,928833,0.5877867,256,789248,789503,789433,0
789759,426353871619916,916750,0.61402743,256,789504,789759,789611,0
790015,426353872515750,857208,0.61915101,256,789760,790015,789963,0
790271,426353873355958,826125,0.57221192,256,790016,790271,790226,0
790527,426353874243416,870209,0.61467062,256,790272,790527,790317,0
790783,426353875114875,876041,0.57762067,256,790528,790783,790641,0
791039,426353875983000,856333,0.60441898,256,790784,791039,790906,0
791295,426353876916083,867125,0.61028263,256,791040,791295,791281,0
791551,426353877752250,889791,0.66421782,256,791296,791551,791410,0
791807,426353878623041,860750,0.64918656,256,791552,791807,791800,0
792063,426353879541708,851792,0.62763628,256,791808,792063,791924,0
792319,426353880456291,824625,0.59030164,256,792064,792319,792263,0
792575,426353881296833,848833,0.65669599,256,792320,792575,792546,0
792831,426353882206000,872458,0.63442299,256,792576,792831,792633,0
793087,426353883048083,841042,0.62120374,256,792832,793087,793029,0
793343,426353884022333,829125,0.60691563,256,793088,793343,793171,0
793599,426353884913083,877292,0.60772612,256,793344,793599,793425,0
793855,426353885857000,819375,0.57819875,256,793600,793855,793714,0
794111,426353886752833,1714333,0.62012724,256,793856,794111,793966,0
794367,426353887632208,2432708,0.62712254,256,794112,794367,794281,0
794623,426353888493375,2438166,0.60192367,256,794368,794623,794373,0
794879,426353889391833,2343667,0.58488348,256,794624,794879,794651,0
795135,426353890291291,2264917,0.62206653,256,794880,795135,794923,0
795391,426353891252833,2148042,0.62414991,256,795136,795391,795367,0
795647,426353892142083,2088125,0.62464416,256,795392,795647,795509,0
795903,426353893014791,2004209,0.57558784,256,795648,795903,795683,0
796159,426353893851291,1948459,0.63017868,256,795904,796159,796085,0
796415,426353894709875,1901958,0.61242889,256,796160,796415,796400,0
796671,426353895616166,1777792,0.59227937,256,796416,796671,796660,0
796927,426353896498291,1693542,0.59442219,256,796672,796927,796912,0
797183,426353897445291,1538542,0.58007661,256,796928,797183,796931,0
797439,426353898422541,1384625,0.63925784,256,797184,797439,797231,0
797695,426353899315291,1297792,0.58870569,256,797440,797695,797567,0
797951,426353900226916,1243750,0.61103145,256,797696,797951,797792,0
798207,426353901115000,1121333,0.61090879,256,797952,798207,798079,0
798463,426353902040083,1001583,0.61692627,256,798208,798463,798449,0
798719,426353902935416,896500,0.59929395,256,798464,798719,798638,0
798975,426353903772125,878791,0.64087453,256,798720,798975,798872,0
799231,426353904606458,847375,0.6315689,256,798976,799231,799100,0
799487,426353905474541,814625,0.57421666,256,799232,799487,799302,0
799743,426353906366458,1764708,0.63829549,256,799488,799743,799582,0
799999,426353907200833,1919500,0.62853484,256,799744,799999,799785,0
800255,426353908089458,1895958,0.60530327,256,800000,800255,800165,0
800511,426353909011833,1813000,0.60754791,256,800256,800511,800431,0
800767,426353909890500,1779666,0.62263458,256,800512,800767,800529,0
801023,426353910834666,1680375,0.60779822,256,800768,801023,800800,0
801279,426353911730750,1623375,0.59317879,256,801024,801279,801154,0
801535,426353912671791,1516375,0.63330478,256,801280,801535,801378,0
801791,426353913533541,1514542,0.64410942,256,801536,801791,801775,0
802047,426353914393583,1508750,0.59444516,256,801792,802047,801939,0
802303,426353915307666,1441792,0.6023155,256,802048,802303,802198,0
802559,426353916152375,1428791,0.59879767,256,802304,802559,802557,0
802815,426353917027416,1447250,0.6397648,256,802560,802815,802632,0
803071,426353917934750,1386500,0.60877202,256,802816,803071,802968,0
803327,426353918832083,1337042,0.61318985,256,803072,803327,803213,0
803583,426353919725541,1304584,0.63772835,256,803328,803583,803564,0
803839,426353920638750,1284708,0.61225154,256,803584,803839,803693,0
804095,426353921631041,1144042,0.64164905,256,803840,804095,803983,0
804351,426353922524208,1125042,0.64319282,256,804096,804351,804236,0
804607,426353923364666,1129792,0.62274917,256,804352,804607,804562,0
804863,426353924225166,1136375,0.63325526,256,804608,804863,804770,0
805119,426353925014291,1181084,0.63732299,256,804864,805119,804909,0
805375,426353925891083,1166500,0.59443301,256,805120,805375,805257,0
805631,426353926790208,1111375,0.64122953,256,805376,805631,805392,0
805887,426353927681416,1106125,0.64987984,256,805632,805887,805685,0
806143,426353928587750,1059833,0.59472973,256,805888,806143,805983,0
806399,426353929485208,1036750,0.65296432,256,806144,806399,806301,0
806655,426353930392875,968166,0.61340293,256,806400,806655,806526,0
806911,426353931273750,943750,0.64018076,256,806656,806911,806720,0
807167,426353932245291,881875,0.63829761,256,806912,807167,807086,0
807423,426353933094083,865083,0.59043634,256,807168,807423,807340,0
807679,426353933988416,868084,0.61976185,256,807424,807679,807469,0
807935,426353934925375,888291,0.64076093,256,807680,807935,807886,0
808191,426353935803125,863083,0.60188761,256,807936,808191,808135,0
808447,426353936691875,1086916,0.64467236,256,808192,808447,808411,0
808703,426353937644000,1444000,0.61130411,256,808448,808703,808568,0
808959,426353938532041,1447459,0.62364927,256,808704,808959,808705,0
809215,426353939449041,1420000,0.67610459,256,808960,809215,809061,0
809471,426353940265375,1454708,0.61156548,256,809216,809471,809322,0
809727,426353941146041,1459875,0.64185669,256,809472,809727,809531,0
809983,426353942010083,1455958,0.60819544,256,809728,809983,809835,0
810239,426353942880500,1451666,0.60853292,256,809984,810239,810172,0
810495,426353943839541,1367500,0.62492758,256,810240,810495,810455,0
810751,426353944655583,1441208,0.67894507,256,810496,810751,810670,0
811007,426353945538291,1427834,0.60293968,256,810752,811007,810874,0
811263,426353946405708,1448083,0.64961557,256,811008,811263,811141,0
811519,426353947338291,1381959,0.65605684,256,811264,811519,811445,0
811775,426353948242458,1347292,0.63862436,256,811520,811775,811769,0
812031,426353949087333,1369958,0.61520012,256,811776,812031,811924,0
812287,426353949920541,1464917,0.64809905,256,812032,812287,812177,0
812543,426353950808041,1449000,0.61243982,256,812288,812543,812291,0
812799,426353951680458,1445792,0.61548058,256,812544,812799,812614,0
813055,426353952543166,1442917,0.59380359,256,812800,813055,813048,0
813311,426353953436958,1426042,0.64472019,256,813056,813311,813083,0
813567,426353954362500,1375541,0.6762325,256,813312,813567,813542,0
813823,426353955233208,1368375,0.62823744,256,813568,813823,813626,0
814079,426353956099708,1370250,0.63039284,256,813824,814079,813973,0
814335,426353957001291,1329584,0.65093792,256,814080,814335,814183,0
814591,426353957819208,1363292,0.61951663,256,814336,814591,814506,0
814847,426353958715500,1321500,0.60176922,256,814592,814847,814706,0
815103,426353959557583,1312333,0.62239543,256,814848,815103,815087,0
815359,426353960497000,1233500,0.62346011,256,815104,815359,815153,0
815615,426353961341875,1265541,0.60631253,256,815360,815615,815412,0
815871,426353962149125,1351500,0.60674639,256,815616,815871,815743,0
816127,426353963023500,1309458,0.59356166,256,815872,816127,816042,0
816383,426353963915291,1283167,0.62176583,256,816128,816383,816319,0
816639,426353964841416,1245125,0.67761214,256,816384,816639,816606,0
816895,426353965716208,1224958,0.59797442,256,816640,816895,816650,0
817151,426353966676000,1119958,0.63351258,256,816896,817151,816970,0
817407,426353967540875,1124583,0.6318691,256,817152,817407,817349,0
817663,426353968455375,1069500,0.60372303,256,817408,817663,817572,0
817919,426353969356958,1015542,0.5882785,256,817664,817919,817751,0
818175,426353970184500,1043791,0.59024759,256,817920,818175,818099,0
818431,426353971091833,996292,0.6188372,256,818176,818431,818420,0
818687,426353971945958,987750,0.68728591,256,818432,818687,818577,0
818943,426353972852125,930791,0.61264445,256,818688,818943,818860,0
819199,426353973709875,945708,0.60049282,256,818944,819199,819088,0
819455,426353974604291,878000,0.61710258,256,819200,819455,819209,0
819711,426353975506833,845750,0.6286582,256,819456,819711,819592,0
819967,426353976402041,1686667,0.6453923,256,819712,819967,819761,0
820223,426353977332375,1789500,0.58354475,256,819968,820223,820090,0
820479,426353978187125,1805416,0.6416423,256,820224,820479,820262,0
820735,426353979077333,1789708,0.63129476,256,820480,820735,820723,0
820991,426353979917916,1789292,0.62201745,256,820736,820991,820885,0
821247,426353980842958,1683292,0.64913662,256,820992,821247,821021,0
821503,426353981654750,1766875,0.64973736,256,821248,821503,821379,0
821759,426353982554666,1720167,0.61284035,256,821504,821759,821740,0
822015,426353983383708,1739583,0.59641035,256,821760,822015,822001,0
822271,426353984296833,1694500,0.64470687,256,822016,822271,822057,0
822527,426353985107000,1740125,0.63934525,256,822272,822527,822519,0
822783,426353986014583,1714375,0.68487594,256,822528,822783,822573,0
823039,426353986851875,1735583,0.60635518,256,822784,823039,822827,0
823295,426353987805375,1668875,0.63492915,256,823040,823295,823095,0
823551,426353988705666,1635959,0.64038003,256,823296,823551,823424,0
823807,426353989570666,1885084,0.60458498,256,823552,823807,823626,0
824063,426353990460833,1547500,0.61138184,256,823808,824063,823938,0
824319,426353991349458,1487708,0.57218914,256,824064,824319,824261,0
824575,426353992210708,1473333,0.62098797,256,824320,824575,824466,0
824831,426353993094458,1454917,0.62856775,256,824576,824831,824618,0
825087,426353994035291,1350792,0.59053032,256,824832,825087,824870,0
825343,426353994907958,1373583,0.64044553,256,825088,825343,825223,0
825599,426353995768750,1374666,0.62097953,256,825344,825599,825488,0
825855,426353996663666,1349834,0.61062979,256,825600,825855,825660,0
826111,426353997590916,1277709,0.60962017,256,825856,826111,826008,0
826367,426353998486250,1261791,0.61720247,256,826112,826367,826347,0
826623,426353999378083,1228417,0.64102501,256,826368,826623,826538,0
826879,426354000264291,1188167,0.6052075,256,826624,826879,826627,0
827135,426354001197833,1092208,0.59691529,256,826880,827135,827134,0
827391,426354002088541,1067584,0.6443855,256,827136,827391,827259,0
827647,426354002977000,1034291,0.65614144,256,827392,827647,827559,0
827903,426354003829750,1014583,0.57842803,256,827648,827903,827773,0
828159,426354004740916,988834,0.6332931,256,827904,828159,828081,0
828415,426354005647500,915541,0.58710934,256,828160,828415,828196,0
828671,426354006516541,887417,0.60331849,256,828416,828671,828493,0
828927,426354007434250,850500,0.61998326,256,828672,828927,828701,0
829183,426354008312291,1690500,0.65400459,256,828928,829183,829035,0
829439,426354009112208,1882250,0.5891788,256,829184,829439,829268,0
829695,426354010015750,1861166,0.6458288,256,829440,829695,829599,0
829951,426354010895250,1850750,0.59749237,256,829696,829951,829752,0
830207,426354011805333,1745750,0.597402,256,829952,830207,830061,0
830463,426354012650875,1760458,0.66563199,256,830208,830463,830416,0
830719,426354013540916,1700084,0.61983034,256,830464,830719,830526,0
830975,426354014445750,1639000,0.61303204,256,830720,830975,830869,0
831231,426354015327000,1587166,0.60281846,256,830976,831231,831136,0
831487,426354016178166,1577584,0.59442221,256,831232,831487,831299,0
831743,426354017060250,1507666,0.59648675,256,831488,831743,831707,0
831999,426354017953333,1425667,0.59384777,256,831744,831999,831879,0
832255,426354018831625,1427541,0.65585927,256,832000,832255,832050,0
832511,426354019717833,1393458,0.63750405,256,832256,832511,832395,0
832767,426354020636250,1327541,0.65071636,256,832512,832767,832698,0
833023,426354021452166,1325792,0.59603534,256,832768,833023,832882,0
833279,426354022340750,1286708,0.61297029,256,833024,833279,833178,0
833535,426354023213083,1241042,0.62639294,256,833280,833535,833314,0
833791,426354024066083,1220667,0.61854913,256,833536,833791,833631,0
834047,426354024919875,1189250,0.6080745,256,833792,834047,833995,0
834303,426354025745583,1220667,0.63534921,256,834048,834303,834202,0
834559,426354026597250,1236916,0.61000586,256,834304,834559,834365,0
834815,426354027463541,1194375,0.59199943,256,834560,834815,834650,0
835071,426354028338375,1162666,0.62598071,256,834816,835071,834911,0
835327,426354029263916,1069375,0.62042115,256,835072,835327,835310,0
835583,426354030145625,1003125,0.6007891,256,835328,835583,835384,0
835839,426354031062625,887625,0.60044824,256,835584,835839,835687,0
836095,426354031912750,927333,0.62258164,256,835840,836095,836031,0
836351,426354032803708,888958,0.61672773,256,836096,836351,836177,0
836607,426354033696416,1719750,0.63793373,256,836352,836607,836484,0
836863,426354034575041,1831250,0.65676825,256,836608,836863,836807,0
837119,426354035427791,1764709,0.59189767,256,836864,837119,837104,0
837375,426354036328083,1716333,0.65469798,256,837120,837375,837363,0
837631,426354037229416,1631959,0.63176897,256,837376,837631,837523,0
837887,426354038087500,1586666,0.61766377,256,837632,837887,837852,0
838143,426354038986083,1498333,0.59563738,256,837888,838143,837928,0
838399,426354039935875,1352916,0.59642016,256,838144,838399,838174,0
838655,426354040832708,1265792,0.66309834,256,838400,838655,838535,0
838911,426354041760250,1161625,0.61057383,256,838656,838911,838830,0
839167,426354042644000,1077166,0.59880173,256,838912,839167,838927,0
839423,426354043544458,985000,0.60759245,256,839168,839423,839191,0
839679,426354044440500,889166,0.65781552,256,839424,839679,839424,0
839935,426354045343750,841541,0.63380544,256,839680,839935,839704,0
840191,426354046238000,838041,0.60113956,256,839936,840191,840093,0
840447,426354047080208,830792,0.62129579,256,840192,840447,840357,0
840703,426354047947875,841625,0.62064396,256,840448,840703,840657,0
840959,426354048820625,835833,0.60302827,256,840704,840959,840880,0
841215,426354049694083,857625,0.60785975,256,840960,841215,841179,0
841471,426354050537666,825209,0.61596974,256,841216,841471,841397,0
841727,426354051448708,838708,0.57658246,256,841472,841727,841494,0
841983,426354052300041,826834,0.62374666,256,841728,841983,841951,0
842239,426354053210333,829375,0.6010083,256,841984,842239,842117,0
842495,426354054068041,810250,0.58368317,256,842240,842495,842310,0
842751,426354054956625,808750,0.58232311,256,842496,842751,842585,0
843007,426354055808791,851792,0.6099363,256,842752,843007,842804,0
843263,426354056653416,820250,0.60607571,256,843008,843263,843247,0
843519,426354057610458,843042,0.61528807,256,843264,843519,843281,0
843775,426354058489666,813750,0.60940541,256,843520,843775,843775,0
844031,426354059332541,1709792,0.65134198,256,843776,844031,843862,0
844287,426354060255791,1763750,0.62799196,256,844032,844287,844136,0
844543,426354061130125,1687708,0.64382915,256,844288,844543,844454,0
844799,426354062022250,1606083,0.61922696,256,844544,844799,844668,0
845055,426354062897541,1535209,0.59839023,256,844800,845055,845031,0
845311,426354063761625,1460541,0.62816033,256,845056,845311,845159,0
845567,426354064599416,1410375,0.64913908,256,845312,845567,845529,0
845823,426354065534041,1274209,0.59932455,256,845568,845823,845820,0
846079,426354066487541,1117250,0.58963899,256,845824,846079,845982,0
846335,426354067302958,1116292,0.65642894,256,846080,846335,846328,0
846591,426354068180833,1044500,0.61479246,256,846336,846591,846554,0
846847,426354069066875,956458,0.58687898,256,846592,846847,846724,0
847103,426354069896041,909792,0.5812468,256,846848,847103,847029,0
847359,426354070820250,1665625,0.60889053,256,847104,847359,847192,0
847615,426354071680708,1849208,0.6789547,256,847360,847615,847564,0
847871,426354072556583,1792375,0.63423499,256,847616,847871,847770,0
848127,426354073352791,1813292,0.62730144,256,847872,848127,847963,0
848383,426354074217541,1767250,0.57473111,256,848128,848383,848260,0
848639,426354075095583,1715083,0.64256733,256,848384,848639,848558,0
848895,426354075985125,1670958,0.62837244,256,848640,848895,848738,0
849151,426354076919208,1573250,0.5982365,256,848896,849151,848934,0
849407,426354077747833,1570542,0.60359799,256,849152,849407,849210,0
849663,426354078664958,1455292,0.59659302,256,849408,849663,849648,0
849919,426354079523500,1416791,0.58975026,256,849664,849919,849840,0
850175,426354080463291,1300709,0.61424866,256,849920,850175,850051,0
850431,426354081334458,1264083,0.62930165,256,850176,850431,850343,0
850687,426354082173125,1267250,0.58270619,256,850432,850687,850654,0
850943,426354083039083,1210417,0.58112582,256,850688,850943,850827,0
851199,426354083935625,1150375,0.62488011,256,850944,851199,850957,0
851455,426354084775583,1151083,0.58236464,256,851200,851455,851396,0
851711,426354085636833,1110000,0.62010245,256,851456,851711,851578,0
851967,426354086557166,1019709,0.61091659,256,851712,851967,851830,0
852223,426354087463250,931291,0.60658991,256,851968,852223,852213,0
852479,426354088379416,829334,0.57312292,256,852224,852479,852448,0
852735,426354089251291,1626250,0.61519844,256,852480,852735,852489,0
852991,426354090132375,1750541,0.60823272,256,852736,852991,852905,0
853247,426354090996833,1702292,0.61129457,256,852992,853247,853016,0
853503,426354091924166,1565209,0.60562089,256,853248,853503,853295,0
853759,426354092802541,1477834,0.60377393,256,853504,853759,853520,0
854015,426354093665708,1439625,0.62713047,256,853760,854015,853836,0
854271,426354094592000,1324750,0.65692913,256,854016,854271,854263,0
854527,426354095431750,1278958,0.61805452,256,854272,854527,854465,0
854783,426354096285375,1204208,0.60662932,256,854528,854783,854587,0
855039,426354097223375,1048458,0.62261602,256,854784,855039,854803,0
855295,426354098113250,953041,0.61549548,256,855040,855295,855236,0
855551,426354098971583,893958,0.59535012,256,855296,855551,855536,0
855807,426354099875541,831292,0.60383213,256,855552,855807,855690,0
856063,426354100782291,798625,0.58227665,256,855808,856063,856062,0
856319,426354101651125,1631500,0.57086195,256,856064,856319,856064,0
856575,426354102570583,1738667,0.59378722,256,856320,856575,856332,0
856831,426354103423625,1706458,0.62129146,256,856576,856831,856802,0
857087,426354104306250,1650750,0.62494963,256,856832,857087,856835,0
857343,426354105164833,1606125,0.58792185,256,857088,857343,857302,0
857599,426354106047125,1550208,0.61263605,256,857344,857599,857590,0
857855,426354106925000,1520625,0.59954949,256,857600,857855,857720,0
858111,426354107800541,1445459,0.61526841,256,857856,858111,857875,0
858367,426354108690791,1388417,0.61289621,256,858112,858367,858324,0
858623,426354109606875,1361291,0.69292101,256,858368,858623,858558,0
858879,426354110446208,1354625,0.59693152,256,858624,858879,858667,0
859135,426354111357708,1286417,0.62245042,256,858880,859135,859046,0
859391,426354112246458,1209375,0.58982097,256,859136,859391,859381,0
859647,426354113137166,1144334,0.59891146,256,859392,859647,859472,0
859903,426354114091250,1026208,0.59958757,256,859648,859903,859897,0
860159,426354114993458,922167,0.58000046,256,859904,860159,860050,0
860415,426354115915583,826708,0.60133077,256,860160,860415,860289,0
860671,426354116757083,1383750,0.63295032,256,860416,860671,860666,0
860927,426354117679708,1274167,0.59501282,256,860672,860927,860790,0
861183,426354118540791,1233209,0.60153947,256,860928,861183,861002,0
861439,426354119459375,1118208,0.59158211,256,861184,861439,861373,0
861695,426354120314833,1094917,0.64671385,256,861440,861695,861544,0
861951,426354121220833,1033708,0.63386269,256,861696,861951,861875,0
862207,426354122144083,905583,0.63145207,256,861952,862207,862172,0
862463,426354123020416,859125,0.63753856,256,862208,862463,862260,0
862719,426354123912958,828583,0.63687953,256,862464,862719,862655,0
862975,426354124804416,865709,0.60181328,256,862720,862975,862774,0
863231,426354125695125,805333,0.64143286,256,862976,863231,862978,0
863487,426354126593541,1139917,0.61257362,256,863232,863487,863429,0
863743,426354127491250,1011041,0.60967855,256,863488,863743,863686,0
863999,426354128390583,915708,0.59341199,256,863744,863999,863831,0
864255,426354129213166,933875,0.64639082,256,864000,864255,864021,0
864511,426354130071291,859042,0.62883106,256,864256,864511,864431,0
864767,426354130937000,818291,0.56860543,256,864512,864767,864630,0
865023,426354131839333,823000,0.60762078,256,864768,865023,865012,0
865279,426354132697833,1605792,0.61130886,256,865024,865279,865189,0
865535,426354133582166,1726667,0.5750652,256,865280,865535,865347,0
865791,426354134496833,1607750,0.58355571,256,865536,865791,865754,0
866047,426354135379958,1513583,0.61997599,256,865792,866047,866045,0
866303,426354136245458,1443958,0.60002854,256,866048,866303,866212,0
866559,426354137134875,1372083,0.63354144,256,866304,866559,866553,0
866815,426354138048916,1236334,0.61653147,256,866560,866815,866699,0
867071,426354138927875,1148791,0.56357814,256,866816,867071,866908,0
867327,426354139738333,1143583,0.60738056,256,867072,867327,867316,0
867583,426354140648375,1021125,0.61848223,256,867328,867583,867567,0
867839,426354141515333,952583,0.5728344,256,867584,867839,867799,0
868095,426354142381500,883458,0.61213227,256,867840,868095,868026,0
868351,426354143250083,799083,0.59197516,256,868096,868351,868185,0
868607,426354144234083,841625,0.59319544,256,868352,868607,868469,0
868863,426354145116625,831458,0.59242797,256,868608,868863,868764,0
869119,426354145953500,837125,0.59253761,256,868864,869119,869107,0
869375,426354146826125,1710708,0.6337925,256,869120,869375,869185,0
869631,426354147685833,1649583,0.60585419,256,869376,869631,869377,0
869887,426354148600250,1515833,0.59063498,256,869632,869887,869883,0
870143,426354149489625,1425291,0.61252297,256,869888,870143,870042,0
870399,426354150351458,1379958,0.63678324,256,870144,870399,870318,0
870655,426354151187125,1337708,0.61420734,256,870400,870655,870414,0
870911,426354152121916,1219167,0.60904724,256,870656,870911,870774,0
871167,426354152987958,1136167,0.60613878,256,870912,871167,871059,0
871423,426354153834583,1073542,0.60333579,256,871168,871423,871168,0
871679,426354154742833,995208,0.61424834,256,871424,871679,871517,0
871935,426354155666875,860750,0.59625723,256,871680,871935,871789,0
872191,426354156543458,1532792,0.61436095,256,871936,872191,872096,0
872447,426354157428208,1478375,0.63025999,256,872192,872447,872376,0
872703,426354158326916,1392792,0.66362755,256,872448,872703,872543,0
872959,426354159211791,1336042,0.62217051,256,872704,872959,872917,0
873215,426354160073541,1292042,0.61708042,256,872960,873215,873174,0
873471,426354160968250,1222291,0.64805175,256,873216,873471,873382,0
873727,426354161877291,1107625,0.60259417,256,873472,873727,873615,0
873983,426354162820875,960333,0.62971467,256,873728,873983,873773,0
874239,426354163716708,859250,0.61590293,256,873984,874239,874003,0
874495,426354164583708,3486458,0.62529003,256,874240,874495,874439,0
874751,426354165450875,2621041,0.62864922,256,874496,874751,874749,0
875007,426354167195291,2010792,0.59333768,256,874752,875007,874937,0
875263,426354168356166,1649792,0.62037311,256,875008,875263,875030,0
875519,426354168370625,2430166,0.61166759,256,875264,875519,875516,0
875775,426354168976291,2696667,0.63898438,256,875520,875775,875524,0
876031,426354169841333,2566667,0.60579449,256,875776,876031,875865,0
876287,426354170734125,2464083,0.59432828,256,876032,876287,876156,0
876543,426354171583708,2401625,0.57141594,256,876288,876543,876495,0
876799,426354172444333,2334375,0.58731305,256,876544,876799,876756,0
877055,426354173312708,2273792,0.63939749,256,876800,877055,877044,0
877311,426354174224583,2175667,0.62799182,256,877056,877311,877062,0
877567,426354175145041,2045584,0.63027226,256,877312,877567,877374,0
877823,426354176014500,1968625,0.58755874,256,877568,877823,877610,0
878079,426354176902208,1882792,0.62146377,256,877824,878079,877982,0
878335,426354177791166,1795042,0.60246461,256,878080,878335,878132,0
878591,426354178681875,1701750,0.59872554,256,878336,878591,878429,0
878847,426354179515416,1660209,0.59446178,256,878592,878847,878809,0
879103,426354180426916,1558459,0.61647809,256,878848,879103,879082,0
879359,426354181279791,1522042,0.61940373,256,879104,879359,879121,0
879615,426354182167500,1420875,0.64121584,256,879360,879615,879528,0
879871,426354183131000,1301000,0.60850876,256,879616,879871,879793,0
880127,426354183989833,1236625,0.59243858,256,879872,880127,880049,0
880383,426354184925041,1098959,0.63755647,256,880128,880383,880220,0
880639,426354185822000,1019250,0.61990284,256,880384,880639,880394,0
880895,426354186693333,960500,0.6298314,256,880640,880895,880816,0
881151,426354187623416,828334,0.5681895,256,880896,881151,881068,0
881407,426354188521083,812500,0.58800449,256,881152,881407,881254,0
881663,426354189406041,803209,0.58821582,256,881408,881663,881558,0
881919,426354190257583,840000,0.61040398,256,881664,881919,881805,0
882175,426354191062000,827375,0.6066355,256,881920,882175,882016,0
882431,426354191966500,833083,0.57977163,256,882176,882431,882353,0
882687,426354192866583,847042,0.65932005,256,882432,882687,882599,0
882943,426354193750750,801541,0.594451,256,882688,882943,882812,0
883199,426354194637333,1083000,0.60274246,256,882944,883199,883133,0
883455,426354195505791,1014042,0.59988771,256,883200,883455,883364,0
883711,426354196415166,956959,0.6686183,256,883456,883711,883692,0
883967,426354197346083,827625,0.60820329,256,883712,883967,883720,0
884223,426354198222166,1583417,0.61662286,256,883968,884223,884199,0
884479,426354199103375,1741333,0.64193169,256,884224,884479,884347,0
884735,426354200011708,1639917,0.58499298,256,884480,884735,884588,0
884991,426354200874333,1571292,0.58960647,256,884736,884991,884954,0
885247,426354201728250,1507916,0.6016676,256,884992,885247,885064,0
885503,426354202631833,1436458,0.61858467,256,885248,885503,885336,0
885759,426354203533291,1363709,0.59487259,256,885504,885759,885695,0
886015,426354204413250,1295666,0.57453155,256,885760,886015,885774,0
886271,426354205311291,1193000,0.58325845,256,886016,886271,886087,0
886527,426354206168166,1132292,0.59289488,256,886272,886527,886448,0
886783,426354207120166,990667,0.62981849,256,886528,886783,886568,0
887039,426354208000250,924125,0.61250639,256,886784,887039,886967,0
887295,426354208889458,891042,0.65859587,256,887040,887295,887048,0
887551,426354209749875,850083,0.60433851,256,887296,887551,887327,0
887807,426354210598250,828875,0.58603592,256,887552,887807,887736,0
888063,426354211479958,842708,0.58117719,256,887808,888063,888034,0
888319,426354212366916,821584,0.6051523,256,888064,888319,888138,0
888575,426354213194916,1607542,0.60298794,256,888320,888575,888341,0
888831,426354214120750,1704208,0.59933504,256,888576,888831,888796,0
889087,426354214971583,1656958,0.64303692,256,888832,889087,889078,0
889343,426354215858458,1584250,0.62150001,256,889088,889343,889100,0
889599,426354216827291,1430250,0.58952888,256,889344,889599,889516,0
889855,426354217656041,1423584,0.61402743,256,889600,889855,889611,0
890111,426354218570000,1349833,0.61915101,256,889856,890111,889963,0
890367,426354219397625,1344208,0.61467062,256,890112,890367,890317,0
890623,426354220274250,1278375,0.59832341,256,890368,890623,890499,0
890879,426354221159666,1217334,0.5910827,256,890624,890879,890815,0
891135,426354222022208,1179917,0.60441898,256,890880,891135,890906,0
891391,426354222952166,1079209,0.61028263,256,891136,891391,891281,0
891647,426354223803416,1065167,0.66421782,256,891392,891647,891410,0
891903,426354224659791,1037667,0.64918656,256,891648,891903,891800,0
892159,426354225576333,928625,0.62763628,256,891904,892159,891924,0
892415,426354226486625,844916,0.59030164,256,892160,892415,892263,0
892671,426354227356375,1630875,0.65669599,256,892416,892671,892546,0
892927,426354228244416,1773792,0.59736265,256,892672,892927,892835,0
893183,426354229127000,1723666,0.62120374,256,892928,893183,893029,0
893439,426354230047208,1642000,0.60772612,256,893184,893439,893425,0
893695,426354230956666,1570000,0.60193256,256,893440,893695,893481,0
893951,426354231894666,1465042,0.61228407,256,893696,893951,893891,0
894207,426354232784083,1410958,0.62012724,256,893952,894207,893966,0
894463,426354233653791,1399125,0.62712254,256,894208,894463,894281,0
894719,426354234542250,1331291,0.59939127,256,894464,894719,894578,0
894975,426354235425833,1294125,0.62206653,256,894720,894975,894923,0
895231,426354236339875,1222333,0.62019624,256,894976,895231,895197,0
895487,426354237292125,1117708,0.62414991,256,895232,895487,895367,0
895743,426354238184333,1080917,0.62464416,256,895488,895743,895509,0
895999,426354239010791,1064667,0.59181943,256,895744,895999,895962,0
896255,426354239847333,1040042,0.63017868,256,896000,896255,896085,0
896511,426354240752875,952458,0.61242889,256,896256,896511,896400,0
896767,426354241664875,845625,0.59227937,256,896512,896767,896660,0
897023,426354242569750,2799375,0.59442219,256,896768,897023,896912,0
897279,426354243506208,1864625,0.63925784,256,897024,897279,897231,0
897535,426354245395291,1627500,0.61598194,256,897280,897535,897317,0
897791,426354245409708,2433583,0.60010546,256,897536,897791,897762,0
898047,426354246255791,2417667,0.61103145,256,897792,898047,897792,0
898303,426354247155166,2347959,0.61090879,256,898048,898303,898079,0
898559,426354248056291,2292625,0.61692627,256,898304,898559,898449,0
898815,426354248974250,2193000,0.59929395,256,898560,898815,898638,0
899071,426354249795708,2222292,0.64087453,256,898816,899071,898872,0
899327,426354250623708,2200708,0.6315689,256,899072,899327,899100,0
899583,426354251504166,2148125,0.63829549,256,899328,899583,899582,0
899839,426354252374625,2131416,0.62853484,256,899584,899839,899785,0
900095,426354253245041,2132209,0.60755528,256,899840,900095,899992,0
900351,426354254170291,2056125,0.60530327,256,900096,900351,900165,0
900607,426354255023458,2056667,0.62263458,256,900352,900607,900529,0
900863,426354255939458,1988750,0.60779822,256,900608,900863,900800,0
901119,426354256874958,1889208,0.60230919,256,900864,901119,900956,0
901375,426354257767000,1830250,0.59317879,256,901120,901375,901154,0
901631,426354258715125,1722458,0.63330478,256,901376,901631,901378,0
901887,426354259545583,1756083,0.64410942,256,901632,901887,901775,0
902143,426354260444666,1700667,0.59992807,256,901888,902143,902083,0
902399,426354261293666,1694917,0.6023155,256,902144,902399,902198,0
902655,426354262208750,1654416,0.6397648,256,902400,902655,902632,0
902911,426354263067666,1657834,0.63364895,256,902656,902911,902719,0
903167,426354263977083,1588208,0.60877202,256,902912,903167,902968,0
903423,426354264865666,1558584,0.62750057,256,903168,903423,903340,0
903679,426354265776750,1535708,0.63772835,256,903424,903679,903564,0
903935,426354266695458,1486792,0.61225154,256,903680,903935,903693,0
904191,426354267648833,1400042,0.64164905,256,903936,904191,903983,0
904447,426354268546541,1354959,0.64319282,256,904192,904447,904236,0
904703,426354269369583,1393083,0.62274917,256,904448,904703,904562,0
904959,426354270214666,1422667,0.63732299,256,904704,904959,904909,0
905215,426354271046541,1426417,0.574203,256,904960,905215,905132,0
905471,426354271912375,1422541,0.64122953,256,905216,905471,905392,0
905727,426354272823875,1372750,0.64987984,256,905472,905727,905685,0
905983,426354273715708,1351250,0.60605493,256,905728,905983,905837,0
906239,426354274599583,1327125,0.60210979,256,905984,906239,906218,0
906495,426354275531791,1261000,0.65296432,256,906240,906495,906301,0
906751,426354276431583,1209625,0.64018076,256,906496,906751,906720,0
907007,426354277334291,1153375,0.62623433,256,906752,907007,906952,0
907263,426354278256958,1070583,0.63829761,256,907008,907263,907086,0
907519,426354279141625,1047041,0.61976185,256,907264,907519,907469,0
907775,426354280035666,1000292,0.58714956,256,907520,907775,907579,0
908031,426354280999500,932791,0.64076093,256,907776,908031,907886,0
908287,426354281888333,898458,0.61442276,256,908032,908287,908215,0
908543,426354282793375,877166,0.64467236,256,908288,908543,908411,0
908799,426354283651791,863792,0.62364927,256,908544,908799,908705,0
909055,426354284537583,924875,0.6551776,256,908800,909055,909033,0
909311,426354285428625,922583,0.67610459,256,909056,909311,909061,0
909567,426354286326375,925916,0.64185669,256,909312,909567,909531,0
909823,426354287153708,942708,0.59322286,256,909568,909823,909671,0
910079,426354288057791,901834,0.60819544,256,909824,910079,909835,0
910335,426354288970625,890875,0.60853292,256,910080,910335,910172,0
910591,426354289867458,891083,0.62492758,256,910336,910591,910455,0
910847,426354290703375,905291,0.67894507,256,910592,910847,910670,0
911103,426354291590166,865334,0.60293968,256,910848,911103,910874,0
911359,426354292464541,904875,0.64961557,256,911104,911359,911141,0
911615,426354293394750,875000,0.65605684,256,911360,911615,911445,0
911871,426354294278541,1724625,0.63862436,256,911616,911871,911769,0
912127,426354295120875,1918750,0.64265163,256,911872,912127,912100,0
912383,426354295951000,1977750,0.64809905,256,912128,912383,912177,0
912639,426354296831750,1949250,0.61548058,256,912384,912639,912614,0
912895,426354297697958,1916958,0.59944774,256,912640,912895,912746,0
913151,426354298591708,1879833,0.64472019,256,912896,913151,913083,0
913407,426354299512708,1818458,0.6103563,256,913152,913407,913170,0
913663,426354300378041,1820584,0.6762325,256,913408,913663,913542,0
913919,426354301251833,1769417,0.59521602,256,913664,913919,913768,0
914175,426354302145375,1726375,0.63039284,256,913920,914175,913973,0
914431,426354303004125,1701333,0.65093792,256,914176,914431,914183,0
914687,426354303856750,1685958,0.61951663,256,914432,914687,914506,0
914943,426354304730000,1657000,0.60176922,256,914688,914943,914706,0
915199,426354305593916,1612792,0.62346011,256,914944,915199,915153,0
915455,426354306542333,1497083,0.62318861,256,915200,915455,915354,0
915711,426354307327833,1601875,0.60593528,256,915456,915711,915509,0
915967,426354308202375,1566416,0.60674639,256,915712,915967,915743,0
916223,426354309063041,1537542,0.61005339,256,915968,916223,916139,0
916479,426354309980625,1448625,0.62176583,256,916224,916479,916319,0
916735,426354310901458,1414708,0.67761214,256,916480,916735,916606,0
916991,426354311758625,1370291,0.63351258,256,916736,916991,916970,0
917247,426354312700375,1257791,0.5999705,256,916992,917247,917040,0
917503,426354313601000,1222375,0.6318691,256,917248,917503,917349,0
917759,426354314521500,1153125,0.60372303,256,917504,917759,917572,0
918015,426354315387541,1099334,0.58486997,256,917760,918015,917928,0
918271,426354316225708,1081167,0.59024759,256,918016,918271,918099,0
918527,426354317114041,1043917,0.6188372,256,918272,918527,918420,0
918783,426354317981000,1011583,0.68728591,256,918528,918783,918577,0
919039,426354318888833,930333,0.61264445,256,918784,919039,918860,0
919295,426354319730458,921958,0.61710258,256,919040,919295,919209,0
919551,426354320656333,1703875,0.60008443,256,919296,919551,919360,0
919807,426354321539625,1841375,0.6453923,256,919552,919807,919761,0
920063,426354322462500,1781541,0.63490297,256,919808,920063,919931,0
920319,426354323371125,1756791,0.6416423,256,920064,920319,920262,0
920575,426354324238500,1702125,0.60697028,256,920320,920575,920435,0
920831,426354325089375,1721000,0.63129476,256,920576,920831,920723,0
921087,426354325954416,1668667,0.64913662,256,920832,921087,921021,0
921343,426354326843916,1599834,0.60271673,256,921088,921343,921302,0
921599,426354327727583,1607375,0.64973736,256,921344,921599,921379,0
921855,426354328580458,1559333,0.61284035,256,921600,921855,921740,0
922111,426354329437833,1541292,0.64470687,256,921856,922111,922057,0
922367,426354330340208,1475958,0.59847605,256,922112,922367,922228,0
922623,426354331168500,1516541,0.68487594,256,922368,922623,922573,0
922879,426354332012958,1526667,0.65457102,256,922624,922879,922634,0
923135,426354332925375,1480916,0.63492915,256,922880,923135,923095,0
923391,426354333849708,1382542,0.60867924,256,923136,923391,923370,0
923647,426354334743333,1333542,0.64038003,256,923392,923647,923424,0
923903,426354335615833,1286417,0.59896902,256,923648,923903,923733,0
924159,426354336497666,1213042,0.61138184,256,923904,924159,923938,0
924415,426354337364500,1163791,0.59470801,256,924160,924415,924345,0
924671,426354338243666,1112917,0.62856775,256,924416,924671,924618,0
924927,426354339143875,1045625,0.61344227,256,924672,924927,924746,0
925183,426354340069791,960334,0.6257972,256,924928,925183,925107,0
925439,426354340950958,921542,0.64044553,256,925184,925439,925223,0
925695,426354341823083,922292,0.62097953,256,925440,925695,925488,0
925951,426354342704500,870708,0.60027526,256,925696,925951,925892,0
926207,426354343638416,859125,0.60962017,256,925952,926207,926008,0
926463,426354344509916,1732334,0.61720247,256,926208,926463,926347,0
926719,426354345427875,1796583,0.64102501,256,926464,926719,926538,0
926975,426354346329000,1715458,0.58298577,256,926720,926975,926939,0
927231,426354347255708,2034417,0.59691529,256,926976,927231,927134,0
927487,426354348116541,2204792,0.6443855,256,927232,927487,927259,0
927743,426354348984958,1551958,0.65614144,256,927488,927743,927559,0
927999,426354349860000,1526000,0.61236989,256,927744,927999,927933,0
928255,426354350771250,1421875,0.6332931,256,928000,928255,928081,0
928511,426354351720458,2019667,0.60331849,256,928256,928511,928493,0
928767,426354352550208,1559375,0.61998326,256,928512,928767,928701,0
929023,426354353479875,1168250,0.61927423,256,928768,929023,929022,0
929279,426354354298208,1177542,0.65400459,256,929024,929279,929035,0
929535,426354355176000,1176208,0.59429185,256,929280,929535,929521,0
929791,426354356056500,1098791,0.6458288,256,929536,929791,929599,0
930047,426354356977958,1030250,0.57496355,256,929792,930047,929961,0
930303,426354357846958,940292,0.61188899,256,930048,930303,930235,0
930559,426354358687458,918250,0.66563199,256,930304,930559,930416,0
930815,426354359605750,845083,0.61237411,256,930560,930815,930771,0
931071,426354360461250,802500,0.61303204,256,930816,931071,930869,0
931327,426354361379916,844917,0.60281846,256,931072,931327,931136,0
931583,426354362199208,834500,0.58536498,256,931328,931583,931373,0
931839,426354363123000,825208,0.59648675,256,931584,931839,931707,0
932095,426354364020500,863375,0.65585927,256,931840,932095,932050,0
932351,426354364851750,918208,0.63461657,256,932096,932351,932128,0
932607,426354365756833,882958,0.63750405,256,932352,932607,932395,0
932863,426354366702875,1144166,0.65071636,256,932608,932863,932698,0
933119,426354367535500,1115083,0.59603534,256,932864,933119,932882,0
933375,426354368381125,1738500,0.62639294,256,933120,933375,933314,0
933631,426354369251333,3524167,0.61854913,256,933376,933631,933631,0
933887,426354370083875,2735291,0.59182307,256,933632,933887,933733,0
934143,426354370903500,2732291,0.6080745,256,933888,934143,933995,0
934399,426354371771750,2714208,0.63534921,256,934144,934399,934202,0
934655,426354372623416,4696792,0.59496119,256,934400,934655,934459,0
934911,426354373498375,3823166,0.62598071,256,934656,934911,934911,0
935167,426354374387625,2934875,0.60876253,256,934912,935167,935063,0
935423,426354375380458,17285167,0.62042115,256,935168,935423,935310,0
935679,426354376223125,16444000,0.58537973,256,935424,935679,935521,0
935935,426354377060416,15607792,0.60120333,256,935680,935935,935916,0
936191,426354377940083,14729208,0.62258164,256,935936,936191,936031,0
936447,426354378834125,13836125,0.61138218,256,936192,936447,936198,0
936703,426354379726333,12944833,0.63793373,256,936448,936703,936484,0
936959,426354380704083,12020792,0.65676825,256,936704,936959,936807,0
937215,426354381473125,11252875,0.65068601,256,936960,937215,937136,0
937471,426354382533458,10193500,0.65469798,256,937216,937471,937363,0
937727,426354383289458,9438458,0.63176897,256,937472,937727,937523,0
937983,426354384195166,8533834,0.61766377,256,937728,937983,937852,0
938239,426354385340833,7389167,0.59642016,256,937984,938239,938174,0
938495,426354386061708,6669292,0.59249444,256,938240,938495,938446,0
938751,426354387073916,5658084,0.66309834,256,938496,938751,938535,0
939007,426354387821000,4911958,0.61057383,256,938752,939007,938830,0
939263,426354388692416,4041584,0.60759245,256,939008,939263,939191,0
939519,426354390041125,4664208,0.65781552,256,939264,939519,939424,0
939775,426354392875208,5121208,0.63992472,256,939520,939775,939588,0
940031,426354392889666,5472459,0.59752637,256,939776,940031,939856,0
940287,426354392904166,13703000,0.60113956,256,940032,940287,940093,0
940543,426354398758833,11672208,0.62129579,256,940288,940543,940357,0
940799,426354404440375,7138166,0.62064396,256,940544,940799,940657,0
941055,426354404466625,7860500,0.60302827,256,940800,941055,940880,0
941311,426354404481000,12474291,0.60785975,256,941056,941311,941179,0
941567,426354404495458,12462833,0.61596974,256,941312,941567,941397,0
941823,426354404509958,12451292,0.56519687,256,941568,941823,941775,0
942079,426354404524375,14624000,0.62374666,256,941824,942079,941951,0
942335,426354404539000,14807250,0.6010083,256,942080,942335,942117,0
942591,426354404553458,16385792,0.58232311,256,942336,942591,942585,0
942847,426354404567916,17994709,0.6099363,256,942592,942847,942804,0
943103,426354404582333,19563667,0.60861314,256,942848,943103,942938,0
943359,426354404596833,23320042,0.61528807,256,943104,943359,943281,0
943615,426354404611291,23310042,0.60228561,256,943360,943615,943523,0
943871,426354404625750,28640375,0.65134198,256,943616,943871,943862,0
944127,426354405451791,27815917,0.59085038,256,943872,944127,944101,0
944383,426354406263416,27005334,0.62799196,256,944128,944383,944136,0
944639,426354407151458,26859375,0.64382915,256,944384,944639,944454,0
944895,426354408076166,26690625,0.61922696,256,944640,944895,944668,0
945151,426354408935791,26676875,0.59839023,256,944896,945151,945031,0
945407,426354409776333,26631208,0.62816033,256,945152,945407,945159,0
945663,426354410648791,26591875,0.64913908,256,945408,945663,945529,0
945919,426354411589458,26460708,0.59932455,256,945664,945919,945820,0
946175,426354412540541,26337000,0.60932984,256,945920,946175,946129,0
946431,426354413360875,26357750,0.65642894,256,946176,946431,946328,0
946687,426354414317625,26224125,0.61479246,256,946432,946687,946554,0
946943,426354415203083,26153167,0.58687898,256,946688,946943,946724,0
947199,426354415956708,26213625,0.60889053,256,946944,947199,947192,0
947455,426354416856958,26134208,0.60937281,256,947200,947455,947410,0
947711,426354417747375,26089333,0.6789547,256,947456,947711,947564,0
947967,426354418597625,26053750,0.63423499,256,947712,947967,947770,0
948223,426354419383333,26087917,0.60328595,256,947968,948223,948068,0
948479,426354420333125,25938583,0.57515766,256,948224,948479,948396,0
948735,426354421158791,25955584,0.64256733,256,948480,948735,948558,0
948991,426354422081250,25874750,0.62837244,256,948736,948991,948738,0
949247,426354422955833,25838875,0.60359799,256,948992,949247,949210,0
949503,426354423808500,25805333,0.58793211,256,949248,949503,949267,0
949759,426354425071375,25344791,0.59659302,256,949504,949759,949648,0
950015,426354425605666,25635750,0.5994441,256,949760,950015,949925,0
950271,426354426521750,25529625,0.61424866,256,950016,950271,950051,0
950527,426354427340083,25546042,0.62930165,256,950272,950527,950343,0
950783,426354428211708,25508583,0.58270619,256,950528,950783,950654,0
951039,426354429064000,25481333,0.62488011,256,950784,951039,950957,0
951295,426354429953500,25415083,0.59512176,256,951040,951295,951101,0
951551,426354430843083,25363958,0.60048011,256,951296,951551,951516,0
951807,426354431692916,25346625,0.62010245,256,951552,951807,951578,0
952063,426354432616000,25249500,0.61091659,256,951808,952063,951830,0
952319,426354433507416,25172084,0.60658991,256,952064,952319,952213,0
952575,426354434446500,25057875,0.61519844,256,952320,952575,952489,0
952831,426354435275458,25045625,0.59425728,256,952576,952831,952738,0
953087,426354436183083,24961333,0.61129457,256,952832,953087,953016,0
953343,426354437054958,24908542,0.60562089,256,953088,953343,953295,0
953599,426354437954291,24825625,0.60377393,256,953344,953599,953520,0
953855,426354438824375,24788958,0.62713047,256,953600,953855,953836,0
954111,426354439730458,24730292,0.6093607,256,953856,954111,953945,0
954367,426354440640125,24637500,0.65692913,256,954112,954367,954263,0
954623,426354441444458,24651500,0.61805452,256,954368,954623,954465,0
954879,426354442349333,24545958,0.62261602,256,954624,954879,954803,0
955135,426354443273666,24429917,0.58066394,256,954880,955135,955121,0
955391,426354444148625,24368416,0.61549548,256,955136,955391,955236,0
955647,426354445007291,24342667,0.59535012,256,955392,955647,955536,0
955903,426354445924375,24244000,0.60383213,256,955648,955903,955690,0
956159,426354446866666,24101417,0.58227665,256,955904,956159,956062,0
956415,426354447685250,24091708,0.59378722,256,956160,956415,956332,0
956671,426354448607041,24013750,0.61128015,256,956416,956671,956591,0
956927,426354449459875,23963083,0.62494963,256,956672,956927,956835,0
957183,426354450354333,23880917,0.59723363,256,956928,957183,957044,0
957439,426354451223375,23840083,0.58792185,256,957184,957439,957302,0
957695,426354452075791,23807834,0.61263605,256,957440,957695,957590,0
957951,426354452970708,23763458,0.61526841,256,957696,957951,957875,0
958207,426354453835958,23688625,0.57578576,256,957952,958207,957981,0
958463,426354454749625,23644083,0.61289621,256,958208,958463,958324,0
958719,426354455617666,23641959,0.69292101,256,958464,958719,958558,0
958975,426354456547250,23545625,0.59034389,256,958720,958975,958883,0
959231,426354457374166,23564459,0.62245042,256,958976,959231,959046,0
959487,426354458279750,23476833,0.59891146,256,959232,959487,959472,0
959743,426354459205875,23358458,0.57563206,256,959488,959743,959582,0
959999,426354460129791,23278959,0.59958757,256,959744,959999,959897,0
960255,426354461049208,23154667,0.58000046,256,960000,960255,960050,0
960511,426354461939208,23096583,0.60133077,256,960256,960511,960289,0
960767,426354462814541,23056459,0.63295032,256,960512,960767,960666,0
961023,426354463722416,22992250,0.60153947,256,960768,961023,961002,0
961279,426354464607583,22942083,0.59920349,256,961024,961279,961040,0
961535,426354465484833,22871750,0.61675831,256,961280,961535,961523,0
961791,426354466378791,22831209,0.64671385,256,961536,961791,961544,0
962047,426354467281500,22792458,0.63386269,256,961792,962047,961875,0
962303,426354468146791,22762834,0.63753856,256,962048,962303,962260,0
962559,426354469070583,22667042,0.59024547,256,962304,962559,962375,0
962815,426354469985916,22597375,0.63687953,256,962560,962815,962655,0
963071,426354470842541,22562375,0.64143286,256,962816,963071,962978,0
963327,426354471733791,22482834,0.57790313,256,963072,963327,963300,0
963583,426354472664125,22365291,0.61257362,256,963328,963583,963429,0
963839,426354473546125,22302500,0.60967855,256,963584,963839,963686,0
964095,426354474391958,22273708,0.64639082,256,963840,964095,964021,0
964351,426354475259791,22253167,0.62097451,256,964096,964351,964121,0
964607,426354476081791,22236459,0.62883106,256,964352,964607,964431,0
964863,426354476976333,22159083,0.56860543,256,964608,964863,964630,0
965119,426354477893666,22055084,0.60762078,256,964864,965119,965012,0
965375,426354478762416,22014417,0.61130886,256,965120,965375,965189,0
965631,426354479644833,21941208,0.57097002,256,965376,965631,965478,0
965887,426354480557083,21837833,0.58355571,256,965632,965887,965754,0
966143,426354481416083,21809958,0.61997599,256,965888,966143,966045,0
966399,426354482267625,21773833,0.60002854,256,966144,966399,966212,0
966655,426354483183666,21679584,0.63354144,256,966400,966655,966553,0
966911,426354484114250,21560500,0.61653147,256,966656,966911,966699,0
967167,426354484932166,21547542,0.5885259,256,966912,967167,967159,0
967423,426354485810458,21494917,0.60738056,256,967168,967423,967316,0
967679,426354486649916,21462834,0.61848223,256,967424,967679,967567,0
967935,426354487522416,21410875,0.5728344,256,967680,967935,967799,0
968191,426354488413875,21330208,0.61213227,256,967936,968191,968026,0
968447,426354489335208,21220958,0.58448847,256,968192,968447,968213,0
968703,426354490272125,21096333,0.59319544,256,968448,968703,968469,0
968959,426354491184125,21004250,0.59242797,256,968704,968959,968764,0
969215,426354491969916,21061292,0.6337925,256,968960,969215,969185,0
969471,426354492852041,21019292,0.62627704,256,969216,969471,969375,0
969727,426354493757958,20921000,0.57674917,256,969472,969727,969699,0
969983,426354494631250,20855333,0.59063498,256,969728,969983,969883,0
970239,426354495532708,20795417,0.61252297,256,969984,970239,970042,0
970495,426354496374083,20775292,0.63678324,256,970240,970495,970318,0
970751,426354497244208,20732292,0.59948209,256,970496,970751,970710,0
971007,426354498143500,20652375,0.60904724,256,970752,971007,970774,0
971263,426354499006375,20596291,0.60613878,256,971008,971263,971059,0
971519,426354499889250,20534750,0.61424834,256,971264,971519,971517,0
971775,426354500817625,20454208,0.6132524,256,971520,971775,971536,0
972031,426354501694708,20388458,0.60373505,256,971776,972031,972002,0
972287,426354502633041,20269375,0.61460563,256,972032,972287,972272,0
972543,426354503467791,20286459,0.66362755,256,972288,972543,972543,0
972799,426354504374333,20186708,0.65393908,256,972544,972799,972558,0
973055,426354505256083,20168083,0.62217051,256,972800,973055,972917,0
973311,426354506115375,20145791,0.61708042,256,973056,973311,973174,0
973567,426354507007333,20091333,0.64805175,256,973312,973567,973382,0
973823,426354507940291,19977959,0.62971467,256,973568,973823,973773,0
974079,426354508860791,19894167,0.6198063,256,973824,974079,973982,0
974335,426354509762000,19796541,0.58066036,256,974080,974335,974261,0
974591,426354510642125,19750750,0.62529003,256,974336,974591,974439,0
974847,426354511517625,19697958,0.62864922,256,974592,974847,974749,0
975103,426354512406708,19633667,0.62037311,256,974848,975103,975030,0
975359,426354513225583,19614042,0.60885206,256,975104,975359,975108,0
975615,426354514113041,19567042,0.63898438,256,975360,975615,975524,0
975871,426354515016250,19497041,0.60914251,256,975616,975871,975632,0
976127,426354515889958,19427792,0.57826217,256,975872,976127,976010,0
976383,426354516744458,19382000,0.59432828,256,976128,976383,976156,0
976639,426354517661083,19277250,0.57141594,256,976384,976639,976495,0
976895,426354518490083,19257833,0.58731305,256,976640,976895,976756,0
977151,426354519366791,19232375,0.63939749,256,976896,977151,977044,0
977407,426354520282541,19123417,0.63027226,256,977152,977407,977374,0
977663,426354521181916,19051209,0.58755874,256,977408,977663,977610,0
977919,426354522067083,18962208,0.56916369,256,977664,977919,977873,0
978175,426354522943458,18932583,0.62146377,256,977920,978175,977982,0
978431,426354523825083,18878667,0.59872554,256,978176,978431,978429,0
978687,426354524729916,18773209,0.59822397,256,978432,978687,978555,0
978943,426354525597333,18719833,0.60944565,256,978688,978943,978879,0
979199,426354526446458,18706500,0.61940373,256,978944,979199,979121,0
979455,426354527335375,18650875,0.61862896,256,979200,979455,979321,0
979711,426354528234041,18580000,0.64121584,256,979456,979711,979528,0
979967,426354529160125,18487000,0.60850876,256,979712,979967,979793,0
980223,426354530062833,18412208,0.63755647,256,979968,980223,980220,0
980479,426354530960583,18339542,0.62428661,256,980224,980479,980344,0
980735,426354531899750,18222125,0.60332944,256,980480,980735,980530,0
980991,426354532735458,18224708,0.6298314,256,980736,980991,980816,0
981247,426354533665625,18111083,0.5681895,256,980992,981247,981068,0
981503,426354534547916,18054625,0.58800449,256,981248,981503,981254,0
981759,426354535424916,17984584,0.59206189,256,981504,981759,981739,0
982015,426354536238583,17994833,0.61040398,256,981760,982015,981805,0
982271,426354537087958,17967958,0.6066355,256,982016,982271,982016,0
982527,426354538035166,17840250,0.63854934,256,982272,982527,982524,0
982783,426354538926625,17778250,0.65932005,256,982528,982783,982599,0
983039,426354539804166,17722084,0.59602317,256,982784,983039,982964,0
983295,426354540692750,17681708,0.60274246,256,983040,983295,983133,0
983551,426354541558875,17629875,0.59988771,256,983296,983551,983364,0
983807,426354542471041,17604000,0.6686183,256,983552,983807,983692,0
984063,426354543374250,17512125,0.60951265,256,983808,984063,984032,0
984319,426354544279083,17451375,0.61662286,256,984064,984319,984199,0
984575,426354545167250,17400375,0.64193169,256,984320,984575,984347,0
984831,426354546045375,17356666,0.58499298,256,984576,984831,984588,0
985087,426354546904333,17304000,0.6016676,256,984832,985087,985064,0
985343,426354547741458,17299417,0.61858467,256,985088,985343,985336,0
985599,426354548666458,17218083,0.58407239,256,985344,985599,985503,0
985855,426354549571666,17159042,0.59487259,256,985600,985855,985695,0
986111,426354550453541,17103000,0.58325845,256,985856,986111,986087,0
986367,426354551376958,16993500,0.57110776,256,986112,986367,986261,0
986623,426354552213250,16981083,0.62981849,256,986368,986623,986568,0
986879,426354553164000,16866250,0.57930104,256,986624,986879,986783,0
987135,426354554026791,16866167,0.65859587,256,986880,987135,987048,0
987391,426354554932375,16821625,0.60778999,256,987136,987391,987141,0
987647,426354555797625,16789541,0.60328128,256,987392,987647,987525,0
987903,426354556639541,16781625,0.58603592,256,987648,987903,987736,0
988159,426354557511125,16744291,0.6051523,256,987904,988159,988138,0
988415,426354558388166,16713042,0.60298794,256,988160,988415,988341,0
988671,426354559275208,16650708,0.59905662,256,988416,988671,988644,0
988927,426354560136750,16631666,0.60905626,256,988672,988927,988837,0
989183,426354560998791,16600084,0.64303692,256,988928,989183,989078,0
989439,426354561927000,16495875,0.60143652,256,989184,989439,989228,0
989695,426354562859125,16398708,0.61402743,256,989440,989695,989611,0
989951,426354563681208,16424083,0.59535371,256,989696,989951,989827,0
990207,426354564592958,16352167,0.61915101,256,989952,990207,989963,0
990463,426354565464416,16326084,0.61467062,256,990208,990463,990317,0
990719,426354566288541,16361834,0.59832341,256,990464,990719,990499,0
990975,426354567208833,16274292,0.60441898,256,990720,990975,990906,0
991231,426354568078750,16231500,0.60027493,256,990976,991231,991111,0
991487,426354568950291,16242375,0.66421782,256,991232,991487,991410,0
991743,426354569838750,16201250,0.61290356,256,991488,991743,991574,0
991999,426354570744375,16111125,0.64918656,256,991744,991999,991800,0
992255,426354571646541,16038750,0.59092323,256,992000,992255,992037,0
992511,426354572524166,15990334,0.60081734,256,992256,992511,992509,0
992767,426354573404083,15998000,0.65669599,256,992512,992767,992546,0
993023,426354574272708,15956750,0.61424124,256,992768,993023,993018,0
993279,426354575202291,15859292,0.62120374,256,993024,993279,993029,0
993535,426354576095125,15813500,0.60772612,256,993280,993535,993425,0
993791,426354577038666,15695959,0.57819875,256,993536,993791,993714,0
994047,426354577946208,15608833,0.62012724,256,993792,994047,993966,0
994303,426354578824000,15587458,0.62712254,256,994048,994303,994281,0
994559,426354579686791,15570417,0.60192367,256,994304,994559,994373,0
994815,426354580579083,15501250,0.59939127,256,994560,994815,994578,0
995071,426354581499083,15409708,0.62206653,256,994816,995071,994923,0
995327,426354582408541,15365417,0.62019624,256,995072,995327,995197,0
995583,426354583345625,15277541,0.62464416,256,995328,995583,995509,0
995839,426354584224750,15230083,0.61700318,256,995584,995839,995591,0
996095,426354585051500,15208750,0.63017868,256,995840,996095,996085,0
996351,426354585894833,15178167,0.57751257,256,996096,996351,996337,0
996607,426354586791500,15090500,0.61242889,256,996352,996607,996400,0
996863,426354587703666,15032084,0.59227937,256,996608,996863,996660,0
997119,426354588618458,14905500,0.59442219,256,996864,997119,996912,0
997375,426354589595791,14780250,0.63925784,256,997120,997375,997231,0
997631,426354590510666,14675917,0.60842845,256,997376,997631,997382,0
997887,426354591427958,14587917,0.61103145,256,997632,997887,997792,0
998143,426354592296083,14557875,0.61090879,256,997888,998143,998079,0
998399,426354593236958,14438667,0.59589135,256,998144,998399,998153,0
998655,426354594108583,14398083,0.61692627,256,998400,998655,998449,0
998911,426354594971458,14367333,0.64087453,256,998656,998911,998872,0
999167,426354595810416,14358084,0.6315689,256,998912,999167,999100,0
999423,426354596659333,14316458,0.5872921,256,999168,999423,999189,0
999679,426354597573000,14267041,0.63829549,256,999424,999679,999582,0
999935,426354598389750,14296375,0.62853484,256,999680,999935,999785,0
1000191,426354599313708,14267750,0.60755528,256,999936,1000191,999992,0
1000447,426354600205416,14217417,0.60754791,256,1000192,1000447,1000431,0
1000703,426354601070000,14189458,0.62263458,256,1000448,1000703,1000529,0
1000959,426354602012916,14104875,0.60779822,256,1000704,1000959,1000800,0
1001215,426354602913958,14032458,0.59317879,256,1000960,1001215,1001154,0
1001471,426354603838916,13955375,0.63330478,256,1001216,1001471,1001378,0
1001727,426354604745541,13885959,0.63263105,256,1001472,1001727,1001595,0
1001983,426354605591916,13884834,0.64410942,256,1001728,1001983,1001775,0
1002239,426354606484750,13810250,0.6023155,256,1001984,1002239,1002198,0
1002495,426354607352708,13746958,0.59392582,256,1002240,1002495,1002393,0
1002751,426354608218500,13772458,0.6397648,256,1002496,1002751,1002632,0
1003007,426354609124291,13684834,0.60877202,256,1002752,1003007,1002968,0
1003263,426354610026500,13606833,0.61318985,256,1003008,1003263,1003213,0
1003519,426354610914125,13550291,0.62750057,256,1003264,1003519,1003340,0
1003775,426354611804333,13531083,0.63772835,256,1003520,1003775,1003564,0
1004031,426354612777583,13403542,0.64164905,256,1003776,1004031,1003983,0
1004287,426354613706333,13313125,0.64319282,256,1004032,1004287,1004236,0
1004543,426354614591500,13251541,0.60900428,256,1004288,1004543,1004495,0
1004799,426354615433875,13267708,0.63325526,256,1004544,1004799,1004770,0
1005055,426354616229958,13281375,0.63732299,256,1004800,1005055,1004909,0
1005311,426354617096916,13247792,0.59443301,256,1005056,1005311,1005257,0
1005567,426354617961375,13208375,0.64122953,256,1005312,1005567,1005392,0
1005823,426354618880000,13146416,0.64987984,256,1005568,1005823,1005685,0
1006079,426354619768458,13091917,0.60605493,256,1005824,1006079,1005837,0
1006335,426354620662750,13061750,0.65296432,256,1006080,1006335,1006301,0
1006591,426354621599708,12949292,0.62393145,256,1006336,1006591,1006345,0
1006847,426354622474166,12890334,0.64018076,256,1006592,1006847,1006720,0
1007103,426354623391958,12801750,0.63829761,256,1006848,1007103,1007086,0
1007359,426354624297791,12699959,0.59043634,256,1007104,1007359,1007340,0
1007615,426354625197291,12646875,0.61976185,256,1007360,1007615,1007469,0
1007871,426354626100708,12581625,0.63563742,256,1007616,1007871,1007860,0
1008127,426354627034208,12499000,0.64076093,256,1007872,1008127,1007886,0
1008383,426354627920208,12461208,0.61740189,256,1008128,1008383,1008349,0
1008639,426354628841250,12395625,0.64467236,256,1008384,1008639,1008411,0
1008895,426354629713250,12372708,0.62364927,256,1008640,1008895,1008705,0
1009151,426354630609916,12365584,0.67610459,256,1008896,1009151,1009061,0
1009407,426354631463708,12350750,0.61156548,256,1009152,1009407,1009322,0
1009663,426354632342083,12333208,0.64185669,256,1009408,1009663,1009531,0
1009919,426354633199833,12305042,0.60819544,256,1009664,1009919,1009835,0
1010175,426354634072916,12264917,0.60853292,256,1009920,1010175,1010172,0
1010431,426354635031291,12168292,0.60584482,256,1010176,1010431,1010302,0
1010687,426354635876791,12336459,0.67894507,256,1010432,1010687,1010670,0
1010943,426354636729500,12201958,0.60293968,256,1010688,1010943,1010874,0
1011199,426354637615875,12219791,0.64961557,256,1010944,1011199,1011141,0
1011455,426354638562875,12088000,0.65605684,256,1011200,1011455,1011445,0
1011711,426354639463500,12023708,0.60291165,256,1011456,1011711,1011683,0
1011967,426354640315791,12037167,0.63862436,256,1011712,1011967,1011769,0
1012223,426354641129250,12125625,0.64809905,256,1011968,1012223,1012177,0
1012479,426354641994916,12108500,0.63287607,256,1012224,1012479,1012234,0
1012735,426354642881291,12066334,0.61548058,256,1012480,1012735,1012614,0
1012991,426354643741625,12050625,0.59944774,256,1012736,1012991,1012746,0
1013247,426354644638250,12011333,0.64472019,256,1012992,1013247,1013083,0
1013503,426354645511041,11981125,0.60813703,256,1013248,1013503,1013493,0
1013759,426354646433833,11925208,0.6762325,256,1013504,1013759,1013542,0
1014015,426354647285666,11919459,0.63039284,256,1013760,1014015,1013973,0
1014271,426354648243750,12079458,0.65093792,256,1014016,1014271,1014183,0
1014527,426354649006750,14930000,0.61951663,256,1014272,1014527,1014506,0
1014783,426354649929500,14011083,0.60176922,256,1014528,1014783,1014706,0
1015039,426354650757375,13184416,0.58877187,256,1014784,1015039,1014929,0
1015295,426354651661958,12280833,0.62346011,256,1015040,1015295,1015153,0
1015551,426354652565416,11782542,0.62318861,256,1015296,1015551,1015354,0
1015807,426354653361416,11747834,0.60674639,256,1015552,1015807,1015743,0
1016063,426354654226625,11709250,0.59356166,256,1015808,1016063,1016042,0
1016319,426354655100500,11672958,0.62176583,256,1016064,1016319,1016319,0
1016575,426354656046250,11576666,0.66912341,256,1016320,1016575,1016566,0
1016831,426354656932541,11561292,0.67761214,256,1016576,1016831,1016606,0
1017087,426354657852916,11472834,0.63351258,256,1016832,1017087,1016970,0
1017343,426354658754708,11399833,0.63162866,256,1017088,1017343,1017340,0
1017599,426354659658041,11354667,0.6318691,256,1017344,1017599,1017349,0
1017855,426354661245958,10598292,0.5882785,256,1017600,1017855,1017751,0
1018111,426354664302375,29377125,0.59024759,256,1017856,1018111,1018099,0
1018367,426354664323333,29364125,0.58801015,256,1018112,1018367,1018238,0
1018623,426354664332583,29357792,0.68728591,256,1018368,1018623,1018577,0
1018879,426354664341958,29351167,0.61867574,256,1018624,1018879,1018642,0
1019135,426354664914833,28780875,0.60049282,256,1018880,1019135,1019088,0
1019391,426354665783416,27914834,0.61710258,256,1019136,1019391,1019209,0
1019647,426354666725375,26975416,0.6286582,256,1019392,1019647,1019592,0
1019903,426354667584916,26118584,0.6453923,256,1019648,1019903,1019761,0
1020159,426354668515083,25191167,0.63490297,256,1019904,1020159,1019931,0
1020415,426354669400250,24308625,0.6416423,256,1020160,1020415,1020262,0
1020671,426354670269375,23442041,0.62430912,256,1020416,1020671,1020661,0
1020927,426354671118375,22595625,0.63129476,256,1020672,1020927,1020723,0
1021183,426354672023041,21693584,0.64913662,256,1020928,1021183,1021021,0
1021439,426354682633916,11085250,0.64973736,256,1021184,1021439,1021379,0
1021695,426354682643291,11078459,0.57956331,256,1021440,1021695,1021660,0
1021951,426354682652500,11071833,0.61284035,256,1021696,1021951,1021740,0
1022207,426354682661916,11065000,0.64470687,256,1021952,1022207,1022057,0
1022463,426354682671166,11058292,0.63684892,256,1022208,1022463,1022434,0
1022719,426354682680375,11051625,0.68487594,256,1022464,1022719,1022573,0
1022975,426354682689458,11045167,0.60635518,256,1022720,1022975,1022827,0
1023231,426354682698666,11038459,0.63492915,256,1022976,1023231,1023095,0
1023487,426354682707875,11031791,0.64038003,256,1023232,1023487,1023424,0
1023743,426354682717000,11025250,0.60458498,256,1023488,1023743,1023626,0
1023999,426354682726166,11018667,0.61138184,256,1023744,1023999,1023938,0
1024255,426354682735375,11012000,0.59090211,256,1024000,1024255,1024005,0
1024511,426354683386458,10648167,0.62098797,256,1024256,1024511,1024466,0
1024767,426354684279833,10631875,0.62856775,256,1024512,1024767,1024618,0
1025023,426354685200958,10549042,0.59053032,256,1024768,1025023,1024870,0
1025279,426354686113250,10525958,0.64044553,256,1025024,1025279,1025223,0
1025535,426354686972958,10523000,0.62097953,256,1025280,1025535,1025488,0
1025791,426354687843000,10536291,0.61062979,256,1025536,1025791,1025660,0
1026047,426354688770625,10465250,0.60962017,256,1025792,1026047,1026008,0
1026303,426354689680625,10422125,0.60518556,256,1026048,1026303,1026289,0
1026559,426354690557541,10420875,0.64102501,256,1026304,1026559,1026538,0
1026815,426354691440458,10391042,0.62939463,256,1026560,1026815,1026623,0
1027071,426354692375333,10295625,0.58867688,256,1026816,1027071,1027041,0
1027327,426354693285291,10239167,0.6443855,256,1027072,1027327,1027259,0
1027583,426354694187708,10205583,0.65614144,256,1027328,1027583,1027559,0
1027839,426354695033416,10208709,0.62423057,256,1027584,1027839,1027588,0
1028095,426354695928208,10189500,0.6332931,256,1027840,1028095,1028081,0
1028351,426354696816166,10133625,0.58710934,256,1028096,1028351,1028196,0
1028607,426354697724541,10068042,0.60331849,256,1028352,1028607,1028493,0
1028863,426354698621208,10013000,0.61998326,256,1028608,1028863,1028701,0
1029119,426354699533000,9931458,0.65400459,256,1028864,1029119,1029035,0
1029375,426354700341916,9974709,0.6237523,256,1029120,1029375,1029134,0
1029631,426354701226416,9958334,0.6458288,256,1029376,1029631,1029599,0
1029887,426354702080125,9947750,0.59749237,256,1029632,1029887,1029752,0
1030143,426354703022541,9862500,0.597402,256,1029888,1030143,1030061,0
1030399,426354703843791,9878709,0.61188899,256,1030144,1030399,1030235,0
1030655,426354704716916,9854125,0.66563199,256,1030400,1030655,1030416,0
1030911,426354705647666,9758042,0.61303204,256,1030656,1030911,1030869,0
1031167,426354706536958,9697833,0.60281846,256,1030912,1031167,1031136,0
1031423,426354707381833,9699417,0.59442221,256,1031168,1031423,1031299,0
1031679,426354708238750,9656875,0.57155643,256,1031424,1031679,1031591,0
1031935,426354709155500,9558000,0.59648675,256,1031680,1031935,1031707,0
1032191,426354710056916,9522542,0.65585927,256,1031936,1032191,1032050,0
1032447,426354710881041,9557584,0.63750405,256,1032192,1032447,1032395,0
1032703,426354711815625,9452083,0.65071636,256,1032448,1032703,1032698,0
1032959,426354712666083,9448375,0.63831303,256,1032704,1032959,1032704,0
1033215,426354713532916,9422000,0.61297029,256,1032960,1033215,1033178,0
1033471,426354714385875,9401125,0.62639294,256,1033216,1033471,1033314,0
1033727,426354715273541,9345375,0.61854913,256,1033472,1033727,1033631,0
1033983,426354716109666,9339834,0.59637254,256,1033728,1033983,1033899,0
1034239,426354716938625,9372208,0.63534921,256,1033984,1034239,1034202,0
1034495,426354717798875,9374333,0.61000586,256,1034240,1034495,1034365,0
1034751,426354718665333,9348708,0.59199943,256,1034496,1034751,1034650,0
1035007,426354719532625,9307791,0.62598071,256,1034752,1035007,1034911,0
1035263,426354720449458,9231125,0.60876253,256,1035008,1035263,1035063,0
1035519,426354721329416,9168084,0.62042115,256,1035264,1035519,1035310,0
1035775,426354722252958,9055542,0.60044824,256,1035520,1035775,1035687,0
1036031,426354723132708,9040458,0.62258164,256,1035776,1036031,1036031,0
1036287,426354724009791,9049042,0.61672773,256,1036032,1036287,1036177,0
1036543,426354724887583,8999917,0.63793373,256,1036288,1036543,1036484,0
1036799,426354725762333,8989250,0.63242657,256,1036544,1036799,1036650,0
1037055,426354726624583,8941000,0.65676825,256,1036800,1037055,1036807,0
1037311,426354727544208,8892250,0.65068601,256,1037056,1037311,1037136,0
1037567,426354728444875,8827791,0.65469798,256,1037312,1037567,1037363,0
1037823,426354729271958,8830667,0.60124857,256,1037568,1037823,1037715,0
1038079,426354730198666,8735125,0.61766377,256,1037824,1038079,1037852,0
1038335,426354731111541,8640917,0.59642016,256,1038080,1038335,1038174,0
1038591,426354732006000,8588250,0.66309834,256,1038336,1038591,1038535,0
1038847,426354732947166,8485709,0.61057383,256,1038592,1038847,1038830,0
1039103,426354733860583,8388500,0.59880173,256,1038848,1039103,1038927,0
1039359,426354734756375,8334583,0.60759245,256,1039104,1039359,1039191,0
1039615,426354735650166,8264542,0.65781552,256,1039360,1039615,1039424,0
1039871,426354736547916,8186792,0.63380544,256,1039616,1039871,1039704,0
1040127,426354737442625,8118916,0.60113956,256,1039872,1040127,1040093,0
1040383,426354738294375,8096333,0.62129579,256,1040128,1040383,1040357,0
1040639,426354739167875,11122708,0.58529765,256,1040384,1040639,1040639,0
1040895,426354740034041,10258250,0.62064396,256,1040640,1040895,1040657,0
1041151,426354740877041,9416334,0.59992003,256,1040896,1041151,1041119,0
1041407,426354741754708,8539667,0.61596974,256,1041152,1041407,1041397,0
1041663,426354742637375,7941291,0.57658246,256,1041408,1041663,1041494,0
1041919,426354743526291,7870500,0.56519687,256,1041664,1041919,1041775,0
1042175,426354744402666,7832959,0.62374666,256,1041920,1042175,1041951,0
1042431,426354745299500,7751541,0.58368317,256,1042176,1042431,1042310,0
1042687,426354746162625,7694375,0.58232311,256,1042432,1042687,1042585,0
1042943,426354750133500,4577375,0.6099363,256,1042688,1042943,1042804,0
1043199,426354750142625,5382833,0.58881237,256,1042944,1043199,1043112,0
1043455,426354750151750,6236708,0.61528807,256,1043200,1043455,1043281,0
1043711,426354750160833,7069958,0.60228561,256,1043456,1043711,1043523,0
1043967,426354750770083,7275667,0.65134198,256,1043712,1043967,1043862,0
1044223,426354751429750,7442916,0.62799196,256,1043968,1044223,1044136,0
1044479,426354752293000,7415583,0.64382915,256,1044224,1044479,1044454,0
1044735,426354753196208,7333833,0.61922696,256,1044480,1044735,1044668,0
1044991,426354754100166,7247750,0.60329803,256,1044736,1044991,1044799,0
1045247,426354754965791,7194334,0.62816033,256,1044992,1045247,1045159,0
1045503,426354755823000,7143250,0.57488227,256,1045248,1045503,1045390,0
1045759,426354756692250,7083958,0.64913908,256,1045504,1045759,1045529,0
1046015,426354757680041,6922125,0.59932455,256,1045760,1046015,1045820,0
1046271,426354758580000,6857791,0.61677297,256,1046016,1046271,1046227,0
1046527,426354759382458,6893125,0.65642894,256,1046272,1046527,1046328,0
1046783,426354760270708,6832792,0.61479246,256,1046528,1046783,1046554,0
1047039,426354761123625,6788875,0.5812468,256,1046784,1047039,1047029,0
1047295,426354762011750,6717166,0.60889053,256,1047040,1047295,1047192,0
1047551,426354762861416,6687542,0.63722307,256,1047296,1047551,1047528,0
1047807,426354763770041,6624084,0.6789547,256,1047552,1047807,1047564,0
1048063,426354764568791,6629750,0.62730144,256,1047808,1048063,1047963,0
1048319,426354765407541,6607750,0.60328595,256,1048064,1048319,1048068,0
1048575,426354766307791,6512542,0.64256733,256,1048320,1048575,1048558,0
1048831,426354767183250,6482166,0.62837244,256,1048576,1048831,1048738,0
1049087,426354768112166,6411792,0.60233607,256,1048832,1049087,1048842,0
1049343,426354768951916,6395292,0.60359799,256,1049088,1049343,1049210,0
1049599,426354769854291,6301542,0.56453933,256,1049344,1049599,1049549,0
1049855,426354770718875,6227208,0.59659302,256,1049600,1049855,1049648,0
1050111,426354771667875,6117000,0.61424866,256,1049856,1050111,1050051,0
1050367,426354772526083,6093708,0.62930165,256,1050112,1050367,1050343,0
1050623,426354773389916,6049417,0.57240215,256,1050368,1050623,1050581,0
1050879,426354774235125,6030458,0.58270619,256,1050624,1050879,1050654,0
1051135,426354775135958,5967333,0.62488011,256,1050880,1051135,1050957,0
1051391,426354775978541,5946000,0.57593519,256,1051136,1051391,1051231,0
1051647,426354776861625,5895958,0.62010245,256,1051392,1051647,1051578,0
1051903,426354777738666,5844125,0.61091659,256,1051648,1051903,1051830,0
1052159,426354778661208,5737667,0.59584126,256,1051904,1052159,1052094,0
1052415,426354779577916,5637167,0.60658991,256,1052160,1052415,1052213,0
1052671,426354780493416,5547584,0.61519844,256,1052416,1052671,1052489,0
1052927,426354781338416,5541042,0.60823272,256,1052672,1052927,1052905,0
1053183,426354782202541,5478084,0.61129457,256,1052928,1053183,1053016,0
1053439,426354783128375,5363666,0.60562089,256,1053184,1053439,1053295,0
1053695,426354783983041,5321792,0.60377393,256,1053440,1053695,1053520,0
1053951,426354784859916,5303500,0.62713047,256,1053696,1053951,1053836,0
1054207,426354785804666,5189084,0.61624675,256,1053952,1054207,1054195,0
1054463,426354786651708,5155125,0.65692913,256,1054208,1054463,1054263,0
1054719,426354787470416,5147084,0.61805452,256,1054464,1054719,1054465,0
1054975,426354788389541,5046209,0.62261602,256,1054720,1054975,1054803,0
1055231,426354789322708,4911500,0.59726526,256,1054976,1055231,1055187,0
1055487,426354790158166,4897917,0.61549548,256,1055232,1055487,1055236,0
1055743,426354791079125,4808083,0.60383213,256,1055488,1055743,1055690,0
1055999,426354791972958,4717125,0.57401221,256,1055744,1055999,1055755,0
1056255,426354792882958,4599417,0.58227665,256,1056000,1056255,1056062,0
1056511,426354793757708,4554667,0.59378722,256,1056256,1056511,1056332,0
1056767,426354794626916,4495750,0.61128015,256,1056512,1056767,1056591,0
1057023,426354795504875,4441375,0.62494963,256,1056768,1057023,1056835,0
1057279,426354796369291,4376875,0.59723363,256,1057024,1057279,1057044,0
1057535,426354797250708,4335208,0.58792185,256,1057280,1057535,1057302,0
1057791,426354798112375,4319916,0.61263605,256,1057536,1057791,1057590,0
1058047,426354799000750,4244583,0.61526841,256,1057792,1058047,1057875,0
1058303,426354799900958,4147875,0.60018103,256,1058048,1058303,1058300,0
1058559,426354800789541,4123584,0.69292101,256,1058304,1058559,1058558,0
1058815,426354801636041,4143459,0.64495132,256,1058560,1058815,1058566,0
1059071,426354802571041,4066084,0.62245042,256,1058816,1059071,1059046,0
1059327,426354803406333,4032875,0.59416998,256,1059072,1059327,1059117,0
1059583,426354804316375,3955916,0.59891146,256,1059328,1059583,1059472,0
1059839,426354805277958,3800250,0.59348389,256,1059584,1059839,1059762,0
1060095,426354806188041,3725250,0.59958757,256,1059840,1060095,1059897,0
1060351,426354807111375,3598125,0.60133077,256,1060096,1060351,1060289,0
1060607,426354807945208,3600625,0.60591531,256,1060352,1060607,1060582,0
1060863,426354808862000,3542000,0.63295032,256,1060608,1060863,1060666,0
1061119,426354809739083,3480500,0.60153947,256,1060864,1061119,1061002,0
1061375,426354810638041,3424542,0.59158211,256,1061120,1061375,1061373,0
1061631,426354811533875,3369458,0.64671385,256,1061376,1061631,1061544,0
1061887,426354812429958,3295083,0.63386269,256,1061632,1061887,1061875,0
1062143,426354813306166,3265042,0.62934687,256,1061888,1062143,1061943,0
1062399,426354814228958,3195958,0.63753856,256,1062144,1062399,1062260,0
1062655,426354815130208,3130208,0.63687953,256,1062400,1062655,1062655,0
1062911,426354815988500,3106625,0.60181328,256,1062656,1062911,1062774,0
1063167,426354816882083,3026625,0.64143286,256,1062912,1063167,1062978,0
1063423,426354817781791,2945584,0.59617283,256,1063168,1063423,1063399,0
1063679,426354818677958,2854583,0.61257362,256,1063424,1063679,1063429,0
1063935,426354819592375,2755583,0.60967855,256,1063680,1063935,1063686,0
1064191,426354820433541,2761750,0.64639082,256,1063936,1064191,1064021,0
1064447,426354821284625,2737541,0.62883106,256,1064192,1064447,1064431,0
1064703,426354822117416,2701667,0.56860543,256,1064448,1064703,1064630,0
1064959,426354823040333,2587250,0.56441215,256,1064704,1064959,1064810,0
1065215,426354823910083,2553208,0.61130886,256,1064960,1065215,1065189,0
1065471,426354824786458,2486125,0.5750652,256,1065216,1065471,1065347,0
1065727,426354825705291,2382000,0.57097002,256,1065472,1065727,1065478,0
1065983,426354826582541,2313292,0.58718128,256,1065728,1065983,1065933,0
1066239,426354827454583,2271375,0.61997599,256,1065984,1066239,1066045,0
1066495,426354828340208,2199875,0.59411462,256,1066240,1066495,1066458,0
1066751,426354829239875,2123416,0.63354144,256,1066496,1066751,1066553,0
1067007,426354830148000,2022041,0.61077366,256,1066752,1067007,1066792,0
1067263,426354830960083,2014000,0.59877957,256,1067008,1067263,1067263,0
1067519,426354831847625,1943708,0.60738056,256,1067264,1067519,1067316,0
1067775,426354832725125,1885291,0.61848223,256,1067520,1067775,1067567,0
1068031,426354833567000,1858333,0.61213227,256,1067776,1068031,1068026,0
1068287,426354834457000,1778041,0.59928712,256,1068032,1068287,1068032,0
1068543,426354835418750,1638416,0.59319544,256,1068288,1068543,1068469,0
1068799,426354836302041,1560459,0.59242797,256,1068544,1068799,1068764,0
1069055,426354837174708,1499375,0.58565776,256,1068800,1069055,1068869,0
1069311,426354838036125,1488291,0.6337925,256,1069056,1069311,1069185,0
1069567,426354838885375,1475500,0.62627704,256,1069312,1069567,1069375,0
1069823,426354839800416,1367042,0.58328891,256,1069568,1069823,1069794,0
1070079,426354840701791,1279917,0.61252297,256,1069824,1070079,1070042,0
1070335,426354841558750,1271541,0.63678324,256,1070080,1070335,1070318,0
1070591,426354842397916,1245459,0.61420734,256,1070336,1070591,1070414,0
1070847,426354843287625,1193375,0.60904724,256,1070592,1070847,1070774,0
1071103,426354844177958,1117333,0.60613878,256,1070848,1071103,1071059,0
1071359,426354845057750,1028208,0.60333579,256,1071104,1071359,1071168,0
1071615,426354845953083,988625,0.61424834,256,1071360,1071615,1071517,0
1071871,426354846830458,933792,0.59625723,256,1071616,1071871,1071789,0
1072127,426354847771583,1698083,0.61436095,256,1071872,1072127,1072096,0
1072383,426354848638666,1837917,0.63025999,256,1072128,1072383,1072376,0
1072639,426354849491958,1821250,0.66362755,256,1072384,1072639,1072543,0
1072895,426354850421916,1707500,0.59566289,256,1072640,1072895,1072887,0
1073151,426354851287333,1695167,0.62217051,256,1072896,1073151,1072917,0
1073407,426354852159541,1672375,0.64805175,256,1073152,1073407,1073382,0
1073663,426354853060791,1600834,0.60259417,256,1073408,1073663,1073615,0
1073919,426354854005208,1464875,0.62971467,256,1073664,1073919,1073773,0
1074175,426354854905583,1401917,0.6198063,256,1073920,1074175,1073982,0
1074431,426354855806833,1302375,0.59285803,256,1074176,1074431,1074411,0
1074687,426354856696666,1244834,0.62529003,256,1074432,1074687,1074439,0
1074943,426354857579625,1184416,0.62864922,256,1074688,1074943,1074749,0
1075199,426354858436083,1156500,0.62037311,256,1074944,1075199,1075030,0
1075455,426354859263333,1132958,0.5705806,256,1075200,1075455,1075385,0
1075711,426354860174458,1068792,0.63898438,256,1075456,1075711,1075524,0
1075967,426354861039208,1017792,0.60579449,256,1075712,1075967,1075865,0
1076223,426354861899375,966791,0.59432828,256,1075968,1076223,1076156,0
1076479,426354862797875,871458,0.56983826,256,1076224,1076479,1076319,0
1076735,426354863655083,833375,0.57141594,256,1076480,1076735,1076495,0
1076991,426354864508125,854458,0.59258233,256,1076736,1076991,1076966,0
1077247,426354865409416,856000,0.63939749,256,1076992,1077247,1077044,0
1077503,426354866312166,842167,0.63027226,256,1077248,1077503,1077374,0
1077759,426354867231250,1620666,0.58755874,256,1077504,1077759,1077610,0
1078015,426354868100958,1778292,0.62146377,256,1077760,1078015,1077982,0
1078271,426354868991083,1723042,0.60246461,256,1078016,1078271,1078132,0
1078527,426354869867458,1654792,0.59872554,256,1078272,1078527,1078429,0
1078783,426354870752958,1580583,0.59822397,256,1078528,1078783,1078555,0
1079039,426354871607291,1525584,0.60944565,256,1078784,1079039,1078879,0
1079295,426354872484666,1494792,0.61940373,256,1079040,1079295,1079121,0
1079551,426354873369083,1442000,0.64121584,256,1079296,1079551,1079528,0
1079807,426354874317500,1335125,0.63227465,256,1079552,1079807,1079572,0
1080063,426354875196000,1268916,0.59243858,256,1079808,1080063,1080049,0
1080319,426354876079625,1204375,0.63755647,256,1080064,1080319,1080220,0
1080575,426354877024250,1083041,0.62428661,256,1080320,1080575,1080344,0
1080831,426354877923666,1015209,0.6298314,256,1080576,1080831,1080816,0
1081087,426354878787416,968917,0.59429438,256,1080832,1081087,1080834,0
1081343,426354879701500,879791,0.58800449,256,1081088,1081343,1081254,0
1081599,426354880622708,1608917,0.58821582,256,1081344,1081599,1081558,0
1081855,426354881486541,2344167,0.61040398,256,1081600,1081855,1081805,0
1082111,426354882272291,3129625,0.6066355,256,1081856,1082111,1082016,0
1082367,426354883135083,3874958,0.57977163,256,1082112,1082367,1082353,0
1082623,426354884072958,4372125,0.65932005,256,1082368,1082623,1082599,0
1082879,426354884976666,4339542,0.64431338,256,1082624,1082879,1082638,0
1083135,426354885835000,4290416,0.60274246,256,1082880,1083135,1083133,0
1083391,426354886716708,4233125,0.59988771,256,1083136,1083391,1083364,0
1083647,426354887605083,4204833,0.61212021,256,1083392,1083647,1083568,0
1083903,426354888522041,4137500,0.6686183,256,1083648,1083903,1083692,0
1084159,426354889415250,4063375,0.60951265,256,1083904,1084159,1084032,0
1084415,426354890310458,4036417,0.64193169,256,1084160,1084415,1084347,0
1084671,426354891207333,3964917,0.58499298,256,1084416,1084671,1084588,0
1084927,426354892081750,3926875,0.58175114,256,1084672,1084927,1084783,0
1085183,426354892921666,3889584,0.6016676,256,1084928,1085183,1085064,0
1085439,426354893806833,3841208,0.61858467,256,1085184,1085439,1085336,0
1085695,426354894714875,3793708,0.59487259,256,1085440,1085695,1085695,0
1085951,426354895607375,3744750,0.57453155,256,1085696,1085951,1085774,0
1086207,426354896517416,3648792,0.58325845,256,1085952,1086207,1086087,0
1086463,426354897383291,3594084,0.59289488,256,1086208,1086463,1086448,0
1086719,426354898307583,3493500,0.62981849,256,1086464,1086719,1086568,0
1086975,426354899211541,3433084,0.61250639,256,1086720,1086975,1086967,0
1087231,426354900086750,3451541,0.65859587,256,1086976,1087231,1087048,0
1087487,426354900953041,3416875,0.60433851,256,1087232,1087487,1087327,0
1087743,426354901825875,3361041,0.60328128,256,1087488,1087743,1087525,0
1087999,426354902687000,3346375,0.57827709,256,1087744,1087999,1087900,0
1088255,426354903563541,3297917,0.6051523,256,1088000,1088255,1088138,0
1088511,426354904408875,3296333,0.60298794,256,1088256,1088511,1088341,0
1088767,426354905314750,3209250,0.59905662,256,1088512,1088767,1088644,0
1089023,426354906189791,3202209,0.63687034,256,1088768,1089023,1089020,0
1089279,426354907050041,3154750,0.64303692,256,1089024,1089279,1089078,0
1089535,426354908037791,2996834,0.58952888,256,1089280,1089535,1089516,0
1089791,426354908845291,3040334,0.61402743,256,1089536,1089791,1089611,0
1090047,426354909741666,3005334,0.61915101,256,1089792,1090047,1089963,0
1090303,426354910591041,2972709,0.59337317,256,1090048,1090303,1090301,0
1090559,426354911491333,2926833,0.61467062,256,1090304,1090559,1090317,0
1090815,426354912354250,2913500,0.5910827,256,1090560,1090815,1090815,0
1091071,426354913232250,2881291,0.60441898,256,1090816,1091071,1090906,0
1091327,426354914154833,2792625,0.61028263,256,1091072,1091327,1091281,0
1091583,426354914986083,3095750,0.66421782,256,1091328,1091583,1091410,0
1091839,426354915864125,3053166,0.64918656,256,1091584,1091839,1091800,0
1092095,426354916777958,2959792,0.62763628,256,1091840,1092095,1091924,0
1092351,426354917687291,2873792,0.59030164,256,1092096,1092351,1092263,0
1092607,426354918543416,2871334,0.65669599,256,1092352,1092607,1092546,0
1092863,426354919442208,2820167,0.63442299,256,1092608,1092863,1092633,0
1093119,426354920299208,2793292,0.62120374,256,1092864,1093119,1093029,0
1093375,426354921242375,2680208,0.60691563,256,1093120,1093375,1093171,0
1093631,426354922168041,2592417,0.60772612,256,1093376,1093631,1093425,0
1093887,426354923090666,2495000,0.57819875,256,1093632,1093887,1093714,0
1094143,426354924004000,2417458,0.62012724,256,1093888,1094143,1093966,0
1094399,426354924856291,2425042,0.62712254,256,1094144,1094399,1094281,0
1094655,426354925722458,2380208,0.59939127,256,1094400,1094655,1094578,0
1094911,426354926641333,2290083,0.58902533,256,1094656,1094911,1094885,0
1095167,426354927533625,2225583,0.62206653,256,1094912,1095167,1094923,0
1095423,426354928481833,2148833,0.62414991,256,1095168,1095423,1095367,0
1095679,426354929379083,2093208,0.62464416,256,1095424,1095679,1095509,0
1095935,426354930236333,2046208,0.57558784,256,1095680,1095935,1095683,0
1096191,426354931056208,2042833,0.63017868,256,1095936,1096191,1096085,0
1096447,426354931950833,1958875,0.61242889,256,1096192,1096447,1096400,0
1096703,426354932868208,1847833,0.59227937,256,1096448,1096703,1096660,0
1096959,426354933742041,1805084,0.59442219,256,1096704,1096959,1096912,0
1097215,426354934678541,1673167,0.63125636,256,1096960,1097215,1097204,0
1097471,426354935634416,1557042,0.63925784,256,1097216,1097471,1097231,0
1097727,426354936555291,1461000,0.58870569,256,1097472,1097727,1097567,0
1097983,426354937445416,1386834,0.61103145,256,1097728,1097983,1097792,0
1098239,426354938347125,1329916,0.61090879,256,1097984,1098239,1098079,0
1098495,426354939254000,1247833,0.61692627,256,1098240,1098495,1098449,0
1098751,426354940156833,1165917,0.59929395,256,1098496,1098751,1098638,0
1099007,426354941000166,1151875,0.64087453,256,1098752,1099007,1098872,0
1099263,426354941827208,1145833,0.6315689,256,1099008,1099263,1099100,0
1099519,426354942707083,1072333,0.57421666,256,1099264,1099519,1099302,0
1099775,426354943591083,1055125,0.63829549,256,1099520,1099775,1099582,0
1100031,426354944461750,1046041,0.62853484,256,1099776,1100031,1099785,0
1100287,426354945352541,999709,0.60530327,256,1100032,1100287,1100165,0
1100543,426354946272875,928625,0.62263458,256,1100288,1100543,1100529,0
1100799,426354947143958,904833,0.59656578,256,1100544,1100799,1100663,0
1101055,426354948081250,875541,0.60779822,256,1100800,1101055,1100800,0
1101311,426354948974833,1699333,0.59317879,256,1101056,1101311,1101154,0
1101567,426354949937208,1744542,0.63330478,256,1101312,1101567,1101378,0
1101823,426354950765708,1779750,0.64410942,256,1101568,1101823,1101775,0
1102079,426354951645583,1751500,0.59444516,256,1101824,1102079,1101939,0
1102335,426354952519000,1719416,0.6023155,256,1102080,1102335,1102198,0
1102591,426354953435375,1657000,0.6196173,256,1102336,1102591,1102563,0
1102847,426354954266000,1700416,0.6397648,256,1102592,1102847,1102632,0
1103103,426354955203916,1605250,0.60877202,256,1102848,1103103,1102968,0
1103359,426354956073833,1579458,0.62750057,256,1103104,1103359,1103340,0
1103615,426354956980291,1540584,0.63772835,256,1103360,1103615,1103564,0
1103871,426354957893833,1501875,0.61225154,256,1103616,1103871,1103693,0
1104127,426354958873625,1377625,0.64164905,256,1103872,1104127,1103983,0
1104383,426354959781166,1349584,0.64319282,256,1104128,1104383,1104236,0
1104639,426354960589250,1384958,0.62274917,256,1104384,1104639,1104562,0
1104895,426354961455583,1394208,0.63325526,256,1104640,1104895,1104770,0
1105151,426354962262916,1421250,0.63732299,256,1104896,1105151,1104909,0
1105407,426354963156125,1391791,0.64122953,256,1105152,1105407,1105392,0
1105663,426354964053958,1335583,0.62660174,256,1105408,1105663,1105570,0
1105919,426354964917958,1362125,0.64987984,256,1105664,1105919,1105685,0
1106175,426354965854000,1264958,0.59472973,256,1105920,1106175,1105983,0
1106431,426354966737916,1254125,0.65296432,256,1106176,1106431,1106301,0
1106687,426354967665625,3753208,0.61340293,256,1106432,1106687,1106526,0
1106943,426354968667833,3802083,0.64018076,256,1106688,1106943,1106720,0
1107199,426354971009375,2302166,0.63829761,256,1106944,1107199,1107086,0
1107455,426354971018500,3099958,0.59043634,256,1107200,1107455,1107340,0
1107711,426354971490333,3470708,0.61976185,256,1107456,1107711,1107469,0
1107967,426354972176916,3656042,0.64076093,256,1107712,1107967,1107886,0
1108223,426354973066958,3605875,0.61442276,256,1107968,1108223,1108215,0
1108479,426354973959250,3554375,0.64467236,256,1108224,1108479,1108411,0
1108735,426354974899666,3459667,0.62364927,256,1108480,1108735,1108705,0
1108991,426354975766708,3458458,0.61673704,256,1108736,1108991,1108920,0
1109247,426354976672208,3424417,0.67610459,256,1108992,1109247,1109061,0
1109503,426354977528541,3395500,0.61156548,256,1109248,1109503,1109322,0
1109759,426354978397291,3386042,0.64185669,256,1109504,1109759,1109531,0
1110015,426354979276125,3335958,0.60819544,256,1109760,1110015,1109835,0
1110271,426354980146625,3315125,0.60853292,256,1110016,1110271,1110172,0
1110527,426354981090708,3228625,0.62492758,256,1110272,1110527,1110455,0
1110783,426354981920000,3255666,0.67894507,256,1110528,1110783,1110670,0
1111039,426354982815500,3200791,0.60293968,256,1110784,1111039,1110874,0
1111295,426354983656375,3227833,0.64961557,256,1111040,1111295,1111141,0
1111551,426354984608416,3122709,0.65605684,256,1111296,1111551,1111445,0
1111807,426354985491625,3085916,0.63862436,256,1111552,1111807,1111769,0
1112063,426354986340708,3087542,0.61520012,256,1111808,1112063,1111924,0
1112319,426354987195291,3136125,0.64809905,256,1112064,1112319,1112177,0
1112575,426354988064125,3107041,0.60094351,256,1112320,1112575,1112345,0
1112831,426354988919291,3095834,0.61548058,256,1112576,1112831,1112614,0
1113087,426354989787041,3103709,0.64472019,256,1112832,1113087,1113083,0
1113343,426354990714875,3017500,0.6103563,256,1113088,1113343,1113170,0
1113599,426354991595375,3003958,0.6762325,256,1113344,1113599,1113542,0
1113855,426354992481958,2947208,0.62823744,256,1113600,1113855,1113626,0
1114111,426354993338500,2940916,0.63039284,256,1113856,1114111,1113973,0
1114367,426354994258625,2852416,0.65093792,256,1114112,1114367,1114183,0
1114623,426354995058791,2877459,0.61951663,256,1114368,1114623,1114506,0
1114879,426354995974875,2800083,0.60176922,256,1114624,1114879,1114706,0
1115135,426354996833041,2751417,0.62239543,256,1114880,1115135,1115087,0
1115391,426354997761416,2652584,0.62346011,256,1115136,1115391,1115153,0
1115647,426354998572458,2706333,0.60631253,256,1115392,1115647,1115412,0
1115903,426354999428291,2713042,0.60674639,256,1115648,1115903,1115743,0
1116159,426355000265291,2697375,0.61005339,256,1115904,1116159,1116139,0
1116415,426355001183208,2604250,0.62176583,256,1116160,1116415,1116319,0
1116671,426355002080375,2594500,0.67761214,256,1116416,1116671,1116606,0
1116927,426355002972375,2519000,0.582646,256,1116672,1116927,1116675,0
1117183,426355003928083,2395042,0.63351258,256,1116928,1117183,1116970,0
1117439,426355004796541,2373375,0.6318691,256,1117184,1117439,1117349,0
1117695,426355005710208,2295333,0.60372303,256,1117440,1117695,1117572,0
1117951,426355006615416,2212084,0.5882785,256,1117696,1117951,1117751,0
1118207,426355007448458,2207625,0.59024759,256,1117952,1118207,1118099,0
1118463,426355008342750,2148333,0.6188372,256,1118208,1118463,1118420,0
1118719,426355009203583,2129500,0.68728591,256,1118464,1118719,1118577,0
1118975,426355010088750,2059083,0.61264445,256,1118720,1118975,1118860,0
1119231,426355010947666,2035459,0.61710258,256,1118976,1119231,1119209,0
1119487,426355011868791,1942125,0.60008443,256,1119232,1119487,1119360,0
1119743,426355012767958,1868083,0.6286582,256,1119488,1119743,1119592,0
1119999,426355013654541,1845667,0.6453923,256,1119744,1119999,1119761,0
1120255,426355014575541,1784667,0.61071043,256,1120000,1120255,1120244,0
1120511,426355015434625,1758958,0.6416423,256,1120256,1120511,1120262,0
1120767,426355016328958,2036208,0.63129476,256,1120512,1120767,1120723,0
1121023,426355017177250,2004375,0.64913662,256,1120768,1121023,1121021,0
1121279,426355018056083,1943000,0.59326676,256,1121024,1121279,1121201,0
1121535,426355018917041,1943959,0.64973736,256,1121280,1121535,1121379,0
1121791,426355019780375,1908541,0.61284035,256,1121536,1121791,1121740,0
1122047,426355020647875,1890375,0.60630711,256,1121792,1122047,1122023,0
1122303,426355021538500,1846833,0.64470687,256,1122048,1122303,1122057,0
1122559,426355022367833,1853208,0.65310893,256,1122304,1122559,1122528,0
1122815,426355023268958,1831000,0.68487594,256,1122560,1122815,1122573,0
1123071,426355024122041,1834709,0.62224034,256,1122816,1123071,1123066,0
1123327,426355025052041,1763125,0.63492915,256,1123072,1123327,1123095,0
1123583,426355025944458,1727292,0.64038003,256,1123328,1123583,1123424,0
1123839,426355026814083,1686083,0.60458498,256,1123584,1123839,1123626,0
1124095,426355027706041,1597875,0.61138184,256,1123840,1124095,1123938,0
1124351,426355028607458,1520500,0.59470801,256,1124096,1124351,1124345,0
1124607,426355029446166,1510250,0.62098797,256,1124352,1124607,1124466,0
1124863,426355030336291,1458417,0.62856775,256,1124608,1124863,1124618,0
1125119,426355031285041,1337667,0.6257972,256,1124864,1125119,1125107,0
1125375,426355032154166,1320084,0.64044553,256,1125120,1125375,1125223,0
1125631,426355033029416,1302709,0.62097953,256,1125376,1125631,1125488,0
1125887,426355033914958,1264875,0.61062979,256,1125632,1125887,1125660,0
1126143,426355034843875,1164500,0.60962017,256,1125888,1126143,1126008,0
1126399,426355035735416,1154125,0.61720247,256,1126144,1126399,1126347,0
1126655,426355036641666,1098417,0.64102501,256,1126400,1126655,1126538,0
1126911,426355037523333,1028208,0.58075952,256,1126656,1126911,1126698,0
1127167,426355038449083,926542,0.59691529,256,1126912,1127167,1127134,0
1127423,426355039338583,883792,0.6443855,256,1127168,1127423,1127259,0
1127679,426355040220416,1395000,0.65614144,256,1127424,1127679,1127559,0
1127935,426355041072041,1382750,0.61236989,256,1127680,1127935,1127933,0
1128191,426355041979416,1315500,0.6332931,256,1127936,1128191,1128081,0
1128447,426355042900958,1209167,0.58710934,256,1128192,1128447,1128196,0
1128703,426355043769000,1163750,0.61998326,256,1128448,1128703,1128701,0
1128959,426355044671333,1066333,0.59439807,256,1128704,1128959,1128800,0
1129215,426355045554041,1020042,0.65400459,256,1128960,1129215,1129035,0
1129471,426355046371083,1010417,0.5891788,256,1129216,1129471,1129268,0
1129727,426355047283083,954250,0.6458288,256,1129472,1129727,1129599,0
1129983,426355048153333,919583,0.59749237,256,1129728,1129983,1129752,0
1130239,426355049059125,847375,0.61188899,256,1129984,1130239,1130235,0
1130495,426355049900250,1697583,0.66563199,256,1130240,1130495,1130416,0
1130751,426355050788375,1794583,0.61983034,256,1130496,1130751,1130526,0
1131007,426355051680458,1711333,0.61303204,256,1130752,1131007,1130869,0
1131263,426355052575041,1638709,0.60281846,256,1131008,1131263,1131136,0
1131519,426355053437541,1591125,0.59442221,256,1131264,1131519,1131299,0
1131775,426355054319916,1513084,0.59648675,256,1131520,1131775,1131707,0
1132031,426355055210375,1420916,0.61146871,256,1131776,1132031,1132020,0
1132287,426355056079500,1404041,0.65585927,256,1132032,1132287,1132050,0
1132543,426355056974500,1321500,0.63750405,256,1132288,1132543,1132395,0
1132799,426355057866916,1261917,0.65071636,256,1132544,1132799,1132698,0
1133055,426355058692375,1235625,0.59603534,256,1132800,1133055,1132882,0
1133311,426355059570291,1174500,0.61297029,256,1133056,1133311,1133178,0
1133567,426355060456166,1113250,0.62639294,256,1133312,1133567,1133314,0
1133823,426355061309041,1058084,0.61854913,256,1133568,1133823,1133631,0
1134079,426355062144375,1024125,0.6080745,256,1133824,1134079,1133995,0
1134335,426355062974791,1040334,0.63534921,256,1134080,1134335,1134202,0
1134591,426355063833333,1018958,0.61000586,256,1134336,1134591,1134365,0
1134847,426355064719125,929791,0.59199943,256,1134592,1134847,1134650,0
1135103,426355065593875,886541,0.62598071,256,1134848,1135103,1134911,0
1135359,426355066518250,1616083,0.62042115,256,1135104,1135359,1135310,0
1135615,426355067401750,1736208,0.6007891,256,1135360,1135615,1135384,0
1135871,426355068297625,1635958,0.60044824,256,1135616,1135871,1135687,0
1136127,426355069160875,1625541,0.62258164,256,1135872,1136127,1136031,0
1136383,426355070075583,1535625,0.61672773,256,1136128,1136383,1136177,0
1136639,426355070939875,1499875,0.63793373,256,1136384,1136639,1136484,0
1136895,426355071834208,1428375,0.65676825,256,1136640,1136895,1136807,0
1137151,426355072686708,1395625,0.65068601,256,1136896,1137151,1137136,0
1137407,426355073572625,1336833,0.65469798,256,1137152,1137407,1137363,0
1137663,426355074484833,1232875,0.63176897,256,1137408,1137663,1137523,0
1137919,426355075350833,1176875,0.61766377,256,1137664,1137919,1137852,0
1138175,426355076241958,1096708,0.59642016,256,1137920,1138175,1138174,0
1138431,426355077186666,933459,0.58326041,256,1138176,1138431,1138300,0
1138687,426355078095041,842167,0.66309834,256,1138432,1138687,1138535,0
1138943,426355079006333,1638042,0.61057383,256,1138688,1138943,1138830,0
1139199,426355079899625,1769833,0.60759245,256,1138944,1139199,1139191,0
1139455,426355080793791,1712667,0.65781552,256,1139200,1139455,1139424,0
1139711,426355081702541,1635167,0.63992472,256,1139456,1139711,1139588,0
1139967,426355082587000,1559500,0.59752637,256,1139712,1139967,1139856,0
1140223,426355083473208,1508583,0.60113956,256,1139968,1140223,1140093,0
1140479,426355084327375,1525958,0.62129579,256,1140224,1140479,1140357,0
1140735,426355085214291,1463125,0.62064396,256,1140480,1140735,1140657,0
1140991,426355086073208,1407042,0.60302827,256,1140736,1140991,1140880,0
1141247,426355086947250,1395833,0.60785975,256,1140992,1141247,1141179,0
1141503,426355087786416,1372167,0.61596974,256,1141248,1141503,1141397,0
1141759,426355088685166,1308875,0.57327156,256,1141504,1141759,1141538,0
1142015,426355089567416,1241709,0.62374666,256,1141760,1142015,1141951,0
1142271,426355090467375,1169875,0.6010083,256,1142016,1142271,1142117,0
1142527,426355091332291,1135959,0.58368317,256,1142272,1142527,1142310,0
1142783,426355092208750,1050833,0.58232311,256,1142528,1142783,1142585,0
1143039,426355093074791,1031375,0.6099363,256,1142784,1143039,1142804,0
1143295,426355093899166,1053875,0.61528807,256,1143040,1143295,1143281,0
1143551,426355094852500,943041,0.60390786,256,1143296,1143551,1143298,0
1143807,426355095741333,878250,0.60940541,256,1143552,1143807,1143775,0
1144063,426355096580083,843875,0.65134198,256,1143808,1144063,1143862,0
1144319,426355097499833,853375,0.62799196,256,1144064,1144319,1144136,0
1144575,426355098379583,854417,0.64382915,256,1144320,1144575,1144454,0
1144831,426355099276208,1622875,0.61922696,256,1144576,1144831,1144668,0
1145087,426355100138041,1794834,0.59839023,256,1144832,1145087,1145031,0
1145343,426355101009500,1707041,0.62816033,256,1145088,1145343,1145159,0
1145599,426355101862000,1654125,0.64913908,256,1145344,1145599,1145529,0
1145855,426355102784875,1533666,0.59932455,256,1145600,1145855,1145820,0
1146111,426355103741458,1372417,0.58963899,256,1145856,1146111,1145982,0
1146367,426355104584541,1346292,0.65642894,256,1146112,1146367,1146328,0
1146623,426355105432291,1304750,0.61479246,256,1146368,1146623,1146554,0
1146879,426355106325250,1195583,0.58687898,256,1146624,1146879,1146724,0
1147135,426355107166375,1159041,0.5812468,256,1146880,1147135,1147029,0
1147391,426355108077375,1030916,0.60889053,256,1147136,1147391,1147192,0
1147647,426355108924333,1028167,0.6789547,256,1147392,1147647,1147564,0
1147903,426355109782916,945250,0.63423499,256,1147648,1147903,1147770,0
1148159,426355110595250,947166,0.62730144,256,1147904,1148159,1147963,0
1148415,426355111462791,861959,0.57515766,256,1148160,1148415,1148396,0
1148671,426355112352416,1559625,0.64256733,256,1148416,1148671,1148558,0
1148927,426355113261458,1710042,0.62837244,256,1148672,1148927,1148738,0
1149183,426355114177041,1641875,0.5982365,256,1148928,1149183,1148934,0
1149439,426355115025583,1619750,0.60359799,256,1149184,1149439,1149210,0
1149695,426355115920208,1530875,0.59659302,256,1149440,1149695,1149648,0
1149951,426355116783375,1485625,0.5994441,256,1149696,1149951,1149925,0
1150207,426355117707291,1381167,0.61424866,256,1149952,1150207,1150051,0
1150463,426355118563041,1354084,0.62930165,256,1150208,1150463,1150343,0
1150719,426355119429500,1326583,0.58270619,256,1150464,1150719,1150654,0
1150975,426355120284958,1286000,0.62488011,256,1150720,1150975,1150957,0
1151231,426355121183125,1219791,0.59512176,256,1150976,1151231,1151101,0
1151487,426355122049583,1199833,0.58236464,256,1151232,1151487,1151396,0
1151743,426355122868583,1210833,0.62010245,256,1151488,1151743,1151578,0
1151999,426355123828208,1077625,0.61091659,256,1151744,1151999,1151830,0
1152255,426355124719125,995000,0.60658991,256,1152000,1152255,1152213,0
1152511,426355125642250,894625,0.61519844,256,1152256,1152511,1152489,0
1152767,426355126500708,867250,0.59635555,256,1152512,1152767,1152518,0
1153023,426355127394416,808792,0.61129457,256,1152768,1153023,1153016,0
1153279,426355128243791,807625,0.56548277,256,1153024,1153279,1153212,0
1153535,426355129172583,822250,0.60562089,256,1153280,1153535,1153295,0
1153791,426355130048958,834250,0.600102,256,1153536,1153791,1153607,0
1154047,426355130899708,880750,0.62713047,256,1153792,1154047,1153836,0
1154303,426355131848291,859375,0.65692913,256,1154048,1154303,1154263,0
1154559,426355132667333,847167,0.61805452,256,1154304,1154559,1154465,0
1154815,426355133540916,820417,0.62261602,256,1154560,1154815,1154803,0
1155071,426355134481458,812083,0.57629691,256,1154816,1155071,1155030,0
1155327,426355135370583,832833,0.61549548,256,1155072,1155327,1155236,0
1155583,426355136237375,823125,0.59535012,256,1155328,1155583,1155536,0
1155839,426355137131791,1721125,0.60383213,256,1155584,1155839,1155690,0
1156095,426355138061833,1758417,0.58227665,256,1155840,1156095,1156062,0
1156351,426355138908541,1704959,0.59378722,256,1156096,1156351,1156332,0
1156607,426355139826000,1598083,0.61128015,256,1156352,1156607,1156591,0
1156863,426355140675125,1578791,0.62494963,256,1156608,1156863,1156835,0
1157119,426355141545250,1514458,0.59723363,256,1156864,1157119,1157044,0
1157375,426355142412583,1464167,0.58792185,256,1157120,1157375,1157302,0
1157631,426355143283666,1415250,0.61263605,256,1157376,1157631,1157590,0
1157887,426355144165083,1392667,0.61526841,256,1157632,1157887,1157875,0
1158143,426355145053166,1297500,0.57622205,256,1157888,1158143,1157946,0
1158399,426355145933208,1258042,0.61289621,256,1158144,1158399,1158324,0
1158655,426355146850541,1224042,0.69292101,256,1158400,1158655,1158558,0
1158911,426355147698166,1217584,0.59693152,256,1158656,1158911,1158667,0
1159167,426355148602375,1153708,0.62245042,256,1158912,1159167,1159046,0
1159423,426355149525625,1039583,0.59387524,256,1159168,1159423,1159402,0
1159679,426355150395500,994000,0.59891146,256,1159424,1159679,1159472,0
1159935,426355151350916,872500,0.59958757,256,1159680,1159935,1159897,0
1160191,426355152259333,797208,0.58000046,256,1159936,1160191,1160050,0
1160447,426355153172291,817750,0.60133077,256,1160192,1160447,1160289,0
1160703,426355154016583,857208,0.63295032,256,1160448,1160703,1160666,0
1160959,426355154935041,1659042,0.59501282,256,1160704,1160959,1160790,0
1161215,426355155786458,1819417,0.60153947,256,1160960,1161215,1161002,0
1161471,426355156697416,1712917,0.59158211,256,1161216,1161471,1161373,0
1161727,426355157581166,1666542,0.64671385,256,1161472,1161727,1161544,0
1161983,426355158473541,1630500,0.63386269,256,1161728,1161983,1161875,0
1162239,426355159380541,1507959,0.63145207,256,1161984,1162239,1162172,0
1162495,426355160270583,1431500,0.63753856,256,1162240,1162495,1162260,0
1162751,426355161177125,1342375,0.63687953,256,1162496,1162751,1162655,0
1163007,426355162043916,1291750,0.64143286,256,1162752,1163007,1162978,0
1163263,426355162938750,1182500,0.57706709,256,1163008,1163263,1163164,0
1163519,426355163854833,1073500,0.61257362,256,1163264,1163519,1163429,0
1163775,426355164751791,941334,0.60967855,256,1163520,1163775,1163686,0
1164031,426355165642208,875375,0.64639082,256,1163776,1164031,1164021,0
1164287,426355166475541,868709,0.62269165,256,1164032,1164287,1164092,0
1164543,426355167310083,823375,0.62883106,256,1164288,1164543,1164431,0
1164799,426355168193541,847167,0.56860543,256,1164544,1164799,1164630,0
1165055,426355169076916,1665834,0.60762078,256,1164800,1165055,1165012,0
1165311,426355169945500,1774375,0.61130886,256,1165056,1165311,1165189,0
1165567,426355170847625,1667541,0.5750652,256,1165312,1165567,1165347,0
1165823,426355171748875,1558208,0.58355571,256,1165568,1165823,1165754,0
1166079,426355172638041,1476250,0.61997599,256,1165824,1166079,1166045,0
1166335,426355173495166,1392750,0.60002854,256,1166080,1166335,1166212,0
1166591,426355174398416,1313375,0.63354144,256,1166336,1166591,1166553,0
1166847,426355175307166,1185875,0.61653147,256,1166592,1166847,1166699,0
1167103,426355176169791,1116250,0.56357814,256,1166848,1167103,1166908,0
1167359,426355176995666,1096167,0.60738056,256,1167104,1167359,1167316,0
1167615,426355177894500,983833,0.61848223,256,1167360,1167615,1167567,0
1167871,426355178769208,898583,0.5728344,256,1167616,1167871,1167799,0
1168127,426355179626875,836791,0.61213227,256,1167872,1168127,1168026,0
1168383,426355180499250,849708,0.59197516,256,1168128,1168383,1168185,0
1168639,426355181469416,832375,0.59319544,256,1168384,1168639,1168469,0
1168895,426355182386083,823375,0.59242797,256,1168640,1168895,1168764,0
1169151,426355183219041,1636834,0.60667735,256,1168896,1169151,1169149,0
1169407,426355184077458,1855375,0.6337925,256,1169152,1169407,1169185,0
1169663,426355184950333,1754167,0.57238294,256,1169408,1169663,1169425,0
1169919,426355185852541,1662375,0.59063498,256,1169664,1169919,1169883,0
1170175,426355186728208,1604208,0.61252297,256,1169920,1170175,1170042,0
1170431,426355187601000,1576208,0.63678324,256,1170176,1170431,1170318,0
1170687,426355188453666,1543959,0.60276169,256,1170432,1170687,1170445,0
1170943,426355189368583,1453625,0.60904724,256,1170688,1170943,1170774,0
1171199,426355190224916,1405375,0.60613878,256,1170944,1171199,1171059,0
1171455,426355191093708,1346917,0.59180814,256,1171200,1171455,1171400,0
1171711,426355192000708,1280292,0.61424834,256,1171456,1171711,1171517,0
1171967,426355192934708,1171583,0.59625723,256,1171712,1171967,1171789,0
1172223,426355193818625,1084791,0.61436095,256,1171968,1172223,1172096,0
1172479,426355194682625,1079000,0.63025999,256,1172224,1172479,1172376,0
1172735,426355195598125,988666,0.66362755,256,1172480,1172735,1172543,0
1172991,426355196471625,960416,0.62217051,256,1172736,1172991,1172917,0
1173247,426355197331333,937542,0.61708042,256,1172992,1173247,1173174,0
1173503,426355198235458,871292,0.64805175,256,1173248,1173503,1173382,0
1173759,426355199125375,830625,0.60259417,256,1173504,1173759,1173615,0
1174015,426355200072125,1645541,0.62971467,256,1173760,1174015,1173773,0
1174271,426355200958416,1742250,0.58066036,256,1174016,1174271,1174261,0
1174527,426355201850583,1671125,0.62529003,256,1174272,1174527,1174439,0
1174783,426355202692500,1617458,0.62864922,256,1174528,1174783,1174749,0
1175039,426355203619833,1509708,0.62037311,256,1174784,1175039,1175030,0
1175295,426355204468083,1443250,0.60885206,256,1175040,1175295,1175108,0
1175551,426355205342666,1370209,0.63898438,256,1175296,1175551,1175524,0
1175807,426355206225708,1298542,0.6292772,256,1175552,1175807,1175553,0
1176063,426355207098875,1209500,0.60579449,256,1175808,1176063,1175865,0
1176319,426355207970458,1126000,0.59432828,256,1176064,1176319,1176156,0
1176575,426355208815666,1071084,0.57141594,256,1176320,1176575,1176495,0
1176831,426355209701500,974041,0.58731305,256,1176576,1176831,1176756,0
1177087,426355210550625,952583,0.63939749,256,1176832,1177087,1177044,0
1177343,426355211489625,809250,0.58810538,256,1177088,1177343,1177125,0
1177599,426355212400333,826625,0.63027226,256,1177344,1177599,1177374,0
1177855,426355213253500,1579708,0.58755874,256,1177600,1177855,1177610,0
1178111,426355214152875,2071291,0.62146377,256,1177856,1178111,1177982,0
1178367,426355215032583,2009542,0.60246461,256,1178112,1178367,1178132,0
1178623,426355215933125,1890625,0.59872554,256,1178368,1178623,1178429,0
1178879,426355216793458,1844083,0.60944565,256,1178624,1178879,1178879,0
1179135,426355217701708,1741042,0.61940373,256,1178880,1179135,1179121,0
1179391,426355218532666,1724750,0.61862896,256,1179136,1179391,1179321,0
1179647,426355219418833,1636625,0.64121584,256,1179392,1179647,1179528,0
1179903,426355220357916,1525667,0.60850876,256,1179648,1179903,1179793,0
1180159,426355221246541,1420834,0.59243858,256,1179904,1180159,1180049,0
1180415,426355222173333,1319708,0.63755647,256,1180160,1180415,1180220,0
1180671,426355223095041,1197917,0.60332944,256,1180416,1180671,1180530,0
1180927,426355223958916,1166542,0.6298314,256,1180672,1180927,1180816,0
1181183,426355224877083,1035417,0.5681895,256,1180928,1181183,1181068,0
1181439,426355225784083,928208,0.58800449,256,1181184,1181439,1181254,0
1181695,426355226660166,855709,0.58821582,256,1181440,1181695,1181558,0
1181951,426355227502416,820625,0.61040398,256,1181696,1181951,1181805,0
1182207,426355228309708,806250,0.6066355,256,1181952,1182207,1182016,0
1182463,426355229230333,802667,0.57977163,256,1182208,1182463,1182353,0
1182719,426355230121166,846667,0.65932005,256,1182464,1182719,1182599,0
1182975,426355230994208,820083,0.59602317,256,1182720,1182975,1182964,0
1183231,426355231883500,834166,0.60274246,256,1182976,1183231,1183133,0
1183487,426355232754416,817459,0.59988771,256,1183232,1183487,1183364,0
1183743,426355233663583,890333,0.6686183,256,1183488,1183743,1183692,0
1183999,426355234579250,794458,0.58048925,256,1183744,1183999,1183772,0
1184255,426355235495250,850625,0.61662286,256,1184000,1184255,1184199,0
1184511,426355236370458,1723750,0.64193169,256,1184256,1184511,1184347,0
1184767,426355237258125,2309458,0.58499298,256,1184512,1184767,1184588,0
1185023,426355238130958,2250042,0.58960647,256,1184768,1185023,1184954,0
1185279,426355238973750,2221791,0.6016676,256,1185024,1185279,1185064,0
1185535,426355239889416,2160209,0.61858467,256,1185280,1185535,1185336,0
1185791,426355240780416,2112875,0.59487259,256,1185536,1185791,1185695,0
1186047,426355241681083,2043667,0.58018432,256,1185792,1186047,1186035,0
1186303,426355242577833,1953583,0.58325845,256,1186048,1186303,1186087,0
1186559,426355243411041,1961750,0.59289488,256,1186304,1186559,1186448,0
1186815,426355244363708,1841750,0.62981849,256,1186560,1186815,1186568,0
1187071,426355245234708,1807333,0.65859587,256,1186816,1187071,1187048,0
1187327,426355246147541,1770334,0.60778999,256,1187072,1187327,1187141,0
1187583,426355247017875,1729583,0.60367651,256,1187328,1187583,1187363,0
1187839,426355247857208,1715833,0.58603592,256,1187584,1187839,1187736,0
1188095,426355248728583,3699583,0.58117719,256,1187840,1188095,1188034,0
1188351,426355249601666,2828084,0.6051523,256,1188096,1188351,1188138,0
1188607,426355252457958,917875,0.60204624,256,1188352,1188607,1188401,0
1188863,426355252506958,1688125,0.60905626,256,1188608,1188863,1188837,0
1189119,426355252516083,2473583,0.64303692,256,1188864,1189119,1189078,0
1189375,426355253114583,2683958,0.60143652,256,1189120,1189375,1189228,0
1189631,426355254102250,2512166,0.61402743,256,1189376,1189631,1189611,0
1189887,426355254921833,2522667,0.59535371,256,1189632,1189887,1189827,0
1190143,426355255806375,2460333,0.61915101,256,1189888,1190143,1189963,0
1190399,426355256665541,2434500,0.61467062,256,1190144,1190399,1190317,0
1190655,426355257512375,2412791,0.59832341,256,1190400,1190655,1190499,0
1190911,426355258404625,2345166,0.60441898,256,1190656,1190911,1190906,0
1191167,426355259290750,2280000,0.60027493,256,1190912,1191167,1191111,0
1191423,426355260176291,2236709,0.66421782,256,1191168,1191423,1191410,0
1191679,426355261041416,2202625,0.61290356,256,1191424,1191679,1191574,0
1191935,426355261922666,2137125,0.64918656,256,1191680,1191935,1191800,0
1192191,426355262864000,2003666,0.59092323,256,1191936,1192191,1192037,0
1192447,426355263736375,1940166,0.59101226,256,1192192,1192447,1192425,0
1192703,426355264617125,1945666,0.65669599,256,1192448,1192703,1192546,0
1192959,426355265512000,1849458,0.59736265,256,1192704,1192959,1192835,0
1193215,426355266404791,1769709,0.62120374,256,1192960,1193215,1193029,0
1193471,426355267322500,1676375,0.60772612,256,1193216,1193471,1193425,0
1193727,426355268223500,1573041,0.60193256,256,1193472,1193727,1193481,0
1193983,426355269142541,1462125,0.62012724,256,1193728,1193983,1193966,0
1194239,426355270041583,1378625,0.59574194,256,1193984,1194239,1194049,0
1194495,426355270923416,1332334,0.62712254,256,1194240,1194495,1194281,0
1194751,426355271813000,1243916,0.59939127,256,1194496,1194751,1194578,0
1195007,426355272684750,1194125,0.62206653,256,1194752,1195007,1194923,0
1195263,426355273598166,1112875,0.62019624,256,1195008,1195263,1195197,0
1195519,426355274560541,982459,0.62464416,256,1195264,1195519,1195509,0
1195775,426355275442583,919042,0.62092215,256,1195520,1195775,1195542,0
1196031,426355276263500,888666,0.59613018,256,1195776,1196031,1196021,0
1196287,426355277117666,814875,0.63017868,256,1196032,1196287,1196085,0
1196543,426355277993375,816416,0.61242889,256,1196288,1196543,1196400,0
1196799,426355278922541,835875,0.59227937,256,1196544,1196799,1196660,0
1197055,426355279815708,1692667,0.59442219,256,1196800,1197055,1196912,0
1197311,426355280783916,1704125,0.63925784,256,1197056,1197311,1197231,0
1197567,426355281703291,1592667,0.61598194,256,1197312,1197567,1197317,0
1197823,426355282634500,1463458,0.61103145,256,1197568,1197823,1197792,0
1198079,426355283544291,1346667,0.61090879,256,1197824,1198079,1198079,0
1198335,426355284422125,1290166,0.59589135,256,1198080,1198335,1198153,0
1198591,426355285328958,1185958,0.61692627,256,1198336,1198591,1198449,0
1198847,426355286200875,1114750,0.59929395,256,1198592,1198847,1198638,0
1199103,426355287048833,1084542,0.64087453,256,1198848,1199103,1198872,0
1199359,426355287871000,1049375,0.5872921,256,1199104,1199359,1199189,0
1199615,426355288755458,995750,0.63829549,256,1199360,1199615,1199582,0
1199871,426355289630458,933500,0.62853484,256,1199616,1199871,1199785,0
1200127,426355290496250,915625,0.60755528,256,1199872,1200127,1199992,0
1200383,426355291430333,838625,0.60530327,256,1200128,1200383,1200165,0
1200639,426355292273041,857167,0.62263458,256,1200384,1200639,1200529,0
1200895,426355293208625,1697666,0.60779822,256,1200640,1200895,1200800,0
1201151,426355294131541,1764250,0.60230919,256,1200896,1201151,1200956,0
1201407,426355295026666,1673625,0.63330478,256,1201152,1201407,1201378,0
1201663,426355295966291,1560459,0.63263105,256,1201408,1201663,1201595,0
1201919,426355296777416,1585000,0.64410942,256,1201664,1201919,1201775,0
1202175,426355297696083,1489625,0.59992807,256,1201920,1202175,1202083,0
1202431,426355298546750,1446916,0.6023155,256,1202176,1202431,1202198,0
1202687,426355299447708,1410417,0.6397648,256,1202432,1202687,1202632,0
1202943,426355300326625,1365500,0.63364895,256,1202688,1202943,1202719,0
1203199,426355301231916,1289167,0.60877202,256,1202944,1203199,1202968,0
1203455,426355302099541,1256084,0.62750057,256,1203200,1203455,1203340,0
1203711,426355303026458,1191500,0.63772835,256,1203456,1203711,1203564,0
1203967,426355303956791,1100667,0.60141272,256,1203712,1203967,1203780,0
1204223,426355304900458,1008750,0.64164905,256,1203968,1204223,1203983,0
1204479,426355305812000,924875,0.64319282,256,1204224,1204479,1204236,0
1204735,426355306625041,947000,0.62274917,256,1204480,1204735,1204562,0
1204991,426355307457083,960208,0.63732299,256,1204736,1204991,1204909,0
1205247,426355308295458,930792,0.574203,256,1204992,1205247,1205132,0
1205503,426355309157958,919708,0.64122953,256,1205248,1205503,1205392,0
1205759,426355310085333,1644292,0.64987984,256,1205504,1205759,1205685,0
1206015,426355310988208,1790625,0.60605493,256,1205760,1206015,1205837,0
1206271,426355311856208,1742833,0.60210979,256,1206016,1206271,1206218,0
1206527,426355312791458,1645875,0.65296432,256,1206272,1206527,1206301,0
1206783,426355313676208,1583125,0.64018076,256,1206528,1206783,1206720,0
1207039,426355314591750,1497250,0.62623433,256,1206784,1207039,1206952,0
1207295,426355315513666,1385834,0.63829761,256,1207040,1207295,1207086,0
1207551,426355316405000,1515333,0.61976185,256,1207296,1207551,1207469,0
1207807,426355317299500,1449291,0.60970642,256,1207552,1207807,1207806,0
1208063,426355318244083,1370417,0.64076093,256,1207808,1208063,1207886,0
1208319,426355319137666,1308875,0.61442276,256,1208064,1208319,1208215,0
1208575,426355320062750,1241166,0.64467236,256,1208320,1208575,1208411,0
1208831,426355320899625,1261208,0.62364927,256,1208576,1208831,1208705,0
1209087,426355321798375,1225125,0.67610459,256,1208832,1209087,1209061,0
1209343,426355322670833,1217000,0.62245495,256,1209088,1209343,1209092,0
1209599,426355323560708,1182167,0.64185669,256,1209344,1209599,1209531,0
1209855,426355324395708,1186708,0.60819544,256,1209600,1209855,1209835,0
1210111,426355325297000,1127041,0.58116441,256,1209856,1210111,1210078,0
1210367,426355326258708,1021042,0.60853292,256,1210112,1210367,1210172,0
1210623,426355327114500,1028791,0.62492758,256,1210368,1210623,1210455,0
1210879,426355327942166,1056292,0.67894507,256,1210624,1210879,1210670,0
1211135,426355328836875,1028625,0.62888831,256,1210880,1211135,1211130,0
1211391,426355329738791,971917,0.64961557,256,1211136,1211391,1211141,0
1211647,426355330642208,905542,0.65605684,256,1211392,1211647,1211445,0
1211903,426355331513125,900750,0.63862436,256,1211648,1211903,1211769,0
1212159,426355332360416,933417,0.64265163,256,1211904,1212159,1212100,0
1212415,426355333220833,939875,0.64809905,256,1212160,1212415,1212177,0
1212671,426355334104708,919833,0.61548058,256,1212416,1212671,1212614,0
1212927,426355334940375,922541,0.59944774,256,1212672,1212927,1212746,0
1213183,426355335822500,886416,0.64472019,256,1212928,1213183,1213083,0
1213439,426355336735166,884875,0.59469784,256,1213184,1213439,1213212,0
1213695,426355337632375,1740833,0.6762325,256,1213440,1213695,1213542,0
1213951,426355338497291,1878334,0.59521602,256,1213696,1213951,1213768,0
1214207,426355339389666,1858459,0.65093792,256,1213952,1214207,1214183,0
1214463,426355340248458,1846292,0.58754861,256,1214208,1214463,1214257,0
1214719,426355341102375,1848625,0.61951663,256,1214464,1214719,1214506,0
1214975,426355341981833,1824042,0.59019091,256,1214720,1214975,1214762,0
1215231,426355342857500,1795416,0.62346011,256,1214976,1215231,1215153,0
1215487,426355343781041,1728459,0.62318861,256,1215232,1215487,1215354,0
1215743,426355344593208,1818708,0.60674639,256,1215488,1215743,1215743,0
1215999,426355345449250,1825875,0.57661574,256,1215744,1215999,1215755,0
1216255,426355346316333,1819292,0.61005339,256,1216000,1216255,1216139,0
1216511,426355347243666,1749792,0.62176583,256,1216256,1216511,1216319,0
1216767,426355348137750,1758458,0.67761214,256,1216512,1216767,1216606,0
1217023,426355349021375,1717666,0.63351258,256,1216768,1217023,1216970,0
1217279,426355349960583,1633625,0.5999705,256,1217024,1217279,1217040,0
1217535,426355350879708,1608333,0.6318691,256,1217280,1217535,1217349,0
1217791,426355351782375,1569583,0.60372303,256,1217536,1217791,1217572,0
1218047,426355352622958,1574917,0.58486997,256,1217792,1218047,1217928,0
1218303,426355353491708,1548417,0.59024759,256,1218048,1218303,1218099,0
1218559,426355354363791,1543500,0.62271564,256,1218304,1218559,1218538,0
1218815,426355355233500,1531916,0.68728591,256,1218560,1218815,1218577,0
1219071,426355356140875,1468250,0.61264445,256,1218816,1219071,1218860,0
1219327,426355356986750,1487333,0.61710258,256,1219072,1219327,1219209,0
1219583,426355357916000,1386291,0.60008443,256,1219328,1219583,1219360,0
1219839,426355358770541,1414792,0.6453923,256,1219584,1219839,1219761,0
1220095,426355359713708,1353500,0.63490297,256,1219840,1220095,1219931,0
1220351,426355360607458,1352292,0.6416423,256,1220096,1220351,1220262,0
1220607,426355361490916,1296167,0.60697028,256,1220352,1220607,1220435,0
1220863,426355362349916,1328417,0.63129476,256,1220608,1220863,1220723,0
1221119,426355363199041,1314000,0.64913662,256,1220864,1221119,1221021,0
1221375,426355364088916,1278834,0.6158969,256,1221120,1221375,1221374,0
1221631,426355364988583,1260333,0.64973736,256,1221376,1221631,1221379,0
1221887,426355365811500,1275875,0.61284035,256,1221632,1221887,1221740,0
1222143,426355366660833,1290958,0.64470687,256,1221888,1222143,1222057,0
1222399,426355367566916,1237667,0.59847605,256,1222144,1222399,1222228,0
1222655,426355368434375,1292416,0.68487594,256,1222400,1222655,1222573,0
1222911,426355369277458,1297250,0.60635518,256,1222656,1222911,1222827,0
1223167,426355370183041,1291792,0.63492915,256,1222912,1223167,1223095,0
1223423,426355371091958,1226750,0.61175058,256,1223168,1223423,1223423,0
1223679,426355371990708,1192083,0.64038003,256,1223424,1223679,1223424,0
1223935,426355372875875,1145916,0.59896902,256,1223680,1223935,1223733,0
1224191,426355373753416,1101959,0.61138184,256,1223936,1224191,1223938,0
1224447,426355374622041,1091209,0.59470801,256,1224192,1224447,1224345,0
1224703,426355375493916,1068584,0.62856775,256,1224448,1224703,1224618,0
1224959,426355376377875,1035916,0.61344227,256,1224704,1224959,1224746,0
1225215,426355377314250,963875,0.6257972,256,1224960,1225215,1225107,0
1225471,426355378201625,947208,0.64044553,256,1225216,1225471,1225223,0
1225727,426355379059625,974958,0.62097953,256,1225472,1225727,1225488,0
1225983,426355379961791,920542,0.60027526,256,1225728,1225983,1225892,0
1226239,426355380890166,893500,0.60962017,256,1225984,1226239,1226008,0
1226495,426355381766375,898833,0.61720247,256,1226240,1226495,1226347,0
1226751,426355382675458,1730667,0.64102501,256,1226496,1226751,1226538,0
1227007,426355383578750,1823666,0.58298577,256,1226752,1227007,1226939,0
1227263,426355384504291,1746125,0.6443855,256,1227008,1227263,1227259,0
1227519,426355385373791,1737292,0.63127731,256,1227264,1227519,1227391,0
1227775,426355386246291,1717000,0.65614144,256,1227520,1227775,1227559,0
1228031,426355387121291,1696834,0.61236989,256,1227776,1228031,1227933,0
1228287,426355388037083,1630208,0.6332931,256,1228032,1228287,1228081,0
1228543,426355388943500,1575083,0.60331849,256,1228288,1228543,1228493,0
1228799,426355389819458,1544417,0.61998326,256,1228544,1228799,1228701,0
1229055,426355390728333,1471625,0.65400459,256,1228800,1229055,1229035,0
1229311,426355391564125,1490125,0.64175703,256,1229056,1229311,1229059,0
1229567,426355392434583,1464583,0.59429185,256,1229312,1229567,1229521,0
1229823,426355393308083,1457750,0.6458288,256,1229568,1229823,1229599,0
1230079,426355394237375,1384958,0.597402,256,1229824,1230079,1230061,0
1230335,426355395094916,1373625,0.61188899,256,1230080,1230335,1230235,0
1230591,426355395936958,1375833,0.66563199,256,1230336,1230591,1230416,0
1230847,426355396858166,1302500,0.61237411,256,1230592,1230847,1230771,0
1231103,426355397714375,1265250,0.61303204,256,1230848,1231103,1230869,0
1231359,426355398625833,1209417,0.60281846,256,1231104,1231359,1231136,0
1231615,426355399450500,1205666,0.58536498,256,1231360,1231615,1231373,0
1231871,426355400359666,1115417,0.59648675,256,1231616,1231871,1231707,0
1232127,426355401280041,1052459,0.65585927,256,1231872,1232127,1232050,0
1232383,426355402105083,1089125,0.63461657,256,1232128,1232383,1232128,0
1232639,426355403021125,994541,0.63750405,256,1232384,1232639,1232395,0
1232895,426355403877416,992167,0.65071636,256,1232640,1232895,1232698,0
1233151,426355404753458,952083,0.59208117,256,1232896,1233151,1232907,0
1233407,426355405609916,928709,0.62639294,256,1233152,1233407,1233314,0
1233663,426355406516541,857709,0.61854913,256,1233408,1233663,1233631,0
1233919,426355407330833,866667,0.59637254,256,1233664,1233919,1233899,0
1234175,426355408158541,887375,0.6080745,256,1233920,1234175,1233995,0
1234431,426355408998250,910333,0.63534921,256,1234176,1234431,1234202,0
1234687,426355409874916,890292,0.59496119,256,1234432,1234687,1234459,0
1234943,426355410741916,850709,0.62598071,256,1234688,1234943,1234911,0
1235199,426355411610625,858958,0.60876253,256,1234944,1235199,1235063,0
1235455,426355412555583,1651417,0.62042115,256,1235200,1235455,1235310,0
1235711,426355413452166,1758292,0.60044824,256,1235456,1235711,1235687,0
1235967,426355414294458,1754750,0.60120333,256,1235712,1235967,1235916,0
1236223,426355415201375,1736625,0.62258164,256,1235968,1236223,1236031,0
1236479,426355416079291,1700250,0.59365453,256,1236224,1236479,1236474,0
1236735,426355416990500,1661958,0.63793373,256,1236480,1236735,1236484,0
1236991,426355417842208,1636833,0.65676825,256,1236736,1236991,1236807,0
1237247,426355418714416,1617834,0.65068601,256,1236992,1237247,1237136,0
1237503,426355419623041,1544375,0.65469798,256,1237248,1237503,1237363,0
1237759,426355420514375,1489708,0.63176897,256,1237504,1237759,1237523,0
1238015,426355421407416,1427959,0.61766377,256,1237760,1238015,1237852,0
1238271,426355422329083,1331458,0.59642016,256,1238016,1238271,1238174,0
1238527,426355423241416,1242584,0.59249444,256,1238272,1238527,1238446,0
1238783,426355424147250,1166416,0.66309834,256,1238528,1238783,1238535,0
1239039,426355425069791,1091625,0.61057383,256,1238784,1239039,1238830,0
1239295,426355425930458,1060583,0.60759245,256,1239040,1239295,1239191,0
1239551,426355426843833,971708,0.65781552,256,1239296,1239551,1239424,0
1239807,426355427758375,877833,0.63992472,256,1239552,1239807,1239588,0
1240063,426355428652916,1697500,0.59752637,256,1239808,1240063,1239856,0
1240319,426355429484500,1868958,0.60113956,256,1240064,1240319,1240093,0
1240575,426355430361666,1808042,0.62129579,256,1240320,1240575,1240357,0
1240831,426355431253333,1772917,0.62064396,256,1240576,1240831,1240657,0
1241087,426355432102250,1736875,0.60302827,256,1240832,1241087,1240880,0
1241343,426355432964250,1744791,0.60785975,256,1241088,1241343,1241179,0
1241599,426355433822750,1694000,0.61596974,256,1241344,1241599,1241397,0
1241855,426355434750750,1594541,0.56519687,256,1241600,1241855,1241775,0
1242111,426355435582416,1599167,0.62374666,256,1241856,1242111,1241951,0
1242367,426355436509375,1485291,0.6010083,256,1242112,1242367,1242117,0
1242623,426355437368083,1448667,0.58232311,256,1242368,1242623,1242585,0
1242879,426355438246166,1407084,0.6099363,256,1242624,1242879,1242804,0
1243135,426355439086541,1384875,0.60861314,256,1242880,1243135,1242938,0
1243391,426355439999041,1336042,0.61528807,256,1243136,1243391,1243281,0
1243647,426355440910416,1268750,0.60228561,256,1243392,1243647,1243523,0
1243903,426355441783500,1210791,0.65134198,256,1243648,1243903,1243862,0
1244159,426355442636666,1169625,0.62799196,256,1243904,1244159,1244136,0
1244415,426355443515166,1120000,0.58681251,256,1244160,1244415,1244411,0
1244671,426355444414750,1057375,0.64382915,256,1244416,1244671,1244454,0
1244927,426355445325250,961958,0.60329803,256,1244672,1244927,1244799,0
1245183,426355446171166,942667,0.62816033,256,1244928,1245183,1245159,0
1245439,426355447039166,890750,0.57488227,256,1245184,1245439,1245390,0
1245695,426355447905416,841417,0.64913908,256,1245440,1245695,1245529,0
1245951,426355448854666,829209,0.59932455,256,1245696,1245951,1245820,0
1246207,426355449789083,1655792,0.60932984,256,1245952,1246207,1246129,0
1246463,426355450605208,1853750,0.65642894,256,1246208,1246463,1246328,0
1246719,426355451474833,1804375,0.61479246,256,1246464,1246719,1246554,0
1246975,426355452342208,1748583,0.58687898,256,1246720,1246975,1246724,0
1247231,426355453216541,1697084,0.60889053,256,1246976,1247231,1247192,0
1247487,426355454086958,1639500,0.60937281,256,1247232,1247487,1247410,0
1247743,426355454978250,1585666,0.6789547,256,1247488,1247743,1247564,0
1247999,426355455795041,1585667,0.63423499,256,1247744,1247999,1247770,0
1248255,426355456618250,1594125,0.60328595,256,1248000,1248255,1248068,0
1248511,426355457497166,1499917,0.57515766,256,1248256,1248511,1248396,0
1248767,426355458403333,1432000,0.64256733,256,1248512,1248767,1248558,0
1249023,426355459337000,1348333,0.6161321,256,1248768,1249023,1248819,0
1249279,426355460209500,1295166,0.60359799,256,1249024,1249279,1249210,0
1249535,426355461060541,1254834,0.56479901,256,1249280,1249535,1249293,0
1249791,426355461933125,1185416,0.59659302,256,1249536,1249791,1249648,0
1250047,426355462866083,1077708,0.5994441,256,1249792,1250047,1249925,0
1250303,426355463781541,985292,0.61688379,256,1250048,1250303,1250288,0
1250559,426355464570875,1022708,0.62930165,256,1250304,1250559,1250343,0
1250815,426355465452541,968292,0.58270619,256,1250560,1250815,1250654,0
1251071,426355466297958,966000,0.62488011,256,1250816,1251071,1250957,0
1251327,426355467201541,882250,0.59512176,256,1251072,1251327,1251101,0
1251583,426355468067125,845291,0.62010245,256,1251328,1251583,1251578,0
1251839,426355468952041,1946167,0.61426755,256,1251584,1251839,1251636,0
1252095,426355469865458,1035125,0.59584126,256,1251840,1252095,1252094,0
1252351,426355470935833,2290000,0.60658991,256,1252096,1252351,1252213,0
1252607,426355473016416,1068709,0.61519844,256,1252352,1252607,1252489,0
1252863,426355473031583,1851833,0.59425728,256,1252608,1252863,1252738,0
1253119,426355473440041,2249334,0.61129457,256,1252864,1253119,1253016,0
1253375,426355474314750,2160750,0.60562089,256,1253120,1253375,1253295,0
1253631,426355475201000,2059833,0.60377393,256,1253376,1253631,1253520,0
1253887,426355476071791,2013625,0.62713047,256,1253632,1253887,1253836,0
1254143,426355476987708,1912000,0.6093607,256,1253888,1254143,1253945,0
1254399,426355477861250,1830125,0.65692913,256,1254144,1254399,1254263,0
1254655,426355478693916,1786292,0.61805452,256,1254400,1254655,1254465,0
1254911,426355479606458,1652208,0.62261602,256,1254656,1254911,1254803,0
1255167,426355480518166,1541500,0.58066394,256,1254912,1255167,1255121,0
1255423,426355481403583,1444708,0.61549548,256,1255168,1255423,1255236,0
1255679,426355482267958,1390958,0.59535012,256,1255424,1255679,1255536,0
1255935,426355483190083,1282542,0.60383213,256,1255680,1255935,1255690,0
1256191,426355484091833,1128750,0.58227665,256,1255936,1256191,1256062,0
1256447,426355484955208,1065125,0.59378722,256,1256192,1256447,1256332,0
1256703,426355485839250,981208,0.61128015,256,1256448,1256703,1256591,0
1256959,426355486729083,879083,0.62494963,256,1256704,1256959,1256835,0
1257215,426355487587291,808875,0.59723363,256,1256960,1257215,1257044,0
1257471,426355488456625,1682083,0.58792185,256,1257216,1257471,1257302,0
1257727,426355489333958,1813417,0.61263605,256,1257472,1257727,1257590,0
1257983,426355490203875,1749666,0.61526841,256,1257728,1257983,1257875,0
1258239,426355491110916,1657167,0.55352931,256,1257984,1258239,1258071,0
1258495,426355491981166,1627334,0.61289621,256,1258240,1258495,1258324,0
1258751,426355492848500,1608916,0.69292101,256,1258496,1258751,1258558,0
1259007,426355493812208,1457500,0.59034389,256,1258752,1259007,1258883,0
1259263,426355494640041,1443875,0.62245042,256,1259008,1259263,1259046,0
1259519,426355495534291,1362125,0.59891146,256,1259264,1259519,1259472,0
1259775,426355496448416,1227167,0.59348389,256,1259520,1259775,1259762,0
1260031,426355497400250,1090166,0.59958757,256,1259776,1260031,1259897,0
1260287,426355498308958,950417,0.58000046,256,1260032,1260287,1260050,0
1260543,426355499166625,884750,0.60133077,256,1260288,1260543,1260289,0
1260799,426355500074375,845375,0.63295032,256,1260544,1260799,1260666,0
1261055,426355500969208,1653292,0.60153947,256,1260800,1261055,1261002,0
1261311,426355501851083,1773333,0.58873099,256,1261056,1261311,1261211,0
1261567,426355502726041,1701459,0.64671385,256,1261312,1261567,1261544,0
1261823,426355503615250,1638958,0.6293775,256,1261568,1261823,1261653,0
1262079,426355504521791,1576542,0.63386269,256,1261824,1262079,1261875,0
1262335,426355505420333,1493125,0.63753856,256,1262080,1262335,1262260,0
1262591,426355506335833,1380500,0.60317511,256,1262336,1262591,1262566,0
1262847,426355507219583,1325833,0.63687953,256,1262592,1262847,1262655,0
1263103,426355508081708,1263292,0.64143286,256,1262848,1263103,1262978,0
1263359,426355508980416,1166334,0.57790313,256,1263104,1263359,1263300,0
1263615,426355509885750,1047125,0.61257362,256,1263360,1263615,1263429,0
1263871,426355510802583,930958,0.60967855,256,1263616,1263871,1263686,0
1264127,426355511630625,907750,0.64639082,256,1263872,1264127,1264021,0
1264383,426355512518166,832250,0.61697158,256,1264128,1264383,1264155,0
1264639,426355513351625,826875,0.62883106,256,1264384,1264639,1264431,0
1264895,426355514246083,810458,0.56710189,256,1264640,1264895,1264642,0
1265151,426355515129541,851500,0.60762078,256,1264896,1265151,1265012,0
1265407,426355515991208,802125,0.61130886,256,1265152,1265407,1265189,0
1265663,426355516898541,838959,0.57097002,256,1265408,1265663,1265478,0
1265919,426355517810583,798083,0.58355571,256,1265664,1265919,1265754,0
1266175,426355518662250,858750,0.61997599,256,1265920,1266175,1266045,0
1266431,426355519534208,1641250,0.60002854,256,1266176,1266431,1266212,0
1266687,426355520434708,1759250,0.63354144,256,1266432,1266687,1266553,0
1266943,426355521345625,1664458,0.61653147,256,1266688,1266943,1266699,0
1267199,426355522186458,1624042,0.5885259,256,1266944,1267199,1267159,0
1267455,426355523066708,1571042,0.60738056,256,1267200,1267455,1267316,0
1267711,426355523905833,1546250,0.61848223,256,1267456,1267711,1267567,0
1267967,426355524791125,1477375,0.5728344,256,1267712,1267967,1267799,0
1268223,426355525661416,1439042,0.61213227,256,1267968,1268223,1268026,0
1268479,426355526611541,1298750,0.59319544,256,1268224,1268479,1268469,0
1268735,426355527509916,1208500,0.57637225,256,1268480,1268735,1268566,0
1268991,426355528412125,1123916,0.59242797,256,1268736,1268991,1268764,0
1269247,426355529235333,1147292,0.6337925,256,1268992,1269247,1269185,0
1269503,426355530114541,1097125,0.62627704,256,1269248,1269503,1269375,0
1269759,426355531009666,1022042,0.57674917,256,1269504,1269759,1269699,0
1270015,426355531896958,943708,0.59063498,256,1269760,1270015,1269883,0
1270271,426355532770166,897625,0.61252297,256,1270016,1270271,1270042,0
1270527,426355533624750,877208,0.63678324,256,1270272,1270527,1270318,0
1270783,426355534494333,838708,0.60904724,256,1270528,1270783,1270774,0
1271039,426355535397958,1105042,0.60540203,256,1270784,1271039,1270956,0
1271295,426355536276875,1032375,0.60613878,256,1271040,1271295,1271059,0
1271551,426355537145333,992375,0.61424834,256,1271296,1271551,1271517,0
1271807,426355538059750,920458,0.59625723,256,1271552,1271807,1271789,0
1272063,426355538976375,807750,0.60373505,256,1271808,1272063,1272002,0
1272319,426355539886458,1418792,0.61460563,256,1272064,1272319,1272272,0
1272575,426355540710000,1439000,0.66362755,256,1272320,1272575,1272543,0
1272831,426355541618375,1352125,0.59350308,256,1272576,1272831,1272806,0
1273087,426355542497791,1325125,0.62217051,256,1272832,1273087,1272917,0
1273343,426355543359250,1304541,0.61708042,256,1273088,1273343,1273174,0
1273599,426355544271625,1223916,0.64805175,256,1273344,1273599,1273382,0
1273855,426355545196958,1115625,0.62971467,256,1273600,1273855,1273773,0
1274111,426355546099875,1050250,0.6198063,256,1273856,1274111,1273982,0
1274367,426355546996416,956000,0.58066036,256,1274112,1274367,1274261,0
1274623,426355547930708,861792,0.62529003,256,1274368,1274623,1274439,0
1274879,426355548768375,840166,0.62864922,256,1274624,1274879,1274749,0
1275135,426355549650125,854791,0.62037311,256,1274880,1275135,1275030,0
1275391,426355550468458,843000,0.5705806,256,1275136,1275391,1275385,0
1275647,426355551374625,1638458,0.63898438,256,1275392,1275647,1275524,0
1275903,426355552259708,1742917,0.60579449,256,1275648,1275903,1275865,0
1276159,426355553111833,1683792,0.59432828,256,1275904,1276159,1276156,0
1276415,426355553993500,1587250,0.56983826,256,1276160,1276415,1276319,0
1276671,426355554846791,1525542,0.57141594,256,1276416,1276671,1276495,0
1276927,426355555711125,1452166,0.5911342,256,1276672,1276927,1276923,0
1277183,426355556605833,1394833,0.63939749,256,1276928,1277183,1277044,0
1277439,426355557529708,1271417,0.63027226,256,1277184,1277439,1277374,0
1277695,426355558427541,1167834,0.58755874,256,1277440,1277695,1277610,0
1277951,426355559315000,1063166,0.56916369,256,1277696,1277951,1277873,0
1278207,426355560191708,1003208,0.62146377,256,1277952,1278207,1277982,0
1278463,426355561074791,911959,0.59872554,256,1278208,1278463,1278429,0
1278719,426355561969375,804416,0.59822397,256,1278464,1278719,1278555,0
1278975,426355562822208,825500,0.60944565,256,1278720,1278975,1278879,0
1279231,426355563682125,834375,0.61940373,256,1278976,1279231,1279121,0
1279487,426355564583958,1575250,0.61862896,256,1279232,1279487,1279321,0
1279743,426355565509958,1605750,0.64121584,256,1279488,1279743,1279528,0
1279999,426355566411875,1524708,0.60850876,256,1279744,1279999,1279793,0
1280255,426355567306708,1462917,0.63755647,256,1280000,1280255,1280220,0
1280511,426355568214500,1378083,0.62428661,256,1280256,1280511,1280344,0
1280767,426355569141250,1275875,0.60332944,256,1280512,1280767,1280530,0
1281023,426355569991208,1269458,0.6298314,256,1280768,1281023,1280816,0
1281279,426355570908583,1170875,0.58800449,256,1281024,1281279,1281254,0
1281535,426355571805583,1076833,0.5797155,256,1281280,1281535,1281501,0
1281791,426355572685875,1012333,0.59206189,256,1281536,1281791,1281739,0
1282047,426355573483750,1034625,0.61040398,256,1281792,1282047,1281805,0
1282303,426355574351500,974083,0.57035621,256,1282048,1282303,1282232,0
1282559,426355575273166,869584,0.6426336,256,1282304,1282559,1282541,0
1282815,426355576167083,859917,0.65932005,256,1282560,1282815,1282599,0
1283071,426355577049541,831125,0.59602317,256,1282816,1283071,1282964,0
1283327,426355577943375,845500,0.60274246,256,1283072,1283327,1283133,0
1283583,426355578801250,825500,0.61212021,256,1283328,1283583,1283568,0
1283839,426355579709583,873625,0.6686183,256,1283584,1283839,1283692,0
1284095,426355580609208,788333,0.60951265,256,1283840,1284095,1284032,0
1284351,426355581522083,1737458,0.64193169,256,1284096,1284351,1284347,0
1284607,426355582403750,2448041,0.58499298,256,1284352,1284607,1284588,0
1284863,426355583310208,3152458,0.58175114,256,1284608,1284863,1284783,0
1285119,426355584144166,3866459,0.6016676,256,1284864,1285119,1285064,0
1285375,426355584999958,4142583,0.61858467,256,1285120,1285375,1285336,0
1285631,426355585913458,4067250,0.58407239,256,1285376,1285631,1285503,0
1285887,426355586823041,3995000,0.59487259,256,1285632,1285887,1285695,0
1286143,426355587732458,3909708,0.58325845,256,1285888,1286143,1286087,0
1286399,426355588603750,3847125,0.57110776,256,1286144,1286399,1286261,0
1286655,426355589460416,3831417,0.62981849,256,1286400,1286655,1286568,0
1286911,426355590403958,3718333,0.60212846,256,1286656,1286911,1286884,0
1287167,426355591271500,3731875,0.65859587,256,1286912,1287167,1287048,0
1287423,426355592184625,3654875,0.60433851,256,1287168,1287423,1287327,0
1287679,426355593029666,3633875,0.60328128,256,1287424,1287679,1287525,0
1287935,426355593888416,3619834,0.58603592,256,1287680,1287935,1287736,0
1288191,426355594776875,3561750,0.6051523,256,1287936,1288191,1288138,0
1288447,426355595623250,3563875,0.60298794,256,1288192,1288447,1288341,0
1288703,426355596545708,3456708,0.59905662,256,1288448,1288703,1288644,0
1288959,426355597384541,3469542,0.61451882,256,1288704,1288959,1288947,0
1289215,426355598242458,3431333,0.64303692,256,1288960,1289215,1289078,0
1289471,426355599183958,3322292,0.60143652,256,1289216,1289471,1289228,0
1289727,426355600081208,3261375,0.61402743,256,1289472,1289727,1289611,0
1289983,426355600955291,3240625,0.61915101,256,1289728,1289983,1289963,0
1290239,426355601833666,3205209,0.61489867,256,1289984,1290239,1289986,0
1290495,426355602697083,3185542,0.61467062,256,1290240,1290495,1290317,0
1290751,426355603538916,3196417,0.59832341,256,1290496,1290751,1290499,0
1291007,426355604432250,3131791,0.60441898,256,1290752,1291007,1290906,0
1291263,426355605347958,3048000,0.60027493,256,1291008,1291263,1291111,0
1291519,426355606179666,3088417,0.66421782,256,1291264,1291519,1291410,0
1291775,426355607076208,3030125,0.61290356,256,1291520,1291775,1291574,0
1292031,426355607982000,2953208,0.64918656,256,1291776,1292031,1291800,0
1292287,426355608874208,2888500,0.59092323,256,1292032,1292287,1292037,0
1292543,426355609754250,2835416,0.6548657,256,1292288,1292543,1292531,0
1292799,426355610646000,2840625,0.65669599,256,1292544,1292799,1292546,0
1293055,426355611510541,2799542,0.62120374,256,1292800,1293055,1293029,0
1293311,426355612467166,2671792,0.60691563,256,1293056,1293311,1293171,0
1293567,426355613359666,2629709,0.60772612,256,1293312,1293567,1293425,0
1293823,426355614290541,2519250,0.57819875,256,1293568,1293823,1293714,0
1294079,426355615189750,2460208,0.62012724,256,1293824,1294079,1293966,0
1294335,426355616071166,2714625,0.62712254,256,1294080,1294335,1294281,0
1294591,426355616931500,2672833,0.60192367,256,1294336,1294591,1294373,0
1294847,426355617821250,2578208,0.58488348,256,1294592,1294847,1294651,0
1295103,426355618743333,2472250,0.62206653,256,1294848,1295103,1294923,0
1295359,426355619668000,2396458,0.62019624,256,1295104,1295359,1295197,0
1295615,426355620592666,2305959,0.62464416,256,1295360,1295615,1295509,0
1295871,426355621472666,2225292,0.57558784,256,1295616,1295871,1295683,0
1296127,426355622309250,2172875,0.63017868,256,1295872,1296127,1296085,0
1296383,426355623156541,2109542,0.59797292,256,1296128,1296383,1296376,0
1296639,426355624053666,2008542,0.61242889,256,1296384,1296639,1296400,0
1296895,426355624958166,1900167,0.59227937,256,1296640,1296895,1296660,0
1297151,426355625885333,1785917,0.59442219,256,1296896,1297151,1296912,0
1297407,426355626833083,1671875,0.63925784,256,1297152,1297407,1297231,0
1297663,426355627760291,1552500,0.58870569,256,1297408,1297663,1297567,0
1297919,426355628682791,1419500,0.61103145,256,1297664,1297919,1297792,0
1298175,426355629545708,1376333,0.61090879,256,1297920,1298175,1298079,0
1298431,426355630488083,1230292,0.58031878,256,1298176,1298431,1298311,0
1298687,426355631374875,1148083,0.61692627,256,1298432,1298687,1298449,0
1298943,426355632218041,1112250,0.64087453,256,1298688,1298943,1298872,0
1299199,426355633063333,1094333,0.6315689,256,1298944,1299199,1299100,0
1299455,426355633917125,1023458,0.57421666,256,1299200,1299455,1299302,0
1299711,426355634807583,960083,0.63829549,256,1299456,1299711,1299582,0
1299967,426355635649750,938458,0.62853484,256,1299712,1299967,1299785,0
1300223,426355636534000,911625,0.60755528,256,1299968,1300223,1299992,0
1300479,426355637439291,1745250,0.60754791,256,1300224,1300479,1300431,0
1300735,426355638309791,1836584,0.62263458,256,1300480,1300735,1300529,0
1300991,426355639270083,1706833,0.60779822,256,1300736,1300991,1300800,0
1301247,426355640155916,1636625,0.59317879,256,1300992,1301247,1301154,0
1301503,426355641110916,1495959,0.63330478,256,1301248,1301503,1301378,0
1301759,426355641957416,1476834,0.63263105,256,1301504,1301759,1301595,0
1302015,426355642813041,1460334,0.64410942,256,1301760,1302015,1301775,0
1302271,426355643736250,1357250,0.6023155,256,1302016,1302271,1302198,0
1302527,426355644590958,1302042,0.59392582,256,1302272,1302527,1302393,0
1302783,426355645458083,1313417,0.6397648,256,1302528,1302783,1302632,0
1303039,426355646363291,1228125,0.60877202,256,1302784,1303039,1302968,0
1303295,426355647253083,1155667,0.61318985,256,1303040,1303295,1303213,0
1303551,426355648165500,1091416,0.62750057,256,1303296,1303551,1303340,0
1303807,426355649044541,1077209,0.63772835,256,1303552,1303807,1303564,0
1304063,426355650036750,918916,0.64164905,256,1303808,1304063,1303983,0
1304319,426355650959375,863333,0.64319282,256,1304064,1304319,1304236,0
1304575,426355651803916,845292,0.62274917,256,1304320,1304575,1304562,0
1304831,426355652658583,1652292,0.63325526,256,1304576,1304831,1304770,0
1305087,426355653465083,1846750,0.63732299,256,1304832,1305087,1304909,0
1305343,426355654320666,1841125,0.59443301,256,1305088,1305343,1305257,0
1305599,426355655200250,1793375,0.64122953,256,1305344,1305599,1305392,0
1305855,426355656126708,1717583,0.64987984,256,1305600,1305855,1305685,0
1306111,426355657029500,1635875,0.59472973,256,1305856,1306111,1305983,0
1306367,426355657907083,1621833,0.65296432,256,1306112,1306367,1306301,0
1306623,426355658836750,1508791,0.61340293,256,1306368,1306623,1306526,0
1306879,426355659726000,1436250,0.64018076,256,1306624,1306879,1306720,0
1307135,426355660654250,1337916,0.63829761,256,1306880,1307135,1307086,0
1307391,426355661534125,1263541,0.59043634,256,1307136,1307391,1307340,0
1307647,426355662422500,1227916,0.61976185,256,1307392,1307647,1307469,0
1307903,426355663348208,1157667,0.64076093,256,1307648,1307903,1307886,0
1308159,426355664254750,1099708,0.60188761,256,1307904,1308159,1308135,0
1308415,426355665170541,1029042,0.64467236,256,1308160,1308415,1308411,0
1308671,426355666080291,963250,0.61130411,256,1308416,1308671,1308568,0
1308927,426355666951041,958542,0.62364927,256,1308672,1308927,1308705,0
1309183,426355667866666,925000,0.67610459,256,1308928,1309183,1309061,0
1309439,426355668702291,920292,0.61156548,256,1309184,1309439,1309322,0
1309695,426355669581375,890625,0.64185669,256,1309440,1309695,1309531,0
1309951,426355670448958,861583,0.60819544,256,1309696,1309951,1309835,0
1310207,426355671301833,861042,0.60853292,256,1309952,1310207,1310172,0
1310463,426355672264958,871917,0.62492758,256,1310208,1310463,1310455,0
1310719,426355673090125,919083,0.67894507,256,1310464,1310719,1310670,0
1310975,426355673979500,869916,0.60293968,256,1310720,1310975,1310874,0
1311231,426355674850625,884958,0.64961557,256,1310976,1311231,1311141,0
1311487,426355675791000,859750,0.65605684,256,1311232,1311487,1311445,0
1311743,426355676683333,852625,0.60291165,256,1311488,1311743,1311683,0
1311999,426355677536458,1723958,0.63862436,256,1311744,1311999,1311769,0
1312255,426355678364833,1946000,0.64809905,256,1312000,1312255,1312177,0
1312511,426355679228125,1935416,0.61243982,256,1312256,1312511,1312291,0
1312767,426355680130291,1881959,0.61548058,256,1312512,1312767,1312614,0
1313023,426355680983250,1860375,0.58987834,256,1312768,1313023,1312950,0
1313279,426355681866708,1852667,0.64472019,256,1313024,1313279,1313083,0
1313535,426355682770083,1783458,0.60813703,256,1313280,1313535,1313493,0
1313791,426355683674166,1739709,0.6762325,256,1313536,1313791,1313542,0
1314047,426355684522750,1729750,0.63039284,256,1313792,1314047,1313973,0
1314303,426355685436541,1667667,0.65093792,256,1314048,1314303,1314183,0
1314559,426355686234458,1699042,0.61951663,256,1314304,1314559,1314506,0
1314815,426355687170291,1598292,0.60176922,256,1314560,1314815,1314706,0
1315071,426355687982458,1622375,0.58877187,256,1314816,1315071,1314929,0
1315327,426355688927500,1508583,0.62346011,256,1315072,1315327,1315153,0
1315583,426355689778458,1526750,0.62318861,256,1315328,1315583,1315354,0
1315839,426355690598625,1570375,0.60674639,256,1315584,1315839,1315743,0
1316095,426355691467916,1520667,0.59356166,256,1315840,1316095,1316042,0
1316351,426355692341500,1491083,0.62176583,256,1316096,1316351,1316319,0
1316607,426355693278833,1411875,0.67761214,256,1316352,1316607,1316606,0
1316863,426355694174041,1376959,0.65186202,256,1316608,1316863,1316616,0
1317119,426355695100166,1272125,0.63351258,256,1316864,1317119,1316970,0
1317375,426355696002250,1212833,0.6318691,256,1317120,1317375,1317349,0
1317631,426355696893958,1168250,0.61632936,256,1317376,1317631,1317400,0
1317887,426355697808416,1074167,0.5882785,256,1317632,1317887,1317751,0
1318143,426355698618500,1106791,0.59024759,256,1317888,1318143,1318099,0
1318399,426355699521791,1026417,0.59034687,256,1318144,1318399,1318390,0
1318655,426355700394541,1086084,0.68728591,256,1318400,1318655,1318577,0
1318911,426355701279958,1013875,0.61264445,256,1318656,1318911,1318860,0
1319167,426355702160250,976000,0.60049282,256,1318912,1319167,1319088,0
1319423,426355703014333,942833,0.61710258,256,1319168,1319423,1319209,0
1319679,426355703943625,849083,0.6286582,256,1319424,1319679,1319592,0
1319935,426355704831791,855959,0.6453923,256,1319680,1319935,1319761,0
1320191,426355705757916,906667,0.61664735,256,1319936,1320191,1319945,0
1320447,426355706632666,901500,0.6416423,256,1320192,1320447,1320262,0
1320703,426355707528625,876833,0.62430912,256,1320448,1320703,1320661,0
1320959,426355708364375,897250,0.63129476,256,1320704,1320959,1320723,0
1321215,426355709267000,841375,0.64913662,256,1320960,1321215,1321021,0
1321471,426355710102708,903667,0.64973736,256,1321216,1321471,1321379,0
1321727,426355711001750,862791,0.58835701,256,1321472,1321727,1321724,0
1321983,426355711832958,869417,0.61284035,256,1321728,1321983,1321740,0
1322239,426355712723291,881250,0.64470687,256,1321984,1322239,1322057,0
1322495,426355713574833,880042,0.63684892,256,1322240,1322495,1322434,0
1322751,426355714461666,910709,0.68487594,256,1322496,1322751,1322573,0
1323007,426355715294208,935792,0.60635518,256,1322752,1323007,1322827,0
1323263,426355716235458,905792,0.63492915,256,1323008,1323263,1323095,0
1323519,426355717141458,873083,0.64038003,256,1323264,1323519,1323424,0
1323775,426355718005041,849917,0.60458498,256,1323520,1323775,1323626,0
1324031,426355718900708,849875,0.61138184,256,1323776,1324031,1323938,0
1324287,426355719788291,838625,0.57218914,256,1324032,1324287,1324261,0
1324543,426355720634083,860042,0.62098797,256,1324288,1324543,1324466,0
1324799,426355721531958,884792,0.62856775,256,1324544,1324799,1324618,0
1325055,426355722440625,828750,0.59053032,256,1324800,1325055,1324870,0
1325311,426355723363166,880292,0.64044553,256,1325056,1325311,1325223,0
1325567,426355724207291,880084,0.62097953,256,1325312,1325567,1325488,0
1325823,426355725088708,860958,0.61062979,256,1325568,1325823,1325660,0
1326079,426355726016458,845917,0.60962017,256,1325824,1326079,1326008,0
1326335,426355726938333,864083,0.60518556,256,1326080,1326335,1326289,0
1326591,426355727815125,852791,0.64102501,256,1326336,1326591,1326538,0
1326847,426355728674958,850083,0.62939463,256,1326592,1326847,1326623,0
1327103,426355729641166,831084,0.58867688,256,1326848,1327103,1327041,0
1327359,426355730534666,840167,0.6443855,256,1327104,1327359,1327259,0
1327615,426355731432916,870459,0.65614144,256,1327360,1327615,1327559,0
1327871,426355732257166,854167,0.57842803,256,1327616,1327871,1327773,0
1328127,426355733182166,867792,0.6332931,256,1327872,1328127,1328081,0
1328383,426355734063041,823292,0.58710934,256,1328128,1328383,1328196,0
1328639,426355734963333,851292,0.60331849,256,1328384,1328639,1328493,0
1328895,426355735875625,841291,0.61998326,256,1328640,1328895,1328701,0
1329151,426355736762500,843625,0.65400459,256,1328896,1329151,1329035,0
1329407,426355737556291,859209,0.61290691,256,1329152,1329407,1329154,0
1329663,426355738462583,879083,0.6458288,256,1329408,1329663,1329599,0
1329919,426355739336000,824541,0.59749237,256,1329664,1329919,1329752,0
1330175,426355740249833,852375,0.597402,256,1329920,1330175,1330061,0
1330431,426355741095666,1722709,0.66563199,256,1330176,1330431,1330416,0
1330687,426355741961958,1831375,0.61983034,256,1330432,1330687,1330526,0
1330943,426355742891541,1715625,0.61303204,256,1330688,1330943,1330869,0
1331199,426355743770000,1645666,0.60281846,256,1330944,1331199,1331136,0
1331455,426355744612833,1631042,0.59442221,256,1331200,1331455,1331299,0
1331711,426355745488375,1547041,0.59648675,256,1331456,1331711,1331707,0
1331967,426355746393333,1430542,0.59384777,256,1331712,1331967,1331879,0
1332223,426355747273666,1402792,0.65585927,256,1331968,1332223,1332050,0
1332479,426355748145250,1356500,0.63750405,256,1332224,1332479,1332395,0
1332735,426355749064500,1273208,0.65071636,256,1332480,1332735,1332698,0
1332991,426355749919541,1215209,0.60724357,256,1332736,1332991,1332742,0
1333247,426355750756416,1189334,0.61297029,256,1332992,1333247,1333178,0
1333503,426355751629541,1120375,0.62639294,256,1333248,1333503,1333314,0
1333759,426355752524291,1039792,0.61854913,256,1333504,1333759,1333631,0
1334015,426355753338416,1033375,0.6080745,256,1333760,1334015,1333995,0
1334271,426355754171416,1032417,0.63534921,256,1334016,1334271,1334202,0
1334527,426355755041000,1003625,0.61000586,256,1334272,1334527,1334365,0
1334783,426355755901708,2479458,0.59199943,256,1334528,1334783,1334650,0
1335039,426355758406375,947750,0.62598071,256,1334784,1335039,1334911,0
1335295,426355758422208,1751167,0.60876253,256,1335040,1335295,1335063,0
1335551,426355758595500,2370041,0.62042115,256,1335296,1335551,1335310,0
1335807,426355759497833,2256083,0.60044824,256,1335552,1335807,1335687,0
1336063,426355760371375,2239833,0.62258164,256,1335808,1336063,1336031,0
1336319,426355761235333,2198833,0.61672773,256,1336064,1336319,1336177,0
1336575,426355762117000,2128250,0.63793373,256,1336320,1336575,1336484,0
1336831,426355763015708,2072292,0.65676825,256,1336576,1336831,1336807,0
1337087,426355763858625,2022458,0.58900255,256,1336832,1337087,1336941,0
1337343,426355764777041,1953584,0.65068601,256,1337088,1337343,1337136,0
1337599,426355765665666,1883667,0.65469798,256,1337344,1337599,1337363,0
1337855,426355766523416,1822125,0.61766377,256,1337600,1337855,1337852,0
1338111,426355767434625,1715500,0.59563738,256,1337856,1338111,1337928,0
1338367,426355768354333,1602500,0.59642016,256,1338112,1338367,1338174,0
1338623,426355769274875,1489291,0.66309834,256,1338368,1338623,1338535,0
1338879,426355770182833,1402083,0.61057383,256,1338624,1338879,1338830,0
1339135,426355771091083,1298125,0.59880173,256,1338880,1339135,1338927,0
1339391,426355771983375,1209041,0.60759245,256,1339136,1339391,1339191,0
1339647,426355772880666,1122250,0.65781552,256,1339392,1339647,1339424,0
1339903,426355773779083,1017167,0.63380544,256,1339648,1339903,1339704,0
1340159,426355774665958,948208,0.60113956,256,1339904,1340159,1340093,0
1340415,426355775519541,895042,0.62129579,256,1340160,1340415,1340357,0
1340671,426355776384291,870500,0.62064396,256,1340416,1340671,1340657,0
1340927,426355777265666,842334,0.60302827,256,1340672,1340927,1340880,0
1341183,426355778124416,859084,0.60785975,256,1340928,1341183,1341179,0
1341439,426355778978833,1718125,0.61596974,256,1341184,1341439,1341397,0
1341695,426355779875458,1802042,0.57658246,256,1341440,1341695,1341494,0
1341951,426355780757583,1737750,0.62374666,256,1341696,1341951,1341951,0
1342207,426355781642041,1681709,0.6010083,256,1341952,1342207,1342117,0
1342463,426355782511708,1630792,0.58368317,256,1342208,1342463,1342310,0
1342719,426355783404291,1552292,0.58232311,256,1342464,1342719,1342585,0
1342975,426355784258375,1548625,0.6099363,256,1342720,1342975,1342804,0
1343231,426355785090375,1528333,0.58881237,256,1342976,1343231,1343112,0
1343487,426355786044375,1434125,0.61528807,256,1343232,1343487,1343281,0
1343743,426355786925458,1384250,0.60228561,256,1343488,1343743,1343523,0
1343999,426355787786375,1343750,0.65134198,256,1343744,1343999,1343862,0
1344255,426355788675666,1271292,0.62799196,256,1344000,1344255,1344136,0
1344511,426355789559166,1211084,0.64382915,256,1344256,1344511,1344454,0
1344767,426355790444041,1160625,0.61922696,256,1344512,1344767,1344668,0
1345023,426355791334875,1086125,0.60329803,256,1344768,1345023,1344799,0
1345279,426355792219833,1021833,0.62816033,256,1345024,1345279,1345159,0
1345535,426355793058875,993333,0.64913908,256,1345280,1345535,1345529,0
1345791,426355793961000,899583,0.5909622,256,1345536,1345791,1345680,0
1346047,426355794914875,815583,0.59932455,256,1345792,1346047,1345820,0
1346303,426355795757791,827084,0.61677297,256,1346048,1346303,1346227,0
1346559,426355796616750,1655250,0.65642894,256,1346304,1346559,1346328,0
1346815,426355797509083,2363542,0.58687898,256,1346560,1346815,1346724,0
1347071,426355798345083,2695333,0.5812468,256,1346816,1347071,1347029,0
1347327,426355799275625,3353708,0.60889053,256,1347072,1347327,1347192,0
1347583,426355800113125,4045291,0.6789547,256,1347328,1347583,1347564,0
1347839,426355800980541,4748500,0.63423499,256,1347584,1347839,1347770,0
1348095,426355801803000,5499333,0.62730144,256,1347840,1348095,1347963,0
1348351,426355802653000,5894125,0.57473111,256,1348096,1348351,1348260,0
1348607,426355803536541,5811292,0.64256733,256,1348352,1348607,1348558,0
1348863,426355804420250,5753041,0.62837244,256,1348608,1348863,1348738,0
1349119,426355805353583,5663542,0.5982365,256,1348864,1349119,1348934,0
1349375,426355806188375,5624208,0.60359799,256,1349120,1349375,1349210,0
1349631,426355807089291,5510334,0.56453933,256,1349376,1349631,1349549,0
1349887,426355807958833,5439333,0.59659302,256,1349632,1349887,1349648,0
1350143,426355808902625,5304208,0.61424866,256,1349888,1350143,1350051,0
1350399,426355809775583,5231917,0.62930165,256,1350144,1350399,1350343,0
1350655,426355810617541,5205084,0.58270619,256,1350400,1350655,1350654,0
1350911,426355811457750,5150458,0.58112582,256,1350656,1350911,1350827,0
1351167,426355812373083,5054208,0.62488011,256,1350912,1351167,1350957,0
1351423,426355813213958,5021667,0.58236464,256,1351168,1351423,1351396,0
1351679,426355814082583,4954750,0.62010245,256,1351424,1351679,1351578,0
1351935,426355814991666,4864792,0.61091659,256,1351680,1351935,1351830,0
1352191,426355815909833,4734167,0.59584126,256,1351936,1352191,1352094,0
1352447,426355816829708,4609167,0.60658991,256,1352192,1352447,1352213,0
1352703,426355817720625,4527833,0.61519844,256,1352448,1352703,1352489,0
1352959,426355818597541,4468959,0.60823272,256,1352704,1352959,1352905,0
1353215,426355819430583,4420083,0.61129457,256,1352960,1353215,1353016,0
1353471,426355820370500,4277541,0.60562089,256,1353216,1353471,1353295,0
1353727,426355821232833,4201500,0.60377393,256,1353472,1353727,1353520,0
1353983,426355822101833,4160000,0.62713047,256,1353728,1353983,1353836,0
1354239,426355823039750,4029666,0.61624675,256,1353984,1354239,1354195,0
1354495,426355823890541,3972459,0.65692913,256,1354240,1354495,1354263,0
1354751,426355824694958,3962208,0.60662932,256,1354496,1354751,1354587,0
1355007,426355825649291,3774459,0.62261602,256,1354752,1355007,1354803,0
1355263,426355826554500,3670416,0.61549548,256,1355008,1355263,1355236,0
1355519,426355827418916,3600000,0.59284452,256,1355264,1355519,1355433,0
1355775,426355828319708,3510333,0.60383213,256,1355520,1355775,1355690,0
1356031,426355829228750,3380833,0.57129647,256,1355776,1356031,1355940,0
1356287,426355830109333,3273625,0.58227665,256,1356032,1356287,1356062,0
1356543,426355831001208,3185875,0.59378722,256,1356288,1356543,1356332,0
1356799,426355831866083,3116958,0.61128015,256,1356544,1356799,1356591,0
1357055,426355832748916,3038542,0.62494963,256,1356800,1357055,1356835,0
1357311,426355833608166,2958625,0.58792185,256,1357056,1357311,1357302,0
1357567,426355834489916,2886667,0.58728021,256,1357312,1357567,1357397,0
1357823,426355835357208,2841417,0.61263605,256,1357568,1357823,1357590,0
1358079,426355836258125,2718750,0.61526841,256,1357824,1358079,1357875,0
1358335,426355837133916,2651084,0.61289621,256,1358080,1358335,1358324,0
1358591,426355838047541,2578334,0.69292101,256,1358336,1358591,1358558,0
1358847,426355838877125,2580500,0.62522518,256,1358592,1358847,1358601,0
1359103,426355839798333,2486833,0.62245042,256,1358848,1359103,1359046,0
1359359,426355840653916,2422209,0.59416998,256,1359104,1359359,1359117,0
1359615,426355841560250,2325041,0.59891146,256,1359360,1359615,1359472,0
1359871,426355842522125,2170541,0.59348389,256,1359616,1359871,1359762,0
1360127,426355843423791,2061375,0.59958757,256,1359872,1360127,1359897,0
1360383,426355844355791,1911250,0.60133077,256,1360128,1360383,1360289,0
1360639,426355845189000,1906208,0.60591531,256,1360384,1360639,1360582,0
1360895,426355846125416,1795917,0.63295032,256,1360640,1360895,1360666,0
1361151,426355846976458,1754375,0.60153947,256,1360896,1361151,1361002,0
1361407,426355847887750,1644583,0.59158211,256,1361152,1361407,1361373,0
1361663,426355848768083,1598083,0.64671385,256,1361408,1361663,1361544,0
1361919,426355849664791,1511125,0.63386269,256,1361664,1361919,1361875,0
1362175,426355850565916,1426709,0.63145207,256,1361920,1362175,1362172,0
1362431,426355851462458,1362083,0.63753856,256,1362176,1362431,1362260,0
1362687,426355852352416,1286042,0.63687953,256,1362432,1362687,1362655,0
1362943,426355853237791,1203875,0.60181328,256,1362688,1362943,1362774,0
1363199,426355854107625,1121875,0.64143286,256,1362944,1363199,1362978,0
1363455,426355855016625,1018791,0.61257362,256,1363200,1363455,1363429,0
1363711,426355855928333,882083,0.60967855,256,1363456,1363711,1363686,0
1363967,426355856820375,1506000,0.59341199,256,1363712,1363967,1363831,0
1364223,426355857667375,1527000,0.64639082,256,1363968,1364223,1364021,0
1364479,426355858530250,1475833,0.62883106,256,1364224,1364479,1364431,0
1364735,426355859357791,1453959,0.56860543,256,1364480,1364735,1364630,0
1364991,426355860274458,1357417,0.60529077,256,1364736,1364991,1364974,0
1365247,426355861137625,1331833,0.61130886,256,1364992,1365247,1365189,0
1365503,426355862023875,1257000,0.5750652,256,1365248,1365503,1365347,0
1365759,426355862956125,1144125,0.58355571,256,1365504,1365759,1365754,0
1366015,426355863817625,3348958,0.58718128,256,1365760,1366015,1365933,0
1366271,426355864912958,3434083,0.61997599,256,1366016,1366271,1366045,0
1366527,426355867238375,1921250,0.59411462,256,1366272,1366527,1366458,0
1366783,426355867258625,2727875,0.63354144,256,1366528,1366783,1366553,0
1367039,426355867369416,3423959,0.61077366,256,1366784,1367039,1366792,0
1367295,426355868190958,3429083,0.59877957,256,1367040,1367295,1367263,0
1367551,426355869092875,3337083,0.60738056,256,1367296,1367551,1367316,0
1367807,426355869958875,3297875,0.61848223,256,1367552,1367807,1367567,0
1368063,426355870812583,3252667,0.61213227,256,1367808,1368063,1368026,0
1368319,426355871706083,3176875,0.59197516,256,1368064,1368319,1368185,0
1368575,426355872650500,3051791,0.59319544,256,1368320,1368575,1368469,0
1368831,426355873552708,2950375,0.59242797,256,1368576,1368831,1368764,0
1369087,426355874407750,2910625,0.58565776,256,1368832,1369087,1368869,0
1369343,426355875258291,2906125,0.6337925,256,1369088,1369343,1369185,0
1369599,426355876134833,2863792,0.62627704,256,1369344,1369599,1369375,0
1369855,426355877020791,2793792,0.58328891,256,1369600,1369855,1369794,0
1370111,426355877933375,2695791,0.61252297,256,1369856,1370111,1370042,0
1370367,426355878789041,2686250,0.63678324,256,1370112,1370367,1370318,0
1370623,426355879637666,2655792,0.61420734,256,1370368,1370623,1370414,0
1370879,426355880544000,2572541,0.60904724,256,1370624,1370879,1370774,0
1371135,426355881412625,2522708,0.60613878,256,1370880,1371135,1371059,0
1371391,426355882300833,2472250,0.60333579,256,1371136,1371391,1371168,0
1371647,426355883189541,2392750,0.61424834,256,1371392,1371647,1371517,0
1371903,426355884090333,2320333,0.59625723,256,1371648,1371903,1371789,0
1372159,426355884991875,2222416,0.61436095,256,1371904,1372159,1372096,0
1372415,426355885874916,2177584,0.63025999,256,1372160,1372415,1372376,0
1372671,426355886750458,2140417,0.66362755,256,1372416,1372671,1372543,0
1372927,426355887664833,2061542,0.62217051,256,1372672,1372927,1372917,0
1373183,426355888504875,2067583,0.61708042,256,1372928,1373183,1373174,0
1373439,426355889413416,2001292,0.64805175,256,1373184,1373439,1373382,0
1373695,426355890301750,1925458,0.60259417,256,1373440,1373695,1373615,0
1373951,426355891233666,1816625,0.62971467,256,1373696,1373951,1373773,0
1374207,426355892145000,1737333,0.6198063,256,1373952,1374207,1373982,0
1374463,426355893045791,1637417,0.62529003,256,1374208,1374463,1374439,0
1374719,426355893913041,1595334,0.60866964,256,1374464,1374719,1374643,0
1374975,426355894806666,1518042,0.62864922,256,1374720,1374975,1374749,0
1375231,426355895670166,1493750,0.62037311,256,1374976,1375231,1375030,0
1375487,426355896506083,1458708,0.5705806,256,1375232,1375487,1375385,0
1375743,426355897410666,1406500,0.63898438,256,1375488,1375743,1375524,0
1375999,426355898280541,1339250,0.60579449,256,1375744,1375999,1375865,0
1376255,426355899138416,1295125,0.59432828,256,1376000,1376255,1376156,0
1376511,426355900026333,1213958,0.57141594,256,1376256,1376511,1376495,0
1376767,426355900897666,1156542,0.58731305,256,1376512,1376767,1376756,0
1377023,426355901746375,1141500,0.59258233,256,1376768,1377023,1376966,0
1377279,426355902660458,1053375,0.63939749,256,1377024,1377279,1377044,0
1377535,426355903566416,965334,0.63027226,256,1377280,1377535,1377374,0
1377791,426355904468458,879583,0.58755874,256,1377536,1377791,1377610,0
1378047,426355905330625,851791,0.62146377,256,1377792,1378047,1377982,0
1378303,426355906251166,816209,0.60246461,256,1378048,1378303,1378132,0
1378559,426355907118250,1661333,0.59872554,256,1378304,1378559,1378429,0
1378815,426355907981791,1779334,0.59446178,256,1378560,1378815,1378809,0
1379071,426355908861500,1686458,0.60944565,256,1378816,1379071,1378879,0
1379327,426355909716541,1660709,0.61940373,256,1379072,1379327,1379121,0
1379583,426355910594750,1576625,0.64121584,256,1379328,1379583,1379528,0
1379839,426355911569791,1437167,0.60850876,256,1379584,1379839,1379793,0
1380095,426355912418875,1388041,0.59243858,256,1379840,1380095,1380049,0
1380351,426355913331458,1277458,0.63755647,256,1380096,1380351,1380220,0
1380607,426355914269041,1139209,0.61990284,256,1380352,1380607,1380394,0
1380863,426355915155833,1078500,0.6298314,256,1380608,1380863,1380816,0
1381119,426355916056625,974166,0.5681895,256,1380864,1381119,1381068,0
1381375,426355916937750,882083,0.58800449,256,1381120,1381375,1381254,0
1381631,426355917846125,917500,0.58821582,256,1381376,1381631,1381558,0
1381887,426355918707583,1447333,0.61040398,256,1381632,1381887,1381805,0
1382143,426355919499875,1461000,0.6066355,256,1381888,1382143,1382016,0
1382399,426355920393791,1382459,0.57977163,256,1382144,1382399,1382353,0
1382655,426355921319541,1307209,0.65932005,256,1382400,1382655,1382599,0
1382911,426355922190791,1257375,0.594451,256,1382656,1382911,1382812,0
1383167,426355923061666,1227125,0.60274246,256,1382912,1383167,1383133,0
1383423,426355923948916,1162542,0.59988771,256,1383168,1383423,1383364,0
1383679,426355924840541,1125500,0.61212021,256,1383424,1383679,1383568,0
1383935,426355925786625,1026916,0.6686183,256,1383680,1383935,1383692,0
1384191,426355926669208,950917,0.60951265,256,1383936,1384191,1384032,0
1384447,426355927549916,935875,0.64193169,256,1384192,1384447,1384347,0
1384703,426355928444166,873459,0.58499298,256,1384448,1384703,1384588,0
1384959,426355929337208,850833,0.58960647,256,1384704,1384959,1384954,0
1385215,426355930144291,843375,0.6016676,256,1384960,1385215,1385064,0
1385471,426355931057625,864541,0.61858467,256,1385216,1385471,1385336,0
1385727,426355931950375,859250,0.59487259,256,1385472,1385727,1385695,0
1385983,426355932837291,867959,0.57453155,256,1385728,1385983,1385774,0
1386239,426355933758208,817417,0.58325845,256,1385984,1386239,1386087,0
1386495,426355934584375,1701916,0.59289488,256,1386240,1386495,1386448,0
1386751,426355935536375,1737666,0.62981849,256,1386496,1386751,1386568,0
1387007,426355936426291,1674709,0.61250639,256,1386752,1387007,1386967,0
1387263,426355937318125,1668125,0.65859587,256,1387008,1387263,1387048,0
1387519,426355938199666,2038750,0.60433851,256,1387264,1387519,1387327,0
1387775,426355939044541,2781084,0.60328128,256,1387520,1387775,1387525,0
1388031,426355939938875,2743125,0.57827709,256,1387776,1388031,1387900,0
1388287,426355940829875,2653666,0.6051523,256,1388032,1388287,1388138,0
1388543,426355941622833,2691708,0.60298794,256,1388288,1388543,1388341,0
1388799,426355942553250,2554791,0.59933504,256,1388544,1388799,1388796,0
1389055,426355943404583,2540000,0.6392072,256,1388800,1389055,1389053,0
1389311,426355944291500,2456708,0.64303692,256,1389056,1389311,1389078,0
1389567,426355945257250,2309833,0.58952888,256,1389312,1389567,1389516,0
1389823,426355946088541,2301167,0.61402743,256,1389568,1389823,1389611,0
1390079,426355947001500,2225500,0.61915101,256,1389824,1390079,1389963,0
1390335,426355947830958,2214375,0.61467062,256,1390080,1390335,1390317,0
1390591,426355948728000,2136291,0.60362462,256,1390336,1390591,1390357,0
1390847,426355949614541,2081084,0.5910827,256,1390592,1390847,1390815,0
1391103,426355950471958,2046667,0.60441898,256,1390848,1391103,1390906,0
1391359,426355951408083,1932958,0.61028263,256,1391104,1391359,1391281,0
1391615,426355952232500,1958083,0.66421782,256,1391360,1391615,1391410,0
1391871,426355953111416,1895334,0.64918656,256,1391616,1391871,1391800,0
1392127,426355954019541,1788334,0.62763628,256,1391872,1392127,1391924,0
1392383,426355954916000,1699875,0.59030164,256,1392128,1392383,1392263,0
1392639,426355955804458,1682625,0.65669599,256,1392384,1392639,1392546,0
1392895,426355956675875,1632750,0.59736265,256,1392640,1392895,1392835,0
1393151,426355957565625,1542916,0.62120374,256,1392896,1393151,1393029,0
1393407,426355958509083,1427000,0.60691563,256,1393152,1393407,1393171,0
1393663,426355959395666,1351167,0.60772612,256,1393408,1393663,1393425,0
1393919,426355960322375,1218000,0.61228407,256,1393664,1393919,1393891,0
1394175,426355961254458,1113292,0.62012724,256,1393920,1394175,1393966,0
1394431,426355962093458,1104042,0.62712254,256,1394176,1394431,1394281,0
1394687,426355962966333,1043000,0.59939127,256,1394432,1394687,1394578,0
1394943,426355963889416,935417,0.62206653,256,1394688,1394943,1394923,0
1395199,426355964765166,872584,0.62019624,256,1394944,1395199,1395197,0
1395455,426355965721250,863791,0.62414991,256,1395200,1395455,1395367,0
1395711,426355966609708,849542,0.62464416,256,1395456,1395711,1395509,0
1395967,426355967460041,811542,0.59181943,256,1395712,1395967,1395962,0
1396223,426355968272791,792042,0.63017868,256,1395968,1396223,1396085,0
1396479,426355969191750,812333,0.61242889,256,1396224,1396479,1396400,0
1396735,426355970099791,804417,0.59227937,256,1396480,1396735,1396660,0
1396991,426355971009583,823917,0.59442219,256,1396736,1396991,1396912,0
1397247,426355971936750,805416,0.63925784,256,1396992,1397247,1397231,0
1397503,426355972891333,850958,0.61598194,256,1397248,1397503,1397317,0
1397759,426355973786000,817125,0.58870569,256,1397504,1397759,1397567,0
1398015,426355974698666,847834,0.61103145,256,1397760,1398015,1397792,0
1398271,426355975588333,826292,0.61090879,256,1398016,1398271,1398079,0
1398527,426355976504750,830875,0.61692627,256,1398272,1398527,1398449,0
1398783,426355977389958,845500,0.59929395,256,1398528,1398783,1398638,0
1399039,426355978238625,830833,0.64087453,256,1398784,1399039,1398872,0
1399295,426355979061500,826000,0.6315689,256,1399040,1399295,1399100,0
1399551,426355979961041,816459,0.58586341,256,1399296,1399551,1399543,0
1399807,426355980824958,861833,0.63829549,256,1399552,1399807,1399582,0
1400063,426355981673458,859542,0.60755528,256,1399808,1400063,1399992,0
1400319,426355982587208,862458,0.60530327,256,1400064,1400319,1400165,0
1400575,426355983481583,884167,0.62263458,256,1400320,1400575,1400529,0
1400831,426355984374166,869417,0.60779822,256,1400576,1400831,1400800,0
1401087,426355985313625,1660791,0.60230919,256,1400832,1401087,1400956,0
1401343,426355986218833,1738208,0.59317879,256,1401088,1401343,1401154,0
1401599,426355987142708,1650667,0.63330478,256,1401344,1401599,1401378,0
1401855,426355987982083,1640625,0.64410942,256,1401600,1401855,1401775,0
1402111,426355988874375,1579791,0.59992807,256,1401856,1402111,1402083,0
1402367,426355989746625,1521875,0.6023155,256,1402112,1402367,1402198,0
1402623,426355990646708,1464750,0.6196173,256,1402368,1402623,1402563,0
1402879,426355991506500,1452833,0.6397648,256,1402624,1402879,1402632,0
1403135,426355992399458,1388042,0.60877202,256,1402880,1403135,1402968,0
1403391,426355993301791,1311000,0.62750057,256,1403136,1403391,1403340,0
1403647,426355994209750,1262416,0.63772835,256,1403392,1403647,1403564,0
1403903,426355995141791,1184667,0.61225154,256,1403648,1403903,1403693,0
1404159,426355996088625,1089791,0.64164905,256,1403904,1404159,1403983,0
1404415,426355996980083,1037750,0.64319282,256,1404160,1404415,1404236,0
1404671,426355997803125,1051250,0.62274917,256,1404416,1404671,1404562,0
1404927,426355998654291,1051792,0.63732299,256,1404672,1404927,1404909,0
1405183,426355999490583,1019208,0.574203,256,1404928,1405183,1405132,0
1405439,426356000369833,988208,0.64122953,256,1405184,1405439,1405392,0
1405695,426356001260916,924667,0.64987984,256,1405440,1405695,1405685,0
1405951,426356002154041,885084,0.60605493,256,1405696,1405951,1405837,0
1406207,426356003042166,857792,0.59472973,256,1405952,1406207,1405983,0
1406463,426356003965541,1663792,0.65296432,256,1406208,1406463,1406301,0
1406719,426356004881041,1750292,0.61340293,256,1406464,1406719,1406526,0
1406975,426356005779916,1692667,0.64018076,256,1406720,1406975,1406720,0
1407231,426356006725041,1556334,0.63829761,256,1406976,1407231,1407086,0
1407487,426356007573500,1544291,0.61976185,256,1407232,1407487,1407469,0
1407743,426356008470666,1477625,0.58714956,256,1407488,1407743,1407579,0
1407999,426356009413125,1406666,0.64076093,256,1407744,1407999,1407886,0
1408255,426356010290166,1362917,0.61442276,256,1408000,1408255,1408215,0
1408511,426356011223916,1281959,0.64467236,256,1408256,1408511,1408411,0
1408767,426356012096750,1253208,0.62364927,256,1408512,1408767,1408705,0
1409023,426356012984041,1232750,0.64039392,256,1408768,1409023,1409012,0
1409279,426356013879291,1207000,0.67610459,256,1409024,1409279,1409061,0
1409535,426356014737750,1182458,0.64185669,256,1409280,1409535,1409531,0
1409791,426356015603500,1172333,0.63188469,256,1409536,1409791,1409553,0
1410047,426356016486625,1136166,0.60819544,256,1409792,1410047,1409835,0
1410303,426356017387375,1082041,0.60853292,256,1410048,1410303,1410172,0
1410559,426356018311083,1007167,0.62492758,256,1410304,1410559,1410455,0
1410815,426356019151583,1027042,0.67894507,256,1410560,1410815,1410670,0
1411071,426356020042541,985750,0.60293968,256,1410816,1411071,1410874,0
1411327,426356020885791,1008167,0.64961557,256,1411072,1411327,1411141,0
1411583,426356021820958,918000,0.65605684,256,1411328,1411583,1411445,0
1411839,426356022712375,885625,0.63862436,256,1411584,1411839,1411769,0
1412095,426356023566250,890958,0.61520012,256,1411840,1412095,1411924,0
1412351,426356024402000,949375,0.64809905,256,1412096,1412351,1412177,0
1412607,426356025269916,932625,0.58713887,256,1412352,1412607,1412534,0
1412863,426356026144125,903333,0.61548058,256,1412608,1412863,1412614,0
1413119,426356027022791,868000,0.64472019,256,1412864,1413119,1413083,0
1413375,426356027932541,903667,0.6103563,256,1413120,1413375,1413170,0
1413631,426356028808666,912792,0.6762325,256,1413376,1413631,1413542,0
1413887,426356029685000,893750,0.59521602,256,1413632,1413887,1413768,0
1414143,426356030577833,867208,0.63039284,256,1413888,1414143,1413973,0
1414399,426356031466458,853208,0.65093792,256,1414144,1414399,1414183,0
1414655,426356032291166,876875,0.61951663,256,1414400,1414655,1414506,0
1414911,426356033185208,857042,0.60176922,256,1414656,1414911,1414706,0
1415167,426356034049458,833000,0.62346011,256,1414912,1415167,1415153,0
1415423,426356034980375,883791,0.62318861,256,1415168,1415423,1415354,0
1415679,426356035770666,985334,0.60593528,256,1415424,1415679,1415509,0
1415935,426356036651041,985417,0.60674639,256,1415680,1415935,1415743,0
1416191,426356037493916,1002084,0.61005339,256,1415936,1416191,1416139,0
1416447,426356038413125,938083,0.62176583,256,1416192,1416447,1416319,0
1416703,426356039309916,943917,0.67761214,256,1416448,1416703,1416606,0
1416959,426356040211166,884250,0.58217656,256,1416704,1416959,1416868,0
1417215,426356041144458,890125,0.63351258,256,1416960,1417215,1416970,0
1417471,426356042018291,874500,0.6318691,256,1417216,1417471,1417349,0
1417727,426356042958208,1731083,0.60372303,256,1417472,1417727,1417572,0
1417983,426356043844416,1818250,0.5882785,256,1417728,1417983,1417751,0
1418239,426356044655416,1828875,0.59024759,256,1417984,1418239,1418099,0
1418495,426356045553708,1774333,0.6188372,256,1418240,1418495,1418420,0
1418751,426356046409625,1765875,0.68728591,256,1418496,1418751,1418577,0
1419007,426356047312291,1692000,0.61264445,256,1418752,1419007,1418860,0
1419263,426356048176000,1657000,0.61710258,256,1419008,1419263,1419209,0
1419519,426356049089208,1564042,0.60008443,256,1419264,1419519,1419360,0
1419775,426356049970333,1529417,0.6453923,256,1419520,1419775,1419761,0
1420031,426356050910250,1442625,0.63490297,256,1419776,1420031,1419931,0
1420287,426356051804333,1418333,0.6416423,256,1420032,1420287,1420262,0
1420543,426356052666166,1380625,0.60697028,256,1420288,1420543,1420435,0
1420799,426356053547416,1356834,0.63129476,256,1420544,1420799,1420723,0
1421055,426356054383916,1337250,0.64913662,256,1420800,1421055,1421021,0
1421311,426356055284625,1254916,0.60271673,256,1421056,1421311,1421302,0
1421567,426356056151416,1248542,0.64973736,256,1421312,1421567,1421379,0
1421823,426356057012333,1222542,0.61284035,256,1421568,1421823,1421740,0
1422079,426356057877041,1191834,0.64470687,256,1421824,1422079,1422057,0
1422335,426356058761458,1151333,0.59847605,256,1422080,1422335,1422228,0
1422591,426356059605125,1159000,0.68487594,256,1422336,1422591,1422573,0
1422847,426356060470875,1168083,0.65457102,256,1422592,1422847,1422634,0
1423103,426356061351916,1152875,0.63492915,256,1422848,1423103,1423095,0
1423359,426356062290458,1051875,0.60637673,256,1423104,1423359,1423184,0
1423615,426356063190708,991125,0.64038003,256,1423360,1423615,1423424,0
1423871,426356064045958,960917,0.60458498,256,1423616,1423871,1423626,0
1424127,426356064939791,872500,0.61138184,256,1423872,1424127,1423938,0
1424383,426356065819208,843000,0.59470801,256,1424128,1424383,1424345,0
1424639,426356066700958,854583,0.62856775,256,1424384,1424639,1424618,0
1424895,426356067564083,1780917,0.61952238,256,1424640,1424895,1424649,0
1425151,426356068509416,1799084,0.6257972,256,1424896,1425151,1425107,0
1425407,426356069395458,1755542,0.64044553,256,1425152,1425407,1425223,0
1425663,426356070262958,1754250,0.62097953,256,1425408,1425663,1425488,0
1425919,426356071150666,1697375,0.60027526,256,1425664,1425919,1425892,0
1426175,426356072077166,1613834,0.60962017,256,1425920,1426175,1426008,0
1426431,426356072963416,1601584,0.61720247,256,1426176,1426431,1426347,0
1426687,426356073854125,1537875,0.64102501,256,1426432,1426687,1426538,0
1426943,426356074751750,1460000,0.58298577,256,1426688,1426943,1426939,0
1427199,426356075691125,1339250,0.59691529,256,1426944,1427199,1427134,0
1427455,426356076574708,1296792,0.6443855,256,1427200,1427455,1427259,0
1427711,426356077442416,1268625,0.65614144,256,1427456,1427711,1427559,0
1427967,426356078286541,1279334,0.61236989,256,1427712,1427967,1427933,0
1428223,426356079204041,1181167,0.6332931,256,1427968,1428223,1428081,0
1428479,426356080154375,1040541,0.58076314,256,1428224,1428479,1428452,0
1428735,426356080988666,1030000,0.61998326,256,1428480,1428735,1428701,0
1428991,426356081903958,921042,0.59439807,256,1428736,1428991,1428800,0
1429247,426356082771750,892333,0.65400459,256,1428992,1429247,1429035,0
1429503,426356083605833,874708,0.5924986,256,1429248,1429503,1429492,0
1429759,426356084501458,1644500,0.6458288,256,1429504,1429759,1429599,0
1430015,426356085413291,1765250,0.57496355,256,1429760,1430015,1429961,0
1430271,426356086293833,1742125,0.61188899,256,1430016,1430271,1430235,0
1430527,426356087122541,1749375,0.66563199,256,1430272,1430527,1430416,0
1430783,426356088033125,1681625,0.61237411,256,1430528,1430783,1430771,0
1431039,426356088890250,1647791,0.61303204,256,1430784,1431039,1430869,0
1431295,426356089816916,1558709,0.60281846,256,1431040,1431295,1431136,0
1431551,426356090657583,1554458,0.59442221,256,1431296,1431551,1431299,0
1431807,426356091565166,1469459,0.59648675,256,1431552,1431807,1431707,0
1432063,426356092439875,1426541,0.65585927,256,1431808,1432063,1432050,0
1432319,426356093306750,1442208,0.63461657,256,1432064,1432319,1432128,0
1432575,426356094203958,1378542,0.63750405,256,1432320,1432575,1432395,0
1432831,426356095096166,1339334,0.65071636,256,1432576,1432831,1432698,0
1433087,426356095928583,1337500,0.59603534,256,1432832,1433087,1432882,0
1433343,426356096837875,1268000,0.62639294,256,1433088,1433343,1433314,0
1433599,426356097673500,1272375,0.6146565,256,1433344,1433599,1433353,0
1433855,426356098532916,1237459,0.61854913,256,1433600,1433855,1433631,0
1434111,426356099356291,1239792,0.6080745,256,1433856,1434111,1433995,0
1434367,426356100218875,1256583,0.63534921,256,1434112,1434367,1434202,0
1434623,426356101055958,1275292,0.59496119,256,1434368,1434623,1434459,0
1434879,426356101942208,1212750,0.59199943,256,1434624,1434879,1434650,0
1435135,426356102800916,1208250,0.62598071,256,1434880,1435135,1434911,0
1435391,426356103746750,1083583,0.62042115,256,1435136,1435391,1435310,0
1435647,426356104662291,984375,0.58537973,256,1435392,1435647,1435521,0
1435903,426356105508250,968666,0.60044824,256,1435648,1435903,1435687,0
1436159,426356106381708,974792,0.62258164,256,1435904,1436159,1436031,0
1436415,426356107274375,932541,0.61672773,256,1436160,1436415,1436177,0
1436671,426356108173250,913166,0.63793373,256,1436416,1436671,1436484,0
1436927,426356109074166,848792,0.65676825,256,1436672,1436927,1436807,0
1437183,426356109901958,857750,0.65068601,256,1436928,1437183,1437136,0
1437439,426356110803833,867958,0.65469798,256,1437184,1437439,1437363,0
1437695,426356111720958,818292,0.63176897,256,1437440,1437695,1437523,0
1437951,426356112595041,848875,0.61766377,256,1437696,1437951,1437852,0
1438207,426356113477166,844667,0.59642016,256,1437952,1438207,1438174,0
1438463,426356114414666,807917,0.59249444,256,1438208,1438463,1438446,0
1438719,426356115321958,869792,0.66309834,256,1438464,1438719,1438535,0
1438975,426356116233500,1632583,0.61057383,256,1438720,1438975,1438830,0
1439231,426356117118375,1743916,0.60759245,256,1438976,1439231,1439191,0
1439487,426356118027333,1648125,0.65781552,256,1439232,1439487,1439424,0
1439743,426356118930375,1564250,0.63992472,256,1439488,1439743,1439588,0
1439999,426356119850208,1436667,0.59752637,256,1439744,1439999,1439856,0
1440255,426356120689458,1422875,0.60113956,256,1440000,1440255,1440093,0
1440511,426356121540708,1379958,0.62129579,256,1440256,1440511,1440357,0
1440767,426356122436166,1304334,0.62064396,256,1440512,1440767,1440657,0
1441023,426356123296666,1237834,0.60302827,256,1440768,1441023,1440880,0
1441279,426356124174166,1207042,0.60785975,256,1441024,1441279,1441179,0
1441535,426356125019541,1145542,0.61596974,256,1441280,1441535,1441397,0
1441791,426356125922791,1067709,0.57327156,256,1441536,1441791,1441538,0
1442047,426356126797083,1002583,0.62374666,256,1441792,1442047,1441951,0
1442303,426356127684041,907875,0.6010083,256,1442048,1442303,1442117,0
1442559,426356128552541,851834,0.58368317,256,1442304,1442559,1442310,0
1442815,426356129420125,819208,0.6099363,256,1442560,1442815,1442804,0
1443071,426356130291416,834459,0.60861314,256,1442816,1443071,1442938,0
1443327,426356131152375,889416,0.61528807,256,1443072,1443327,1443281,0
1443583,426356132086125,837916,0.60228561,256,1443328,1443583,1443523,0
1443839,426356132950583,831042,0.60940541,256,1443584,1443839,1443775,0
1444095,426356133827333,803500,0.65134198,256,1443840,1444095,1443862,0
1444351,426356134726125,837416,0.62799196,256,1444096,1444351,1444136,0
1444607,426356135600333,827542,0.64382915,256,1444352,1444607,1444454,0
1444863,426356136512916,825500,0.61922696,256,1444608,1444863,1444668,0
1445119,426356137357833,844458,0.59839023,256,1444864,1445119,1445031,0
1445375,426356138220583,1712583,0.62816033,256,1445120,1445375,1445159,0
1445631,426356139082000,1821500,0.64913908,256,1445376,1445631,1445529,0
1445887,426356140012875,1719125,0.59932455,256,1445632,1445887,1445820,0
1446143,426356140960625,1596875,0.60932984,256,1445888,1446143,1446129,0
1446399,426356141811041,1572042,0.65642894,256,1446144,1446399,1446328,0
1446655,426356142644333,1580042,0.61479246,256,1446400,1446655,1446554,0
1446911,426356143537416,1497125,0.58687898,256,1446656,1446911,1446724,0
1447167,426356144395250,1453458,0.59428629,256,1446912,1447167,1447161,0
1447423,426356145319708,1336875,0.60937281,256,1447168,1447423,1447410,0
1447679,426356146163083,1360000,0.6789547,256,1447424,1447679,1447564,0
1447935,426356146996041,1316042,0.63423499,256,1447680,1447935,1447770,0
1448191,426356147799250,1346083,0.62730144,256,1447936,1448191,1447963,0
1448447,426356148681958,1268125,0.57515766,256,1448192,1448447,1448396,0
1448703,426356149598958,1197750,0.64256733,256,1448448,1448703,1448558,0
1448959,426356150514333,1117208,0.62837244,256,1448704,1448959,1448738,0
1449215,426356151391041,1088625,0.60359799,256,1448960,1449215,1449210,0
1449471,426356152238333,1055000,0.58793211,256,1449216,1449471,1449267,0
1449727,426356153135166,963625,0.59659302,256,1449472,1449727,1449648,0
1449983,426356154030250,891541,0.5994441,256,1449728,1449983,1449925,0
1450239,426356154947833,808208,0.61424866,256,1449984,1450239,1450051,0
1450495,426356155806125,827916,0.62930165,256,1450240,1450495,1450343,0
1450751,426356156654166,832584,0.58270619,256,1450496,1450751,1450654,0
1451007,426356157501208,1639708,0.62488011,256,1450752,1451007,1450957,0
1451263,426356158406458,1744833,0.59512176,256,1451008,1451263,1451101,0
1451519,426356159259625,1727250,0.60048011,256,1451264,1451519,1451516,0
1451775,426356160118208,1699417,0.62010245,256,1451520,1451775,1451578,0
1452031,426356161063708,1581583,0.61091659,256,1451776,1452031,1451830,0
1452287,426356161944625,1510833,0.60658991,256,1452032,1452287,1452213,0
1452543,426356162868500,1419250,0.61519844,256,1452288,1452543,1452489,0
1452799,426356163723541,1387834,0.59425728,256,1452544,1452799,1452738,0
1453055,426356164629041,1298917,0.61129457,256,1452800,1453055,1453016,0
1453311,426356165484666,1264417,0.60562089,256,1453056,1453311,1453295,0
1453567,426356166410958,1151667,0.60377393,256,1453312,1453567,1453520,0
1453823,426356167280291,1104500,0.60232928,256,1453568,1453823,1453818,0
1454079,426356168149416,1076125,0.62713047,256,1453824,1454079,1453836,0
1454335,426356169071416,993125,0.65692913,256,1454080,1454335,1454263,0
1454591,426356169903541,981292,0.61805452,256,1454336,1454591,1454465,0
1454847,426356170796375,887666,0.62261602,256,1454592,1454847,1454803,0
1455103,426356171695375,1706333,0.57629691,256,1454848,1455103,1455030,0
1455359,426356172607125,1847791,0.61549548,256,1455104,1455359,1455236,0
1455615,426356173444666,1843375,0.59535012,256,1455360,1455615,1455536,0
1455871,426356174362875,1742958,0.60383213,256,1455616,1455871,1455690,0
1456127,426356175286208,1622667,0.58227665,256,1455872,1456127,1456062,0
1456383,426356176141458,1572083,0.59378722,256,1456128,1456383,1456332,0
1456639,426356177057875,1471291,0.61128015,256,1456384,1456639,1456591,0
1456895,426356177898958,1464083,0.62494963,256,1456640,1456895,1456835,0
1457151,426356178798833,1368792,0.59723363,256,1456896,1457151,1457044,0
1457407,426356179637375,1354541,0.58792185,256,1457152,1457407,1457302,0
1457663,426356180509083,1302833,0.61263605,256,1457408,1457663,1457590,0
1457919,426356181416291,1244167,0.61526841,256,1457664,1457919,1457875,0
1458175,426356182277625,1183250,0.57622205,256,1457920,1458175,1457946,0
1458431,426356183157625,1152125,0.61289621,256,1458176,1458431,1458324,0
1458687,426356184062750,1132291,0.69292101,256,1458432,1458687,1458558,0
1458943,426356184961958,1058333,0.59034389,256,1458688,1458943,1458883,0
1459199,426356185811333,1047667,0.62245042,256,1458944,1459199,1459046,0
1459455,426356186723583,947292,0.59387524,256,1459200,1459455,1459402,0
1459711,426356187634708,860167,0.59891146,256,1459456,1459711,1459472,0
1459967,426356188571875,869875,0.59958757,256,1459712,1459967,1459897,0
1460223,426356189476333,1617208,0.58000046,256,1459968,1460223,1460050,0
1460479,426356190378083,1729250,0.60133077,256,1460224,1460479,1460289,0
1460735,426356191264708,1707042,0.63295032,256,1460480,1460735,1460666,0
1460991,426356192155750,1641583,0.59501282,256,1460736,1460991,1460790,0
1461247,426356193037625,1603333,0.60153947,256,1460992,1461247,1461002,0
1461503,426356193920416,1548625,0.59158211,256,1461248,1461503,1461373,0
1461759,426356194791541,1525625,0.64671385,256,1461504,1461759,1461544,0
1462015,426356195700541,1486209,0.63386269,256,1461760,1462015,1461875,0
1462271,426356196588083,1439250,0.63753856,256,1462016,1462271,1462260,0
1462527,426356197505333,1336042,0.59024547,256,1462272,1462527,1462375,0
1462783,426356198407958,1283792,0.63687953,256,1462528,1462783,1462655,0
1463039,426356199297333,1207042,0.64143286,256,1462784,1463039,1462978,0
1463295,426356200165333,1157583,0.57706709,256,1463040,1463295,1463164,0
1463551,426356201093916,1057625,0.61257362,256,1463296,1463551,1463429,0
1463807,426356201970958,988042,0.60967855,256,1463552,1463807,1463686,0
1464063,426356202859458,915042,0.64639082,256,1463808,1464063,1464021,0
1464319,426356203703791,915250,0.62269165,256,1464064,1464319,1464092,0
1464575,426356204537583,896042,0.62883106,256,1464320,1464575,1464431,0
1464831,426356205455791,814667,0.56860543,256,1464576,1464831,1464630,0
1465087,426356206333041,810000,0.60762078,256,1464832,1465087,1465012,0
1465343,426356207189750,814583,0.61130886,256,1465088,1465343,1465189,0
1465599,426356208086375,1142416,0.5750652,256,1465344,1465599,1465347,0
1465855,426356208997500,1037291,0.58355571,256,1465600,1465855,1465754,0
1466111,426356209844291,1024334,0.61997599,256,1465856,1466111,1466045,0
1466367,426356210717416,959084,0.60002854,256,1466112,1466367,1466212,0
1466623,426356211622875,883375,0.63354144,256,1466368,1466623,1466553,0
1466879,426356212536000,810041,0.61653147,256,1466624,1466879,1466699,0
1467135,426356213385458,789000,0.56357814,256,1466880,1467135,1466908,0
1467391,426356214242583,1594542,0.60738056,256,1467136,1467391,1467316,0
1467647,426356215110500,1731333,0.61848223,256,1467392,1467647,1467567,0
1467903,426356215989916,1649667,0.5728344,256,1467648,1467903,1467799,0
1468159,426356216857458,1651083,0.61213227,256,1467904,1468159,1468026,0
1468415,426356217760250,2367541,0.59197516,256,1468160,1468415,1468185,0
1468671,426356218715166,2993917,0.59319544,256,1468416,1468671,1468469,0
1468927,426356219616416,3682667,0.59242797,256,1468672,1468927,1468764,0
1469183,426356220412708,4505875,0.60667735,256,1468928,1469183,1469149,0
1469439,426356221295125,5228625,0.6337925,256,1469184,1469439,1469185,0
1469695,426356222201791,5966417,0.56935957,256,1469440,1469695,1469609,0
1469951,426356223068666,6350834,0.59063498,256,1469696,1469951,1469883,0
1470207,426356223963083,6295458,0.61252297,256,1469952,1470207,1470042,0
1470463,426356224807041,6292125,0.63678324,256,1470208,1470463,1470318,0
1470719,426356225686333,6239875,0.59948209,256,1470464,1470719,1470710,0
1470975,426356226614791,6124584,0.60904724,256,1470720,1470975,1470774,0
1471231,426356227453208,6103375,0.60613878,256,1470976,1471231,1471059,0
1471487,426356228329791,6035084,0.59180814,256,1471232,1471487,1471400,0
1471743,426356229234458,5971625,0.61424834,256,1471488,1471743,1471517,0
1471999,426356230134958,5890042,0.59625723,256,1471744,1471999,1471789,0
1472255,426356231056125,5775541,0.61436095,256,1472000,1472255,1472096,0
1472511,426356231886541,5826625,0.63025999,256,1472256,1472511,1472376,0
1472767,426356232821166,5686292,0.66362755,256,1472512,1472767,1472543,0
1473023,426356233695250,5670333,0.62217051,256,1472768,1473023,1472917,0
1473279,426356234552666,5658875,0.61708042,256,1473024,1473279,1473174,0
1473535,426356235483916,5548292,0.64805175,256,1473280,1473535,1473382,0
1473791,426356236363958,5490083,0.62971467,256,1473536,1473791,1473773,0
1474047,426356237288666,5398250,0.6198063,256,1473792,1474047,1473982,0
1474303,426356238190250,5294375,0.58066036,256,1474048,1474303,1474261,0
1474559,426356239087958,5234417,0.62529003,256,1474304,1474559,1474439,0
1474815,426356239945541,5191917,0.62864922,256,1474560,1474815,1474749,0
1475071,426356240830958,5135292,0.62037311,256,1474816,1475071,1475030,0
1475327,426356241688958,5076208,0.60885206,256,1475072,1475327,1475108,0
1475583,426356242557416,5043625,0.63898438,256,1475328,1475583,1475524,0
1475839,426356243458583,4961958,0.60914251,256,1475584,1475839,1475632,0
1476095,426356244317750,4907750,0.60579449,256,1475840,1476095,1475865,0
1476351,426356245189083,4853875,0.59432828,256,1476096,1476351,1476156,0
1476607,426356246037791,4809375,0.57141594,256,1476352,1476607,1476495,0
1476863,426356246919083,4743292,0.58731305,256,1476608,1476863,1476756,0
1477119,426356247805000,4698958,0.63939749,256,1476864,1477119,1477044,0
1477375,426356248703208,4612375,0.63027226,256,1477120,1477375,1477374,0
1477631,426356249614208,4557917,0.5942791,256,1477376,1477631,1477391,0
1477887,426356250480291,4462667,0.58388281,256,1477632,1477887,1477657,0
1478143,426356251372000,4391625,0.62146377,256,1477888,1478143,1477982,0
1478399,426356252262541,4336667,0.59878781,256,1478144,1478399,1478146,0
1478655,426356253156875,4252291,0.59872554,256,1478400,1478655,1478429,0
1478911,426356254045333,4166375,0.60944565,256,1478656,1478911,1478879,0
1479167,426356254903625,4127916,0.61940373,256,1478912,1479167,1479121,0
1479423,426356255763291,4083292,0.61862896,256,1479168,1479423,1479321,0
1479679,426356256660541,3974250,0.64121584,256,1479424,1479679,1479528,0
1479935,426356257603958,6756167,0.60850876,256,1479680,1479935,1479793,0
1480191,426356258495000,5869291,0.59243858,256,1479936,1480191,1480049,0
1480447,426356259384375,4982708,0.63755647,256,1480192,1480447,1480220,0
1480703,426356260331166,4037042,0.60332944,256,1480448,1480703,1480530,0
1480959,426356261178625,3522291,0.6298314,256,1480704,1480959,1480816,0
1481215,426356263500916,1988792,0.5681895,256,1480960,1481215,1481068,0
1481471,426356263510000,2770500,0.58800449,256,1481216,1481471,1481254,0
1481727,426356264420208,2640292,0.58821582,256,1481472,1481727,1481558,0
1481983,426356264705916,3164209,0.61040398,256,1481728,1481983,1481805,0
1482239,426356265543875,3120083,0.6066355,256,1481984,1482239,1482016,0
1482495,426356266491458,2968917,0.57977163,256,1482240,1482495,1482353,0
1482751,426356267363000,2919875,0.65932005,256,1482496,1482751,1482599,0
1483007,426356268225000,2868625,0.59602317,256,1482752,1483007,1482964,0
1483263,426356269119500,2789500,0.60274246,256,1483008,1483263,1483133,0
1483519,426356269975125,2725083,0.59988771,256,1483264,1483519,1483364,0
1483775,426356270895041,2667042,0.6686183,256,1483520,1483775,1483692,0
1484031,426356271810458,2530917,0.56468519,256,1483776,1484031,1483867,0
1484287,426356272705208,2460667,0.61662286,256,1484032,1484287,1484199,0
1484543,426356273595458,2389417,0.64193169,256,1484288,1484543,1484347,0
1484799,426356274478416,2310250,0.58499298,256,1484544,1484799,1484588,0
1485055,426356275357833,2223708,0.58960647,256,1484800,1485055,1484954,0
1485311,426356276180125,2196291,0.6016676,256,1485056,1485311,1485064,0
1485567,426356277112000,2085708,0.61858467,256,1485312,1485567,1485336,0
1485823,426356278021750,2001291,0.59487259,256,1485568,1485823,1485695,0
1486079,426356278894333,1939458,0.58018432,256,1485824,1486079,1486035,0
1486335,426356279809458,1813833,0.58325845,256,1486080,1486335,1486087,0
1486591,426356280651791,1776459,0.62981849,256,1486336,1486591,1486568,0
1486847,426356281599041,1636459,0.57930104,256,1486592,1486847,1486783,0
1487103,426356282457708,1614167,0.65859587,256,1486848,1487103,1487048,0
1487359,426356283384833,1567833,0.60778999,256,1487104,1487359,1487141,0
1487615,426356284226333,1551625,0.60367651,256,1487360,1487615,1487363,0
1487871,426356285090916,1513250,0.58603592,256,1487616,1487871,1487736,0
1488127,426356285948041,1485500,0.58117719,256,1487872,1488127,1488034,0
1488383,426356286818041,1464250,0.6051523,256,1488128,1488383,1488138,0
1488639,426356287681916,1421667,0.60204624,256,1488384,1488639,1488401,0
1488895,426356288580166,1364000,0.60905626,256,1488640,1488895,1488837,0
1489151,426356289432416,1322375,0.64303692,256,1488896,1489151,1489078,0
1489407,426356290353958,1231750,0.60143652,256,1489152,1489407,1489228,0
1489663,426356291302291,1121834,0.61402743,256,1489408,1489663,1489611,0
1489919,426356292120750,1151416,0.59535371,256,1489664,1489919,1489827,0
1490175,426356293037041,1071667,0.61915101,256,1489920,1490175,1489963,0
1490431,426356293893083,1061042,0.61467062,256,1490176,1490431,1490317,0
1490687,426356294735833,1075250,0.59832341,256,1490432,1490687,1490499,0
1490943,426356295643166,1007834,0.60441898,256,1490688,1490943,1490906,0
1491199,426356296508000,972791,0.60027493,256,1490944,1491199,1491111,0
1491455,426356297397583,954500,0.66421782,256,1491200,1491455,1491410,0
1491711,426356298269416,920417,0.61290356,256,1491456,1491711,1491574,0
1491967,426356299158500,855333,0.64918656,256,1491712,1491967,1491800,0
1492223,426356300074250,1643250,0.59092323,256,1491968,1492223,1492037,0
1492479,426356300959708,1779125,0.59101226,256,1492224,1492479,1492425,0
1492735,426356301832708,1800125,0.65669599,256,1492480,1492735,1492546,0
1492991,426356302723500,1725541,0.59736265,256,1492736,1492991,1492835,0
1493247,426356303628291,1656500,0.62120374,256,1492992,1493247,1493029,0
1493503,426356304548166,1589959,0.60772612,256,1493248,1493503,1493425,0
1493759,426356305476166,1483125,0.57819875,256,1493504,1493759,1493714,0
1494015,426356306379333,1404625,0.62012724,256,1493760,1494015,1493966,0
1494271,426356307269458,1374167,0.59574194,256,1494016,1494271,1494049,0
1494527,426356308132500,1350416,0.62712254,256,1494272,1494527,1494281,0
1494783,426356309003833,1300542,0.59939127,256,1494528,1494783,1494578,0
1495039,426356309920500,1223666,0.62206653,256,1494784,1495039,1494923,0
1495295,426356310832208,1163042,0.62019624,256,1495040,1495295,1495197,0
1495551,426356311806708,1043917,0.62464416,256,1495296,1495551,1495509,0
1495807,426356312668916,1025250,0.61700318,256,1495552,1495807,1495591,0
1496063,426356313505625,998750,0.59613018,256,1495808,1496063,1496021,0
1496319,426356314355166,950417,0.63017868,256,1496064,1496319,1496085,0
1496575,426356315231333,889542,0.61242889,256,1496320,1496575,1496400,0
1496831,426356316143208,1651250,0.59227937,256,1496576,1496831,1496660,0
1497087,426356317055958,1761667,0.59442219,256,1496832,1497087,1496912,0
1497343,426356318021416,1639167,0.63925784,256,1497088,1497343,1497231,0
1497599,426356318938333,1549208,0.60842845,256,1497344,1497599,1497382,0
1497855,426356319855375,1454083,0.61103145,256,1497600,1497855,1497792,0
1498111,426356320714541,1432792,0.61090879,256,1497856,1498111,1498079,0
1498367,426356321668875,1300083,0.59589135,256,1498112,1498367,1498153,0
1498623,426356322543500,1253208,0.61692627,256,1498368,1498623,1498449,0
1498879,426356323424250,1211666,0.64087453,256,1498624,1498879,1498872,0
1499135,426356324262791,1205625,0.6315689,256,1498880,1499135,1499100,0
1499391,426356325108958,1161000,0.5872921,256,1499136,1499391,1499189,0
1499647,426356325988291,1140584,0.63829549,256,1499392,1499647,1499582,0
1499903,426356326850083,1117208,0.62853484,256,1499648,1499903,1499785,0
1500159,426356327725458,1115542,0.60755528,256,1499904,1500159,1499992,0
1500415,426356328636708,1052333,0.60530327,256,1500160,1500415,1500165,0
1500671,426356329517041,1020459,0.62263458,256,1500416,1500671,1500529,0
1500927,426356330446666,935750,0.60779822,256,1500672,1500927,1500800,0
1501183,426356331353791,872792,0.60230919,256,1500928,1501183,1500956,0
1501439,426356332255166,852125,0.63330478,256,1501184,1501439,1501378,0
1501695,426356333177333,841625,0.63263105,256,1501440,1501695,1501595,0
1501951,426356334027083,859708,0.64410942,256,1501696,1501951,1501775,0
1502207,426356334907000,844791,0.6023155,256,1501952,1502207,1502198,0
1502463,426356335781333,1716917,0.59392582,256,1502208,1502463,1502393,0
1502719,426356336665166,1875375,0.6397648,256,1502464,1502719,1502632,0
1502975,426356337561208,1805292,0.61741068,256,1502720,1502975,1502751,0
1503231,426356338455041,1730417,0.61318985,256,1502976,1503231,1503213,0
1503487,426356339341166,1682625,0.62750057,256,1503232,1503487,1503340,0
1503743,426356340229375,1657916,0.63772835,256,1503488,1503743,1503564,0
1503999,426356341209583,1516625,0.64164905,256,1503744,1503999,1503983,0
1504255,426356342141166,1433750,0.64319282,256,1504000,1504255,1504236,0
1504511,426356343028750,1375750,0.60900428,256,1504256,1504511,1504495,0
1504767,426356343865583,1375458,0.62274917,256,1504512,1504767,1504562,0
1505023,426356344666625,1411125,0.63732299,256,1504768,1505023,1504909,0
1505279,426356345523333,1381333,0.59443301,256,1505024,1505279,1505257,0
1505535,426356346384375,1356750,0.64122953,256,1505280,1505535,1505392,0
1505791,426356347318541,1269042,0.64987984,256,1505536,1505791,1505685,0
1506047,426356348199208,1236417,0.60605493,256,1505792,1506047,1505837,0
1506303,426356349108166,1166042,0.65296432,256,1506048,1506303,1506301,0
1506559,426356350021041,1083084,0.63426197,256,1506304,1506559,1506311,0
1506815,426356350915208,1007750,0.64018076,256,1506560,1506815,1506720,0
1507071,426356351811916,941584,0.62623433,256,1506816,1507071,1506952,0
1507327,426356352724166,829250,0.63829761,256,1507072,1507327,1507086,0
1507583,426356353633750,871625,0.61976185,256,1507328,1507583,1507469,0
1507839,426356354548125,839291,0.61656514,256,1507584,1507839,1507835,0
1508095,426356355456291,879167,0.64076093,256,1507840,1508095,1507886,0
1508351,426356356335333,856417,0.61740189,256,1508096,1508351,1508349,0
1508607,426356357267083,896667,0.64467236,256,1508352,1508607,1508411,0
1508863,426356358131416,907542,0.62364927,256,1508608,1508863,1508705,0
1509119,426356359035541,1626334,0.67610459,256,1508864,1509119,1509061,0
1509375,426356359897000,1823375,0.61156548,256,1509120,1509375,1509322,0
1509631,426356360775750,1821083,0.64185669,256,1509376,1509631,1509531,0
1509887,426356361622708,1822875,0.60819544,256,1509632,1509887,1509835,0
1510143,426356362539166,1762792,0.58116441,256,1509888,1510143,1510078,0
1510399,426356363486458,1706375,0.60853292,256,1510144,1510399,1510172,0
1510655,426356364300958,1791625,0.65325771,256,1510400,1510655,1510628,0
1510911,426356365177416,1787584,0.67894507,256,1510656,1510911,1510670,0
1511167,426356366049625,1814916,0.64961557,256,1510912,1511167,1511141,0
1511423,426356366979375,1744083,0.62749321,256,1511168,1511423,1511374,0
1511679,426356367874958,4545583,0.65605684,256,1511424,1511679,1511445,0
1511935,426356368742500,3682750,0.63862436,256,1511680,1511935,1511769,0
1512191,426356370077416,2348917,0.64809905,256,1511936,1512191,1512177,0
1512447,426356371426500,1997625,0.63287607,256,1512192,1512447,1512234,0
1512703,426356371435625,2861333,0.61548058,256,1512448,1512703,1512614,0
1512959,426356372452916,2715084,0.59944774,256,1512704,1512959,1512746,0
1513215,426356373058666,2974875,0.64472019,256,1512960,1513215,1513083,0
1513471,426356373948666,2960500,0.59119149,256,1513216,1513471,1513246,0
1513727,426356374852125,2939666,0.6762325,256,1513472,1513727,1513542,0
1513983,426356375715458,2944708,0.63039284,256,1513728,1513983,1513973,0
1514239,426356376614333,2907208,0.65093792,256,1513984,1514239,1514183,0
1514495,426356377464791,2904750,0.58754861,256,1514240,1514495,1514257,0
1514751,426356378340708,2882250,0.61951663,256,1514496,1514751,1514506,0
1515007,426356379184708,2873917,0.59019091,256,1514752,1515007,1514762,0
1515263,426356380104708,2811083,0.62346011,256,1515008,1515263,1515153,0
1515519,426356381005375,2775583,0.62318861,256,1515264,1515519,1515354,0
1515775,426356381812708,2872375,0.60674639,256,1515520,1515775,1515743,0
1516031,426356382684416,2849500,0.57655639,256,1515776,1516031,1515823,0
1516287,426356383539666,2841084,0.61005339,256,1516032,1516287,1516139,0
1516543,426356384474750,2770666,0.64976743,256,1516288,1516543,1516528,0
1516799,426356385344375,2795666,0.67761214,256,1516544,1516799,1516606,0
1517055,426356386271041,2714625,0.63351258,256,1516800,1517055,1516970,0
1517311,426356387170166,2664042,0.60263866,256,1517056,1517311,1517303,0
1517567,426356388080250,2631791,0.6318691,256,1517312,1517567,1517349,0
1517823,426356389000250,2575125,0.60372303,256,1517568,1517823,1517572,0
1518079,426356389839250,2582708,0.58486997,256,1517824,1518079,1517928,0
1518335,426356390705250,2553625,0.59024759,256,1518080,1518335,1518099,0
1518591,426356391576500,2543791,0.68728591,256,1518336,1518591,1518577,0
1518847,426356392471958,2503542,0.61867574,256,1518592,1518847,1518642,0
1519103,426356393351375,2477666,0.61264445,256,1518848,1519103,1518860,0
1519359,426356394226333,2456208,0.61710258,256,1519104,1519359,1519209,0
1519615,426356395152208,2367417,0.6286582,256,1519360,1519615,1519592,0
1519871,426356395999791,2394250,0.6453923,256,1519616,1519871,1519761,0
1520127,426356396971416,2301000,0.63490297,256,1519872,1520127,1519931,0
1520383,426356397849916,2309459,0.6416423,256,1520128,1520383,1520262,0
1520639,426356398714875,2281583,0.60697028,256,1520384,1520639,1520435,0
1520895,426356399565666,2309709,0.63129476,256,1520640,1520895,1520723,0
1521151,426356400435125,2272791,0.64913662,256,1520896,1521151,1521021,0
1521407,426356401306625,2287833,0.64973736,256,1521152,1521407,1521379,0
1521663,426356402211166,2240209,0.57956331,256,1521408,1521663,1521660,0
1521919,426356403022375,2263000,0.61284035,256,1521664,1521919,1521740,0
1522175,426356403896666,2240417,0.64470687,256,1521920,1522175,1522057,0
1522431,426356404789500,2199291,0.59847605,256,1522176,1522431,1522228,0
1522687,426356405638625,2265041,0.68487594,256,1522432,1522687,1522573,0
1522943,426356406503250,2248125,0.60635518,256,1522688,1522943,1522827,0
1523199,426356407424708,2222000,0.63492915,256,1522944,1523199,1523095,0
1523455,426356408337250,2171583,0.64038003,256,1523200,1523455,1523424,0
1523711,426356409227208,2122042,0.60458498,256,1523456,1523711,1523626,0
1523967,426356410102958,2089667,0.61138184,256,1523712,1523967,1523938,0
1524223,426356410969750,2058666,0.59090211,256,1523968,1524223,1524005,0
1524479,426356411829583,2044000,0.62098797,256,1524224,1524479,1524466,0
1524735,426356412738375,1989416,0.62856775,256,1524480,1524735,1524618,0
1524991,426356413600958,1972167,0.61344227,256,1524736,1524991,1524746,0
1525247,426356414557750,1877500,0.64044553,256,1524992,1525247,1525223,0
1525503,426356415430083,1845417,0.62097953,256,1525248,1525503,1525488,0
1525759,426356416288708,1833042,0.61062979,256,1525504,1525759,1525660,0
1526015,426356417188333,1783083,0.60962017,256,1525760,1526015,1526008,0
1526271,426356418107166,1707084,0.60111605,256,1526016,1526271,1526149,0
1526527,426356418976375,1685083,0.61720247,256,1526272,1526527,1526347,0
1526783,426356419895416,1610459,0.64102501,256,1526528,1526783,1526538,0
1527039,426356420812625,1509208,0.58298577,256,1526784,1527039,1526939,0
1527295,426356421722250,1442750,0.6443855,256,1527040,1527295,1527259,0
1527551,426356422624541,1352709,0.63127731,256,1527296,1527551,1527391,0
1527807,426356423470083,1358000,0.65614144,256,1527552,1527807,1527559,0
1528063,426356424359375,1315416,0.61891241,256,1527808,1528063,1528054,0
1528319,426356425249041,1241500,0.6332931,256,1528064,1528319,1528081,0
1528575,426356426175083,1159667,0.60331849,256,1528320,1528575,1528493,0
1528831,426356427050625,1101375,0.61998326,256,1528576,1528831,1528701,0
1529087,426356427965125,997916,0.65400459,256,1528832,1529087,1529035,0
1529343,426356428766791,1016584,0.6237523,256,1529088,1529343,1529134,0
1529599,426356429651666,968209,0.6458288,256,1529344,1529599,1529599,0
1529855,426356430528458,925167,0.60521927,256,1529600,1529855,1529608,0
1530111,426356431459833,876417,0.597402,256,1529856,1530111,1530061,0
1530367,426356432320875,831583,0.61188899,256,1530112,1530367,1530235,0
1530623,426356433145000,890708,0.66563199,256,1530368,1530623,1530416,0
1530879,426356434076833,849875,0.61303204,256,1530624,1530879,1530869,0
1531135,426356434962416,855542,0.59416986,256,1530880,1531135,1531039,0
1531391,426356435836458,855958,0.60281846,256,1531136,1531391,1531136,0
1531647,426356436670208,838958,0.57155643,256,1531392,1531647,1531591,0
1531903,426356437584625,837083,0.59648675,256,1531648,1531903,1531707,0
1532159,426356438497166,1040375,0.65585927,256,1531904,1532159,1532050,0
1532415,426356439334541,1036875,0.63750405,256,1532160,1532415,1532395,0
1532671,426356440252625,914083,0.58455642,256,1532416,1532671,1532649,0
1532927,426356441088833,908833,0.65071636,256,1532672,1532927,1532698,0
1533183,426356441969708,836000,0.61297029,256,1532928,1533183,1533178,0
1533439,426356442829583,866833,0.62639294,256,1533184,1533439,1533314,0
1533695,426356443715291,847500,0.61854913,256,1533440,1533695,1533631,0
1533951,426356444581875,1643750,0.59637254,256,1533696,1533951,1533899,0
1534207,426356445370333,1865583,0.63534921,256,1533952,1534207,1534202,0
1534463,426356446238833,1854042,0.61000586,256,1534208,1534463,1534365,0
1534719,426356447104750,1816625,0.59199943,256,1534464,1534719,1534650,0
1534975,426356447966750,1768208,0.62598071,256,1534720,1534975,1534911,0
1535231,426356448879916,1668292,0.60876253,256,1534976,1535231,1535063,0
1535487,426356449773916,1564875,0.62042115,256,1535232,1535487,1535310,0
1535743,426356450670416,1471334,0.60044824,256,1535488,1535743,1535687,0
1535999,426356451535833,1433708,0.60120333,256,1535744,1535999,1535916,0
1536255,426356452440666,1385375,0.62258164,256,1536000,1536255,1536031,0
1536511,426356453299541,1341834,0.63793373,256,1536256,1536511,1536484,0
1536767,426356454220416,1263417,0.63242657,256,1536512,1536767,1536650,0
1537023,426356455067791,1208084,0.65676825,256,1536768,1537023,1536807,0
1537279,426356455943875,1174666,0.65068601,256,1537024,1537279,1537136,0
1537535,426356456868375,1076041,0.65469798,256,1537280,1537535,1537363,0
1537791,426356457739458,1014042,0.60124857,256,1537536,1537791,1537715,0
1538047,426356458627500,931083,0.61766377,256,1537792,1538047,1537852,0
1538303,426356459560375,823750,0.59642016,256,1538048,1538303,1538174,0
1538559,426356460437500,838916,0.66309834,256,1538304,1538559,1538535,0
1538815,426356461364625,803875,0.56907406,256,1538560,1538815,1538736,0
1539071,426356462307958,1596792,0.61057383,256,1538816,1539071,1538830,0
1539327,426356463168458,1756625,0.60759245,256,1539072,1539327,1539191,0
1539583,426356464076041,1650792,0.65781552,256,1539328,1539583,1539424,0
1539839,426356464986916,1543709,0.63992472,256,1539584,1539839,1539588,0
1540095,426356465875666,1457584,0.60113956,256,1539840,1540095,1540093,0
1540351,426356466721333,1420625,0.59723792,256,1540096,1540351,1540167,0
1540607,426356467586916,1370792,0.62129579,256,1540352,1540607,1540357,0
1540863,426356468462791,1322625,0.62064396,256,1540608,1540863,1540657,0
1541119,426356469336041,1226167,0.60302827,256,1540864,1541119,1540880,0
1541375,426356470198333,1213542,0.60785975,256,1541120,1541375,1541179,0
1541631,426356471063000,1148041,0.61596974,256,1541376,1541631,1541397,0
1541887,426356471975458,1028458,0.56519687,256,1541632,1541887,1541775,0
1542143,426356472824500,1004958,0.62374666,256,1541888,1542143,1541951,0
1542399,426356473742375,880250,0.58368317,256,1542144,1542399,1542310,0
1542655,426356474599666,812542,0.58232311,256,1542400,1542655,1542585,0
1542911,426356475482583,1683000,0.6099363,256,1542656,1542911,1542804,0
1543167,426356476299791,1842667,0.60861314,256,1542912,1543167,1542938,0
1543423,426356477228875,1763000,0.61528807,256,1543168,1543423,1543281,0
1543679,426356478105958,1719000,0.60228561,256,1543424,1543679,1543523,0
1543935,426356478994500,1615708,0.65134198,256,1543680,1543935,1543862,0
1544191,426356479858833,1542208,0.62799196,256,1543936,1544191,1544136,0
1544447,426356480746291,1452792,0.58681251,256,1544192,1544447,1544411,0
1544703,426356481623333,1397083,0.64382915,256,1544448,1544703,1544454,0
1544959,426356482553291,1263000,0.60329803,256,1544704,1544959,1544799,0
1545215,426356483409583,1215625,0.62816033,256,1544960,1545215,1545159,0
1545471,426356484256458,1140917,0.57488227,256,1545216,1545471,1545390,0
1545727,426356485138750,1072791,0.64913908,256,1545472,1545727,1545529,0
1545983,426356486096125,898583,0.59932455,256,1545728,1545983,1545820,0
1546239,426356487001541,826209,0.61677297,256,1545984,1546239,1546227,0
1546495,426356487837750,824375,0.65642894,256,1546240,1546495,1546328,0
1546751,426356488694875,817416,0.61479246,256,1546496,1546751,1546554,0
1547007,426356489558458,812875,0.57780175,256,1546752,1547007,1547005,0
1547263,426356490441375,1664791,0.60889053,256,1547008,1547263,1547192,0
1547519,426356491304833,1806375,0.60937281,256,1547264,1547519,1547410,0
1547775,426356492193166,1751584,0.6789547,256,1547520,1547775,1547564,0
1548031,426356493005458,1714042,0.62730144,256,1547776,1548031,1547963,0
1548287,426356493838958,1681500,0.60328595,256,1548032,1548287,1548068,0
1548543,426356494729458,1572375,0.62217247,256,1548288,1548543,1548533,0
1548799,426356495635583,1477750,0.64256733,256,1548544,1548799,1548558,0
1549055,426356496550958,1409250,0.6161321,256,1548800,1549055,1548819,0
1549311,426356497403416,1354792,0.60359799,256,1549056,1549311,1549210,0
1549567,426356498293041,1265417,0.56453933,256,1549312,1549567,1549549,0
1549823,426356499163541,1164125,0.59659302,256,1549568,1549823,1549648,0
1550079,426356500110791,1041375,0.61424866,256,1549824,1550079,1550051,0
1550335,426356501004458,945375,0.61688379,256,1550080,1550335,1550288,0
1550591,426356501786583,972625,0.62930165,256,1550336,1550591,1550343,0
1550847,426356502655083,911458,0.58270619,256,1550592,1550847,1550654,0
1551103,426356503528083,853250,0.62488011,256,1550848,1551103,1550957,0
1551359,426356504409458,838792,0.57593519,256,1551104,1551359,1551231,0
1551615,426356505306000,846958,0.62010245,256,1551360,1551615,1551578,0
1551871,426356506167375,1208083,0.61426755,256,1551616,1551871,1551636,0
1552127,426356507095875,1069125,0.59584126,256,1551872,1552127,1552094,0
1552383,426356508002208,959167,0.60658991,256,1552128,1552383,1552213,0
1552639,426356508924625,846000,0.61519844,256,1552384,1552639,1552489,0
1552895,426356509766291,1623709,0.59425728,256,1552640,1552895,1552738,0
1553151,426356510647875,1745250,0.61129457,256,1552896,1553151,1553016,0
1553407,426356511546583,1632417,0.60562089,256,1553152,1553407,1553295,0
1553663,426356512428958,1540042,0.60377393,256,1553408,1553663,1553520,0
1553919,426356513288500,1511750,0.62713047,256,1553664,1553919,1553836,0
1554175,426356514233166,1378959,0.6093607,256,1553920,1554175,1553945,0
1554431,426356515087250,1319708,0.65692913,256,1554176,1554431,1554263,0
1554687,426356515891458,1308667,0.61805452,256,1554432,1554687,1554465,0
1554943,426356516813208,1159042,0.62261602,256,1554688,1554943,1554803,0
1555199,426356517753708,1018667,0.59726526,256,1554944,1555199,1555187,0
1555455,426356518620750,950291,0.61549548,256,1555200,1555455,1555236,0
1555711,426356519499791,891417,0.60383213,256,1555456,1555711,1555690,0
1555967,426356520419583,822250,0.57401221,256,1555712,1555967,1555755,0
1556223,426356521309541,819792,0.58227665,256,1555968,1556223,1556062,0
1556479,426356522165916,799417,0.59378722,256,1556224,1556479,1556332,0
1556735,426356523066208,831542,0.61128015,256,1556480,1556735,1556591,0
1556991,426356523941458,821125,0.62494963,256,1556736,1556991,1556835,0
1557247,426356524811125,827083,0.59723363,256,1556992,1557247,1557044,0
1557503,426356525665000,858166,0.58792185,256,1557248,1557503,1557302,0
1557759,426356526548958,864125,0.61263605,256,1557504,1557759,1557590,0
1558015,426356527448333,811417,0.61526841,256,1557760,1558015,1557875,0
1558271,426356528319458,1685042,0.57187917,256,1558016,1558271,1558258,0
1558527,426356529213458,1804667,0.63655577,256,1558272,1558527,1558520,0
1558783,426356530058541,1799000,0.69292101,256,1558528,1558783,1558558,0
1559039,426356531024333,1672000,0.59034389,256,1558784,1559039,1558883,0
1559295,426356531843708,1626250,0.62245042,256,1559040,1559295,1559046,0
1559551,426356532754166,1534792,0.59891146,256,1559296,1559551,1559472,0
1559807,426356533698041,1379625,0.59348389,256,1559552,1559807,1559762,0
1560063,426356534629666,1251667,0.59958757,256,1559808,1560063,1559897,0
1560319,426356535539958,1122708,0.60133077,256,1560064,1560319,1560289,0
1560575,426356536389708,1069708,0.59212213,256,1560320,1560575,1560573,0
1560831,426356537299625,1002875,0.63295032,256,1560576,1560831,1560666,0
1561087,426356538192708,923583,0.60153947,256,1560832,1561087,1561002,0
1561343,426356539067875,852500,0.58873099,256,1561088,1561343,1561211,0
1561599,426356539943958,877000,0.64671385,256,1561344,1561599,1561544,0
1561855,426356540865791,835375,0.6293775,256,1561600,1561855,1561653,0
1562111,426356541738833,867792,0.63386269,256,1561856,1562111,1561875,0
1562367,426356542646125,825250,0.63753856,256,1562112,1562367,1562260,0
1562623,426356543567166,834625,0.61157715,256,1562368,1562623,1562614,0
1562879,426356544432041,843417,0.63687953,256,1562624,1562879,1562655,0
1563135,426356545309250,1621583,0.64143286,256,1562880,1563135,1562978,0
1563391,426356546239750,1687541,0.57790313,256,1563136,1563391,1563300,0
1563647,426356547096250,1628750,0.61257362,256,1563392,1563647,1563429,0
1563903,426356548021125,1493041,0.60967855,256,1563648,1563903,1563686,0
1564159,426356548872583,1467625,0.64639082,256,1563904,1564159,1564021,0
1564415,426356549725958,1415042,0.61029215,256,1564160,1564415,1564207,0
1564671,426356550571833,1355667,0.62883106,256,1564416,1564671,1564431,0
1564927,426356551461250,1258500,0.56441215,256,1564672,1564927,1564810,0
1565183,426356552352291,1177750,0.60762078,256,1564928,1565183,1565012,0
1565439,426356553224041,1081167,0.61130886,256,1565184,1565439,1565189,0
1565695,426356554134041,976417,0.57097002,256,1565440,1565695,1565478,0
1565951,426356555038375,862125,0.58718128,256,1565696,1565951,1565933,0
1566207,426356555882250,818208,0.61997599,256,1565952,1566207,1566045,0
1566463,426356556778208,1461333,0.60002854,256,1566208,1566463,1566212,0
1566719,426356557663916,1412500,0.63354144,256,1566464,1566719,1566553,0
1566975,426356558565416,1316167,0.61077366,256,1566720,1566975,1566792,0
1567231,426356559409833,1280500,0.5885259,256,1566976,1567231,1567159,0
1567487,426356560284083,1234375,0.60738056,256,1567232,1567487,1567316,0
1567743,426356561148125,1172500,0.61848223,256,1567488,1567743,1567567,0
1567999,426356562002166,1137709,0.6022365,256,1567744,1567999,1567968,0
1568255,426356562908666,1063167,0.61213227,256,1568000,1568255,1568026,0
1568511,426356563838791,944834,0.59319544,256,1568256,1568511,1568469,0
1568767,426356564742916,861792,0.59242797,256,1568512,1568767,1568764,0
1569023,426356565616791,838584,0.58565776,256,1568768,1569023,1568869,0
1569279,426356566458458,858083,0.6337925,256,1569024,1569279,1569185,0
1569535,426356567320166,849834,0.62627704,256,1569280,1569535,1569375,0
1569791,426356568248458,1699375,0.57674917,256,1569536,1569791,1569699,0
1570047,426356569132750,1803458,0.61252297,256,1569792,1570047,1570042,0
1570303,426356569987666,1779459,0.59082476,256,1570048,1570303,1570232,0
1570559,426356570836833,1761083,0.63678324,256,1570304,1570559,1570318,0
1570815,426356571728208,1705000,0.60904724,256,1570560,1570815,1570774,0
1571071,426356572637708,1610583,0.60613878,256,1570816,1571071,1571059,0
1571327,426356573493333,1560167,0.60333579,256,1571072,1571327,1571168,0
1571583,426356574378041,1514584,0.61424834,256,1571328,1571583,1571517,0
1571839,426356575275416,1447084,0.59625723,256,1571584,1571839,1571789,0
1572095,426356576209041,1317625,0.60373505,256,1571840,1572095,1572002,0
1572351,426356577092041,1269417,0.61460563,256,1572096,1572351,1572272,0
1572607,426356577927333,1285333,0.66362755,256,1572352,1572607,1572543,0
1572863,426356578828750,1195000,0.59350308,256,1572608,1572863,1572806,0
1573119,426356579721333,1150875,0.62217051,256,1572864,1573119,1572917,0
1573375,426356580585250,1138625,0.61708042,256,1573120,1573375,1573174,0
1573631,426356581494125,1054375,0.64805175,256,1573376,1573631,1573382,0
1573887,426356582427458,934458,0.62971467,256,1573632,1573887,1573773,0
1574143,426356583332916,865625,0.6198063,256,1573888,1574143,1573982,0
1574399,426356584237750,896166,0.58066036,256,1574144,1574399,1574261,0
1574655,426356585117000,835250,0.62529003,256,1574400,1574655,1574439,0
1574911,426356586000000,822541,0.62864922,256,1574656,1574911,1574749,0
1575167,426356586866375,848291,0.62037311,256,1574912,1575167,1575030,0
1575423,426356587717041,1601375,0.5705806,256,1575168,1575423,1575385,0
1575679,426356588607375,1759750,0.63898438,256,1575424,1575679,1575524,0
1575935,426356589476666,1675417,0.60579449,256,1575680,1575935,1575865,0
1576191,426356590335708,1611583,0.59432828,256,1575936,1576191,1576156,0
1576447,426356591217666,1527375,0.56983826,256,1576192,1576447,1576319,0
1576703,426356592094916,1443042,0.57141594,256,1576448,1576703,1576495,0
1576959,426356592933958,1389542,0.5911342,256,1576704,1576959,1576923,0
1577215,426356593832333,1327250,0.63939749,256,1576960,1577215,1577044,0
1577471,426356594763166,1194959,0.63027226,256,1577216,1577471,1577374,0
1577727,426356595653250,1094583,0.58755874,256,1577472,1577727,1577610,0
1577983,426356596514166,1041250,0.62146377,256,1577728,1577983,1577982,0
1578239,426356597417500,940125,0.60246461,256,1577984,1578239,1578132,0
1578495,426356598311375,837125,0.59872554,256,1578240,1578495,1578429,0
1578751,426356599195083,1619250,0.59822397,256,1578496,1578751,1578555,0
1579007,426356600033958,1774750,0.60944565,256,1578752,1579007,1578879,0
1579263,426356600907500,1718500,0.61940373,256,1579008,1579263,1579121,0
1579519,426356601818250,1624250,0.61862896,256,1579264,1579519,1579321,0
1579775,426356602754750,1496750,0.64121584,256,1579520,1579775,1579528,0
1580031,426356603638125,1411083,0.60850876,256,1579776,1580031,1579793,0
1580287,426356604525875,1337083,0.63755647,256,1580032,1580287,1580220,0
1580543,426356605463541,1193292,0.62428661,256,1580288,1580543,1580344,0
1580799,426356606359000,1096000,0.57821061,256,1580544,1580799,1580769,0
1581055,426356607216166,1070042,0.6298314,256,1580800,1581055,1580816,0
1581311,426356608118541,952084,0.58800449,256,1581056,1581311,1581254,0
1581567,426356609063916,808542,0.58821582,256,1581312,1581567,1581558,0
1581823,426356609926083,816000,0.61040398,256,1581568,1581823,1581805,0
1582079,426356610733791,849667,0.6066355,256,1581824,1582079,1582016,0
1582335,426356611579458,831000,0.57035621,256,1582080,1582335,1582232,0
1582591,426356612504000,823708,0.64955942,256,1582336,1582591,1582580,0
1582847,426356613404041,870334,0.65932005,256,1582592,1582847,1582599,0
1583103,426356614278125,1612625,0.59602317,256,1582848,1583103,1582964,0
1583359,426356615150291,2333084,0.60274246,256,1583104,1583359,1583133,0
1583615,426356616033291,3046125,0.61212021,256,1583360,1583615,1583568,0
1583871,426356616964625,3691041,0.6686183,256,1583616,1583871,1583692,0
1584127,426356617861625,4342083,0.60951265,256,1583872,1584127,1584032,0
1584383,426356618755166,4788375,0.64193169,256,1584128,1584383,1584347,0
1584639,426356619664375,4713583,0.58499298,256,1584384,1584639,1584588,0
1584895,426356620538166,4655625,0.58175114,256,1584640,1584895,1584783,0
1585151,426356621374791,4632667,0.6016676,256,1584896,1585151,1585064,0
1585407,426356622217166,4628084,0.61858467,256,1585152,1585407,1585336,0
1585663,426356623150000,4551416,0.59030133,256,1585408,1585663,1585641,0
1585919,426356624043750,4492041,0.59487259,256,1585664,1585919,1585695,0
1586175,426356624937541,4424459,0.58325845,256,1585920,1586175,1586087,0
1586431,426356625824541,4347334,0.57110776,256,1586176,1586431,1586261,0
1586687,426356626706791,4303792,0.62981849,256,1586432,1586687,1586568,0
1586943,426356627631541,4210625,0.60212846,256,1586688,1586943,1586884,0
1587199,426356628514625,4209791,0.65859587,256,1586944,1587199,1587048,0
1587455,426356629404208,4161542,0.60433851,256,1587200,1587455,1587327,0
1587711,426356630258250,4137000,0.60328128,256,1587456,1587711,1587525,0
1587967,426356631140083,4102250,0.58603592,256,1587712,1587967,1587736,0
1588223,426356632000666,4066209,0.6051523,256,1587968,1588223,1588138,0
1588479,426356632840375,4074500,0.60298794,256,1588224,1588479,1588341,0
1588735,426356633764583,3959375,0.59905662,256,1588480,1588735,1588644,0
1588991,426356634605041,3980250,0.61451882,256,1588736,1588991,1588947,0
1589247,426356635479541,3935875,0.64303692,256,1588992,1589247,1589078,0
1589503,426356636452375,3781666,0.5877867,256,1589248,1589503,1589433,0
1589759,426356637278166,3796084,0.61402743,256,1589504,1589759,1589611,0
1590015,426356638186291,3748667,0.61915101,256,1589760,1590015,1589963,0
1590271,426356639019333,3736250,0.57221192,256,1590016,1590271,1590226,0
1590527,426356639925000,3680708,0.61467062,256,1590272,1590527,1590317,0
1590783,426356640781750,3672458,0.57762067,256,1590528,1590783,1590641,0
1591039,426356641655416,3640000,0.60441898,256,1590784,1591039,1590906,0
1591295,426356642573208,3574458,0.61028263,256,1591040,1591295,1591281,0
1591551,426356643407500,3596625,0.66421782,256,1591296,1591551,1591410,0
1591807,426356644296958,3555833,0.64918656,256,1591552,1591807,1591800,0
1592063,426356645201333,3470667,0.62763628,256,1591808,1592063,1591924,0
1592319,426356646129625,3367916,0.59030164,256,1592064,1592319,1592263,0
1592575,426356646979166,3363500,0.65669599,256,1592320,1592575,1592546,0
1592831,426356647866333,3353083,0.63442299,256,1592576,1592831,1592633,0
1593087,426356648715333,3326708,0.62120374,256,1592832,1593087,1593029,0
1593343,426356649690291,3195667,0.60691563,256,1593088,1593343,1593171,0
1593599,426356650582666,3139875,0.60772612,256,1593344,1593599,1593425,0
1593855,426356651513166,3022834,0.57819875,256,1593600,1593855,1593714,0
1594111,426356652424666,2963792,0.62012724,256,1593856,1594111,1593966,0
1594367,426356653299041,2936792,0.62712254,256,1594112,1594367,1594281,0
1594623,426356654170958,2904375,0.60192367,256,1594368,1594623,1594373,0
1594879,426356655063166,2826334,0.58488348,256,1594624,1594879,1594651,0
1595135,426356655952541,2781792,0.62206653,256,1594880,1595135,1594923,0
1595391,426356656916083,2683750,0.62414991,256,1595136,1595391,1595367,0
1595647,426356657805958,2641792,0.62464416,256,1595392,1595647,1595509,0
1595903,426356658684166,2582625,0.57558784,256,1595648,1595903,1595683,0
1596159,426356659499958,2576833,0.63017868,256,1595904,1596159,1596085,0
1596415,426356660371291,2519167,0.61242889,256,1596160,1596415,1596400,0
1596671,426356661270958,2437458,0.59227937,256,1596416,1596671,1596660,0
1596927,426356662165750,2361708,0.59442219,256,1596672,1596927,1596912,0
1597183,426356663113250,2219750,0.58007661,256,1596928,1597183,1596931,0
1597439,426356664081125,2110166,0.63925784,256,1597184,1597439,1597231,0
1597695,426356664971541,2044084,0.58870569,256,1597440,1597695,1597567,0
1597951,426356665893291,1943250,0.61103145,256,1597696,1597951,1597792,0
1598207,426356666786291,1889209,0.61090879,256,1597952,1598207,1598079,0
1598463,426356667705125,4781291,0.61692627,256,1598208,1598463,1598449,0
1598719,426356668601791,3886500,0.59929395,256,1598464,1598719,1598638,0
1598975,426356669612708,2876750,0.64087453,256,1598720,1598975,1598872,0
1599231,426356670557875,2798916,0.6315689,256,1598976,1599231,1599100,0
1599487,426356672523708,1652042,0.57421666,256,1599232,1599487,1599302,0
1599743,426356672575583,2452417,0.63829549,256,1599488,1599743,1599582,0
1599999,426356672867208,3015250,0.62853484,256,1599744,1599999,1599785,0
1600255,426356673760875,2989875,0.60530327,256,1600000,1600255,1600165,0
1600511,426356674674541,2911792,0.60754791,256,1600256,1600511,1600431,0
1600767,426356675549750,2881875,0.62263458,256,1600512,1600767,1600529,0
1601023,426356676486958,2786708,0.60779822,256,1600768,1601023,1600800,0
1601279,426356677400125,2704708,0.59317879,256,1601024,1601279,1601154,0
1601535,426356678331791,2619625,0.63330478,256,1601280,1601535,1601378,0
1601791,426356679188916,2613167,0.64410942,256,1601536,1601791,1601775,0
1602047,426356680052958,2598958,0.59444516,256,1601792,1602047,1601939,0
1602303,426356680960000,2551541,0.6023155,256,1602048,1602303,1602198,0
1602559,426356681824708,2508833,0.59879767,256,1602304,1602559,1602557,0
1602815,426356682669208,2550042,0.6397648,256,1602560,1602815,1602632,0
1603071,426356683605750,2463958,0.60877202,256,1602816,1603071,1602968,0
1603327,426356684496291,2409375,0.61318985,256,1603072,1603327,1603213,0
1603583,426356685376458,2397083,0.63772835,256,1603328,1603583,1603564,0
1603839,426356686308916,2353209,0.61225154,256,1603584,1603839,1603693,0
1604095,426356687283375,2239833,0.64164905,256,1603840,1604095,1603983,0
1604351,426356688187250,2191333,0.64319282,256,1604096,1604351,1604236,0
1604607,426356689023833,2204125,0.62274917,256,1604352,1604607,1604562,0
1604863,426356689889916,2211292,0.63325526,256,1604608,1604863,1604770,0
1605119,426356690687500,2246250,0.63732299,256,1604864,1605119,1604909,0
1605375,426356691555541,2242375,0.59443301,256,1605120,1605375,1605257,0
1605631,426356692448291,2186209,0.64122953,256,1605376,1605631,1605392,0
1605887,426356693349208,2165750,0.64987984,256,1605632,1605887,1605685,0
1606143,426356694259583,2109917,0.59472973,256,1605888,1606143,1605983,0
1606399,426356695138583,2103833,0.65296432,256,1606144,1606399,1606301,0
1606655,426356696059000,2022041,0.61340293,256,1606400,1606655,1606526,0
1606911,426356696945041,1975542,0.64018076,256,1606656,1606911,1606720,0
1607167,426356697910416,1877917,0.63829761,256,1606912,1607167,1607086,0
1607423,426356698758041,1847500,0.59043634,256,1607168,1607423,1607340,0
1607679,426356699652875,1827083,0.61976185,256,1607424,1607679,1607469,0
1607935,426356700599750,1750625,0.64076093,256,1607680,1607935,1607886,0
1608191,426356701479500,1728708,0.60188761,256,1607936,1608191,1608135,0
1608447,426356702360333,1717208,0.64467236,256,1608192,1608447,1608411,0
1608703,426356703315041,1631542,0.61130411,256,1608448,1608703,1608568,0
1608959,426356704185541,1642834,0.62364927,256,1608704,1608959,1608705,0
1609215,426356705110125,1597375,0.67610459,256,1608960,1609215,1609061,0
1609471,426356705935125,1635000,0.61156548,256,1609216,1609471,1609322,0
1609727,426356706817958,1618625,0.64185669,256,1609472,1609727,1609531,0
1609983,426356707674208,1619458,0.60819544,256,1609728,1609983,1609835,0
1610239,426356708547666,1609334,0.60853292,256,1609984,1610239,1610172,0
1610495,426356709508125,1527333,0.62492758,256,1610240,1610495,1610455,0
1610751,426356710328958,1594500,0.67894507,256,1610496,1610751,1610670,0
1611007,426356711208208,1584125,0.60293968,256,1610752,1611007,1610874,0
1611263,426356712072208,1609167,0.64961557,256,1611008,1611263,1611141,0
1611519,426356713013500,1529000,0.65605684,256,1611264,1611519,1611445,0
1611775,426356713897833,1510125,0.63862436,256,1611520,1611775,1611769,0
1612031,426356714754541,1538500,0.61520012,256,1611776,1612031,1611924,0
1612287,426356715586708,1630292,0.64809905,256,1612032,1612287,1612177,0
1612543,426356716466708,1695333,0.61243982,256,1612288,1612543,1612291,0
1612799,426356717376333,2449500,0.61548058,256,1612544,1612799,1612614,0
1613055,426356718207166,3226167,0.59380359,256,1612800,1613055,1613048,0
1613311,426356719103375,3950250,0.64472019,256,1613056,1613311,1613083,0
1613567,426356720013208,4659000,0.6762325,256,1613312,1613567,1613542,0
1613823,426356720902291,5393959,0.62823744,256,1613568,1613823,1613626,0
1614079,426356721758791,5534084,0.63039284,256,1613824,1614079,1613973,0
1614335,426356722655416,5524125,0.65093792,256,1614080,1614335,1614183,0
1614591,426356723479750,5544708,0.61951663,256,1614336,1614591,1614506,0
1614847,426356724381666,5503042,0.60176922,256,1614592,1614847,1614706,0
1615103,426356725235791,5494625,0.62239543,256,1614848,1615103,1615087,0
1615359,426356726164583,5424708,0.62346011,256,1615104,1615359,1615153,0
1615615,426356727005208,5475000,0.60631253,256,1615360,1615615,1615412,0
1615871,426356727823500,5557583,0.60674639,256,1615616,1615871,1615743,0
1616127,426356728686833,5530125,0.59356166,256,1615872,1616127,1616042,0
1616383,426356729582291,5499500,0.62176583,256,1616128,1616383,1616319,0
1616639,426356730508500,5506666,0.67761214,256,1616384,1616639,1616606,0
1616895,426356731383583,5444833,0.59797442,256,1616640,1616895,1616650,0
1617151,426356732347458,5342208,0.63351258,256,1616896,1617151,1616970,0
1617407,426356733204041,5357959,0.6318691,256,1617152,1617407,1617349,0
1617663,426356734114791,5315584,0.60372303,256,1617408,1617663,1617572,0
1617919,426356735020625,5258250,0.5882785,256,1617664,1617919,1617751,0
1618175,426356735849375,5277375,0.59024759,256,1617920,1618175,1618099,0
1618431,426356736767875,5225708,0.6188372,256,1618176,1618431,1618420,0
1618687,426356737618916,5228209,0.68728591,256,1618432,1618687,1618577,0
1618943,426356738517833,5166375,0.61264445,256,1618688,1618943,1618860,0
1619199,426356739374750,5180333,0.60049282,256,1618944,1619199,1619088,0
1619455,426356740271458,5120250,0.61710258,256,1619200,1619455,1619209,0
1619711,426356741168250,5088708,0.6286582,256,1619456,1619711,1619592,0
1619967,426356742059083,5074625,0.6453923,256,1619712,1619967,1619761,0
1620223,426356743002541,5006875,0.58354475,256,1619968,1620223,1620090,0
1620479,426356743849208,5035042,0.6416423,256,1620224,1620479,1620262,0
1620735,426356744741333,5016792,0.63129476,256,1620480,1620735,1620723,0
1620991,426356745575750,5029291,0.62201745,256,1620736,1620991,1620885,0
1621247,426356746491791,4939334,0.64913662,256,1620992,1621247,1621021,0
1621503,426356747315583,5023500,0.64973736,256,1621248,1621503,1621379,0
1621759,426356748219625,4973875,0.61284035,256,1621504,1621759,1621740,0
1622015,426356749052291,4989000,0.59641035,256,1621760,1622015,1622001,0
1622271,426356749953250,4956916,0.64470687,256,1622016,1622271,1622057,0
1622527,426356750779541,5000542,0.63934525,256,1622272,1622527,1622519,0
1622783,426356751682500,4986291,0.68487594,256,1622528,1622783,1622573,0
1623039,426356752515875,5015750,0.60635518,256,1622784,1623039,1622827,0
1623295,426356753470208,4948667,0.63492915,256,1623040,1623295,1623095,0
1623551,426356754360416,4928584,0.64038003,256,1623296,1623551,1623424,0
1623807,426356755235625,4890625,0.60458498,256,1623552,1623807,1623626,0
1624063,426356756134500,4831291,0.61138184,256,1623808,1624063,1623938,0
1624319,426356757030583,4778750,0.57218914,256,1624064,1624319,1624261,0
1624575,426356757883041,4770875,0.62098797,256,1624320,1624575,1624466,0
1624831,426356758759958,4762167,0.62856775,256,1624576,1624831,1624618,0
1625087,426356759693500,4671458,0.59053032,256,1624832,1625087,1624870,0
1625343,426356760589000,6824083,0.64044553,256,1625088,1625343,1625223,0
1625599,426356761441500,5992416,0.62097953,256,1625344,1625599,1625488,0
1625855,426356762323416,5111625,0.61062979,256,1625600,1625855,1625660,0
1626111,426356763252708,4618500,0.60962017,256,1625856,1626111,1626008,0
1626367,426356764163083,4588917,0.61720247,256,1626112,1626367,1626347,0
1626623,426356767451291,2998709,0.64102501,256,1626368,1626623,1626538,0
1626879,426356767465958,4580625,0.6052075,256,1626624,1626879,1626627,0
1627135,426356767480541,6180792,0.59691529,256,1626880,1627135,1627134,0
1627391,426356767758541,7498792,0.6443855,256,1627136,1627391,1627259,0
1627647,426356768643458,8171500,0.65614144,256,1627392,1627647,1627559,0
1627903,426356769490125,8915875,0.57842803,256,1627648,1627903,1627773,0
1628159,426356770397250,9054416,0.6332931,256,1627904,1628159,1628081,0
1628415,426356771324375,8939666,0.58710934,256,1628160,1628415,1628196,0
1628671,426356772178416,8909417,0.60331849,256,1628416,1628671,1628493,0
1628927,426356773095208,8805625,0.61998326,256,1628672,1628927,1628701,0
1629183,426356773981333,8756708,0.65400459,256,1628928,1629183,1629035,0
1629439,426356774778125,8759708,0.5891788,256,1629184,1629439,1629268,0
1629695,426356775681375,8716208,0.6458288,256,1629440,1629695,1629599,0
1629951,426356776586500,8629666,0.59749237,256,1629696,1629951,1629752,0
1630207,426356777470041,8567334,0.597402,256,1629952,1630207,1630061,0
1630463,426356778315083,8551042,0.66563199,256,1630208,1630463,1630416,0
1630719,426356779195916,8488917,0.61983034,256,1630464,1630719,1630526,0
1630975,426356780103250,8391916,0.61303204,256,1630720,1630975,1630869,0
1631231,426356780986291,8322417,0.60281846,256,1630976,1631231,1631136,0
1631487,426356781843583,8282000,0.59442221,256,1631232,1631487,1631299,0
1631743,426356782713333,8209167,0.59648675,256,1631488,1631743,1631707,0
1631999,426356783615333,8094042,0.59384777,256,1631744,1631999,1631879,0
1632255,426356784504416,8095084,0.65585927,256,1632000,1632255,1632050,0
1632511,426356785395791,8039750,0.63750405,256,1632256,1632511,1632395,0
1632767,426356786314125,7954291,0.65071636,256,1632512,1632767,1632698,0
1633023,426356787121875,7939708,0.59603534,256,1632768,1633023,1632882,0
1633279,426356788003541,7877667,0.61297029,256,1633024,1633279,1633178,0
1633535,426356788868791,7824334,0.62639294,256,1633280,1633535,1633314,0
1633791,426356789729875,7764291,0.61854913,256,1633536,1633791,1633631,0
1634047,426356790579875,7733666,0.6080745,256,1633792,1634047,1633995,0
1634303,426356791398583,7748458,0.63534921,256,1634048,1634303,1634202,0
1634559,426356792265958,7718042,0.61000586,256,1634304,1634559,1634365,0
1634815,426356793141125,7649833,0.59199943,256,1634560,1634815,1634650,0
1635071,426356794001416,7604375,0.62598071,256,1634816,1635071,1634911,0
1635327,426356794918041,7494459,0.62042115,256,1635072,1635327,1635310,0
1635583,426356795811666,7403917,0.6007891,256,1635328,1635583,1635384,0
1635839,426356796722958,7271500,0.60044824,256,1635584,1635839,1635687,0
1636095,426356797572750,7292583,0.62258164,256,1635840,1636095,1636031,0
1636351,426356798471291,7216500,0.61672773,256,1636096,1636351,1636177,0
1636607,426356799348833,7161167,0.63793373,256,1636352,1636607,1636484,0
1636863,426356800261541,7093250,0.65676825,256,1636608,1636863,1636807,0
1637119,426356801092958,7050958,0.59189767,256,1636864,1637119,1637104,0
1637375,426356802001875,6991416,0.65469798,256,1637120,1637375,1637363,0
1637631,426356802890916,6916542,0.63176897,256,1637376,1637631,1637523,0
1637887,426356803757416,6863834,0.61766377,256,1637632,1637887,1637852,0
1638143,426356804640250,6787708,0.59563738,256,1637888,1638143,1637928,0
1638399,426356805595666,6618334,0.59642016,256,1638144,1638399,1638174,0
1638655,426356806498791,6538459,0.66309834,256,1638400,1638655,1638535,0
1638911,426356807413666,6439459,0.61057383,256,1638656,1638911,1638830,0
1639167,426356808317750,6336291,0.59880173,256,1638912,1639167,1638927,0
1639423,426356809215875,6238541,0.60759245,256,1639168,1639423,1639191,0
1639679,426356810115291,6149375,0.65781552,256,1639424,1639679,1639424,0
1639935,426356811003625,6061041,0.63380544,256,1639680,1639935,1639704,0
1640191,426356811901791,5970375,0.60113956,256,1639936,1640191,1640093,0
1640447,426356812743708,5939458,0.62129579,256,1640192,1640447,1640357,0
1640703,426356813616625,6115291,0.62064396,256,1640448,1640703,1640657,0
1640959,426356814486583,6062792,0.60302827,256,1640704,1640959,1640880,0
1641215,426356815368041,6044834,0.60785975,256,1640960,1641215,1641179,0
1641471,426356816204500,6023291,0.61596974,256,1641216,1641471,1641397,0
1641727,426356817114458,5942375,0.57658246,256,1641472,1641727,1641494,0
1641983,426356817963750,5916125,0.62374666,256,1641728,1641983,1641951,0
1642239,426356818876125,5825125,0.6010083,256,1641984,1642239,1642117,0
1642495,426356819732416,5801375,0.58368317,256,1642240,1642495,1642310,0
1642751,426356820624375,5698083,0.58232311,256,1642496,1642751,1642585,0
1643007,426356821477416,5719250,0.6099363,256,1642752,1643007,1642804,0
1643263,426356822319125,5686791,0.60607571,256,1643008,1643263,1643247,0
1643519,426356823278375,5582125,0.61528807,256,1643264,1643519,1643281,0
1643775,426356824152500,5539625,0.60940541,256,1643520,1643775,1643775,0
1644031,426356825005750,5502416,0.65134198,256,1643776,1644031,1643862,0
1644287,426356825926541,5411375,0.62799196,256,1644032,1644287,1644136,0
1644543,426356826803291,5353209,0.64382915,256,1644288,1644543,1644454,0
1644799,426356827690625,5304916,0.61922696,256,1644544,1644799,1644668,0
1645055,426356828583875,5239333,0.59839023,256,1644800,1645055,1645031,0
1645311,426356829433250,5202875,0.62816033,256,1645056,1645311,1645159,0
1645567,426356830264750,5178541,0.64913908,256,1645312,1645567,1645529,0
1645823,426356831202166,5060542,0.59932455,256,1645568,1645823,1645820,0
1646079,426356832155583,4926167,0.58963899,256,1645824,1646079,1645982,0
1646335,426356832966041,4948334,0.65642894,256,1646080,1646335,1646328,0
1646591,426356833828500,4924916,0.61479246,256,1646336,1646591,1646554,0
1646847,426356834733125,4836333,0.58687898,256,1646592,1646847,1646724,0
1647103,426356835565166,4816875,0.5812468,256,1646848,1647103,1647029,0
1647359,426356836494708,4704833,0.60889053,256,1647104,1647359,1647192,0
1647615,426356837356208,4698417,0.6789547,256,1647360,1647615,1647564,0
1647871,426356838215750,4649416,0.63423499,256,1647616,1647871,1647770,0
1648127,426356839020625,4660166,0.62730144,256,1647872,1648127,1647963,0
1648383,426356839878250,4618708,0.57473111,256,1648128,1648383,1648260,0
1648639,426356840769666,4557375,0.64256733,256,1648384,1648639,1648558,0
1648895,426356841662208,4494417,0.62837244,256,1648640,1648895,1648738,0
1649151,426356842581333,4416167,0.5982365,256,1648896,1649151,1648934,0
1649407,426356843417208,4400375,0.60359799,256,1649152,1649407,1649210,0
1649663,426356844315125,4315208,0.59659302,256,1649408,1649663,1649648,0
1649919,426356845198708,4246083,0.58975026,256,1649664,1649919,1649840,0
1650175,426356846149291,4108000,0.61424866,256,1649920,1650175,1650051,0
1650431,426356846982458,4071792,0.62930165,256,1650176,1650431,1650343,0
1650687,426356847853500,4019916,0.58270619,256,1650432,1650687,1650654,0
1650943,426356848700583,3961667,0.58112582,256,1650688,1650943,1650827,0
1651199,426356849603708,3867667,0.62488011,256,1650944,1651199,1650957,0
1651455,426356850440458,3846417,0.58236464,256,1651200,1651455,1651396,0
1651711,426356851301000,3785875,0.62010245,256,1651456,1651711,1651578,0
1651967,426356852234166,3664584,0.61091659,256,1651712,1651967,1651830,0
1652223,426356853137833,3546625,0.60658991,256,1651968,1652223,1652213,0
1652479,426356854050041,3418417,0.57312292,256,1652224,1652479,1652448,0
1652735,426356854922000,3362583,0.61519844,256,1652480,1652735,1652489,0
1652991,426356855808000,3274958,0.60823272,256,1652736,1652991,1652905,0
1653247,426356856670916,3204917,0.61129457,256,1652992,1653247,1653016,0
1653503,426356857577500,3085208,0.60562089,256,1653248,1653503,1653295,0
1653759,426356858475166,2974792,0.60377393,256,1653504,1653759,1653520,0
1654015,426356859340583,2936042,0.62713047,256,1653760,1654015,1653836,0
1654271,426356860266666,2830417,0.65692913,256,1654016,1654271,1654263,0
1654527,426356861097833,2778625,0.61805452,256,1654272,1654527,1654465,0
1654783,426356861937125,2723541,0.60662932,256,1654528,1654783,1654587,0
1655039,426356862894083,2549458,0.62261602,256,1654784,1655039,1654803,0
1655295,426356863780791,2448042,0.61549548,256,1655040,1655295,1655236,0
1655551,426356864637083,2399000,0.59535012,256,1655296,1655551,1655536,0
1655807,426356865540333,2298042,0.60383213,256,1655552,1655807,1655690,0
1656063,426356866450208,2161458,0.58227665,256,1655808,1656063,1656062,0
1656319,426356867321416,2066834,0.57086195,256,1656064,1656319,1656064,0
1656575,426356868223000,1957333,0.59378722,256,1656320,1656575,1656332,0
1656831,426356869087500,1894375,0.62129146,256,1656576,1656831,1656802,0
1657087,426356869968791,1806542,0.62494963,256,1656832,1657087,1656835,0
1657343,426356870824791,1741625,0.58792185,256,1657088,1657343,1657302,0
1657599,426356871718625,1650833,0.61263605,256,1657344,1657599,1657590,0
1657855,426356872585291,1603042,0.59954949,256,1657600,1657855,1657720,0
1658111,426356873470125,1502375,0.61526841,256,1657856,1658111,1657875,0
1658367,426356874355083,1423000,0.61289621,256,1658112,1658367,1658324,0
1658623,426356875272500,1366583,0.69292101,256,1658368,1658623,1658558,0
1658879,426356876128500,1327041,0.59693152,256,1658624,1658879,1658667,0
1659135,426356877016375,1260541,0.62245042,256,1658880,1659135,1659046,0
1659391,426356877910500,1146750,0.58982097,256,1659136,1659391,1659381,0
1659647,426356878813250,1048166,0.59891146,256,1659392,1659647,1659472,0
1659903,426356879756208,904667,0.59958757,256,1659648,1659903,1659897,0
1660159,426356880648166,795959,0.58000046,256,1659904,1660159,1660050,0
1660415,426356881578500,791416,0.60133077,256,1660160,1660415,1660289,0
1660671,426356882422333,882542,0.63295032,256,1660416,1660671,1660666,0
1660927,426356883347666,1728500,0.59501282,256,1660672,1660927,1660790,0
1661183,426356884203125,1861291,0.60153947,256,1660928,1661183,1661002,0
1661439,426356885113416,1777667,0.59158211,256,1661184,1661439,1661373,0
1661695,426356885990291,1750875,0.64671385,256,1661440,1661695,1661544,0
1661951,426356886876708,1710250,0.63386269,256,1661696,1661951,1661875,0
1662207,426356887815041,1593709,0.63145207,256,1661952,1662207,1662172,0
1662463,426356888689083,1564667,0.63753856,256,1662208,1662463,1662260,0
1662719,426356889579916,1505667,0.63687953,256,1662464,1662719,1662655,0
1662975,426356890458125,1452208,0.60181328,256,1662720,1662975,1662774,0
1663231,426356891365666,1416625,0.64143286,256,1662976,1663231,1662978,0
1663487,426356892256625,1398916,0.61257362,256,1663232,1663487,1663429,0
1663743,426356893154125,1192041,0.60967855,256,1663488,1663743,1663686,0
1663999,426356894064458,1107958,0.59341199,256,1663744,1663999,1663831,0
1664255,426356894874416,1161042,0.64639082,256,1664000,1664255,1664021,0
1664511,426356895727083,1116292,0.62883106,256,1664256,1664511,1664431,0
1664767,426356896599041,1053792,0.56860543,256,1664512,1664767,1664630,0
1665023,426356897503333,982500,0.60762078,256,1664768,1665023,1665012,0
1665279,426356898363916,949292,0.61130886,256,1665024,1665279,1665189,0
1665535,426356899251916,863459,0.5750652,256,1665280,1665535,1665347,0
1665791,426356900173041,1663209,0.58355571,256,1665536,1665791,1665754,0
1666047,426356901053375,2055041,0.61997599,256,1665792,1666047,1666045,0
1666303,426356901907750,1751500,0.60002854,256,1666048,1666303,1666212,0
1666559,426356902814125,1674750,0.63354144,256,1666304,1666559,1666553,0
1666815,426356903714625,1587541,0.61653147,256,1666560,1666815,1666699,0
1667071,426356904591250,1523083,0.56357814,256,1666816,1667071,1666908,0
1667327,426356905409166,1514084,0.60738056,256,1667072,1667327,1667316,0
1667583,426356906316958,1426000,0.61848223,256,1667328,1667583,1667567,0
1667839,426356907187583,1375333,0.5728344,256,1667584,1667839,1667799,0
1668095,426356908048541,1317250,0.61213227,256,1667840,1668095,1668026,0
1668351,426356908923125,1249375,0.59197516,256,1668096,1668351,1668185,0
1668607,426356909900625,1093250,0.59319544,256,1668352,1668607,1668469,0
1668863,426356910794125,1009791,0.59242797,256,1668608,1668863,1668764,0
1669119,426356911613166,1005042,0.59253761,256,1668864,1669119,1669107,0
1669375,426356912498041,987250,0.6337925,256,1669120,1669375,1669185,0
1669631,426356913347666,955875,0.60585419,256,1669376,1669631,1669377,0
1669887,426356914272833,831708,0.59063498,256,1669632,1669887,1669883,0
1670143,426356915150333,830417,0.61252297,256,1669888,1670143,1670042,0
1670399,426356916012458,1655167,0.63678324,256,1670144,1670399,1670318,0
1670655,426356916858750,1816208,0.61420734,256,1670400,1670655,1670414,0
1670911,426356917774750,2389541,0.60904724,256,1670656,1670911,1670774,0
1671167,426356918653541,3074375,0.60613878,256,1670912,1671167,1671059,0
1671423,426356919505666,3795042,0.60333579,256,1671168,1671423,1671168,0
1671679,426356920417500,4483041,0.61424834,256,1671424,1671679,1671517,0
1671935,426356921333791,4965375,0.59625723,256,1671680,1671935,1671789,0
1672191,426356922212708,4881917,0.61436095,256,1671936,1672191,1672096,0
1672447,426356923092750,4857625,0.63025999,256,1672192,1672447,1672376,0
1672703,426356923996083,4783000,0.66362755,256,1672448,1672703,1672543,0
1672959,426356924878625,4747958,0.62217051,256,1672704,1672959,1672917,0
1673215,426356925740958,4722292,0.61708042,256,1672960,1673215,1673174,0
1673471,426356926625166,4682459,0.64805175,256,1673216,1673471,1673382,0
1673727,426356927547500,4585000,0.60259417,256,1673472,1673727,1673615,0
1673983,426356928476625,4470791,0.62971467,256,1673728,1673983,1673773,0
1674239,426356929377875,4422875,0.61590293,256,1673984,1674239,1674003,0
1674495,426356930254625,4329083,0.62529003,256,1674240,1674495,1674439,0
1674751,426356931114250,4304166,0.62864922,256,1674496,1674751,1674749,0
1675007,426356932030500,4190375,0.59333768,256,1674752,1675007,1674937,0
1675263,426356932887708,4159583,0.62037311,256,1675008,1675263,1675030,0
1675519,426356933731500,4126958,0.61166759,256,1675264,1675519,1675516,0
1675775,426356934623583,4092792,0.63898438,256,1675520,1675775,1675524,0
1676031,426356935516125,4013083,0.60579449,256,1675776,1676031,1675865,0
1676287,426356936382625,3944750,0.59432828,256,1676032,1676287,1676156,0
1676543,426356937239125,3891208,0.57141594,256,1676288,1676543,1676495,0
1676799,426356938112708,3834667,0.58731305,256,1676544,1676799,1676756,0
1677055,426356938982041,3803375,0.63939749,256,1676800,1677055,1677044,0
1677311,426356939877458,3728375,0.62799182,256,1677056,1677311,1677062,0
1677567,426356940810875,3609791,0.63027226,256,1677312,1677567,1677374,0
1677823,426356941682750,3551666,0.58755874,256,1677568,1677823,1677610,0
1678079,426356942558041,3503792,0.62146377,256,1677824,1678079,1677982,0
1678335,426356943453916,3433542,0.60246461,256,1678080,1678335,1678132,0
1678591,426356944347416,3342334,0.59872554,256,1678336,1678591,1678429,0
1678847,426356945183833,3326333,0.59446178,256,1678592,1678847,1678809,0
1679103,426356946094791,3232917,0.61647809,256,1678848,1679103,1679082,0
1679359,426356946950083,3223083,0.61940373,256,1679104,1679359,1679121,0
1679615,426356947841166,3143834,0.64121584,256,1679360,1679615,1679528,0
1679871,426356948810833,3017958,0.60850876,256,1679616,1679871,1679793,0
1680127,426356949644208,3001167,0.59243858,256,1679872,1680127,1680049,0
1680383,426356950576791,2886917,0.63755647,256,1680128,1680383,1680220,0
1680639,426356951489041,2806750,0.61990284,256,1680384,1680639,1680394,0
1680895,426356952357708,2772917,0.6298314,256,1680640,1680895,1680816,0
1681151,426356953292750,2652375,0.5681895,256,1680896,1681151,1681068,0
1681407,426356954179833,2571958,0.58800449,256,1681152,1681407,1681254,0
1681663,426356955070416,2483750,0.58821582,256,1681408,1681663,1681558,0
1681919,426356955923625,2467375,0.61040398,256,1681664,1681919,1681805,0
1682175,426356956727916,2480459,0.6066355,256,1681920,1682175,1682016,0
1682431,426356957637083,2380042,0.57977163,256,1682176,1682431,1682353,0
1682687,426356958538833,2327542,0.65932005,256,1682432,1682687,1682599,0
1682943,426356959415875,2252833,0.594451,256,1682688,1682943,1682812,0
1683199,426356960302041,2219125,0.60274246,256,1682944,1683199,1683133,0
1683455,426356961171791,2168500,0.59988771,256,1683200,1683455,1683364,0
1683711,426356962065458,2141625,0.6686183,256,1683456,1683711,1683692,0
1683967,426356963007500,2028708,0.60820329,256,1683712,1683967,1683720,0
1684223,426356963886750,1966208,0.61662286,256,1683968,1684223,1684199,0
1684479,426356964777958,1935333,0.64193169,256,1684224,1684479,1684347,0
1684735,426356965671791,1865459,0.58499298,256,1684480,1684735,1684588,0
1684991,426356966539750,1808833,0.58960647,256,1684736,1684991,1684954,0
1685247,426356967376291,1788709,0.6016676,256,1684992,1685247,1685064,0
1685503,426356968288500,1738541,0.61858467,256,1685248,1685503,1685336,0
1685759,426356969195625,1672500,0.59487259,256,1685504,1685759,1685695,0
1686015,426356970080375,1624625,0.57453155,256,1685760,1686015,1685774,0
1686271,426356970977000,1535916,0.58325845,256,1686016,1686271,1686087,0
1686527,426356971833416,1515250,0.59289488,256,1686272,1686527,1686448,0
1686783,426356972779250,1383916,0.62981849,256,1686528,1686783,1686568,0
1687039,426356973657666,1347875,0.61250639,256,1686784,1687039,1686967,0
1687295,426356974561500,1323416,0.65859587,256,1687040,1687295,1687048,0
1687551,426356975418250,1310125,0.60433851,256,1687296,1687551,1687327,0
1687807,426356976269291,1287834,0.58603592,256,1687552,1687807,1687736,0
1688063,426356977145500,1256083,0.58117719,256,1687808,1688063,1688034,0
1688319,426356978037041,1190167,0.6051523,256,1688064,1688319,1688138,0
1688575,426356978856375,1249458,0.60298794,256,1688320,1688575,1688341,0
1688831,426356979772166,1127000,0.59933504,256,1688576,1688831,1688796,0
1689087,426356980627583,1095375,0.64303692,256,1688832,1689087,1689078,0
1689343,426356981528250,1038791,0.62150001,256,1689088,1689343,1689100,0
1689599,426356982507750,889458,0.58952888,256,1689344,1689599,1689516,0
1689855,426356983309541,934375,0.61402743,256,1689600,1689855,1689611,0
1690111,426356984229083,881708,0.61915101,256,1689856,1690111,1689963,0
1690367,426356985065791,868750,0.61467062,256,1690112,1690367,1690317,0
1690623,426356985939500,843625,0.59832341,256,1690368,1690623,1690499,0
1690879,426356986821250,1732541,0.5910827,256,1690624,1690879,1690815,0
1691135,426356987692000,1846875,0.60441898,256,1690880,1691135,1690906,0
1691391,426356988615250,1761375,0.61028263,256,1691136,1691391,1691281,0
1691647,426356989474458,1768000,0.66421782,256,1691392,1691647,1691410,0
1691903,426356990326458,1754458,0.64918656,256,1691648,1691903,1691800,0
1692159,426356991246375,1656000,0.62763628,256,1691904,1692159,1691924,0
1692415,426356992156750,1567416,0.59030164,256,1692160,1692415,1692263,0
1692671,426356993027416,1595000,0.65669599,256,1692416,1692671,1692546,0
1692927,426356993913500,1537208,0.59736265,256,1692672,1692927,1692835,0
1693183,426356994791166,1488500,0.62120374,256,1692928,1693183,1693029,0
1693439,426356995712583,1396125,0.60772612,256,1693184,1693439,1693425,0
1693695,426356996630250,1319708,0.60193256,256,1693440,1693695,1693481,0
1693951,426356997556000,1219625,0.61228407,256,1693696,1693951,1693891,0
1694207,426356998456625,1157625,0.62012724,256,1693952,1694207,1693966,0
1694463,426356999321291,1143667,0.62712254,256,1694208,1694463,1694281,0
1694719,426357000220458,1075333,0.59939127,256,1694464,1694719,1694578,0
1694975,426357001101083,1025500,0.62206653,256,1694720,1694975,1694923,0
1695231,426357002008625,966583,0.62019624,256,1694976,1695231,1695197,0
1695487,426357002960208,853208,0.62414991,256,1695232,1695487,1695367,0
1695743,426357003849583,861292,0.62464416,256,1695488,1695743,1695509,0
1695999,426357004675541,846875,0.59181943,256,1695744,1695999,1695962,0
1696255,426357005511416,827167,0.63017868,256,1696000,1696255,1696085,0
1696511,426357006417500,821541,0.61242889,256,1696256,1696511,1696400,0
1696767,426357007328750,833166,0.59227937,256,1696512,1696767,1696660,0
1697023,426357008241083,849542,0.59442219,256,1696768,1697023,1696912,0
1697279,426357009168250,848416,0.63925784,256,1697024,1697279,1697231,0
1697535,426357010126166,1641750,0.61598194,256,1697280,1697535,1697317,0
1697791,426357011040375,1714083,0.60010546,256,1697536,1697791,1697762,0
1698047,426357011915000,1650458,0.61103145,256,1697792,1698047,1697792,0
1698303,426357012820083,1559208,0.61090879,256,1698048,1698303,1698079,0
1698559,426357013718500,1469291,0.61692627,256,1698304,1698559,1698449,0
1698815,426357014626125,1369333,0.59929395,256,1698560,1698815,1698638,0
1699071,426357015454291,1364417,0.64087453,256,1698816,1699071,1698872,0
1699327,426357016283833,1322667,0.6315689,256,1699072,1699327,1699100,0
1699583,426357017172208,1245167,0.63829549,256,1699328,1699583,1699582,0
1699839,426357018043000,1203333,0.62853484,256,1699584,1699839,1699785,0
1700095,426357018903708,1189208,0.60755528,256,1699840,1700095,1699992,0
1700351,426357019819250,1102125,0.60530327,256,1700096,1700351,1700165,0
1700607,426357020678166,1065250,0.62263458,256,1700352,1700607,1700529,0
1700863,426357021597875,987208,0.60779822,256,1700608,1700863,1700800,0
1701119,426357022526666,872167,0.60230919,256,1700864,1701119,1700956,0
1701375,426357023423458,819875,0.59317879,256,1701120,1701375,1701154,0
1701631,426357024366500,1334958,0.63330478,256,1701376,1701631,1701378,0
1701887,426357025182666,1349292,0.64410942,256,1701632,1701887,1701775,0
1702143,426357026094333,1283417,0.59992807,256,1701888,1702143,1702083,0
1702399,426357026953541,1229709,0.6023155,256,1702144,1702399,1702198,0
1702655,426357027861083,1173167,0.6397648,256,1702400,1702655,1702632,0
1702911,426357028727416,1141459,0.63364895,256,1702656,1702911,1702719,0
1703167,426357029621583,1066167,0.60877202,256,1702912,1703167,1702968,0
1703423,426357030510333,1016500,0.62750057,256,1703168,1703423,1703340,0
1703679,426357031417750,961500,0.63772835,256,1703424,1703679,1703564,0
1703935,426357032358416,870625,0.61225154,256,1703680,1703935,1703693,0
1704191,426357033310541,859792,0.64164905,256,1703936,1704191,1703983,0
1704447,426357034206916,844584,0.64319282,256,1704192,1704447,1704236,0
1704703,426357035026125,860750,0.62274917,256,1704448,1704703,1704562,0
1704959,426357035870875,869916,0.63732299,256,1704704,1704959,1704909,0
1705215,426357036703708,851833,0.574203,256,1704960,1705215,1705132,0
1705471,426357037572833,850167,0.64122953,256,1705216,1705471,1705392,0
1705727,426357038480333,1729125,0.64987984,256,1705472,1705727,1705685,0
1705983,426357039375500,1839125,0.60605493,256,1705728,1705983,1705837,0
1706239,426357040257125,1832875,0.60210979,256,1705984,1706239,1706218,0
1706495,426357041183583,1755333,0.65296432,256,1706240,1706495,1706301,0
1706751,426357042087375,1704416,0.64018076,256,1706496,1706751,1706720,0
1707007,426357043001500,1636583,0.62623433,256,1706752,1707007,1706952,0
1707263,426357043918083,1568000,0.63829761,256,1707008,1707263,1707086,0
1707519,426357044792125,1550666,0.61976185,256,1707264,1707519,1707469,0
1707775,426357045693583,1501167,0.58714956,256,1707520,1707775,1707579,0
1708031,426357046657791,1426917,0.64076093,256,1707776,1708031,1707886,0
1708287,426357047549375,1389916,0.61442276,256,1708032,1708287,1708215,0
1708543,426357048454833,1360750,0.64467236,256,1708288,1708543,1708411,0
1708799,426357049316541,1384625,0.62364927,256,1708544,1708799,1708705,0
1709055,426357050190500,1387458,0.6551776,256,1708800,1709055,1709033,0
1709311,426357051085583,1386083,0.67610459,256,1709056,1709311,1709061,0
1709567,426357051981916,1376750,0.64185669,256,1709312,1709567,1709531,0
1709823,426357052809000,1402125,0.59322286,256,1709568,1709823,1709671,0
1710079,426357053713958,1351250,0.60819544,256,1709824,1710079,1709835,0
1710335,426357054620458,1317583,0.60853292,256,1710080,1710335,1710172,0
1710591,426357055532750,1295416,0.62492758,256,1710336,1710591,1710455,0
1710847,426357056356958,1352542,0.67894507,256,1710592,1710847,1710670,0
1711103,426357057244958,1327417,0.60293968,256,1710848,1711103,1710874,0
1711359,426357058114958,1342333,0.64961557,256,1711104,1711359,1711141,0
1711615,426357059047666,1279292,0.65605684,256,1711360,1711615,1711445,0
1711871,426357059930125,1277333,0.63862436,256,1711616,1711871,1711769,0
1712127,426357060780916,1325917,0.64265163,256,1711872,1712127,1712100,0
1712383,426357061601541,1411709,0.64809905,256,1712128,1712383,1712177,0
1712639,426357062493791,1383334,0.61548058,256,1712384,1712639,1712614,0
1712895,426357063348250,1398416,0.59944774,256,1712640,1712895,1712746,0
1713151,426357064229375,1394958,0.64472019,256,1712896,1713151,1713083,0
1713407,426357065165041,1339584,0.6103563,256,1713152,1713407,1713170,0
1713663,426357066032500,1367583,0.6762325,256,1713408,1713663,1713542,0
1713919,426357066908166,1341625,0.59521602,256,1713664,1713919,1713768,0
1714175,426357067795833,1319542,0.63039284,256,1713920,1714175,1713973,0
1714431,426357068656208,1315458,0.65093792,256,1714176,1714431,1714183,0
1714687,426357069510791,1325334,0.61951663,256,1714432,1714687,1714506,0
1714943,426357070393625,1302750,0.60176922,256,1714688,1714943,1714706,0
1715199,426357071251041,1286042,0.62346011,256,1714944,1715199,1715153,0
1715455,426357072195166,1187709,0.62318861,256,1715200,1715455,1715354,0
1715711,426357072987208,1300583,0.60593528,256,1715456,1715711,1715509,0
1715967,426357073849833,1306500,0.60674639,256,1715712,1715967,1715743,0
1716223,426357074717416,1291292,0.61005339,256,1715968,1716223,1716139,0
1716479,426357075633375,1223541,0.62176583,256,1716224,1716479,1716319,0
1716735,426357076548833,1209500,0.67761214,256,1716480,1716735,1716606,0
1716991,426357077418125,1181875,0.63351258,256,1716736,1716991,1716970,0
1717247,426357078357708,1100500,0.5999705,256,1716992,1717247,1717040,0
1717503,426357079254458,1082417,0.6318691,256,1717248,1717503,1717349,0
1717759,426357080171208,1035542,0.60372303,256,1717504,1717759,1717572,0
1718015,426357081040916,1010625,0.58486997,256,1717760,1718015,1717928,0
1718271,426357081878625,1017000,0.59024759,256,1718016,1718271,1718099,0
1718527,426357082774791,982959,0.6188372,256,1718272,1718527,1718420,0
1718783,426357083644000,978625,0.68728591,256,1718528,1718783,1718577,0
1719039,426357084554416,919167,0.61264445,256,1718784,1719039,1718860,0
1719295,426357085385875,940916,0.61710258,256,1719040,1719295,1719209,0
1719551,426357086310875,854000,0.60008443,256,1719296,1719551,1719360,0
1719807,426357087191375,1727125,0.6453923,256,1719552,1719807,1719761,0
1720063,426357088122250,1821666,0.63490297,256,1719808,1720063,1719931,0
1720319,426357089024375,1814125,0.6416423,256,1720064,1720319,1720262,0
1720575,426357089902333,1770125,0.60697028,256,1720320,1720575,1720435,0
1720831,426357090752000,1808208,0.63129476,256,1720576,1720831,1720723,0
1721087,426357091612375,1784250,0.64913662,256,1720832,1721087,1721021,0
1721343,426357092502416,1729709,0.60271673,256,1721088,1721343,1721302,0
1721599,426357093388791,1740375,0.64973736,256,1721344,1721599,1721379,0
1721855,426357094227041,1736459,0.61284035,256,1721600,1721855,1721740,0
1722111,426357095092291,1732084,0.64470687,256,1721856,1722111,1722057,0
1722367,426357095974500,1704708,0.59847605,256,1722112,1722367,1722228,0
1722623,426357096821250,1749208,0.68487594,256,1722368,1722623,1722573,0
1722879,426357097671125,1771541,0.65457102,256,1722624,1722879,1722634,0
1723135,426357098581666,1755625,0.63492915,256,1722880,1723135,1723095,0
1723391,426357099511583,1670125,0.60867924,256,1723136,1723391,1723370,0
1723647,426357100384916,1666834,0.64038003,256,1723392,1723647,1723424,0
1723903,426357101269500,1620291,0.59896902,256,1723648,1723903,1723733,0
1724159,426357102142875,1580208,0.61138184,256,1723904,1724159,1723938,0
1724415,426357103020458,1542667,0.59470801,256,1724160,1724415,1724345,0
1724671,426357103901750,1514625,0.62856775,256,1724416,1724671,1724618,0
1724927,426357104791041,1491167,0.61344227,256,1724672,1724927,1724746,0
1725183,426357105723916,1423917,0.6257972,256,1724928,1725183,1725107,0
1725439,426357106600208,1410917,0.64044553,256,1725184,1725439,1725223,0
1725695,426357107488375,1407625,0.62097953,256,1725440,1725695,1725488,0
1725951,426357108367958,1383250,0.60027526,256,1725696,1725951,1725892,0
1726207,426357109295791,1309292,0.60962017,256,1725952,1726207,1726008,0
1726463,426357110163875,1333125,0.61720247,256,1726208,1726463,1726347,0
1726719,426357111092625,1257375,0.64102501,256,1726464,1726719,1726538,0
1726975,426357111967333,1227375,0.58298577,256,1726720,1726975,1726939,0
1727231,426357112909666,1122334,0.59691529,256,1726976,1727231,1727134,0
1727487,426357113780000,1121708,0.6443855,256,1727232,1727487,1727259,0
1727743,426357114646583,1113042,0.65614144,256,1727488,1727743,1727559,0
1727999,426357115514125,1116708,0.61236989,256,1727744,1727999,1727933,0
1728255,426357116429166,1037834,0.6332931,256,1728000,1728255,1728081,0
1728511,426357117377000,937041,0.60331849,256,1728256,1728511,1728493,0
1728767,426357118212833,951292,0.61998326,256,1728512,1728767,1728701,0
1729023,426357119134166,863250,0.61927423,256,1728768,1729023,1729022,0
1729279,426357119954166,887042,0.65400459,256,1729024,1729279,1729035,0
1729535,426357120828333,857958,0.59429185,256,1729280,1729535,1729521,0
1729791,426357121714708,889750,0.6458288,256,1729536,1729791,1729599,0
1730047,426357122626041,853917,0.57496355,256,1729792,1730047,1729961,0
1730303,426357123500583,861000,0.61188899,256,1730048,1730303,1730235,0
1730559,426357124345875,855083,0.66563199,256,1730304,1730559,1730416,0
1730815,426357125257250,837166,0.61237411,256,1730560,1730815,1730771,0
1731071,426357126125291,839875,0.61303204,256,1730816,1731071,1730869,0
1731327,426357127040166,880709,0.60281846,256,1731072,1731327,1731136,0
1731583,426357127857125,890208,0.58536498,256,1731328,1731583,1731373,0
1731839,426357128776625,1722250,0.59648675,256,1731584,1731839,1731707,0
1732095,426357129673166,1822959,0.65585927,256,1731840,1732095,1732050,0
1732351,426357130509541,1825875,0.63461657,256,1732096,1732351,1732128,0
1732607,426357131402875,1732125,0.63750405,256,1732352,1732607,1732395,0
1732863,426357132293750,1678375,0.65071636,256,1732608,1732863,1732698,0
1733119,426357133145291,1627250,0.59603534,256,1732864,1733119,1732882,0
1733375,426357134027666,1560625,0.62639294,256,1733120,1733375,1733314,0
1733631,426357134916250,1494583,0.61854913,256,1733376,1733631,1733631,0
1733887,426357135745791,1466500,0.59182307,256,1733632,1733887,1733733,0
1734143,426357136562375,1464583,0.6080745,256,1733888,1734143,1733995,0
1734399,426357137424083,1441000,0.63534921,256,1734144,1734399,1734202,0
1734655,426357138286125,1408958,0.59496119,256,1734400,1734655,1734459,0
1734911,426357139155208,1347458,0.62598071,256,1734656,1734911,1734911,0
1735167,426357140024916,1297834,0.60876253,256,1734912,1735167,1735063,0
1735423,426357140955416,1242750,0.62042115,256,1735168,1735423,1735310,0
1735679,426357141878958,1044667,0.58537973,256,1735424,1735679,1735521,0
1735935,426357142721333,1031500,0.60120333,256,1735680,1735935,1735916,0
1736191,426357143595041,1009375,0.62258164,256,1735936,1736191,1736031,0
1736447,426357144496875,921041,0.61138218,256,1736192,1736447,1736198,0
1736703,426357145383916,884417,0.63793373,256,1736448,1736703,1736484,0
1736959,426357146270875,814166,0.65676825,256,1736704,1736959,1736807,0
1737215,426357147130583,1674292,0.65068601,256,1736960,1737215,1737136,0
1737471,426357148029166,1780084,0.65469798,256,1737216,1737471,1737363,0
1737727,426357148926208,1696792,0.63176897,256,1737472,1737727,1737523,0
1737983,426357149804375,1624208,0.61766377,256,1737728,1737983,1737852,0
1738239,426357150705291,1527250,0.59642016,256,1737984,1738239,1738174,0
1738495,426357151647041,1379042,0.59249444,256,1738240,1738495,1738446,0
1738751,426357152554250,1294833,0.66309834,256,1738496,1738751,1738535,0
1739007,426357153475041,1185667,0.61057383,256,1738752,1739007,1738830,0
1739263,426357154351416,1106417,0.60759245,256,1739008,1739263,1739191,0
1739519,426357155233083,1041833,0.65781552,256,1739264,1739519,1739424,0
1739775,426357156149083,923375,0.63992472,256,1739520,1739775,1739588,0
1740031,426357157057875,823208,0.59752637,256,1739776,1740031,1739856,0
1740287,426357157901500,858875,0.60113956,256,1740032,1740287,1740093,0
1740543,426357158761291,1597834,0.62129579,256,1740288,1740543,1740357,0
1740799,426357159641833,1773542,0.62064396,256,1740544,1740799,1740657,0
1741055,426357160510458,1724375,0.60302827,256,1740800,1741055,1740880,0
1741311,426357161390125,1706833,0.60785975,256,1741056,1741311,1741179,0
1741567,426357162214375,1700791,0.61596974,256,1741312,1741567,1741397,0
1741823,426357163149083,1601917,0.56519687,256,1741568,1741823,1741775,0
1742079,426357163978708,1601708,0.62374666,256,1741824,1742079,1741951,0
1742335,426357164908541,1507417,0.6010083,256,1742080,1742335,1742117,0
1742591,426357165774416,1446125,0.58232311,256,1742336,1742591,1742585,0
1742847,426357166658500,1397833,0.6099363,256,1742592,1742847,1742804,0
1743103,426357167490833,1382167,0.60861314,256,1742848,1743103,1742938,0
1743359,426357168385416,1356250,0.61528807,256,1743104,1743359,1743281,0
1743615,426357169303458,1281958,0.60228561,256,1743360,1743615,1743523,0
1743871,426357170168125,1245291,0.65134198,256,1743616,1743871,1743862,0
1744127,426357171047333,1169792,0.59085038,256,1743872,1744127,1744101,0
1744383,426357171924666,1114167,0.62799196,256,1744128,1744383,1744136,0
1744639,426357172810291,1074500,0.64382915,256,1744384,1744639,1744454,0
1744895,426357173732833,968083,0.61922696,256,1744640,1744895,1744668,0
1745151,426357174593541,941834,0.59839023,256,1744896,1745151,1745031,0
1745407,426357175434708,899375,0.62816033,256,1745152,1745407,1745159,0
1745663,426357176301000,846291,0.64913908,256,1745408,1745663,1745529,0
1745919,426357177240416,1648167,0.59932455,256,1745664,1745919,1745820,0
1746175,426357178202083,1700042,0.60932984,256,1745920,1746175,1746129,0
1746431,426357179022291,1692625,0.65642894,256,1746176,1746431,1746328,0
1746687,426357179874125,1655333,0.61479246,256,1746432,1746687,1746554,0
1746943,426357180759208,1555042,0.58687898,256,1746688,1746943,1746724,0
1747199,426357181613208,1493833,0.60889053,256,1746944,1747199,1747192,0
1747455,426357182495500,1409875,0.60937281,256,1747200,1747455,1747410,0
1747711,426357183387083,1343417,0.6789547,256,1747456,1747711,1747564,0
1747967,426357184210166,1312167,0.63423499,256,1747712,1747967,1747770,0
1748223,426357185010791,1319417,0.60328595,256,1747968,1748223,1748068,0
1748479,426357185896333,1205000,0.57515766,256,1748224,1748479,1748396,0
1748735,426357186820000,1098416,0.64256733,256,1748480,1748735,1748558,0
1748991,426357187744250,998958,0.62837244,256,1748736,1748991,1748738,0
1749247,426357188605625,958208,0.60359799,256,1748992,1749247,1749210,0
1749503,426357189455125,910291,0.58793211,256,1749248,1749503,1749267,0
1749759,426357190342541,790375,0.59659302,256,1749504,1749759,1749648,0
1750015,426357191261791,861542,0.5994441,256,1749760,1750015,1749925,0
1750271,426357192183708,800333,0.61424866,256,1750016,1750271,1750051,0
1750527,426357193001458,851458,0.62930165,256,1750272,1750527,1750343,0
1750783,426357193870708,838833,0.58270619,256,1750528,1750783,1750654,0
1751039,426357194692000,861916,0.62488011,256,1750784,1751039,1750957,0
1751295,426357195609416,833292,0.59512176,256,1751040,1751295,1751101,0
1751551,426357196479291,841500,0.60048011,256,1751296,1751551,1751516,0
1751807,426357197352916,1639084,0.62010245,256,1751552,1751807,1751578,0
1752063,426357198265916,1729167,0.61091659,256,1751808,1752063,1751830,0
1752319,426357199161833,1646625,0.60658991,256,1752064,1752319,1752213,0
1752575,426357200099041,1544250,0.61519844,256,1752320,1752575,1752489,0
1752831,426357200932750,1527250,0.59425728,256,1752576,1752831,1752738,0
1753087,426357201831208,1448292,0.61129457,256,1752832,1753087,1753016,0
1753343,426357202705708,1391792,0.60562089,256,1753088,1753343,1753295,0
1753599,426357203607791,1301709,0.60377393,256,1753344,1753599,1753520,0
1753855,426357204481000,1257541,0.62713047,256,1753600,1753855,1753836,0
1754111,426357205366791,1219834,0.6093607,256,1753856,1754111,1753945,0
1754367,426357206302083,1104125,0.65692913,256,1754112,1754367,1754263,0
1754623,426357207093875,1123125,0.61805452,256,1754368,1754623,1754465,0
1754879,426357208013041,993375,0.62261602,256,1754624,1754879,1754803,0
1755135,426357208916833,909667,0.58066394,256,1754880,1755135,1755121,0
1755391,426357209802791,843584,0.61549548,256,1755136,1755391,1755236,0
1755647,426357210652541,826709,0.59535012,256,1755392,1755647,1755536,0
1755903,426357211579541,1582959,0.60383213,256,1755648,1755903,1755690,0
1756159,426357212513416,1659000,0.58227665,256,1755904,1756159,1756062,0
1756415,426357213346041,1609250,0.59378722,256,1756160,1756415,1756332,0
1756671,426357214258375,1488291,0.61128015,256,1756416,1756671,1756591,0
1756927,426357215112833,1448125,0.62494963,256,1756672,1756927,1756835,0
1757183,426357216007541,1329917,0.59723363,256,1756928,1757183,1757044,0
1757439,426357216867541,1289250,0.58792185,256,1757184,1757439,1757302,0
1757695,426357217717541,1242250,0.61263605,256,1757440,1757695,1757590,0
1757951,426357218615291,1166709,0.61526841,256,1757696,1757951,1757875,0
1758207,426357219499166,1050792,0.57578576,256,1757952,1758207,1757981,0
1758463,426357220383166,1019542,0.61289621,256,1758208,1758463,1758324,0
1758719,426357221272958,973667,0.69292101,256,1758464,1758719,1758558,0
1758975,426357222193291,858417,0.59034389,256,1758720,1758975,1758883,0
1759231,426357223022708,849583,0.62245042,256,1758976,1759231,1759046,0
1759487,426357223920375,1634791,0.59891146,256,1759232,1759487,1759472,0
1759743,426357224857500,1712166,0.57563206,256,1759488,1759743,1759582,0
1759999,426357225788291,1611334,0.59958757,256,1759744,1759999,1759897,0
1760255,426357226700791,1495542,0.58000046,256,1760000,1760255,1760050,0
1760511,426357227598166,1417500,0.60133077,256,1760256,1760511,1760289,0
1760767,426357228472041,1413500,0.63295032,256,1760512,1760767,1760666,0
1761023,426357229379125,1323500,0.60153947,256,1760768,1761023,1761002,0
1761279,426357230273708,1269000,0.59920349,256,1761024,1761279,1761040,0
1761535,426357231136166,1221625,0.61675831,256,1761280,1761535,1761523,0
1761791,426357232020708,1192708,0.64671385,256,1761536,1761791,1761544,0
1762047,426357232939708,1139042,0.63386269,256,1761792,1762047,1761875,0
1762303,426357233805583,1110000,0.63753856,256,1762048,1762303,1762260,0
1762559,426357234726750,1008958,0.59024547,256,1762304,1762559,1762375,0
1762815,426357235645208,945083,0.63687953,256,1762560,1762815,1762655,0
1763071,426357236495791,911750,0.64143286,256,1762816,1763071,1762978,0
1763327,426357237381541,835875,0.57790313,256,1763072,1763327,1763300,0
1763583,426357238322125,829791,0.61257362,256,1763328,1763583,1763429,0
1763839,426357239200833,1702625,0.60967855,256,1763584,1763839,1763686,0
1764095,426357240045083,1827708,0.64639082,256,1763840,1764095,1764021,0
1764351,426357240928416,1786042,0.62097451,256,1764096,1764351,1764121,0
1764607,426357241738833,1787000,0.62883106,256,1764352,1764607,1764431,0
1764863,426357242623541,1716084,0.56860543,256,1764608,1764863,1764630,0
1765119,426357243534750,1630000,0.60762078,256,1764864,1765119,1765012,0
1765375,426357244413750,1567416,0.61130886,256,1765120,1765375,1765189,0
1765631,426357245289708,1511167,0.57097002,256,1765376,1765631,1765478,0
1765887,426357246213916,1399709,0.58355571,256,1765632,1765887,1765754,0
1766143,426357247071208,1360958,0.61997599,256,1765888,1766143,1766045,0
1766399,426357247927500,1322958,0.60002854,256,1766144,1766399,1766212,0
1766655,426357248828250,1248125,0.63354144,256,1766400,1766655,1766553,0
1766911,426357249756500,1128166,0.61653147,256,1766656,1766911,1766699,0
1767167,426357250583333,1110458,0.5885259,256,1766912,1767167,1767159,0
1767423,426357251471708,1045250,0.60738056,256,1767168,1767423,1767316,0
1767679,426357252298541,1032375,0.61848223,256,1767424,1767679,1767567,0
1767935,426357253182750,966833,0.5728344,256,1767680,1767935,1767799,0
1768191,426357254062291,905667,0.61213227,256,1767936,1768191,1768026,0
1768447,426357254993750,825750,0.58448847,256,1768192,1768447,1768213,0
1768703,426357255916541,848750,0.59319544,256,1768448,1768703,1768469,0
1768959,426357256832833,836667,0.59242797,256,1768704,1768959,1768764,0
1769215,426357257638000,878500,0.6337925,256,1768960,1769215,1769185,0
1769471,426357258506375,846125,0.62627704,256,1769216,1769471,1769375,0
1769727,426357259416541,811042,0.57674917,256,1769472,1769727,1769699,0
1769983,426357260288500,804500,0.59063498,256,1769728,1769983,1769883,0
1770239,426357261197458,845042,0.61252297,256,1769984,1770239,1770042,0
1770495,426357262022583,823667,0.63678324,256,1770240,1770495,1770318,0
1770751,426357262897583,1689542,0.59948209,256,1770496,1770751,1770710,0
1771007,426357263805208,1744583,0.60904724,256,1770752,1771007,1770774,0
1771263,426357264656875,1682458,0.60613878,256,1771008,1771263,1771059,0
1771519,426357265544791,3377042,0.61424834,256,1771264,1771519,1771517,0
1771775,426357266634291,6459542,0.6132524,256,1771520,1771775,1771536,0
1772031,426357267349458,5748292,0.60373505,256,1771776,1772031,1772002,0
1772287,426357269195041,3903875,0.61460563,256,1772032,1772287,1772272,0
1772543,426357269212750,3887166,0.66362755,256,1772288,1772543,1772543,0
1772799,426357273033041,924750,0.65393908,256,1772544,1772799,1772558,0
1773055,426357273047666,1756084,0.62217051,256,1772800,1773055,1772917,0
1773311,426357273062125,2557916,0.61708042,256,1773056,1773311,1773174,0
1773567,426357273076791,3349625,0.64805175,256,1773312,1773567,1773382,0
1773823,426357273585041,3639875,0.62971467,256,1773568,1773823,1773773,0
1774079,426357274513208,3523042,0.6198063,256,1773824,1774079,1773982,0
1774335,426357275418291,3391167,0.58066036,256,1774080,1774335,1774261,0
1774591,426357276299541,3327000,0.62529003,256,1774336,1774591,1774439,0
1774847,426357277172083,3254792,0.62864922,256,1774592,1774847,1774749,0
1775103,426357278054958,3176125,0.62037311,256,1774848,1775103,1775030,0
1775359,426357278884041,3114167,0.60885206,256,1775104,1775359,1775108,0
1775615,426357279769875,3047083,0.63898438,256,1775360,1775615,1775524,0
1775871,426357280677541,2946792,0.60914251,256,1775616,1775871,1775632,0
1776127,426357281536708,2867375,0.57826217,256,1775872,1776127,1776010,0
1776383,426357282397750,2799458,0.59432828,256,1776128,1776383,1776156,0
1776639,426357283251791,2734334,0.57141594,256,1776384,1776639,1776495,0
1776895,426357284145916,2634459,0.58731305,256,1776640,1776895,1776756,0
1777151,426357285026541,2579917,0.63939749,256,1776896,1777151,1777044,0
1777407,426357285952541,2438084,0.63027226,256,1777152,1777407,1777374,0
1777663,426357286839416,2348250,0.58755874,256,1777408,1777663,1777610,0
1777919,426357287726750,2249750,0.56916369,256,1777664,1777919,1777873,0
1778175,426357288602041,2189000,0.62146377,256,1777920,1778175,1777982,0
1778431,426357289486750,2105958,0.59872554,256,1778176,1778431,1778429,0
1778687,426357290389041,1993625,0.59822397,256,1778432,1778687,1778555,0
1778943,426357291256333,1940875,0.60944565,256,1778688,1778943,1778879,0
1779199,426357292104083,1896833,0.61940373,256,1778944,1779199,1779121,0
1779455,426357292973791,1842292,0.61862896,256,1779200,1779455,1779321,0
1779711,426357293891833,1723417,0.64121584,256,1779456,1779711,1779528,0
1779967,426357294811291,1623292,0.60850876,256,1779712,1779967,1779793,0
1780223,426357295720541,1507875,0.63755647,256,1779968,1780223,1780220,0
1780479,426357296621083,1406917,0.62428661,256,1780224,1780479,1780344,0
1780735,426357297567208,1258917,0.60332944,256,1780480,1780735,1780530,0
1780991,426357298392250,1248666,0.6298314,256,1780736,1780991,1780816,0
1781247,426357299312416,1119334,0.5681895,256,1780992,1781247,1781068,0
1781503,426357300198250,1024875,0.58800449,256,1781248,1781503,1781254,0
1781759,426357301081333,924542,0.59206189,256,1781504,1781759,1781739,0
1782015,426357301908250,899708,0.61040398,256,1781760,1782015,1781805,0
1782271,426357302738708,870250,0.6066355,256,1782016,1782271,1782016,0
1782527,426357303692083,1673708,0.63854934,256,1782272,1782527,1782524,0
1782783,426357304583083,1773583,0.65932005,256,1782528,1782783,1782599,0
1783039,426357305452333,1728542,0.59602317,256,1782784,1783039,1782964,0
1783295,426357306350541,1675459,0.60274246,256,1783040,1783295,1783133,0
1783551,426357307206166,1631042,0.59988771,256,1783296,1783551,1783364,0
1783807,426357308125416,1600000,0.6686183,256,1783552,1783807,1783692,0
1784063,426357309025291,1505584,0.60951265,256,1783808,1784063,1784032,0
1784319,426357309922125,1454250,0.61662286,256,1784064,1784319,1784199,0
1784575,426357310820333,1391750,0.64193169,256,1784320,1784575,1784347,0
1784831,426357311705333,1336958,0.58499298,256,1784576,1784831,1784588,0
1785087,426357312563416,1289542,0.6016676,256,1784832,1785087,1785064,0
1785343,426357313395875,1295000,0.61858467,256,1785088,1785343,1785336,0
1785599,426357314324166,1208167,0.58407239,256,1785344,1785599,1785503,0
1785855,426357315228708,1157917,0.59487259,256,1785600,1785855,1785695,0
1786111,426357316110791,1454875,0.58325845,256,1785856,1786111,1786087,0
1786367,426357317023583,1574917,0.57110776,256,1786112,1786367,1786261,0
1786623,426357317867916,1562334,0.62981849,256,1786368,1786623,1786568,0
1786879,426357318814708,1447667,0.57930104,256,1786624,1786879,1786783,0
1787135,426357319680791,1452375,0.65859587,256,1786880,1787135,1787048,0
1787391,426357320598583,1399708,0.60778999,256,1787136,1787391,1787141,0
1787647,426357321448833,1367917,0.60328128,256,1787392,1787647,1787525,0
1787903,426357322292416,1356959,0.58603592,256,1787648,1787903,1787736,0
1788159,426357323156666,1331917,0.6051523,256,1787904,1788159,1788138,0
1788415,426357324046625,1292416,0.60298794,256,1788160,1788415,1788341,0
1788671,426357324922541,1239709,0.59905662,256,1788416,1788671,1788644,0
1788927,426357325789791,1211375,0.60905626,256,1788672,1788927,1788837,0
1789183,426357326660791,1173667,0.64303692,256,1788928,1789183,1789078,0
1789439,426357327583291,1067209,0.60143652,256,1789184,1789439,1789228,0
1789695,426357328522125,970250,0.61402743,256,1789440,1789695,1789611,0
1789951,426357329339750,1004041,0.59535371,256,1789696,1789951,1789827,0
1790207,426357330246125,949833,0.61915101,256,1789952,1790207,1789963,0
1790463,426357331104791,932834,0.61467062,256,1790208,1790463,1790317,0
1790719,426357331941541,950584,0.59832341,256,1790464,1790719,1790499,0
1790975,426357332863541,871792,0.60441898,256,1790720,1790975,1790906,0
1791231,426357333733958,845833,0.60027493,256,1790976,1791231,1791111,0
1791487,426357334593541,916042,0.66421782,256,1791232,1791487,1791410,0
1791743,426357335492083,867875,0.61290356,256,1791488,1791743,1791574,0
1791999,426357336399250,841250,0.64918656,256,1791744,1791999,1791800,0
1792255,426357337292958,1703708,0.59092323,256,1792000,1792255,1792037,0
1792511,426357338159875,1824875,0.60081734,256,1792256,1792511,1792509,0
1792767,426357339058416,1820584,0.65669599,256,1792512,1792767,1792546,0
1793023,426357339928291,1787959,0.61424124,256,1792768,1793023,1793018,0
1793279,426357340877708,1671500,0.62120374,256,1793024,1793279,1793029,0
1793535,426357341747041,1652375,0.60772612,256,1793280,1793535,1793425,0
1793791,426357342698791,1525250,0.57819875,256,1793536,1793791,1793714,0
1794047,426357343601875,1444083,0.62012724,256,1793792,1794047,1793966,0
1794303,426357344480958,1414125,0.62712254,256,1794048,1794303,1794281,0
1794559,426357345350166,1388250,0.60192367,256,1794304,1794559,1794373,0
1794815,426357346220250,1342708,0.59939127,256,1794560,1794815,1794578,0
1795071,426357347152416,1244750,0.62206653,256,1794816,1795071,1794923,0
1795327,426357348071333,1187542,0.62019624,256,1795072,1795327,1795197,0
1795583,426357349005291,1103875,0.62464416,256,1795328,1795583,1795509,0
1795839,426357349882041,1061542,0.61700318,256,1795584,1795839,1795591,0
1796095,426357350709041,1035834,0.63017868,256,1795840,1796095,1796085,0
1796351,426357351551500,1000500,0.57751257,256,1796096,1796351,1796337,0
1796607,426357352449000,920958,0.61242889,256,1796352,1796607,1796400,0
1796863,426357353347125,833541,0.59227937,256,1796608,1796863,1796660,0
1797119,426357354272458,832042,0.59442219,256,1796864,1797119,1796912,0
1797375,426357355249875,857083,0.63925784,256,1797120,1797375,1797231,0
1797631,426357356163416,832209,0.60842845,256,1797376,1797631,1797382,0
1797887,426357357088416,1368917,0.61103145,256,1797632,1797887,1797792,0
1798143,426357357952416,1304667,0.61090879,256,1797888,1798143,1798079,0
1798399,426357358901625,1158958,0.59589135,256,1798144,1798399,1798153,0
1798655,426357359769666,1104542,0.61692627,256,1798400,1798655,1798449,0
1798911,426357360633750,1059708,0.64087453,256,1798656,1798911,1798872,0
1799167,426357361471250,1027625,0.6315689,256,1798912,1799167,1799100,0
1799423,426357362322708,966375,0.5872921,256,1799168,1799423,1799189,0
1799679,426357363215208,904333,0.63829549,256,1799424,1799679,1799582,0
1799935,426357364048833,885458,0.62853484,256,1799680,1799935,1799785,0
1800191,426357364966208,1265000,0.60755528,256,1799936,1800191,1799992,0
1800447,426357365868500,1209916,0.60754791,256,1800192,1800447,1800431,0
1800703,426357366734583,1189667,0.62263458,256,1800448,1800703,1800529,0
1800959,426357367683166,1099459,0.60779822,256,1800704,1800959,1800800,0
1801215,426357368579458,1042292,0.59317879,256,1800960,1801215,1801154,0
1801471,426357369498750,960250,0.63330478,256,1801216,1801471,1801378,0
1801727,426357370396625,915916,0.63263105,256,1801472,1801727,1801595,0
1801983,426357371252541,912500,0.64410942,256,1801728,1801983,1801775,0
1802239,426357372152041,870750,0.6023155,256,1801984,1802239,1802198,0
1802495,426357373013083,832958,0.59392582,256,1802240,1802495,1802393,0
1802751,426357373880083,913708,0.6397648,256,1802496,1802751,1802632,0
1803007,426357374776083,863417,0.60877202,256,1802752,1803007,1802968,0
1803263,426357375688666,1418875,0.61318985,256,1803008,1803263,1803213,0
1803519,426357376570750,1365833,0.62750057,256,1803264,1803519,1803340,0
1803775,426357377452916,1345084,0.63772835,256,1803520,1803775,1803564,0
1804031,426357378457250,1214916,0.64164905,256,1803776,1804031,1803983,0
1804287,426357379368208,1132417,0.64319282,256,1804032,1804287,1804236,0
1804543,426357380237291,1081834,0.60900428,256,1804288,1804543,1804495,0
1804799,426357381087958,1092042,0.63325526,256,1804544,1804799,1804770,0
1805055,426357381893541,1091125,0.63732299,256,1804800,1805055,1804909,0
1805311,426357382742166,1090042,0.59443301,256,1805056,1805311,1805257,0
1805567,426357383621250,1039291,0.64122953,256,1805312,1805567,1805392,0
1805823,426357384549458,956458,0.64987984,256,1805568,1805823,1805685,0
1806079,426357385424291,925542,0.60605493,256,1805824,1806079,1805837,0
1806335,426357386326791,892917,0.65296432,256,1806080,1806335,1806301,0
1806591,426357387264541,842375,0.62393145,256,1806336,1806591,1806345,0
1806847,426357388129625,858041,0.64018076,256,1806592,1806847,1806720,0
1807103,426357389048208,875792,0.63829761,256,1806848,1807103,1807086,0
1807359,426357389962958,850583,0.59043634,256,1807104,1807359,1807340,0
1807615,426357390867208,877875,0.61976185,256,1807360,1807615,1807469,0
1807871,426357391773458,849958,0.63563742,256,1807616,1807871,1807860,0
1808127,426357392684625,862125,0.64076093,256,1807872,1808127,1807886,0
1808383,426357393588333,1655875,0.61740189,256,1808128,1808383,1808349,0
1808639,426357394493166,2382584,0.64467236,256,1808384,1808639,1808411,0
1808895,426357395366791,3106875,0.62364927,256,1808640,1808895,1808705,0
1809151,426357396272000,3251708,0.67610459,256,1808896,1809151,1809061,0
1809407,426357397114833,3267667,0.61156548,256,1809152,1809407,1809322,0
1809663,426357398013666,3248875,0.64185669,256,1809408,1809663,1809531,0
1809919,426357398856625,3258875,0.60819544,256,1809664,1809919,1809835,0
1810175,426357399735041,3236084,0.60853292,256,1809920,1810175,1810172,0
1810431,426357400688041,3165625,0.60584482,256,1810176,1810431,1810302,0
1810687,426357401523583,3233167,0.67894507,256,1810432,1810687,1810670,0
1810943,426357402393125,3237416,0.60293968,256,1810688,1810943,1810874,0
1811199,426357403281041,3248042,0.64961557,256,1810944,1811199,1811141,0
1811455,426357404219583,3178167,0.65605684,256,1811200,1811455,1811445,0
1811711,426357405106541,3148542,0.60291165,256,1811456,1811711,1811683,0
1811967,426357405987875,3148250,0.63862436,256,1811712,1811967,1811769,0
1812223,426357406789208,3262583,0.64809905,256,1811968,1812223,1812177,0
1812479,426357407653958,3272708,0.63287607,256,1812224,1812479,1812234,0
1812735,426357408542833,3263250,0.61548058,256,1812480,1812735,1812614,0
1812991,426357409400208,3273625,0.59944774,256,1812736,1812991,1812746,0
1813247,426357410291625,3260250,0.64472019,256,1812992,1813247,1813083,0
1813503,426357411170875,3256750,0.60813703,256,1813248,1813503,1813493,0
1813759,426357412082000,3218250,0.6762325,256,1813504,1813759,1813542,0
1814015,426357412949375,3230750,0.63039284,256,1813760,1814015,1813973,0
1814271,426357413846291,3193375,0.65093792,256,1814016,1814271,1814183,0
1814527,426357414665583,3242875,0.61951663,256,1814272,1814527,1814506,0
1814783,426357415584541,3164834,0.60176922,256,1814528,1814783,1814706,0
1815039,426357416418125,3182916,0.58877187,256,1814784,1815039,1814929,0
1815295,426357417316375,3137583,0.62346011,256,1815040,1815295,1815153,0
1815551,426357418229000,3098625,0.62318861,256,1815296,1815551,1815354,0
1815807,426357419011541,3209250,0.60674639,256,1815552,1815807,1815743,0
1816063,426357419902291,3166709,0.59356166,256,1815808,1816063,1816042,0
1816319,426357420775666,3148500,0.62176583,256,1816064,1816319,1816319,0
1816575,426357421698666,3081209,0.66912341,256,1816320,1816575,1816566,0
1816831,426357422594333,3081667,0.67761214,256,1816576,1816831,1816606,0
1817087,426357423508791,3025125,0.63351258,256,1816832,1817087,1816970,0
1817343,426357424422500,2964625,0.63162866,256,1817088,1817343,1817340,0
1817599,426357425319083,2949792,0.6318691,256,1817344,1817599,1817349,0
1817855,426357426223750,2898291,0.5882785,256,1817600,1817855,1817751,0
1818111,426357427054750,2918458,0.59024759,256,1817856,1818111,1818099,0
1818367,426357427928416,2888334,0.58801015,256,1818112,1818367,1818238,0
1818623,426357428825166,2868292,0.68728591,256,1818368,1818623,1818577,0
1818879,426357429711125,2830750,0.61867574,256,1818624,1818879,1818642,0
1819135,426357430572083,2829083,0.60049282,256,1818880,1819135,1819088,0
1819391,426357431457041,2802625,0.61710258,256,1819136,1819391,1819209,0
1819647,426357432376291,2728834,0.6286582,256,1819392,1819647,1819592,0
1819903,426357433243708,2712458,0.6453923,256,1819648,1819903,1819761,0
1820159,426357434185208,2668625,0.63490297,256,1819904,1820159,1819931,0
1820415,426357435074166,2652959,0.6416423,256,1820160,1820415,1820262,0
1820671,426357435936250,2656541,0.62430912,256,1820416,1820671,1820661,0
1820927,426357436778583,2685958,0.63129476,256,1820672,1820927,1820723,0
1821183,426357437679083,2604958,0.64913662,256,1820928,1821183,1821021,0
1821439,426357438528958,2650250,0.64973736,256,1821184,1821439,1821379,0
1821695,426357439428416,2595625,0.57956331,256,1821440,1821695,1821660,0
1821951,426357440249083,2628000,0.61284035,256,1821696,1821951,1821740,0
1822207,426357441135500,2604291,0.64470687,256,1821952,1822207,1822057,0
1822463,426357442019750,2577375,0.63684892,256,1822208,1822463,1822434,0
1822719,426357442868958,2623333,0.68487594,256,1822464,1822719,1822573,0
1822975,426357443725125,2624541,0.60635518,256,1822720,1822975,1822827,0
1823231,426357444646750,2598666,0.63492915,256,1822976,1823231,1823095,0
1823487,426357445561541,2548334,0.64038003,256,1823232,1823487,1823424,0
1823743,426357446435541,2528542,0.60458498,256,1823488,1823743,1823626,0
1823999,426357447324083,2480750,0.61138184,256,1823744,1823999,1823938,0
1824255,426357448193333,2433250,0.59090211,256,1824000,1824255,1824005,0
1824511,426357449046166,2441375,0.62098797,256,1824256,1824511,1824466,0
1824767,426357449940333,2415500,0.62856775,256,1824512,1824767,1824618,0
1825023,426357450857375,2333083,0.59053032,256,1824768,1825023,1824870,0
1825279,426357451775500,2302500,0.64044553,256,1825024,1825279,1825223,0
1825535,426357452635750,2299625,0.62097953,256,1825280,1825535,1825488,0
1825791,426357453504708,2313000,0.61062979,256,1825536,1825791,1825660,0
1826047,426357454428208,2249083,0.60962017,256,1825792,1826047,1826008,0
1826303,426357455344833,2191083,0.60518556,256,1826048,1826303,1826289,0
1826559,426357456222875,2181208,0.64102501,256,1826304,1826559,1826538,0
1826815,426357457101041,2158417,0.62939463,256,1826560,1826815,1826623,0
1827071,426357458038125,2069500,0.58867688,256,1826816,1827071,1827041,0
1827327,426357458957708,2000583,0.6443855,256,1827072,1827327,1827259,0
1827583,426357459852958,1978208,0.65614144,256,1827328,1827583,1827559,0
1827839,426357460688083,1986167,0.62423057,256,1827584,1827839,1827588,0
1828095,426357461593250,1968208,0.6332931,256,1827840,1828095,1828081,0
1828351,426357462473750,1912708,0.58710934,256,1828096,1828351,1828196,0
1828607,426357463395291,1840667,0.60331849,256,1828352,1828607,1828493,0
1828863,426357464281125,1793375,0.61998326,256,1828608,1828863,1828701,0
1829119,426357465197000,1715666,0.65400459,256,1828864,1829119,1829035,0
1829375,426357465987708,1778083,0.6237523,256,1829120,1829375,1829134,0
1829631,426357466899666,1731584,0.6458288,256,1829376,1829631,1829599,0
1829887,426357467741541,1740875,0.59749237,256,1829632,1829887,1829752,0
1830143,426357468681916,1656750,0.597402,256,1829888,1830143,1830061,0
1830399,426357469521375,1664916,0.61188899,256,1830144,1830399,1830235,0
1830655,426357470381583,1652958,0.66563199,256,1830400,1830655,1830416,0
1830911,426357471298583,1576750,0.61303204,256,1830656,1830911,1830869,0
1831167,426357472197625,1510916,0.60281846,256,1830912,1831167,1831136,0
1831423,426357473045500,1515541,0.59442221,256,1831168,1831423,1831299,0
1831679,426357473898708,1473167,0.57155643,256,1831424,1831679,1831591,0
1831935,426357474828125,1364666,0.59648675,256,1831680,1831935,1831707,0
1832191,426357475723041,1337042,0.65585927,256,1831936,1832191,1832050,0
1832447,426357476544041,1382084,0.63750405,256,1832192,1832447,1832395,0
1832703,426357477480333,1277000,0.65071636,256,1832448,1832703,1832698,0
1832959,426357478326666,1268667,0.63831303,256,1832704,1832959,1832704,0
1833215,426357479192583,1238333,0.61297029,256,1832960,1833215,1833178,0
1833471,426357480042875,1221500,0.62639294,256,1833216,1833471,1833314,0
1833727,426357480935208,1160333,0.61854913,256,1833472,1833727,1833631,0
1833983,426357481769458,1159208,0.59637254,256,1833728,1833983,1833899,0
1834239,426357482587000,1207750,0.63534921,256,1833984,1834239,1834202,0
1834495,426357483462791,1194917,0.61000586,256,1834240,1834495,1834365,0
1834751,426357484323083,1183750,0.59199943,256,1834496,1834751,1834650,0
1835007,426357485194000,1138083,0.62598071,256,1834752,1835007,1834911,0
1835263,426357486099791,1070500,0.60876253,256,1835008,1835263,1835063,0
1835519,426357486987708,999458,0.62042115,256,1835264,1835519,1835310,0
1835775,426357487909291,889084,0.60044824,256,1835520,1835775,1835687,0
1836031,426357488776416,891875,0.62258164,256,1835776,1836031,1836031,0
1836287,426357489673833,899958,0.61672773,256,1836032,1836287,1836177,0
1836543,426357490535708,854833,0.63793373,256,1836288,1836543,1836484,0
1836799,426357491423125,880500,0.63242657,256,1836544,1836799,1836650,0
1837055,426357492290875,838375,0.65676825,256,1836800,1837055,1836807,0
1837311,426357493204583,888875,0.65068601,256,1837056,1837311,1837136,0
1837567,426357494113833,851500,0.65469798,256,1837312,1837567,1837363,0
1837823,426357494931583,864417,0.60124857,256,1837568,1837823,1837715,0
1838079,426357495861583,837458,0.61766377,256,1837824,1838079,1837852,0
1838335,426357496786958,1735167,0.59642016,256,1838080,1838335,1838174,0
1838591,426357497666166,1859709,0.66309834,256,1838336,1838591,1838535,0
1838847,426357498601750,1755000,0.61057383,256,1838592,1838847,1838830,0
1839103,426357499531083,1648375,0.59880173,256,1838848,1839103,1838927,0
1839359,426357500405291,1612417,0.60759245,256,1839104,1839359,1839191,0
1839615,426357501311958,1542125,0.65781552,256,1839360,1839615,1839424,0
1839871,426357502217291,1453709,0.63380544,256,1839616,1839871,1839704,0
1840127,426357503091833,1397833,0.60113956,256,1839872,1840127,1840093,0
1840383,426357503944500,1379583,0.62129579,256,1840128,1840383,1840357,0
1840639,426357504832083,1337292,0.58529765,256,1840384,1840639,1840639,0
1840895,426357505694416,1313334,0.62064396,256,1840640,1840895,1840657,0
1841151,426357506538416,1289250,0.59992003,256,1840896,1841151,1841119,0
1841407,426357507410750,1282791,0.61596974,256,1841152,1841407,1841397,0
1841663,426357508296875,1210791,0.57658246,256,1841408,1841663,1841494,0
1841919,426357509175125,1152375,0.56519687,256,1841664,1841919,1841775,0
1842175,426357510050791,1126542,0.62374666,256,1841920,1842175,1841951,0
1842431,426357510951041,1032959,0.58368317,256,1842176,1842431,1842310,0
1842687,426357511823708,968625,0.58232311,256,1842432,1842687,1842585,0
1842943,426357512709166,933375,0.6099363,256,1842688,1842943,1842804,0
1843199,426357513527375,940041,0.58881237,256,1842944,1843199,1843112,0
1843455,426357514463125,1633333,0.61528807,256,1843200,1843455,1843281,0
1843711,426357515331250,1796333,0.60228561,256,1843456,1843711,1843523,0
1843967,426357516208000,1742625,0.65134198,256,1843712,1843967,1843862,0
1844223,426357517086500,1663791,0.62799196,256,1843968,1844223,1844136,0
1844479,426357517954625,1597250,0.64382915,256,1844224,1844479,1844454,0
1844735,426357518870166,1508250,0.61922696,256,1844480,1844735,1844668,0
1844991,426357519760625,1413250,0.60329803,256,1844736,1844991,1844799,0
1845247,426357520621791,1349042,0.62816033,256,1844992,1845247,1845159,0
1845503,426357521471166,1289209,0.57488227,256,1845248,1845503,1845390,0
1845759,426357522352250,1187291,0.64913908,256,1845504,1845759,1845529,0
1846015,426357523339500,1010708,0.59932455,256,1845760,1846015,1845820,0
1846271,426357524200250,951791,0.61677297,256,1846016,1846271,1846227,0
1846527,426357525033916,930667,0.65642894,256,1846272,1846527,1846328,0
1846783,426357525926791,854375,0.61479246,256,1846528,1846783,1846554,0
1847039,426357526778500,817416,0.5812468,256,1846784,1847039,1847029,0
1847295,426357527670250,851083,0.60889053,256,1847040,1847295,1847192,0
1847551,426357528518000,816666,0.63722307,256,1847296,1847551,1847528,0
1847807,426357529419125,852208,0.6789547,256,1847552,1847807,1847564,0
1848063,426357530227791,832209,0.62730144,256,1847808,1848063,1847963,0
1848319,426357531064083,817625,0.60328595,256,1848064,1848319,1848068,0
1848575,426357531968375,813166,0.64256733,256,1848320,1848575,1848558,0
1848831,426357532858375,1705000,0.62837244,256,1848576,1848831,1848738,0
1849087,426357533772708,1783542,0.60233607,256,1848832,1849087,1848842,0
1849343,426357534621416,1739709,0.60359799,256,1849088,1849343,1849210,0
1849599,426357535517125,1626750,0.56453933,256,1849344,1849599,1849549,0
1849855,426357536379250,1547750,0.59659302,256,1849600,1849855,1849648,0
1850111,426357537327208,1419625,0.61424866,256,1849856,1850111,1850051,0
1850367,426357538194125,1347416,0.62930165,256,1850112,1850367,1850343,0
1850623,426357539016083,1335583,0.57240215,256,1850368,1850623,1850581,0
1850879,426357539884708,1275583,0.58270619,256,1850624,1850879,1850654,0
1851135,426357540775583,1204333,0.62488011,256,1850880,1851135,1850957,0
1851391,426357541636416,1142084,0.57593519,256,1851136,1851391,1851231,0
1851647,426357542526875,1059250,0.62010245,256,1851392,1851647,1851578,0
1851903,426357543405416,988334,0.61091659,256,1851648,1851903,1851830,0
1852159,426357544325875,868583,0.59584126,256,1851904,1852159,1852094,0
1852415,426357545234083,814417,0.60658991,256,1852160,1852415,1852213,0
1852671,426357546155875,820625,0.61519844,256,1852416,1852671,1852489,0
1852927,426357546998125,1670541,0.60823272,256,1852672,1852927,1852905,0
1853183,426357547860625,1788083,0.61129457,256,1852928,1853183,1853016,0
1853439,426357548776500,1692541,0.60562089,256,1853184,1853439,1853295,0
1853695,426357549638541,1653334,0.60377393,256,1853440,1853695,1853520,0
1853951,426357550517500,1624541,0.62713047,256,1853696,1853951,1853836,0
1854207,426357551462000,1513666,0.61624675,256,1853952,1854207,1854195,0
1854463,426357552325250,1456041,0.65692913,256,1854208,1854463,1854263,0
1854719,426357553133375,1460000,0.61805452,256,1854464,1854719,1854465,0
1854975,426357554055375,1338000,0.62261602,256,1854720,1854975,1854803,0
1855231,426357554981916,1241167,0.59726526,256,1854976,1855231,1855187,0
1855487,426357555820500,1217416,0.61549548,256,1855232,1855487,1855236,0
1855743,426357556749208,1117792,0.60383213,256,1855488,1855743,1855690,0
1855999,426357557637666,1040834,0.57401221,256,1855744,1855999,1855755,0
1856255,426357558549666,921334,0.58227665,256,1856000,1856255,1856062,0
1856511,426357559424083,867958,0.59378722,256,1856256,1856511,1856332,0
1856767,426357560277291,835917,0.61128015,256,1856512,1856767,1856591,0
1857023,426357561170125,842625,0.62494963,256,1856768,1857023,1856835,0
1857279,426357562025375,1379041,0.59723363,256,1857024,1857279,1857044,0
1857535,426357562932333,1308917,0.58792185,256,1857280,1857535,1857302,0
1857791,426357563780750,1306750,0.61263605,256,1857536,1857791,1857590,0
1858047,426357564653291,1244959,0.61526841,256,1857792,1858047,1857875,0
1858303,426357565561625,1141291,0.60018103,256,1858048,1858303,1858300,0
1858559,426357566475625,1089333,0.69292101,256,1858304,1858559,1858558,0
1858815,426357567291500,1146333,0.64495132,256,1858560,1858815,1858566,0
1859071,426357568243833,1049250,0.62245042,256,1858816,1859071,1859046,0
1859327,426357569065041,1029500,0.59416998,256,1859072,1859327,1859117,0
1859583,426357569969416,963375,0.59891146,256,1859328,1859583,1859472,0
1859839,426357570920000,821416,0.59348389,256,1859584,1859839,1859762,0
1860095,426357571859833,841875,0.59958757,256,1859840,1860095,1859897,0
1860351,426357572774250,1530166,0.60133077,256,1860096,1860351,1860289,0
1860607,426357573609166,1513250,0.60591531,256,1860352,1860607,1860582,0
1860863,426357574530416,1419625,0.63295032,256,1860608,1860863,1860666,0
1861119,426357575404916,1344959,0.60153947,256,1860864,1861119,1861002,0
1861375,426357576297208,1264167,0.59158211,256,1861120,1861375,1861373,0
1861631,426357577186083,1211167,0.64671385,256,1861376,1861631,1861544,0
1861887,426357578095958,1100625,0.63386269,256,1861632,1861887,1861875,0
1862143,426357578985958,1040000,0.62934687,256,1861888,1862143,1861943,0
1862399,426357579890041,960959,0.63753856,256,1862144,1862399,1862260,0
1862655,426357580791916,874334,0.63687953,256,1862400,1862655,1862655,0
1862911,426357581647541,834209,0.60181328,256,1862656,1862911,1862774,0
1863167,426357582548416,808917,0.64143286,256,1862912,1863167,1862978,0
1863423,426357583448125,1622250,0.59617283,256,1863168,1863423,1863399,0
1863679,426357584341125,1734875,0.61257362,256,1863424,1863679,1863429,0
1863935,426357585252750,1648458,0.60967855,256,1863680,1863935,1863686,0
1864191,426357586097666,1639750,0.64639082,256,1863936,1864191,1864021,0
1864447,426357586943333,1627167,0.62883106,256,1864192,1864447,1864431,0
1864703,426357587785500,1583958,0.56860543,256,1864448,1864703,1864630,0
1864959,426357588692708,1485208,0.56441215,256,1864704,1864959,1864810,0
1865215,426357589568333,1444250,0.61130886,256,1864960,1865215,1865189,0
1865471,426357590447458,1383875,0.5750652,256,1865216,1865471,1865347,0
1865727,426357591370625,1277541,0.57097002,256,1865472,1865727,1865478,0
1865983,426357592236375,1223583,0.58718128,256,1865728,1865983,1865933,0
1866239,426357593117333,1159167,0.61997599,256,1865984,1866239,1866045,0
1866495,426357593996750,1099625,0.59411462,256,1866240,1866495,1866458,0
1866751,426357594898166,1029792,0.63354144,256,1866496,1866751,1866553,0
1867007,426357595812083,923250,0.61077366,256,1866752,1867007,1866792,0
1867263,426357596615791,922834,0.59877957,256,1867008,1867263,1867263,0
1867519,426357597511041,845917,0.60738056,256,1867264,1867519,1867316,0
1867775,426357598405166,835000,0.61848223,256,1867520,1867775,1867567,0
1868031,426357599233791,819750,0.61213227,256,1867776,1868031,1868026,0
1868287,426357600117500,814625,0.59928712,256,1868032,1868287,1868032,0
1868543,426357601070833,1623708,0.59319544,256,1868288,1868543,1868469,0
1868799,426357601956708,2344083,0.59242797,256,1868544,1868799,1868764,0
1869055,426357602839291,3046542,0.58565776,256,1868800,1869055,1868869,0
1869311,426357603693541,3787959,0.6337925,256,1869056,1869311,1869185,0
1869567,426357604542750,4539958,0.62627704,256,1869312,1869567,1869375,0
1869823,426357605458791,5212375,0.58328891,256,1869568,1869823,1869794,0
1870079,426357606352916,5567625,0.61252297,256,1869824,1870079,1870042,0
1870335,426357607211625,5555625,0.63678324,256,1870080,1870335,1870318,0
1870591,426357608051125,5538000,0.61420734,256,1870336,1870591,1870414,0
1870847,426357608948208,5464625,0.60904724,256,1870592,1870847,1870774,0
1871103,426357609845333,5383042,0.60613878,256,1870848,1871103,1871059,0
1871359,426357610715958,5312833,0.60333579,256,1871104,1871359,1871168,0
1871615,426357611629625,5254666,0.61424834,256,1871360,1871615,1871517,0
1871871,426357612496333,5626833,0.59625723,256,1871616,1871871,1871789,0
1872127,426357613420833,6273667,0.61436095,256,1871872,1872127,1872096,0
1872383,426357614300916,6744459,0.63025999,256,1872128,1872383,1872376,0
1872639,426357615152083,6707792,0.66362755,256,1872384,1872639,1872543,0
1872895,426357616079458,6573583,0.59566289,256,1872640,1872895,1872887,0
1873151,426357616940708,6532000,0.62217051,256,1872896,1873151,1872917,0
1873407,426357617810125,6501458,0.64805175,256,1873152,1873407,1873382,0
1873663,426357618722375,6388458,0.60259417,256,1873408,1873663,1873615,0
1873919,426357619667125,6241875,0.62971467,256,1873664,1873919,1873773,0
1874175,426357620558000,6158583,0.6198063,256,1873920,1874175,1873982,0
1874431,426357621466125,6036041,0.59285803,256,1874176,1874431,1874411,0
1874687,426357622347458,5960500,0.62529003,256,1874432,1874687,1874439,0
1874943,426357623238208,5873375,0.62864922,256,1874688,1874943,1874749,0
1875199,426357624090083,5834417,0.62037311,256,1874944,1875199,1875030,0
1875455,426357624931666,5769834,0.5705806,256,1875200,1875455,1875385,0
1875711,426357625833208,5699042,0.63898438,256,1875456,1875711,1875524,0
1875967,426357626692583,5620583,0.60579449,256,1875712,1875967,1875865,0
1876223,426357627567333,5548208,0.59432828,256,1875968,1876223,1876156,0
1876479,426357628460291,5431625,0.56983826,256,1876224,1876479,1876319,0
1876735,426357629311666,5375750,0.57141594,256,1876480,1876735,1876495,0
1876991,426357630161416,5337750,0.59258233,256,1876736,1876991,1876966,0
1877247,426357631060791,5237542,0.63939749,256,1876992,1877247,1877044,0
1877503,426357631984083,5131292,0.63027226,256,1877248,1877503,1877374,0
1877759,426357632901125,4998041,0.58755874,256,1877504,1877759,1877610,0
1878015,426357633762583,4940500,0.62146377,256,1877760,1878015,1877982,0
1878271,426357634651833,4854083,0.60246461,256,1878016,1878271,1878132,0
1878527,426357635529041,4772875,0.59872554,256,1878272,1878527,1878429,0
1878783,426357636413166,4671417,0.59822397,256,1878528,1878783,1878555,0
1879039,426357637278333,4615708,0.60944565,256,1878784,1879039,1878879,0
1879295,426357638145041,4553375,0.61940373,256,1879040,1879295,1879121,0
1879551,426357639028416,4482250,0.64121584,256,1879296,1879551,1879528,0
1879807,426357639976500,4363333,0.63227465,256,1879552,1879807,1879572,0
1880063,426357640857083,4276083,0.59243858,256,1879808,1880063,1880049,0
1880319,426357641737958,4197458,0.63755647,256,1880064,1880319,1880220,0
1880575,426357642682916,4052334,0.62428661,256,1880320,1880575,1880344,0
1880831,426357643583041,3965875,0.6298314,256,1880576,1880831,1880816,0
1881087,426357644455916,3897959,0.59429438,256,1880832,1881087,1880834,0
1881343,426357645362083,3792500,0.58800449,256,1881088,1881343,1881254,0
1881599,426357646274041,3655292,0.58821582,256,1881344,1881599,1881558,0
1881855,426357647152000,3577625,0.61040398,256,1881600,1881855,1881805,0
1882111,426357647926875,3597208,0.6066355,256,1881856,1882111,1882016,0
1882367,426357648798875,3519791,0.57977163,256,1882112,1882367,1882353,0
1882623,426357649742708,3383417,0.65932005,256,1882368,1882623,1882599,0
1882879,426357650643833,3296333,0.64431338,256,1882624,1882879,1882638,0
1883135,426357651490583,3276417,0.60274246,256,1882880,1883135,1883133,0
1883391,426357652395208,3165708,0.59988771,256,1883136,1883391,1883364,0
1883647,426357653265625,3120375,0.61212021,256,1883392,1883647,1883568,0
1883903,426357654183541,3033875,0.6686183,256,1883648,1883903,1883692,0
1884159,426357655068166,2947167,0.60951265,256,1883904,1884159,1884032,0
1884415,426357655973375,2883291,0.64193169,256,1884160,1884415,1884347,0
1884671,426357656865375,2794583,0.58499298,256,1884416,1884671,1884588,0
1884927,426357657746708,2717375,0.58175114,256,1884672,1884927,1884783,0
1885183,426357658586833,2662667,0.6016676,256,1884928,1885183,1885064,0
1885439,426357659471750,2591166,0.61858467,256,1885184,1885439,1885336,0
1885695,426357660366958,2533083,0.59487259,256,1885440,1885695,1885695,0
1885951,426357661253583,2468875,0.57453155,256,1885696,1885951,1885774,0
1886207,426357662177791,2337375,0.58325845,256,1885952,1886207,1886087,0
1886463,426357663049041,2260750,0.59289488,256,1886208,1886463,1886448,0
1886719,426357663957416,2162917,0.62981849,256,1886464,1886719,1886568,0
1886975,426357664864333,2068792,0.61250639,256,1886720,1886975,1886967,0
1887231,426357665751000,2040666,0.65859587,256,1886976,1887231,1887048,0
1887487,426357666618625,1992750,0.60433851,256,1887232,1887487,1887327,0
1887743,426357667492333,1920083,0.60328128,256,1887488,1887743,1887525,0
1887999,426357668354083,4095500,0.57827709,256,1887744,1887999,1887900,0
1888255,426357669225333,3227167,0.6051523,256,1888000,1888255,1888138,0
1888511,426357670698000,2853166,0.60298794,256,1888256,1888511,1888341,0
1888767,426357670965416,3409667,0.59905662,256,1888512,1888767,1888644,0
1889023,426357672517458,2715250,0.63687034,256,1888768,1889023,1889020,0
1889279,426357672782166,3262959,0.64303692,256,1889024,1889279,1889078,0
1889535,426357673680875,3199250,0.58952888,256,1889280,1889535,1889516,0
1889791,426357674506166,3211792,0.61402743,256,1889536,1889791,1889611,0
1890047,426357675409333,3169417,0.61915101,256,1889792,1890047,1889963,0
1890303,426357676248291,3143500,0.59337317,256,1890048,1890303,1890301,0
1890559,426357677149708,3118500,0.61467062,256,1890304,1890559,1890317,0
1890815,426357678012541,3079750,0.5910827,256,1890560,1890815,1890815,0
1891071,426357678871083,3066750,0.60441898,256,1890816,1891071,1890906,0
1891327,426357679821125,2949541,0.61028263,256,1891072,1891327,1891281,0
1891583,426357680646166,2995167,0.66421782,256,1891328,1891583,1891410,0
1891839,426357681516166,2959875,0.64918656,256,1891584,1891839,1891800,0
1892095,426357682434000,2864750,0.62763628,256,1891840,1892095,1891924,0
1892351,426357683361166,2760500,0.59030164,256,1892096,1892351,1892263,0
1892607,426357684211166,2779917,0.65669599,256,1892352,1892607,1892546,0
1892863,426357685088750,2747625,0.63442299,256,1892608,1892863,1892633,0
1893119,426357685959083,2707708,0.62120374,256,1892864,1893119,1893029,0
1893375,426357686911291,2584417,0.60691563,256,1893120,1893375,1893171,0
1893631,426357687826750,2514916,0.60772612,256,1893376,1893631,1893425,0
1893887,426357688753416,2405334,0.57819875,256,1893632,1893887,1893714,0
1894143,426357689660750,2345416,0.62012724,256,1893888,1894143,1893966,0
1894399,426357690520000,2333666,0.62712254,256,1894144,1894399,1894281,0
1894655,426357691386166,2298459,0.59939127,256,1894400,1894655,1894578,0
1894911,426357692308708,2197250,0.58902533,256,1894656,1894911,1894885,0
1895167,426357693190750,2153750,0.62206653,256,1894912,1895167,1894923,0
1895423,426357694144625,2064666,0.62414991,256,1895168,1895423,1895367,0
1895679,426357695041500,2013166,0.62464416,256,1895424,1895679,1895509,0
1895935,426357695894833,1968208,0.57558784,256,1895680,1895935,1895683,0
1896191,426357696718250,1954583,0.63017868,256,1895936,1896191,1896085,0
1896447,426357697614625,1876250,0.61242889,256,1896192,1896447,1896400,0
1896703,426357698512625,1783625,0.59227937,256,1896448,1896703,1896660,0
1896959,426357699408541,1724834,0.59442219,256,1896704,1896959,1896912,0
1897215,426357700341333,1591292,0.63125636,256,1896960,1897215,1897204,0
1897471,426357701294250,1482416,0.63925784,256,1897216,1897471,1897231,0
1897727,426357702217458,1379625,0.58870569,256,1897472,1897727,1897567,0
1897983,426357703098625,1316291,0.61103145,256,1897728,1897983,1897792,0
1898239,426357704014250,1242000,0.61090879,256,1897984,1898239,1898079,0
1898495,426357704913041,1169875,0.61692627,256,1898240,1898495,1898449,0
1898751,426357705816250,1094166,0.59929395,256,1898496,1898751,1898638,0
1899007,426357706669750,1068791,0.64087453,256,1898752,1899007,1898872,0
1899263,426357707493750,1058875,0.6315689,256,1899008,1899263,1899100,0
1899519,426357708368000,1006208,0.57421666,256,1899264,1899519,1899302,0
1899775,426357709244833,986292,0.63829549,256,1899520,1899775,1899582,0
1900031,426357710110291,973125,0.62853484,256,1899776,1900031,1899785,0
1900287,426357710987916,957584,0.60530327,256,1900032,1900287,1900165,0
1900543,426357711911875,882375,0.62263458,256,1900288,1900543,1900529,0
1900799,426357712784833,880083,0.59656578,256,1900544,1900799,1900663,0
1901055,426357713716250,867750,0.60779822,256,1900800,1901055,1900800,0
1901311,426357714620791,855667,0.59317879,256,1901056,1901311,1901154,0
1901567,426357715553916,873042,0.63330478,256,1901312,1901567,1901378,0
1901823,426357716404500,1626583,0.64410942,256,1901568,1901823,1901775,0
1902079,426357717293750,1689833,0.59444516,256,1901824,1902079,1901939,0
1902335,426357718168208,1639958,0.6023155,256,1902080,1902335,1902198,0
1902591,426357719056833,1592792,0.6196173,256,1902336,1902591,1902563,0
1902847,426357719901875,1590750,0.6397648,256,1902592,1902847,1902632,0
1903103,426357720825750,1493625,0.60877202,256,1902848,1903103,1902968,0
1903359,426357721716250,1434250,0.62750057,256,1903104,1903359,1903340,0
1903615,426357722620458,1371500,0.63772835,256,1903360,1903615,1903564,0
1903871,426357723536833,1306792,0.61225154,256,1903616,1903871,1903693,0
1904127,426357724505666,1180959,0.64164905,256,1903872,1904127,1903983,0
1904383,426357725432958,1103292,0.64319282,256,1904128,1904383,1904236,0
1904639,426357726223875,1138041,0.62274917,256,1904384,1904639,1904562,0
1904895,426357727086458,1154625,0.63325526,256,1904640,1904895,1904770,0
1905151,426357727910416,1110417,0.63732299,256,1904896,1905151,1904909,0
1905407,426357728788125,1068250,0.64122953,256,1905152,1905407,1905392,0
1905663,426357729682666,989125,0.62660174,256,1905408,1905663,1905570,0
1905919,426357730579125,963791,0.64987984,256,1905664,1905919,1905685,0
1906175,426357731495916,874709,0.59472973,256,1905920,1906175,1905983,0
1906431,426357732378250,1731083,0.65296432,256,1906176,1906431,1906301,0
1906687,426357733289375,1884125,0.61340293,256,1906432,1906687,1906526,0
1906943,426357734190250,1831000,0.64018076,256,1906688,1906943,1906720,0
1907199,426357735130833,1740375,0.63829761,256,1906944,1907199,1907086,0
1907455,426357735989875,1713500,0.59043634,256,1907200,1907455,1907340,0
1907711,426357736866666,1706792,0.61976185,256,1907456,1907711,1907469,0
1907967,426357737811666,1649875,0.64076093,256,1907712,1907967,1907886,0
1908223,426357738705833,1614542,0.61442276,256,1907968,1908223,1908215,0
1908479,426357739595958,1599875,0.64467236,256,1908224,1908479,1908411,0
1908735,426357740524708,1543417,0.62364927,256,1908480,1908735,1908705,0
1908991,426357741412458,1528292,0.61673704,256,1908736,1908991,1908920,0
1909247,426357742312500,1529333,0.67610459,256,1908992,1909247,1909061,0
1909503,426357743158708,1533250,0.61156548,256,1909248,1909503,1909322,0
1909759,426357744025541,1557125,0.64185669,256,1909504,1909759,1909531,0
1910015,426357744912833,1529375,0.60819544,256,1909760,1910015,1909835,0
1910271,426357745803916,1502459,0.60853292,256,1910016,1910271,1910172,0
1910527,426357746721916,1473084,0.62492758,256,1910272,1910527,1910455,0
1910783,426357747572583,1506583,0.67894507,256,1910528,1910783,1910670,0
1911039,426357748437000,1506416,0.60293968,256,1910784,1911039,1910874,0
1911295,426357749292791,1545709,0.64961557,256,1911040,1911295,1911141,0
1911551,426357750259666,1448959,0.65605684,256,1911296,1911551,1911445,0
1911807,426357751127833,1457042,0.63862436,256,1911552,1911807,1911769,0
1912063,426357751983333,1481125,0.61520012,256,1911808,1912063,1911924,0
1912319,426357752827166,1557084,0.64809905,256,1912064,1912319,1912177,0
1912575,426357753702291,1553000,0.60094351,256,1912320,1912575,1912345,0
1912831,426357754566166,1549750,0.61548058,256,1912576,1912831,1912614,0
1913087,426357755420916,1579334,0.64472019,256,1912832,1913087,1913083,0
1913343,426357756370125,1497416,0.6103563,256,1913088,1913343,1913170,0
1913599,426357757232958,1516583,0.6762325,256,1913344,1913599,1913542,0
1913855,426357758122083,1483208,0.62823744,256,1913600,1913855,1913626,0
1914111,426357758981541,1499584,0.63039284,256,1913856,1914111,1913973,0
1914367,426357759906375,1428166,0.65093792,256,1914112,1914367,1914183,0
1914623,426357760702500,1489375,0.61951663,256,1914368,1914623,1914506,0
1914879,426357761619958,1427208,0.60176922,256,1914624,1914879,1914706,0
1915135,426357762465375,1421833,0.62239543,256,1914880,1915135,1915087,0
1915391,426357763389708,1351917,0.62346011,256,1915136,1915391,1915153,0
1915647,426357764206666,1427459,0.60631253,256,1915392,1915647,1915412,0
1915903,426357765065125,1453708,0.60674639,256,1915648,1915903,1915743,0
1916159,426357765912291,1455459,0.61005339,256,1915904,1916159,1916139,0
1916415,426357766822250,4484125,0.62176583,256,1916160,1916415,1916319,0
1916671,426357767730916,3606000,0.67761214,256,1916416,1916671,1916606,0
1916927,426357768977875,2360125,0.582646,256,1916672,1916927,1916675,0
1917183,426357769975166,2598500,0.63351258,256,1916928,1917183,1916970,0
1917439,426357771390125,2036250,0.6318691,256,1917184,1917439,1917349,0
1917695,426357771404583,2853917,0.60372303,256,1917440,1917695,1917572,0
1917951,426357772247833,2837708,0.5882785,256,1917696,1917951,1917751,0
1918207,426357773070875,2840666,0.59024759,256,1917952,1918207,1918099,0
1918463,426357773973791,2765750,0.6188372,256,1918208,1918463,1918420,0
1918719,426357774858625,2726500,0.68728591,256,1918464,1918719,1918577,0
1918975,426357775728500,2672625,0.61264445,256,1918720,1918975,1918860,0
1919231,426357776595666,2649875,0.61710258,256,1918976,1919231,1919209,0
1919487,426357777513791,2551084,0.60008443,256,1919232,1919487,1919360,0
1919743,426357778405375,2495291,0.6286582,256,1919488,1919743,1919592,0
1919999,426357779299541,2472584,0.6453923,256,1919744,1919999,1919761,0
1920255,426357780204166,2419000,0.61071043,256,1920000,1920255,1920244,0
1920511,426357781073500,2392291,0.6416423,256,1920256,1920511,1920262,0
1920767,426357781978625,2339541,0.63129476,256,1920512,1920767,1920723,0
1921023,426357782805250,2328541,0.64913662,256,1920768,1921023,1921021,0
1921279,426357783695500,2242375,0.59326676,256,1921024,1921279,1921201,0
1921535,426357784548416,2266875,0.64973736,256,1921280,1921535,1921379,0
1921791,426357785418666,2215167,0.61284035,256,1921536,1921791,1921740,0
1922047,426357786292083,2179417,0.60630711,256,1921792,1922047,1922023,0
1922303,426357787177416,2142042,0.64470687,256,1922048,1922303,1922057,0
1922559,426357787999416,2159584,0.65310893,256,1922304,1922559,1922528,0
1922815,426357788906083,2129292,0.68487594,256,1922560,1922815,1922573,0
1923071,426357789747375,2136791,0.62224034,256,1922816,1923071,1923066,0
1923327,426357790690916,2045292,0.63492915,256,1923072,1923327,1923095,0
1923583,426357791585000,1996666,0.64038003,256,1923328,1923583,1923424,0
1923839,426357792449416,1954459,0.60458498,256,1923584,1923839,1923626,0
1924095,426357793357250,1859125,0.61138184,256,1923840,1924095,1923938,0
1924351,426357794236833,1796917,0.59470801,256,1924096,1924351,1924345,0
1924607,426357795089666,1763292,0.62098797,256,1924352,1924607,1924466,0
1924863,426357795986000,1717291,0.62856775,256,1924608,1924863,1924618,0
1925119,426357796923000,1599500,0.6257972,256,1924864,1925119,1925107,0
1925375,426357797797833,1581208,0.64044553,256,1925120,1925375,1925223,0
1925631,426357798671208,1559667,0.62097953,256,1925376,1925631,1925488,0
1925887,426357799569166,1506334,0.61062979,256,1925632,1925887,1925660,0
1926143,426357800488875,1423958,0.60962017,256,1925888,1926143,1926008,0
1926399,426357801384333,1398583,0.61720247,256,1926144,1926399,1926347,0
1926655,426357802285875,1331666,0.64102501,256,1926400,1926655,1926538,0
1926911,426357803168666,1267834,0.58075952,256,1926656,1926911,1926698,0
1927167,426357804103541,1149750,0.59691529,256,1926912,1927167,1927134,0
1927423,426357804985208,1104917,0.6443855,256,1927168,1927423,1927259,0
1927679,426357805866916,1079292,0.65614144,256,1927424,1927679,1927559,0
1927935,426357806704666,1063375,0.61236989,256,1927680,1927935,1927933,0
1928191,426357807628000,982083,0.6332931,256,1927936,1928191,1928081,0
1928447,426357808541000,878083,0.58710934,256,1928192,1928447,1928196,0
1928703,426357809404291,847625,0.61998326,256,1928448,1928703,1928701,0
1928959,426357810309500,834166,0.59439807,256,1928704,1928959,1928800,0
1929215,426357811197541,850917,0.65400459,256,1928960,1929215,1929035,0
1929471,426357812007500,857333,0.5891788,256,1929216,1929471,1929268,0
1929727,426357812906791,864750,0.6458288,256,1929472,1929727,1929599,0
1929983,426357813800791,1670292,0.59749237,256,1929728,1929983,1929752,0
1930239,426357814695875,1764750,0.61188899,256,1929984,1930239,1930235,0
1930495,426357815533541,1743209,0.66563199,256,1930240,1930495,1930416,0
1930751,426357816422750,1683625,0.61983034,256,1930496,1930751,1930526,0
1931007,426357817315791,1594209,0.61303204,256,1930752,1931007,1930869,0
1931263,426357818218833,1941042,0.60281846,256,1931008,1931263,1931136,0
1931519,426357819068500,2683875,0.59442221,256,1931264,1931519,1931299,0
1931775,426357819960791,3368042,0.59648675,256,1931520,1931775,1931707,0
1932031,426357820854375,4037583,0.61146871,256,1931776,1932031,1932020,0
1932287,426357821740833,4428333,0.65585927,256,1932032,1932287,1932050,0
1932543,426357822611166,4377625,0.63750405,256,1932288,1932543,1932395,0
1932799,426357823500375,4310791,0.65071636,256,1932544,1932799,1932698,0
1933055,426357824345500,4262041,0.59603534,256,1932800,1933055,1932882,0
1933311,426357825213750,4210250,0.61297029,256,1933056,1933311,1933178,0
1933567,426357826084708,4166083,0.62639294,256,1933312,1933567,1933314,0
1933823,426357826942291,4099625,0.61854913,256,1933568,1933823,1933631,0
1934079,426357827774208,4082500,0.6080745,256,1933824,1934079,1933995,0
1934335,426357828615750,4081750,0.63534921,256,1934080,1934335,1934202,0
1934591,426357829476541,4064667,0.61000586,256,1934336,1934591,1934365,0
1934847,426357830381833,3957542,0.59199943,256,1934592,1934847,1934650,0
1935103,426357831238791,3919459,0.62598071,256,1934848,1935103,1934911,0
1935359,426357832151708,3832042,0.62042115,256,1935104,1935359,1935310,0
1935615,426357833040791,3739250,0.6007891,256,1935360,1935615,1935384,0
1935871,426357833926750,3646500,0.60044824,256,1935616,1935871,1935687,0
1936127,426357834795166,3627542,0.62258164,256,1935872,1936127,1936031,0
1936383,426357835697750,3559416,0.61672773,256,1936128,1936383,1936177,0
1936639,426357836577333,3506583,0.63793373,256,1936384,1936639,1936484,0
1936895,426357837488250,3432833,0.65676825,256,1936640,1936895,1936807,0
1937151,426357838341083,3405750,0.65068601,256,1936896,1937151,1937136,0
1937407,426357839220458,3362250,0.65469798,256,1937152,1937407,1937363,0
1937663,426357840114250,3271375,0.63176897,256,1937408,1937663,1937523,0
1937919,426357840990041,3202792,0.61766377,256,1937664,1937919,1937852,0
1938175,426357841876541,3138709,0.59642016,256,1937920,1938175,1938174,0
1938431,426357842825458,2970125,0.58326041,256,1938176,1938431,1938300,0
1938687,426357843734166,2883834,0.66309834,256,1938432,1938687,1938535,0
1938943,426357844649458,2786292,0.61057383,256,1938688,1938943,1938830,0
1939199,426357845547625,2698500,0.60759245,256,1938944,1939199,1939191,0
1939455,426357846437208,2620333,0.65781552,256,1939200,1939455,1939424,0
1939711,426357847336458,2531583,0.63992472,256,1939456,1939711,1939588,0
1939967,426357848218791,2439459,0.59752637,256,1939712,1939967,1939856,0
1940223,426357849103458,2371417,0.60113956,256,1939968,1940223,1940093,0
1940479,426357849963916,2328500,0.62129579,256,1940224,1940479,1940357,0
1940735,426357850856000,2268833,0.62064396,256,1940480,1940735,1940657,0
1940991,426357851718500,2190333,0.60302827,256,1940736,1940991,1940880,0
1941247,426357852591666,2161042,0.60785975,256,1940992,1941247,1941179,0
1941503,426357853425791,2112625,0.61596974,256,1941248,1941503,1941397,0
1941759,426357854324625,2033625,0.57327156,256,1941504,1941759,1941538,0
1942015,426357855191833,1955333,0.62374666,256,1941760,1942015,1941951,0
1942271,426357856104333,1851125,0.6010083,256,1942016,1942271,1942117,0
1942527,426357856961250,1796541,0.58368317,256,1942272,1942527,1942310,0
1942783,426357857846791,1696334,0.58232311,256,1942528,1942783,1942585,0
1943039,426357858714000,1645083,0.6099363,256,1942784,1943039,1942804,0
1943295,426357859538125,1660375,0.61528807,256,1943040,1943295,1943281,0
1943551,426357860505666,1524000,0.60390786,256,1943296,1943551,1943298,0
1943807,426357861376833,1446417,0.60940541,256,1943552,1943807,1943775,0
1944063,426357862215958,1391292,0.65134198,256,1943808,1944063,1943862,0
1944319,426357863141000,1273500,0.62799196,256,1944064,1944319,1944136,0
1944575,426357864020750,1203791,0.64382915,256,1944320,1944575,1944454,0
1944831,426357864924250,1110625,0.61922696,256,1944576,1944831,1944668,0
1945087,426357865780416,1059334,0.59839023,256,1944832,1945087,1945031,0
1945343,426357866648916,986709,0.62816033,256,1945088,1945343,1945159,0
1945599,426357867507791,913500,0.64913908,256,1945344,1945599,1945529,0
1945855,426357868431375,818458,0.59932455,256,1945600,1945855,1945820,0
1946111,426357869376333,828083,0.58963899,256,1945856,1946111,1945982,0
1946367,426357870217875,1721083,0.65642894,256,1946112,1946367,1946328,0
1946623,426357871072583,1844667,0.61479246,256,1946368,1946623,1946554,0
1946879,426357871978166,1724792,0.58687898,256,1946624,1946879,1946724,0
1947135,426357872801333,1689167,0.5812468,256,1946880,1947135,1947029,0
1947391,426357873703916,1576334,0.60889053,256,1947136,1947391,1947192,0
1947647,426357874563791,1562667,0.6789547,256,1947392,1947647,1947564,0
1947903,426357875429958,1457417,0.63423499,256,1947648,1947903,1947770,0
1948159,426357876254958,1464292,0.62730144,256,1947904,1948159,1947963,0
1948415,426357877108083,1370042,0.57515766,256,1948160,1948415,1948396,0
1948671,426357878001708,1301417,0.64256733,256,1948416,1948671,1948558,0
1948927,426357878900666,1201292,0.62837244,256,1948672,1948927,1948738,0
1949183,426357879813333,1107208,0.5982365,256,1948928,1949183,1948934,0
1949439,426357880658916,1051792,0.60359799,256,1949184,1949439,1949210,0
1949695,426357881546916,955625,0.59659302,256,1949440,1949695,1949648,0
1949951,426357882433375,864375,0.5994441,256,1949696,1949951,1949925,0
1950207,426357883349000,808083,0.61424866,256,1949952,1950207,1950051,0
1950463,426357884199250,1644708,0.62930165,256,1950208,1950463,1950343,0
1950719,426357885077916,1786792,0.58270619,256,1950464,1950719,1950654,0
1950975,426357885918250,1729916,0.62488011,256,1950720,1950975,1950957,0
1951231,426357886841333,1616333,0.59512176,256,1950976,1951231,1951101,0
1951487,426357887689458,1585292,0.58236464,256,1951232,1951487,1951396,0
1951743,426357888508291,1576834,0.62010245,256,1951488,1951743,1951578,0
1951999,426357889467166,1436084,0.61091659,256,1951744,1951999,1951830,0
1952255,426357890362166,1332709,0.60658991,256,1952000,1952255,1952213,0
1952511,426357891289458,1209625,0.61519844,256,1952256,1952511,1952489,0
1952767,426357892143916,1173167,0.59635555,256,1952512,1952767,1952518,0
1953023,426357893033916,1086584,0.61129457,256,1952768,1953023,1953016,0
1953279,426357893879416,1031125,0.56548277,256,1953024,1953279,1953212,0
1953535,426357894815166,894792,0.60562089,256,1953280,1953535,1953295,0
1953791,426357895694416,803667,0.600102,256,1953536,1953791,1953607,0
1954047,426357896539958,835333,0.62713047,256,1953792,1954047,1953836,0
1954303,426357897485875,855375,0.65692913,256,1954048,1954303,1954263,0
1954559,426357898319083,841458,0.61805452,256,1954304,1954559,1954465,0
1954815,426357899181541,804292,0.62261602,256,1954560,1954815,1954803,0
1955071,426357900122291,822000,0.57629691,256,1954816,1955071,1955030,0
1955327,426357901015541,1053042,0.61549548,256,1955072,1955327,1955236,0
1955583,426357901886541,977667,0.59535012,256,1955328,1955583,1955536,0
1955839,426357902779833,893458,0.60383213,256,1955584,1955839,1955690,0
1956095,426357903696916,805084,0.58227665,256,1955840,1956095,1956062,0
1956351,426357904544166,827625,0.59378722,256,1956096,1956351,1956332,0
1956607,426357905463625,811500,0.61128015,256,1956352,1956607,1956591,0
1956863,426357906310916,819542,0.62494963,256,1956608,1956863,1956835,0
1957119,426357907184041,803292,0.59723363,256,1956864,1957119,1957044,0
1957375,426357908047875,819291,0.58792185,256,1957120,1957375,1957302,0
1957631,426357908923458,1776333,0.61263605,256,1957376,1957631,1957590,0
1957887,426357909808500,1473708,0.61526841,256,1957632,1957887,1957875,0
1958143,426357910687166,1370000,0.57622205,256,1957888,1958143,1957946,0
1958399,426357911571666,1396334,0.61289621,256,1958144,1958399,1958324,0
1958655,426357912492000,1238791,0.69292101,256,1958400,1958655,1958558,0
1958911,426357913333416,1209667,0.59693152,256,1958656,1958911,1958667,0
1959167,426357914236958,1125500,0.62245042,256,1958912,1959167,1959046,0
1959423,426357915172416,980917,0.59387524,256,1959168,1959423,1959402,0
1959679,426357916039416,911459,0.59891146,256,1959424,1959679,1959472,0
1959935,426357916982125,829416,0.59958757,256,1959680,1959935,1959897,0
1960191,426357917893375,946583,0.58000046,256,1959936,1960191,1960050,0
1960447,426357918819458,1683500,0.60133077,256,1960192,1960447,1960289,0
1960703,426357919655958,1885083,0.63295032,256,1960448,1960703,1960666,0
1960959,426357920577125,2425583,0.59501282,256,1960704,1960959,1960790,0
1961215,426357921427875,3150083,0.60153947,256,1960960,1961215,1961002,0
1961471,426357922344458,3917833,0.59158211,256,1961216,1961471,1961373,0
1961727,426357923206291,4390875,0.64671385,256,1961472,1961727,1961544,0
1961983,426357924113958,4368000,0.63386269,256,1961728,1961983,1961875,0
1962239,426357925024166,4235625,0.63145207,256,1961984,1962239,1962172,0
1962495,426357925911416,4181084,0.63753856,256,1962240,1962495,1962260,0
1962751,426357926817166,4089792,0.63687953,256,1962496,1962751,1962655,0
1963007,426357927678500,4080708,0.64143286,256,1962752,1963007,1962978,0
1963263,426357928597500,4079333,0.57706709,256,1963008,1963263,1963164,0
1963519,426357929512125,3850000,0.61257362,256,1963264,1963519,1963429,0
1963775,426357930376500,3764708,0.60967855,256,1963520,1963775,1963686,0
1964031,426357931275041,3683334,0.64639082,256,1963776,1964031,1964021,0
1964287,426357932097458,4547083,0.62269165,256,1964032,1964287,1964092,0
1964543,426357932967125,5213458,0.62883106,256,1964288,1964543,1964431,0
1964799,426357933843500,5886541,0.56860543,256,1964544,1964799,1964630,0
1965055,426357934729250,6588583,0.60762078,256,1964800,1965055,1965012,0
1965311,426357935585291,6756542,0.61130886,256,1965056,1965311,1965189,0
1965567,426357936484125,6660333,0.5750652,256,1965312,1965567,1965347,0
1965823,426357937384916,6539584,0.58355571,256,1965568,1965823,1965754,0
1966079,426357938275416,6455209,0.61997599,256,1965824,1966079,1966045,0
1966335,426357939128833,6379667,0.60002854,256,1966080,1966335,1966212,0
1966591,426357940027000,6300791,0.63354144,256,1966336,1966591,1966553,0
1966847,426357940946583,6169875,0.61653147,256,1966592,1966847,1966699,0
1967103,426357941801875,6099750,0.56357814,256,1966848,1967103,1966908,0
1967359,426357942638750,6060250,0.60738056,256,1967104,1967359,1967316,0
1967615,426357943531000,5955291,0.61848223,256,1967360,1967615,1967567,0
1967871,426357944423291,5857875,0.5728344,256,1967616,1967871,1967799,0
1968127,426357945285041,5798167,0.61213227,256,1967872,1968127,1968026,0
1968383,426357946137708,5733000,0.59197516,256,1968128,1968383,1968185,0
1968639,426357947122416,5547417,0.59319544,256,1968384,1968639,1968469,0
1968895,426357948032125,5427416,0.59242797,256,1968640,1968895,1968764,0
1969151,426357948848708,5414042,0.60667735,256,1968896,1969151,1969149,0
1969407,426357949724000,5375166,0.6337925,256,1969152,1969407,1969185,0
1969663,426357950592708,5306167,0.57238294,256,1969408,1969663,1969425,0
1969919,426357951498166,5179542,0.59063498,256,1969664,1969919,1969883,0
1970175,426357952366666,5114250,0.61252297,256,1969920,1970175,1970042,0
1970431,426357953248875,5043958,0.63678324,256,1970176,1970431,1970318,0
1970687,426357954099625,5001791,0.60276169,256,1970432,1970687,1970445,0
1970943,426357955009916,4894167,0.60904724,256,1970688,1970943,1970774,0
1971199,426357955872458,4831375,0.60613878,256,1970944,1971199,1971059,0
1971455,426357956744958,4749458,0.59180814,256,1971200,1971455,1971400,0
1971711,426357957638916,4669750,0.61424834,256,1971456,1971711,1971517,0
1971967,426357958566625,4538458,0.59625723,256,1971712,1971967,1971789,0
1972223,426357959451583,4441583,0.61436095,256,1971968,1972223,1972096,0
1972479,426357960320208,4406583,0.63025999,256,1972224,1972479,1972376,0
1972735,426357961236041,4292000,0.66362755,256,1972480,1972735,1972543,0
1972991,426357962109291,4258584,0.62217051,256,1972736,1972991,1972917,0
1973247,426357962962416,4217084,0.61708042,256,1972992,1973247,1973174,0
1973503,426357963868500,4134458,0.64805175,256,1973248,1973503,1973382,0
1973759,426357964762750,4041625,0.60259417,256,1973504,1973759,1973615,0
1974015,426357965711375,3891500,0.62971467,256,1973760,1974015,1973773,0
1974271,426357966600000,3787291,0.58066036,256,1974016,1974271,1974261,0
1974527,426357967492666,3708167,0.62529003,256,1974272,1974527,1974439,0
1974783,426357968345416,3654084,0.62864922,256,1974528,1974783,1974749,0
1975039,426357969261041,3557334,0.62037311,256,1974784,1975039,1975030,0
1975295,426357970119708,3475958,0.60885206,256,1975040,1975295,1975108,0
1975551,426357970979500,3418041,0.63898438,256,1975296,1975551,1975524,0
1975807,426357971869416,3342417,0.6292772,256,1975552,1975807,1975553,0
1976063,426357972732666,3255334,0.60579449,256,1975808,1976063,1975865,0
1976319,426357973605750,3179666,0.59432828,256,1976064,1976319,1976156,0
1976575,426357974456333,3110625,0.57141594,256,1976320,1976575,1976495,0
1976831,426357975348875,3015041,0.58731305,256,1976576,1976831,1976756,0
1977087,426357976195250,2997291,0.63939749,256,1976832,1977087,1977044,0
1977343,426357977122333,2856083,0.58810538,256,1977088,1977343,1977125,0
1977599,426357978045000,2742083,0.63027226,256,1977344,1977599,1977374,0
1977855,426357978898166,2670084,0.58755874,256,1977600,1977855,1977610,0
1978111,426357979792958,2583750,0.62146377,256,1977856,1978111,1977982,0
1978367,426357980670541,2524042,0.60246461,256,1978112,1978367,1978132,0
1978623,426357981578208,2402208,0.59872554,256,1978368,1978623,1978429,0
1978879,426357982436416,2331042,0.60944565,256,1978624,1978879,1978879,0
1979135,426357983327583,2252958,0.61940373,256,1978880,1979135,1979121,0
1979391,426357984180291,2221334,0.61862896,256,1979136,1979391,1979321,0
1979647,426357985067375,2123333,0.64121584,256,1979392,1979647,1979528,0
1979903,426357986001541,2015000,0.60850876,256,1979648,1979903,1979793,0
1980159,426357986891583,1913125,0.59243858,256,1979904,1980159,1980049,0
1980415,426357987806333,1802667,0.63755647,256,1980160,1980415,1980220,0
1980671,426357988733000,1675833,0.60332944,256,1980416,1980671,1980530,0
1980927,426357989596708,1633750,0.6298314,256,1980672,1980927,1980816,0
1981183,426357990516208,1513458,0.5681895,256,1980928,1981183,1981068,0
1981439,426357991424208,1396625,0.58800449,256,1981184,1981439,1981254,0
1981695,426357992295625,1299500,0.58821582,256,1981440,1981695,1981558,0
1981951,426357993131458,1273500,0.61040398,256,1981696,1981951,1981805,0
1982207,426357993962333,1233083,0.6066355,256,1981952,1982207,1982016,0
1982463,426357994871875,1116541,0.57977163,256,1982208,1982463,1982353,0
1982719,426357995758958,1065958,0.65932005,256,1982464,1982719,1982599,0
1982975,426357996636333,982792,0.59602317,256,1982720,1982975,1982964,0
1983231,426357997521333,914083,0.60274246,256,1982976,1983231,1983133,0
1983487,426357998404875,822041,0.59988771,256,1983232,1983487,1983364,0
1983743,426357999302125,1681583,0.6686183,256,1983488,1983743,1983692,0
1983999,426358000220041,1721250,0.58048925,256,1983744,1983999,1983772,0
1984255,426358001129541,1631792,0.61662286,256,1984000,1984255,1984199,0
1984511,426358002009500,1568375,0.64193169,256,1984256,1984511,1984347,0
1984767,426358002894166,1489750,0.58499298,256,1984512,1984767,1984588,0
1985023,426358003763625,1422625,0.58960647,256,1984768,1985023,1984954,0
1985279,426358004602625,1382041,0.6016676,256,1985024,1985279,1985064,0
1985535,426358005522250,1302708,0.61858467,256,1985280,1985535,1985336,0
1985791,426358006420375,1222250,0.59487259,256,1985536,1985791,1985695,0
1986047,426358007323416,1133542,0.58018432,256,1985792,1986047,1986035,0
1986303,426358008218333,1028208,0.58325845,256,1986048,1986303,1986087,0
1986559,426358009060041,999209,0.59289488,256,1986304,1986559,1986448,0
1986815,426358010001791,868209,0.62981849,256,1986560,1986815,1986568,0
1987071,426358010873875,1590500,0.65859587,256,1986816,1987071,1987048,0
1987327,426358011786750,2294333,0.60778999,256,1987072,1987327,1987141,0
1987583,426358012656958,2988417,0.60367651,256,1987328,1987583,1987363,0
1987839,426358013498333,3725167,0.58603592,256,1987584,1987839,1987736,0
1988095,426358014360958,4423708,0.58117719,256,1987840,1988095,1988034,0
1988351,426358015233500,5154416,0.6051523,256,1988096,1988351,1988138,0
1988607,426358016097416,5340292,0.60204624,256,1988352,1988607,1988401,0
1988863,426358017011125,5237958,0.60905626,256,1988608,1988863,1988837,0
1989119,426358017841916,5210625,0.64303692,256,1988864,1989119,1989078,0
1989375,426358018755916,5113834,0.60143652,256,1989120,1989375,1989228,0
1989631,426358019721083,4967833,0.61402743,256,1989376,1989631,1989611,0
1989887,426358020545541,4968125,0.59535371,256,1989632,1989887,1989827,0
1990143,426358021456833,4877792,0.61915101,256,1989888,1990143,1989963,0
1990399,426358022302125,4893291,0.61467062,256,1990144,1990399,1990317,0
1990655,426358023149375,4857708,0.59832341,256,1990400,1990655,1990499,0
1990911,426358024039916,4796750,0.60441898,256,1990656,1990911,1990906,0
1991167,426358024923000,4730791,0.60027493,256,1990912,1991167,1991111,0
1991423,426358025815916,4683667,0.66421782,256,1991168,1991423,1991410,0
1991679,426358026683333,4632417,0.61290356,256,1991424,1991679,1991574,0
1991935,426358027564291,4571459,0.64918656,256,1991680,1991935,1991800,0
1992191,426358028501166,4434500,0.59092323,256,1991936,1992191,1992037,0
1992447,426358029393791,4357959,0.59101226,256,1992192,1992447,1992425,0
1992703,426358030253750,4372333,0.65669599,256,1992448,1992703,1992546,0
1992959,426358031141833,4281042,0.59736265,256,1992704,1992959,1992835,0
1993215,426358032038750,4197250,0.62120374,256,1992960,1993215,1993029,0
1993471,426358032969375,4091833,0.60772612,256,1993216,1993471,1993425,0
1993727,426358033856375,4011583,0.60193256,256,1993472,1993727,1993481,0
1993983,426358034796791,3883959,0.62012724,256,1993728,1993983,1993966,0
1994239,426358035679666,3820625,0.59574194,256,1993984,1994239,1994049,0
1994495,426358036546916,3778834,0.62712254,256,1994240,1994495,1994281,0
1994751,426358037440666,3689209,0.59939127,256,1994496,1994751,1994578,0
1995007,426358038323166,3615209,0.62206653,256,1994752,1995007,1994923,0
1995263,426358039233708,3550167,0.62019624,256,1995008,1995263,1995197,0
1995519,426358040200833,3409167,0.62464416,256,1995264,1995519,1995509,0
1995775,426358041094958,3334750,0.62092215,256,1995520,1995775,1995542,0
1996031,426358041897166,3313250,0.59613018,256,1995776,1996031,1996021,0
1996287,426358042751166,3245209,0.63017868,256,1996032,1996287,1996085,0
1996543,426358043636916,3156417,0.61242889,256,1996288,1996543,1996400,0
1996799,426358044561583,3014125,0.59227937,256,1996544,1996799,1996660,0
1997055,426358045466750,2927750,0.59442219,256,1996800,1997055,1996912,0
1997311,426358046420916,2783584,0.63925784,256,1997056,1997311,1997231,0
1997567,426358047343916,2663417,0.61598194,256,1997312,1997567,1997317,0
1997823,426358048281333,2530833,0.61103145,256,1997568,1997823,1997792,0
1998079,426358049161000,2449125,0.61090879,256,1997824,1998079,1998079,0
1998335,426358050067000,2357083,0.59589135,256,1998080,1998335,1998153,0
1998591,426358050962666,2276875,0.61692627,256,1998336,1998591,1998449,0
1998847,426358051839333,2206625,0.59929395,256,1998592,1998847,1998638,0
1999103,426358052675916,2184709,0.64087453,256,1998848,1999103,1998872,0
1999359,426358053523000,2130541,0.5872921,256,1999104,1999359,1999189,0
1999615,426358054399250,2079666,0.63829549,256,1999360,1999615,1999582,0
1999871,426358055259416,2021625,0.62853484,256,1999616,1999871,1999785,0
2000127,426358056125166,2015292,0.60755528,256,1999872,2000127,1999992,0
2000383,426358057067500,1902041,0.60530327,256,2000128,2000383,2000165,0
2000639,426358057906291,1884792,0.62263458,256,2000384,2000639,2000529,0
2000895,426358058838500,1789000,0.60779822,256,2000640,2000895,2000800,0
2001151,426358059768125,1672458,0.60230919,256,2000896,2001151,2000956,0
2001407,426358060656458,1592917,0.63330478,256,2001152,2001407,2001378,0
2001663,426358061594458,1490875,0.63263105,256,2001408,2001663,2001595,0
2001919,426358062419250,1496541,0.64410942,256,2001664,2001919,2001775,0
2002175,426358063336333,1410042,0.59992807,256,2001920,2002175,2002083,0
2002431,426358064180166,1375584,0.6023155,256,2002176,2002431,2002198,0
2002687,426358065073708,1346333,0.6397648,256,2002432,2002687,2002632,0
2002943,426358065966666,1282334,0.63364895,256,2002688,2002943,2002719,0
2003199,426358066882708,1192750,0.60877202,256,2002944,2003199,2002968,0
2003455,426358067734500,1179875,0.62750057,256,2003200,2003455,2003340,0
2003711,426358068647583,1134375,0.63772835,256,2003456,2003711,2003564,0
2003967,426358069592333,1018500,0.60141272,256,2003712,2003967,2003780,0
2004223,426358070540666,928750,0.64164905,256,2003968,2004223,2003983,0
2004479,426358071432958,866708,0.64319282,256,2004224,2004479,2004236,0
2004735,426358072261666,876959,0.62274917,256,2004480,2004735,2004562,0
2004991,426358073089875,885583,0.63732299,256,2004736,2004991,2004909,0
2005247,426358073923791,866667,0.574203,256,2004992,2005247,2005132,0
2005503,426358074787250,855958,0.64122953,256,2005248,2005503,2005392,0
2005759,426358075719750,873583,0.64987984,256,2005504,2005759,2005685,0
2006015,426358076620708,1297042,0.60605493,256,2005760,2006015,2005837,0
2006271,426358077482166,1299250,0.60210979,256,2006016,2006271,2006218,0
2006527,426358078419458,1226250,0.65296432,256,2006272,2006527,2006301,0
2006783,426358079304750,1185625,0.64018076,256,2006528,2006783,2006720,0
2007039,426358080225916,1113709,0.62623433,256,2006784,2007039,2006952,0
2007295,426358081143000,1035125,0.63829761,256,2007040,2007295,2007086,0
2007551,426358082042500,993166,0.61976185,256,2007296,2007551,2007469,0
2007807,426358082942250,949125,0.60970642,256,2007552,2007807,2007806,0
2008063,426358083860541,922584,0.64076093,256,2007808,2008063,2007886,0
2008319,426358084772666,858292,0.61442276,256,2008064,2008319,2008215,0
2008575,426358085691791,903542,0.64467236,256,2008320,2008575,2008411,0
2008831,426358086531291,937500,0.62364927,256,2008576,2008831,2008705,0
2009087,426358087435375,907791,0.67610459,256,2008832,2009087,2009061,0
2009343,426358088309500,928583,0.62245495,256,2009088,2009343,2009092,0
2009599,426358089184708,929083,0.64185669,256,2009344,2009599,2009531,0
2009855,426358090017375,946875,0.60819544,256,2009600,2009855,2009835,0
2010111,426358090943375,878166,0.58116441,256,2009856,2010111,2010078,0
2010367,426358091869708,1280333,0.60853292,256,2010112,2010367,2010172,0
2010623,426358092730500,1266375,0.62492758,256,2010368,2010623,2010455,0
2010879,426358093571583,1289083,0.67894507,256,2010624,2010879,2010670,0
2011135,426358094469291,1252000,0.62888831,256,2010880,2011135,2011130,0
2011391,426358095381875,1193625,0.64961557,256,2011136,2011391,2011141,0
2011647,426358096279750,1131333,0.65605684,256,2011392,2011647,2011445,0
2011903,426358097139916,1132459,0.63862436,256,2011648,2011903,2011769,0
2012159,426358097982625,1169208,0.64265163,256,2011904,2012159,2012100,0
2012415,426358098855541,1165042,0.64809905,256,2012160,2012415,2012177,0
2012671,426358099739750,1132041,0.61548058,256,2012416,2012671,2012614,0
2012927,426358100570583,1143083,0.59944774,256,2012672,2012927,2012746,0
2013183,426358101450166,1123250,0.64472019,256,2012928,2013183,2013083,0
2013439,426358102373000,1033333,0.59469784,256,2013184,2013439,2013212,0
2013695,426358103265875,1010708,0.6762325,256,2013440,2013695,2013542,0
2013951,426358104136291,972250,0.59521602,256,2013696,2013951,2013768,0
2014207,426358105019208,931000,0.65093792,256,2013952,2014207,2014183,0
2014463,426358105878375,900791,0.58754861,256,2014208,2014463,2014257,0
2014719,426358106732583,883250,0.61951663,256,2014464,2014719,2014506,0
2014975,426358107602625,829375,0.59019091,256,2014720,2014975,2014762,0
2015231,426358108490791,882209,0.62346011,256,2014976,2015231,2015153,0
2015487,426358109423958,876500,0.62318861,256,2015232,2015487,2015354,0
2015743,426358110221791,994292,0.60674639,256,2015488,2015743,2015743,0
2015999,426358111083041,982042,0.57661574,256,2015744,2015999,2015755,0
2016255,426358111949583,975417,0.61005339,256,2016000,2016255,2016139,0
2016511,426358112880958,900042,0.62176583,256,2016256,2016511,2016319,0
2016767,426358113760916,931000,0.67761214,256,2016512,2016767,2016606,0
2017023,426358114653791,873834,0.63351258,256,2016768,2017023,2016970,0
2017279,426358115582875,866791,0.5999705,256,2017024,2017279,2017040,0
2017535,426358116489916,1774750,0.6318691,256,2017280,2017535,2017349,0
2017791,426358117414166,1786584,0.60372303,256,2017536,2017791,2017572,0
2018047,426358118255083,1789833,0.58486997,256,2017792,2018047,2017928,0
2018303,426358119119333,1768458,0.59024759,256,2018048,2018303,2018099,0
2018559,426358119999541,1753417,0.62271564,256,2018304,2018559,2018538,0
2018815,426358120873166,1737167,0.68728591,256,2018560,2018815,2018577,0
2019071,426358121770541,1696084,0.61264445,256,2018816,2019071,2018860,0
2019327,426358122620500,1699416,0.61710258,256,2019072,2019327,2019209,0
2019583,426358123556625,1609208,0.60008443,256,2019328,2019583,2019360,0
2019839,426358124403083,1639458,0.6453923,256,2019584,2019839,2019761,0
2020095,426358125347625,1565625,0.63490297,256,2019840,2020095,2019931,0
2020351,426358126239583,1564000,0.6416423,256,2020096,2020351,2020262,0
2020607,426358127139041,1506334,0.60697028,256,2020352,2020607,2020435,0
2020863,426358127976458,1557042,0.63129476,256,2020608,2020863,2020723,0
2021119,426358128827750,1530041,0.64913662,256,2020864,2021119,2021021,0
2021375,426358129726458,1488292,0.6158969,256,2021120,2021375,2021374,0
2021631,426358130614916,1483959,0.64973736,256,2021376,2021631,2021379,0
2021887,426358131442958,1492542,0.61284035,256,2021632,2021887,2021740,0
2022143,426358132298541,1493584,0.64470687,256,2021888,2022143,2022057,0
2022399,426358133199375,1443625,0.59847605,256,2022144,2022399,2022228,0
2022655,426358134049833,1504625,0.68487594,256,2022400,2022655,2022573,0
2022911,426358134912750,1490375,0.60635518,256,2022656,2022911,2022827,0
2023167,426358135816125,1482666,0.63492915,256,2022912,2023167,2023095,0
2023423,426358136724166,1422959,0.61175058,256,2023168,2023423,2023423,0
2023679,426358137623375,1400416,0.64038003,256,2023424,2023679,2023424,0
2023935,426358138513291,1350292,0.59896902,256,2023680,2023935,2023733,0
2024191,426358139380666,1314625,0.61138184,256,2023936,2024191,2023938,0
2024447,426358140236541,1303542,0.59470801,256,2024192,2024447,2024345,0
2024703,426358141133666,1266167,0.62856775,256,2024448,2024703,2024618,0
2024959,426358142017625,1237041,0.61344227,256,2024704,2024959,2024746,0
2025215,426358142953208,1169792,0.6257972,256,2024960,2025215,2025107,0
2025471,426358143846541,1149542,0.64044553,256,2025216,2025471,2025223,0
2025727,426358144696583,1172042,0.62097953,256,2025472,2025727,2025488,0
2025983,426358145588458,1134542,0.60027526,256,2025728,2025983,2025892,0
2026239,426358146519708,1070833,0.60962017,256,2025984,2026239,2026008,0
2026495,426358147399541,1082584,0.61720247,256,2026240,2026495,2026347,0
2026751,426358148303541,1024875,0.64102501,256,2026496,2026751,2026538,0
2027007,426358149204208,978542,0.58298577,256,2026752,2027007,2026939,0
2027263,426358150149416,887625,0.6443855,256,2027008,2027263,2027259,0
2027519,426358151006125,881125,0.63127731,256,2027264,2027519,2027391,0
2027775,426358151879541,870667,0.65614144,256,2027520,2027775,2027559,0
2028031,426358152745708,855667,0.61236989,256,2027776,2028031,2027933,0
2028287,426358153663416,845750,0.6332931,256,2028032,2028287,2028081,0
2028543,426358154577666,868209,0.60331849,256,2028288,2028543,2028493,0
2028799,426358155453500,832333,0.61998326,256,2028544,2028799,2028701,0
2029055,426358156362416,834667,0.65400459,256,2028800,2029055,2029035,0
2029311,426358157179333,840750,0.64175703,256,2029056,2029311,2029059,0
2029567,426358158059833,846167,0.59429185,256,2029312,2029567,2029521,0
2029823,426358158931000,851583,0.6458288,256,2029568,2029823,2029599,0
2030079,426358159862666,883500,0.597402,256,2029824,2030079,2030061,0
2030335,426358160731500,852958,0.61188899,256,2030080,2030335,2030235,0
2030591,426358161568583,867292,0.66563199,256,2030336,2030591,2030416,0
2030847,426358162489000,1714000,0.61237411,256,2030592,2030847,2030771,0
2031103,426358163347291,1842417,0.61303204,256,2030848,2031103,2030869,0
2031359,426358164253500,1774875,0.60281846,256,2031104,2031359,2031136,0
2031615,426358165073000,1783666,0.58536498,256,2031360,2031615,2031373,0
2031871,426358165990416,1689917,0.59648675,256,2031616,2031871,2031707,0
2032127,426358166906541,1630959,0.65585927,256,2031872,2032127,2032050,0
2032383,426358167735375,1664625,0.63461657,256,2032128,2032383,2032128,0
2032639,426358168653083,3715500,0.63750405,256,2032384,2032639,2032395,0
2032895,426358169504583,3774542,0.65071636,256,2032640,2032895,2032698,0
2033151,426358172280208,1805542,0.59208117,256,2032896,2033151,2032907,0
2033407,426358172289333,2632875,0.62639294,256,2033152,2033407,2033314,0
2033663,426358172299625,3472333,0.61854913,256,2033408,2033663,2033631,0
2033919,426358173053375,3549750,0.59637254,256,2033664,2033919,2033899,0
2034175,426358173779291,3661084,0.6080745,256,2033920,2034175,2033995,0
2034431,426358174636875,3671666,0.63534921,256,2034176,2034431,2034202,0
2034687,426358175501833,3679083,0.59496119,256,2034432,2034687,2034459,0
2034943,426358176381791,3605750,0.62598071,256,2034688,2034943,2034911,0
2035199,426358177246750,3581916,0.60876253,256,2034944,2035199,2035063,0
2035455,426358178188833,3457667,0.62042115,256,2035200,2035455,2035310,0
2035711,426358179090958,3376417,0.60044824,256,2035456,2035711,2035687,0
2035967,426358179929250,3379916,0.60120333,256,2035712,2035967,2035916,0
2036223,426358180832791,3369584,0.62258164,256,2035968,2036223,2036031,0
2036479,426358181714333,3319333,0.59365453,256,2036224,2036479,2036474,0
2036735,426358182611208,3296208,0.63793373,256,2036480,2036735,2036484,0
2036991,426358183479750,3241791,0.65676825,256,2036736,2036991,2036807,0
2037247,426358184356750,3221875,0.65068601,256,2036992,2037247,2037136,0
2037503,426358185259583,3154792,0.65469798,256,2037248,2037503,2037363,0
2037759,426358186144750,3118166,0.63176897,256,2037504,2037759,2037523,0
2038015,426358187033583,3058083,0.61766377,256,2037760,2038015,2037852,0
2038271,426358187963833,2943125,0.59642016,256,2038016,2038271,2038174,0
2038527,426358188875208,2855417,0.59249444,256,2038272,2038527,2038446,0
2038783,426358189759208,2803667,0.66309834,256,2038528,2038783,2038535,0
2039039,426358190708666,2697959,0.61057383,256,2038784,2039039,2038830,0
2039295,426358191559500,2680916,0.60759245,256,2039040,2039295,2039191,0
2039551,426358192468125,2594416,0.65781552,256,2039296,2039551,2039424,0
2039807,426358193391708,2509500,0.63992472,256,2039552,2039807,2039588,0
2040063,426358194291458,2428667,0.59752637,256,2039808,2040063,2039856,0
2040319,426358195123875,2423208,0.60113956,256,2040064,2040319,2040093,0
2040575,426358195993166,2377500,0.62129579,256,2040320,2040575,2040357,0
2040831,426358196888750,2333791,0.62064396,256,2040576,2040831,2040657,0
2041087,426358197737166,2301542,0.60302827,256,2040832,2041087,2040880,0
2041343,426358198604375,2301541,0.60785975,256,2041088,2041343,2041179,0
2041599,426358199454208,2260167,0.61596974,256,2041344,2041599,2041397,0
2041855,426358200383083,2154292,0.56519687,256,2041600,2041855,2041775,0
2042111,426358201204583,2168375,0.62374666,256,2041856,2042111,2041951,0
2042367,426358202145750,2053250,0.6010083,256,2042112,2042367,2042117,0
2042623,426358202995000,2017791,0.58232311,256,2042368,2042623,2042585,0
2042879,426358203883416,1959459,0.6099363,256,2042624,2042879,2042804,0
2043135,426358204717541,1953250,0.60861314,256,2042880,2043135,2042938,0
2043391,426358205620500,1914416,0.61528807,256,2043136,2043391,2043281,0
2043647,426358206540416,1862792,0.60228561,256,2043392,2043647,2043523,0
2043903,426358207415375,1777208,0.65134198,256,2043648,2043903,2043862,0
2044159,426358208271291,1730125,0.62799196,256,2043904,2044159,2044136,0
2044415,426358209160541,1657125,0.58681251,256,2044160,2044415,2044411,0
2044671,426358210032000,1634125,0.64382915,256,2044416,2044671,2044454,0
2044927,426358210961083,1524208,0.60329803,256,2044672,2044927,2044799,0
2045183,426358211809333,1504125,0.62816033,256,2044928,2045183,2045159,0
2045439,426358212668750,1459208,0.57488227,256,2045184,2045439,2045390,0
2045695,426358213545125,1392625,0.64913908,256,2045440,2045695,2045529,0
2045951,426358214486166,1266209,0.59932455,256,2045696,2045951,2045820,0
2046207,426358215420791,1157625,0.60932984,256,2045952,2046207,2046129,0
2046463,426358216235083,1186500,0.65642894,256,2046208,2046463,2046328,0
2046719,426358217101291,1145917,0.61479246,256,2046464,2046719,2046554,0
2046975,426358217972958,1077250,0.58687898,256,2046720,2046975,2046724,0
2047231,426358218833791,1055875,0.60889053,256,2046976,2047231,2047192,0
2047487,426358219713791,981375,0.60937281,256,2047232,2047487,2047410,0
2047743,426358220607750,927333,0.6789547,256,2047488,2047743,2047564,0
2047999,426358221426500,930875,0.63423499,256,2047744,2047999,2047770,0
2048255,426358222240708,927083,0.60328595,256,2048000,2048255,2048068,0
2048511,426358223125208,853458,0.57515766,256,2048256,2048511,2048396,0
2048767,426358224033000,1632041,0.64256733,256,2048512,2048767,2048558,0
2049023,426358224964666,1743667,0.6161321,256,2048768,2049023,2048819,0
2049279,426358225830541,1706875,0.60359799,256,2049024,2049279,2049210,0
2049535,426358226688083,1655833,0.56479901,256,2049280,2049535,2049293,0
2049791,426358227569375,1578875,0.59659302,256,2049536,2049791,2049648,0
2050047,426358228500708,1480125,0.5994441,256,2049792,2050047,2049925,0
2050303,426358229415541,1392500,0.61688379,256,2050048,2050303,2050288,0
2050559,426358230210666,1419875,0.62930165,256,2050304,2050559,2050343,0
2050815,426358231083333,1381708,0.58270619,256,2050560,2050815,2050654,0
2051071,426358231920958,1377208,0.62488011,256,2050816,2051071,2050957,0
2051327,426358232832916,1286917,0.59512176,256,2051072,2051327,2051101,0
2051583,426358233699666,1262209,0.62010245,256,2051328,2051583,2051578,0
2051839,426358234574250,1213041,0.61426755,256,2051584,2051839,2051636,0
2052095,426358235497083,1107125,0.59584126,256,2051840,2052095,2052094,0
2052351,426358236401166,1011292,0.60658991,256,2052096,2052351,2052213,0
2052607,426358237325458,923792,0.61519844,256,2052352,2052607,2052489,0
2052863,426358238173375,888125,0.59425728,256,2052608,2052863,2052738,0
2053119,426358239049625,1734541,0.61129457,256,2052864,2053119,2053016,0
2053375,426358239957625,1782583,0.60562089,256,2053120,2053375,2053295,0
2053631,426358240825291,1704792,0.60377393,256,2053376,2053631,2053520,0
2053887,426358241698583,1658833,0.62713047,256,2053632,2053887,2053836,0
2054143,426358242606625,1560875,0.6093607,256,2053888,2054143,2053945,0
2054399,426358243497333,1462167,0.65692913,256,2054144,2054399,2054263,0
2054655,426358244312333,1441042,0.61805452,256,2054400,2054655,2054465,0
2054911,426358245238541,1290542,0.62261602,256,2054656,2054911,2054803,0
2055167,426358246142500,1185208,0.58066394,256,2054912,2055167,2055121,0
2055423,426358247032708,1086875,0.61549548,256,2055168,2055423,2055236,0
2055679,426358247896375,1028291,0.59535012,256,2055424,2055679,2055536,0
2055935,426358248823000,887750,0.60383213,256,2055680,2055935,2055690,0
2056191,426358249726958,807708,0.58227665,256,2055936,2056191,2056062,0
2056447,426358250585041,1633334,0.59378722,256,2056192,2056447,2056332,0
2056703,426358251485666,1744042,0.61128015,256,2056448,2056703,2056591,0
2056959,426358252356500,1666791,0.62494963,256,2056704,2056959,2056835,0
2057215,426358253220458,1591750,0.59723363,256,2056960,2057215,2057044,0
2057471,426358254094416,1544792,0.58792185,256,2057216,2057471,2057302,0
2057727,426358254958583,1476542,0.61263605,256,2057472,2057727,2057590,0
2057983,426358255844625,1393666,0.61526841,256,2057728,2057983,2057875,0
2058239,426358256731791,1287250,0.55352931,256,2057984,2058239,2058071,0
2058495,426358257611000,1252916,0.61289621,256,2058240,2058495,2058324,0
2058751,426358258486541,1230209,0.69292101,256,2058496,2058751,2058558,0
2059007,426358259441625,1097458,0.59034389,256,2058752,2059007,2058883,0
2059263,426358260258500,1074541,0.62245042,256,2059008,2059263,2059046,0
2059519,426358261162625,995083,0.59891146,256,2059264,2059519,2059472,0
2059775,426358262074250,865125,0.59348389,256,2059520,2059775,2059762,0
2060031,426358263036041,832542,0.59958757,256,2059776,2060031,2059897,0
2060287,426358263934666,1654417,0.58000046,256,2060032,2060287,2060050,0
2060543,426358264797916,1781917,0.60133077,256,2060288,2060543,2060289,0
2060799,426358265688541,1721250,0.63295032,256,2060544,2060799,2060666,0
2061055,426358266609625,1625333,0.60153947,256,2060800,2061055,2061002,0
2061311,426358267490625,1556625,0.58873099,256,2061056,2061311,2061211,0
2061567,426358268354375,1490416,0.64671385,256,2061312,2061567,2061544,0
2061823,426358269260041,1398292,0.6293775,256,2061568,2061823,2061653,0
2062079,426358270146666,1356750,0.63386269,256,2061824,2062079,2061875,0
2062335,426358271050083,1260500,0.63753856,256,2062080,2062335,2062260,0
2062591,426358271964875,3136458,0.60317511,256,2062336,2062591,2062566,0
2062847,426358273128416,2849417,0.63687953,256,2062592,2062847,2062655,0
2063103,426358275163208,1602042,0.64143286,256,2062848,2063103,2062978,0
2063359,426358275178583,2385917,0.57790313,256,2063104,2063359,2063300,0
2063615,426358275699083,2651083,0.61257362,256,2063360,2063615,2063429,0
2063871,426358276441583,2697250,0.60967855,256,2063616,2063871,2063686,0
2064127,426358277260083,2692833,0.64639082,256,2063872,2064127,2064021,0
2064383,426358278145833,2614833,0.61697158,256,2064128,2064383,2064155,0
2064639,426358278969458,2576500,0.62883106,256,2064384,2064639,2064431,0
2064895,426358279876000,2449458,0.56710189,256,2064640,2064895,2064642,0
2065151,426358280760458,2370958,0.60762078,256,2064896,2065151,2065012,0
2065407,426358281618458,2305750,0.61130886,256,2065152,2065407,2065189,0
2065663,426358282535833,2184875,0.57097002,256,2065408,2065663,2065478,0
2065919,426358283460458,2046333,0.58355571,256,2065664,2065919,2065754,0
2066175,426358284294333,2017042,0.61997599,256,2065920,2066175,2066045,0
2066431,426358285158958,1944792,0.60002854,256,2066176,2066431,2066212,0
2066687,426358286065833,1846208,0.63354144,256,2066432,2066687,2066553,0
2066943,426358286979791,1712875,0.61653147,256,2066688,2066943,2066699,0
2067199,426358287817416,1661292,0.5885259,256,2066944,2067199,2067159,0
2067455,426358288695458,1584583,0.60738056,256,2067200,2067455,2067316,0
2067711,426358289539375,1533458,0.61848223,256,2067456,2067711,2067567,0
2067967,426358290420916,1437375,0.5728344,256,2067712,2067967,2067799,0
2068223,426358291300791,1392834,0.61213227,256,2067968,2068223,2068026,0
2068479,426358292230791,1252417,0.59319544,256,2068224,2068479,2068469,0
2068735,426358293143458,1120750,0.57637225,256,2068480,2068735,2068566,0
2068991,426358294052708,1009333,0.59242797,256,2068736,2068991,2068764,0
2069247,426358294870250,1008708,0.6337925,256,2068992,2069247,2069185,0
2069503,426358295738125,961291,0.62627704,256,2069248,2069503,2069375,0
2069759,426358296641208,850458,0.57674917,256,2069504,2069759,2069699,0
2070015,426358297524083,806125,0.59063498,256,2069760,2070015,2069883,0
2070271,426358298398166,833292,0.61252297,256,2070016,2070271,2070042,0
2070527,426358299250083,838792,0.63678324,256,2070272,2070527,2070318,0
2070783,426358300111083,859375,0.60904724,256,2070528,2070783,2070774,0
2071039,426358301028875,1679541,0.60540203,256,2070784,2071039,2070956,0
2071295,426358301893041,1801042,0.60613878,256,2071040,2071295,2071059,0
2071551,426358302770958,1755250,0.61424834,256,2071296,2071551,2071517,0
2071807,426358303689125,1678958,0.59625723,256,2071552,2071807,2071789,0
2072063,426358304595000,1566791,0.60373505,256,2071808,2072063,2072002,0
2072319,426358305517083,1489250,0.61460563,256,2072064,2072319,2072272,0
2072575,426358306340541,1514834,0.66362755,256,2072320,2072575,2072543,0
2072831,426358307248750,1415583,0.59350308,256,2072576,2072831,2072806,0
2073087,426358308131250,1372583,0.62217051,256,2072832,2073087,2072917,0
2073343,426358308995958,1366750,0.61708042,256,2073088,2073343,2073174,0
2073599,426358309889458,1299333,0.64805175,256,2073344,2073599,2073382,0
2073855,426358310824041,1174750,0.62971467,256,2073600,2073855,2073773,0
2074111,426358311734583,1097708,0.6198063,256,2073856,2074111,2073982,0
2074367,426358312635000,998500,0.58066036,256,2074112,2074367,2074261,0
2074623,426358313547250,929375,0.62529003,256,2074368,2074623,2074439,0
2074879,426358314395000,900791,0.62864922,256,2074624,2074879,2074749,0
2075135,426358315278416,844959,0.62037311,256,2074880,2075135,2075030,0
2075391,426358316111083,877750,0.5705806,256,2075136,2075391,2075385,0
2075647,426358317012000,884833,0.63898438,256,2075392,2075647,2075524,0
2075903,426358317888083,841458,0.60579449,256,2075648,2075903,2075865,0
2076159,426358318744416,833334,0.59432828,256,2075904,2076159,2076156,0
2076415,426358319617583,824708,0.56983826,256,2076160,2076415,2076319,0
2076671,426358320483916,827000,0.57141594,256,2076416,2076671,2076495,0
2076927,426358321350708,834667,0.5911342,256,2076672,2076927,2076923,0
2077183,426358322242416,858167,0.63939749,256,2076928,2077183,2077044,0
2077439,426358323161375,845250,0.63027226,256,2077184,2077439,2077374,0
2077695,426358324065958,819167,0.58755874,256,2077440,2077695,2077610,0
2077951,426358324947000,835750,0.56916369,256,2077696,2077951,2077873,0
2078207,426358325821291,1244417,0.62146377,256,2077952,2078207,2077982,0
2078463,426358326707416,1182292,0.59872554,256,2078208,2078463,2078429,0
2078719,426358327607541,1094209,0.59822397,256,2078464,2078719,2078555,0
2078975,426358328453000,1053375,0.60944565,256,2078720,2078975,2078879,0
2079231,426358329323083,1021042,0.61940373,256,2078976,2079231,2079121,0
2079487,426358330222333,972000,0.61862896,256,2079232,2079487,2079321,0
2079743,426358331148333,864292,0.64121584,256,2079488,2079743,2079528,0
2079999,426358332040916,863292,0.60850876,256,2079744,2079999,2079793,0
2080255,426358332934083,830958,0.63755647,256,2080000,2080255,2080220,0
2080511,426358333860208,843542,0.62428661,256,2080256,2080511,2080344,0
2080767,426358334783833,834542,0.60332944,256,2080512,2080767,2080530,0
2081023,426358335620916,850792,0.6298314,256,2080768,2081023,2080816,0
2081279,426358336539916,1657250,0.58800449,256,2081024,2081279,2081254,0
2081535,426358337442666,1725667,0.5797155,256,2081280,2081535,2081501,0
2081791,426358338315333,1643167,0.59206189,256,2081536,2081791,2081739,0
2082047,426358339122875,1632041,0.61040398,256,2081792,2082047,2081805,0
2082303,426358339975416,1590125,0.57035621,256,2082048,2082303,2082232,0
2082559,426358340910833,1439792,0.6426336,256,2082304,2082559,2082541,0
2082815,426358341809666,1372792,0.65932005,256,2082560,2082815,2082599,0
2083071,426358342691125,1310375,0.59602317,256,2082816,2083071,2082964,0
2083327,426358343574083,1231083,0.60274246,256,2083072,2083327,2083133,0
2083583,426358344426083,1185583,0.61212021,256,2083328,2083583,2083568,0
2083839,426358345346291,1113209,0.6686183,256,2083584,2083839,2083692,0
2084095,426358346240166,1004084,0.60951265,256,2083840,2084095,2084032,0
2084351,426358347154166,926167,0.64193169,256,2084096,2084351,2084347,0
2084607,426358348042125,863291,0.58499298,256,2084352,2084607,2084588,0
2084863,426358348938250,824541,0.58175114,256,2084608,2084863,2084783,0
2085119,426358349783750,797708,0.6016676,256,2084864,2085119,2085064,0
2085375,426358350626208,840917,0.61858467,256,2085120,2085375,2085336,0
2085631,426358351549541,853292,0.58407239,256,2085376,2085631,2085503,0
2085887,426358352453541,842375,0.59487259,256,2085632,2085887,2085695,0
2086143,426358353359083,1625000,0.58325845,256,2085888,2086143,2086087,0
2086399,426358354235541,1751625,0.57110776,256,2086144,2086399,2086261,0
2086655,426358355082833,1743125,0.62981849,256,2086400,2086655,2086568,0
2086911,426358356038875,1610125,0.60212846,256,2086656,2086911,2086884,0
2087167,426358356906291,1624000,0.65859587,256,2086912,2087167,2087048,0
2087423,426358357808875,1567083,0.60433851,256,2087168,2087423,2087327,0
2087679,426358358661875,1538166,0.60328128,256,2087424,2087679,2087525,0
2087935,426358359525875,1516208,0.58603592,256,2087680,2087935,2087736,0
2088191,426358360402458,1470125,0.6051523,256,2087936,2088191,2088138,0
2088447,426358361259750,1463041,0.60298794,256,2088192,2088447,2088341,0
2088703,426358362172625,1363166,0.59905662,256,2088448,2088703,2088644,0
2088959,426358363012583,1376542,0.61451882,256,2088704,2088959,2088947,0
2089215,426358363880083,1322542,0.64303692,256,2088960,2089215,2089078,0
2089471,426358364821708,1214917,0.60143652,256,2089216,2089471,2089228,0
2089727,426358365719166,1158000,0.61402743,256,2089472,2089727,2089611,0
2089983,426358366592416,1134250,0.61915101,256,2089728,2089983,2089963,0
2090239,426358367464458,1104542,0.61489867,256,2089984,2090239,2089986,0
2090495,426358368324500,1086416,0.61467062,256,2090240,2090495,2090317,0
2090751,426358369171041,1091292,0.59832341,256,2090496,2090751,2090499,0
2091007,426358370076291,1026375,0.60441898,256,2090752,2091007,2090906,0
2091263,426358370975750,964541,0.60027493,256,2091008,2091263,2091111,0
2091519,426358371809208,1004792,0.66421782,256,2091264,2091519,2091410,0
2091775,426358372716666,938792,0.61290356,256,2091520,2091775,2091574,0
2092031,426358373620750,861250,0.64918656,256,2091776,2092031,2091800,0
2092287,426358374512375,1661125,0.59092323,256,2092032,2092287,2092037,0
2092543,426358375385583,1774625,0.6548657,256,2092288,2092543,2092531,0
2092799,426358376282000,1746041,0.65669599,256,2092544,2092799,2092546,0
2093055,426358377139041,1699417,0.62120374,256,2092800,2093055,2093029,0
2093311,426358378099000,1547500,0.60691563,256,2093056,2093311,2093171,0
2093567,426358378983375,1493500,0.60772612,256,2093312,2093567,2093425,0
2093823,426358379923416,1351709,0.57819875,256,2093568,2093823,2093714,0
2094079,426358380826458,1262292,0.62012724,256,2093824,2094079,2093966,0
2094335,426358381703583,1220792,0.62712254,256,2094080,2094335,2094281,0
2094591,426358382564000,1173083,0.60192367,256,2094336,2094591,2094373,0
2094847,426358383447041,1090834,0.58488348,256,2094592,2094847,2094651,0
2095103,426358384379375,973000,0.62206653,256,2094848,2095103,2094923,0
2095359,426358385303875,893416,0.62019624,256,2095104,2095359,2095197,0
2095615,426358386225416,886125,0.62464416,256,2095360,2095615,2095509,0
2095871,426358387103833,813458,0.57558784,256,2095616,2095871,2095683,0
2096127,426358387937958,810750,0.63017868,256,2095872,2096127,2096085,0
2096383,426358388785333,1583542,0.59797292,256,2096128,2096383,2096376,0
2096639,426358389683416,1693459,0.61242889,256,2096384,2096639,2096400,0
2096895,426358390584916,1593042,0.59227937,256,2096640,2096895,2096660,0
2097151,426358391516166,1452667,0.59442219,256,2096896,2097151,2096912,0
2097407,426358392474291,1330625,0.63925784,256,2097152,2097407,2097231,0
2097663,426358393387833,1216583,0.58870569,256,2097408,2097663,2097567,0
2097919,426358394312583,1093167,0.61103145,256,2097664,2097919,2097792,0
2098175,426358395174958,1039917,0.61090879,256,2097920,2098175,2098079,0
2098431,426358396126041,882750,0.58031878,256,2098176,2098431,2098311,0
2098687,426358397016541,1602500,0.61692627,256,2098432,2098687,2098449,0
2098943,426358397850166,1786500,0.64087453,256,2098688,2098943,2098872,0
2099199,426358398703916,1748209,0.6315689,256,2098944,2099199,2099100,0
2099455,426358399550291,1698417,0.57421666,256,2099200,2099455,2099302,0
2099711,426358400447500,1638041,0.63829549,256,2099456,2099711,2099582,0
2099967,426358401273458,1626375,0.62853484,256,2099712,2099967,2099785,0
2100223,426358402161041,1597417,0.60755528,256,2099968,2100223,2099992,0
2100479,426358403083875,1487541,0.60754791,256,2100224,2100479,2100431,0
2100735,426358403939166,1457792,0.62263458,256,2100480,2100735,2100529,0
2100991,426358404901458,1327625,0.60779822,256,2100736,2100991,2100800,0
2101247,426358405794958,1234583,0.59317879,256,2100992,2101247,2101154,0
2101503,426358406737458,1119917,0.63330478,256,2101248,2101503,2101378,0
2101759,426358407597208,1086083,0.63263105,256,2101504,2101759,2101595,0
2102015,426358408447083,1073042,0.64410942,256,2101760,2102015,2101775,0
2102271,426358409363291,980917,0.6023155,256,2102016,2102271,2102198,0
2102527,426358410219208,924333,0.59392582,256,2102272,2102527,2102393,0
2102783,426358411087625,932333,0.6397648,256,2102528,2102783,2102632,0
2103039,426358412005333,843000,0.60877202,256,2102784,2103039,2102968,0
2103295,426358412893166,841792,0.61318985,256,2103040,2103295,2103213,0
2103551,426358413791916,862875,0.62750057,256,2103296,2103551,2103340,0
2103807,426358414683083,916208,0.63772835,256,2103552,2103807,2103564,0
2104063,426358415661916,866084,0.64164905,256,2103808,2104063,2103983,0
2104319,426358416589083,1649125,0.64319282,256,2104064,2104319,2104236,0
2104575,426358417440583,2243542,0.62274917,256,2104320,2104575,2104562,0
2104831,426358418288375,2994208,0.63325526,256,2104576,2104831,2104770,0
2105087,426358419098583,3768167,0.63732299,256,2104832,2105087,2104909,0
2105343,426358419956000,4501166,0.59443301,256,2105088,2105343,2105257,0
2105599,426358420843666,5220917,0.64122953,256,2105344,2105599,2105392,0
2105855,426358421763000,5431541,0.64987984,256,2105600,2105855,2105685,0
2106111,426358422661291,5352292,0.59472973,256,2105856,2106111,2105983,0
2106367,426358423546750,5324583,0.65296432,256,2106112,2106367,2106301,0
2106623,426358424474416,5222959,0.61340293,256,2106368,2106623,2106526,0
2106879,426358425356125,5163958,0.64018076,256,2106624,2106879,2106720,0
2107135,426358426294583,5052958,0.63829761,256,2106880,2107135,2107086,0
2107391,426358427166833,4994042,0.59043634,256,2107136,2107391,2107340,0
2107647,426358428053958,4946667,0.61976185,256,2107392,2107647,2107469,0
2107903,426358428986416,4874792,0.64076093,256,2107648,2107903,2107886,0
2108159,426358429885291,4816625,0.60188761,256,2107904,2108159,2108135,0
2108415,426358430795916,4750250,0.64467236,256,2108160,2108415,2108411,0
2108671,426358431705750,4691458,0.61130411,256,2108416,2108671,2108568,0
2108927,426358432584208,4669708,0.62364927,256,2108672,2108927,2108705,0
2109183,426358433496083,4649792,0.67610459,256,2108928,2109183,2109061,0
2109439,426358434330291,4652834,0.61156548,256,2109184,2109439,2109322,0
2109695,426358435217250,4621333,0.64185669,256,2109440,2109695,2109531,0
2109951,426358436075583,4594042,0.60819544,256,2109696,2109951,2109835,0
2110207,426358436937666,4582500,0.60853292,256,2109952,2110207,2110172,0
2110463,426358437898666,4468709,0.62492758,256,2110208,2110463,2110455,0
2110719,426358438732083,4510042,0.67894507,256,2110464,2110719,2110670,0
2110975,426358439613875,4473833,0.60293968,256,2110720,2110975,2110874,0
2111231,426358440485125,4466166,0.64961557,256,2110976,2111231,2111141,0
2111487,426358441430250,4364291,0.65605684,256,2111232,2111487,2111445,0
2111743,426358442310791,4319334,0.60291165,256,2111488,2111743,2111683,0
2111999,426358443175541,4319917,0.63862436,256,2111744,2111999,2111769,0
2112255,426358444004333,4392542,0.64809905,256,2112000,2112255,2112177,0
2112511,426358444862583,4385917,0.61243982,256,2112256,2112511,2112291,0
2112767,426358445760458,4344125,0.61548058,256,2112512,2112767,2112614,0
2113023,426358446619958,4311458,0.58987834,256,2112768,2113023,2112950,0
2113279,426358447510083,4284125,0.64472019,256,2113024,2113279,2113083,0
2113535,426358448410250,4226333,0.60813703,256,2113280,2113535,2113493,0
2113791,426358449299666,4194250,0.6762325,256,2113536,2113791,2113542,0
2114047,426358450161708,4174375,0.63039284,256,2113792,2114047,2113973,0
2114303,426358451075958,4106292,0.65093792,256,2114048,2114303,2114183,0
2114559,426358451874791,4132292,0.61951663,256,2114304,2114559,2114506,0
2114815,426358452803291,4047334,0.60176922,256,2114560,2114815,2114706,0
2115071,426358453615583,4051083,0.58877187,256,2114816,2115071,2114929,0
2115327,426358454566000,3918583,0.62346011,256,2115072,2115327,2115153,0
2115583,426358455410958,3948958,0.62318861,256,2115328,2115583,2115354,0
2115839,426358456236791,3993667,0.60674639,256,2115584,2115839,2115743,0
2116095,426358457102333,3936667,0.59356166,256,2115840,2116095,2116042,0
2116351,426358457977708,3907125,0.62176583,256,2116096,2116351,2116319,0
2116607,426358458911458,3826708,0.67761214,256,2116352,2116607,2116606,0
2116863,426358459806166,3781709,0.65186202,256,2116608,2116863,2116616,0
2117119,426358460727791,3691167,0.63351258,256,2116864,2117119,2116970,0
2117375,426358461625625,3639125,0.6318691,256,2117120,2117375,2117349,0
2117631,426358462518916,3595000,0.61632936,256,2117376,2117631,2117400,0
2117887,426358463449708,3486292,0.5882785,256,2117632,2117887,2117751,0
2118143,426358464251708,3512917,0.59024759,256,2117888,2118143,2118099,0
2118399,426358465159125,3436875,0.59034687,256,2118144,2118399,2118390,0
2118655,426358466028125,3414791,0.68728591,256,2118400,2118655,2118577,0
2118911,426358466919833,3337792,0.61264445,256,2118656,2118911,2118860,0
2119167,426358467794333,3313750,0.60049282,256,2118912,2119167,2119088,0
2119423,426358468645041,3286334,0.61710258,256,2119168,2119423,2119209,0
2119679,426358469575083,3183333,0.6286582,256,2119424,2119679,2119592,0
2119935,426358470462791,3148084,0.6453923,256,2119680,2119935,2119761,0
2120191,426358471385583,3092667,0.61664735,256,2119936,2120191,2119945,0
2120447,426358472266458,3057667,0.6416423,256,2120192,2120447,2120262,0
2120703,426358473159000,3016000,0.62430912,256,2120448,2120703,2120661,0
2120959,426358473990666,3010875,0.63129476,256,2120704,2120959,2120723,0
2121215,426358474901291,2923875,0.64913662,256,2120960,2121215,2121021,0
2121471,426358475735083,2949208,0.64973736,256,2121216,2121471,2121379,0
2121727,426358476633041,2868084,0.58835701,256,2121472,2121727,2121724,0
2121983,426358477468708,2858375,0.61284035,256,2121728,2121983,2121740,0
2122239,426358478357166,2815959,0.64470687,256,2121984,2122239,2122057,0
2122495,426358479209041,2800709,0.63684892,256,2122240,2122495,2122434,0
2122751,426358480102333,2792333,0.68487594,256,2122496,2122751,2122573,0
2123007,426358480928791,2796209,0.60635518,256,2122752,2123007,2122827,0
2123263,426358481871083,2723292,0.63492915,256,2123008,2123263,2123095,0
2123519,426358482782000,2653333,0.64038003,256,2123264,2123519,2123424,0
2123775,426358483654041,2606959,0.60458498,256,2123520,2123775,2123626,0
2124031,426358484535333,2535250,0.61138184,256,2123776,2124031,2123938,0
2124287,426358485412416,2473334,0.57218914,256,2124032,2124287,2124261,0
2124543,426358486271791,2431500,0.62098797,256,2124288,2124543,2124466,0
2124799,426358487163291,2390375,0.62856775,256,2124544,2124799,2124618,0
2125055,426358488068416,2301167,0.59053032,256,2124800,2125055,2124870,0
2125311,426358488993375,2246250,0.64044553,256,2125056,2125311,2125223,0
2125567,426358489839625,2247708,0.62097953,256,2125312,2125567,2125488,0
2125823,426358490714916,2248334,0.61062979,256,2125568,2125823,2125660,0
2126079,426358491652625,2145958,0.60962017,256,2125824,2126079,2126008,0
2126335,426358492570500,2081416,0.60518556,256,2126080,2126335,2126289,0
2126591,426358493446375,2042458,0.64102501,256,2126336,2126591,2126538,0
2126847,426358494311916,2015334,0.62939463,256,2126592,2126847,2126623,0
2127103,426358495274041,1871792,0.58867688,256,2126848,2127103,2127041,0
2127359,426358496162458,1818083,0.6443855,256,2127104,2127359,2127259,0
2127615,426358497062916,1780834,0.65614144,256,2127360,2127615,2127559,0
2127871,426358497902708,1745958,0.57842803,256,2127616,2127871,2127773,0
2128127,426358498816291,1686917,0.6332931,256,2127872,2128127,2128081,0
2128383,426358499698458,1620667,0.58710934,256,2128128,2128383,2128196,0
2128639,426358500594958,1546625,0.60331849,256,2128384,2128639,2128493,0
2128895,426358501506500,1438416,0.61998326,256,2128640,2128895,2128701,0
2129151,426358502398416,1384042,0.65400459,256,2128896,2129151,2129035,0
2129407,426358503180791,1409667,0.61290691,256,2129152,2129407,2129154,0
2129663,426358504092541,1354209,0.6458288,256,2129408,2129663,2129599,0
2129919,426358504960791,1305500,0.59749237,256,2129664,2129919,2129752,0
2130175,426358505882541,1210834,0.597402,256,2129920,2130175,2130061,0
2130431,426358506734208,1192583,0.66563199,256,2130176,2130431,2130416,0
2130687,426358507600375,1135208,0.61983034,256,2130432,2130687,2130526,0
2130943,426358508524166,1030459,0.61303204,256,2130688,2130943,2130869,0
2131199,426358509408000,955208,0.60281846,256,2130944,2131199,2131136,0
2131455,426358510240833,941042,0.59442221,256,2131200,2131455,2131299,0
2131711,426358511126041,857959,0.59648675,256,2131456,2131711,2131707,0
2131967,426358512028250,846166,0.59384777,256,2131712,2131967,2131879,0
2132223,426358512913208,859958,0.65585927,256,2131968,2132223,2132050,0
2132479,426358513780875,876666,0.63750405,256,2132224,2132479,2132395,0
2132735,426358514697958,1708750,0.65071636,256,2132480,2132735,2132698,0
2132991,426358515536916,1834875,0.60724357,256,2132736,2132991,2132742,0
2133247,426358516400291,1783042,0.61297029,256,2132992,2133247,2133178,0
2133503,426358517262916,1724959,0.62639294,256,2133248,2133503,2133314,0
2133759,426358518155750,1646541,0.61854913,256,2133504,2133759,2133631,0
2134015,426358518977208,1636208,0.6080745,256,2133760,2134015,2133995,0
2134271,426358519808791,1633709,0.63534921,256,2134016,2134271,2134202,0
2134527,426358520667416,1616709,0.61000586,256,2134272,2134527,2134365,0
2134783,426358521542666,1554750,0.59199943,256,2134528,2134783,2134650,0
2135039,426358522424750,1486666,0.62598071,256,2134784,2135039,2134911,0
2135295,426358523333125,1394375,0.60876253,256,2135040,2135295,2135063,0
2135551,426358524215666,1309125,0.62042115,256,2135296,2135551,2135310,0
2135807,426358525129625,1190125,0.60044824,256,2135552,2135807,2135687,0
2136063,426358526005875,1187333,0.62258164,256,2135808,2136063,2136031,0
2136319,426358526867666,1138167,0.61672773,256,2136064,2136319,2136177,0
2136575,426358527757875,1056083,0.63793373,256,2136320,2136575,2136484,0
2136831,426358528649416,1012834,0.65676825,256,2136576,2136831,2136807,0
2137087,426358529493083,956792,0.58900255,256,2136832,2137087,2136941,0
2137343,426358530406041,899959,0.65068601,256,2137088,2137343,2137136,0
2137599,426358531298916,832959,0.65469798,256,2137344,2137599,2137363,0
2137855,426358532153875,1715583,0.61766377,256,2137600,2137855,2137852,0
2138111,426358533071541,1783209,0.59563738,256,2137856,2138111,2137928,0
2138367,426358533990458,1684750,0.59642016,256,2138112,2138367,2138174,0
2138623,426358534911333,1609333,0.66309834,256,2138368,2138623,2138535,0
2138879,426358535817625,1532166,0.61057383,256,2138624,2138879,2138830,0
2139135,426358536727541,1455292,0.59880173,256,2138880,2139135,2138927,0
2139391,426358537623666,1390459,0.60759245,256,2139136,2139391,2139191,0
2139647,426358538513833,1328208,0.65781552,256,2139392,2139647,2139424,0
2139903,426358539412958,1255208,0.63380544,256,2139648,2139903,2139704,0
2140159,426358540300916,1201125,0.60113956,256,2139904,2140159,2140093,0
2140415,426358541152208,1172833,0.62129579,256,2140160,2140415,2140357,0
2140671,426358542029708,1159833,0.62064396,256,2140416,2140671,2140657,0
2140927,426358542904083,1102583,0.60302827,256,2140672,2140927,2140880,0
2141183,426358543754208,1088917,0.60785975,256,2140928,2141183,2141179,0
2141439,426358544611083,1080292,0.61596974,256,2141184,2141439,2141397,0
2141695,426358545501208,1012083,0.57658246,256,2141440,2141695,2141494,0
2141951,426358546392833,939542,0.62374666,256,2141696,2141951,2141951,0
2142207,426358547268750,902083,0.6010083,256,2141952,2142207,2142117,0
2142463,426358548140750,847125,0.58368317,256,2142208,2142463,2142310,0
2142719,426358549036083,1605708,0.58232311,256,2142464,2142719,2142585,0
2142975,426358549893875,1811333,0.6099363,256,2142720,2142975,2142804,0
2143231,426358550730000,1796791,0.58881237,256,2142976,2143231,2143112,0
2143487,426358551678708,1706292,0.61528807,256,2143232,2143487,2143281,0
2143743,426358552559750,1661375,0.60228561,256,2143488,2143743,2143523,0
2143999,426358553417083,1625042,0.65134198,256,2143744,2143999,2143862,0
2144255,426358554310625,1550375,0.62799196,256,2144000,2144255,2144136,0
2144511,426358555188583,1497958,0.64382915,256,2144256,2144511,2144454,0
2144767,426358556071041,1451959,0.61922696,256,2144512,2144767,2144668,0
2145023,426358556974333,1370917,0.60329803,256,2144768,2145023,2144799,0
2145279,426358557844250,1317666,0.62816033,256,2145024,2145279,2145159,0
2145535,426358558691916,1274709,0.64913908,256,2145280,2145535,2145529,0
2145791,426358559592583,1187083,0.5909622,256,2145536,2145791,2145680,0
2146047,426358560555458,1059083,0.59932455,256,2145792,2146047,2145820,0
2146303,426358561394333,1049375,0.61677297,256,2146048,2146303,2146227,0
2146559,426358562245458,1033667,0.65642894,256,2146304,2146559,2146328,0
2146815,426358563138041,949375,0.58687898,256,2146560,2146815,2146724,0
2147071,426358563985333,899625,0.5812468,256,2146816,2147071,2147029,0
2147327,426358564894541,830917,0.60889053,256,2147072,2147327,2147192,0
2147583,426358565745291,1581042,0.6789547,256,2147328,2147583,2147564,0
2147839,426358566612375,1720916,0.63423499,256,2147584,2147839,2147770,0
2148095,426358567430208,1706958,0.62730144,256,2147840,2148095,2147963,0
2148351,426358568292125,1621708,0.57473111,256,2148096,2148351,2148260,0
2148607,426358569175916,1542959,0.64256733,256,2148352,2148607,2148558,0
2148863,426358570053291,1491250,0.62837244,256,2148608,2148863,2148738,0
2149119,426358570989083,1372333,0.5982365,256,2148864,2149119,2148934,0
2149375,426358571827875,1334916,0.60359799,256,2149120,2149375,2149210,0
2149631,426358572727333,1219292,0.56453933,256,2149376,2149631,2149549,0
2149887,426358573597333,1143292,0.59659302,256,2149632,2149887,2149648,0
2150143,426358574539458,1011125,0.61424866,256,2149888,2150143,2150051,0
2150399,426358575400125,962250,0.62930165,256,2150144,2150399,2150343,0
2150655,426358576251916,931334,0.58270619,256,2150400,2150655,2150654,0
2150911,426358577086083,893667,0.58112582,256,2150656,2150911,2150827,0
2151167,426358578006333,829500,0.62488011,256,2150912,2151167,2150957,0
2151423,426358578849000,851333,0.58236464,256,2151168,2151423,2151396,0
2151679,426358579718500,838500,0.62010245,256,2151424,2151679,2151578,0
2151935,426358580623500,838000,0.61091659,256,2151680,2151935,2151830,0
2152191,426358581539791,1587459,0.59584126,256,2151936,2152191,2152094,0
2152447,426358582457791,1458917,0.60658991,256,2152192,2152447,2152213,0
2152703,426358583356708,1371458,0.61519844,256,2152448,2152703,2152489,0
2152959,426358584232083,1293042,0.60823272,256,2152704,2152959,2152905,0
2153215,426358585059208,1246167,0.61129457,256,2152960,2153215,2153016,0
2153471,426358585989666,1118584,0.60562089,256,2153216,2153471,2153295,0
2153727,426358586873250,1024625,0.60377393,256,2153472,2153727,2153520,0
2153983,426358587737791,988334,0.62713047,256,2153728,2153983,2153836,0
2154239,426358588670250,858041,0.61624675,256,2153984,2154239,2154195,0
2154495,426358589523166,826000,0.65692913,256,2154240,2154495,2154263,0
2154751,426358590324208,806625,0.60662932,256,2154496,2154751,2154587,0
2155007,426358591286916,787167,0.62261602,256,2154752,2155007,2154803,0
2155263,426358592189250,1066166,0.61549548,256,2155008,2155263,2155236,0
2155519,426358593045666,1007667,0.59284452,256,2155264,2155519,2155433,0
2155775,426358593955583,911417,0.60383213,256,2155520,2155775,2155690,0
2156031,426358594864458,805750,0.57129647,256,2155776,2156031,2155940,0
2156287,426358595739166,795792,0.58227665,256,2156032,2156287,2156062,0
2156543,426358596639083,825083,0.59378722,256,2156288,2156543,2156332,0
2156799,426358597505833,1607417,0.61128015,256,2156544,2156799,2156591,0
2157055,426358598376416,1766917,0.62494963,256,2156800,2157055,2156835,0
2157311,426358599233500,1717208,0.58792185,256,2157056,2157311,2157302,0
2157567,426358600121000,1663791,0.58728021,256,2157312,2157567,2157397,0
2157823,426358600993791,1638500,0.61263605,256,2157568,2157823,2157590,0
2158079,426358601888375,1545541,0.61526841,256,2157824,2158079,2157875,0
2158335,426358602771583,1481917,0.61289621,256,2158080,2158335,2158324,0
2158591,426358603663041,1456667,0.69292101,256,2158336,2158591,2158558,0
2158847,426358604515083,1451792,0.62522518,256,2158592,2158847,2158601,0
2159103,426358605432041,1394042,0.62245042,256,2158848,2159103,2159046,0
2159359,426358606284208,1344792,0.59416998,256,2159104,2159359,2159117,0
2159615,426358607201500,1266333,0.59891146,256,2159360,2159615,2159472,0
2159871,426358608154375,1139458,0.59348389,256,2159616,2159871,2159762,0
2160127,426358609057791,1056167,0.59958757,256,2159872,2160127,2159897,0
2160383,426358609985458,928875,0.60133077,256,2160128,2160383,2160289,0
2160639,426358610833708,930500,0.60591531,256,2160384,2160639,2160582,0
2160895,426358611762750,849541,0.63295032,256,2160640,2160895,2160666,0
2161151,426358612618875,836583,0.60153947,256,2160896,2161151,2161002,0
2161407,426358613521750,1604458,0.59158211,256,2161152,2161407,2161373,0
2161663,426358614400500,1790541,0.64671385,256,2161408,2161663,2161544,0
2161919,426358615300875,1726083,0.63386269,256,2161664,2161919,2161875,0
2162175,426358616190958,1680375,0.63145207,256,2161920,2162175,2162172,0
2162431,426358617093041,1623250,0.63753856,256,2162176,2162431,2162260,0
2162687,426358617984333,1572583,0.63687953,256,2162432,2162687,2162655,0
2162943,426358618866416,1519875,0.60181328,256,2162688,2162943,2162774,0
2163199,426358619738541,1455292,0.64143286,256,2162944,2163199,2162978,0
2163455,426358620651708,1369875,0.61257362,256,2163200,2163455,2163429,0
2163711,426358621560916,1265792,0.60967855,256,2163456,2163711,2163686,0
2163967,426358622448666,1192375,0.59341199,256,2163712,2163967,2163831,0
2164223,426358623314000,1183416,0.64639082,256,2163968,2164223,2164021,0
2164479,426358624178458,1148958,0.62883106,256,2164224,2164479,2164431,0
2164735,426358624981000,1140625,0.56860543,256,2164480,2164735,2164630,0
2164991,426358625905416,1034042,0.60529077,256,2164736,2164991,2164974,0
2165247,426358626768875,1007791,0.61130886,256,2164992,2165247,2165189,0
2165503,426358627653958,931333,0.5750652,256,2165248,2165503,2165347,0
2165759,426358628582875,829041,0.58355571,256,2165504,2165759,2165754,0
2166015,426358629450833,808333,0.58718128,256,2165760,2166015,2165933,0
2166271,426358630327791,1692292,0.61997599,256,2166016,2166271,2166045,0
2166527,426358631208166,1788792,0.59411462,256,2166272,2166527,2166458,0
2166783,426358632096875,1725541,0.63354144,256,2166528,2166783,2166553,0
2167039,426358632995958,1637000,0.61077366,256,2166784,2167039,2166792,0
2167295,426358633817583,1634333,0.59877957,256,2167040,2167295,2167263,0
2167551,426358634727958,1540250,0.60738056,256,2167296,2167551,2167316,0
2167807,426358635602708,1479292,0.61848223,256,2167552,2167807,2167567,0
2168063,426358636448000,1458166,0.61213227,256,2167808,2168063,2168026,0
2168319,426358637336333,1376458,0.59197516,256,2168064,2168319,2168185,0
2168575,426358638290416,1243792,0.59319544,256,2168320,2168575,2168469,0
2168831,426358639195958,1148792,0.59242797,256,2168576,2168831,2168764,0
2169087,426358640042166,1117042,0.58565776,256,2168832,2169087,2168869,0
2169343,426358640897791,1100459,0.6337925,256,2169088,2169343,2169185,0
2169599,426358641756666,1076417,0.62627704,256,2169344,2169599,2169375,0
2169855,426358642654916,986417,0.58328891,256,2169600,2169855,2169794,0
2170111,426358643564458,901000,0.61252297,256,2169856,2170111,2170042,0
2170367,426358644428708,878542,0.63678324,256,2170112,2170367,2170318,0
2170623,426358645269083,853792,0.61420734,256,2170368,2170623,2170414,0
2170879,426358646183708,828375,0.60904724,256,2170624,2170879,2170774,0
2171135,426358647040000,806250,0.60613878,256,2170880,2171135,2171059,0
2171391,426358647927500,796791,0.60333579,256,2171136,2171391,2171168,0
2171647,426358648823958,858625,0.61424834,256,2171392,2171647,2171517,0
2171903,426358649721166,847709,0.59625723,256,2171648,2171903,2171789,0
2172159,426358650630250,830666,0.61436095,256,2171904,2172159,2172096,0
2172415,426358651506541,1660542,0.63025999,256,2172160,2172415,2172376,0
2172671,426358652376416,1804250,0.66362755,256,2172416,2172671,2172543,0
2172927,426358653304666,1714875,0.62217051,256,2172672,2172927,2172917,0
2173183,426358654144791,1719959,0.61708042,256,2172928,2173183,2173174,0
2173439,426358655038625,1666333,0.64805175,256,2173184,2173439,2173382,0
2173695,426358655933291,1595500,0.60259417,256,2173440,2173695,2173615,0
2173951,426358656882791,1461417,0.62971467,256,2173696,2173951,2173773,0
2174207,426358657776333,1392042,0.6198063,256,2173952,2174207,2173982,0
2174463,426358658679916,1297542,0.62529003,256,2174208,2174463,2174439,0
2174719,426358659549416,1248834,0.60866964,256,2174464,2174719,2174643,0
2174975,426358660440583,1169417,0.62864922,256,2174720,2174975,2174749,0
2175231,426358661305375,1138333,0.62037311,256,2174976,2175231,2175030,0
2175487,426358662138208,1115917,0.5705806,256,2175232,2175487,2175385,0
2175743,426358663039666,1066667,0.63898438,256,2175488,2175743,2175524,0
2175999,426358663918916,979167,0.60579449,256,2175744,2175999,2175865,0
2176255,426358664780416,943625,0.59432828,256,2176000,2176255,2176156,0
2176511,426358665656208,873542,0.57141594,256,2176256,2176511,2176495,0
2176767,426358666517333,868000,0.58731305,256,2176512,2176767,2176756,0
2177023,426358667378916,2754584,0.59258233,256,2176768,2177023,2176966,0
2177279,426358670209833,915292,0.63939749,256,2177024,2177279,2177044,0
2177535,426358670219208,1725333,0.63027226,256,2177280,2177535,2177374,0
2177791,426358670228583,2525083,0.58755874,256,2177536,2177791,2177610,0
2178047,426358670968833,2618750,0.62146377,256,2177792,2178047,2177982,0
2178303,426358671874625,2535666,0.60246461,256,2178048,2178303,2178132,0
2178559,426358672746208,2478792,0.59872554,256,2178304,2178559,2178429,0
2178815,426358673609541,2424042,0.59446178,256,2178560,2178815,2178809,0
2179071,426358674496875,2343875,0.60944565,256,2178816,2179071,2178879,0
2179327,426358675363375,2325791,0.61940373,256,2179072,2179327,2179121,0
2179583,426358676234833,2268583,0.64121584,256,2179328,2179583,2179528,0
2179839,426358677207166,2150750,0.60850876,256,2179584,2179839,2179793,0
2180095,426358678060291,2102042,0.59243858,256,2179840,2180095,2180049,0
2180351,426358678965541,2014375,0.63755647,256,2180096,2180351,2180220,0
2180607,426358679909666,1897917,0.61990284,256,2180352,2180607,2180394,0
2180863,426358680791541,1850500,0.6298314,256,2180608,2180863,2180816,0
2181119,426358681688083,1774875,0.5681895,256,2180864,2181119,2181068,0
2181375,426358682569458,1701000,0.58800449,256,2181120,2181375,2181254,0
2181631,426358683481208,1601417,0.58821582,256,2181376,2181631,2181558,0
2181887,426358684340458,1561042,0.61040398,256,2181632,2181887,2181805,0
2182143,426358685127666,1575750,0.6066355,256,2181888,2182143,2182016,0
2182399,426358686029333,1488875,0.57977163,256,2182144,2182399,2182353,0
2182655,426358686957041,1408834,0.65932005,256,2182400,2182655,2182599,0
2182911,426358687826416,1357709,0.594451,256,2182656,2182911,2182812,0
2183167,426358688700791,1328167,0.60274246,256,2182912,2183167,2183133,0
2183423,426358689571625,1273083,0.59988771,256,2183168,2183423,2183364,0
2183679,426358690479500,1213541,0.61212021,256,2183424,2183679,2183568,0
2183935,426358691422916,1113167,0.6686183,256,2183680,2183935,2183692,0
2184191,426358692297458,1042958,0.60951265,256,2183936,2184191,2184032,0
2184447,426358693181833,1031167,0.64193169,256,2184192,2184447,2184347,0
2184703,426358694087916,938667,0.58499298,256,2184448,2184703,2184588,0
2184959,426358694989583,861583,0.58960647,256,2184704,2184959,2184954,0
2185215,426358695778708,878625,0.6016676,256,2184960,2185215,2185064,0
2185471,426358696685708,837958,0.61858467,256,2185216,2185471,2185336,0
2185727,426358697587375,865458,0.59487259,256,2185472,2185727,2185695,0
2185983,426358698475333,871667,0.57453155,256,2185728,2185983,2185774,0
2186239,426358699375833,813917,0.58325845,256,2185984,2186239,2186087,0
2186495,426358700218250,824916,0.59289488,256,2186240,2186495,2186448,0
2186751,426358701186375,1665000,0.62981849,256,2186496,2186751,2186568,0
2187007,426358702060333,1783708,0.61250639,256,2186752,2187007,2186967,0
2187263,426358702954708,1761625,0.65859587,256,2187008,2187263,2187048,0
2187519,426358703830416,1693792,0.60433851,256,2187264,2187519,2187327,0
2187775,426358704677875,1654875,0.60328128,256,2187520,2187775,2187525,0
2188031,426358705576291,1580375,0.57827709,256,2187776,2188031,2187900,0
2188287,426358706456000,1513083,0.6051523,256,2188032,2188287,2188138,0
2188543,426358707262333,1527083,0.60298794,256,2188288,2188543,2188341,0
2188799,426358708181000,1402791,0.59933504,256,2188544,2188799,2188796,0
2189055,426358709033458,1380958,0.6392072,256,2188800,2189055,2189053,0
2189311,426358709923166,1293292,0.64303692,256,2189056,2189311,2189078,0
2189567,426358710889416,1149917,0.58952888,256,2189312,2189567,2189516,0
2189823,426358711721791,1131334,0.61402743,256,2189568,2189823,2189611,0
2190079,426358712634291,1068709,0.61915101,256,2189824,2190079,2189963,0
2190335,426358713463375,1048416,0.61467062,256,2190080,2190335,2190317,0
2190591,426358714359000,970375,0.60362462,256,2190336,2190591,2190357,0
2190847,426358715253083,902250,0.5910827,256,2190592,2190847,2190815,0
2191103,426358716100666,876042,0.60441898,256,2190848,2191103,2190906,0
2191359,426358717043750,1402583,0.61028263,256,2191104,2191359,2191281,0
2191615,426358717867041,1452834,0.66421782,256,2191360,2191615,2191410,0
2191871,426358718725291,1431125,0.64918656,256,2191616,2191871,2191800,0
2192127,426358719654666,1331834,0.62763628,256,2191872,2192127,2191924,0
2192383,426358720553750,1257375,0.59030164,256,2192128,2192383,2192263,0
2192639,426358721429500,1269541,0.65669599,256,2192384,2192639,2192546,0
2192895,426358722303416,1224959,0.59736265,256,2192640,2192895,2192835,0
2193151,426358723194208,1160458,0.62120374,256,2192896,2193151,2193029,0
2193407,426358724135583,1058958,0.60691563,256,2193152,2193407,2193171,0
2193663,426358725024083,1278000,0.60772612,256,2193408,2193663,2193425,0
2193919,426358725950000,910708,0.61228407,256,2193664,2193919,2193891,0
2194175,426358726871958,1007250,0.62012724,256,2193920,2194175,2193966,0
2194431,426358727731125,978250,0.62712254,256,2194176,2194431,2194281,0
2194687,426358728607208,908667,0.59939127,256,2194432,2194687,2194578,0
2194943,426358729508625,860875,0.62206653,256,2194688,2194943,2194923,0
2195199,426358730395166,839375,0.62019624,256,2194944,2195199,2195197,0
2195455,426358731359791,857084,0.62414991,256,2195200,2195455,2195367,0
2195711,426358732249791,1612000,0.62464416,256,2195456,2195711,2195509,0
2195967,426358733098041,2344792,0.59181943,256,2195712,2195967,2195962,0
2196223,426358733917875,2887583,0.63017868,256,2195968,2196223,2196085,0
2196479,426358734824500,2797208,0.61242889,256,2196224,2196479,2196400,0
2196735,426358735734750,2692625,0.59227937,256,2196480,2196735,2196660,0
2196991,426358736636125,2621875,0.59442219,256,2196736,2196991,2196912,0
2197247,426358737565958,2502250,0.63925784,256,2196992,2197247,2197231,0
2197503,426358738535291,2368292,0.61598194,256,2197248,2197503,2197317,0
2197759,426358739426166,2297209,0.58870569,256,2197504,2197759,2197567,0
2198015,426358740341666,2209375,0.61103145,256,2197760,2198015,2197792,0
2198271,426358741217708,2166625,0.61090879,256,2198016,2198271,2198079,0
2198527,426358742134208,2096208,0.61692627,256,2198272,2198527,2198449,0
2198783,426358743033875,2026083,0.59929395,256,2198528,2198783,2198638,0
2199039,426358743874291,2021792,0.64087453,256,2198784,2199039,2198872,0
2199295,426358744699750,2004083,0.6315689,256,2199040,2199295,2199100,0
2199551,426358745604541,1924542,0.58586341,256,2199296,2199551,2199543,0
2199807,426358746460333,1931667,0.63829549,256,2199552,2199807,2199582,0
2200063,426358747308958,1953875,0.60755528,256,2199808,2200063,2199992,0
2200319,426358748220541,1891042,0.60530327,256,2200064,2200319,2200165,0
2200575,426358749109416,1854250,0.62263458,256,2200320,2200575,2200529,0
2200831,426358750007666,1816292,0.60779822,256,2200576,2200831,2200800,0
2201087,426358750940500,1717666,0.60230919,256,2200832,2201087,2200956,0
2201343,426358751844708,1641250,0.59317879,256,2201088,2201343,2201154,0
2201599,426358752777500,1561500,0.63330478,256,2201344,2201599,2201378,0
2201855,426358753612958,1577458,0.64410942,256,2201600,2201855,2201775,0
2202111,426358754515958,1532750,0.59992807,256,2201856,2202111,2202083,0
2202367,426358755377833,1502917,0.6023155,256,2202112,2202367,2202198,0
2202623,426358756281541,1463625,0.6196173,256,2202368,2202623,2202563,0
2202879,426358757122916,1496542,0.6397648,256,2202624,2202879,2202632,0
2203135,426358758031333,1440417,0.60877202,256,2202880,2203135,2202968,0
2203391,426358758930000,1395458,0.62750057,256,2203136,2203391,2203340,0
2203647,426358759838541,1361792,0.63772835,256,2203392,2203647,2203564,0
2203903,426358760758291,1313792,0.61225154,256,2203648,2203903,2203693,0
2204159,426358761727000,1207916,0.64164905,256,2203904,2204159,2203983,0
2204415,426358762613333,1187792,0.64319282,256,2204160,2204415,2204236,0
2204671,426358763436500,1210416,0.62274917,256,2204416,2204671,2204562,0
2204927,426358764287166,1245917,0.63732299,256,2204672,2204927,2204909,0
2205183,426358765121083,1234667,0.574203,256,2204928,2205183,2205132,0
2205439,426358765988583,1244542,0.64122953,256,2205184,2205439,2205392,0
2205695,426358766904750,1183125,0.64987984,256,2205440,2205695,2205685,0
2205951,426358767777250,1178750,0.60605493,256,2205696,2205951,2205837,0
2206207,426358768680250,1135250,0.59472973,256,2205952,2206207,2205983,0
2206463,426358769596541,1085209,0.65296432,256,2206208,2206463,2206301,0
2206719,426358770514958,1004125,0.61340293,256,2206464,2206719,2206526,0
2206975,426358771401958,980167,0.64018076,256,2206720,2206975,2206720,0
2207231,426358772336625,878958,0.63829761,256,2206976,2207231,2207086,0
2207487,426358773207625,865250,0.61976185,256,2207232,2207487,2207469,0
2207743,426358774100958,901417,0.58714956,256,2207488,2207743,2207579,0
2207999,426358775045166,2389042,0.64076093,256,2207744,2207999,2207886,0
2208255,426358775942916,1493209,0.61442276,256,2208000,2208255,2208215,0
2208511,426358777454750,959041,0.64467236,256,2208256,2208511,2208411,0
2208767,426358778175458,1086083,0.62364927,256,2208512,2208767,2208705,0
2209023,426358778616333,1518833,0.64039392,256,2208768,2209023,2209012,0
2209279,426358779509791,1481042,0.67610459,256,2209024,2209279,2209061,0
2209535,426358780373250,1458750,0.64185669,256,2209280,2209535,2209531,0
2209791,426358781226708,1452125,0.63188469,256,2209536,2209791,2209553,0
2210047,426358782131666,1386584,0.60819544,256,2209792,2210047,2209835,0
2210303,426358783025666,1343084,0.60853292,256,2210048,2210303,2210172,0
2210559,426358783955208,1274375,0.62492758,256,2210304,2210559,2210455,0
2210815,426358784787375,1300708,0.67894507,256,2210560,2210815,2210670,0
2211071,426358785678625,1255583,0.60293968,256,2210816,2211071,2210874,0
2211327,426358786511750,1296791,0.64961557,256,2211072,2211327,2211141,0
2211583,426358787449750,1208333,0.65605684,256,2211328,2211583,2211445,0
2211839,426358788345708,1164042,0.63862436,256,2211584,2211839,2211769,0
2212095,426358789207625,1156666,0.61520012,256,2211840,2212095,2211924,0
2212351,426358790040000,1218666,0.64809905,256,2212096,2212351,2212177,0
2212607,426358790904500,1208166,0.58713887,256,2212352,2212607,2212534,0
2212863,426358791755750,1202958,0.61548058,256,2212608,2212863,2212614,0
2213119,426358792663375,1152000,0.64472019,256,2212864,2213119,2213083,0
2213375,426358793565125,1096125,0.6103563,256,2213120,2213375,2213170,0
2213631,426358794436875,1092041,0.6762325,256,2213376,2213631,2213542,0
2213887,426358795315458,1048208,0.59521602,256,2213632,2213887,2213768,0
2214143,426358796220041,996792,0.63039284,256,2213888,2214143,2213973,0
2214399,426358797107666,941500,0.65093792,256,2214144,2214399,2214183,0
2214655,426358797912625,964458,0.61951663,256,2214400,2214655,2214506,0
2214911,426358798807708,904292,0.60176922,256,2214656,2214911,2214706,0
2215167,426358799672625,859041,0.62346011,256,2214912,2215167,2215153,0
2215423,426358800620000,879500,0.62318861,256,2215168,2215423,2215354,0
2215679,426358801403958,983083,0.60593528,256,2215424,2215679,2215509,0
2215935,426358802281291,985584,0.60674639,256,2215680,2215935,2215743,0
2216191,426358803126333,1002333,0.61005339,256,2215936,2216191,2216139,0
2216447,426358804045291,927167,0.62176583,256,2216192,2216447,2216319,0
2216703,426358804937416,932250,0.67761214,256,2216448,2216703,2216606,0
2216959,426358805830291,880209,0.58217656,256,2216704,2216959,2216868,0
2217215,426358806775708,877125,0.63351258,256,2216960,2217215,2216970,0
2217471,426358807665916,912167,0.6318691,256,2217216,2217471,2217349,0
2217727,426358808588416,873709,0.60372303,256,2217472,2217727,2217572,0
2217983,426358809465291,1721042,0.5882785,256,2217728,2217983,2217751,0
2218239,426358810283583,1891875,0.59024759,256,2217984,2218239,2218099,0
2218495,426358811189458,1820375,0.6188372,256,2218240,2218495,2218420,0
2218751,426358812039791,1817375,0.68728591,256,2218496,2218751,2218577,0
2219007,426358812955000,1732750,0.61264445,256,2218752,2219007,2218860,0
2219263,426358813801958,1722250,0.61710258,256,2219008,2219263,2219209,0
2219519,426358814720541,1613625,0.60008443,256,2219264,2219519,2219360,0
2219775,426358815605708,1580583,0.6453923,256,2219520,2219775,2219761,0
2220031,426358816552916,1483500,0.63490297,256,2219776,2220031,2219931,0
2220287,426358817431416,1483667,0.6416423,256,2220032,2220287,2220262,0
2220543,426358818292958,1438333,0.60697028,256,2220288,2220543,2220435,0
2220799,426358819180250,1408916,0.63129476,256,2220544,2220799,2220723,0
2221055,426358820019375,1378375,0.64913662,256,2220800,2221055,2221021,0
2221311,426358820917791,1310750,0.60271673,256,2221056,2221311,2221302,0
2221567,426358821777041,1306625,0.64973736,256,2221312,2221567,2221379,0
2221823,426358822645791,1260000,0.61284035,256,2221568,2221823,2221740,0
2222079,426358823507416,1247334,0.64470687,256,2221824,2222079,2222057,0
2222335,426358824389750,1188291,0.59847605,256,2222080,2222335,2222228,0
2222591,426358825237000,1200375,0.68487594,256,2222336,2222591,2222573,0
2222847,426358826101541,1200167,0.65457102,256,2222592,2222847,2222634,0
2223103,426358826982125,1191125,0.63492915,256,2222848,2223103,2223095,0
2223359,426358827911291,1086125,0.60637673,256,2223104,2223359,2223184,0
2223615,426358828821750,1018125,0.64038003,256,2223360,2223615,2223424,0
2223871,426358829681000,976750,0.60458498,256,2223616,2223871,2223626,0
2224127,426358830570500,899708,0.61138184,256,2223872,2224127,2223938,0
2224383,426358831450375,845333,0.59470801,256,2224128,2224383,2224345,0
2224639,426358832315958,842083,0.62856775,256,2224384,2224639,2224618,0
2224895,426358833192958,900917,0.61952238,256,2224640,2224895,2224649,0
2225151,426358834153041,903125,0.6257972,256,2224896,2225151,2225107,0
2225407,426358835025875,889625,0.64044553,256,2225152,2225407,2225223,0
2225663,426358835885125,909708,0.62097953,256,2225408,2225663,2225488,0
2225919,426358836771625,885208,0.60027526,256,2225664,2225919,2225892,0
2226175,426358837704041,886375,0.60962017,256,2225920,2226175,2226008,0
2226431,426358838595958,918750,0.61720247,256,2226176,2226431,2226347,0
2226687,426358839490166,877834,0.64102501,256,2226432,2226687,2226538,0
2226943,426358840379375,861666,0.58298577,256,2226688,2226943,2226939,0
2227199,426358841311000,1208541,0.59691529,256,2226944,2227199,2227134,0
2227455,426358842203250,1180333,0.6443855,256,2227200,2227455,2227259,0
2227711,426358843073416,1188875,0.65614144,256,2227456,2227711,2227559,0
2227967,426358843915875,1217875,0.61236989,256,2227712,2227967,2227933,0
2228223,426358844832500,1146625,0.6332931,256,2227968,2228223,2228081,0
2228479,426358845769291,1048250,0.58076314,256,2228224,2228479,2228452,0
2228735,426358846618208,1050458,0.61998326,256,2228480,2228735,2228701,0
2228991,426358847534916,962500,0.59439807,256,2228736,2228991,2228800,0
2229247,426358848397708,965208,0.65400459,256,2228992,2229247,2229035,0
2229503,426358849238208,956583,0.5924986,256,2229248,2229503,2229492,0
2229759,426358850138250,938500,0.6458288,256,2229504,2229759,2229599,0
2230015,426358851031750,889083,0.57496355,256,2229760,2230015,2229961,0
2230271,426358851915833,859167,0.61188899,256,2230016,2230271,2230235,0
2230527,426358852751958,868042,0.66563199,256,2230272,2230527,2230416,0
2230783,426358853669625,877541,0.61237411,256,2230528,2230783,2230771,0
2231039,426358854530000,827375,0.61303204,256,2230784,2231039,2230869,0
2231295,426358855452958,854167,0.60281846,256,2231040,2231295,2231136,0
2231551,426358856295541,865542,0.59442221,256,2231296,2231551,2231299,0
2231807,426358857189166,832292,0.59648675,256,2231552,2231807,2231707,0
2232063,426358858075458,836708,0.65585927,256,2231808,2232063,2232050,0
2232319,426358858935666,896667,0.63461657,256,2232064,2232319,2232128,0
2232575,426358859833416,866834,0.63750405,256,2232320,2232575,2232395,0
2232831,426358860725083,876125,0.65071636,256,2232576,2232831,2232698,0
2233087,426358861561375,867625,0.59603534,256,2232832,2233087,2232882,0
2233343,426358862448958,836125,0.62639294,256,2233088,2233343,2233314,0
2233599,426358863308166,842500,0.6146565,256,2233344,2233599,2233353,0
2233855,426358864154625,836625,0.61854913,256,2233600,2233855,2233631,0
2234111,426358864988083,849750,0.6080745,256,2233856,2234111,2233995,0
2234367,426358865846000,1675208,0.63534921,256,2234112,2234367,2234202,0
2234623,426358866687583,1847333,0.59496119,256,2234368,2234623,2234459,0
2234879,426358867571166,1798459,0.59199943,256,2234624,2234879,2234650,0
2235135,426358868429541,1794917,0.62598071,256,2234880,2235135,2234911,0
2235391,426358869387083,1661833,0.62042115,256,2235136,2235391,2235310,0
2235647,426358870295583,1555542,0.58537973,256,2235392,2235647,2235521,0
2235903,426358871138833,1543875,0.60044824,256,2235648,2235903,2235687,0
2236159,426358872006666,1549209,0.62258164,256,2235904,2236159,2236031,0
2236415,426358872908166,1502459,0.61672773,256,2236160,2236415,2236177,0
2236671,426358873815041,1469750,0.63793373,256,2236416,2236671,2236484,0
2236927,426358874694291,1430292,0.65676825,256,2236672,2236927,2236807,0
2237183,426358875546083,1411625,0.65068601,256,2236928,2237183,2237136,0
2237439,426358876436208,1371750,0.65469798,256,2237184,2237439,2237363,0
2237695,426358877351500,1283708,0.63176897,256,2237440,2237695,2237523,0
2237951,426358878212291,1257417,0.61766377,256,2237696,2237951,2237852,0
2238207,426358879117708,1184250,0.59642016,256,2237952,2238207,2238174,0
2238463,426358880045166,1065834,0.59249444,256,2238208,2238463,2238446,0
2238719,426358880945041,1007375,0.66309834,256,2238464,2238719,2238535,0
2238975,426358881875041,917542,0.61057383,256,2238720,2238975,2238830,0
2239231,426358882752791,877709,0.60759245,256,2238976,2239231,2239191,0
2239487,426358883663041,1655459,0.65781552,256,2239232,2239487,2239424,0
2239743,426358884554583,2389042,0.63992472,256,2239488,2239743,2239588,0
2239999,426358885472166,3054375,0.59752637,256,2239744,2239999,2239856,0
2240255,426358886318916,3091084,0.60113956,256,2240000,2240255,2240093,0
2240511,426358887177000,3068916,0.62129579,256,2240256,2240511,2240357,0
2240767,426358888072666,3020500,0.62064396,256,2240512,2240767,2240657,0
2241023,426358888921250,2994458,0.60302827,256,2240768,2241023,2240880,0
2241279,426358889801041,2976917,0.60785975,256,2241024,2241279,2241179,0
2241535,426358890643375,2939958,0.61596974,256,2241280,2241535,2241397,0
2241791,426358891555458,2866833,0.57327156,256,2241536,2241791,2241538,0
2242047,426358892426791,2811750,0.62374666,256,2241792,2242047,2241951,0
2242303,426358893314333,2750875,0.6010083,256,2242048,2242303,2242117,0
2242559,426358894183375,2699416,0.58368317,256,2242304,2242559,2242310,0
2242815,426358895052250,2657583,0.6099363,256,2242560,2242815,2242804,0
2243071,426358895926958,2610792,0.60861314,256,2242816,2243071,2242938,0
2243327,426358896794625,2600208,0.61528807,256,2243072,2243327,2243281,0
2243583,426358897726208,2509083,0.60228561,256,2243328,2243583,2243523,0
2243839,426358898585250,2465500,0.60940541,256,2243584,2243839,2243775,0
2244095,426358899458250,2397666,0.65134198,256,2243840,2244095,2243862,0
2244351,426358900359375,2327666,0.62799196,256,2244096,2244351,2244136,0
2244607,426358901242333,2279292,0.64382915,256,2244352,2244607,2244454,0
2244863,426358902145125,2198291,0.61922696,256,2244608,2244863,2244668,0
2245119,426358902986833,2183292,0.59839023,256,2244864,2245119,2245031,0
2245375,426358903870208,2103833,0.62816033,256,2245120,2245375,2245159,0
2245631,426358904711166,2079167,0.64913908,256,2245376,2245631,2245529,0
2245887,426358905639083,1971167,0.59932455,256,2245632,2245887,2245820,0
2246143,426358906597500,1837208,0.60932984,256,2245888,2246143,2246129,0
2246399,426358907448250,1810208,0.65642894,256,2246144,2246399,2246328,0
2246655,426358908280166,1814709,0.61479246,256,2246400,2246655,2246554,0
2246911,426358909160875,1748250,0.58687898,256,2246656,2246911,2246724,0
2247167,426358910014250,1710958,0.59428629,256,2246912,2247167,2247161,0
2247423,426358910936791,1598209,0.60937281,256,2247168,2247423,2247410,0
2247679,426358911792958,1593000,0.6789547,256,2247424,2247679,2247564,0
2247935,426358912634291,1546209,0.63423499,256,2247680,2247935,2247770,0
2248191,426358913428125,1582416,0.62730144,256,2247936,2248191,2247963,0
2248447,426358914333000,1481458,0.57515766,256,2248192,2248447,2248396,0
2248703,426358915222416,1433334,0.64256733,256,2248448,2248703,2248558,0
2248959,426358916139708,1349750,0.62837244,256,2248704,2248959,2248738,0
2249215,426358917023750,1311416,0.60359799,256,2248960,2249215,2249210,0
2249471,426358917870041,1276334,0.58793211,256,2249216,2249471,2249267,0
2249727,426358918765375,1186458,0.59659302,256,2249472,2249727,2249648,0
2249983,426358919668333,1110125,0.5994441,256,2249728,2249983,2249925,0
2250239,426358920576500,1011666,0.61424866,256,2249984,2250239,2250051,0
2250495,426358921436333,982958,0.62930165,256,2250240,2250495,2250343,0
2250751,426358922305583,948417,0.58270619,256,2250496,2250751,2250654,0
2251007,426358923136333,945125,0.62488011,256,2250752,2251007,2250957,0
2251263,426358924031083,873375,0.59512176,256,2251008,2251263,2251101,0
2251519,426358924897208,867292,0.60048011,256,2251264,2251519,2251516,0
2251775,426358925757416,847834,0.62010245,256,2251520,2251775,2251578,0
2252031,426358926693541,1140334,0.61091659,256,2251776,2252031,2251830,0
2252287,426358927583291,1067875,0.60658991,256,2252032,2252287,2252213,0
2252543,426358928497500,979041,0.61519844,256,2252288,2252543,2252489,0
2252799,426358929347666,957459,0.59425728,256,2252544,2252799,2252738,0
2253055,426358930262083,867958,0.61129457,256,2252800,2253055,2253016,0
2253311,426358931114833,825208,0.60562089,256,2253056,2253311,2253295,0
2253567,426358932031708,1600958,0.60377393,256,2253312,2253567,2253520,0
2253823,426358932911833,1734333,0.60232928,256,2253568,2253823,2253818,0
2254079,426358933784125,1694666,0.62713047,256,2253824,2254079,2253836,0
2254335,426358934706291,1577625,0.65692913,256,2254080,2254335,2254263,0
2254591,426358935538083,1537583,0.61805452,256,2254336,2254591,2254465,0
2254847,426358936423500,1435166,0.62261602,256,2254592,2254847,2254803,0
2255103,426358937327291,1317000,0.57629691,256,2254848,2255103,2255030,0
2255359,426358938230250,1205000,0.61549548,256,2255104,2255359,2255236,0
2255615,426358939078500,1156791,0.59535012,256,2255360,2255615,2255536,0
2255871,426358939984291,1060917,0.60383213,256,2255616,2255871,2255690,0
2256127,426358940902041,921542,0.58227665,256,2255872,2256127,2256062,0
2256383,426358941766166,840959,0.59378722,256,2256128,2256383,2256332,0
2256639,426358942690625,803416,0.61128015,256,2256384,2256639,2256591,0
2256895,426358943530458,851667,0.62494963,256,2256640,2256895,2256835,0
2257151,426358944436333,1598625,0.59723363,256,2256896,2257151,2257044,0
2257407,426358945263750,1785708,0.58792185,256,2257152,2257407,2257302,0
2257663,426358946137041,1712875,0.61263605,256,2257408,2257663,2257590,0
2257919,426358947044833,1630208,0.61526841,256,2257664,2257919,2257875,0
2258175,426358947908541,1543167,0.57622205,256,2257920,2258175,2257946,0
2258431,426358948791625,1481333,0.61289621,256,2258176,2258431,2258324,0
2258687,426358949702458,1443250,0.69292101,256,2258432,2258687,2258558,0
2258943,426358950580750,1377083,0.59034389,256,2258688,2258943,2258883,0
2259199,426358951446333,1319917,0.62245042,256,2258944,2259199,2259046,0
2259455,426358952366083,1193542,0.59387524,256,2259200,2259455,2259402,0
2259711,426358953265041,1087667,0.59891146,256,2259456,2259711,2259472,0
2259967,426358954212458,969583,0.59958757,256,2259712,2259967,2259897,0
2260223,426358955115208,837042,0.58000046,256,2259968,2260223,2260050,0
2260479,426358956004583,1580042,0.60133077,256,2260224,2260479,2260289,0
2260735,426358956881750,1772375,0.63295032,256,2260480,2260735,2260666,0
2260991,426358957794416,1674625,0.59501282,256,2260736,2260991,2260790,0
2261247,426358958655208,1630833,0.60153947,256,2260992,2261247,2261002,0
2261503,426358959556291,1533042,0.59158211,256,2261248,2261503,2261373,0
2261759,426358960424541,1492750,0.64671385,256,2261504,2261759,2261544,0
2262015,426358961333541,1437417,0.63386269,256,2261760,2262015,2261875,0
2262271,426358962221791,1353959,0.63753856,256,2262016,2262271,2262260,0
2262527,426358963129083,1244292,0.59024547,256,2262272,2262527,2262375,0
2262783,426358964041875,1156375,0.63687953,256,2262528,2262783,2262655,0
2263039,426358964904583,1099167,0.64143286,256,2262784,2263039,2262978,0
2263295,426358965800375,995375,0.57706709,256,2263040,2263295,2263164,0
2263551,426358966722291,881209,0.61257362,256,2263296,2263551,2263429,0
2263807,426358967599708,803208,0.60967855,256,2263552,2263807,2263686,0
2264063,426358968480791,827084,0.64639082,256,2263808,2264063,2264021,0
2264319,426358969331291,842834,0.62269165,256,2264064,2264319,2264092,0
2264575,426358970177291,1643625,0.62883106,256,2264320,2264575,2264431,0
2264831,426358971053833,1756250,0.56860543,256,2264576,2264831,2264630,0
2265087,426358971962958,1651792,0.60762078,256,2264832,2265087,2265012,0
2265343,426358972825875,1581166,0.61130886,256,2265088,2265343,2265189,0
2265599,426358973717375,1488541,0.5750652,256,2265344,2265599,2265347,0
2265855,426358974631541,1362375,0.58355571,256,2265600,2265855,2265754,0
2266111,426358975476958,1320875,0.61997599,256,2265856,2266111,2266045,0
2266367,426358976340750,1248125,0.60002854,256,2266112,2266367,2266212,0
2266623,426358977270708,1126000,0.63354144,256,2266368,2266623,2266553,0
2266879,426358978171208,1012542,0.61653147,256,2266624,2266879,2266699,0
2267135,426358979014958,958125,0.56357814,256,2266880,2267135,2266908,0
2267391,426358979883166,882542,0.60738056,256,2267136,2267391,2267316,0
2267647,426358980729125,819375,0.61848223,256,2267392,2267647,2267567,0
2267903,426358981608041,1648334,0.5728344,256,2267648,2267903,2267799,0
2268159,426358982484041,1776375,0.61213227,256,2267904,2268159,2268026,0
2268415,426358983381833,1659708,0.59197516,256,2268160,2268415,2268185,0
2268671,426358984352625,1538875,0.59319544,256,2268416,2268671,2268469,0
2268927,426358985234208,1420958,0.59242797,256,2268672,2268927,2268764,0
2269183,426358986043000,1433541,0.60667735,256,2268928,2269183,2269149,0
2269439,426358986925625,1346791,0.6337925,256,2269184,2269439,2269185,0
2269695,426358987821333,1234500,0.56935957,256,2269440,2269695,2269609,0
2269951,426358988694958,1147708,0.59063498,256,2269696,2269951,2269883,0
2270207,426358989586250,1072833,0.61252297,256,2269952,2270207,2270042,0
2270463,426358990443708,1023500,0.63678324,256,2270208,2270463,2270318,0
2270719,426358991310125,972833,0.59948209,256,2270464,2270719,2270710,0
2270975,426358992220291,852542,0.60904724,256,2270720,2270975,2270774,0
2271231,426358993087791,815125,0.60613878,256,2270976,2271231,2271059,0
2271487,426358993947958,1626875,0.59180814,256,2271232,2271487,2271400,0
2271743,426358994861666,1753542,0.61424834,256,2271488,2271743,2271517,0
2271999,426358995770750,1662000,0.59625723,256,2271744,2271999,2271789,0
2272255,426358996688791,1557459,0.61436095,256,2272000,2272255,2272096,0
2272511,426358997534833,1554333,0.63025999,256,2272256,2272511,2272376,0
2272767,426358998452208,1459583,0.66362755,256,2272512,2272767,2272543,0
2273023,426358999320250,1456208,0.62217051,256,2272768,2273023,2272917,0
2273279,426359000182916,1432875,0.61708042,256,2273024,2273279,2273174,0
2273535,426359001078125,1367291,0.64805175,256,2273280,2273535,2273382,0
2273791,426359002000500,1270708,0.62971467,256,2273536,2273791,2273773,0
2274047,426359002924791,1483000,0.6198063,256,2273792,2274047,2273982,0
2274303,426359003829166,1065042,0.58066036,256,2274048,2274303,2274261,0
2274559,426359004721583,1016458,0.62529003,256,2274304,2274559,2274439,0
2274815,426359005563375,996125,0.62864922,256,2274560,2274815,2274749,0
2275071,426359006467000,921333,0.62037311,256,2274816,2275071,2275030,0
2275327,426359007316458,868875,0.60885206,256,2275072,2275327,2275108,0
2275583,426359008190041,861459,0.63898438,256,2275328,2275583,2275524,0
2275839,426359009087416,1636084,0.60914251,256,2275584,2275839,2275632,0
2276095,426359009956208,1771167,0.60579449,256,2275840,2276095,2275865,0
2276351,426359010820083,1734375,0.59432828,256,2276096,2276351,2276156,0
2276607,426359011660791,1711584,0.57141594,256,2276352,2276607,2276495,0
2276863,426359012553083,1626125,0.58731305,256,2276608,2276863,2276756,0
2277119,426359013434875,1590291,0.63939749,256,2276864,2277119,2277044,0
2277375,426359014342250,1494666,0.63027226,256,2277120,2277375,2277374,0
2277631,426359015243875,1419458,0.5942791,256,2277376,2277631,2277391,0
2277887,426359016114666,1354834,0.58388281,256,2277632,2277887,2277657,0
2278143,426359017015583,1417542,0.62146377,256,2277888,2278143,2277982,0
2278399,426359017891125,2138125,0.59878781,256,2278144,2278399,2278146,0
2278655,426359018786666,2592667,0.59872554,256,2278400,2278655,2278429,0
2278911,426359019669083,2517292,0.60944565,256,2278656,2278911,2278879,0
2279167,426359020526708,2497708,0.61940373,256,2278912,2279167,2279121,0
2279423,426359021388000,2474416,0.61862896,256,2279168,2279423,2279321,0
2279679,426359022288541,2386167,0.64121584,256,2279424,2279679,2279528,0
2279935,426359023205208,2330917,0.60850876,256,2279680,2279935,2279793,0
2280191,426359024125916,2195459,0.59243858,256,2279936,2280191,2280049,0
2280447,426359025014500,2140708,0.63755647,256,2280192,2280447,2280220,0
2280703,426359025961875,2009291,0.60332944,256,2280448,2280703,2280530,0
2280959,426359026810875,2007500,0.6298314,256,2280704,2280959,2280816,0
2281215,426359027733916,1898042,0.5681895,256,2280960,2281215,2281068,0
2281471,426359028617750,1827666,0.58800449,256,2281216,2281471,2281254,0
2281727,426359029499916,1737167,0.58821582,256,2281472,2281727,2281558,0
2281983,426359030323125,1744500,0.61040398,256,2281728,2281983,2281805,0
2282239,426359031169625,1722083,0.6066355,256,2281984,2282239,2282016,0
2282495,426359032115125,1589833,0.57977163,256,2282240,2282495,2282353,0
2282751,426359032992791,1548209,0.65932005,256,2282496,2282751,2282599,0
2283007,426359033861666,1504667,0.59602317,256,2282752,2283007,2282964,0
2283263,426359034756708,1458792,0.60274246,256,2283008,2283263,2283133,0
2283519,426359035608375,1414708,0.59988771,256,2283264,2283519,2283364,0
2283775,426359036525458,1380500,0.6686183,256,2283520,2283775,2283692,0
2284031,426359037440000,1268916,0.56468519,256,2283776,2284031,2283867,0
2284287,426359038336125,1223750,0.61662286,256,2284032,2284287,2284199,0
2284543,426359039230833,1166125,0.64193169,256,2284288,2284543,2284347,0
2284799,426359040108791,1118625,0.58499298,256,2284544,2284799,2284588,0
2285055,426359041000083,1054167,0.58960647,256,2284800,2285055,2284954,0
2285311,426359041829750,1014333,0.6016676,256,2285056,2285311,2285064,0
2285567,426359042745166,957250,0.61858467,256,2285312,2285567,2285336,0
2285823,426359043645416,901042,0.59487259,256,2285568,2285823,2285695,0
2286079,426359044542375,837708,0.58018432,256,2285824,2286079,2286035,0
2286335,426359045446791,1700792,0.58325845,256,2286080,2286335,2286087,0
2286591,426359046273375,1849458,0.62981849,256,2286336,2286591,2286568,0
2286847,426359047233583,1713833,0.57930104,256,2286592,2286847,2286783,0
2287103,426359048091458,1685708,0.65859587,256,2286848,2287103,2287048,0
2287359,426359049008958,1622542,0.60778999,256,2287104,2287359,2287141,0
2287615,426359049867458,1577458,0.60367651,256,2287360,2287615,2287363,0
2287871,426359050714541,1534625,0.58603592,256,2287616,2287871,2287736,0
2288127,426359051575375,1490500,0.58117719,256,2287872,2288127,2288034,0
2288383,426359052454083,1437500,0.6051523,256,2288128,2288383,2288138,0
2288639,426359053323250,1377041,0.60204624,256,2288384,2288639,2288401,0
2288895,426359054218875,1301958,0.60905626,256,2288640,2288895,2288837,0
2289151,426359055053041,1274500,0.64303692,256,2288896,2289151,2289078,0
2289407,426359055982958,1147958,0.60143652,256,2289152,2289407,2289228,0
2289663,426359056928583,1022833,0.61402743,256,2289408,2289663,2289611,0
2289919,426359057757166,1025250,0.59535371,256,2289664,2289919,2289827,0
2290175,426359058664416,939209,0.61915101,256,2289920,2290175,2289963,0
2290431,426359059519333,917583,0.61467062,256,2290176,2290431,2290317,0
2290687,426359060375166,882834,0.59832341,256,2290432,2290687,2290499,0
2290943,426359061267791,847417,0.60441898,256,2290688,2290943,2290906,0
2291199,426359062135708,1579750,0.60027493,256,2290944,2291199,2291111,0
2291455,426359063022291,1759584,0.66421782,256,2291200,2291455,2291410,0
2291711,426359063917083,1713333,0.61290356,256,2291456,2291711,2291574,0
2291967,426359064804583,1650042,0.64918656,256,2291712,2291967,2291800,0
2292223,426359065708791,1581084,0.59092323,256,2291968,2292223,2292037,0
2292479,426359066592250,1520875,0.59101226,256,2292224,2292479,2292425,0
2292735,426359067463125,1542500,0.65669599,256,2292480,2292735,2292546,0
2292991,426359068350416,1476834,0.59736265,256,2292736,2292991,2292835,0
2293247,426359069275041,3151500,0.62120374,256,2292992,2293247,2293029,0
2293503,426359070171708,2256500,0.60772612,256,2293248,2293503,2293425,0
2293759,426359072437166,1305542,0.57819875,256,2293504,2293759,2293714,0
2294015,426359072457291,2074000,0.62012724,256,2293760,2294015,2293966,0
2294271,426359073243750,2112875,0.59574194,256,2294016,2294271,2294049,0
2294527,426359073762541,2416875,0.62712254,256,2294272,2294527,2294281,0
2294783,426359074636291,2342334,0.59939127,256,2294528,2294783,2294578,0
2295039,426359075567291,2230167,0.62206653,256,2294784,2295039,2294923,0
2295295,426359076461708,2179375,0.62019624,256,2295040,2295295,2295197,0
2295551,426359077441000,2025333,0.62464416,256,2295296,2295551,2295509,0
2295807,426359078298541,1990459,0.61700318,256,2295552,2295807,2295591,0
2296063,426359079131375,1940875,0.59613018,256,2295808,2296063,2296021,0
2296319,426359079976125,1890875,0.63017868,256,2296064,2296319,2296085,0
2296575,426359080870875,1783333,0.61242889,256,2296320,2296575,2296400,0
2296831,426359081777291,1673834,0.59227937,256,2296576,2296831,2296660,0
2297087,426359082688875,1572041,0.59442219,256,2296832,2297087,2296912,0
2297343,426359083665833,1420625,0.63925784,256,2297088,2297343,2297231,0
2297599,426359084566500,1310708,0.60842845,256,2297344,2297599,2297382,0
2297855,426359085490833,1185792,0.61103145,256,2297600,2297855,2297792,0
2298111,426359086347916,1150292,0.61090879,256,2297856,2298111,2298079,0
2298367,426359087298750,994083,0.59589135,256,2298112,2298367,2298153,0
2298623,426359088171000,926875,0.61692627,256,2298368,2298623,2298449,0
2298879,426359089049750,867791,0.64087453,256,2298624,2298879,2298872,0
2299135,426359089890041,840417,0.6315689,256,2298880,2299135,2299100,0
2299391,426359090739416,801834,0.5872921,256,2299136,2299391,2299189,0
2299647,426359091610250,869041,0.63829549,256,2299392,2299647,2299582,0
2299903,426359092476666,820042,0.62853484,256,2299648,2299903,2299785,0
2300159,426359093355750,1669541,0.60755528,256,2299904,2300159,2299992,0
2300415,426359094264500,1757958,0.60530327,256,2300160,2300415,2300165,0
2300671,426359095133583,1721958,0.62263458,256,2300416,2300671,2300529,0
2300927,426359096083958,1601458,0.60779822,256,2300672,2300927,2300800,0
2301183,426359096986541,1509250,0.60230919,256,2300928,2301183,2300956,0
2301439,426359097879750,1441541,0.63330478,256,2301184,2301439,2301378,0
2301695,426359098820583,1321667,0.63263105,256,2301440,2301695,2301595,0
2301951,426359099660125,1320666,0.64410942,256,2301696,2301951,2301775,0
2302207,426359100535750,1267250,0.6023155,256,2301952,2302207,2302198,0
2302463,426359101406166,1208500,0.59392582,256,2302208,2302463,2302393,0
2302719,426359102301333,1178417,0.6397648,256,2302464,2302719,2302632,0
2302975,426359103199916,1097750,0.61741068,256,2302720,2302975,2302751,0
2303231,426359104088291,1032750,0.61318985,256,2302976,2303231,2303213,0
2303487,426359104975583,989083,0.62750057,256,2303232,2303487,2303340,0
2303743,426359105857333,974083,0.63772835,256,2303488,2303743,2303564,0
2303999,426359106843291,862875,0.64164905,256,2303744,2303999,2303983,0
2304255,426359107770916,857000,0.64319282,256,2304000,2304255,2304236,0
2304511,426359108654083,837042,0.60900428,256,2304256,2304511,2304495,0
2304767,426359109490416,855500,0.62274917,256,2304512,2304767,2304562,0
2305023,426359110305875,865083,0.63732299,256,2304768,2305023,2304909,0
2305279,426359111150416,849167,0.59443301,256,2305024,2305279,2305257,0
2305535,426359112009416,853584,0.64122953,256,2305280,2305535,2305392,0
2305791,426359112948375,852583,0.64987984,256,2305536,2305791,2305685,0
2306047,426359113829875,865291,0.60605493,256,2305792,2306047,2305837,0
2306303,426359114733166,850167,0.65296432,256,2306048,2306303,2306301,0
2306559,426359115647583,855875,0.63426197,256,2306304,2306559,2306311,0
2306815,426359116537250,1648000,0.64018076,256,2306560,2306815,2306720,0
2307071,426359117455708,1742917,0.62623433,256,2306816,2307071,2306952,0
2307327,426359118350458,1661500,0.63829761,256,2307072,2307327,2307086,0
2307583,426359119283916,1583459,0.61976185,256,2307328,2307583,2307469,0
2307839,426359120179291,1515292,0.61656514,256,2307584,2307839,2307835,0
2308095,426359121096833,1456542,0.64076093,256,2307840,2308095,2307886,0
2308351,426359121970958,1414875,0.61740189,256,2308096,2308351,2308349,0
2308607,426359122913916,1332792,0.64467236,256,2308352,2308607,2308411,0
2308863,426359123752875,1354583,0.62364927,256,2308608,2308863,2308705,0
2309119,426359124666750,1317750,0.67610459,256,2308864,2309119,2309061,0
2309375,426359125524333,1304208,0.61156548,256,2309120,2309375,2309322,0
2309631,426359126422458,1298083,0.64185669,256,2309376,2309631,2309531,0
2309887,426359127260041,1285000,0.60819544,256,2309632,2309887,2309835,0
2310143,426359128170958,1209708,0.58116441,256,2309888,2310143,2310078,0
2310399,426359129094875,1140000,0.60853292,256,2310144,2310399,2310172,0
2310655,426359129933750,1172583,0.65325771,256,2310400,2310655,2310628,0
2310911,426359130797500,1155541,0.67894507,256,2310656,2310911,2310670,0
2311167,426359131689041,1142125,0.64961557,256,2310912,2311167,2311141,0
2311423,426359132613041,1054917,0.62749321,256,2311168,2311423,2311374,0
2311679,426359133522750,979458,0.65605684,256,2311424,2311679,2311445,0
2311935,426359134362208,1013792,0.63862436,256,2311680,2311935,2311769,0
2312191,426359135215041,1049292,0.64809905,256,2311936,2312191,2312177,0
2312447,426359136066500,1048916,0.63287607,256,2312192,2312447,2312234,0
2312703,426359136955791,1013042,0.61548058,256,2312448,2312703,2312614,0
2312959,426359137811416,996709,0.59944774,256,2312704,2312959,2312746,0
2313215,426359138692208,968000,0.64472019,256,2312960,2313215,2313083,0
2313471,426359139571625,937583,0.59119149,256,2313216,2313471,2313246,0
2313727,426359140479541,894167,0.6762325,256,2313472,2313727,2313542,0
2313983,426359141348791,886334,0.63039284,256,2313728,2313983,2313973,0
2314239,426359142232875,854291,0.65093792,256,2313984,2314239,2314183,0
2314495,426359143105083,848667,0.58754861,256,2314240,2314495,2314257,0
2314751,426359143968500,853750,0.61951663,256,2314496,2314751,2314506,0
2315007,426359144825125,862458,0.59019091,256,2314752,2315007,2314762,0
2315263,426359145745250,884541,0.62346011,256,2315008,2315263,2315153,0
2315519,426359146627583,865708,0.62318861,256,2315264,2315519,2315354,0
2315775,426359147435416,929000,0.60674639,256,2315520,2315775,2315743,0
2316031,426359148326500,878166,0.57655639,256,2315776,2316031,2315823,0
2316287,426359149168583,863042,0.61005339,256,2316032,2316287,2316139,0
2316543,426359150094708,852833,0.64976743,256,2316288,2316543,2316528,0
2316799,426359150976833,877375,0.67761214,256,2316544,2316799,2316606,0
2317055,426359151903125,1711208,0.63351258,256,2316800,2317055,2316970,0
2317311,426359152791416,1812959,0.60263866,256,2317056,2317311,2317303,0
2317567,426359153713291,1741875,0.6318691,256,2317312,2317567,2317349,0
2317823,426359154622708,1670792,0.60372303,256,2317568,2317823,2317572,0
2318079,426359155470958,1651375,0.58486997,256,2317824,2318079,2317928,0
2318335,426359156350166,1590375,0.59024759,256,2318080,2318335,2318099,0
2318591,426359157210083,1573375,0.68728591,256,2318336,2318591,2318577,0
2318847,426359158115916,1501584,0.61867574,256,2318592,2318847,2318642,0
2319103,426359158986416,1462209,0.61264445,256,2318848,2319103,2318860,0
2319359,426359159856750,1422958,0.61710258,256,2319104,2319359,2319209,0
2319615,426359160777833,1311833,0.6286582,256,2319360,2319615,2319592,0
2319871,426359161632375,1306958,0.6453923,256,2319616,2319871,2319761,0
2320127,426359162602916,1209667,0.63490297,256,2319872,2320127,2319931,0
2320383,426359163476500,1193166,0.6416423,256,2320128,2320383,2320262,0
2320639,426359164348000,1140333,0.60697028,256,2320384,2320639,2320435,0
2320895,426359165200791,1150667,0.63129476,256,2320640,2320895,2320723,0
2321151,426359166073666,1089042,0.64913662,256,2320896,2321151,2321021,0
2321407,426359166953208,1307750,0.64973736,256,2321152,2321407,2321379,0
2321663,426359167834541,1038167,0.57956331,256,2321408,2321663,2321660,0
2321919,426359168658541,1025750,0.61284035,256,2321664,2321919,2321740,0
2322175,426359169520333,1012792,0.64470687,256,2321920,2322175,2322057,0
2322431,426359170417500,936833,0.59847605,256,2322176,2322431,2322228,0
2322687,426359171269041,982125,0.68487594,256,2322432,2322687,2322573,0
2322943,426359172133583,947708,0.60635518,256,2322688,2322943,2322827,0
2323199,426359173053833,894000,0.63492915,256,2322944,2323199,2323095,0
2323455,426359173964250,857625,0.64038003,256,2323200,2323455,2323424,0
2323711,426359174869541,843917,0.60458498,256,2323456,2323711,2323626,0
2323967,426359175736958,1691000,0.61138184,256,2323712,2323967,2323938,0
2324223,426359176615041,1818792,0.59090211,256,2323968,2324223,2324005,0
2324479,426359177445083,1847042,0.62098797,256,2324224,2324479,2324466,0
2324735,426359178360583,1780958,0.62856775,256,2324480,2324735,2324618,0
2324991,426359179232041,1766959,0.61344227,256,2324736,2324991,2324746,0
2325247,426359180177333,1709625,0.64044553,256,2324992,2325247,2325223,0
2325503,426359181063750,1685750,0.62097953,256,2325248,2325503,2325488,0
2325759,426359181927500,1689208,0.61062979,256,2325504,2325759,2325660,0
2326015,426359182825166,1651917,0.60962017,256,2325760,2326015,2326008,0
2326271,426359183744250,1604500,0.60111605,256,2326016,2326271,2326149,0
2326527,426359184606375,1610583,0.61720247,256,2326272,2326527,2326347,0
2326783,426359185533625,1551083,0.64102501,256,2326528,2326783,2326538,0
2327039,426359186441583,1481375,0.58298577,256,2326784,2327039,2326939,0
2327295,426359187351125,1426958,0.6443855,256,2327040,2327295,2327259,0
2327551,426359188256916,1360334,0.63127731,256,2327296,2327551,2327391,0
2327807,426359189107291,1379875,0.65614144,256,2327552,2327807,2327559,0
2328063,426359189973125,1388250,0.61891241,256,2327808,2328063,2328054,0
2328319,426359190878666,1313584,0.6332931,256,2328064,2328319,2328081,0
2328575,426359191808541,1244792,0.60331849,256,2328320,2328575,2328493,0
2328831,426359192682166,1204292,0.61998326,256,2328576,2328831,2328701,0
2329087,426359193596333,1127458,0.65400459,256,2328832,2329087,2329035,0
2329343,426359194391083,1178042,0.6237523,256,2329088,2329343,2329134,0
2329599,426359195273666,1157167,0.6458288,256,2329344,2329599,2329599,0
2329855,426359196158416,1130959,0.60521927,256,2329600,2329855,2329608,0
2330111,426359197085458,1066792,0.597402,256,2329856,2330111,2330061,0
2330367,426359197940208,1037667,0.61188899,256,2330112,2330367,2330235,0
2330623,426359198771000,1060041,0.66563199,256,2330368,2330623,2330416,0
2330879,426359199713583,958833,0.61303204,256,2330624,2330879,2330869,0
2331135,426359200602000,904166,0.59416986,256,2330880,2331135,2331039,0
2331391,426359201473250,878166,0.60281846,256,2331136,2331391,2331136,0
2331647,426359202311750,853125,0.57155643,256,2331392,2331647,2331591,0
2331903,426359203215708,1631583,0.59648675,256,2331648,2331903,2331707,0
2332159,426359204126041,1778625,0.65585927,256,2331904,2332159,2332050,0
2332415,426359204972625,1771208,0.63750405,256,2332160,2332415,2332395,0
2332671,426359205889208,1655292,0.58455642,256,2332416,2332671,2332649,0
2332927,426359206729875,1655666,0.65071636,256,2332672,2332927,2332698,0
2333183,426359207609875,1586250,0.61297029,256,2332928,2333183,2333178,0
2333439,426359208457666,1554292,0.62639294,256,2333184,2333439,2333314,0
2333695,426359209351000,1460458,0.61854913,256,2333440,2333695,2333631,0
2333951,426359210211416,1409167,0.59637254,256,2333696,2333951,2333899,0
2334207,426359211010750,1435833,0.63534921,256,2333952,2334207,2334202,0
2334463,426359211868958,1427958,0.61000586,256,2334208,2334463,2334365,0
2334719,426359212736250,1396416,0.59199943,256,2334464,2334719,2334650,0
2334975,426359213597583,1332250,0.62598071,256,2334720,2334975,2334911,0
2335231,426359214489666,1263209,0.60876253,256,2334976,2335231,2335063,0
2335487,426359215396833,1148500,0.62042115,256,2335232,2335487,2335310,0
2335743,426359216303250,1034041,0.60044824,256,2335488,2335743,2335687,0
2335999,426359217159708,1012667,0.60120333,256,2335744,2335999,2335916,0
2336255,426359218080916,953042,0.62258164,256,2336000,2336255,2336031,0
2336511,426359218930625,922583,0.63793373,256,2336256,2336511,2336484,0
2336767,426359219840541,901625,0.63242657,256,2336512,2336767,2336650,0
2337023,426359220692291,859667,0.65676825,256,2336768,2337023,2336807,0
2337279,426359221571875,889291,0.65068601,256,2337024,2337279,2337136,0
2337535,426359222497208,1673958,0.65469798,256,2337280,2337535,2337363,0
2337791,426359223358083,1820625,0.60124857,256,2337536,2337791,2337715,0
2338047,426359224253541,1745667,0.61766377,256,2337792,2338047,2337852,0
2338303,426359225189166,1638542,0.59642016,256,2338048,2338303,2338174,0
2338559,426359226069500,1604625,0.66309834,256,2338304,2338559,2338535,0
2338815,426359226999333,1489917,0.56907406,256,2338560,2338815,2338736,0
2339071,426359227955750,1378958,0.61057383,256,2338816,2339071,2338830,0
2339327,426359228808625,1363708,0.60759245,256,2339072,2339327,2339191,0
2339583,426359229715666,1279500,0.65781552,256,2339328,2339583,2339424,0
2339839,426359230613791,1202959,0.63992472,256,2339584,2339839,2339588,0
2340095,426359231500083,1146292,0.60113956,256,2339840,2340095,2340093,0
2340351,426359232357291,1118792,0.59723792,256,2340096,2340351,2340167,0
2340607,426359233225458,1092375,0.62129579,256,2340352,2340607,2340357,0
2340863,426359234084083,1079833,0.62064396,256,2340608,2340863,2340657,0
2341119,426359234950416,1012167,0.60302827,256,2340864,2341119,2340880,0
2341375,426359235820583,1004875,0.60785975,256,2341120,2341375,2341179,0
2341631,426359236695458,953667,0.61596974,256,2341376,2341631,2341397,0
2341887,426359237597541,873625,0.56519687,256,2341632,2341887,2341775,0
2342143,426359238462291,859167,0.62374666,256,2341888,2342143,2341951,0
2342399,426359239381666,1493542,0.58368317,256,2342144,2342399,2342310,0
2342655,426359240221541,1441417,0.58232311,256,2342400,2342655,2342585,0
2342911,426359241111375,1369500,0.6099363,256,2342656,2342911,2342804,0
2343167,426359241934625,1337833,0.60861314,256,2342912,2343167,2342938,0
2343423,426359242862416,1259459,0.61528807,256,2343168,2343423,2343281,0
2343679,426359243738708,1206583,0.60228561,256,2343424,2343679,2343523,0
2343935,426359244622000,1113291,0.65134198,256,2343680,2343935,2343862,0
2344191,426359245492541,1050167,0.62799196,256,2343936,2344191,2344136,0
2344447,426359246378500,956333,0.58681251,256,2344192,2344447,2344411,0
2344703,426359247251250,903666,0.64382915,256,2344448,2344703,2344454,0
2344959,426359248185250,823833,0.60329803,256,2344704,2344959,2344799,0
2345215,426359249037333,829167,0.62816033,256,2344960,2345215,2345159,0
2345471,426359249880166,793500,0.57488227,256,2345216,2345471,2345390,0
2345727,426359250773041,815000,0.64913908,256,2345472,2345727,2345529,0
2345983,426359251720958,1619125,0.59932455,256,2345728,2345983,2345820,0
2346239,426359252625666,1721292,0.61677297,256,2345984,2346239,2346227,0
2346495,426359253469208,1694083,0.65642894,256,2346240,2346495,2346328,0
2346751,426359254333666,1621042,0.61479246,256,2346496,2346751,2346554,0
2347007,426359255192916,1550625,0.57780175,256,2346752,2347007,2347005,0
2347263,426359256073416,1467417,0.60889053,256,2347008,2347263,2347192,0
2347519,426359256931333,1411667,0.60937281,256,2347264,2347519,2347410,0
2347775,426359257827000,1336791,0.6789547,256,2347520,2347775,2347564,0
2348031,426359258633208,1318250,0.62730144,256,2347776,2348031,2347963,0
2348287,426359259463458,1291208,0.60328595,256,2348032,2348287,2348068,0
2348543,426359260359916,1176417,0.62217247,256,2348288,2348543,2348533,0
2348799,426359261259458,1088750,0.64256733,256,2348544,2348799,2348558,0
2349055,426359262185791,1002500,0.6161321,256,2348800,2349055,2348819,0
2349311,426359263025791,968000,0.60359799,256,2349056,2349311,2349210,0
2349567,426359263913250,873500,0.56453933,256,2349312,2349567,2349549,0
2349823,426359264788500,1654875,0.59659302,256,2349568,2349823,2349648,0
2350079,426359265735791,1707292,0.61424866,256,2349824,2350079,2350051,0
2350335,426359266634625,1606875,0.61688379,256,2350080,2350335,2350288,0
2350591,426359267419208,1636958,0.62930165,256,2350336,2350591,2350343,0
2350847,426359268296041,1565125,0.58270619,256,2350592,2350847,2350654,0
2351103,426359269158791,1523542,0.62488011,256,2350848,2351103,2350957,0
2351359,426359270042500,1455041,0.57593519,256,2351104,2351359,2351231,0
2351615,426359270931666,1367709,0.62010245,256,2351360,2351615,2351578,0
2351871,426359271797541,1312959,0.61426755,256,2351616,2351871,2351636,0
2352127,426359272732500,1204291,0.59584126,256,2351872,2352127,2352094,0
2352383,426359273616916,1068792,0.60658991,256,2352128,2352383,2352213,0
2352639,426359274543958,944625,0.61519844,256,2352384,2352639,2352489,0
2352895,426359275401375,888916,0.59425728,256,2352640,2352895,2352738,0
2353151,426359276284916,830250,0.61129457,256,2352896,2353151,2353016,0
2353407,426359277178291,800584,0.60562089,256,2353152,2353407,2353295,0
2353663,426359278038125,814791,0.60377393,256,2353408,2353663,2353520,0
2353919,426359278918833,2738292,0.62713047,256,2353664,2353919,2353836,0
2354175,426359280217125,2531208,0.6093607,256,2353920,2354175,2353945,0
2354431,426359281802500,1735291,0.65692913,256,2354176,2354431,2354263,0
2354687,426359281818208,2511625,0.61805452,256,2354432,2354687,2354465,0
2354943,426359282461208,2642292,0.62261602,256,2354688,2354943,2354803,0
2355199,426359283383875,2515583,0.59726526,256,2354944,2355199,2355187,0
2355455,426359284247708,2449000,0.61549548,256,2355200,2355455,2355236,0
2355711,426359285126416,2366250,0.60383213,256,2355456,2355711,2355690,0
2355967,426359286052958,2226625,0.57401221,256,2355712,2355967,2355755,0
2356223,426359286941000,2113541,0.58227665,256,2355968,2356223,2356062,0
2356479,426359287804083,2037792,0.59378722,256,2356224,2356479,2356332,0
2356735,426359288704541,1935417,0.61128015,256,2356480,2356735,2356591,0
2356991,426359289565416,1874042,0.62494963,256,2356736,2356991,2356835,0
2357247,426359290428375,1796541,0.59723363,256,2356992,2357247,2357044,0
2357503,426359291296875,1743458,0.58792185,256,2357248,2357503,2357302,0
2357759,426359292188875,1687458,0.61263605,256,2357504,2357759,2357590,0
2358015,426359293083541,1582709,0.61526841,256,2357760,2358015,2357875,0
2358271,426359293951583,1483292,0.57187917,256,2358016,2358271,2358258,0
2358527,426359294852791,1424667,0.63655577,256,2358272,2358527,2358520,0
2358783,426359295702708,1424875,0.69292101,256,2358528,2358783,2358558,0
2359039,426359296657041,1285792,0.59034389,256,2358784,2359039,2358883,0
2359295,426359297469750,1268833,0.62245042,256,2359040,2359295,2359046,0
2359551,426359298388375,1165500,0.59891146,256,2359296,2359551,2359472,0
2359807,426359299323041,1015792,0.59348389,256,2359552,2359807,2359762,0
2360063,426359300258833,887125,0.59958757,256,2359808,2360063,2359897,0
2360319,426359301164208,806042,0.60133077,256,2360064,2360319,2360289,0
2360575,426359302026083,805500,0.59212213,256,2360320,2360575,2360573,0
2360831,426359302947541,1695250,0.63295032,256,2360576,2360831,2360666,0
2361087,426359303816250,1817291,0.60153947,256,2360832,2361087,2361002,0
2361343,426359304697208,1764208,0.58873099,256,2361088,2361343,2361211,0
2361599,426359305584458,1722750,0.64671385,256,2361344,2361599,2361544,0
2361855,426359306497041,1635125,0.6293775,256,2361600,2361855,2361653,0
2362111,426359307376958,1622208,0.63386269,256,2361856,2362111,2361875,0
2362367,426359308274958,1565083,0.63753856,256,2362112,2362367,2362260,0
2362623,426359309212000,1455125,0.61157715,256,2362368,2362623,2362614,0
2362879,426359310068250,1437416,0.63687953,256,2362624,2362879,2362655,0
2363135,426359310937416,1384625,0.64143286,256,2362880,2363135,2362978,0
2363391,426359311853458,1295500,0.57790313,256,2363136,2363391,2363300,0
2363647,426359312738416,1232459,0.61257362,256,2363392,2363647,2363429,0
2363903,426359313655125,1131291,0.60967855,256,2363648,2363903,2363686,0
2364159,426359314503625,1128250,0.64639082,256,2363904,2364159,2364021,0
2364415,426359315354791,1092667,0.61029215,256,2364160,2364415,2364207,0
2364671,426359316215916,1037584,0.62883106,256,2364416,2364671,2364431,0
2364927,426359317095125,1570625,0.56441215,256,2364672,2364927,2364810,0
2365183,426359317978208,2276792,0.60762078,256,2364928,2365183,2365012,0
2365439,426359318849041,2968417,0.61130886,256,2365184,2365439,2365189,0
2365695,426359319764041,3626834,0.57097002,256,2365440,2365695,2365478,0
2365951,426359320688833,4278125,0.58718128,256,2365696,2365951,2365933,0
2366207,426359321516833,5035000,0.61997599,256,2365952,2366207,2366045,0
2366463,426359322420666,4991334,0.60002854,256,2366208,2366463,2366212,0
2366719,426359323298666,4912125,0.63354144,256,2366464,2366719,2366553,0
2366975,426359324201708,4792208,0.61077366,256,2366720,2366975,2366792,0
2367231,426359325033583,4736875,0.5885259,256,2366976,2367231,2367159,0
2367487,426359325915041,4663375,0.60738056,256,2367232,2367487,2367316,0
2367743,426359326786416,4574250,0.61848223,256,2367488,2367743,2367567,0
2367999,426359327630500,4529125,0.6022365,256,2367744,2367999,2367968,0
2368255,426359328525250,4430750,0.61213227,256,2368000,2368255,2368026,0
2368511,426359329472833,4279375,0.59319544,256,2368256,2368511,2368469,0
2368767,426359330373583,4170208,0.59242797,256,2368512,2368767,2368764,0
2369023,426359331250333,4084083,0.58565776,256,2368768,2369023,2368869,0
2369279,426359332101541,4054875,0.6337925,256,2369024,2369279,2369185,0
2369535,426359332943666,4021334,0.62627704,256,2369280,2369535,2369375,0
2369791,426359333880666,3884292,0.57674917,256,2369536,2369791,2369699,0
2370047,426359334771958,3769458,0.61252297,256,2369792,2370047,2370042,0
2370303,426359335624083,3741917,0.59082476,256,2370048,2370303,2370232,0
2370559,426359336469708,3703375,0.63678324,256,2370304,2370559,2370318,0
2370815,426359337353041,3624667,0.60904724,256,2370560,2370815,2370774,0
2371071,426359338264541,3505875,0.60613878,256,2370816,2371071,2371059,0
2371327,426359339124166,3425042,0.60333579,256,2371072,2371327,2371168,0
2371583,426359340005916,3369334,0.61424834,256,2371328,2371583,2371517,0
2371839,426359340899250,3281083,0.59625723,256,2371584,2371839,2371789,0
2372095,426359341836250,3120666,0.60373505,256,2371840,2372095,2372002,0
2372351,426359342721333,3057833,0.61460563,256,2372096,2372351,2372272,0
2372607,426359343562458,3052667,0.66362755,256,2372352,2372607,2372543,0
2372863,426359344459625,2930625,0.59350308,256,2372608,2372863,2372806,0
2373119,426359345363583,2872167,0.62217051,256,2372864,2373119,2372917,0
2373375,426359346218958,2831583,0.61708042,256,2373120,2373375,2373174,0
2373631,426359347123166,2734834,0.64805175,256,2373376,2373631,2373382,0
2373887,426359348065708,2590417,0.62971467,256,2373632,2373887,2373773,0
2374143,426359348949625,2518291,0.6198063,256,2373888,2374143,2373982,0
2374399,426359349858333,2383083,0.58066036,256,2374144,2374399,2374261,0
2374655,426359350761416,2292334,0.62529003,256,2374400,2374655,2374439,0
2374911,426359351630375,2233166,0.62864922,256,2374656,2374911,2374749,0
2375167,426359352499000,2170458,0.62037311,256,2374912,2375167,2375030,0
2375423,426359353351458,2093333,0.5705806,256,2375168,2375423,2375385,0
2375679,426359354234416,2031167,0.63898438,256,2375424,2375679,2375524,0
2375935,426359355110000,1951000,0.60579449,256,2375680,2375935,2375865,0
2376191,426359355973416,1873542,0.59432828,256,2375936,2376191,2376156,0
2376447,426359356846375,1796416,0.56983826,256,2376192,2376447,2376319,0
2376703,426359357710083,1713625,0.57141594,256,2376448,2376703,2376495,0
2376959,426359358576750,1633875,0.5911342,256,2376704,2376959,2376923,0
2377215,426359359467041,1582084,0.63939749,256,2376960,2377215,2377044,0
2377471,426359360389000,1455625,0.63027226,256,2377216,2377471,2377374,0
2377727,426359361279916,1362959,0.58755874,256,2377472,2377727,2377610,0
2377983,426359362150041,1296875,0.62146377,256,2377728,2377983,2377982,0
2378239,426359363046333,1204083,0.60246461,256,2377984,2378239,2378132,0
2378495,426359363930291,1114000,0.59872554,256,2378240,2378495,2378429,0
2378751,426359364825833,1009792,0.59822397,256,2378496,2378751,2378555,0
2379007,426359365681208,946417,0.60944565,256,2378752,2379007,2378879,0
2379263,426359366542750,901291,0.61940373,256,2379008,2379263,2379121,0
2379519,426359367452708,1697500,0.61862896,256,2379264,2379519,2379321,0
2379775,426359368381750,1735333,0.64121584,256,2379520,2379775,2379528,0
2380031,426359369257250,1658500,0.60850876,256,2379776,2380031,2379793,0
2380287,426359370149750,1584708,0.63755647,256,2380032,2380287,2380220,0
2380543,426359371110333,1422958,0.62428661,256,2380288,2380543,2380344,0
2380799,426359371995083,1332125,0.57821061,256,2380544,2380799,2380769,0
2381055,426359372856375,1298458,0.6298314,256,2380800,2381055,2380816,0
2381311,426359373753208,1195792,0.58800449,256,2381056,2381311,2381254,0
2381567,426359374683166,1050250,0.58821582,256,2381312,2381567,2381558,0
2381823,426359375551666,968417,0.61040398,256,2381568,2381823,2381805,0
2382079,426359376353458,973083,0.6066355,256,2381824,2382079,2382016,0
2382335,426359377217500,892791,0.57035621,256,2382080,2382335,2382232,0
2382591,426359378142791,818000,0.64955942,256,2382336,2382591,2382580,0
2382847,426359379028166,836792,0.65932005,256,2382592,2382847,2382599,0
2383103,426359379900000,1745833,0.59602317,256,2382848,2383103,2382964,0
2383359,426359380783625,1815625,0.60274246,256,2383104,2383359,2383133,0
2383615,426359381654625,1774083,0.61212021,256,2383360,2383615,2383568,0
2383871,426359382587416,1680750,0.6686183,256,2383616,2383871,2383692,0
2384127,426359383477500,1574416,0.60951265,256,2383872,2384127,2384032,0
2384383,426359384382833,1513625,0.64193169,256,2384128,2384383,2384347,0
2384639,426359385283041,1417667,0.58499298,256,2384384,2384639,2384588,0
2384895,426359386162416,1342584,0.58175114,256,2384640,2384895,2384783,0
2385151,426359386994791,1297625,0.6016676,256,2384896,2385151,2385064,0
2385407,426359387858125,1257958,0.61858467,256,2385152,2385407,2385336,0
2385663,426359388784416,1166167,0.59030133,256,2385408,2385663,2385641,0
2385919,426359389663500,1095375,0.59487259,256,2385664,2385919,2385695,0
2386175,426359390571583,999667,0.58325845,256,2385920,2386175,2386087,0
2386431,426359391456750,901541,0.57110776,256,2386176,2386431,2386261,0
2386687,426359392333125,840375,0.62981849,256,2386432,2386687,2386568,0
2386943,426359393256083,819625,0.60212846,256,2386688,2386943,2386884,0
2387199,426359394154791,877709,0.65859587,256,2386944,2387199,2387048,0
2387455,426359395033458,1689125,0.60433851,256,2387200,2387455,2387327,0
2387711,426359395891666,1562542,0.60328128,256,2387456,2387711,2387525,0
2387967,426359396753833,1532583,0.58603592,256,2387712,2387967,2387736,0
2388223,426359397626041,1458959,0.6051523,256,2387968,2388223,2388138,0
2388479,426359398461333,1455000,0.60298794,256,2388224,2388479,2388341,0
2388735,426359399412083,1296042,0.59905662,256,2388480,2388735,2388644,0
2388991,426359400236208,1302542,0.61451882,256,2388736,2388991,2388947,0
2389247,426359401115791,1240875,0.64303692,256,2388992,2389247,2389078,0
2389503,426359402067375,1085708,0.5877867,256,2389248,2389503,2389433,0
2389759,426359402923666,1058667,0.61402743,256,2389504,2389759,2389611,0
2390015,426359403820458,997000,0.61915101,256,2389760,2390015,2389963,0
2390271,426359404659291,965834,0.57221192,256,2390016,2390271,2390226,0
2390527,426359405542708,911875,0.61467062,256,2390272,2390527,2390317,0
2390783,426359406410500,873291,0.57762067,256,2390528,2390783,2390641,0
2391039,426359407289791,833084,0.60441898,256,2390784,2391039,2390906,0
2391295,426359408200875,843750,0.61028263,256,2391040,2391295,2391281,0
2391551,426359409039625,873000,0.66421782,256,2391296,2391551,2391410,0
2391807,426359409919541,839792,0.64918656,256,2391552,2391807,2391800,0
2392063,426359410832541,818417,0.62763628,256,2391808,2392063,2391924,0
2392319,426359411745416,864750,0.59030164,256,2392064,2392319,2392263,0
2392575,426359412596833,848042,0.65669599,256,2392320,2392575,2392546,0
2392831,426359413497125,882666,0.63442299,256,2392576,2392831,2392633,0
2393087,426359414361958,824625,0.62120374,256,2392832,2393087,2393029,0
2393343,426359415322500,835583,0.60691563,256,2393088,2393343,2393171,0
2393599,426359416224208,1013833,0.60772612,256,2393344,2393599,2393425,0
2393855,426359417153791,914792,0.57819875,256,2393600,2393855,2393714,0
2394111,426359418063875,854166,0.62012724,256,2393856,2394111,2393966,0
2394367,426359418922875,1678833,0.62712254,256,2394112,2394367,2394281,0
2394623,426359419793416,1793000,0.60192367,256,2394368,2394623,2394373,0
2394879,426359420694083,1696250,0.58488348,256,2394624,2394879,2394651,0
2395135,426359421587166,1616667,0.62206653,256,2394880,2395135,2394923,0
2395391,426359422548500,1547791,0.62414991,256,2395136,2395391,2395367,0
2395647,426359423439333,1448958,0.62464416,256,2395392,2395647,2395509,0
2395903,426359424320875,1360500,0.57558784,256,2395648,2395903,2395683,0
2396159,426359425140083,1325250,0.63017868,256,2395904,2396159,2396085,0
2396415,426359426014583,1253042,0.61242889,256,2396160,2396415,2396400,0
2396671,426359426908583,1147292,0.59227937,256,2396416,2396671,2396660,0
2396927,426359427812458,1039167,0.59442219,256,2396672,2396927,2396912,0
2397183,426359428759291,873167,0.58007661,256,2396928,2397183,2396931,0
2397439,426359429712000,1003375,0.63925784,256,2397184,2397439,2397231,0
2397695,426359430692500,1003791,0.58870569,256,2397440,2397695,2397567,0
2397951,426359431552500,969041,0.61103145,256,2397696,2397951,2397792,0
2398207,426359432476416,924125,0.61090879,256,2397952,2398207,2398079,0
2398463,426359433370666,849167,0.61692627,256,2398208,2398463,2398449,0
2398719,426359434310083,1015833,0.59929395,256,2398464,2398719,2398638,0
2398975,426359435223708,947667,0.64087453,256,2398720,2398975,2398872,0
2399231,426359435916958,1071000,0.6315689,256,2398976,2399231,2399100,0
2399487,426359436791625,1009750,0.57421666,256,2399232,2399487,2399302,0
2399743,426359437660333,982458,0.63829549,256,2399488,2399743,2399582,0
2399999,426359438556500,916416,0.62853484,256,2399744,2399999,2399785,0
2400255,426359439465666,926417,0.60530327,256,2400000,2400255,2400165,0
2400511,426359440356250,869583,0.60754791,256,2400256,2400511,2400431,0
2400767,426359441246291,899667,0.62263458,256,2400512,2400767,2400529,0
2401023,426359442192083,895792,0.60779822,256,2400768,2401023,2400800,0
2401279,426359443093958,1182167,0.59317879,256,2401024,2401279,2401154,0
2401535,426359444028791,1064000,0.63330478,256,2401280,2401535,2401378,0
2401791,426359444897666,1031209,0.64410942,256,2401536,2401791,2401775,0
2402047,426359445938791,854792,0.59444516,256,2401792,2402047,2401939,0
2402303,426359446647458,969000,0.6023155,256,2402048,2402303,2402198,0
2402559,426359447504291,934209,0.59879767,256,2402304,2402559,2402557,0
2402815,426359448362125,938041,0.6397648,256,2402560,2402815,2402632,0
2403071,426359449307166,838875,0.60877202,256,2402816,2403071,2402968,0
2403327,426359450188250,877416,0.61318985,256,2403072,2403327,2403213,0
2403583,426359451067833,896208,0.63772835,256,2403328,2403583,2403564,0
2403839,426359451982625,1646500,0.61225154,256,2403584,2403839,2403693,0
2404095,426359452985708,1731958,0.64164905,256,2403840,2404095,2403983,0
2404351,426359453873625,1773250,0.64319282,256,2404096,2404351,2404236,0
2404607,426359454713000,1846125,0.62274917,256,2404352,2404607,2404562,0
2404863,426359455576000,1924541,0.63325526,256,2404608,2404863,2404770,0
2405119,426359456371208,2022083,0.63732299,256,2404864,2405119,2404909,0
2405375,426359457244500,2073333,0.59443301,256,2405120,2405375,2405257,0
2405631,426359458133041,2060542,0.64122953,256,2405376,2405631,2405392,0
2405887,426359459042000,2060750,0.64987984,256,2405632,2405887,2405685,0
2406143,426359459944833,2038083,0.59472973,256,2405888,2406143,2405983,0
2406399,426359460830500,2063833,0.65296432,256,2406144,2406399,2406301,0
2406655,426359461751541,2009417,0.61340293,256,2406400,2406655,2406526,0
2406911,426359462633166,1975625,0.64018076,256,2406656,2406911,2406720,0
2407167,426359463597250,1850708,0.63829761,256,2406912,2407167,2407086,0
2407423,426359464456083,1787625,0.59043634,256,2407168,2407423,2407340,0
2407679,426359465345458,1742417,0.61976185,256,2407424,2407679,2407469,0
2407935,426359466280750,1664333,0.64076093,256,2407680,2407935,2407886,0
2408191,426359467153375,1637166,0.60188761,256,2407936,2408191,2408135,0
2408447,426359468040083,1608542,0.64467236,256,2408192,2408447,2408411,0
2408703,426359468999125,1517583,0.61130411,256,2408448,2408703,2408568,0
2408959,426359469876916,1521292,0.62364927,256,2408704,2408959,2408705,0
2409215,426359470803250,1487666,0.67610459,256,2408960,2409215,2409061,0
2409471,426359471620541,1527292,0.61156548,256,2409216,2409471,2409322,0
2409727,426359472496166,1538417,0.64185669,256,2409472,2409727,2409531,0
2409983,426359473368208,7766625,0.60819544,256,2409728,2409983,2409835,0
2410239,426359474237458,6898833,0.60853292,256,2409984,2410239,2410172,0
2410495,426359475195750,5941500,0.62492758,256,2410240,2410495,2410455,0
2410751,426359476011708,5126583,0.67894507,256,2410496,2410751,2410670,0
2411007,426359476889625,4249625,0.60293968,256,2410752,2411007,2410874,0
2411263,426359477766291,3373959,0.64961557,256,2411008,2411263,2411141,0
2411519,426359478690333,2450875,0.65605684,256,2411264,2411519,2411445,0
2411775,426359479587333,1619833,0.63862436,256,2411520,2411775,2411769,0
2412031,426359480447833,1623833,0.61520012,256,2411776,2412031,2411924,0
2412287,426359481280375,1719791,0.64809905,256,2412032,2412287,2412177,0
2412543,426359482162625,1706041,0.61243982,256,2412288,2412543,2412291,0
2412799,426359483036958,1773333,0.61548058,256,2412544,2412799,2412614,0
2413055,426359483902916,1739000,0.59380359,256,2412800,2413055,2413048,0
2413311,426359484787583,1717000,0.64472019,256,2413056,2413311,2413083,0
2413567,426359485701416,1658292,0.6762325,256,2413312,2413567,2413542,0
2413823,426359486586208,1608667,0.62823744,256,2413568,2413823,2413626,0
2414079,426359487447666,1582459,0.63039284,256,2413824,2414079,2413973,0
2414335,426359488345208,1533833,0.65093792,256,2414080,2414335,2414183,0
2414591,426359489187791,1519250,0.61951663,256,2414336,2414591,2414506,0
2414847,426359490082125,1455750,0.60176922,256,2414592,2414847,2414706,0
2415103,426359490915166,1439542,0.62239543,256,2414848,2415103,2415087,0
2415359,426359491854041,1344375,0.62346011,256,2415104,2415359,2415153,0
2415615,426359492683625,1375916,0.60631253,256,2415360,2415615,2415412,0
2415871,426359493511583,1417917,0.60674639,256,2415616,2415871,2415743,0
2416127,426359494377125,1367625,0.59356166,256,2415872,2416127,2416042,0
2416383,426359495265000,1302833,0.62176583,256,2416128,2416383,2416319,0
2416639,426359496220166,1236584,0.67761214,256,2416384,2416639,2416606,0
2416895,426359497071291,1204250,0.59797442,256,2416640,2416895,2416650,0
2417151,426359498031583,1073750,0.63351258,256,2416896,2417151,2416970,0
2417407,426359498899000,1054333,0.6318691,256,2417152,2417407,2417349,0
2417663,426359499812833,970125,0.60372303,256,2417408,2417663,2417572,0
2417919,426359500717791,887209,0.5882785,256,2417664,2417919,2417751,0
2418175,426359501536083,903792,0.59024759,256,2417920,2418175,2418099,0
2418431,426359502445250,850000,0.6188372,256,2418176,2418431,2418420,0
2418687,426359503313166,853375,0.68728591,256,2418432,2418687,2418577,0
2418943,426359504209083,1435708,0.61264445,256,2418688,2418943,2418860,0
2419199,426359505058708,1432917,0.60049282,256,2418944,2419199,2419088,0
2419455,426359505957458,1356583,0.61710258,256,2419200,2419455,2419209,0
2419711,426359506863125,1286000,0.6286582,256,2419456,2419711,2419592,0
2419967,426359507759333,1253500,0.6453923,256,2419712,2419967,2419761,0
2420223,426359508681750,1175958,0.58354475,256,2419968,2420223,2420090,0
2420479,426359509549541,1149667,0.6416423,256,2420224,2420479,2420262,0
2420735,426359510428458,1124458,0.63129476,256,2420480,2420735,2420723,0
2420991,426359511265416,1093625,0.62201745,256,2420736,2420991,2420885,0
2421247,426359512177791,985959,0.64913662,256,2420992,2421247,2421021,0
2421503,426359513007708,1022250,0.64973736,256,2421248,2421503,2421379,0
2421759,426359513907041,954959,0.61284035,256,2421504,2421759,2421740,0
2422015,426359514746166,942667,0.59641035,256,2421760,2422015,2422001,0
2422271,426359515637541,898542,0.64470687,256,2422016,2422271,2422057,0
2422527,426359516470458,925583,0.63934525,256,2422272,2422527,2422519,0
2422783,426359517373333,1243292,0.68487594,256,2422528,2422783,2422573,0
2423039,426359518215500,1268458,0.60635518,256,2422784,2423039,2422827,0
2423295,426359519163166,1283917,0.63492915,256,2423040,2423295,2423095,0
2423551,426359520056625,1251291,0.64038003,256,2423296,2423551,2423424,0
2423807,426359520918375,1234500,0.60458498,256,2423552,2423807,2423626,0
2424063,426359521823375,1181791,0.61138184,256,2423808,2424063,2423938,0
2424319,426359522711125,1136583,0.57218914,256,2424064,2424319,2424261,0
2424575,426359523574125,1166041,0.62098797,256,2424320,2424575,2424466,0
2424831,426359524444375,1176375,0.62856775,256,2424576,2424831,2424618,0
2425087,426359525379083,1093833,0.59053032,256,2424832,2425087,2424870,0
2425343,426359526296958,1073500,0.64044553,256,2425088,2425343,2425223,0
2425599,426359527117500,1124083,0.62097953,256,2425344,2425599,2425488,0
2425855,426359528023375,1090375,0.61062979,256,2425600,2425855,2425660,0
2426111,426359528954750,1023458,0.60962017,256,2425856,2426111,2426008,0
2426367,426359529863791,996459,0.61720247,256,2426112,2426367,2426347,0
2426623,426359530733458,991375,0.64102501,256,2426368,2426623,2426538,0
2426879,426359531620750,942708,0.6052075,256,2426624,2426879,2426627,0
2427135,426359532558250,864833,0.59691529,256,2426880,2427135,2427134,0
2427391,426359533446250,1022541,0.6443855,256,2427136,2427391,2427259,0
2427647,426359534332458,1002583,0.65614144,256,2427392,2427647,2427559,0
2427903,426359535187083,981583,0.57842803,256,2427648,2427903,2427773,0
2428159,426359536095875,954750,0.6332931,256,2427904,2428159,2428081,0
2428415,426359537010333,871375,0.58710934,256,2428160,2428415,2428196,0
2428671,426359537875166,1675792,0.60331849,256,2428416,2428671,2428493,0
2428927,426359538783375,1772291,0.61998326,256,2428672,2428927,2428701,0
2429183,426359539678833,1714333,0.65400459,256,2428928,2429183,2429035,0
2429439,426359540472791,1724000,0.5891788,256,2429184,2429439,2429268,0
2429695,426359541368750,1695291,0.6458288,256,2429440,2429695,2429599,0
2429951,426359542252250,1620083,0.59749237,256,2429696,2429951,2429752,0
2430207,426359543160083,1531083,0.597402,256,2429952,2430207,2430061,0
2430463,426359544007250,1516958,0.66563199,256,2430208,2430463,2430416,0
2430719,426359544894166,1446250,0.61983034,256,2430464,2430719,2430526,0
2430975,426359545798916,1352959,0.61303204,256,2430720,2430975,2430869,0
2431231,426359546681541,1279167,0.60281846,256,2430976,2431231,2431136,0
2431487,426359547532125,1247541,0.59442221,256,2431232,2431487,2431299,0
2431743,426359548409583,1167125,0.59648675,256,2431488,2431743,2431707,0
2431999,426359549311625,1054458,0.59384777,256,2431744,2431999,2431879,0
2432255,426359550190583,1034833,0.65585927,256,2432000,2432255,2432050,0
2432511,426359551070750,986083,0.63750405,256,2432256,2432511,2432395,0
2432767,426359551989791,892334,0.65071636,256,2432512,2432767,2432698,0
2433023,426359552810875,865958,0.59603534,256,2432768,2433023,2432882,0
2433279,426359553694208,1157667,0.61297029,256,2433024,2433279,2433178,0
2433535,426359554554833,1304583,0.62639294,256,2433280,2433535,2433314,0
2433791,426359555413833,1345958,0.61854913,256,2433536,2433791,2433631,0
2434047,426359556260000,1364625,0.6080745,256,2433792,2434047,2433995,0
2434303,426359557090291,1423959,0.63534921,256,2434048,2434303,2434202,0
2434559,426359557948000,1469583,0.61000586,256,2434304,2434559,2434365,0
2434815,426359558827500,1428250,0.59199943,256,2434560,2434815,2434650,0
2435071,426359559697666,1373209,0.62598071,256,2434816,2435071,2434911,0
2435327,426359560607000,1276125,0.62042115,256,2435072,2435327,2435310,0
2435583,426359561512375,1167916,0.6007891,256,2435328,2435583,2435384,0
2435839,426359562416708,1047500,0.60044824,256,2435584,2435839,2435687,0
2436095,426359563261791,1070459,0.62258164,256,2435840,2436095,2436031,0
2436351,426359564160750,1002708,0.61672773,256,2436096,2436351,2436177,0
2436607,426359565038583,939625,0.63793373,256,2436352,2436607,2436484,0
2436863,426359565936875,891291,0.65676825,256,2436608,2436863,2436807,0
2437119,426359566828166,1592959,0.59189767,256,2436864,2437119,2437104,0
2437375,426359567696875,1805875,0.65469798,256,2437120,2437375,2437363,0
2437631,426359568585666,1814167,0.63176897,256,2437376,2437631,2437523,0
2437887,426359569455208,1833958,0.61766377,256,2437632,2437887,2437852,0
2438143,426359570339041,1850459,0.59563738,256,2437888,2438143,2437928,0
2438399,426359571291458,4969625,0.59642016,256,2438144,2438399,2438174,0
2438655,426359572198958,4106875,0.66309834,256,2438400,2438655,2438535,0
2438911,426359576286583,1899000,0.61057383,256,2438656,2438911,2438830,0
2439167,426359576305458,3467042,0.59880173,256,2438912,2439167,2438927,0
2439423,426359576322083,5061667,0.60759245,256,2439168,2439423,2439191,0
2439679,426359576336625,7184875,0.65781552,256,2439424,2439679,2439424,0
2439935,426359576853458,7995167,0.63380544,256,2439680,2439935,2439704,0
2440191,426359577611666,8825125,0.60113956,256,2439936,2440191,2440093,0
2440447,426359578435208,9282375,0.62129579,256,2440192,2440447,2440357,0
2440703,426359579307666,10003209,0.62064396,256,2440448,2440703,2440657,0
2440959,426359580184500,10715125,0.60302827,256,2440704,2440959,2440880,0
2441215,426359581067625,11096500,0.60785975,256,2440960,2441215,2441179,0
2441471,426359581900833,10897167,0.61596974,256,2441216,2441471,2441397,0
2441727,426359582818666,10942459,0.57658246,256,2441472,2441727,2441494,0
2441983,426359583784333,10794208,0.62374666,256,2441728,2441983,2441951,0
2442239,426359584585375,10823375,0.6010083,256,2441984,2442239,2442117,0
2442495,426359585416875,10809125,0.58368317,256,2442240,2442495,2442310,0
2442751,426359586320500,10707625,0.58232311,256,2442496,2442751,2442585,0
2443007,426359587215416,10669084,0.6099363,256,2442752,2443007,2442804,0
2443263,426359588026666,10691834,0.60607571,256,2443008,2443263,2443247,0
2443519,426359588976041,10602875,0.61528807,256,2443264,2443519,2443281,0
2443775,426359589878250,10520583,0.60940541,256,2443520,2443775,2443775,0
2444031,426359590789791,10428584,0.65134198,256,2443776,2444031,2443862,0
2444287,426359591616916,10430292,0.62799196,256,2444032,2444287,2444136,0
2444543,426359592523833,10337750,0.64382915,256,2444288,2444543,2444454,0
2444799,426359593388083,10309458,0.61922696,256,2444544,2444799,2444668,0
2445055,426359594254125,10272708,0.59839023,256,2444800,2445055,2445031,0
2445311,426359595116958,10216458,0.62816033,256,2445056,2445311,2445159,0
2445567,426359595953625,10181625,0.64913908,256,2445312,2445567,2445529,0
2445823,426359596891541,10067792,0.59932455,256,2445568,2445823,2445820,0
2446079,426359597848750,9936958,0.58963899,256,2445824,2446079,2445982,0
2446335,426359598653583,9953958,0.65642894,256,2446080,2446335,2446328,0
2446591,426359599517041,9921125,0.61479246,256,2446336,2446591,2446554,0
2446847,426359600423958,9833167,0.58687898,256,2446592,2446847,2446724,0
2447103,426359601257750,9809333,0.5812468,256,2446848,2447103,2447029,0
2447359,426359602187083,9683917,0.60889053,256,2447104,2447359,2447192,0
2447615,426359603039416,9692709,0.6789547,256,2447360,2447615,2447564,0
2447871,426359603900708,9637542,0.63423499,256,2447616,2447871,2447770,0
2448127,426359604711000,9641833,0.62730144,256,2447872,2448127,2447963,0
2448383,426359605566375,9597000,0.57473111,256,2448128,2448383,2448260,0
2448639,426359606461541,9527959,0.64256733,256,2448384,2448639,2448558,0
2448895,426359607345000,9475250,0.62837244,256,2448640,2448895,2448738,0
2449151,426359608275958,9384667,0.5982365,256,2448896,2449151,2448934,0
2449407,426359609102791,9377417,0.60359799,256,2449152,2449407,2449210,0
2449663,426359610017125,9273916,0.59659302,256,2449408,2449663,2449648,0
2449919,426359610893291,9203959,0.58975026,256,2449664,2449919,2449840,0
2450175,426359611821166,9097709,0.61424866,256,2449920,2450175,2450051,0
2450431,426359612684916,9064417,0.62930165,256,2450176,2450431,2450343,0
2450687,426359613531291,9055417,0.58270619,256,2450432,2450687,2450654,0
2450943,426359614379833,9005167,0.58112582,256,2450688,2450943,2450827,0
2451199,426359615292500,8934041,0.62488011,256,2450944,2451199,2450957,0
2451455,426359616131708,8925625,0.58236464,256,2451200,2451455,2451396,0
2451711,426359617000000,8890458,0.62010245,256,2451456,2451711,2451578,0
2451967,426359617917666,8796042,0.61091659,256,2451712,2451967,2451830,0
2452223,426359618822333,8706875,0.60658991,256,2451968,2452223,2452213,0
2452479,426359619743208,8592500,0.57312292,256,2452224,2452479,2452448,0
2452735,426359620609291,8557709,0.61519844,256,2452480,2452735,2452489,0
2452991,426359621491250,8529791,0.60823272,256,2452736,2452991,2452905,0
2453247,426359622345916,8453875,0.61129457,256,2452992,2453247,2453016,0
2453503,426359623267333,8335542,0.60562089,256,2453248,2453503,2453295,0
2453759,426359624162416,8259542,0.60377393,256,2453504,2453759,2453520,0
2454015,426359625027583,8245250,0.62713047,256,2453760,2454015,2453836,0
2454271,426359625963625,8138083,0.65692913,256,2454016,2454271,2454263,0
2454527,426359626794750,8118500,0.61805452,256,2454272,2454527,2454465,0
2454783,426359627631583,8092250,0.60662932,256,2454528,2454783,2454587,0
2455039,426359628578458,7944583,0.62261602,256,2454784,2455039,2454803,0
2455295,426359629473791,7861750,0.61549548,256,2455040,2455295,2455236,0
2455551,426359630348666,7806375,0.59535012,256,2455296,2455551,2455536,0
2455807,426359631228208,7758583,0.60383213,256,2455552,2455807,2455690,0
2456063,426359632143000,7644583,0.58227665,256,2455808,2456063,2456062,0
2456319,426359633026625,7545041,0.57086195,256,2456064,2456319,2456064,0
2456575,426359633915541,7479750,0.59378722,256,2456320,2456575,2456332,0
2456831,426359634773916,7441792,0.62129146,256,2456576,2456831,2456802,0
2457087,426359635665250,7367416,0.62494963,256,2456832,2457087,2456835,0
2457343,426359636530791,7316959,0.58792185,256,2457088,2457343,2457302,0
2457599,426359637402375,7271333,0.61263605,256,2457344,2457599,2457590,0
2457855,426359638274875,7239875,0.59954949,256,2457600,2457855,2457720,0
2458111,426359639161041,7156709,0.61526841,256,2457856,2458111,2457875,0
2458367,426359640048041,7098917,0.61289621,256,2458112,2458367,2458324,0
2458623,426359640973458,7065750,0.69292101,256,2458368,2458623,2458558,0
2458879,426359641797958,7071375,0.59693152,256,2458624,2458879,2458667,0
2459135,426359642722666,6991209,0.62245042,256,2458880,2459135,2459046,0
2459391,426359643598000,6922666,0.58982097,256,2459136,2459391,2459381,0
2459647,426359644512541,6828500,0.59891146,256,2459392,2459647,2459472,0
2459903,426359645452416,6723084,0.59958757,256,2459648,2459903,2459897,0
2460159,426359646341041,6636334,0.58000046,256,2459904,2460159,2460050,0
2460415,426359647270916,6509834,0.60133077,256,2460160,2460415,2460289,0
2460671,426359648116791,6517584,0.63295032,256,2460416,2460671,2460666,0
2460927,426359649046458,6413583,0.59501282,256,2460672,2460927,2460790,0
2461183,426359649890458,6411958,0.60153947,256,2460928,2461183,2461002,0
2461439,426359650799458,6323500,0.59158211,256,2461184,2461439,2461373,0
2461695,426359651679000,6285500,0.64671385,256,2461440,2461695,2461544,0
2461951,426359652567875,6254458,0.63386269,256,2461696,2461951,2461875,0
2462207,426359653489375,6146875,0.63145207,256,2461952,2462207,2462172,0
2462463,426359654371166,6114459,0.63753856,256,2462208,2462463,2462260,0
2462719,426359655276375,6033625,0.63687953,256,2462464,2462719,2462655,0
2462975,426359656150333,5994500,0.60181328,256,2462720,2462975,2462774,0
2463231,426359657049291,5905500,0.64143286,256,2462976,2463231,2462978,0
2463487,426359657949125,5827625,0.61257362,256,2463232,2463487,2463429,0
2463743,426359658838083,5729417,0.60967855,256,2463488,2463743,2463686,0
2463999,426359659749500,5639375,0.59341199,256,2463744,2463999,2463831,0
2464255,426359660563458,5683625,0.64639082,256,2464000,2464255,2464021,0
2464511,426359661419041,5649084,0.62883106,256,2464256,2464511,2464431,0
2464767,426359662286625,5580458,0.56860543,256,2464512,2464767,2464630,0
2465023,426359663193166,5511917,0.60762078,256,2464768,2465023,2465012,0
2465279,426359664058625,5449625,0.61130886,256,2465024,2465279,2465189,0
2465535,426359664951416,5378375,0.5750652,256,2465280,2465535,2465347,0
2465791,426359665856291,5281875,0.58355571,256,2465536,2465791,2465754,0
2466047,426359666751791,5202375,0.61997599,256,2465792,2466047,2466045,0
2466303,426359667597500,5179541,0.60002854,256,2466048,2466303,2466212,0
2466559,426359668496916,5099917,0.63354144,256,2466304,2466559,2466553,0
2466815,426359669403666,5011375,0.61653147,256,2466560,2466815,2466699,0
2467071,426359670274083,4941250,0.56357814,256,2466816,2467071,2466908,0
2467327,426359671099125,4975125,0.60738056,256,2467072,2467327,2467316,0
2467583,426359672014208,4830292,0.61848223,256,2467328,2467583,2467567,0
2467839,426359672874166,4795209,0.5728344,256,2467584,2467839,2467799,0
2468095,426359673737208,4734708,0.61213227,256,2467840,2468095,2468026,0
2468351,426359674611166,4667250,0.59197516,256,2468096,2468351,2468185,0
2468607,426359675587958,4509083,0.59319544,256,2468352,2468607,2468469,0
2468863,426359676471541,4434375,0.59242797,256,2468608,2468863,2468764,0
2469119,426359677307875,4407625,0.59253761,256,2468864,2469119,2469107,0
2469375,426359678186583,4392625,0.6337925,256,2469120,2469375,2469185,0
2469631,426359679044708,4350125,0.60585419,256,2469376,2469631,2469377,0
2469887,426359679950291,4248459,0.59063498,256,2469632,2469887,2469883,0
2470143,426359680834208,4184667,0.61252297,256,2469888,2470143,2470042,0
2470399,426359681708875,4145791,0.63678324,256,2470144,2470399,2470318,0
2470655,426359682542583,4132667,0.61420734,256,2470400,2470655,2470414,0
2470911,426359683468250,4030666,0.60904724,256,2470656,2470911,2470774,0
2471167,426359684341041,3971709,0.60613878,256,2470912,2471167,2471059,0
2471423,426359685196500,3919541,0.60333579,256,2471168,2471423,2471168,0
2471679,426359686094833,3870083,0.61424834,256,2471424,2471679,2471517,0
2471935,426359687019458,3762875,0.59625723,256,2471680,2471935,2471789,0
2472191,426359687892125,3692250,0.61436095,256,2471936,2472191,2472096,0
2472447,426359688790750,3631416,0.63025999,256,2472192,2472447,2472376,0
2472703,426359689684375,3576750,0.66362755,256,2472448,2472703,2472543,0
2472959,426359690563541,3544917,0.62217051,256,2472704,2472959,2472917,0
2473215,426359691438958,3497625,0.61708042,256,2472960,2473215,2473174,0
2473471,426359692314541,3466625,0.64805175,256,2473216,2473471,2473382,0
2473727,426359693240750,3362333,0.60259417,256,2473472,2473727,2473615,0
2473983,426359694167916,3245250,0.62971467,256,2473728,2473983,2473773,0
2474239,426359695065500,3168791,0.61590293,256,2473984,2474239,2474003,0
2474495,426359695942416,3104000,0.62529003,256,2474240,2474495,2474439,0
2474751,426359696802958,3078125,0.62864922,256,2474496,2474751,2474749,0
2475007,426359697729958,2955500,0.59333768,256,2474752,2475007,2474937,0
2475263,426359698580625,2934666,0.62037311,256,2475008,2475263,2475030,0
2475519,426359699427291,2897584,0.61166759,256,2475264,2475519,2475516,0
2475775,426359700314958,2858833,0.63898438,256,2475520,2475775,2475524,0
2476031,426359701202416,2761167,0.60579449,256,2475776,2476031,2475865,0
2476287,426359702079625,2696458,0.59432828,256,2476032,2476287,2476156,0
2476543,426359702945250,2633833,0.57141594,256,2476288,2476543,2476495,0
2476799,426359703816000,2575083,0.58731305,256,2476544,2476799,2476756,0
2477055,426359704683500,2541500,0.63939749,256,2476800,2477055,2477044,0
2477311,426359705573666,2475959,0.62799182,256,2477056,2477311,2477062,0
2477567,426359706505666,2359959,0.63027226,256,2477312,2477567,2477374,0
2477823,426359707373458,2306583,0.58755874,256,2477568,2477823,2477610,0
2478079,426359708252958,2246083,0.62146377,256,2477824,2478079,2477982,0
2478335,426359709142666,2180417,0.60246461,256,2478080,2478335,2478132,0
2478591,426359710037416,2097542,0.59872554,256,2478336,2478591,2478429,0
2478847,426359710871750,2074083,0.59446178,256,2478592,2478847,2478809,0
2479103,426359711788291,1979584,0.61647809,256,2478848,2479103,2479082,0
2479359,426359712642041,1968417,0.61940373,256,2479104,2479359,2479121,0
2479615,426359713526208,1896375,0.64121584,256,2479360,2479615,2479528,0
2479871,426359714487791,1776000,0.60850876,256,2479616,2479871,2479793,0
2480127,426359715333333,1745000,0.59243858,256,2479872,2480127,2480049,0
2480383,426359716272125,1618625,0.63755647,256,2480128,2480383,2480220,0
2480639,426359717178916,1563709,0.61990284,256,2480384,2480639,2480394,0
2480895,426359718055250,1527125,0.6298314,256,2480640,2480895,2480816,0
2481151,426359718982625,1413958,0.5681895,256,2480896,2481151,2481068,0
2481407,426359719861958,1343167,0.58800449,256,2481152,2481407,2481254,0
2481663,426359720766125,1242583,0.58821582,256,2481408,2481663,2481558,0
2481919,426359721618208,1212833,0.61040398,256,2481664,2481919,2481805,0
2482175,426359722415166,1234959,0.6066355,256,2481920,2482175,2482016,0
2482431,426359723325083,1126042,0.57977163,256,2482176,2482431,2482353,0
2482687,426359724223083,1152500,0.65932005,256,2482432,2482687,2482599,0
2482943,426359725111875,1006083,0.594451,256,2482688,2482943,2482812,0
2483199,426359725997208,962333,0.60274246,256,2482944,2483199,2483133,0
2483455,426359726870666,897542,0.59988771,256,2483200,2483455,2483364,0
2483711,426359727754791,877125,0.6686183,256,2483456,2483711,2483692,0
2483967,426359728694416,854917,0.60820329,256,2483712,2483967,2483720,0
2484223,426359729580291,1695000,0.61662286,256,2483968,2484223,2484199,0
2484479,426359730466708,1818417,0.64193169,256,2484224,2484479,2484347,0
2484735,426359731358375,1740708,0.58499298,256,2484480,2484735,2484588,0
2484991,426359732227750,1685041,0.58960647,256,2484736,2484991,2484954,0
2485247,426359733070291,1656292,0.6016676,256,2484992,2485247,2485064,0
2485503,426359733976000,1603875,0.61858467,256,2485248,2485503,2485336,0
2485759,426359734882291,1546709,0.59487259,256,2485504,2485759,2485695,0
2486015,426359735769291,1488750,0.57453155,256,2485760,2486015,2485774,0
2486271,426359736667250,1413541,0.58325845,256,2486016,2486271,2486087,0
2486527,426359737519958,1379083,0.59289488,256,2486272,2486527,2486448,0
2486783,426359738471250,1256791,0.62981849,256,2486528,2486783,2486568,0
2487039,426359739341041,1216125,0.61250639,256,2486784,2487039,2486967,0
2487295,426359740251583,1190458,0.65859587,256,2487040,2487295,2487048,0
2487551,426359741121541,1162875,0.60433851,256,2487296,2487551,2487327,0
2487807,426359741953541,1167917,0.58603592,256,2487552,2487807,2487736,0
2488063,426359742830875,1124416,0.58117719,256,2487808,2488063,2488034,0
2488319,426359743738041,1044250,0.6051523,256,2488064,2488319,2488138,0
2488575,426359744549083,1074000,0.60298794,256,2488320,2488575,2488341,0
2488831,426359745466291,981209,0.59933504,256,2488576,2488831,2488796,0
2489087,426359746332541,938875,0.64303692,256,2488832,2489087,2489078,0
2489343,426359747210000,907041,0.62150001,256,2489088,2489343,2489100,0
2489599,426359748177166,836917,0.58952888,256,2489344,2489599,2489516,0
2489855,426359749018041,845917,0.61402743,256,2489600,2489855,2489611,0
2490111,426359749932166,877584,0.61915101,256,2489856,2490111,2489963,0
2490367,426359750748166,883417,0.61467062,256,2490112,2490367,2490317,0
2490623,426359751630666,857084,0.59832341,256,2490368,2490623,2490499,0
2490879,426359752518708,833458,0.5910827,256,2490624,2490879,2490815,0
2491135,426359753379208,863583,0.60441898,256,2490880,2491135,2490906,0
2491391,426359754299125,846250,0.61028263,256,2491136,2491391,2491281,0
2491647,426359755153833,876875,0.66421782,256,2491392,2491647,2491410,0
2491903,426359756024375,847833,0.64918656,256,2491648,2491903,2491800,0
2492159,426359756932916,1654000,0.62763628,256,2491904,2492159,2491924,0
2492415,426359757835125,1734375,0.59030164,256,2492160,2492415,2492263,0
2492671,426359758713791,1730084,0.65669599,256,2492416,2492671,2492546,0
2492927,426359759598416,1659500,0.59736265,256,2492672,2492927,2492835,0
2493183,426359760479375,1580583,0.62120374,256,2492928,2493183,2493029,0
2493439,426359761401750,1471000,0.60772612,256,2493184,2493439,2493425,0
2493695,426359762312625,1384750,0.60193256,256,2493440,2493695,2493481,0
2493951,426359763249916,1250584,0.61228407,256,2493696,2493951,2493891,0
2494207,426359764135833,1183792,0.62012724,256,2493952,2494207,2493966,0
2494463,426359765010333,1138708,0.62712254,256,2494208,2494463,2494281,0
2494719,426359765891958,1062833,0.59939127,256,2494464,2494719,2494578,0
2494975,426359766784375,979500,0.62206653,256,2494720,2494975,2494923,0
2495231,426359767704500,888833,0.62019624,256,2494976,2495231,2495197,0
2495487,426359768645500,839041,0.62414991,256,2495232,2495487,2495367,0
2495743,426359769540625,873250,0.62464416,256,2495488,2495743,2495509,0
2495999,426359770364916,846500,0.59181943,256,2495744,2495999,2495962,0
2496255,426359771206291,802000,0.63017868,256,2496000,2496255,2496085,0
2496511,426359772119416,830042,0.61242889,256,2496256,2496511,2496400,0
2496767,426359773022458,792917,0.59227937,256,2496512,2496767,2496660,0
2497023,426359773925083,827625,0.59442219,256,2496768,2497023,2496912,0
2497279,426359774854625,1406541,0.63925784,256,2497024,2497279,2497231,0
2497535,426359775817791,1256459,0.61598194,256,2497280,2497535,2497317,0
2497791,426359776735333,1138875,0.60010546,256,2497536,2497791,2497762,0
2498047,426359777604833,1065125,0.61103145,256,2497792,2498047,2497792,0
2498303,426359778518083,965667,0.61090879,256,2498048,2498303,2498079,0
2498559,426359779410791,893375,0.61692627,256,2498304,2498559,2498449,0
2498815,426359780316875,807083,0.59929395,256,2498560,2498815,2498638,0
2499071,426359781136041,3923375,0.64087453,256,2498816,2499071,2498872,0
2499327,426359781981416,3102000,0.6315689,256,2499072,2499327,2499100,0
2499583,426359782861416,2223542,0.63829549,256,2499328,2499583,2499582,0
2499839,426359783772333,2268292,0.62853484,256,2499584,2499839,2499785,0
2500095,426359785609875,1262958,0.60755528,256,2499840,2500095,2499992,0
2500351,426359786421500,1295000,0.60530327,256,2500096,2500351,2500165,0
2500607,426359787283875,1245791,0.62263458,256,2500352,2500607,2500529,0
2500863,426359788201833,1156542,0.60779822,256,2500608,2500863,2500800,0
2501119,426359789149875,1028000,0.60230919,256,2500864,2501119,2500956,0
2501375,426359790034958,940083,0.59317879,256,2501120,2501375,2501154,0
2501631,426359790983500,1001166,0.63330478,256,2501376,2501631,2501378,0
2501887,426359791787291,1074709,0.64410942,256,2501632,2501887,2501775,0
2502143,426359792701875,986541,0.59992807,256,2501888,2502143,2502083,0
2502399,426359793556250,945250,0.6023155,256,2502144,2502399,2502198,0
2502655,426359794464541,894042,0.6397648,256,2502400,2502655,2502632,0
2502911,426359795343333,887500,0.63364895,256,2502656,2502911,2502719,0
2503167,426359796228875,832958,0.60877202,256,2502912,2503167,2502968,0
2503423,426359797126500,849666,0.62750057,256,2503168,2503423,2503340,0
2503679,426359798030625,876666,0.63772835,256,2503424,2503679,2503564,0
2503935,426359798954708,1651625,0.61225154,256,2503680,2503935,2503693,0
2504191,426359799908000,1738416,0.64164905,256,2503936,2504191,2503983,0
2504447,426359800813166,1660375,0.64319282,256,2504192,2504447,2504236,0
2504703,426359801643041,1665917,0.62274917,256,2504448,2504703,2504562,0
2504959,426359802476958,1679167,0.63732299,256,2504704,2504959,2504909,0
2505215,426359803313333,1664042,0.574203,256,2504960,2505215,2505132,0
2505471,426359804180791,1629042,0.64122953,256,2505216,2505471,2505392,0
2505727,426359805092083,1549125,0.64987984,256,2505472,2505727,2505685,0
2505983,426359805982541,1510875,0.60605493,256,2505728,2505983,2505837,0
2506239,426359806866916,1470917,0.60210979,256,2505984,2506239,2506218,0
2506495,426359807791333,1377167,0.65296432,256,2506240,2506495,2506301,0
2506751,426359808705125,1286125,0.64018076,256,2506496,2506751,2506720,0
2507007,426359809597333,1225917,0.62623433,256,2506752,2507007,2506952,0
2507263,426359810523166,1124375,0.63829761,256,2507008,2507263,2507086,0
2507519,426359811397833,1083375,0.61976185,256,2507264,2507519,2507469,0
2507775,426359812305083,1011250,0.58714956,256,2507520,2507775,2507579,0
2508031,426359813260750,913500,0.64076093,256,2507776,2508031,2507886,0
2508287,426359814153208,859250,0.61442276,256,2508032,2508287,2508215,0
2508543,426359815061750,860625,0.64467236,256,2508288,2508543,2508411,0
2508799,426359815916875,856041,0.62364927,256,2508544,2508799,2508705,0
2509055,426359816806875,1595916,0.6551776,256,2508800,2509055,2509033,0
2509311,426359817709750,1749333,0.67610459,256,2509056,2509311,2509061,0
2509567,426359818584875,2025250,0.64185669,256,2509312,2509567,2509531,0
2509823,426359819405541,2050334,0.59322286,256,2509568,2509823,2509671,0
2510079,426359820315916,1996250,0.60819544,256,2509824,2510079,2509835,0
2510335,426359821221291,1963334,0.60853292,256,2510080,2510335,2510172,0
2510591,426359822133458,1945375,0.62492758,256,2510336,2510591,2510455,0
2510847,426359822958625,1996166,0.67894507,256,2510592,2510847,2510670,0
2511103,426359823846083,1981917,0.60293968,256,2510848,2511103,2510874,0
2511359,426359824742958,1970625,0.64961557,256,2511104,2511359,2511141,0
2511615,426359825656375,1934791,0.65605684,256,2511360,2511615,2511445,0
2511871,426359826540000,1924291,0.63862436,256,2511616,2511871,2511769,0
2512127,426359827392833,1969917,0.64265163,256,2511872,2512127,2512100,0
2512383,426359828211250,2052583,0.64809905,256,2512128,2512383,2512177,0
2512639,426359829094250,2051250,0.61548058,256,2512384,2512639,2512614,0
2512895,426359829946875,2068250,0.59944774,256,2512640,2512895,2512746,0
2513151,426359830844958,2037583,0.64472019,256,2512896,2513151,2513083,0
2513407,426359831760875,2005458,0.6103563,256,2513152,2513407,2513170,0
2513663,426359832637458,2018333,0.6762325,256,2513408,2513663,2513542,0
2513919,426359833514166,1990500,0.59521602,256,2513664,2513919,2513768,0
2514175,426359834403541,1965917,0.63039284,256,2513920,2514175,2513973,0
2514431,426359835253375,1976458,0.65093792,256,2514176,2514431,2514183,0
2514687,426359836112833,1970750,0.61951663,256,2514432,2514687,2514506,0
2514943,426359836988791,1968500,0.60176922,256,2514688,2514943,2514706,0
2515199,426359837861083,1937042,0.62346011,256,2514944,2515199,2515153,0
2515455,426359838803125,1845000,0.62318861,256,2515200,2515455,2515354,0
2515711,426359839592375,1959458,0.60593528,256,2515456,2515711,2515509,0
2515967,426359840465666,1953584,0.60674639,256,2515712,2515967,2515743,0
2516223,426359841323875,1953916,0.61005339,256,2515968,2516223,2516139,0
2516479,426359842236500,1885291,0.62176583,256,2516224,2516479,2516319,0
2516735,426359843158958,1865250,0.67761214,256,2516480,2516735,2516606,0
2516991,426359844018875,1847250,0.63351258,256,2516736,2516991,2516970,0
2517247,426359844961375,1766541,0.5999705,256,2516992,2517247,2517040,0
2517503,426359845859291,1745417,0.6318691,256,2517248,2517503,2517349,0
2517759,426359846773250,1705291,0.60372303,256,2517504,2517759,2517572,0
2518015,426359847652541,1671834,0.58486997,256,2517760,2518015,2517928,0
2518271,426359848477041,1698125,0.59024759,256,2518016,2518271,2518099,0
2518527,426359849379041,1656334,0.6188372,256,2518272,2518527,2518420,0
2518783,426359850246541,1637584,0.68728591,256,2518528,2518783,2518577,0
2519039,426359851149416,1593167,0.61264445,256,2518784,2519039,2518860,0
2519295,426359852003500,1596791,0.61710258,256,2519040,2519295,2519209,0
2519551,426359852910625,1521250,0.60008443,256,2519296,2519551,2519360,0
2519807,426359853811958,1493792,0.6453923,256,2519552,2519807,2519761,0
2520063,426359854727708,1454667,0.63490297,256,2519808,2520063,2519931,0
2520319,426359855630083,1449542,0.6416423,256,2520064,2520319,2520262,0
2520575,426359856504791,1420250,0.60697028,256,2520320,2520575,2520435,0
2520831,426359857348500,1462958,0.63129476,256,2520576,2520831,2520723,0
2521087,426359858228791,1417959,0.64913662,256,2520832,2521087,2521021,0
2521343,426359859100833,1382417,0.60271673,256,2521088,2521343,2521302,0
2521599,426359859994333,1377042,0.64973736,256,2521344,2521599,2521379,0
2521855,426359860832625,1387250,0.61284035,256,2521600,2521855,2521740,0
2522111,426359861714333,1362375,0.64470687,256,2521856,2522111,2522057,0
2522367,426359862582041,1357000,0.59847605,256,2522112,2522367,2522228,0
2522623,426359863435666,1389250,0.68487594,256,2522368,2522623,2522573,0
2522879,426359864275041,1421375,0.65457102,256,2522624,2522879,2522634,0
2523135,426359865180833,1410417,0.63492915,256,2522880,2523135,2523095,0
2523391,426359866116166,1319459,0.60867924,256,2523136,2523391,2523370,0
2523647,426359866981833,1323417,0.64038003,256,2523392,2523647,2523424,0
2523903,426359867875291,1273209,0.59896902,256,2523648,2523903,2523733,0
2524159,426359868749125,1232541,0.61138184,256,2523904,2524159,2523938,0
2524415,426359869634500,4136625,0.59470801,256,2524160,2524415,2524345,0
2524671,426359870503500,3270166,0.62856775,256,2524416,2524671,2524618,0
2524927,426359871694625,3273583,0.61344227,256,2524672,2524927,2524746,0
2525183,426359873857208,1963167,0.6257972,256,2524928,2525183,2525107,0
2525439,426359873908666,2788334,0.64044553,256,2525184,2525439,2525223,0
2525695,426359874090458,3482542,0.62097953,256,2525440,2525695,2525488,0
2525951,426359874976000,3449583,0.60027526,256,2525696,2525951,2525892,0
2526207,426359875891291,3396417,0.60962017,256,2525952,2526207,2526008,0
2526463,426359876770416,3403417,0.61720247,256,2526208,2526463,2526347,0
2526719,426359877706791,3321542,0.64102501,256,2526464,2526719,2526538,0
2526975,426359878576291,3291209,0.58298577,256,2526720,2526975,2526939,0
2527231,426359879523625,3183000,0.59691529,256,2526976,2527231,2527134,0
2527487,426359880383291,3186459,0.6443855,256,2527232,2527487,2527259,0
2527743,426359881246833,3181000,0.65614144,256,2527488,2527743,2527559,0
2527999,426359882127916,3157084,0.61236989,256,2527744,2527999,2527933,0
2528255,426359883031291,3106125,0.6332931,256,2528000,2528255,2528081,0
2528511,426359884001541,2969417,0.60331849,256,2528256,2528511,2528493,0
2528767,426359884809250,3004750,0.61998326,256,2528512,2528767,2528701,0
2529023,426359885753791,2890625,0.61927423,256,2528768,2529023,2529022,0
2529279,426359886562041,2930834,0.65400459,256,2529024,2529279,2529035,0
2529535,426359887435958,2904833,0.59429185,256,2529280,2529535,2529521,0
2529791,426359888328750,2879666,0.6458288,256,2529536,2529791,2529599,0
2530047,426359889234333,2810292,0.57496355,256,2529792,2530047,2529961,0
2530303,426359890100833,2800750,0.61188899,256,2530048,2530303,2530235,0
2530559,426359890948458,2786083,0.66563199,256,2530304,2530559,2530416,0
2530815,426359891869083,2714625,0.61237411,256,2530560,2530815,2530771,0
2531071,426359892725583,2674583,0.61303204,256,2530816,2531071,2530869,0
2531327,426359893652125,2606958,0.60281846,256,2531072,2531327,2531136,0
2531583,426359894471541,2606834,0.58536498,256,2531328,2531583,2531373,0
2531839,426359895384708,2512708,0.59648675,256,2531584,2531839,2531707,0
2532095,426359896293375,2447625,0.65585927,256,2531840,2532095,2532050,0
2532351,426359897109916,2491250,0.63461657,256,2532096,2532351,2532128,0
2532607,426359898021958,2404417,0.63750405,256,2532352,2532607,2532395,0
2532863,426359898900875,2383958,0.65071636,256,2532608,2532863,2532698,0
2533119,426359899755333,2354625,0.59603534,256,2532864,2533119,2532882,0
2533375,426359900633416,2308125,0.62639294,256,2533120,2533375,2533314,0
2533631,426359901511875,2274916,0.61854913,256,2533376,2533631,2533631,0
2533887,426359902349791,2250750,0.59182307,256,2533632,2533887,2533733,0
2534143,426359903172583,2274583,0.6080745,256,2533888,2534143,2533995,0
2534399,426359904039250,2272000,0.63534921,256,2534144,2534399,2534202,0
2534655,426359904883375,2285208,0.59496119,256,2534400,2534655,2534459,0
2534911,426359905754458,2234958,0.62598071,256,2534656,2534911,2534911,0
2535167,426359906625000,2203500,0.60876253,256,2534912,2535167,2535063,0
2535423,426359907570250,2076625,0.62042115,256,2535168,2535423,2535310,0
2535679,426359908497166,1957167,0.58537973,256,2535424,2535679,2535521,0
2535935,426359909327875,1975291,0.60120333,256,2535680,2535935,2535916,0
2536191,426359910202333,1963542,0.62258164,256,2535936,2536191,2536031,0
2536447,426359911098666,1899167,0.61138218,256,2536192,2536447,2536198,0
2536703,426359911997166,1878209,0.63793373,256,2536448,2536703,2536484,0
2536959,426359912884458,1814458,0.65676825,256,2536704,2536959,2536807,0
2537215,426359913744916,1796334,0.65068601,256,2536960,2537215,2537136,0
2537471,426359914635666,1761750,0.65469798,256,2537216,2537471,2537363,0
2537727,426359915530666,1694542,0.63176897,256,2537472,2537727,2537523,0
2537983,426359916401125,1656000,0.61766377,256,2537728,2537983,2537852,0
2538239,426359917359583,1809958,0.59642016,256,2537984,2538239,2538174,0
2538495,426359918240666,1721084,0.59249444,256,2538240,2538495,2538446,0
2538751,426359919160416,1616792,0.66309834,256,2538496,2538751,2538535,0
2539007,426359920084750,1508541,0.61057383,256,2538752,2539007,2538830,0
2539263,426359920946833,1452458,0.60759245,256,2539008,2539263,2539191,0
2539519,426359921846500,1354416,0.65781552,256,2539264,2539519,2539424,0
2539775,426359922760125,1254250,0.63992472,256,2539520,2539775,2539588,0
2540031,426359923658166,1149917,0.59752637,256,2539776,2540031,2539856,0
2540287,426359924507250,1122041,0.60113956,256,2540032,2540287,2540093,0
2540543,426359925379750,1052125,0.62129579,256,2540288,2540543,2540357,0
2540799,426359926254416,1015917,0.62064396,256,2540544,2540799,2540657,0
2541055,426359927111500,946875,0.60302827,256,2540800,2541055,2540880,0
2541311,426359927993166,911500,0.60785975,256,2541056,2541311,2541179,0
2541567,426359928825916,875875,0.61596974,256,2541312,2541567,2541397,0
2541823,426359929761625,834208,0.56519687,256,2541568,2541823,2541775,0
2542079,426359930584041,840209,0.62374666,256,2541824,2542079,2541951,0
2542335,426359931515750,815333,0.6010083,256,2542080,2542335,2542117,0
2542591,426359932372916,1526500,0.58232311,256,2542336,2542591,2542585,0
2542847,426359933271333,1433875,0.6099363,256,2542592,2542847,2542804,0
2543103,426359934096375,1403250,0.60861314,256,2542848,2543103,2542938,0
2543359,426359935001416,1344417,0.61528807,256,2543104,2543359,2543281,0
2543615,426359935914958,1252417,0.60228561,256,2543360,2543615,2543523,0
2543871,426359936781583,1181750,0.65134198,256,2543616,2543871,2543862,0
2544127,426359937650375,1093416,0.59085038,256,2543872,2544127,2544101,0
2544383,426359938525041,1027750,0.62799196,256,2544128,2544383,2544136,0
2544639,426359939418750,944541,0.64382915,256,2544384,2544639,2544454,0
2544895,426359940336666,826292,0.61922696,256,2544640,2544895,2544668,0
2545151,426359941201083,1308917,0.59839023,256,2544896,2545151,2545031,0
2545407,426359942045166,1278792,0.62816033,256,2545152,2545407,2545159,0
2545663,426359942917833,1229875,0.64913908,256,2545408,2545663,2545529,0
2545919,426359943843708,1120333,0.59932455,256,2545664,2545919,2545820,0
2546175,426359944801208,995667,0.60932984,256,2545920,2546175,2546129,0
2546431,426359945623458,1011542,0.65642894,256,2546176,2546431,2546328,0
2546687,426359946477791,995042,0.61479246,256,2546432,2546687,2546554,0
2546943,426359947362416,925084,0.58687898,256,2546688,2546943,2546724,0
2547199,426359948213500,901458,0.60889053,256,2546944,2547199,2547192,0
2547455,426359949106791,821334,0.60937281,256,2547200,2547455,2547410,0
2547711,426359949992875,879166,0.6789547,256,2547456,2547711,2547564,0
2547967,426359950813708,869292,0.63423499,256,2547712,2547967,2547770,0
2548223,426359951616958,898833,0.60328595,256,2547968,2548223,2548068,0
2548479,426359952502125,815791,0.57515766,256,2548224,2548479,2548396,0
2548735,426359953425791,847959,0.64256733,256,2548480,2548735,2548558,0
2548991,426359954345416,829042,0.62837244,256,2548736,2548991,2548738,0
2549247,426359955214625,849333,0.60359799,256,2548992,2549247,2549210,0
2549503,426359956064791,822417,0.58793211,256,2549248,2549503,2549267,0
2549759,426359956946458,1440125,0.59659302,256,2549504,2549759,2549648,0
2550015,426359957863458,1333208,0.5994441,256,2549760,2550015,2549925,0
2550271,426359958788291,4272875,0.61424866,256,2550016,2550271,2550051,0
2550527,426359959602791,3461375,0.62930165,256,2550272,2550527,2550343,0
2550783,426359960838708,3088625,0.58270619,256,2550528,2550783,2550654,0
2551039,426359963105666,1661209,0.62488011,256,2550784,2551039,2550957,0
2551295,426359963114916,2480250,0.59512176,256,2551040,2551295,2551101,0
2551551,426359963128541,3304209,0.60048011,256,2551296,2551551,2551516,0
2551807,426359963963125,3301083,0.62010245,256,2551552,2551807,2551578,0
2552063,426359964881416,3211625,0.61091659,256,2551808,2552063,2551830,0
2552319,426359965765416,3137500,0.60658991,256,2552064,2552319,2552213,0
2552575,426359966712166,3018167,0.61519844,256,2552320,2552575,2552489,0
2552831,426359967554083,3001333,0.59425728,256,2552576,2552831,2552738,0
2553087,426359968437333,2929750,0.61129457,256,2552832,2553087,2553016,0
2553343,426359969308916,2876375,0.60562089,256,2553088,2553343,2553295,0
2553599,426359970211666,2783584,0.60377393,256,2553344,2553599,2553520,0
2553855,426359971087208,2784917,0.62713047,256,2553600,2553855,2553836,0
2554111,426359971973666,2695542,0.6093607,256,2553856,2554111,2553945,0
2554367,426359972905041,2589542,0.65692913,256,2554112,2554367,2554263,0
2554623,426359973697875,2618750,0.61805452,256,2554368,2554623,2554465,0
2554879,426359974614250,2492791,0.62261602,256,2554624,2554879,2554803,0
2555135,426359975525416,2398667,0.58066394,256,2554880,2555135,2555121,0
2555391,426359976417000,2321500,0.61549548,256,2555136,2555391,2555236,0
2555647,426359977270375,2293541,0.59535012,256,2555392,2555647,2555536,0
2555903,426359978187500,2189250,0.60383213,256,2555648,2555903,2555690,0
2556159,426359979118166,2058834,0.58227665,256,2555904,2556159,2556062,0
2556415,426359979947041,2043125,0.59378722,256,2556160,2556415,2556332,0
2556671,426359980861625,1949041,0.61128015,256,2556416,2556671,2556591,0
2556927,426359981721541,1917042,0.62494963,256,2556672,2556927,2556835,0
2557183,426359982608000,1846833,0.59723363,256,2556928,2557183,2557044,0
2557439,426359983489208,1791708,0.58792185,256,2557184,2557439,2557302,0
2557695,426359984324625,1775708,0.61263605,256,2557440,2557695,2557590,0
2557951,426359985243791,1703792,0.61526841,256,2557696,2557951,2557875,0
2558207,426359986111958,1624750,0.57578576,256,2557952,2558207,2557981,0
2558463,426359986992833,1616333,0.61289621,256,2558208,2558463,2558324,0
2558719,426359987875916,1601417,0.69292101,256,2558464,2558719,2558558,0
2558975,426359988802416,1506250,0.59034389,256,2558720,2558975,2558883,0
2559231,426359989630333,1513208,0.62245042,256,2558976,2559231,2559046,0
2559487,426359990544333,1426708,0.59891146,256,2559232,2559487,2559472,0
2559743,426359991463166,1318375,0.57563206,256,2559488,2559743,2559582,0
2559999,426359992400250,1222291,0.59958757,256,2559744,2559999,2559897,0
2560255,426359993308958,1109250,0.58000046,256,2560000,2560255,2560050,0
2560511,426359994208583,1022250,0.60133077,256,2560256,2560511,2560289,0
2560767,426359995087416,1006542,0.63295032,256,2560512,2560767,2560666,0
2561023,426359995982333,942500,0.60153947,256,2560768,2561023,2561002,0
2561279,426359996868833,900083,0.59920349,256,2561024,2561279,2561040,0
2561535,426359997742958,835708,0.61675831,256,2561280,2561535,2561523,0
2561791,426359998626791,897625,0.64671385,256,2561536,2561791,2561544,0
2562047,426359999543500,891583,0.63386269,256,2561792,2562047,2561875,0
2562303,426360000419125,862458,0.63753856,256,2562048,2562303,2562260,0
2562559,426360001336958,838583,0.59024547,256,2562304,2562559,2562375,0
2562815,426360002246500,856791,0.63687953,256,2562560,2562815,2562655,0
2563071,426360003104625,1690083,0.64143286,256,2562816,2563071,2562978,0
2563327,426360003988500,1793708,0.57790313,256,2563072,2563327,2563300,0
2563583,426360004912541,3333917,0.61257362,256,2563328,2563583,2563429,0
2563839,426360005815041,2433334,0.60967855,256,2563584,2563839,2563686,0
2564095,426360008625375,979958,0.64639082,256,2563840,2564095,2564021,0
2564351,426360008640083,1783250,0.62097451,256,2564096,2564351,2564121,0
2564607,426360008656000,2566125,0.62883106,256,2564352,2564607,2564431,0
2564863,426360009262166,2756500,0.56860543,256,2564608,2564863,2564630,0
2565119,426360010140166,2682084,0.60762078,256,2564864,2565119,2565012,0
2565375,426360011030375,2580500,0.61130886,256,2565120,2565375,2565189,0
2565631,426360011895083,2514375,0.57097002,256,2565376,2565631,2565478,0
2565887,426360012816708,2381667,0.58355571,256,2565632,2565887,2565754,0
2566143,426360013677375,2325041,0.61997599,256,2565888,2566143,2566045,0
2566399,426360014532000,2268708,0.60002854,256,2566144,2566399,2566212,0
2566655,426360015438083,2165292,0.63354144,256,2566400,2566655,2566553,0
2566911,426360016374791,2009875,0.61653147,256,2566656,2566911,2566699,0
2567167,426360017187500,1997041,0.5885259,256,2566912,2567167,2567159,0
2567423,426360018072708,1911375,0.60738056,256,2567168,2567423,2567316,0
2567679,426360018897958,1880333,0.61848223,256,2567424,2567679,2567567,0
2567935,426360019790833,1787375,0.5728344,256,2567680,2567935,2567799,0
2568191,426360020667750,1708958,0.61213227,256,2567936,2568191,2568026,0
2568447,426360021599666,1563667,0.58448847,256,2568192,2568447,2568213,0
2568703,426360022519166,1445875,0.59319544,256,2568448,2568703,2568469,0
2568959,426360023457291,1302667,0.59242797,256,2568704,2568959,2568764,0
2569215,426360024234750,1347750,0.6337925,256,2568960,2569215,2569185,0
2569471,426360025128833,1277167,0.62627704,256,2569216,2569471,2569375,0
2569727,426360026027708,1161542,0.57674917,256,2569472,2569727,2569699,0
2569983,426360026906250,1072666,0.59063498,256,2569728,2569983,2569883,0
2570239,426360027790708,1015875,0.61252297,256,2569984,2570239,2570042,0
2570495,426360028634500,1004666,0.63678324,256,2570240,2570495,2570318,0
2570751,426360029506333,958583,0.59948209,256,2570496,2570751,2570710,0
2571007,426360030404125,876833,0.60904724,256,2570752,2571007,2570774,0
2571263,426360031270250,815958,0.60613878,256,2571008,2571263,2571059,0
2571519,426360032148416,1733042,0.61424834,256,2571264,2571519,2571517,0
2571775,426360033068000,1786000,0.6132524,256,2571520,2571775,2571536,0
2572031,426360033956791,1682209,0.60373505,256,2571776,2572031,2572002,0
2572287,426360034890750,1552000,0.61460563,256,2572032,2572287,2572272,0
2572543,426360035732875,1534583,0.66362755,256,2572288,2572543,2572543,0
2572799,426360036637583,1427417,0.65393908,256,2572544,2572799,2572558,0
2573055,426360037520708,1382458,0.62217051,256,2572800,2573055,2572917,0
2573311,426360038365708,1359542,0.61708042,256,2573056,2573311,2573174,0
2573567,426360039267583,1273250,0.64805175,256,2573312,2573567,2573382,0
2573823,426360040199708,1133542,0.62971467,256,2573568,2573823,2573773,0
2574079,426360041150791,1004209,0.6198063,256,2573824,2574079,2573982,0
2574335,426360042026875,900291,0.58066036,256,2574080,2574335,2574261,0
2574591,426360042900541,841834,0.62529003,256,2574336,2574591,2574439,0
2574847,426360043778166,1649292,0.62864922,256,2574592,2574847,2574749,0
2575103,426360044661875,1781750,0.62037311,256,2574848,2575103,2575030,0
2575359,426360045492708,1751125,0.60885206,256,2575104,2575359,2575108,0
2575615,426360046381208,1698417,0.63898438,256,2575360,2575615,2575524,0
2575871,426360047286208,1612833,0.60914251,256,2575616,2575871,2575632,0
2576127,426360048148208,1565125,0.57826217,256,2575872,2576127,2576010,0
2576383,426360049005666,1510542,0.59432828,256,2576128,2576383,2576156,0
2576639,426360049872541,1461542,0.57141594,256,2576384,2576639,2576495,0
2576895,426360050756666,1398250,0.58731305,256,2576640,2576895,2576756,0
2577151,426360051625708,1365417,0.63939749,256,2576896,2577151,2577044,0
2577407,426360052543500,1267166,0.63027226,256,2577152,2577407,2577374,0
2577663,426360053442875,1190041,0.58755874,256,2577408,2577663,2577610,0
2577919,426360054320458,1115292,0.56916369,256,2577664,2577919,2577873,0
2578175,426360055209291,1081084,0.62146377,256,2577920,2578175,2577982,0
2578431,426360056093833,1016042,0.59872554,256,2578176,2578431,2578429,0
2578687,426360056988875,917666,0.59822397,256,2578432,2578687,2578555,0
2578943,426360057857166,864250,0.60944565,256,2578688,2578943,2578879,0
2579199,426360058718333,840958,0.61940373,256,2578944,2579199,2579121,0
2579455,426360059580125,1578291,0.61862896,256,2579200,2579455,2579321,0
2579711,426360060500541,1681250,0.64121584,256,2579456,2579711,2579528,0
2579967,426360061415750,1609625,0.60850876,256,2579712,2579967,2579793,0
2580223,426360062324875,1529833,0.63755647,256,2579968,2580223,2580220,0
2580479,426360063222333,1456792,0.62428661,256,2580224,2580479,2580344,0
2580735,426360064156208,1333167,0.60332944,256,2580480,2580735,2580530,0
2580991,426360064990208,1352125,0.6298314,256,2580736,2580991,2580816,0
2581247,426360065920458,1237875,0.5681895,256,2580992,2581247,2581068,0
2581503,426360066804958,1160875,0.58800449,256,2581248,2581503,2581254,0
2581759,426360067692041,1082875,0.59206189,256,2581504,2581759,2581739,0
2582015,426360068501333,3691833,0.61040398,256,2581760,2582015,2581805,0
2582271,426360069606250,3486416,0.6066355,256,2582016,2582271,2582016,0
2582527,426360072224125,1663375,0.63854934,256,2582272,2582527,2582524,0
2582783,426360072241333,2465708,0.65932005,256,2582528,2582783,2582599,0
2583039,426360072257000,3266875,0.59602317,256,2582784,2583039,2582964,0
2583295,426360072957041,3720375,0.60274246,256,2583040,2583295,2583133,0
2583551,426360073820083,3646583,0.59988771,256,2583296,2583551,2583364,0
2583807,426360074729708,3606292,0.6686183,256,2583552,2583807,2583692,0
2584063,426360075625125,3492291,0.60951265,256,2583808,2584063,2584032,0
2584319,426360076526458,3412250,0.61662286,256,2584064,2584319,2584199,0
2584575,426360077441166,3317417,0.64193169,256,2584320,2584575,2584347,0
2584831,426360078315541,3247375,0.58499298,256,2584576,2584831,2584588,0
2585087,426360079162833,3182458,0.6016676,256,2584832,2585087,2585064,0
2585343,426360080003708,3159250,0.61858467,256,2585088,2585343,2585336,0
2585599,426360080933916,3596167,0.58407239,256,2585344,2585599,2585503,0
2585855,426360081839166,3547625,0.59487259,256,2585600,2585855,2585695,0
2586111,426360082720583,3504833,0.58325845,256,2585856,2586111,2586087,0
2586367,426360083627750,3409625,0.57110776,256,2586112,2586367,2586261,0
2586623,426360084483208,3395250,0.62981849,256,2586368,2586623,2586568,0
2586879,426360085418875,3294625,0.57930104,256,2586624,2586879,2586783,0
2587135,426360086290750,3283208,0.65859587,256,2586880,2587135,2587048,0
2587391,426360087196708,3242417,0.60778999,256,2587136,2587391,2587141,0
2587647,426360088057458,3200833,0.60328128,256,2587392,2587647,2587525,0
2587903,426360088897166,3210667,0.58603592,256,2587648,2587903,2587736,0
2588159,426360089767625,3171583,0.6051523,256,2587904,2588159,2588138,0
2588415,426360090656416,3133375,0.60298794,256,2588160,2588415,2588341,0
2588671,426360091526041,3086667,0.59905662,256,2588416,2588671,2588644,0
2588927,426360092395291,3067667,0.60905626,256,2588672,2588927,2588837,0
2589183,426360093257958,3026417,0.64303692,256,2588928,2589183,2589078,0
2589439,426360094191208,2907208,0.60143652,256,2589184,2589439,2589228,0
2589695,426360095126041,2816334,0.61402743,256,2589440,2589695,2589611,0
2589951,426360095947666,2842959,0.59535371,256,2589696,2589951,2589827,0
2590207,426360096850375,2781708,0.61915101,256,2589952,2590207,2589963,0
2590463,426360097717791,2758500,0.61467062,256,2590208,2590463,2590317,0
2590719,426360098547333,2790625,0.59832341,256,2590464,2590719,2590499,0
2590975,426360099471666,2706667,0.60441898,256,2590720,2590975,2590906,0
2591231,426360100337833,2664375,0.60027493,256,2590976,2591231,2591111,0
2591487,426360101205291,2682417,0.66421782,256,2591232,2591487,2591410,0
2591743,426360102102791,5141417,0.61290356,256,2591488,2591743,2591574,0
2591999,426360103013875,4333333,0.64918656,256,2591744,2591999,2591800,0
2592255,426360103918000,3430250,0.59092323,256,2592000,2592255,2592037,0
2592511,426360105581666,2631959,0.60081734,256,2592256,2592511,2592509,0
2592767,426360105662375,3450708,0.65669599,256,2592512,2592767,2592546,0
2593023,426360107400375,2537000,0.61424124,256,2592768,2593023,2593018,0
2593279,426360107477333,3297375,0.62120374,256,2593024,2593279,2593029,0
2593535,426360108352333,3268458,0.60772612,256,2593280,2593535,2593425,0
2593791,426360109300791,3141209,0.57819875,256,2593536,2593791,2593714,0
2594047,426360110210000,3057416,0.62012724,256,2593792,2594047,2593966,0
2594303,426360111083625,3024166,0.62712254,256,2594048,2594303,2594281,0
2594559,426360111961375,2995083,0.60192367,256,2594304,2594559,2594373,0
2594815,426360112825125,2959875,0.59939127,256,2594560,2594815,2594578,0
2595071,426360113760083,2866708,0.62206653,256,2594816,2595071,2594923,0
2595327,426360114671875,2812833,0.62019624,256,2595072,2595327,2595197,0
2595583,426360115613333,2725875,0.62464416,256,2595328,2595583,2595509,0
2595839,426360116483958,2693750,0.61700318,256,2595584,2595839,2595591,0
2596095,426360117321916,2667750,0.63017868,256,2595840,2596095,2596085,0
2596351,426360118159041,2630834,0.57751257,256,2596096,2596351,2596337,0
2596607,426360119060666,2551917,0.61242889,256,2596352,2596607,2596400,0
2596863,426360119951333,2469292,0.59227937,256,2596608,2596863,2596660,0
2597119,426360120872291,2373375,0.59442219,256,2596864,2597119,2596912,0
2597375,426360121868166,2231542,0.63925784,256,2597120,2597375,2597231,0
2597631,426360122772791,2138542,0.60842845,256,2597376,2597631,2597382,0
2597887,426360123711166,2033209,0.61103145,256,2597632,2597887,2597792,0
2598143,426360124551541,2025375,0.61090879,256,2597888,2598143,2598079,0
2598399,426360125500458,1902875,0.59589135,256,2598144,2598399,2598153,0
2598655,426360126370625,1863583,0.61692627,256,2598400,2598655,2598449,0
2598911,426360127242750,1823875,0.64087453,256,2598656,2598911,2598872,0
2599167,426360128068458,1828125,0.6315689,256,2598912,2599167,2599100,0
2599423,426360128928750,1773958,0.5872921,256,2599168,2599423,2599189,0
2599679,426360129826833,1738500,0.63829549,256,2599424,2599679,2599582,0
2599935,426360130653875,1749375,0.62853484,256,2599680,2599935,2599785,0
2600191,426360131571375,1715166,0.60755528,256,2599936,2600191,2599992,0
2600447,426360132464166,1662292,0.60754791,256,2600192,2600447,2600431,0
2600703,426360133336875,1677291,0.62263458,256,2600448,2600703,2600529,0
2600959,426360134313041,1514584,0.60779822,256,2600704,2600959,2600800,0
2601215,426360135176208,1492792,0.59317879,256,2600960,2601215,2601154,0
2601471,426360136098750,1416000,0.63330478,256,2601216,2601471,2601378,0
2601727,426360137001166,1368125,0.63263105,256,2601472,2601727,2601595,0
2601983,426360137848666,1377584,0.64410942,256,2601728,2601983,2601775,0
2602239,426360138742000,1329166,0.6023155,256,2601984,2602239,2602198,0
2602495,426360139606166,1292667,0.59392582,256,2602240,2602495,2602393,0
2602751,426360140478750,1325375,0.6397648,256,2602496,2602751,2602632,0
2603007,426360141382875,1264166,0.60877202,256,2602752,2603007,2602968,0
2603263,426360142287208,1195083,0.61318985,256,2603008,2603263,2603213,0
2603519,426360143174833,1171750,0.62750057,256,2603264,2603519,2603340,0
2603775,426360144050833,1182083,0.63772835,256,2603520,2603775,2603564,0
2604031,426360145040875,1060750,0.64164905,256,2603776,2604031,2603983,0
2604287,426360145972333,999292,0.64319282,256,2604032,2604287,2604236,0
2604543,426360146837083,989500,0.60900428,256,2604288,2604543,2604495,0
2604799,426360147687625,1016000,0.63325526,256,2604544,2604799,2604770,0
2605055,426360148495791,1037709,0.63732299,256,2604800,2605055,2604909,0
2605311,426360149331791,1063709,0.59443301,256,2605056,2605311,2605257,0
2605567,426360150225083,1023875,0.64122953,256,2605312,2605567,2605392,0
2605823,426360151147583,977167,0.64987984,256,2605568,2605823,2605685,0
2606079,426360152032958,957792,0.60605493,256,2605824,2606079,2605837,0
2606335,426360152922958,2759958,0.65296432,256,2606080,2606335,2606301,0
2606591,426360153886875,2723208,0.62393145,256,2606336,2606591,2606345,0
2606847,426360155781583,1641292,0.64018076,256,2606592,2606847,2606720,0
2607103,426360155796000,2469208,0.63829761,256,2606848,2607103,2607086,0
2607359,426360156546625,2523791,0.59043634,256,2607104,2607359,2607340,0
2607615,426360157466375,2440708,0.61976185,256,2607360,2607615,2607469,0
2607871,426360158375750,2369000,0.63563742,256,2607616,2607871,2607860,0
2608127,426360159280875,2322208,0.64076093,256,2607872,2608127,2607886,0
2608383,426360160179833,2262125,0.61740189,256,2608128,2608383,2608349,0
2608639,426360161091208,2208750,0.64467236,256,2608384,2608639,2608411,0
2608895,426360161963958,2190792,0.62364927,256,2608640,2608895,2608705,0
2609151,426360162875666,2168250,0.67610459,256,2608896,2609151,2609061,0
2609407,426360163713500,2168625,0.61156548,256,2609152,2609407,2609322,0
2609663,426360164605250,2140708,0.64185669,256,2609408,2609663,2609531,0
2609919,426360165457625,2126041,0.60819544,256,2609664,2609919,2609835,0
2610175,426360166344666,2216167,0.60853292,256,2609920,2610175,2610172,0
2610431,426360167285958,2694000,0.60584482,256,2610176,2610431,2610302,0
2610687,426360168118166,2760667,0.67894507,256,2610432,2610687,2610670,0
2610943,426360168988041,2750834,0.60293968,256,2610688,2610943,2610874,0
2611199,426360169875833,2759875,0.64961557,256,2610944,2611199,2611141,0
2611455,426360170812416,2732959,0.65605684,256,2611200,2611455,2611445,0
2611711,426360171724541,2630709,0.60291165,256,2611456,2611711,2611683,0
2611967,426360172568375,2679000,0.63862436,256,2611712,2611967,2611769,0
2612223,426360173390125,2767791,0.64809905,256,2611968,2612223,2612177,0
2612479,426360174248375,2791458,0.63287607,256,2612224,2612479,2612234,0
2612735,426360175138958,2762083,0.61548058,256,2612480,2612735,2612614,0
2612991,426360176000416,2772334,0.59944774,256,2612736,2612991,2612746,0
2613247,426360176898000,2751250,0.64472019,256,2612992,2613247,2613083,0
2613503,426360177781208,2734375,0.60813703,256,2613248,2613503,2613493,0
2613759,426360178682458,2713000,0.6762325,256,2613504,2613759,2613542,0
2614015,426360179552541,2715917,0.63039284,256,2613760,2614015,2613973,0
2614271,426360180450708,2670875,0.65093792,256,2614016,2614271,2614183,0
2614527,426360181269500,2707750,0.61951663,256,2614272,2614527,2614506,0
2614783,426360182184375,2645375,0.60176922,256,2614528,2614783,2614706,0
2615039,426360183014958,2659667,0.58877187,256,2614784,2615039,2614929,0
2615295,426360183918041,2607750,0.62346011,256,2615040,2615295,2615153,0
2615551,426360184825000,2575500,0.62318861,256,2615296,2615551,2615354,0
2615807,426360185621000,2669041,0.60674639,256,2615552,2615807,2615743,0
2616063,426360186488000,2649791,0.59356166,256,2615808,2616063,2616042,0
2616319,426360187352875,2638291,0.62176583,256,2616064,2616319,2616319,0
2616575,426360188308458,2538167,0.66912341,256,2616320,2616575,2616566,0
2616831,426360189186541,2558084,0.67761214,256,2616576,2616831,2616606,0
2617087,426360190103708,2519958,0.63351258,256,2616832,2617087,2616970,0
2617343,426360191007083,2437875,0.63162866,256,2617088,2617343,2617340,0
2617599,426360191922041,2407084,0.6318691,256,2617344,2617599,2617349,0
2617855,426360192827708,2341417,0.5882785,256,2617600,2617855,2617751,0
2618111,426360193657458,2362292,0.59024759,256,2617856,2618111,2618099,0
2618367,426360194528500,2333000,0.58801015,256,2618112,2618367,2618238,0
2618623,426360195410833,2326417,0.68728591,256,2618368,2618623,2618577,0
2618879,426360196299458,2303333,0.61867574,256,2618624,2618879,2618642,0
2619135,426360197172791,5019917,0.60049282,256,2618880,2619135,2619088,0
2619391,426360198041750,4167125,0.61710258,256,2619136,2619391,2619209,0
2619647,426360199243458,2966500,0.6286582,256,2619392,2619647,2619592,0
2619903,426360200120083,2090958,0.6453923,256,2619648,2619903,2619761,0
2620159,426360201183583,2116042,0.63490297,256,2619904,2620159,2619931,0
2620415,426360202228708,1932750,0.6416423,256,2620160,2620415,2620262,0
2620671,426360203248083,1760917,0.62430912,256,2620416,2620671,2620661,0
2620927,426360203383666,2467667,0.63129476,256,2620672,2620927,2620723,0
2621183,426360204276916,2379834,0.64913662,256,2620928,2621183,2621021,0
2621439,426360205138708,2382667,0.64973736,256,2621184,2621439,2621379,0
2621695,426360206026833,2332042,0.57956331,256,2621440,2621695,2621660,0
2621951,426360206860375,2319250,0.61284035,256,2621696,2621951,2621740,0
2622207,426360207720416,2308209,0.64470687,256,2621952,2622207,2622057,0
2622463,426360208615666,2249375,0.63684892,256,2622208,2622463,2622434,0
2622719,426360209477500,2284916,0.68487594,256,2622464,2622719,2622573,0
2622975,426360210328791,2266625,0.60635518,256,2622720,2622975,2622827,0
2623231,426360211241541,2241042,0.63492915,256,2622976,2623231,2623095,0
2623487,426360212161125,2164291,0.64038003,256,2623232,2623487,2623424,0
2623743,426360213034333,2110667,0.60458498,256,2623488,2623743,2623626,0
2623999,426360213928875,2026708,0.61138184,256,2623744,2623999,2623938,0
2624255,426360214800166,1965750,0.59090211,256,2624000,2624255,2624005,0
2624511,426360215644083,1953958,0.62098797,256,2624256,2624511,2624466,0
2624767,426360216546916,1889500,0.62856775,256,2624512,2624767,2624618,0
2625023,426360217463083,1788458,0.59053032,256,2624768,2625023,2624870,0
2625279,426360218413666,1712042,0.64044553,256,2625024,2625279,2625223,0
2625535,426360219235750,1725750,0.62097953,256,2625280,2625535,2625488,0
2625791,426360220103583,1708250,0.61062979,256,2625536,2625791,2625660,0
2626047,426360221029416,1625125,0.60962017,256,2625792,2626047,2626008,0
2626303,426360221941208,1560542,0.60518556,256,2626048,2626303,2626289,0
2626559,426360222822333,1527792,0.64102501,256,2626304,2626559,2626538,0
2626815,426360223719041,1452750,0.62939463,256,2626560,2626815,2626623,0
2627071,426360224645375,1359458,0.58867688,256,2626816,2627071,2627041,0
2627327,426360225552125,1271583,0.6443855,256,2627072,2627327,2627259,0
2627583,426360226454583,1213833,0.65614144,256,2627328,2627583,2627559,0
2627839,426360227303916,1185625,0.62423057,256,2627584,2627839,2627588,0
2628095,426360228186625,1162833,0.6332931,256,2627840,2628095,2628081,0
2628351,426360229072750,1091416,0.58710934,256,2628096,2628351,2628196,0
2628607,426360229979541,1012042,0.60331849,256,2628352,2628607,2628493,0
2628863,426360230892916,918709,0.61998326,256,2628608,2628863,2628701,0
2629119,426360231796291,841834,0.65400459,256,2628864,2629119,2629035,0
2629375,426360232594583,864417,0.6237523,256,2629120,2629375,2629134,0
2629631,426360233485916,1730709,0.6458288,256,2629376,2629631,2629599,0
2629887,426360234343000,1822958,0.59749237,256,2629632,2629887,2629752,0
2630143,426360235277583,1720667,0.597402,256,2629888,2630143,2630061,0
2630399,426360236106875,1718125,0.61188899,256,2630144,2630399,2630235,0
2630655,426360236978291,1674375,0.66563199,256,2630400,2630655,2630416,0
2630911,426360237900416,1567042,0.61303204,256,2630656,2630911,2630869,0
2631167,426360238791875,1488791,0.60281846,256,2630912,2631167,2631136,0
2631423,426360239652083,1449667,0.59442221,256,2631168,2631423,2631299,0
2631679,426360240500791,1404292,0.57155643,256,2631424,2631679,2631591,0
2631935,426360241439625,1253458,0.59648675,256,2631680,2631935,2631707,0
2632191,426360242316708,1232000,0.65585927,256,2631936,2632191,2632050,0
2632447,426360243143291,1237000,0.63750405,256,2632192,2632447,2632395,0
2632703,426360244076291,1109459,0.65071636,256,2632448,2632703,2632698,0
2632959,426360244937500,1075291,0.63831303,256,2632704,2632959,2632704,0
2633215,426360245787125,1034791,0.61297029,256,2632960,2633215,2633178,0
2633471,426360246660208,974667,0.62639294,256,2633216,2633471,2633314,0
2633727,426360247537333,909958,0.61854913,256,2633472,2633727,2633631,0
2633983,426360248378208,879542,0.59637254,256,2633728,2633983,2633899,0
2634239,426360249189583,893417,0.63534921,256,2633984,2634239,2634202,0
2634495,426360250052458,875250,0.61000586,256,2634240,2634495,2634365,0
2634751,426360250939250,846875,0.59199943,256,2634496,2634751,2634650,0
2635007,426360251794125,1713583,0.62598071,256,2634752,2635007,2634911,0
2635263,426360252710750,1785000,0.60876253,256,2635008,2635263,2635063,0
2635519,426360253587833,1696833,0.62042115,256,2635264,2635519,2635310,0
2635775,426360254517041,1570292,0.60044824,256,2635520,2635775,2635687,0
2636031,426360255373208,1554000,0.62258164,256,2635776,2636031,2636031,0
2636287,426360256267375,1512875,0.61672773,256,2636032,2636287,2636177,0
2636543,426360257143333,1445208,0.63793373,256,2636288,2636543,2636484,0
2636799,426360258023208,1415042,0.63242657,256,2636544,2636799,2636650,0
2637055,426360258872125,1360875,0.65676825,256,2636800,2637055,2636807,0
2637311,426360259800875,1279125,0.65068601,256,2637056,2637311,2637136,0
2637567,426360260696166,3617375,0.65469798,256,2637312,2637567,2637363,0
2637823,426360261920125,3260625,0.60124857,256,2637568,2637823,2637715,0
2638079,426360264364458,1621083,0.61766377,256,2637824,2638079,2637852,0
2638335,426360264382625,2413666,0.59642016,256,2638080,2638335,2638174,0
2638591,426360264403625,3203666,0.66309834,256,2638336,2638591,2638535,0
2638847,426360265202541,3222084,0.61057383,256,2638592,2638847,2638830,0
2639103,426360266126458,3104125,0.59880173,256,2638848,2639103,2638927,0
2639359,426360267002500,3042208,0.60759245,256,2639104,2639359,2639191,0
2639615,426360267905208,2946417,0.65781552,256,2639360,2639615,2639424,0
2639871,426360268815458,2829750,0.63380544,256,2639616,2639871,2639704,0
2640127,426360269690833,2752167,0.60113956,256,2639872,2640127,2640093,0
2640383,426360270545166,2701167,0.62129579,256,2640128,2640383,2640357,0
2640639,426360271428083,2645125,0.58529765,256,2640384,2640639,2640639,0
2640895,426360272297375,2596666,0.62064396,256,2640640,2640895,2640657,0
2641151,426360273141291,2542375,0.59992003,256,2640896,2641151,2641119,0
2641407,426360274017833,2502708,0.61596974,256,2641152,2641407,2641397,0
2641663,426360274897000,2423833,0.57658246,256,2641408,2641663,2641494,0
2641919,426360275782458,2331375,0.56519687,256,2641664,2641919,2641775,0
2642175,426360276664583,2266792,0.62374666,256,2641920,2642175,2641951,0
2642431,426360277551125,2172750,0.58368317,256,2642176,2642431,2642310,0
2642687,426360278428916,2083584,0.58232311,256,2642432,2642687,2642585,0
2642943,426360279302041,2041584,0.6099363,256,2642688,2642943,2642804,0
2643199,426360280129041,2011750,0.58881237,256,2642944,2643199,2643112,0
2643455,426360281059166,1911542,0.61528807,256,2643200,2643455,2643281,0
2643711,426360281939666,1847667,0.60228561,256,2643456,2643711,2643523,0
2643967,426360282816833,4618125,0.65134198,256,2643712,2643967,2643862,0
2644223,426360283692250,3747250,0.62799196,256,2643968,2644223,2644136,0
2644479,426360284802125,2638500,0.64382915,256,2644224,2644479,2644454,0
2644735,426360285965083,2415333,0.61922696,256,2644480,2644735,2644668,0
2644991,426360287545125,1653041,0.60329803,256,2644736,2644991,2644799,0
2645247,426360287567708,2450500,0.62816033,256,2644992,2645247,2645159,0
2645503,426360288112625,2707291,0.57488227,256,2645248,2645503,2645390,0
2645759,426360288959166,2677250,0.64913908,256,2645504,2645759,2645529,0
2646015,426360289942041,2521000,0.59932455,256,2645760,2646015,2645820,0
2646271,426360290800000,2490250,0.61677297,256,2646016,2646271,2646227,0
2646527,426360291632541,2489125,0.65642894,256,2646272,2646527,2646328,0
2646783,426360292525875,2419666,0.61479246,256,2646528,2646783,2646554,0
2647039,426360293379166,2371459,0.5812468,256,2646784,2647039,2647029,0
2647295,426360294265125,2318541,0.60889053,256,2647040,2647295,2647192,0
2647551,426360295122750,2287333,0.63722307,256,2647296,2647551,2647528,0
2647807,426360296018416,2226959,0.6789547,256,2647552,2647807,2647564,0
2648063,426360296829375,2229041,0.62730144,256,2647808,2648063,2647963,0
2648319,426360297666791,2206625,0.60328595,256,2648064,2648319,2648068,0
2648575,426360298573750,2110625,0.64256733,256,2648320,2648575,2648558,0
2648831,426360299459125,2223333,0.62837244,256,2648576,2648831,2648738,0
2649087,426360300371958,2145750,0.60233607,256,2648832,2649087,2648842,0
2649343,426360301218625,2105125,0.60359799,256,2649088,2649343,2649210,0
2649599,426360302116000,1992416,0.56453933,256,2649344,2649599,2649549,0
2649855,426360302975791,1906292,0.59659302,256,2649600,2649855,2649648,0
2650111,426360303932083,1763042,0.61424866,256,2649856,2650111,2650051,0
2650367,426360304798333,1704375,0.62930165,256,2650112,2650367,2650343,0
2650623,426360305614125,1694375,0.57240215,256,2650368,2650623,2650581,0
2650879,426360306479833,1631958,0.58270619,256,2650624,2650879,2650654,0
2651135,426360307369833,1564917,0.62488011,256,2650880,2651135,2650957,0
2651391,426360308237583,4414500,0.57593519,256,2651136,2651391,2651231,0
2651647,426360309412625,3243666,0.62010245,256,2651392,2651647,2651578,0
2651903,426360310548791,3026125,0.61091659,256,2651648,2651903,2651830,0
2652159,426360312690000,1681791,0.59584126,256,2651904,2652159,2652094,0
2652415,426360312704416,2478417,0.60658991,256,2652160,2652415,2652213,0
2652671,426360313237166,2775375,0.61519844,256,2652416,2652671,2652489,0
2652927,426360313795791,3050084,0.60823272,256,2652672,2652927,2652905,0
2653183,426360314461416,3187167,0.61129457,256,2652928,2653183,2653016,0
2653439,426360315380333,3083042,0.60562089,256,2653184,2653439,2653295,0
2653695,426360316243125,3035041,0.60377393,256,2653440,2653695,2653520,0
2653951,426360317113833,3010250,0.62713047,256,2653696,2653951,2653836,0
2654207,426360318066666,2893375,0.61624675,256,2653952,2654207,2654195,0
2654463,426360318913958,2853792,0.65692913,256,2654208,2654463,2654263,0
2654719,426360319721583,2865042,0.61805452,256,2654464,2654719,2654465,0
2654975,426360320654708,2718917,0.62261602,256,2654720,2654975,2654803,0
2655231,426360321576958,2614750,0.59726526,256,2654976,2655231,2655187,0
2655487,426360322426125,2586291,0.61549548,256,2655232,2655487,2655236,0
2655743,426360323338083,2505917,0.60383213,256,2655488,2655743,2655690,0
2655999,426360324232833,2415042,0.57401221,256,2655744,2655999,2655755,0
2656255,426360325140541,2295125,0.58227665,256,2656000,2656255,2656062,0
2656511,426360326016125,2240791,0.59378722,256,2656256,2656511,2656332,0
2656767,426360326880166,2194709,0.61128015,256,2656512,2656767,2656591,0
2657023,426360327765541,2131792,0.62494963,256,2656768,2657023,2656835,0
2657279,426360328626250,2076166,0.59723363,256,2657024,2657279,2657044,0
2657535,426360329516750,2011208,0.58792185,256,2657280,2657535,2657302,0
2657791,426360330369791,2006542,0.61263605,256,2657536,2657791,2657590,0
2658047,426360331257375,1928708,0.61526841,256,2657792,2658047,2657875,0
2658303,426360332153125,1840625,0.60018103,256,2658048,2658303,2658300,0
2658559,426360333056041,1791750,0.69292101,256,2658304,2658559,2658558,0
2658815,426360333898291,1818167,0.64495132,256,2658560,2658815,2658566,0
2659071,426360334835208,1727958,0.62245042,256,2658816,2659071,2659046,0
2659327,426360335666000,1699250,0.59416998,256,2659072,2659327,2659117,0
2659583,426360336564208,1636458,0.59891146,256,2659328,2659583,2659472,0
2659839,426360337526708,1473917,0.59348389,256,2659584,2659839,2659762,0
2660095,426360338451750,1381666,0.59958757,256,2659840,2660095,2659897,0
2660351,426360339371833,1257875,0.60133077,256,2660096,2660351,2660289,0
2660607,426360340214416,1247292,0.60591531,256,2660352,2660607,2660582,0
2660863,426360341123625,1194708,0.63295032,256,2660608,2660863,2660666,0
2661119,426360342002250,1139208,0.60153947,256,2660864,2661119,2661002,0
2661375,426360342902000,1072416,0.59158211,256,2661120,2661375,2661373,0
2661631,426360343786833,1018792,0.64671385,256,2661376,2661631,2661544,0
2661887,426360344693208,939833,0.63386269,256,2661632,2661887,2661875,0
2662143,426360345587416,889334,0.62934687,256,2661888,2662143,2661943,0
2662399,426360346493666,855042,0.63753856,256,2662144,2662399,2662260,0
2662655,426360347392666,842209,0.63687953,256,2662400,2662655,2662655,0
2662911,426360348252833,853458,0.60181328,256,2662656,2662911,2662774,0
2663167,426360349141375,819250,0.64143286,256,2662912,2663167,2662978,0
2663423,426360350037458,812917,0.59617283,256,2663168,2663423,2663399,0
2663679,426360350932583,1160375,0.61257362,256,2663424,2663679,2663429,0
2663935,426360351857250,1067000,0.60967855,256,2663680,2663935,2663686,0
2664191,426360352697750,1066291,0.64639082,256,2663936,2664191,2664021,0
2664447,426360353542125,1042000,0.62883106,256,2664192,2664447,2664431,0
2664703,426360354391083,1000333,0.56860543,256,2664448,2664703,2664630,0
2664959,426360355309416,885209,0.56441215,256,2664704,2664959,2664810,0
2665215,426360356170375,858625,0.61130886,256,2664960,2665215,2665189,0
2665471,426360357050458,1612250,0.5750652,256,2665216,2665471,2665347,0
2665727,426360357964750,2262750,0.57097002,256,2665472,2665727,2665478,0
2665983,426360358847500,2962625,0.58718128,256,2665728,2665983,2665933,0
2666239,426360359717375,3698875,0.61997599,256,2665984,2666239,2666045,0
2666495,426360360595750,4406041,0.59411462,256,2666240,2666495,2666458,0
2666751,426360361497500,5019541,0.63354144,256,2666496,2666751,2666553,0
2667007,426360362400708,4906083,0.61077366,256,2666752,2667007,2666792,0
2667263,426360363239833,4856750,0.59877957,256,2667008,2667263,2667263,0
2667519,426360364126875,4763583,0.60738056,256,2667264,2667519,2667316,0
2667775,426360364987833,4703000,0.61848223,256,2667520,2667775,2667567,0
2668031,426360365824041,4662959,0.61213227,256,2667776,2668031,2668026,0
2668287,426360366721000,4563250,0.59928712,256,2668032,2668287,2668032,0
2668543,426360367664541,4416834,0.59319544,256,2668288,2668543,2668469,0
2668799,426360368558791,4300667,0.59242797,256,2668544,2668799,2668764,0
2669055,426360369442375,4265541,0.58565776,256,2668800,2669055,2668869,0
2669311,426360370289583,5753875,0.6337925,256,2669056,2669311,2669185,0
2669567,426360371153541,6471334,0.62627704,256,2669312,2669567,2669375,0
2669823,426360372064500,6303708,0.58328891,256,2669568,2669823,2669794,0
2670079,426360372952166,6205542,0.61252297,256,2669824,2670079,2670042,0
2670335,426360373808041,6182209,0.63678324,256,2670080,2670335,2670318,0
2670591,426360374803375,5984791,0.61420734,256,2670336,2670591,2670414,0
2670847,426360375827125,5771000,0.60904724,256,2670592,2670847,2670774,0
2671103,426360377594166,4798834,0.60613878,256,2670848,2671103,2671059,0
2671359,426360377613791,5551792,0.60333579,256,2671104,2671359,2671168,0
2671615,426360378220541,5780209,0.61424834,256,2671360,2671615,2671517,0
2671871,426360379100333,5710292,0.59625723,256,2671616,2671871,2671789,0
2672127,426360380013833,5580708,0.61436095,256,2671872,2672127,2672096,0
2672383,426360380905583,5506042,0.63025999,256,2672128,2672383,2672376,0
2672639,426360381752416,5478542,0.66362755,256,2672384,2672639,2672543,0
2672895,426360382678666,5351959,0.59566289,256,2672640,2672895,2672887,0
2673151,426360383547416,5308042,0.62217051,256,2672896,2673151,2672917,0
2673407,426360384412333,5271417,0.64805175,256,2673152,2673407,2673382,0
2673663,426360385331000,5160416,0.60259417,256,2673408,2673663,2673615,0
2673919,426360386275208,5012208,0.62971467,256,2673664,2673919,2673773,0
2674175,426360387158541,4947792,0.6198063,256,2673920,2674175,2673982,0
2674431,426360388066625,4824208,0.59285803,256,2674176,2674431,2674411,0
2674687,426360388940500,4767875,0.62529003,256,2674432,2674687,2674439,0
2674943,426360389841375,4682541,0.62864922,256,2674688,2674943,2674749,0
2675199,426360390691833,4633583,0.62037311,256,2674944,2675199,2675030,0
2675455,426360391530208,4582292,0.5705806,256,2675200,2675455,2675385,0
2675711,426360392443708,4495250,0.63898438,256,2675456,2675711,2675524,0
2675967,426360393296458,4422917,0.60579449,256,2675712,2675967,2675865,0
2676223,426360394169791,4344500,0.59432828,256,2675968,2676223,2676156,0
2676479,426360395057625,4241875,0.56983826,256,2676224,2676479,2676319,0
2676735,426360395912541,4174042,0.57141594,256,2676480,2676735,2676495,0
2676991,426360396762375,4134583,0.59258233,256,2676736,2676991,2676966,0
2677247,426360397661416,4052375,0.63939749,256,2676992,2677247,2677044,0
2677503,426360398576541,3936250,0.63027226,256,2677248,2677503,2677374,0
2677759,426360399486958,3821917,0.58755874,256,2677504,2677759,2677610,0
2678015,426360400356208,3753792,0.62146377,256,2677760,2678015,2677982,0
2678271,426360401257083,3661333,0.60246461,256,2678016,2678271,2678132,0
2678527,426360402126416,3592000,0.59872554,256,2678272,2678527,2678429,0
2678783,426360403014250,3495625,0.59822397,256,2678528,2678783,2678555,0
2679039,426360403872625,3427416,0.60944565,256,2678784,2679039,2678879,0
2679295,426360404741416,3386667,0.61940373,256,2679040,2679295,2679121,0
2679551,426360405629583,3324750,0.64121584,256,2679296,2679551,2679528,0
2679807,426360406575083,3216208,0.63227465,256,2679552,2679807,2679572,0
2680063,426360407444375,3137666,0.59243858,256,2679808,2680063,2680049,0
2680319,426360408331500,3053500,0.63755647,256,2680064,2680319,2680220,0
2680575,426360409282958,2908000,0.62428661,256,2680320,2680575,2680344,0
2680831,426360410185833,2828625,0.6298314,256,2680576,2680831,2680816,0
2681087,426360411048291,2767084,0.59429438,256,2680832,2681087,2680834,0
2681343,426360411971458,2646042,0.58800449,256,2681088,2681343,2681254,0
2681599,426360412862083,2538292,0.58821582,256,2681344,2681599,2681558,0
2681855,426360413744708,2450167,0.61040398,256,2681600,2681855,2681805,0
2682111,426360414526333,2463042,0.6066355,256,2681856,2682111,2682016,0
2682367,426360415412625,2376208,0.57977163,256,2682112,2682367,2682353,0
2682623,426360416332375,2269958,0.65932005,256,2682368,2682623,2682599,0
2682879,426360417237583,2172417,0.64431338,256,2682624,2682879,2682638,0
2683135,426360418084958,2155000,0.60274246,256,2682880,2683135,2683133,0
2683391,426360418977416,2095542,0.59988771,256,2683136,2683391,2683364,0
2683647,426360419867916,1997625,0.61212021,256,2683392,2683647,2683568,0
2683903,426360420782875,5000458,0.6686183,256,2683648,2683903,2683692,0
2684159,426360421672458,4115125,0.60951265,256,2683904,2684159,2684032,0
2684415,426360423486875,3402083,0.64193169,256,2684160,2684415,2684347,0
2684671,426360423496000,4199000,0.58499298,256,2684416,2684671,2684588,0
2684927,426360425872416,2634084,0.58175114,256,2684672,2684927,2684783,0
2685183,426360425921708,3363625,0.6016676,256,2684928,2685183,2685064,0
2685439,426360426083041,4016167,0.61858467,256,2685184,2685439,2685336,0
2685695,426360426972916,3958750,0.59487259,256,2685440,2685695,2685695,0
2685951,426360427855625,3894625,0.57453155,256,2685696,2685951,2685774,0
2686207,426360428771416,3778959,0.58325845,256,2685952,2686207,2686087,0
2686463,426360429636416,3711084,0.59289488,256,2686208,2686463,2686448,0
2686719,426360430558208,3599583,0.62981849,256,2686464,2686719,2686568,0
2686975,426360431463125,3509916,0.61250639,256,2686720,2686975,2686967,0
2687231,426360432345791,3486417,0.65859587,256,2686976,2687231,2687048,0
2687487,426360433217541,3430334,0.60433851,256,2687232,2687487,2687327,0
2687743,426360434088250,3360833,0.60328128,256,2687488,2687743,2687525,0
2687999,426360434956958,3318667,0.57827709,256,2687744,2687999,2687900,0
2688255,426360435841083,3230917,0.6051523,256,2688000,2688255,2688138,0
2688511,426360436665041,3235834,0.60298794,256,2688256,2688511,2688341,0
2688767,426360437568833,3127667,0.59905662,256,2688512,2688767,2688644,0
2689023,426360438451541,3081709,0.63687034,256,2688768,2689023,2689020,0
2689279,426360439311625,3025291,0.64303692,256,2689024,2689279,2689078,0
2689535,426360440286166,2854584,0.58952888,256,2689280,2689535,2689516,0
2689791,426360441108000,2863791,0.61402743,256,2689536,2689791,2689611,0
2690047,426360442010791,2791709,0.61915101,256,2689792,2690047,2689963,0
2690303,426360442853708,2744583,0.59337317,256,2690048,2690303,2690301,0
2690559,426360443750166,2680000,0.61467062,256,2690304,2690559,2690317,0
2690815,426360444626083,2633333,0.5910827,256,2690560,2690815,2690815,0
2691071,426360445474333,2605417,0.60441898,256,2690816,2691071,2690906,0
2691327,426360446410250,2493625,0.61028263,256,2691072,2691327,2691281,0
2691583,426360447254625,2485875,0.66421782,256,2691328,2691583,2691410,0
2691839,426360448123458,2434625,0.64918656,256,2691584,2691839,2691800,0
2692095,426360449034625,2338500,0.62763628,256,2691840,2692095,2691924,0
2692351,426360449954250,2216375,0.59030164,256,2692096,2692351,2692263,0
2692607,426360450809208,2206958,0.65669599,256,2692352,2692607,2692546,0
2692863,426360451686000,2173375,0.63442299,256,2692608,2692863,2692633,0
2693119,426360452567916,2103834,0.62120374,256,2692864,2693119,2693029,0
2693375,426360453515916,1968250,0.60691563,256,2693120,2693375,2693171,0
2693631,426360454431375,1865958,0.60772612,256,2693376,2693631,2693425,0
2693887,426360455353333,1758625,0.57819875,256,2693632,2693887,2693714,0
2694143,426360456265541,1668250,0.62012724,256,2693888,2694143,2693966,0
2694399,426360457122333,1641833,0.62712254,256,2694144,2694399,2694281,0
2694655,426360457986541,1576125,0.59939127,256,2694400,2694655,2694578,0
2694911,426360458912291,1462334,0.58902533,256,2694656,2694911,2694885,0
2695167,426360459788833,1402333,0.62206653,256,2694912,2695167,2694923,0
2695423,426360460733125,1308583,0.62414991,256,2695168,2695423,2695367,0
2695679,426360461641250,1220250,0.62464416,256,2695424,2695679,2695509,0
2695935,426360462497166,1154084,0.57558784,256,2695680,2695935,2695683,0
2696191,426360463325333,1116083,0.63017868,256,2695936,2696191,2696085,0
2696447,426360464224000,1015750,0.61242889,256,2696192,2696447,2696400,0
2696703,426360465114916,909917,0.59227937,256,2696448,2696703,2696660,0
2696959,426360466009958,827125,0.59442219,256,2696704,2696959,2696912,0
2697215,426360466946916,1676709,0.63125636,256,2696960,2697215,2697204,0
2697471,426360467895833,1724542,0.63925784,256,2697216,2697471,2697231,0
2697727,426360468813958,1612917,0.58870569,256,2697472,2697727,2697567,0
2697983,426360469699083,1537333,0.61103145,256,2697728,2697983,2697792,0
2698239,426360470601791,1455542,0.61090879,256,2697984,2698239,2698079,0
2698495,426360471508791,1360000,0.61692627,256,2698240,2698495,2698449,0
2698751,426360472417583,1251250,0.59929395,256,2698496,2698751,2698638,0
2699007,426360473256416,1218209,0.64087453,256,2698752,2699007,2698872,0
2699263,426360474083041,1209542,0.6315689,256,2699008,2699263,2699100,0
2699519,426360474969333,1105417,0.57421666,256,2699264,2699519,2699302,0
2699775,426360475850166,1075834,0.63829549,256,2699520,2699775,2699582,0
2700031,426360476703041,1065584,0.62853484,256,2699776,2700031,2699785,0
2700287,426360477589041,1028875,0.60530327,256,2700032,2700287,2700165,0
2700543,426360478507916,942875,0.62263458,256,2700288,2700543,2700529,0
2700799,426360479382958,3610750,0.59656578,256,2700544,2700799,2700663,0
2701055,426360480312708,2735667,0.60779822,256,2700800,2701055,2700800,0
2701311,426360483077875,941833,0.59317879,256,2701056,2701311,2701154,0
2701567,426360483092375,1752791,0.63330478,256,2701312,2701567,2701378,0
2701823,426360483106958,3121958,0.64410942,256,2701568,2701823,2701775,0
2702079,426360483891958,3943542,0.59444516,256,2701824,2702079,2701939,0
2702335,426360484757500,4675916,0.6023155,256,2702080,2702335,2702198,0
2702591,426360485659166,5368959,0.6196173,256,2702336,2702591,2702563,0
2702847,426360486506041,5664042,0.6397648,256,2702592,2702847,2702632,0
2703103,426360487422375,5598291,0.60877202,256,2702848,2703103,2702968,0
2703359,426360488318291,5558625,0.62750057,256,2703104,2703359,2703340,0
2703615,426360489214875,5523000,0.63772835,256,2703360,2703615,2703564,0
2703871,426360490131625,5487250,0.61225154,256,2703616,2703871,2703693,0
2704127,426360491106375,5369500,0.64164905,256,2703872,2704127,2703983,0
2704383,426360492013041,5330250,0.64319282,256,2704128,2704383,2704236,0
2704639,426360492827250,5371916,0.62274917,256,2704384,2704639,2704562,0
2704895,426360493683541,5380792,0.63325526,256,2704640,2704895,2704770,0
2705151,426360494509416,5392625,0.63732299,256,2704896,2705151,2704909,0
2705407,426360495379333,5390042,0.64122953,256,2705152,2705407,2705392,0
2705663,426360496280166,5327542,0.62660174,256,2705408,2705663,2705570,0
2705919,426360497157541,5347042,0.64987984,256,2705664,2705919,2705685,0
2706175,426360498105166,5244125,0.59472973,256,2705920,2706175,2705983,0
2706431,426360498974500,5249916,0.65296432,256,2706176,2706431,2706301,0
2706687,426360499882750,5177083,0.61340293,256,2706432,2706687,2706526,0
2706943,426360500773291,5129292,0.64018076,256,2706688,2706943,2706720,0
2707199,426360501722666,5042500,0.63829761,256,2706944,2707199,2707086,0
2707455,426360502592666,5005292,0.59043634,256,2707200,2707455,2707340,0
2707711,426360503471000,4979916,0.61976185,256,2707456,2707711,2707469,0
2707967,426360504428208,4913833,0.64076093,256,2707712,2707967,2707886,0
2708223,426360505304375,4894916,0.61442276,256,2707968,2708223,2708215,0
2708479,426360506193583,4881833,0.64467236,256,2708224,2708479,2708411,0
2708735,426360507125625,4806125,0.62364927,256,2708480,2708735,2708705,0
2708991,426360507995375,4819625,0.61673704,256,2708736,2708991,2708920,0
2709247,426360508920250,4788000,0.67610459,256,2708992,2709247,2709061,0
2709503,426360509760583,4797167,0.61156548,256,2709248,2709503,2709322,0
2709759,426360510627708,4812583,0.64185669,256,2709504,2709759,2709531,0
2710015,426360511501416,4800375,0.60819544,256,2709760,2710015,2709835,0
2710271,426360512399916,4765542,0.60853292,256,2710016,2710271,2710172,0
2710527,426360513318250,4724541,0.62492758,256,2710272,2710527,2710455,0
2710783,426360514157500,4773208,0.67894507,256,2710528,2710783,2710670,0
2711039,426360515035500,4763708,0.60293968,256,2710784,2711039,2710874,0
2711295,426360515892750,4794375,0.64961557,256,2711040,2711295,2711141,0
2711551,426360516848416,4716500,0.65605684,256,2711296,2711551,2711445,0
2711807,426360517724708,4710667,0.63862436,256,2711552,2711807,2711769,0
2712063,426360518566166,4744167,0.61520012,256,2711808,2712063,2711924,0
2712319,426360519423250,4813500,0.64809905,256,2712064,2712319,2712177,0
2712575,426360520306458,4788000,0.60094351,256,2712320,2712575,2712345,0
2712831,426360521148958,4808625,0.61548058,256,2712576,2712831,2712614,0
2713087,426360522023750,4820750,0.64472019,256,2712832,2713087,2713083,0
2713343,426360522951708,4759458,0.6103563,256,2713088,2713343,2713170,0
2713599,426360523837041,4747709,0.6762325,256,2713344,2713599,2713542,0
2713855,426360524714083,4731417,0.62823744,256,2713600,2713855,2713626,0
2714111,426360525579500,4725625,0.63039284,256,2713856,2714111,2713973,0
2714367,426360526495875,4673208,0.65093792,256,2714112,2714367,2714183,0
2714623,426360527296708,4719875,0.61951663,256,2714368,2714623,2714506,0
2714879,426360528216083,4655333,0.60176922,256,2714624,2714879,2714706,0
2715135,426360529061166,7595959,0.62239543,256,2714880,2715135,2715087,0
2715391,426360529987375,6671375,0.62346011,256,2715136,2715391,2715153,0
2715647,426360530803000,5856875,0.60631253,256,2715392,2715647,2715412,0
2715903,426360531668375,5071875,0.60674639,256,2715648,2715903,2715743,0
2716159,426360532509875,4686125,0.61005339,256,2715904,2716159,2716139,0
2716415,426360534092125,3945500,0.62176583,256,2716160,2716415,2716319,0
2716671,426360536758750,2176916,0.67761214,256,2716416,2716671,2716606,0
2716927,426360536774208,3001125,0.582646,256,2716672,2716927,2716675,0
2717183,426360536788666,3839792,0.63351258,256,2716928,2717183,2716970,0
2717439,426360537027875,4474916,0.6318691,256,2717184,2717439,2717349,0
2717695,426360537954041,4406334,0.60372303,256,2717440,2717695,2717572,0
2717951,426360538850625,4358791,0.5882785,256,2717696,2717951,2717751,0
2718207,426360539671500,4386166,0.59024759,256,2717952,2718207,2718099,0
2718463,426360540572541,4348000,0.6188372,256,2718208,2718463,2718420,0
2718719,426360541461916,4316459,0.68728591,256,2718464,2718719,2718577,0
2718975,426360542321625,4290000,0.61264445,256,2718720,2718975,2718860,0
2719231,426360543194458,4280833,0.61710258,256,2718976,2719231,2719209,0
2719487,426360544100000,4210000,0.60008443,256,2719232,2719487,2719360,0
2719743,426360545001750,4166625,0.6286582,256,2719488,2719743,2719592,0
2719999,426360545891291,4166000,0.6453923,256,2719744,2719999,2719761,0
2720255,426360546807458,4131708,0.61071043,256,2720000,2720255,2720244,0
2720511,426360547672666,4115625,0.6416423,256,2720256,2720511,2720262,0
2720767,426360548565708,4102208,0.63129476,256,2720512,2720767,2720723,0
2721023,426360549410333,4086667,0.64913662,256,2720768,2721023,2721021,0
2721279,426360550299458,4027958,0.59326676,256,2721024,2721279,2721201,0
2721535,426360551140250,4070333,0.64973736,256,2721280,2721535,2721379,0
2721791,426360552036250,4024416,0.61284035,256,2721536,2721791,2721740,0
2722047,426360552884583,4030875,0.60630711,256,2721792,2722047,2722023,0
2722303,426360553776958,3999042,0.64470687,256,2722048,2722303,2722057,0
2722559,426360554591958,4048208,0.65310893,256,2722304,2722559,2722528,0
2722815,426360555507375,4008291,0.68487594,256,2722560,2722815,2722573,0
2723071,426360556346583,4042208,0.62224034,256,2722816,2723071,2723066,0
2723327,426360557296083,3962292,0.63492915,256,2723072,2723327,2723095,0
2723583,426360558179208,3945292,0.64038003,256,2723328,2723583,2723424,0
2723839,426360559048208,3913583,0.60458498,256,2723584,2723839,2723626,0
2724095,426360559942875,3848458,0.61138184,256,2723840,2724095,2723938,0
2724351,426360560838250,3795125,0.59470801,256,2724096,2724351,2724345,0
2724607,426360561690875,3780625,0.62098797,256,2724352,2724607,2724466,0
2724863,426360562579333,3762667,0.62856775,256,2724608,2724863,2724618,0
2725119,426360563525041,3670750,0.6257972,256,2724864,2725119,2725107,0
2725375,426360564398791,3668667,0.64044553,256,2725120,2725375,2725223,0
2725631,426360565263083,3679583,0.62097953,256,2725376,2725631,2725488,0
2725887,426360566159833,3647125,0.61062979,256,2725632,2725887,2725660,0
2726143,426360567095083,3562208,0.60962017,256,2725888,2726143,2726008,0
2726399,426360567980458,3816375,0.61720247,256,2726144,2726399,2726347,0
2726655,426360568871291,3762792,0.64102501,256,2726400,2726655,2726538,0
2726911,426360569756750,3700250,0.58075952,256,2726656,2726911,2726698,0
2727167,426360570702500,3572333,0.59691529,256,2726912,2727167,2727134,0
2727423,426360571583583,3537375,0.6443855,256,2727168,2727423,2727259,0
2727679,426360572464208,3498375,0.65614144,256,2727424,2727679,2727559,0
2727935,426360573303041,3496959,0.61236989,256,2727680,2727935,2727933,0
2728191,426360574234166,3403542,0.6332931,256,2727936,2728191,2728081,0
2728447,426360575143958,3311917,0.58710934,256,2728192,2728447,2728196,0
2728703,426360575998125,3286166,0.61998326,256,2728448,2728703,2728701,0
2728959,426360576923208,3175250,0.59439807,256,2728704,2728959,2728800,0
2729215,426360577791500,5848291,0.65400459,256,2728960,2729215,2729035,0
2729471,426360578606708,5037000,0.5891788,256,2729216,2729471,2729268,0
2729727,426360579522708,4122292,0.6458288,256,2729472,2729727,2729599,0
2729983,426360582667500,2112833,0.59749237,256,2729728,2729983,2729752,0
2730239,426360582676583,2955917,0.61188899,256,2729984,2730239,2730235,0
2730495,426360582685708,3801125,0.66563199,256,2730240,2730495,2730416,0
2730751,426360583791000,3542833,0.61983034,256,2730496,2730751,2730526,0
2731007,426360583914958,4251583,0.61303204,256,2730752,2731007,2730869,0
2731263,426360584817708,4195250,0.60281846,256,2731008,2731263,2731136,0
2731519,426360585671208,4181208,0.59442221,256,2731264,2731519,2731299,0
2731775,426360586564750,4104416,0.59648675,256,2731520,2731775,2731707,0
2732031,426360587459083,4024375,0.61146871,256,2731776,2732031,2732020,0
2732287,426360588320000,4050541,0.65585927,256,2732032,2732287,2732050,0
2732543,426360589206625,4001833,0.63750405,256,2732288,2732543,2732395,0
2732799,426360590100375,3959708,0.65071636,256,2732544,2732799,2732698,0
2733055,426360590929791,3959084,0.59603534,256,2732800,2733055,2732882,0
2733311,426360591807958,3909583,0.61297029,256,2733056,2733311,2733178,0
2733567,426360592680791,3888209,0.62639294,256,2733312,2733567,2733314,0
2733823,426360593543166,3837167,0.61854913,256,2733568,2733823,2733631,0
2734079,426360594376041,3838042,0.6080745,256,2733824,2734079,2733995,0
2734335,426360595212083,3867792,0.63534921,256,2734080,2734335,2734202,0
2734591,426360596070416,3880000,0.61000586,256,2734336,2734591,2734365,0
2734847,426360596965208,3810833,0.59199943,256,2734592,2734847,2734650,0
2735103,426360597834083,3780458,0.62598071,256,2734848,2735103,2734911,0
2735359,426360598754041,3697584,0.62042115,256,2735104,2735359,2735310,0
2735615,426360599638958,3634542,0.6007891,256,2735360,2735615,2735384,0
2735871,426360600539416,3540417,0.60044824,256,2735616,2735871,2735687,0
2736127,426360601396125,3561875,0.62258164,256,2735872,2736127,2736031,0
2736383,426360602299625,3519583,0.61672773,256,2736128,2736383,2736177,0
2736639,426360603175500,3490750,0.63793373,256,2736384,2736639,2736484,0
2736895,426360604066083,3445708,0.65676825,256,2736640,2736895,2736807,0
2737151,426360604930833,3409333,0.65068601,256,2736896,2737151,2737136,0
2737407,426360605814416,3388209,0.65469798,256,2737152,2737407,2737363,0
2737663,426360606713916,3315084,0.63176897,256,2737408,2737663,2737523,0
2737919,426360607598541,3262792,0.61766377,256,2737664,2737919,2737852,0
2738175,426360608477208,3226000,0.59642016,256,2737920,2738175,2738174,0
2738431,426360609423375,3085875,0.58326041,256,2738176,2738431,2738300,0
2738687,426360610332000,3010708,0.66309834,256,2738432,2738687,2738535,0
2738943,426360611246375,2941916,0.61057383,256,2738688,2738943,2738830,0
2739199,426360612140333,2883417,0.60759245,256,2738944,2739199,2739191,0
2739455,426360613038500,2815583,0.65781552,256,2739200,2739455,2739424,0
2739711,426360613936916,2751292,0.63992472,256,2739456,2739711,2739588,0
2739967,426360614817875,2685166,0.59752637,256,2739712,2739967,2739856,0
2740223,426360615703291,2636334,0.60113956,256,2739968,2740223,2740093,0
2740479,426360616580166,2612125,0.62129579,256,2740224,2740479,2740357,0
2740735,426360617451583,2581458,0.62064396,256,2740480,2740735,2740657,0
2740991,426360618319375,2550416,0.60302827,256,2740736,2740991,2740880,0
2741247,426360619194583,2499333,0.60785975,256,2740992,2741247,2741179,0
2741503,426360620022500,2492291,0.61596974,256,2741248,2741503,2741397,0
2741759,426360620915125,2423208,0.57327156,256,2741504,2741759,2741538,0
2742015,426360621791041,2368084,0.62374666,256,2741760,2742015,2741951,0
2742271,426360622711083,2270625,0.6010083,256,2742016,2742271,2742117,0
2742527,426360623561791,2242167,0.58368317,256,2742272,2742527,2742310,0
2742783,426360624440500,2163666,0.58232311,256,2742528,2742783,2742585,0
2743039,426360625324000,2128875,0.6099363,256,2742784,2743039,2742804,0
2743295,426360626143625,2155791,0.61528807,256,2743040,2743295,2743281,0
2743551,426360627098125,2051916,0.60390786,256,2743296,2743551,2743298,0
2743807,426360627978833,4884417,0.60940541,256,2743552,2743807,2743775,0
2744063,426360628823750,4045125,0.65134198,256,2743808,2744063,2743862,0
2744319,426360630320375,2549541,0.62799196,256,2744064,2744319,2744136,0
2744575,426360632892583,899333,0.64382915,256,2744320,2744575,2744454,0
2744831,426360632907000,1709041,0.61922696,256,2744576,2744831,2744668,0
2745087,426360632921458,2497292,0.59839023,256,2744832,2745087,2745031,0
2745343,426360633249958,2957708,0.62816033,256,2745088,2745343,2745159,0
2745599,426360634117750,2876250,0.64913908,256,2745344,2745599,2745529,0
2745855,426360635015708,2779083,0.59932455,256,2745600,2745855,2745820,0
2746111,426360635984791,2612500,0.58963899,256,2745856,2746111,2745982,0
2746367,426360636823500,2579791,0.65642894,256,2746112,2746367,2746328,0
2746623,426360637668500,2550458,0.61479246,256,2746368,2746623,2746554,0
2746879,426360638557666,2443209,0.58687898,256,2746624,2746879,2746724,0
2747135,426360639408416,2389084,0.5812468,256,2746880,2747135,2747029,0
2747391,426360640301166,2288334,0.60889053,256,2747136,2747391,2747192,0
2747647,426360641161458,2275250,0.6789547,256,2747392,2747647,2747564,0
2747903,426360642032625,2168458,0.63423499,256,2747648,2747903,2747770,0
2748159,426360642838833,2166833,0.62730144,256,2747904,2748159,2747963,0
2748415,426360643698208,2090875,0.57515766,256,2748160,2748415,2748396,0
2748671,426360644610333,2002750,0.64256733,256,2748416,2748671,2748558,0
2748927,426360645505083,1915125,0.62837244,256,2748672,2748927,2748738,0
2749183,426360646404958,1835958,0.5982365,256,2748928,2749183,2748934,0
2749439,426360647246833,1790125,0.60359799,256,2749184,2749439,2749210,0
2749695,426360648148666,1688125,0.59659302,256,2749440,2749695,2749648,0
2749951,426360649022583,1599625,0.5994441,256,2749696,2749951,2749925,0
2750207,426360649949000,1463208,0.61424866,256,2749952,2750207,2750051,0
2750463,426360650800625,1417708,0.62930165,256,2750208,2750463,2750343,0
2750719,426360651691500,1350208,0.58270619,256,2750464,2750719,2750654,0
2750975,426360652514416,1312500,0.62488011,256,2750720,2750975,2750957,0
2751231,426360653426541,1210709,0.59512176,256,2750976,2751231,2751101,0
2751487,426360654277625,1177541,0.58236464,256,2751232,2751487,2751396,0
2751743,426360655112708,1148375,0.62010245,256,2751488,2751743,2751578,0
2751999,426360656065708,1006667,0.61091659,256,2751744,2751999,2751830,0
2752255,426360656967083,891417,0.60658991,256,2752000,2752255,2752213,0
2752511,426360657879625,814083,0.61519844,256,2752256,2752511,2752489,0
2752767,426360658739625,1729750,0.59635555,256,2752512,2752767,2752518,0
2753023,426360659646416,1783500,0.61129457,256,2752768,2753023,2753016,0
2753279,426360660480500,1742000,0.56548277,256,2753024,2753279,2753212,0
2753535,426360661411500,1611791,0.60562089,256,2753280,2753535,2753295,0
2753791,426360662283416,1530959,0.600102,256,2753536,2753791,2753607,0
2754047,426360663147666,1494167,0.62713047,256,2753792,2754047,2753836,0
2754303,426360664091000,1359166,0.65692913,256,2754048,2754303,2754263,0
2754559,426360664905000,1337750,0.61805452,256,2754304,2754559,2754465,0
2754815,426360665788458,1238167,0.62261602,256,2754560,2754815,2754803,0
2755071,426360666737041,1071959,0.57629691,256,2754816,2755071,2755030,0
2755327,426360667622833,1001250,0.61549548,256,2755072,2755327,2755236,0
2755583,426360668465083,943833,0.59535012,256,2755328,2755583,2755536,0
2755839,426360669374458,3243083,0.60383213,256,2755584,2755839,2755690,0
2756095,426360672783125,1095500,0.58227665,256,2755840,2756095,2756062,0
2756351,426360672804125,1883666,0.59378722,256,2756096,2756351,2756332,0
2756607,426360672813208,2684333,0.61128015,256,2756352,2756607,2756591,0
2756863,426360672908041,3424834,0.62494963,256,2756608,2756863,2756835,0
2757119,426360673784291,3356084,0.59723363,256,2756864,2757119,2757044,0
2757375,426360674652875,3305041,0.58792185,256,2757120,2757375,2757302,0
2757631,426360675519875,3258708,0.61263605,256,2757376,2757631,2757590,0
2757887,426360676402541,3241792,0.61526841,256,2757632,2757887,2757875,0
2758143,426360677287125,3147833,0.57622205,256,2757888,2758143,2757946,0
2758399,426360678171333,3106958,0.61289621,256,2758144,2758399,2758324,0
2758655,426360679090041,3071625,0.69292101,256,2758400,2758655,2758558,0
2758911,426360679933916,3060709,0.59693152,256,2758656,2758911,2758667,0
2759167,426360680835666,2996584,0.62245042,256,2758912,2759167,2759046,0
2759423,426360681766916,2876709,0.59387524,256,2759168,2759423,2759402,0
2759679,426360682632458,2839583,0.59891146,256,2759424,2759679,2759472,0
2759935,426360683578958,2726667,0.59958757,256,2759680,2759935,2759897,0
2760191,426360684485875,2623708,0.58000046,256,2759936,2760191,2760050,0
2760447,426360685407500,2515416,0.60133077,256,2760192,2760447,2760289,0
2760703,426360686253208,2525250,0.63295032,256,2760448,2760703,2760666,0
2760959,426360687163291,2436000,0.59501282,256,2760704,2760959,2760790,0
2761215,426360688030541,2412500,0.60153947,256,2760960,2761215,2761002,0
2761471,426360688937708,2317667,0.59158211,256,2761216,2761471,2761373,0
2761727,426360689808333,2301708,0.64671385,256,2761472,2761727,2761544,0
2761983,426360690706958,2279208,0.63386269,256,2761728,2761983,2761875,0
2762239,426360691616041,2176834,0.63145207,256,2761984,2762239,2762172,0
2762495,426360692509958,2122667,0.63753856,256,2762240,2762495,2762260,0
2762751,426360693412083,2054708,0.63687953,256,2762496,2762751,2762655,0
2763007,426360694283416,2017959,0.64143286,256,2762752,2763007,2762978,0
2763263,426360695184041,1933584,0.57706709,256,2763008,2763263,2763164,0
2763519,426360696093250,1850541,0.61257362,256,2763264,2763519,2763429,0
2763775,426360696978333,1758792,0.60967855,256,2763520,2763775,2763686,0
2764031,426360697877000,1694041,0.64639082,256,2763776,2764031,2764021,0
2764287,426360698694291,1715542,0.62269165,256,2764032,2764287,2764092,0
2764543,426360699546250,2051791,0.62883106,256,2764288,2764543,2764431,0
2764799,426360700442333,1946792,0.56860543,256,2764544,2764799,2764630,0
2765055,426360701311583,1898333,0.60762078,256,2764800,2765055,2765012,0
2765311,426360702183750,1818291,0.61130886,256,2765056,2765311,2765189,0
2765567,426360703084000,1718750,0.5750652,256,2765312,2765567,2765347,0
2765823,426360703982208,1602625,0.58355571,256,2765568,2765823,2765754,0
2766079,426360704877416,1517334,0.61997599,256,2765824,2766079,2766045,0
2766335,426360705732500,1444458,0.60002854,256,2766080,2766335,2766212,0
2766591,426360706625250,1378958,0.63354144,256,2766336,2766591,2766553,0
2766847,426360707541625,1248208,0.61653147,256,2766592,2766847,2766699,0
2767103,426360708396291,1184250,0.56357814,256,2766848,2767103,2766908,0
2767359,426360709248250,1147458,0.60738056,256,2767104,2767359,2767316,0
2767615,426360710138041,4361042,0.61848223,256,2767360,2767615,2767567,0
2767871,426360711048541,3454875,0.5728344,256,2767616,2767871,2767799,0
2768127,426360711941250,2563375,0.61213227,256,2767872,2768127,2768026,0
2768383,426360712807208,2529083,0.59197516,256,2768128,2768383,2768185,0
2768639,426360714539500,1588041,0.59319544,256,2768384,2768639,2768469,0
2768895,426360714719541,2206542,0.59242797,256,2768640,2768895,2768764,0
2769151,426360715438458,2292292,0.60667735,256,2768896,2769151,2769149,0
2769407,426360716315083,2244042,0.6337925,256,2769152,2769407,2769185,0
2769663,426360717192958,2155167,0.57238294,256,2769408,2769663,2769425,0
2769919,426360718093708,2038375,0.59063498,256,2769664,2769919,2769883,0
2770175,426360718974583,1955333,0.61252297,256,2769920,2770175,2770042,0
2770431,426360719842916,1907834,0.63678324,256,2770176,2770431,2770318,0
2770687,426360720690375,1861208,0.60276169,256,2770432,2770687,2770445,0
2770943,426360721610375,1740000,0.60904724,256,2770688,2770943,2770774,0
2771199,426360722467916,1672334,0.60613878,256,2770944,2771199,2771059,0
2771455,426360723339541,1603209,0.59180814,256,2771200,2771455,2771400,0
2771711,426360724236750,1532041,0.61424834,256,2771456,2771711,2771517,0
2771967,426360725162000,1403958,0.59625723,256,2771712,2771967,2771789,0
2772223,426360726048458,1304708,0.61436095,256,2771968,2772223,2772096,0
2772479,426360726923041,1260292,0.63025999,256,2772224,2772479,2772376,0
2772735,426360727838791,1152959,0.66362755,256,2772480,2772735,2772543,0
2772991,426360728698000,1124041,0.62217051,256,2772736,2772991,2772917,0
2773247,426360729571500,1061708,0.61708042,256,2772992,2773247,2773174,0
2773503,426360730470083,984083,0.64805175,256,2773248,2773503,2773382,0
2773759,426360731360750,889125,0.60259417,256,2773504,2773759,2773615,0
2774015,426360732313416,1685375,0.62971467,256,2773760,2774015,2773773,0
2774271,426360733195958,1768375,0.58066036,256,2774016,2774271,2774261,0
2774527,426360734089916,1684542,0.62529003,256,2774272,2774527,2774439,0
2774783,426360734940208,1624458,0.62864922,256,2774528,2774783,2774749,0
2775039,426360735857541,1529000,0.62037311,256,2774784,2775039,2775030,0
2775295,426360736707083,1458750,0.60885206,256,2775040,2775295,2775108,0
2775551,426360737574750,1390166,0.63898438,256,2775296,2775551,2775524,0
2775807,426360738457083,1309333,0.6292772,256,2775552,2775807,2775553,0
2776063,426360739333083,1217167,0.60579449,256,2775808,2776063,2775865,0
2776319,426360740202791,1145084,0.59432828,256,2776064,2776319,2776156,0
2776575,426360741063750,1067041,0.57141594,256,2776320,2776575,2776495,0
2776831,426360741960291,963875,0.58731305,256,2776576,2776831,2776756,0
2777087,426360742799541,950209,0.63939749,256,2776832,2777087,2777044,0
2777343,426360743716583,836708,0.58810538,256,2777088,2777343,2777125,0
2777599,426360744652125,1616875,0.63027226,256,2777344,2777599,2777374,0
2777855,426360745506000,1782250,0.58755874,256,2777600,2777855,2777610,0
2778111,426360746385250,1730791,0.62146377,256,2777856,2778111,2777982,0
2778367,426360747268958,1679458,0.60246461,256,2778112,2778367,2778132,0
2778623,426360748179958,1571833,0.59872554,256,2778368,2778623,2778429,0
2778879,426360749028208,1538583,0.60944565,256,2778624,2778879,2778879,0
2779135,426360749919958,1474583,0.61940373,256,2778880,2779135,2779121,0
2779391,426360750766250,1468416,0.61862896,256,2779136,2779391,2779321,0
2779647,426360751657375,1388666,0.64121584,256,2779392,2779647,2779528,0
2779903,426360752628833,1262000,0.60850876,256,2779648,2779903,2779793,0
2780159,426360753491666,1199542,0.59243858,256,2779904,2780159,2780049,0
2780415,426360754406041,1122000,0.63755647,256,2780160,2780415,2780220,0
2780671,426360755332750,1024416,0.60332944,256,2780416,2780671,2780530,0
2780927,426360756212083,987708,0.6298314,256,2780672,2780927,2780816,0
2781183,426360757125125,886041,0.5681895,256,2780928,2781183,2781068,0
2781439,426360758028791,1608917,0.58800449,256,2781184,2781439,2781254,0
2781695,426360758883333,1775458,0.58821582,256,2781440,2781695,2781558,0
2781951,426360759756000,1736375,0.61040398,256,2781696,2781951,2781805,0
2782207,426360760547375,1761916,0.6066355,256,2781952,2782207,2782016,0
2782463,426360761476125,1636458,0.57977163,256,2782208,2782463,2782353,0
2782719,426360762349916,1604709,0.65932005,256,2782464,2782719,2782599,0
2782975,426360763229708,1541333,0.59602317,256,2782720,2782975,2782964,0
2783231,426360764116208,1497333,0.60274246,256,2782976,2783231,2783133,0
2783487,426360764992625,1435125,0.59988771,256,2783232,2783487,2783364,0
2783743,426360765898958,1416042,0.6686183,256,2783488,2783743,2783692,0
2783999,426360766822333,2003417,0.58048925,256,2783744,2783999,2783772,0
2784255,426360767724250,2282291,0.61662286,256,2784000,2784255,2784199,0
2784511,426360768600083,4226333,0.64193169,256,2784256,2784511,2784347,0
2784767,426360769513458,3315000,0.58499298,256,2784512,2784767,2784588,0
2785023,426360771113291,3002292,0.58960647,256,2784768,2785023,2784954,0
2785279,426360773340208,1572500,0.6016676,256,2785024,2785279,2785064,0
2785535,426360773355583,2402875,0.61858467,256,2785280,2785535,2785336,0
2785791,426360773370166,3215875,0.59487259,256,2785536,2785791,2785695,0
2786047,426360773917041,3479125,0.58018432,256,2785792,2786047,2786035,0
2786303,426360774812125,3387458,0.58325845,256,2786048,2786303,2786087,0
2786559,426360775640458,3364958,0.59289488,256,2786304,2786559,2786448,0
2786815,426360776601708,3207417,0.62981849,256,2786560,2786815,2786568,0
2787071,426360777471708,3163250,0.65859587,256,2786816,2787071,2787048,0
2787327,426360778401125,3084958,0.60778999,256,2787072,2787327,2787141,0
2787583,426360779263208,3031708,0.60367651,256,2787328,2787583,2787363,0
2787839,426360780094416,2999167,0.58603592,256,2787584,2787839,2787736,0
2788095,426360780956416,2977375,0.58117719,256,2787840,2788095,2788034,0
2788351,426360781831541,2922167,0.6051523,256,2788096,2788351,2788138,0
2788607,426360782697333,2870583,0.60204624,256,2788352,2788607,2788401,0
2788863,426360783610250,2778541,0.60905626,256,2788608,2788863,2788837,0
2789119,426360784441083,2753792,0.64303692,256,2788864,2789119,2789078,0
2789375,426360785348458,5234292,0.60143652,256,2789120,2789375,2789228,0
2789631,426360786319416,4278417,0.61402743,256,2789376,2789631,2789611,0
2789887,426360787150541,3448375,0.59535371,256,2789632,2789887,2789827,0
2790143,426360789398250,2123958,0.61915101,256,2789888,2790143,2789963,0
2790399,426360789407375,2959041,0.61467062,256,2790144,2790399,2790317,0
2790655,426360790606375,2600750,0.59832341,256,2790400,2790655,2790499,0
2790911,426360790667333,3389958,0.60441898,256,2790656,2790911,2790906,0
2791167,426360791542791,3357542,0.60027493,256,2790912,2791167,2791111,0
2791423,426360792414375,3338791,0.66421782,256,2791168,2791423,2791410,0
2791679,426360793283541,3317167,0.61290356,256,2791424,2791679,2791574,0
2791935,426360794166333,3276125,0.64918656,256,2791680,2791935,2791800,0
2792191,426360795092291,3178750,0.59092323,256,2791936,2792191,2792037,0
2792447,426360795978416,3114292,0.59101226,256,2792192,2792447,2792425,0
2792703,426360796846333,3143125,0.65669599,256,2792448,2792703,2792546,0
2792959,426360797751958,3060167,0.59736265,256,2792704,2792959,2792835,0
2793215,426360798633208,3012042,0.62120374,256,2792960,2793215,2793029,0
2793471,426360799568166,2928625,0.60772612,256,2793216,2793471,2793425,0
2793727,426360800460541,2870250,0.60193256,256,2793472,2793727,2793481,0
2793983,426360801387500,2767125,0.62012724,256,2793728,2793983,2793966,0
2794239,426360802283291,2710167,0.59574194,256,2793984,2794239,2794049,0
2794495,426360803145916,2709292,0.62712254,256,2794240,2794495,2794281,0
2794751,426360804047041,2629792,0.59939127,256,2794496,2794751,2794578,0
2795007,426360804932875,2592583,0.62206653,256,2794752,2795007,2794923,0
2795263,426360805842291,2544084,0.62019624,256,2795008,2795263,2795197,0
2795519,426360806795500,2439250,0.62464416,256,2795264,2795519,2795509,0
2795775,426360807738833,2345708,0.62092215,256,2795520,2795775,2795542,0
2796031,426360808514625,2383208,0.59613018,256,2795776,2796031,2796021,0
2796287,426360809358083,2344333,0.63017868,256,2796032,2796287,2796085,0
2796543,426360810229166,2284250,0.61242889,256,2796288,2796543,2796400,0
2796799,426360811164791,2171167,0.59227937,256,2796544,2796799,2796660,0
2797055,426360812073166,2089084,0.59442219,256,2796800,2797055,2796912,0
2797311,426360813016208,1982333,0.63925784,256,2797056,2797311,2797231,0
2797567,426360813954333,1865042,0.61598194,256,2797312,2797567,2797317,0
2797823,426360814868625,1776541,0.61103145,256,2797568,2797823,2797792,0
2798079,426360815752166,1713334,0.61090879,256,2797824,2798079,2798079,0
2798335,426360816664083,1643792,0.59589135,256,2798080,2798335,2798153,0
2798591,426360817557916,1581792,0.61692627,256,2798336,2798591,2798449,0
2798847,426360818429333,1533708,0.59929395,256,2798592,2798847,2798638,0
2799103,426360819273250,1543541,0.64087453,256,2798848,2799103,2798872,0
2799359,426360820113291,3971084,0.5872921,256,2799104,2799359,2799189,0
2799615,426360820998166,3090250,0.63829549,256,2799360,2799615,2799582,0
2799871,426360822045291,3393667,0.62853484,256,2799616,2799871,2799785,0
2800127,426360824734041,1578834,0.60755528,256,2799872,2800127,2799992,0
2800383,426360825500000,1661750,0.60530327,256,2800128,2800383,2800165,0
2800639,426360826344416,1666042,0.62263458,256,2800384,2800639,2800529,0
2800895,426360827280416,1573917,0.60779822,256,2800640,2800895,2800800,0
2801151,426360828194666,1503750,0.60230919,256,2800896,2801151,2800956,0
2801407,426360829096041,1430667,0.63330478,256,2801152,2801407,2801378,0
2801663,426360830044125,1334791,0.63263105,256,2801408,2801663,2801595,0
2801919,426360830853708,1375083,0.64410942,256,2801664,2801919,2801775,0
2802175,426360831757041,1322959,0.59992807,256,2801920,2802175,2802083,0
2802431,426360832622458,1286542,0.6023155,256,2802176,2802431,2802198,0
2802687,426360833513833,1277958,0.6397648,256,2802432,2802687,2802632,0
2802943,426360834397875,1244541,0.63364895,256,2802688,2802943,2802719,0
2803199,426360835303833,1185875,0.60877202,256,2802944,2803199,2802968,0
2803455,426360836175416,1172542,0.62750057,256,2803200,2803455,2803340,0
2803711,426360837094875,1141416,0.63772835,256,2803456,2803711,2803564,0
2803967,426360838026625,1060291,0.60141272,256,2803712,2803967,2803780,0
2804223,426360838976583,993500,0.64164905,256,2803968,2804223,2803983,0
2804479,426360839862125,965666,0.64319282,256,2804224,2804479,2804236,0
2804735,426360840694958,979750,0.62274917,256,2804480,2804735,2804562,0
2804991,426360841536500,1005291,0.63732299,256,2804736,2804991,2804909,0
2805247,426360842361916,1013375,0.574203,256,2804992,2805247,2805132,0
2805503,426360843231875,1010083,0.64122953,256,2805248,2805503,2805392,0
2805759,426360844150333,953750,0.64987984,256,2805504,2805759,2805685,0
2806015,426360845055500,918500,0.60605493,256,2805760,2806015,2805837,0
2806271,426360845927833,901750,0.60210979,256,2806016,2806271,2806218,0
2806527,426360846859875,890750,0.65296432,256,2806272,2806527,2806301,0
2806783,426360847750916,863000,0.64018076,256,2806528,2806783,2806720,0
2807039,426360848663541,1731584,0.62623433,256,2806784,2807039,2806952,0
2807295,426360849573583,1821750,0.63829761,256,2807040,2807295,2807086,0
2807551,426360850481375,2151583,0.61976185,256,2807296,2807551,2807469,0
2807807,426360851384041,2089334,0.60970642,256,2807552,2807807,2807806,0
2808063,426360852299083,2049167,0.64076093,256,2807808,2808063,2807886,0
2808319,426360853210083,1980750,0.61442276,256,2808064,2808319,2808215,0
2808575,426360854151333,1897375,0.64467236,256,2808320,2808575,2808411,0
2808831,426360854967708,1944167,0.62364927,256,2808576,2808831,2808705,0
2809087,426360855874958,1889375,0.67610459,256,2808832,2809087,2809061,0
2809343,426360856746416,1900000,0.62245495,256,2809088,2809343,2809092,0
2809599,426360857614041,1883584,0.64185669,256,2809344,2809599,2809531,0
2809855,426360858460083,1865333,0.60819544,256,2809600,2809855,2809835,0
2810111,426360859370000,1800458,0.58116441,256,2809856,2810111,2810078,0
2810367,426360860309833,1714875,0.60853292,256,2810112,2810367,2810172,0
2810623,426360861172958,1715833,0.62492758,256,2810368,2810623,2810455,0
2810879,426360862006791,1736084,0.67894507,256,2810624,2810879,2810670,0
2811135,426360862898333,1708792,0.62888831,256,2810880,2811135,2811130,0
2811391,426360863799125,1670416,0.64961557,256,2811136,2811391,2811141,0
2811647,426360864708625,1594083,0.65605684,256,2811392,2811647,2811445,0
2811903,426360865577083,1583375,0.63862436,256,2811648,2811903,2811769,0
2812159,426360866440083,1602583,0.64265163,256,2811904,2812159,2812100,0
2812415,426360867292416,1627167,0.64809905,256,2812160,2812415,2812177,0
2812671,426360868185333,1584583,0.61548058,256,2812416,2812671,2812614,0
2812927,426360869015666,1643834,0.59944774,256,2812672,2812927,2812746,0
2813183,426360869909166,1559167,0.64472019,256,2812928,2813183,2813083,0
2813439,426360870806125,1514458,0.59469784,256,2813184,2813439,2813212,0
2813695,426360871696625,1494750,0.6762325,256,2813440,2813695,2813542,0
2813951,426360872573000,4889916,0.59521602,256,2813696,2813951,2813768,0
2814207,426360873458958,4008750,0.65093792,256,2813952,2814207,2814183,0
2814463,426360874312375,4284125,0.58754861,256,2814208,2814463,2814257,0
2814719,426360877505125,1953208,0.61951663,256,2814464,2814719,2814506,0
2814975,426360877523000,2797875,0.59019091,256,2814720,2814975,2814762,0
2815231,426360877537583,3636375,0.62346011,256,2814976,2815231,2815153,0
2815487,426360877870416,4166250,0.62318861,256,2815232,2815487,2815354,0
2815743,426360878663666,4273125,0.60674639,256,2815488,2815743,2815743,0
2815999,426360879512000,4292166,0.57661574,256,2815744,2815999,2815755,0
2816255,426360880390458,4273417,0.61005339,256,2816000,2816255,2816139,0
2816511,426360881315625,4205666,0.62176583,256,2816256,2816511,2816319,0
2816767,426360882201625,4223583,0.67761214,256,2816512,2816767,2816606,0
2817023,426360883089791,4179875,0.63351258,256,2816768,2817023,2816970,0
2817279,426360884028041,4098292,0.5999705,256,2817024,2817279,2817040,0
2817535,426360884926791,4086709,0.6318691,256,2817280,2817535,2817349,0
2817791,426360885853291,4026125,0.60372303,256,2817536,2817791,2817572,0
2818047,426360886686041,4036334,0.58486997,256,2817792,2818047,2817928,0
2818303,426360887583916,3977750,0.59024759,256,2818048,2818303,2818099,0
2818559,426360888435666,3984459,0.62271564,256,2818304,2818559,2818538,0
2818815,426360889306833,3975667,0.68728591,256,2818560,2818815,2818577,0
2819071,426360890212916,3908792,0.61264445,256,2818816,2819071,2818860,0
2819327,426360891059541,3921542,0.61710258,256,2819072,2819327,2819209,0
2819583,426360891987750,3832875,0.60008443,256,2819328,2819583,2819360,0
2819839,426360892846333,3847833,0.6453923,256,2819584,2819839,2819761,0
2820095,426360893791875,3780083,0.63490297,256,2819840,2820095,2819931,0
2820351,426360894685250,3777500,0.6416423,256,2820096,2820351,2820262,0
2820607,426360895564333,3732500,0.60697028,256,2820352,2820607,2820435,0
2820863,426360896423083,3768292,0.63129476,256,2820608,2820863,2820723,0
2821119,426360897262791,3758959,0.64913662,256,2820864,2821119,2821021,0
2821375,426360898159083,3732083,0.6158969,256,2821120,2821375,2821374,0
2821631,426360899052666,3719375,0.64973736,256,2821376,2821631,2821379,0
2821887,426360899873583,3736792,0.61284035,256,2821632,2821887,2821740,0
2822143,426360900733375,3745041,0.64470687,256,2821888,2822143,2822057,0
2822399,426360901659916,3673667,0.59847605,256,2822144,2822399,2822228,0
2822655,426360902495250,3747666,0.68487594,256,2822400,2822655,2822573,0
2822911,426360903342333,3750000,0.60635518,256,2822656,2822911,2822827,0
2823167,426360904266958,3717542,0.63492915,256,2822912,2823167,2823095,0
2823423,426360905166791,3667959,0.61175058,256,2823168,2823423,2823423,0
2823679,426360906059083,3644625,0.64038003,256,2823424,2823679,2823424,0
2823935,426360906963083,3575792,0.59896902,256,2823680,2823935,2823733,0
2824191,426360907824083,3550375,0.61138184,256,2823936,2824191,2823938,0
2824447,426360908682041,3540209,0.59470801,256,2824192,2824447,2824345,0
2824703,426360909568416,3501709,0.62856775,256,2824448,2824703,2824618,0
2824959,426360910464875,3464333,0.61344227,256,2824704,2824959,2824746,0
2825215,426360911386250,3415166,0.6257972,256,2824960,2825215,2825107,0
2825471,426360912271458,3398958,0.64044553,256,2825216,2825471,2825223,0
2825727,426360913132291,3418625,0.62097953,256,2825472,2825727,2825488,0
2825983,426360914034250,3367541,0.60027526,256,2825728,2825983,2825892,0
2826239,426360914963916,3309084,0.60962017,256,2825984,2826239,2826008,0
2826495,426360915832625,3334833,0.61720247,256,2826240,2826495,2826347,0
2826751,426360916744125,3272125,0.64102501,256,2826496,2826751,2826538,0
2827007,426360917653208,3213292,0.58298577,256,2826752,2827007,2826939,0
2827263,426360918570625,3142916,0.6443855,256,2827008,2827263,2827259,0
2827519,426360919457416,3117250,0.63127731,256,2827264,2827519,2827391,0
2827775,426360920331041,3107000,0.65614144,256,2827520,2827775,2827559,0
2828031,426360921189541,3098834,0.61236989,256,2827776,2828031,2827933,0
2828287,426360922102666,3406792,0.6332931,256,2828032,2828287,2828081,0
2828543,426360923015791,2976167,0.60331849,256,2828288,2828543,2828493,0
2828799,426360923888041,2937667,0.61998326,256,2828544,2828799,2828701,0
2829055,426360924798541,2876709,0.65400459,256,2828800,2829055,2829035,0
2829311,426360925634500,2883166,0.64175703,256,2829056,2829311,2829059,0
2829567,426360926501750,2874500,0.59429185,256,2829312,2829567,2829521,0
2829823,426360927382250,2857958,0.6458288,256,2829568,2829823,2829599,0
2830079,426360928312583,2786125,0.597402,256,2829824,2830079,2830061,0
2830335,426360929161125,2780333,0.61188899,256,2830080,2830335,2830235,0
2830591,426360929999125,2789583,0.66563199,256,2830336,2830591,2830416,0
2830847,426360930927666,5687375,0.61237411,256,2830592,2830847,2830771,0
2831103,426360931787458,4832125,0.61303204,256,2830848,2831103,2830869,0
2831359,426360932701916,3918750,0.60281846,256,2831104,2831359,2831136,0
2831615,426360934568750,3210583,0.58536498,256,2831360,2831615,2831373,0
2831871,426360934577833,3995792,0.59648675,256,2831616,2831871,2831707,0
2832127,426360936720416,2690792,0.65585927,256,2831872,2832127,2832050,0
2832383,426360936735458,3510958,0.63461657,256,2832128,2832383,2832128,0
2832639,426360937462666,3596209,0.63750405,256,2832384,2832639,2832395,0
2832895,426360937954791,3934000,0.65071636,256,2832640,2832895,2832698,0
2833151,426360938823375,3865583,0.59208117,256,2832896,2833151,2832907,0
2833407,426360939681625,3839666,0.62639294,256,2833152,2833407,2833314,0
2833663,426360940591791,3749209,0.61854913,256,2833408,2833663,2833631,0
2833919,426360941411500,3738333,0.59637254,256,2833664,2833919,2833899,0
2834175,426360942228666,3729917,0.6080745,256,2833920,2834175,2833995,0
2834431,426360943067291,3741917,0.63534921,256,2834176,2834431,2834202,0
2834687,426360943942000,3693291,0.59496119,256,2834432,2834687,2834459,0
2834943,426360944809458,3639917,0.62598071,256,2834688,2834943,2834911,0
2835199,426360945686833,3588042,0.60876253,256,2834944,2835199,2835063,0
2835455,426360946632500,3422166,0.62042115,256,2835200,2835455,2835310,0
2835711,426360947520250,3330625,0.60044824,256,2835456,2835711,2835687,0
2835967,426360948367791,3313792,0.60120333,256,2835712,2835967,2835916,0
2836223,426360949268000,3272666,0.62258164,256,2835968,2836223,2836031,0
2836479,426360950144125,3206333,0.59365453,256,2836224,2836479,2836474,0
2836735,426360951056583,3147292,0.63793373,256,2836480,2836735,2836484,0
2836991,426360951916708,3074167,0.65676825,256,2836736,2836991,2836807,0
2837247,426360952792833,3027667,0.65068601,256,2836992,2837247,2837136,0
2837503,426360953695375,2947041,0.65469798,256,2837248,2837503,2837363,0
2837759,426360954582166,2882042,0.63176897,256,2837504,2837759,2837523,0
2838015,426360955474875,2806000,0.61766377,256,2837760,2838015,2837852,0
2838271,426360956401166,2697750,0.59642016,256,2838016,2838271,2838174,0
2838527,426360957305041,2598584,0.59249444,256,2838272,2838527,2838446,0
2838783,426360958210000,2496625,0.66309834,256,2838528,2838783,2838535,0
2839039,426360959146375,2379166,0.61057383,256,2838784,2839039,2838830,0
2839295,426360960010125,2325791,0.60759245,256,2839040,2839295,2839191,0
2839551,426360960909500,2226791,0.65781552,256,2839296,2839551,2839424,0
2839807,426360961831083,2118292,0.63992472,256,2839552,2839807,2839588,0
2840063,426360962726875,2031750,0.59752637,256,2839808,2840063,2839856,0
2840319,426360963564750,1999291,0.60113956,256,2840064,2840319,2840093,0
2840575,426360964440000,1927000,0.62129579,256,2840320,2840575,2840357,0
2840831,426360965334208,1872125,0.62064396,256,2840576,2840831,2840657,0
2841087,426360966170875,1823458,0.60302827,256,2840832,2841087,2840880,0
2841343,426360967040083,1800667,0.60785975,256,2841088,2841343,2841179,0
2841599,426360967891625,1749333,0.61596974,256,2841344,2841599,2841397,0
2841855,426360968823958,1610458,0.56519687,256,2841600,2841855,2841775,0
2842111,426360969643583,1603250,0.62374666,256,2841856,2842111,2841951,0
2842367,426360970572666,1474292,0.6010083,256,2842112,2842367,2842117,0
2842623,426360971435750,1405666,0.58232311,256,2842368,2842623,2842585,0
2842879,426360972315458,1338208,0.6099363,256,2842624,2842879,2842804,0
2843135,426360973156208,1299333,0.60861314,256,2842880,2843135,2842938,0
2843391,426360974060041,1241125,0.61528807,256,2843136,2843391,2843281,0
2843647,426360974978916,1136625,0.60228561,256,2843392,2843647,2843523,0
2843903,426360975850083,1069458,0.65134198,256,2843648,2843903,2843862,0
2844159,426360976711083,1015250,0.62799196,256,2843904,2844159,2844136,0
2844415,426360977585500,934541,0.58681251,256,2844160,2844415,2844411,0
2844671,426360978469958,889042,0.64382915,256,2844416,2844671,2844454,0
2844927,426360979394125,1717291,0.60329803,256,2844672,2844927,2844799,0
2845183,426360980244250,3967833,0.62816033,256,2844928,2845183,2845159,0
2845439,426360981108416,3300917,0.57488227,256,2845184,2845439,2845390,0
2845695,426360982903041,3710959,0.64913908,256,2845440,2845695,2845529,0
2845951,426360982915916,4493917,0.59932455,256,2845696,2845951,2845820,0
2846207,426360985736208,2473375,0.60932984,256,2845952,2846207,2846129,0
2846463,426360985750625,3281666,0.65642894,256,2846208,2846463,2846328,0
2846719,426360985773250,4072583,0.61479246,256,2846464,2846719,2846554,0
2846975,426360986424291,4203542,0.58687898,256,2846720,2846975,2846724,0
2847231,426360987268125,4161625,0.60889053,256,2846976,2847231,2847192,0
2847487,426360988148375,4077083,0.60937281,256,2847232,2847487,2847410,0
2847743,426360989041375,4004125,0.6789547,256,2847488,2847743,2847564,0
2847999,426360989873166,3965625,0.63423499,256,2847744,2847999,2847770,0
2848255,426360990688875,3943666,0.60328595,256,2848000,2848255,2848068,0
2848511,426360991563208,3857750,0.57515766,256,2848256,2848511,2848396,0
2848767,426360992469375,3765583,0.64256733,256,2848512,2848767,2848558,0
2849023,426360993402541,3664542,0.6161321,256,2848768,2849023,2848819,0
2849279,426360994262666,3609209,0.60359799,256,2849024,2849279,2849210,0
2849535,426360995127000,3534625,0.56479901,256,2849280,2849535,2849293,0
2849791,426360996004625,3439083,0.59659302,256,2849536,2849791,2849648,0
2850047,426360996930125,3312541,0.5994441,256,2849792,2850047,2849925,0
2850303,426360997857166,3199542,0.61688379,256,2850048,2850303,2850288,0
2850559,426360998643958,3214833,0.62930165,256,2850304,2850559,2850343,0
2850815,426360999524416,3150125,0.58270619,256,2850560,2850815,2850654,0
2851071,426361000365666,3117375,0.62488011,256,2850816,2851071,2850957,0
2851327,426361001281791,2998209,0.59512176,256,2851072,2851327,2851101,0
2851583,426361002134250,2965250,0.62010245,256,2851328,2851583,2851578,0
2851839,426361003010041,2891875,0.61426755,256,2851584,2851839,2851636,0
2852095,426361003940416,2761917,0.59584126,256,2851840,2852095,2852094,0
2852351,426361004829083,2663083,0.60658991,256,2852096,2852351,2852213,0
2852607,426361005758541,2544834,0.61519844,256,2852352,2852607,2852489,0
2852863,426361006613250,2470250,0.59425728,256,2852608,2852863,2852738,0
2853119,426361007488708,2399208,0.61129457,256,2852864,2853119,2853016,0
2853375,426361008386791,2291209,0.60562089,256,2853120,2853375,2853295,0
2853631,426361009261625,2208333,0.60377393,256,2853376,2853631,2853520,0
2853887,426361010138416,2153750,0.62713047,256,2853632,2853887,2853836,0
2854143,426361011045291,2073000,0.6093607,256,2853888,2854143,2853945,0
2854399,426361011940791,1958625,0.65692913,256,2854144,2854399,2854263,0
2854655,426361012753250,1940208,0.61805452,256,2854400,2854655,2854465,0
2854911,426361013677625,1788458,0.62261602,256,2854656,2854911,2854803,0
2855167,426361014582875,1679375,0.58066394,256,2854912,2855167,2855121,0
2855423,426361015480916,1576875,0.61549548,256,2855168,2855423,2855236,0
2855679,426361016358250,1505500,0.59535012,256,2855424,2855679,2855536,0
2855935,426361017271125,1378833,0.60383213,256,2855680,2855935,2855690,0
2856191,426361018171541,1258000,0.58227665,256,2855936,2856191,2856062,0
2856447,426361019016583,1202750,0.59378722,256,2856192,2856447,2856332,0
2856703,426361019915083,1100667,0.61128015,256,2856448,2856703,2856591,0
2856959,426361020796958,1018333,0.62494963,256,2856704,2856959,2856835,0
2857215,426361021656708,945958,0.59723363,256,2856960,2857215,2857044,0
2857471,426361022532291,4383792,0.58792185,256,2857216,2857471,2857302,0
2857727,426361023421583,3528000,0.61263605,256,2857472,2857727,2857590,0
2857983,426361026814250,1262500,0.61526841,256,2857728,2857983,2857875,0
2858239,426361026823333,2058167,0.55352931,256,2857984,2858239,2858071,0
2858495,426361026832458,2921792,0.61289621,256,2858240,2858495,2858324,0
2858751,426361027097875,3531083,0.69292101,256,2858496,2858751,2858558,0
2859007,426361027896375,3570791,0.59034389,256,2858752,2859007,2858883,0
2859263,426361028693833,3607333,0.62245042,256,2859008,2859263,2859046,0
2859519,426361029596750,3540958,0.59891146,256,2859264,2859519,2859472,0
2859775,426361030519875,3429125,0.59348389,256,2859520,2859775,2859762,0
2860031,426361031471375,3311000,0.59958757,256,2859776,2860031,2859897,0
2860287,426361032376750,3204708,0.58000046,256,2860032,2860287,2860050,0
2860543,426361033233708,3160167,0.60133077,256,2860288,2860543,2860289,0
2860799,426361034133208,3126708,0.63295032,256,2860544,2860799,2860666,0
2861055,426361035046541,3057542,0.60153947,256,2860800,2861055,2861002,0
2861311,426361035921500,3003958,0.58873099,256,2861056,2861311,2861211,0
2861567,426361036789583,2965625,0.64671385,256,2861312,2861567,2861544,0
2861823,426361037681833,2909292,0.6293775,256,2861568,2861823,2861653,0
2862079,426361038580375,2881583,0.63386269,256,2861824,2862079,2861875,0
2862335,426361039485666,2803542,0.63753856,256,2862080,2862335,2862260,0
2862591,426361040404041,2704375,0.60317511,256,2862336,2862591,2862566,0
2862847,426361041297625,2656791,0.63687953,256,2862592,2862847,2862655,0
2863103,426361042172000,2612333,0.64143286,256,2862848,2863103,2862978,0
2863359,426361043044958,2551167,0.57790313,256,2863104,2863359,2863300,0
2863615,426361043953958,2459208,0.61257362,256,2863360,2863615,2863429,0
2863871,426361044873041,5468000,0.60967855,256,2863616,2863871,2863686,0
2864127,426361045697916,4655542,0.64639082,256,2863872,2864127,2864021,0
2864383,426361046579666,3774875,0.61697158,256,2864128,2864383,2864155,0
2864639,426361050356500,833708,0.62883106,256,2864384,2864639,2864431,0
2864895,426361050368875,1611541,0.56710189,256,2864640,2864895,2864642,0
2865151,426361050389375,2389875,0.60762078,256,2864896,2865151,2865012,0
2865407,426361050398916,3167500,0.61130886,256,2865152,2865407,2865189,0
2865663,426361050968083,3399625,0.57097002,256,2865408,2865663,2865478,0
2865919,426361051877666,3281042,0.58355571,256,2865664,2865919,2865754,0
2866175,426361052730500,3238500,0.61997599,256,2865920,2866175,2866045,0
2866431,426361053595625,3160250,0.60002854,256,2866176,2866431,2866212,0
2866687,426361054507166,3058042,0.63354144,256,2866432,2866687,2866553,0
2866943,426361055414666,2938542,0.61653147,256,2866688,2866943,2866699,0
2867199,426361056256833,2887375,0.5885259,256,2866944,2867199,2867159,0
2867455,426361057132083,2805167,0.60738056,256,2867200,2867455,2867316,0
2867711,426361057976166,2756500,0.61848223,256,2867456,2867711,2867567,0
2867967,426361058852708,2672333,0.5728344,256,2867712,2867967,2867799,0
2868223,426361059730333,2604583,0.61213227,256,2867968,2868223,2868026,0
2868479,426361060667250,2462250,0.59319544,256,2868224,2868479,2868469,0
2868735,426361061593625,2318500,0.57637225,256,2868480,2868735,2868566,0
2868991,426361062490875,2222333,0.59242797,256,2868736,2868991,2868764,0
2869247,426361063305375,2230791,0.6337925,256,2868992,2869247,2869185,0
2869503,426361064169250,2181500,0.62627704,256,2869248,2869503,2869375,0
2869759,426361065087625,2073583,0.57674917,256,2869504,2869759,2869699,0
2870015,426361065981166,1960500,0.59063498,256,2869760,2870015,2869883,0
2870271,426361066834833,1925833,0.61252297,256,2870016,2870271,2870042,0
2870527,426361067688041,1877250,0.63678324,256,2870272,2870527,2870318,0
2870783,426361068567833,1811417,0.60904724,256,2870528,2870783,2870774,0
2871039,426361069473333,1705958,0.60540203,256,2870784,2871039,2870956,0
2871295,426361070336958,1627208,0.60613878,256,2871040,2871295,2871059,0
2871551,426361071221333,1542042,0.61424834,256,2871296,2871551,2871517,0
2871807,426361072133583,1456500,0.59625723,256,2871552,2871807,2871789,0
2872063,426361073042666,1324542,0.60373505,256,2871808,2872063,2872002,0
2872319,426361073948708,1227792,0.61460563,256,2872064,2872319,2872272,0
2872575,426361074777708,1224167,0.66362755,256,2872320,2872575,2872543,0
2872831,426361075699583,1095833,0.59350308,256,2872576,2872831,2872806,0
2873087,426361076568291,1059709,0.62217051,256,2872832,2873087,2872917,0
2873343,426361077431208,1016042,0.61708042,256,2873088,2873343,2873174,0
2873599,426361078325875,923708,0.64805175,256,2873344,2873599,2873382,0
2873855,426361079264291,828750,0.62971467,256,2873600,2873855,2873773,0
2874111,426361080173583,822750,0.6198063,256,2873856,2874111,2873982,0
2874367,426361081066708,789292,0.58066036,256,2874112,2874367,2874261,0
2874623,426361081984250,829916,0.62529003,256,2874368,2874623,2874439,0
2874879,426361082833375,807958,0.62864922,256,2874624,2874879,2874749,0
2875135,426361083731166,832250,0.62037311,256,2874880,2875135,2875030,0
2875391,426361084543458,800125,0.5705806,256,2875136,2875391,2875385,0
2875647,426361085448625,862083,0.63898438,256,2875392,2875647,2875524,0
2875903,426361086319958,1641958,0.60579449,256,2875648,2875903,2875865,0
2876159,426361087187416,1761917,0.59432828,256,2875904,2876159,2876156,0
2876415,426361088055250,1681875,0.56983826,256,2876160,2876415,2876319,0
2876671,426361088922541,1607125,0.57141594,256,2876416,2876671,2876495,0
2876927,426361089791833,1529042,0.5911342,256,2876672,2876927,2876923,0
2877183,426361090675208,1497458,0.63939749,256,2876928,2877183,2877044,0
2877439,426361091606708,1395375,0.63027226,256,2877184,2877439,2877374,0
2877695,426361092496041,4024042,0.58755874,256,2877440,2877695,2877610,0
2877951,426361093814416,3506542,0.56916369,256,2877696,2877951,2877873,0
2878207,426361096590250,1553708,0.62146377,256,2877952,2878207,2877982,0
2878463,426361096604708,2351292,0.59872554,256,2878208,2878463,2878429,0
2878719,426361096629541,3104292,0.59822397,256,2878464,2878719,2878555,0
2878975,426361096891000,3794000,0.60944565,256,2878720,2878975,2878879,0
2879231,426361097754250,3769083,0.61940373,256,2878976,2879231,2879121,0
2879487,426361098651458,3713958,0.61862896,256,2879232,2879487,2879321,0
2879743,426361099576541,3616959,0.64121584,256,2879488,2879743,2879528,0
2879999,426361100492208,3522458,0.60850876,256,2879744,2879999,2879793,0
2880255,426361101367708,3485500,0.63755647,256,2880000,2880255,2880220,0
2880511,426361102278375,3396833,0.62428661,256,2880256,2880511,2880344,0
2880767,426361103214208,3270208,0.60332944,256,2880512,2880767,2880530,0
2881023,426361104057666,3276625,0.6298314,256,2880768,2881023,2880816,0
2881279,426361104976000,3171666,0.58800449,256,2881024,2881279,2881254,0
2881535,426361105884166,3072709,0.5797155,256,2881280,2881535,2881501,0
2881791,426361106758125,3015916,0.59206189,256,2881536,2881791,2881739,0
2882047,426361107567625,3022875,0.61040398,256,2881792,2882047,2881805,0
2882303,426361108411708,2999125,0.57035621,256,2882048,2882303,2882232,0
2882559,426361109349625,2869958,0.6426336,256,2882304,2882559,2882541,0
2882815,426361110240875,2819875,0.65932005,256,2882560,2882815,2882599,0
2883071,426361111127208,2779333,0.59602317,256,2882816,2883071,2882964,0
2883327,426361112009125,2715583,0.60274246,256,2883072,2883327,2883133,0
2883583,426361112865041,2693125,0.61212021,256,2883328,2883583,2883568,0
2883839,426361113789458,2634250,0.6686183,256,2883584,2883839,2883692,0
2884095,426361114678750,2554625,0.60951265,256,2883840,2884095,2884032,0
2884351,426361115594708,2484042,0.64193169,256,2884096,2884351,2884347,0
2884607,426361116472083,2442292,0.58499298,256,2884352,2884607,2884588,0
2884863,426361117369875,2390666,0.58175114,256,2884608,2884863,2884783,0
2885119,426361118214708,2334417,0.6016676,256,2884864,2885119,2885064,0
2885375,426361119071833,2311375,0.61858467,256,2885120,2885375,2885336,0
2885631,426361119983208,2235583,0.58407239,256,2885376,2885631,2885503,0
2885887,426361120892208,2168792,0.59487259,256,2885632,2885887,2885695,0
2886143,426361121794000,2099666,0.58325845,256,2885888,2886143,2886087,0
2886399,426361122672083,2025458,0.57110776,256,2886144,2886399,2886261,0
2886655,426361123523125,2014166,0.62981849,256,2886400,2886655,2886568,0
2886911,426361124473083,1888125,0.60212846,256,2886656,2886911,2886884,0
2887167,426361125349416,1895042,0.65859587,256,2886912,2887167,2887048,0
2887423,426361126244875,1838208,0.60433851,256,2887168,2887423,2887327,0
2887679,426361127095958,1814625,0.60328128,256,2887424,2887679,2887525,0
2887935,426361127971750,1782250,0.58603592,256,2887680,2887935,2887736,0
2888191,426361128845791,1738792,0.6051523,256,2887936,2888191,2888138,0
2888447,426361129689291,1745584,0.60298794,256,2888192,2888447,2888341,0
2888703,426361130602791,1650334,0.59905662,256,2888448,2888703,2888644,0
2888959,426361131461083,1645292,0.61451882,256,2888704,2888959,2888947,0
2889215,426361132313041,1609209,0.64303692,256,2888960,2889215,2889078,0
2889471,426361133260041,1492292,0.60143652,256,2889216,2889471,2889228,0
2889727,426361134153208,1433792,0.61402743,256,2889472,2889727,2889611,0
2889983,426361135032000,1403791,0.61915101,256,2889728,2889983,2889963,0
2890239,426361135905291,1373500,0.61489867,256,2889984,2890239,2889986,0
2890495,426361136770458,1345583,0.61467062,256,2890240,2890495,2890317,0
2890751,426361137614208,1353000,0.59832341,256,2890496,2890751,2890499,0
2891007,426361138505625,1295708,0.60441898,256,2890752,2891007,2890906,0
2891263,426361139417625,1218916,0.60027493,256,2891008,2891263,2891111,0
2891519,426361140247458,3848292,0.66421782,256,2891264,2891519,2891410,0
2891775,426361144163333,1004250,0.61290356,256,2891520,2891775,2891574,0
2892031,426361144172583,1832250,0.64918656,256,2891776,2892031,2891800,0
2892287,426361144181833,2662625,0.59092323,256,2892032,2892287,2892037,0
