seq,detect_timestamp_ns,latency_ns,max_score,window_size_used,first_seq,last_seq,flagged_seq,occupancy_at_decision
255,426361920934041,969292,0.60530327,256,0,255,165,0
511,426361921848875,941333,0.60754791,256,256,511,431,0
767,426361922720500,948125,0.62263458,256,512,767,529,0
1023,426361923659583,910583,0.60779822,256,768,1023,800,0
1279,426361924572333,869708,0.59317879,256,1024,1279,1154,0
1535,426361925503083,892875,0.63330478,256,1280,1535,1378,0
1791,426361926374000,933250,0.64410942,256,1536,1791,1775,0
2047,426361927241916,995584,0.59444516,256,1792,2047,1939,0
2303,426361928128958,1025792,0.6023155,256,2048,2303,2198,0
2559,426361928990583,1084083,0.59879767,256,2304,2559,2557,0
2815,426361929849375,1188416,0.6397648,256,2560,2815,2632,0
3071,426361930778791,1175959,0.60877202,256,2816,3071,2968,0
3327,426361931676875,1168458,0.61318985,256,3072,3327,3213,0
3583,426361932554125,1201041,0.63772835,256,3328,3583,3564,0
3839,426361933465125,1214375,0.61225154,256,3584,3839,3693,0
4095,426361934457875,1122458,0.64164905,256,3840,4095,3983,0
4351,426361935353375,1125666,0.64319282,256,4096,4351,4236,0
4607,426361936195791,1180334,0.62274917,256,4352,4607,4562,0
4863,426361937063333,1264208,0.63325526,256,4608,4863,4770,0
5119,426361937859791,1364000,0.63732299,256,4864,5119,4909,0
5375,426361938733416,1426792,0.59443301,256,5120,5375,5257,0
5631,426361939618833,1463375,0.64122953,256,5376,5631,5392,0
5887,426361940522375,1516541,0.64987984,256,5632,5887,5685,0
6143,426361941434750,1522833,0.59472973,256,5888,6143,5983,0
6399,426361942323458,1791875,0.65296432,256,6144,6399,6301,0
6655,426361943239375,2510500,0.61340293,256,6400,6655,6526,0
6911,426361944113291,2633750,0.64018076,256,6656,6911,6720,0
7167,426361945082666,2636084,0.63829761,256,6912,7167,7086,0
7423,426361945936458,2721875,0.59043634,256,7168,7423,7340,0
7679,426361946825000,2821583,0.61976185,256,7424,7679,7469,0
7935,426361947766500,2880166,0.64076093,256,7680,7935,7886,0
8191,426361948637791,2985084,0.60188761,256,7936,8191,8135,0
8447,426361949536250,3060416,0.64467236,256,8192,8447,8411,0
8703,426361950478333,3071000,0.61130411,256,8448,8703,8568,0
8959,426361951364000,3143375,0.62364927,256,8704,8959,8705,0
9215,426361952280583,3195000,0.67610459,256,8960,9215,9061,0
9471,426361953112500,3292541,0.61156548,256,9216,9471,9322,0
9727,426361953978791,3397292,0.64185669,256,9472,9727,9531,0
9983,426361954845916,3510750,0.60819544,256,9728,9983,9835,0
10239,426361955730083,3612292,0.60853292,256,9984,10239,10172,0
10495,426361956674500,3662625,0.62492758,256,10240,10495,10455,0
10751,426361957503375,3856666,0.67894507,256,10496,10751,10670,0
11007,426361958374916,3954209,0.60293968,256,10752,11007,10874,0
11263,426361959249583,4098458,0.64961557,256,11008,11263,11141,0
11519,426361960172375,4164166,0.65605684,256,11264,11519,11445,0
11775,426361961074875,4237750,0.63862436,256,11520,11775,11769,0
12031,426361961922083,4388208,0.61520012,256,11776,12031,11924,0
12287,426361962760708,4608042,0.64809905,256,12032,12287,12177,0
12543,426361963641000,4663708,0.61243982,256,12288,12543,12291,0
12799,426361964512250,4734333,0.61548058,256,12544,12799,12614,0
13055,426361965378916,4795667,0.59380359,256,12800,13055,13048,0
13311,426361966279166,4859167,0.64472019,256,13056,13311,13083,0
13567,426361967190750,4898125,0.6762325,256,13312,13567,13542,0
13823,426361968072333,4996375,0.62823744,256,13568,13823,13626,0
14079,426361968935208,5105125,0.63039284,256,13824,14079,13973,0
14335,426361969831791,5187500,0.65093792,256,14080,14335,14183,0
14591,426361970657041,5337667,0.61951663,256,14336,14591,14506,0
14847,426361971558625,5412500,0.60176922,256,14592,14847,14706,0
15103,426361972403500,5509125,0.62239543,256,14848,15103,15087,0
15359,426361973334708,5558000,0.62346011,256,15104,15359,15153,0
15615,426361974179666,5720584,0.60631253,256,15360,15615,15412,0
15871,426361974987500,5923125,0.60674639,256,15616,15871,15743,0
16127,426361975860833,5998667,0.59356166,256,15872,16127,16042,0
16383,426361976750541,6001959,0.62176583,256,16128,16383,16319,0
16639,426361977686250,5988250,0.67761214,256,16384,16639,16606,0
16895,426361978551333,5915583,0.59797442,256,16640,16895,16650,0
17151,426361979515750,5793250,0.63351258,256,16896,17151,16970,0
17407,426361980376125,5782083,0.6318691,256,17152,17407,17349,0
17663,426361981288541,5713542,0.60372303,256,17408,17663,17572,0
17919,426361982193958,5643542,0.5882785,256,17664,17919,17751,0
18175,426361983023000,5669916,0.59024759,256,17920,18175,18099,0
18431,426361983926416,5634209,0.6188372,256,18176,18431,18420,0
18687,426361984786083,5634250,0.68728591,256,18432,18687,18577,0
18943,426361985684791,5584459,0.61264445,256,18688,18943,18860,0
19199,426361986546708,5601833,0.60049282,256,18944,19199,19088,0
19455,426361987435500,5637291,0.61710258,256,19200,19455,19209,0
19711,426361988354208,5669667,0.6286582,256,19456,19711,19592,0
19967,426361989228250,5786333,0.6453923,256,19712,19967,19761,0
20223,426361990168833,5824583,0.58354475,256,19968,20223,20090,0
20479,426361991027083,5930292,0.6416423,256,20224,20479,20262,0
20735,426361991913541,5957459,0.63129476,256,20480,20735,20723,0
20991,426361992748666,5965542,0.62201745,256,20736,20991,20885,0
21247,426361993661083,5879250,0.64913662,256,20992,21247,21021,0
21503,426361994492125,5945541,0.64973736,256,21248,21503,21379,0
21759,426361995395291,5902000,0.61284035,256,21504,21759,21740,0
22015,426361996224666,5931709,0.59641035,256,21760,22015,22001,0
22271,426361997125291,5993125,0.64470687,256,22016,22271,22057,0
22527,426361997949041,6127875,0.63934525,256,22272,22527,22519,0
22783,426361998849166,6209959,0.68487594,256,22528,22783,22573,0
23039,426361999692166,6332917,0.60635518,256,22784,23039,22827,0
23295,426362000641625,6374916,0.63492915,256,23040,23295,23095,0
23551,426362001534333,6390417,0.64038003,256,23296,23551,23424,0
23807,426362002401416,6392000,0.60458498,256,23552,23807,23626,0
24063,426362003300958,6363875,0.61138184,256,23808,24063,23938,0
24319,426362004195791,6321167,0.57218914,256,24064,24319,24261,0
24575,426362005053958,6344542,0.62098797,256,24320,24575,24466,0
24831,426362005927125,6365333,0.62856775,256,24576,24831,24618,0
25087,426362006865958,6367292,0.59053032,256,24832,25087,24870,0
25343,426362007753583,6474500,0.64044553,256,25088,25343,25223,0
25599,426362008598250,6599416,0.62097953,256,25344,25599,25488,0
25855,426362009499291,6672584,0.61062979,256,25600,25855,25660,0
26111,426362010427041,6694709,0.60962017,256,25856,26111,26008,0
26367,426362011325125,7044625,0.61720247,256,26112,26367,26347,0
26623,426362012211375,7788250,0.64102501,256,26368,26623,26538,0
26879,426362013105125,8505250,0.6052075,256,26624,26879,26627,0
27135,426362014037458,9178708,0.59691529,256,26880,27135,27134,0
27391,426362014937625,9896250,0.6443855,256,27136,27391,27259,0
27647,426362015815791,10575459,0.65614144,256,27392,27647,27559,0
27903,426362016670583,10727250,0.57842803,256,27648,27903,27773,0
28159,426362017568500,10809000,0.6332931,256,27904,28159,28081,0
28415,426362018487750,10816083,0.58710934,256,28160,28415,28196,0
28671,426362019348875,10895583,0.60331849,256,28416,28671,28493,0
28927,426362020267625,10898041,0.61998326,256,28672,28927,28701,0
29183,426362021164375,10959666,0.65400459,256,28928,29183,29035,0
29439,426362021947625,11063833,0.5891788,256,29184,29439,29268,0
29695,426362022862375,11092250,0.6458288,256,29440,29695,29599,0
29951,426362023736416,11107792,0.59749237,256,29696,29951,29752,0
30207,426362024639375,11110500,0.597402,256,29952,30207,30061,0
30463,426362025501166,11175125,0.66563199,256,30208,30463,30416,0
30719,426362026369083,11197500,0.61983034,256,30464,30719,30526,0
30975,426362027282791,11178875,0.61303204,256,30720,30975,30869,0
31231,426362028164041,11189375,0.60281846,256,30976,31231,31136,0
31487,426362029019500,11232833,0.59442221,256,31232,31487,31299,0
31743,426362029888208,11233000,0.59648675,256,31488,31743,31707,0
31999,426362030788958,11201458,0.59384777,256,31744,31999,31879,0
32255,426362031667625,11297875,0.65585927,256,32000,32255,32050,0
32511,426362032561291,11352792,0.63750405,256,32256,32511,32395,0
32767,426362033468208,11388583,0.65071636,256,32512,32767,32698,0
33023,426362034292875,11474375,0.59603534,256,32768,33023,32882,0
33279,426362035181208,11514917,0.61297029,256,33024,33279,33178,0
33535,426362036043541,11549417,0.62639294,256,33280,33535,33314,0
33791,426362036898541,11526334,0.61854913,256,33536,33791,33631,0
34047,426362037746375,11517250,0.6080745,256,33792,34047,33995,0
34303,426362038574625,11555625,0.63534921,256,34048,34303,34202,0
34559,426362039439333,11556625,0.61000586,256,34304,34559,34365,0
34815,426362040301875,11534333,0.59199943,256,34560,34815,34650,0
35071,426362041177708,11527500,0.62598071,256,34816,35071,34911,0
35327,426362042093416,11497709,0.62042115,256,35072,35327,35310,0
35583,426362042985500,11487958,0.6007891,256,35328,35583,35384,0
35839,426362043893791,11441417,0.60044824,256,35584,35839,35687,0
36095,426362044743875,11539083,0.62258164,256,35840,36095,36031,0
36351,426362045643916,11551292,0.61672773,256,36096,36351,36177,0
36607,426362046529541,11555500,0.63793373,256,36352,36607,36484,0
36863,426362047415583,11596750,0.65676825,256,36608,36863,36807,0
37119,426362048270000,11617000,0.59189767,256,36864,37119,37104,0
37375,426362049171541,11642250,0.65469798,256,37120,37375,37363,0
37631,426362050080291,11620375,0.63176897,256,37376,37631,37523,0
37887,426362050932125,11676708,0.61766377,256,37632,37887,37852,0
38143,426362051821541,11717167,0.59563738,256,37888,38143,37928,0
38399,426362052771375,11665666,0.59642016,256,38144,38399,38174,0
38655,426362053675166,11701209,0.66309834,256,38400,38655,38535,0
38911,426362054590375,11720208,0.61057383,256,38656,38911,38830,0
39167,426362055486708,11763458,0.59880173,256,38912,39167,38927,0
39423,426362056385958,11733000,0.60759245,256,39168,39423,39191,0
39679,426362057283166,11731542,0.65781552,256,39424,39679,39424,0
39935,426362058181125,11714208,0.63380544,256,39680,39935,39704,0
40191,426362059074833,11714000,0.60113956,256,39936,40191,40093,0
40447,426362059913291,11760584,0.62129579,256,40192,40447,40357,0
40703,426362060793125,11804375,0.62064396,256,40448,40703,40657,0
40959,426362061661125,11850333,0.60302827,256,40704,40959,40880,0
41215,426362062537875,11916291,0.60785975,256,40960,41215,41179,0
41471,426362063383333,11987833,0.61596974,256,41216,41471,41397,0
41727,426362064282041,15962459,0.57658246,256,41472,41727,41494,0
41983,426362065136000,15113333,0.62374666,256,41728,41983,41951,0
42239,426362066049708,14200708,0.6010083,256,41984,42239,42117,0
42495,426362066902041,13349417,0.58368317,256,42240,42495,42310,0
42751,426362067797166,12455250,0.58232311,256,42496,42751,42585,0
43007,426362068645416,12101167,0.6099363,256,42752,43007,42804,0
43263,426362069497666,12145167,0.60607571,256,43008,43263,43247,0
43519,426362070451083,12093417,0.61528807,256,43264,43519,43281,0
43775,426362071330625,12071166,0.60940541,256,43520,43775,43775,0
44031,426362072173000,12080500,0.65134198,256,43776,44031,43862,0
44287,426362073094333,12013917,0.62799196,256,44032,44287,44136,0
44543,426362073970666,11982959,0.64382915,256,44288,44543,44454,0
44799,426362074866166,11946792,0.61922696,256,44544,44799,44668,0
45055,426362075738166,11945042,0.59839023,256,44800,45055,45031,0
45311,426362080251583,8300333,0.62816033,256,45056,45311,45159,0
45567,426362080263041,9162167,0.64913908,256,45312,45567,45529,0
45823,426362080273333,10030208,0.59932455,256,45568,45823,45820,0
46079,426362080285958,10894875,0.58963899,256,45824,46079,45982,0
46335,426362080309833,11760833,0.65642894,256,46080,46335,46328,0
46591,426362081005833,11909625,0.61479246,256,46336,46591,46554,0
46847,426362081925041,11812625,0.58687898,256,46592,46847,46724,0
47103,426362082745291,11811125,0.5812468,256,46848,47103,47029,0
47359,426362083661750,11709875,0.60889053,256,47104,47359,47192,0
47615,426362084522750,11718666,0.6789547,256,47360,47615,47564,0
47871,426362085387750,11658125,0.63423499,256,47616,47871,47770,0
48127,426362086194125,11677500,0.62730144,256,47872,48127,47963,0
48383,426362087060500,11636541,0.57473111,256,48128,48383,48260,0
48639,426362087937625,11641333,0.64256733,256,48384,48639,48558,0
48895,426362088819375,11547916,0.62837244,256,48640,48895,48738,0
49151,426362089765875,11443666,0.5982365,256,48896,49151,48934,0
49407,426362090592041,11446084,0.60359799,256,49152,49407,49210,0
49663,426362091502000,11356625,0.59659302,256,49408,49663,49648,0
49919,426362092366625,11303416,0.58975026,256,49664,49919,49840,0
50175,426362093310250,11195208,0.61424866,256,49920,50175,50051,0
50431,426362094158750,11166208,0.62930165,256,50176,50431,50343,0
50687,426362095009500,11156708,0.58270619,256,50432,50687,50654,0
50943,426362095872875,11102541,0.58112582,256,50688,50943,50827,0
51199,426362096786000,11029375,0.62488011,256,50944,51199,50957,0
51455,426362097613541,11050375,0.58236464,256,51200,51455,51396,0
51711,426362098475208,11024833,0.62010245,256,51456,51711,51578,0
51967,426362099402333,10927667,0.61091659,256,51712,51967,51830,0
52223,426362100308541,10837084,0.60658991,256,51968,52223,52213,0
52479,426362101219083,10733292,0.57312292,256,52224,52479,52448,0
52735,426362102097000,10691666,0.61519844,256,52480,52735,52489,0
52991,426362102973958,10654542,0.60823272,256,52736,52991,52905,0
53247,426362103838750,10599333,0.61129457,256,52992,53247,53016,0
53503,426362104750708,10506292,0.60562089,256,53248,53503,53295,0
53759,426362105637583,10438708,0.60377393,256,53504,53759,53520,0
54015,426362106513875,10420291,0.62713047,256,53760,54015,53836,0
54271,426362107439833,10330333,0.65692913,256,54016,54271,54263,0
54527,426362108276333,10315167,0.61805452,256,54272,54527,54465,0
54783,426362109111541,10287917,0.60662932,256,54528,54783,54587,0
55039,426362110075791,10122834,0.62261602,256,54784,55039,54803,0
55295,426362110963916,10058834,0.61549548,256,55040,55295,55236,0
55551,426362111817666,10031125,0.59535012,256,55296,55551,55536,0
55807,426362112725958,9958542,0.60383213,256,55552,55807,55690,0
56063,426362113627500,9862708,0.58227665,256,55808,56063,56062,0
56319,426362114497041,9792875,0.57086195,256,56064,56319,56064,0
56575,426362115398333,9704042,0.59378722,256,56320,56575,56332,0
56831,426362116265583,9674500,0.62129146,256,56576,56831,56802,0
57087,426362117146833,9610208,0.62494963,256,56832,57087,56835,0
57343,426362118009958,9569667,0.58792185,256,57088,57343,57302,0
57599,426362118882041,9528792,0.61263605,256,57344,57599,57590,0
57855,426362119754208,9512250,0.59954949,256,57600,57855,57720,0
58111,426362120642166,9435042,0.61526841,256,57856,58111,57875,0
58367,426362121531708,9383875,0.61289621,256,58112,58367,58324,0
58623,426362122449166,9356792,0.69292101,256,58368,58623,58558,0
58879,426362123294750,9348541,0.59693152,256,58624,58879,58667,0
59135,426362124189666,9303709,0.62245042,256,58880,59135,59046,0
59391,426362125086375,9216958,0.58982097,256,59136,59391,59381,0
59647,426362125989583,9142125,0.59891146,256,59392,59647,59472,0
59903,426362126930125,9050750,0.59958757,256,59648,59903,59897,0
60159,426362127831125,8956500,0.58000046,256,59904,60159,60050,0
60415,426362128766500,8827333,0.60133077,256,60160,60415,60289,0
60671,426362129598875,8845541,0.63295032,256,60416,60671,60666,0
60927,426362130522583,8755625,0.59501282,256,60672,60927,60790,0
61183,426362131380916,8749084,0.60153947,256,60928,61183,61002,0
61439,426362132293708,8658583,0.59158211,256,61184,61439,61373,0
61695,426362133158333,8656417,0.64671385,256,61440,61695,61544,0
61951,426362134057958,8611583,0.63386269,256,61696,61951,61875,0
62207,426362134977958,8519542,0.63145207,256,61952,62207,62172,0
62463,426362135858541,8486250,0.63753856,256,62208,62463,62260,0
62719,426362136766041,8418125,0.63687953,256,62464,62719,62655,0
62975,426362137640875,8364250,0.60181328,256,62720,62975,62774,0
63231,426362138535208,8291000,0.64143286,256,62976,63231,62978,0
63487,426362139454416,8203125,0.61257362,256,63232,63487,63429,0
63743,426362140341416,8115709,0.60967855,256,63488,63743,63686,0
63999,426362141229500,8055958,0.59341199,256,63744,63999,63831,0
64255,426362142056541,8100709,0.64639082,256,64000,64255,64021,0
64511,426362142912083,8049917,0.62883106,256,64256,64511,64431,0
64767,426362143774125,8005375,0.56860543,256,64512,64767,64630,0
65023,426362144689416,7916959,0.60762078,256,64768,65023,65012,0
65279,426362145542416,7891250,0.61130886,256,65024,65279,65189,0
65535,426362146431083,7823500,0.5750652,256,65280,65535,65347,0
65791,426362147341583,7728750,0.58355571,256,65536,65791,65754,0
66047,426362148242041,7647584,0.61997599,256,65792,66047,66045,0
66303,426362149090333,7622958,0.60002854,256,66048,66303,66212,0
66559,426362149976333,7570875,0.63354144,256,66304,66559,66553,0
66815,426362150898333,7466417,0.61653147,256,66560,66815,66699,0
67071,426362151761916,7417584,0.56357814,256,66816,67071,66908,0
67327,426362152582541,7422875,0.60738056,256,67072,67327,67316,0
67583,426362153485291,7329084,0.61848223,256,67328,67583,67567,0
67839,426362154358125,7281875,0.5728344,256,67584,67839,67799,0
68095,426362155224125,7235708,0.61213227,256,67840,68095,68026,0
68351,426362156094333,7168167,0.59197516,256,68096,68351,68185,0
68607,426362157076750,7005791,0.59319544,256,68352,68607,68469,0
68863,426362157958875,6939000,0.59242797,256,68608,68863,68764,0
69119,426362158787291,6941500,0.59253761,256,68864,69119,69107,0
69375,426362159670625,6911166,0.6337925,256,69120,69375,69185,0
69631,426362160541833,6860458,0.60585419,256,69376,69631,69377,0
69887,426362161440125,6778666,0.59063498,256,69632,69887,69883,0
70143,426362162326125,6716208,0.61252297,256,69888,70143,70042,0
70399,426362163187333,6690750,0.63678324,256,70144,70399,70318,0
70655,426362164032375,6677458,0.61420734,256,70400,70655,70414,0
70911,426362164958416,6584250,0.60904724,256,70656,70911,70774,0
71167,426362165826250,6535333,0.60613878,256,70912,71167,71059,0
71423,426362166676666,6505042,0.60333579,256,71168,71423,71168,0
71679,426362167586250,6438750,0.61424834,256,71424,71679,71517,0
71935,426362168505541,6345125,0.59625723,256,71680,71935,71789,0
72191,426362169380625,6270416,0.61436095,256,71936,72191,72096,0
72447,426362170265875,6231875,0.63025999,256,72192,72447,72376,0
72703,426362171174625,6166333,0.66362755,256,72448,72703,72543,0
72959,426362172049291,6148417,0.62217051,256,72704,72959,72917,0
73215,426362172924958,6113833,0.61708042,256,72960,73215,73174,0
73471,426362173804500,6081916,0.64805175,256,73216,73471,73382,0
73727,426362174714958,5997417,0.60259417,256,73472,73727,73615,0
73983,426362175650208,5887250,0.62971467,256,73728,73983,73773,0
74239,426362176553458,5796875,0.61590293,256,73984,74239,74003,0
74495,426362177450458,5726208,0.62529003,256,74240,74495,74439,0
74751,426362178309458,5697333,0.62864922,256,74496,74751,74749,0
75007,426362179212416,5615167,0.59333768,256,74752,75007,74937,0
75263,426362180066208,5590458,0.62037311,256,75008,75263,75030,0
75519,426362180905708,5575250,0.61166759,256,75264,75519,75516,0
75775,426362181805833,5523958,0.63898438,256,75520,75775,75524,0
76031,426362182684541,5449584,0.60579449,256,75776,76031,75865,0
76287,426362183556208,5395208,0.59432828,256,76032,76287,76156,0
76543,426362184416166,5343125,0.57141594,256,76288,76543,76495,0
76799,426362185281166,5293334,0.58731305,256,76544,76799,76756,0
77055,426362186157083,5269000,0.63939749,256,76800,77055,77044,0
77311,426362187059833,5180125,0.62799182,256,77056,77311,77062,0
77567,426362187995708,5075292,0.63027226,256,77312,77567,77374,0
77823,426362188861666,5020375,0.58755874,256,77568,77823,77610,0
78079,426362189737125,4975708,0.62146377,256,77824,78079,77982,0
78335,426362190626125,4914833,0.60246461,256,78080,78335,78132,0
78591,426362191537625,4821291,0.59872554,256,78336,78591,78429,0
78847,426362192359416,4816500,0.59446178,256,78592,78847,78809,0
79103,426362193270125,4734375,0.61647809,256,78848,79103,79082,0
79359,426362194127750,4732916,0.61940373,256,79104,79359,79121,0
79615,426362195005000,4667958,0.64121584,256,79360,79615,79528,0
79871,426362195979000,4544416,0.60850876,256,79616,79871,79793,0
80127,426362196838291,4505292,0.59243858,256,79872,80127,80049,0
80383,426362197759041,4405917,0.63755647,256,80128,80383,80220,0
80639,426362198664750,4327541,0.61990284,256,80384,80639,80394,0
80895,426362199553583,4384333,0.6298314,256,80640,80895,80816,0
81151,426362200466250,4199083,0.5681895,256,80896,81151,81068,0
81407,426362201348041,4133250,0.58800449,256,81152,81407,81254,0
81663,426362202253916,4040584,0.58821582,256,81408,81663,81558,0
81919,426362203094916,4023750,0.61040398,256,81664,81919,81805,0
82175,426362203899791,4036750,0.6066355,256,81920,82175,82016,0
82431,426362204807541,3948209,0.57977163,256,82176,82431,82353,0
82687,426362205711791,3894292,0.65932005,256,82432,82687,82599,0
82943,426362206592208,3826833,0.594451,256,82688,82943,82812,0
83199,426362207478833,3784583,0.60274246,256,82944,83199,83133,0
83455,426362208350375,3739708,0.59988771,256,83200,83455,83364,0
83711,426362209240166,3715542,0.6686183,256,83456,83711,83692,0
83967,426362210187791,3599000,0.60820329,256,83712,83967,83720,0
84223,426362211065625,3552166,0.61662286,256,83968,84223,84199,0
84479,426362211949666,3523875,0.64193169,256,84224,84479,84347,0
84735,426362212840541,3462167,0.58499298,256,84480,84735,84588,0
84991,426362213707583,3407250,0.58960647,256,84736,84991,84954,0
85247,426362214553583,3388167,0.6016676,256,84992,85247,85064,0
85503,426362215456500,3337500,0.61858467,256,85248,85503,85336,0
85759,426362216367458,3275125,0.59487259,256,85504,85759,85695,0
86015,426362217269708,3210375,0.57453155,256,85760,86015,85774,0
86271,426362218170291,3126959,0.58325845,256,86016,86271,86087,0
86527,426362218991916,3140917,0.59289488,256,86272,86527,86448,0
86783,426362219955166,3010125,0.62981849,256,86528,86783,86568,0
87039,426362220841916,2957834,0.61250639,256,86784,87039,86967,0
87295,426362221728583,2956875,0.65859587,256,87040,87295,87048,0
87551,426362222591083,2931500,0.60433851,256,87296,87551,87327,0
87807,426362223440458,2919542,0.58603592,256,87552,87807,87736,0
88063,426362224319666,2914250,0.58117719,256,87808,88063,88034,0
88319,426362225213208,2820042,0.6051523,256,88064,88319,88138,0
88575,426362226031375,2850666,0.60298794,256,88320,88575,88341,0
88831,426362226954750,2760708,0.59933504,256,88576,88831,88796,0
89087,426362227808000,2728625,0.64303692,256,88832,89087,89078,0
89343,426362228704208,2674167,0.62150001,256,89088,89343,89100,0
89599,426362229676541,2535125,0.58952888,256,89344,89599,89516,0
89855,426362230489083,2582292,0.61402743,256,89600,89855,89611,0
90111,426362231399250,2529125,0.61915101,256,89856,90111,89963,0
90367,426362232246083,2526833,0.61467062,256,90112,90367,90317,0
90623,426362233117708,2498417,0.59832341,256,90368,90623,90499,0
90879,426362233998583,2461208,0.5910827,256,90624,90879,90815,0
91135,426362234864375,2448625,0.60441898,256,90880,91135,90906,0
91391,426362235786333,2376625,0.61028263,256,91136,91391,91281,0
91647,426362236642666,2388334,0.66421782,256,91392,91647,91410,0
91903,426362237515541,2355584,0.64918656,256,91648,91903,91800,0
92159,426362238416416,2273125,0.62763628,256,91904,92159,91924,0
92415,426362239328791,2191084,0.59030164,256,92160,92415,92263,0
92671,426362240198875,2220291,0.65669599,256,92416,92671,92546,0
92927,426362241087583,2165667,0.59736265,256,92672,92927,92835,0
93183,426362241966375,2115708,0.62120374,256,92928,93183,93029,0
93439,426362242894750,2035666,0.60772612,256,93184,93439,93425,0
93695,426362243802666,1964250,0.60193256,256,93440,93695,93481,0
93951,426362244730875,1860166,0.61228407,256,93696,93951,93891,0
94207,426362245620708,1825042,0.62012724,256,93952,94207,93966,0
94463,426362246492000,1814750,0.62712254,256,94208,94463,94281,0
94719,426362247379125,1754500,0.59939127,256,94464,94719,94578,0
94975,426362248268750,1701666,0.62206653,256,94720,94975,94923,0
95231,426362249191458,1635167,0.62019624,256,94976,95231,95197,0
95487,426362250130666,1602750,0.62414991,256,95232,95487,95367,0
95743,426362251033375,1500250,0.62464416,256,95488,95743,95509,0
95999,426362251857083,1477792,0.59181943,256,95744,95999,95962,0
96255,426362252689125,1462166,0.63017868,256,96000,96255,96085,0
96511,426362253585166,1386875,0.61242889,256,96256,96511,96400,0
96767,426362254502250,1285833,0.59227937,256,96512,96767,96660,0
97023,426362255412875,1205666,0.59442219,256,96768,97023,96912,0
97279,426362256347458,1107667,0.63925784,256,97024,97279,97231,0
97535,426362257288000,998250,0.61598194,256,97280,97535,97317,0
97791,426362258217916,894000,0.60010546,256,97536,97791,97762,0
98047,426362259089416,841917,0.61103145,256,97792,98047,97792,0
98303,426362260000625,832958,0.61090879,256,98048,98303,98079,0
98559,426362260899375,837250,0.61692627,256,98304,98559,98449,0
98815,426362261800208,850458,0.59929395,256,98560,98815,98638,0
99071,426362262624375,864500,0.64087453,256,98816,99071,98872,0
99327,426362263463916,838000,0.6315689,256,99072,99327,99100,0
99583,426362264351791,841084,0.63829549,256,99328,99583,99582,0
99839,426362265212791,1725167,0.62853484,256,99584,99839,99785,0
100095,426362266085583,1864000,0.60755528,256,99840,100095,99992,0
100351,426362266993500,1797916,0.60530327,256,100096,100351,100165,0
100607,426362267865291,1751750,0.62263458,256,100352,100607,100529,0
100863,426362268781333,1667625,0.60779822,256,100608,100863,100800,0
101119,426362269711625,1554500,0.60230919,256,100864,101119,100956,0
101375,426362270615375,1458041,0.59317879,256,101120,101375,101154,0
101631,426362271559375,1353166,0.63330478,256,101376,101631,101378,0
101887,426362272365250,1386416,0.64410942,256,101632,101887,101775,0
102143,426362273273083,1302667,0.59992807,256,101888,102143,102083,0
102399,426362274131875,1264625,0.6023155,256,102144,102399,102198,0
102655,426362275039333,1218708,0.6397648,256,102400,102655,102632,0
102911,426362275904458,1188917,0.63364895,256,102656,102911,102719,0
103167,426362276804291,1122167,0.60877202,256,102912,103167,102968,0
103423,426362277693708,1077500,0.62750057,256,103168,103423,103340,0
103679,426362278612750,1015708,0.63772835,256,103424,103679,103564,0
103935,426362279534541,945792,0.61225154,256,103680,103935,103693,0
104191,426362280482250,861333,0.64164905,256,103936,104191,103983,0
104447,426362281387208,861583,0.64319282,256,104192,104447,104236,0
104703,426362282212208,880625,0.62274917,256,104448,104703,104562,0
104959,426362283056750,878833,0.63732299,256,104704,104959,104909,0
105215,426362283877791,889125,0.574203,256,104960,105215,105132,0
105471,426362284751500,853750,0.64122953,256,105216,105471,105392,0
105727,426362285662083,1704125,0.64987984,256,105472,105727,105685,0
105983,426362286551125,1841708,0.60605493,256,105728,105983,105837,0
106239,426362287439208,1805250,0.60210979,256,105984,106239,106218,0
106495,426362288363708,1720708,0.65296432,256,106240,106495,106301,0
106751,426362289275083,1637625,0.64018076,256,106496,106751,106720,0
107007,426362290170250,1589083,0.62623433,256,106752,107007,106952,0
107263,426362291094500,1477208,0.63829761,256,107008,107263,107086,0
107519,426362291972541,1449167,0.61976185,256,107264,107519,107469,0
107775,426362292873208,1384458,0.58714956,256,107520,107775,107579,0
108031,426362293834458,1295625,0.64076093,256,107776,108031,107886,0
108287,426362294727833,1250042,0.61442276,256,108032,108287,108215,0
108543,426362295627375,3462833,0.64467236,256,108288,108543,108411,0
108799,426362296572666,3467000,0.62364927,256,108544,108799,108705,0
109055,426362299121916,1793584,0.6551776,256,108800,109055,109033,0
109311,426362299136416,2675667,0.67610459,256,109056,109311,109061,0
109567,426362299301250,3402708,0.64185669,256,109312,109567,109531,0
109823,426362299984291,3563459,0.59322286,256,109568,109823,109671,0
110079,426362300891500,3526708,0.60819544,256,109824,110079,109835,0
110335,426362301801458,3488583,0.60853292,256,110080,110335,110172,0
110591,426362302710583,3476042,0.62492758,256,110336,110591,110455,0
110847,426362303545458,3523958,0.67894507,256,110592,110847,110670,0
111103,426362304426500,3515833,0.60293968,256,110848,111103,110874,0
111359,426362305303625,3531458,0.64961557,256,111104,111359,111141,0
111615,426362306233000,3481541,0.65605684,256,111360,111615,111445,0
111871,426362307128458,3469958,0.63862436,256,111616,111871,111769,0
112127,426362307964416,3537750,0.64265163,256,111872,112127,112100,0
112383,426362308781625,3622416,0.64809905,256,112128,112383,112177,0
112639,426362309667958,3617458,0.61548058,256,112384,112639,112614,0
112895,426362310527041,3628667,0.59944774,256,112640,112895,112746,0
113151,426362311428750,3595625,0.64472019,256,112896,113151,113083,0
113407,426362312343208,3564292,0.6103563,256,113152,113407,113170,0
113663,426362313212083,3593833,0.6762325,256,113408,113663,113542,0
113919,426362314082416,3584167,0.59521602,256,113664,113919,113768,0
114175,426362314981541,3557000,0.63039284,256,113920,114175,113973,0
114431,426362315828625,3565125,0.65093792,256,114176,114431,114183,0
114687,426362316698708,3561458,0.61951663,256,114432,114687,114506,0
114943,426362317562291,3556084,0.60176922,256,114688,114943,114706,0
115199,426362318430916,3536084,0.62346011,256,114944,115199,115153,0
115455,426362319379875,3450333,0.62318861,256,115200,115455,115354,0
115711,426362320164708,3578875,0.60593528,256,115456,115711,115509,0
115967,426362321041750,3563750,0.60674639,256,115712,115967,115743,0
116223,426362321892416,3572459,0.61005339,256,115968,116223,116139,0
116479,426362322814916,3499084,0.62176583,256,116224,116479,116319,0
116735,426362323730875,3543541,0.67761214,256,116480,116735,116606,0
116991,426362324596291,3461834,0.63351258,256,116736,116991,116970,0
117247,426362325531541,3386417,0.5999705,256,116992,117247,117040,0
117503,426362326433041,3380459,0.6318691,256,117248,117503,117349,0
117759,426362327347916,3328667,0.60372303,256,117504,117759,117572,0
118015,426362328222666,3298459,0.58486997,256,117760,118015,117928,0
118271,426362329065250,3306666,0.59024759,256,118016,118271,118099,0
118527,426362329952000,3282916,0.6188372,256,118272,118527,118420,0
118783,426362330815333,3285417,0.68728591,256,118528,118783,118577,0
119039,426362331728625,3223416,0.61264445,256,118784,119039,118860,0
119295,426362332571750,3244333,0.61710258,256,119040,119295,119209,0
119551,426362333486916,3170125,0.60008443,256,119296,119551,119360,0
119807,426362334374458,3157125,0.6453923,256,119552,119807,119761,0
120063,426362335298583,3108292,0.63490297,256,119808,120063,119931,0
120319,426362336204666,3110250,0.6416423,256,120064,120319,120262,0
120575,426362337081500,3074083,0.60697028,256,120320,120575,120435,0
120831,426362337921750,3127666,0.63129476,256,120576,120831,120723,0
121087,426362338794791,3096125,0.64913662,256,120832,121087,121021,0
121343,426362339684250,3048541,0.60271673,256,121088,121343,121302,0
121599,426362340563541,3065542,0.64973736,256,121344,121599,121379,0
121855,426362341419958,3058208,0.61284035,256,121600,121855,121740,0
122111,426362342276375,3061833,0.64470687,256,121856,122111,122057,0
122367,426362343271500,2933333,0.59847605,256,122112,122367,122228,0
122623,426362344008666,3079125,0.68487594,256,122368,122623,122573,0
122879,426362344863166,3096000,0.65457102,256,122624,122879,122634,0
123135,426362345751583,3109208,0.63492915,256,122880,123135,123095,0
123391,426362346704583,3012667,0.60867924,256,123136,123391,123370,0
123647,426362347559875,3029666,0.64038003,256,123392,123647,123424,0
123903,426362348448125,2984875,0.59896902,256,123648,123903,123733,0
124159,426362349330375,2942041,0.61138184,256,123904,124159,123938,0
124415,426362350209666,2905334,0.59470801,256,124160,124415,124345,0
124671,426362351083791,2902875,0.62856775,256,124416,124671,124618,0
124927,426362351994875,2852541,0.61344227,256,124672,124927,124746,0
125183,426362352912958,2792375,0.6257972,256,124928,125183,125107,0
125439,426362353792458,2795625,0.64044553,256,125184,125439,125223,0
125695,426362354661750,2812916,0.62097953,256,125440,125695,125488,0
125951,426362355550541,2783667,0.60027526,256,125696,125951,125892,0
126207,426362356468875,2735750,0.60962017,256,125952,126207,126008,0
126463,426362357349208,2749750,0.61720247,256,126208,126463,126347,0
126719,426362358282083,2664792,0.64102501,256,126464,126719,126538,0
126975,426362359150500,2644416,0.58298577,256,126720,126975,126939,0
127231,426362360093291,2547625,0.59691529,256,126976,127231,127134,0
127487,426362360952208,2557250,0.6443855,256,127232,127487,127259,0
127743,426362361827583,2544125,0.65614144,256,127488,127743,127559,0
127999,426362362700375,2538333,0.61236989,256,127744,127999,127933,0
128255,426362363610000,2478500,0.6332931,256,128000,128255,128081,0
128511,426362364554666,2385125,0.60331849,256,128256,128511,128493,0
128767,426362365386666,2400542,0.61998326,256,128512,128767,128701,0
129023,426362366315416,2315459,0.61927423,256,128768,129023,129022,0
129279,426362367133791,2349834,0.65400459,256,129024,129279,129035,0
129535,426362368008291,2324667,0.59429185,256,129280,129535,129521,0
129791,426362368891541,2309375,0.6458288,256,129536,129791,129599,0
130047,426362369811416,2249125,0.57496355,256,129792,130047,129961,0
130303,426362370672250,2242416,0.61188899,256,130048,130303,130235,0
130559,426362371520041,2238334,0.66563199,256,130304,130559,130416,0
130815,426362372440291,2168459,0.61237411,256,130560,130815,130771,0
131071,426362373299208,2130708,0.61303204,256,130816,131071,130869,0
131327,426362374230208,2053167,0.60281846,256,131072,131327,131136,0
131583,426362375041041,2070667,0.58536498,256,131328,131583,131373,0
131839,426362375972833,1978125,0.59648675,256,131584,131839,131707,0
132095,426362376853541,1960917,0.65585927,256,131840,132095,132050,0
132351,426362377698250,1958000,0.63461657,256,132096,132351,132128,0
132607,426362378581291,1910375,0.63750405,256,132352,132607,132395,0
132863,426362379476375,1879541,0.65071636,256,132608,132863,132698,0
133119,426362380321958,1869125,0.59603534,256,132864,133119,132882,0
133375,426362381213083,1818167,0.62639294,256,133120,133375,133314,0
133631,426362382087000,1788916,0.61854913,256,133376,133631,133631,0
133887,426362382929083,1780792,0.59182307,256,133632,133887,133733,0
134143,426362383753250,1794083,0.6080745,256,133888,134143,133995,0
134399,426362384607250,1813041,0.63534921,256,134144,134399,134202,0
134655,426362385471875,1809583,0.59496119,256,134400,134655,134459,0
134911,426362386340041,1769834,0.62598071,256,134656,134911,134911,0
135167,426362387198208,1749708,0.60876253,256,134912,135167,135063,0
135423,426362388144041,1637750,0.62042115,256,135168,135423,135310,0
135679,426362389054583,1540083,0.58537973,256,135424,135679,135521,0
135935,426362389895333,1557208,0.60120333,256,135680,135935,135916,0
136191,426362390782958,1539583,0.62258164,256,135936,136191,136031,0
136447,426362391670041,1490209,0.61138218,256,136192,136447,136198,0
136703,426362392569541,1475375,0.63793373,256,136448,136703,136484,0
136959,426362393469833,1398375,0.65676825,256,136704,136959,136807,0
137215,426362394311208,1413375,0.65068601,256,136960,137215,137136,0
137471,426362395213333,1351250,0.65469798,256,137216,137471,137363,0
137727,426362396110000,1297583,0.63176897,256,137472,137727,137523,0
137983,426362396979666,1261959,0.61766377,256,137728,137983,137852,0
138239,426362397894791,1185417,0.59642016,256,137984,138239,138174,0
138495,426362398814833,1078542,0.59249444,256,138240,138495,138446,0
138751,426362399742916,1004709,0.66309834,256,138496,138751,138535,0
139007,426362400667875,917541,0.61057383,256,138752,139007,138830,0
139263,426362401537208,878375,0.60759245,256,139008,139263,139191,0
139519,426362402414666,835167,0.65781552,256,139264,139519,139424,0
139775,426362403328208,875125,0.63992472,256,139520,139775,139588,0
140031,426362404232833,818958,0.59752637,256,139776,140031,139856,0
140287,426362405087208,852958,0.60113956,256,140032,140287,140093,0
140543,426362405938125,837458,0.62129579,256,140288,140543,140357,0
140799,426362406823125,893375,0.62064396,256,140544,140799,140657,0
141055,426362407695625,842583,0.60302827,256,140800,141055,140880,0
141311,426362408567083,872292,0.60785975,256,141056,141311,141179,0
141567,426362409411958,852750,0.61596974,256,141312,141567,141397,0
141823,426362410333166,855792,0.56519687,256,141568,141823,141775,0
142079,426362411158333,871500,0.62374666,256,141824,142079,141951,0
142335,426362412084583,862000,0.6010083,256,142080,142335,142117,0
142591,426362412947000,841666,0.58232311,256,142336,142591,142585,0
142847,426362413842625,836000,0.6099363,256,142592,142847,142804,0
143103,426362414683875,831750,0.60861314,256,142848,143103,142938,0
143359,426362415560875,898166,0.61528807,256,143104,143359,143281,0
143615,426362416495041,1121084,0.60228561,256,143360,143615,143523,0
143871,426362417357250,1915291,0.65134198,256,143616,143871,143862,0
144127,426362418224458,2638292,0.59085038,256,143872,144127,144101,0
144383,426362419098375,3356000,0.62799196,256,144128,144383,144136,0
144639,426362420002750,4062875,0.64382915,256,144384,144639,144454,0
144895,426362420915416,4773959,0.61922696,256,144640,144895,144668,0
145151,426362421775166,5183709,0.59839023,256,144896,145151,145031,0
145407,426362422616833,5131292,0.62816033,256,145152,145407,145159,0
145663,426362423497083,5069500,0.64913908,256,145408,145663,145529,0
145919,426362424427958,4944958,0.59932455,256,145664,145919,145820,0
146175,426362425380333,4830333,0.60932984,256,145920,146175,146129,0
146431,426362426197708,4856792,0.65642894,256,146176,146431,146328,0
146687,426362427055833,4833667,0.61479246,256,146432,146687,146554,0
146943,426362427935958,4770208,0.58687898,256,146688,146943,146724,0
147199,426362428784750,4739750,0.60889053,256,146944,147199,147192,0
147455,426362429688208,4652667,0.60937281,256,147200,147455,147410,0
147711,426362430560333,4630500,0.6789547,256,147456,147711,147564,0
147967,426362431376416,4631667,0.63423499,256,147712,147967,147770,0
148223,426362432196416,4644584,0.60328595,256,147968,148223,148068,0
148479,426362433077750,4569125,0.57515766,256,148224,148479,148396,0
148735,426362434003416,4480959,0.64256733,256,148480,148735,148558,0
148991,426362434923708,4415125,0.62837244,256,148736,148991,148738,0
149247,426362435794625,4382500,0.60359799,256,148992,149247,149210,0
149503,426362436640083,4363208,0.58793211,256,149248,149503,149267,0
149759,426362437522958,4286042,0.59659302,256,149504,149759,149648,0
150015,426362438458125,4175541,0.5994441,256,149760,150015,149925,0
150271,426362439355875,4090291,0.61424866,256,150016,150271,150051,0
150527,426362440182083,4118292,0.62930165,256,150272,150527,150343,0
150783,426362441041666,4076084,0.58270619,256,150528,150783,150654,0
151039,426362441881958,4048167,0.62488011,256,150784,151039,150957,0
151295,426362442784500,3949375,0.59512176,256,151040,151295,151101,0
151551,426362443664541,3882625,0.60048011,256,151296,151551,151516,0
151807,426362444530041,3829584,0.62010245,256,151552,151807,151578,0
152063,426362445443083,3734500,0.61091659,256,151808,152063,151830,0
152319,426362446333625,3639833,0.60658991,256,152064,152319,152213,0
152575,426362447287416,3492667,0.61519844,256,152320,152575,152489,0
152831,426362448112000,3461041,0.59425728,256,152576,152831,152738,0
153087,426362449011583,3370917,0.61129457,256,152832,153087,153016,0
153343,426362449883458,3285167,0.60562089,256,153088,153343,153295,0
153599,426362450785250,3190208,0.60377393,256,153344,153599,153520,0
153855,426362451668208,3121500,0.62713047,256,153600,153855,153836,0
154111,426362452544750,3071166,0.6093607,256,153856,154111,153945,0
154367,426362453482958,2928917,0.65692913,256,154112,154367,154263,0
154623,426362454270833,2937750,0.61805452,256,154368,154623,154465,0
154879,426362455195583,2794292,0.62261602,256,154624,154879,154803,0
155135,426362456097083,2689000,0.58066394,256,154880,155135,155121,0
155391,426362456992458,2580458,0.61549548,256,155136,155391,155236,0
155647,426362457837750,2549708,0.59535012,256,155392,155647,155536,0
155903,426362458767208,2417792,0.60383213,256,155648,155903,155690,0
156159,426362459701250,2273875,0.58227665,256,155904,156159,156062,0
156415,426362460522125,2238875,0.59378722,256,156160,156415,156332,0
156671,426362461439291,2123292,0.61128015,256,156416,156671,156591,0
156927,426362462296291,2072542,0.62494963,256,156672,156927,156835,0
157183,426362463188083,1969125,0.59723363,256,156928,157183,157044,0
157439,426362464054291,1918500,0.58792185,256,157184,157439,157302,0
157695,426362464902166,1880125,0.61263605,256,157440,157695,157590,0
157951,426362465814916,1793167,0.61526841,256,157696,157951,157875,0
158207,426362466670083,1708792,0.57578576,256,157952,158207,157981,0
158463,426362467561875,1665500,0.61289621,256,158208,158463,158324,0
158719,426362468447583,1633583,0.69292101,256,158464,158719,158558,0
158975,426362469382500,1512125,0.59034389,256,158720,158975,158883,0
159231,426362470206500,1503333,0.62245042,256,158976,159231,159046,0
159487,426362471101291,1412375,0.59891146,256,159232,159487,159472,0
159743,426362472046708,1253750,0.57563206,256,159488,159743,159582,0
159999,426362472964916,1156334,0.59958757,256,159744,159999,159897,0
160255,426362473875083,1030250,0.58000046,256,160000,160255,160050,0
160511,426362474766791,945875,0.60133077,256,160256,160511,160289,0
160767,426362475654625,890625,0.63295032,256,160512,160767,160666,0
161023,426362476557833,836625,0.60153947,256,160768,161023,161002,0
161279,426362477439958,1725167,0.59920349,256,161024,161279,161040,0
161535,426362478325583,1799042,0.61675831,256,161280,161535,161523,0
161791,426362479200500,1752583,0.64671385,256,161536,161791,161544,0
162047,426362480121000,1685708,0.63386269,256,161792,162047,161875,0
162303,426362480987416,1636125,0.63753856,256,162048,162303,162260,0
162559,426362481902166,1521292,0.59024547,256,162304,162559,162375,0
162815,426362482826791,1427042,0.63687953,256,162560,162815,162655,0
163071,426362483695000,1366458,0.64143286,256,162816,163071,162978,0
163327,426362484556166,1300334,0.57790313,256,163072,163327,163300,0
163583,426362485493625,1160458,0.61257362,256,163328,163583,163429,0
163839,426362486384083,1064667,0.60967855,256,163584,163839,163686,0
164095,426362487227916,1019959,0.64639082,256,163840,164095,164021,0
164351,426362488107000,963875,0.62097451,256,164096,164351,164121,0
164607,426362488913083,952458,0.62883106,256,164352,164607,164431,0
164863,426362489799875,869041,0.56860543,256,164608,164863,164630,0
165119,426362490718041,821959,0.60762078,256,164864,165119,165012,0
165375,426362491589791,823917,0.61130886,256,165120,165375,165189,0
165631,426362492475583,847667,0.57097002,256,165376,165631,165478,0
165887,426362493394708,796792,0.58355571,256,165632,165887,165754,0
166143,426362494255958,830833,0.61997599,256,165888,166143,166045,0
166399,426362495101375,836666,0.60002854,256,166144,166399,166212,0
166655,426362496008666,841500,0.63354144,256,166400,166655,166553,0
166911,426362496931708,846958,0.61653147,256,166656,166911,166699,0
167167,426362497763416,830042,0.5885259,256,166912,167167,167159,0
167423,426362498659083,829917,0.60738056,256,167168,167423,167316,0
167679,426362499471875,809250,0.61848223,256,167424,167679,167567,0
167935,426362500363708,831167,0.5728344,256,167680,167935,167799,0
168191,426362501245291,847042,0.61213227,256,167936,168191,168026,0
168447,426362502169791,816625,0.58448847,256,168192,168447,168213,0
168703,426362503098083,833542,0.59319544,256,168448,168703,168469,0
168959,426362504017250,823125,0.59242797,256,168704,168959,168764,0
169215,426362504805916,865084,0.6337925,256,168960,169215,169185,0
169471,426362505680500,871916,0.62627704,256,169216,169471,169375,0
169727,426362506591208,1717750,0.57674917,256,169472,169727,169699,0
169983,426362507464625,1809166,0.59063498,256,169728,169983,169883,0
170239,426362508358625,1773333,0.61252297,256,169984,170239,170042,0
170495,426362509202250,1757708,0.63678324,256,170240,170495,170318,0
170751,426362510084166,1715875,0.59948209,256,170496,170751,170710,0
171007,426362510979166,1647209,0.60904724,256,170752,171007,170774,0
171263,426362511837083,1590917,0.60613878,256,171008,171263,171059,0
171519,426362512719708,1535125,0.61424834,256,171264,171519,171517,0
171775,426362513654000,1461583,0.6132524,256,171520,171775,171536,0
172031,426362514537666,1388959,0.60373505,256,171776,172031,172002,0
172287,426362515466291,1289417,0.61460563,256,172032,172287,172272,0
172543,426362516298833,1309625,0.66362755,256,172288,172543,172543,0
172799,426362517215166,1194334,0.65393908,256,172544,172799,172558,0
173055,426362518097166,1157500,0.62217051,256,172800,173055,172917,0
173311,426362518942208,1133000,0.61708042,256,173056,173311,173174,0
173567,426362519841916,1045084,0.64805175,256,173312,173567,173382,0
173823,426362520785208,908167,0.62971467,256,173568,173823,173773,0
174079,426362521698333,1753292,0.6198063,256,173824,174079,173982,0
174335,426362522589583,1808083,0.58066036,256,174080,174335,174261,0
174591,426362523480958,1759667,0.62529003,256,174336,174591,174439,0
174847,426362524354916,1707334,0.62864922,256,174592,174847,174749,0
175103,426362525237333,1662833,0.62037311,256,174848,175103,175030,0
175359,426362526065375,1636541,0.60885206,256,175104,175359,175108,0
175615,426362526960750,1588458,0.63898438,256,175360,175615,175524,0
175871,426362527847708,1533167,0.60914251,256,175616,175871,175632,0
176127,426362528728416,1460542,0.57826217,256,175872,176127,176010,0
176383,426362529571250,1433666,0.59432828,256,176128,176383,176156,0
176639,426362530423916,1398250,0.57141594,256,176384,176639,176495,0
176895,426362531340583,1292333,0.58731305,256,176640,176895,176756,0
177151,426362532210791,1283167,0.63939749,256,176896,177151,177044,0
177407,426362533112291,1202042,0.63027226,256,177152,177407,177374,0
177663,426362534012166,1121084,0.58755874,256,177408,177663,177610,0
177919,426362534911583,1339667,0.56916369,256,177664,177919,177873,0
178175,426362535790958,1308083,0.62146377,256,177920,178175,177982,0
178431,426362536665291,1253375,0.59872554,256,178176,178431,178429,0
178687,426362537570250,1156333,0.59822397,256,178432,178687,178555,0
178943,426362538433583,1109042,0.60944565,256,178688,178943,178879,0
179199,426362539291166,1088500,0.61940373,256,178944,179199,179121,0
179455,426362540163958,1062458,0.61862896,256,179200,179455,179321,0
179711,426362541072041,969667,0.64121584,256,179456,179711,179528,0
179967,426362541989000,898125,0.60850876,256,179712,179967,179793,0
180223,426362542892375,851875,0.63755647,256,179968,180223,180220,0
180479,426362543801875,857166,0.62428661,256,180224,180479,180344,0
180735,426362544733791,831084,0.60332944,256,180480,180735,180530,0
180991,426362545579791,879834,0.6298314,256,180736,180991,180816,0
181247,426362546498125,1713708,0.5681895,256,180992,181247,181068,0
181503,426362547388375,1789208,0.58800449,256,181248,181503,181254,0
181759,426362548265791,1727792,0.59206189,256,181504,181759,181739,0
182015,426362549087500,1735041,0.61040398,256,181760,182015,181805,0
182271,426362549932625,1705125,0.6066355,256,182016,182271,182016,0
182527,426362550871708,1596583,0.63854934,256,182272,182527,182524,0
182783,426362551769000,1540041,0.65932005,256,182528,182783,182599,0
183039,426362552638333,1500875,0.59602317,256,182784,183039,182964,0
183295,426362553529291,1447959,0.60274246,256,183040,183295,183133,0
183551,426362554391375,1403375,0.59988771,256,183296,183551,183364,0
183807,426362555310250,1374833,0.6686183,256,183552,183807,183692,0
184063,426362556198041,1304709,0.60951265,256,183808,184063,184032,0
184319,426362557105125,1247666,0.61662286,256,184064,184319,184199,0
184575,426362558001750,1184750,0.64193169,256,184320,184575,184347,0
184831,426362558881333,1150333,0.58499298,256,184576,184831,184588,0
185087,426362559742583,1094167,0.6016676,256,184832,185087,185064,0
185343,426362560586083,1091708,0.61858467,256,185088,185343,185336,0
185599,426362561513041,1002250,0.58407239,256,185344,185599,185503,0
185855,426362562410208,965125,0.59487259,256,185600,185855,185695,0
186111,426362563295958,900167,0.58325845,256,185856,186111,186087,0
186367,426362564201875,833916,0.57110776,256,186112,186367,186261,0
186623,426362565050541,850500,0.62981849,256,186368,186623,186568,0
186879,426362565992625,852458,0.57930104,256,186624,186879,186783,0
187135,426362566860541,882959,0.65859587,256,186880,187135,187048,0
187391,426362567775875,879916,0.60778999,256,187136,187391,187141,0
187647,426362568629041,850709,0.60328128,256,187392,187647,187525,0
187903,426362569486166,871209,0.58603592,256,187648,187903,187736,0
188159,426362570344666,1678792,0.6051523,256,187904,188159,188138,0
188415,426362571221708,1837417,0.60298794,256,188160,188415,188341,0
188671,426362572099916,1776834,0.59905662,256,188416,188671,188644,0
188927,426362572967541,1757667,0.60905626,256,188672,188927,188837,0
189183,426362573837750,1714500,0.64303692,256,188928,189183,189078,0
189439,426362574770583,1606750,0.60143652,256,189184,189439,189228,0
189695,426362575696791,1528792,0.61402743,256,189440,189695,189611,0
189951,426362576529083,1548625,0.59535371,256,189696,189951,189827,0
190207,426362577428083,1497833,0.61915101,256,189952,190207,189963,0
190463,426362578279541,1496875,0.61467062,256,190208,190463,190317,0
190719,426362579110666,1528625,0.59832341,256,190464,190719,190499,0
190975,426362580039166,1446125,0.60441898,256,190720,190975,190906,0
191231,426362580917666,1398584,0.60027493,256,190976,191231,191111,0
191487,426362581770625,1438708,0.66421782,256,191232,191487,191410,0
191743,426362582683208,1366667,0.61290356,256,191488,191743,191574,0
191999,426362583578958,1300042,0.64918656,256,191744,191999,191800,0
192255,426362584477500,1235458,0.59092323,256,192000,192255,192037,0
192511,426362585339916,1204167,0.60081734,256,192256,192511,192509,0
192767,426362586242375,1201083,0.65669599,256,192512,192767,192546,0
193023,426362587115083,1162542,0.61424124,256,192768,193023,193018,0
193279,426362588044458,1065833,0.62120374,256,193024,193279,193029,0
193535,426362588929458,1032292,0.60772612,256,193280,193535,193425,0
193791,426362589868375,933083,0.57819875,256,193536,193791,193714,0
194047,426362590778625,841041,0.62012724,256,193792,194047,193966,0
194303,426362591664583,853750,0.62712254,256,194048,194303,194281,0
194559,426362592539416,860750,0.60192367,256,194304,194559,194373,0
194815,426362593397791,841917,0.59939127,256,194560,194815,194578,0
195071,426362594337750,1725541,0.62206653,256,194816,195071,194923,0
195327,426362595246666,1824584,0.62019624,256,195072,195327,195197,0
195583,426362596188166,1712459,0.62464416,256,195328,195583,195509,0
195839,426362597051875,1664875,0.61700318,256,195584,195839,195591,0
196095,426362597889000,1616916,0.63017868,256,195840,196095,196085,0
196351,426362598740875,1555500,0.57751257,256,196096,196351,196337,0
196607,426362599626500,1463958,0.61242889,256,196352,196607,196400,0
196863,426362600538208,1359042,0.59227937,256,196608,196863,196660,0
197119,426362601452958,1245708,0.59442219,256,196864,197119,196912,0
197375,426362602424583,1103667,0.63925784,256,197120,197375,197231,0
197631,426362603354083,974917,0.60842845,256,197376,197631,197382,0
197887,426362604270625,879833,0.61103145,256,197632,197887,197792,0
198143,426362605124916,839667,0.61090879,256,197888,198143,198079,0
198399,426362606074458,1681125,0.59589135,256,198144,198399,198153,0
198655,426362606948166,1800042,0.61692627,256,198400,198655,198449,0
198911,426362607811458,1793750,0.64087453,256,198656,198911,198872,0
199167,426362608647250,1774166,0.6315689,256,198912,199167,199100,0
199423,426362609510458,1700958,0.5872921,256,199168,199423,199189,0
199679,426362610392166,1652084,0.63829549,256,199424,199679,199582,0
199935,426362611234250,1630708,0.62853484,256,199680,199935,199785,0
200191,426362612133375,1591375,0.60755528,256,199936,200191,199992,0
200447,426362613030541,1520292,0.60754791,256,200192,200447,200431,0
200703,426362613890791,1481417,0.62263458,256,200448,200703,200529,0
200959,426362614833500,1378916,0.60779822,256,200704,200959,200800,0
201215,426362615748083,1281792,0.59317879,256,200960,201215,201154,0
201471,426362616669333,1181417,0.63330478,256,201216,201471,201378,0
201727,426362617556333,1120500,0.63263105,256,201472,201727,201595,0
201983,426362618420916,1100417,0.64410942,256,201728,201983,201775,0
202239,426362619308458,1043667,0.6023155,256,201984,202239,202198,0
202495,426362620169333,979833,0.59392582,256,202240,202495,202393,0
202751,426362621054916,987375,0.6397648,256,202496,202751,202632,0
203007,426362621942333,918500,0.60877202,256,202752,203007,202968,0
203263,426362622849958,844458,0.61318985,256,203008,203263,203213,0
203519,426362623734958,1670667,0.62750057,256,203264,203519,203340,0
203775,426362624615916,1841167,0.63772835,256,203520,203775,203564,0
204031,426362625601708,1749292,0.64164905,256,203776,204031,203983,0
204287,426362626529875,1620833,0.64319282,256,204032,204287,204236,0
204543,426362627421916,1556125,0.60900428,256,204288,204543,204495,0
204799,426362628251375,1590333,0.63325526,256,204544,204799,204770,0
205055,426362629069833,1579417,0.63732299,256,204800,205055,204909,0
205311,426362629911541,1581000,0.59443301,256,205056,205311,205257,0
205567,426362630793375,1536166,0.64122953,256,205312,205567,205392,0
205823,426362631712791,1471375,0.64987984,256,205568,205823,205685,0
206079,426362632586750,1435125,0.60605493,256,205824,206079,205837,0
206335,426362633494208,1527583,0.65296432,256,206080,206335,206301,0
206591,426362634428583,1461958,0.62393145,256,206336,206591,206345,0
206847,426362635292958,1440167,0.64018076,256,206592,206847,206720,0
207103,426362636219000,1376791,0.63829761,256,206848,207103,207086,0
207359,426362637124875,1304208,0.59043634,256,207104,207359,207340,0
207615,426362638021083,1281083,0.61976185,256,207360,207615,207469,0
207871,426362638925958,1249458,0.63563742,256,207616,207871,207860,0
208127,426362639855916,1199542,0.64076093,256,207872,208127,207886,0
208383,426362640749541,1174042,0.61740189,256,208128,208383,208349,0
208639,426362641662333,1139625,0.64467236,256,208384,208639,208411,0
208895,426362642537458,1146542,0.62364927,256,208640,208895,208705,0
209151,426362643440250,1149583,0.67610459,256,208896,209151,209061,0
209407,426362644278083,1178000,0.61156548,256,209152,209407,209322,0
209663,426362645164750,1179541,0.64185669,256,209408,209663,209531,0
209919,426362646019875,1186083,0.60819544,256,209664,209919,209835,0
210175,426362646895000,1171916,0.60853292,256,209920,210175,210172,0
210431,426362647857750,1094791,0.60584482,256,210176,210431,210302,0
210687,426362648688333,1174375,0.67894507,256,210432,210687,210670,0
210943,426362649554916,1174125,0.60293968,256,210688,210943,210874,0
211199,426362650440166,1191625,0.64961557,256,210944,211199,211141,0
211455,426362651379166,1130500,0.65605684,256,211200,211455,211445,0
211711,426362652267958,1094167,0.60291165,256,211456,211711,211683,0
211967,426362653137041,1128584,0.63862436,256,211712,211967,211769,0
212223,426362653953208,1236292,0.64809905,256,211968,212223,212177,0
212479,426362654813708,1254167,0.63287607,256,212224,212479,212234,0
212735,426362655702875,1232083,0.61548058,256,212480,212735,212614,0
212991,426362656565083,1240708,0.59944774,256,212736,212991,212746,0
213247,426362657473041,1212250,0.64472019,256,212992,213247,213083,0
213503,426362658342291,1218667,0.60813703,256,213248,213503,213493,0
213759,426362659247083,1196750,0.6762325,256,213504,213759,213542,0
214015,426362660116041,1213959,0.63039284,256,213760,214015,213973,0
214271,426362661005125,1191125,0.65093792,256,214016,214271,214183,0
214527,426362661836250,1214875,0.61951663,256,214272,214527,214506,0
214783,426362662742875,1169875,0.60176922,256,214528,214783,214706,0
215039,426362663578208,1184375,0.58877187,256,214784,215039,214929,0
215295,426362664476458,1138333,0.62346011,256,215040,215295,215153,0
215551,426362665384166,1112125,0.62318861,256,215296,215551,215354,0
215807,426362666185875,1212291,0.60674639,256,215552,215807,215743,0
216063,426362667052875,1193833,0.59356166,256,215808,216063,216042,0
216319,426362667918416,1191209,0.62176583,256,216064,216319,216319,0
216575,426362668868500,3153916,0.66912341,256,216320,216575,216566,0
216831,426362669842625,2181416,0.67761214,256,216576,216831,216606,0
217087,426362671980708,949125,0.63351258,256,216832,217087,216970,0
217343,426362671998458,1778208,0.63162866,256,217088,217343,217340,0
217599,426362672893083,1766333,0.6318691,256,217344,217599,217349,0
217855,426362673403750,2118791,0.5882785,256,217600,217855,217751,0
218111,426362674218083,2159583,0.59024759,256,217856,218111,218099,0
218367,426362675107041,2111250,0.58801015,256,218112,218367,218238,0
218623,426362675980708,2118708,0.68728591,256,218368,218623,218577,0
218879,426362676870875,2077125,0.61867574,256,218624,218879,218642,0
219135,426362677742791,2068959,0.60049282,256,218880,219135,219088,0
219391,426362678607875,2051416,0.61710258,256,219136,219391,219209,0
219647,426362679536958,1985417,0.6286582,256,219392,219647,219592,0
219903,426362680405750,1978750,0.6453923,256,219648,219903,219761,0
220159,426362681344291,1942500,0.63490297,256,219904,220159,219931,0
220415,426362682226500,1940750,0.6416423,256,220160,220415,220262,0
220671,426362683098708,1940542,0.62430912,256,220416,220671,220661,0
220927,426362683950250,1958083,0.63129476,256,220672,220927,220723,0
221183,426362684844416,1889667,0.64913662,256,220928,221183,221021,0
221439,426362685687958,1955125,0.64973736,256,221184,221439,221379,0
221695,426362686595333,1897208,0.57956331,256,221440,221695,221660,0
221951,426362687420541,1922125,0.61284035,256,221696,221951,221740,0
222207,426362688293333,1919292,0.64470687,256,221952,222207,222057,0
222463,426362689163208,1911917,0.63684892,256,222208,222463,222434,0
222719,426362690038666,1948500,0.68487594,256,222464,222719,222573,0
222975,426362690903458,1944667,0.60635518,256,222720,222975,222827,0
223231,426362691807833,1932917,0.63492915,256,222976,223231,223095,0
223487,426362692726000,1888083,0.64038003,256,223232,223487,223424,0
223743,426362693608041,1853000,0.60458498,256,223488,223743,223626,0
223999,426362694489250,1816291,0.61138184,256,223744,223999,223938,0
224255,426362695354958,1780708,0.59090211,256,224000,224255,224005,0
224511,426362696207916,1787959,0.62098797,256,224256,224511,224466,0
224767,426362697102500,1761000,0.62856775,256,224512,224767,224618,0
225023,426362698021375,1688458,0.59053032,256,224768,225023,224870,0
225279,426362698937916,1669709,0.64044553,256,225024,225279,225223,0
225535,426362699802333,1669500,0.62097953,256,225280,225535,225488,0
225791,426362700666333,1677833,0.61062979,256,225536,225791,225660,0
226047,426362701602666,1607584,0.60962017,256,225792,226047,226008,0
226303,426362702517166,1644250,0.60518556,256,226048,226303,226289,0
226559,426362703385000,1582500,0.64102501,256,226304,226559,226538,0
226815,426362704274625,1551166,0.62939463,256,226560,226815,226623,0
227071,426362705198708,1475208,0.58867688,256,226816,227071,227041,0
227327,426362706120208,1407250,0.6443855,256,227072,227327,227259,0
227583,426362707021541,1374084,0.65614144,256,227328,227583,227559,0
227839,426362707854708,1391000,0.62423057,256,227584,227839,227588,0
228095,426362708747875,1375458,0.6332931,256,227840,228095,228081,0
228351,426362709657500,1304541,0.58710934,256,228096,228351,228196,0
228607,426362710566166,1251209,0.60331849,256,228352,228607,228493,0
228863,426362711449541,1210167,0.61998326,256,228608,228863,228701,0
229119,426362712354041,1143750,0.65400459,256,228864,229119,229035,0
229375,426362713155083,1210667,0.6237523,256,229120,229375,229134,0
229631,426362714054666,1181334,0.6458288,256,229376,229631,229599,0
229887,426362714912958,1171208,0.59749237,256,229632,229887,229752,0
230143,426362715848791,1091334,0.597402,256,229888,230143,230061,0
230399,426362716669125,1122666,0.61188899,256,230144,230399,230235,0
230655,426362717542333,1104208,0.66563199,256,230400,230655,230416,0
230911,426362718460500,1031000,0.61303204,256,230656,230911,230869,0
231167,426362719364541,969167,0.60281846,256,230912,231167,231136,0
231423,426362720206708,979875,0.59442221,256,231168,231423,231299,0
231679,426362721069208,931958,0.57155643,256,231424,231679,231591,0
231935,426362721983625,838125,0.59648675,256,231680,231935,231707,0
232191,426362722881208,896625,0.65585927,256,231936,232191,232050,0
232447,426362723712458,896958,0.63750405,256,232192,232447,232395,0
232703,426362724647000,833416,0.65071636,256,232448,232703,232698,0
232959,426362725489083,1437708,0.63831303,256,232704,232959,232704,0
233215,426362726357500,1403791,0.61297029,256,232960,233215,233178,0
233471,426362727213583,1368208,0.62639294,256,233216,233471,233314,0
233727,426362728107291,1275625,0.61854913,256,233472,233727,233631,0
233983,426362728932875,1264833,0.59637254,256,233728,233983,233899,0
234239,426362729754791,1287125,0.63534921,256,233984,234239,234202,0
234495,426362730620875,1325416,0.61000586,256,234240,234495,234365,0
234751,426362731480333,1236833,0.59199943,256,234496,234751,234650,0
235007,426362732357541,1171959,0.62598071,256,234752,235007,234911,0
235263,426362733267750,1084875,0.60876253,256,235008,235263,235063,0
235519,426362734155208,987042,0.62042115,256,235264,235519,235310,0
235775,426362735074458,864292,0.60044824,256,235520,235775,235687,0
236031,426362735955833,1697833,0.62258164,256,235776,236031,236031,0
236287,426362736841041,1842334,0.61672773,256,236032,236287,236177,0
236543,426362737699583,1794542,0.63793373,256,236288,236543,236484,0
236799,426362738595750,1748375,0.63242657,256,236544,236799,236650,0
237055,426362739442541,1702917,0.65676825,256,236800,237055,236807,0
237311,426362740362458,1629917,0.65068601,256,237056,237311,237136,0
237567,426362741264250,1545291,0.65469798,256,237312,237567,237363,0
237823,426362742099041,1517167,0.60124857,256,237568,237823,237715,0
238079,426362743039791,1400250,0.61766377,256,237824,238079,237852,0
238335,426362743933958,1310083,0.59642016,256,238080,238335,238174,0
238591,426362744838625,1223750,0.66309834,256,238336,238591,238535,0
238847,426362745770250,1110958,0.61057383,256,238592,238847,238830,0
239103,426362746689708,1004542,0.59880173,256,238848,239103,238927,0
239359,426362747565416,945125,0.60759245,256,239104,239359,239191,0
239615,426362748487041,848084,0.65781552,256,239360,239615,239424,0
239871,426362749370625,813958,0.63380544,256,239616,239871,239704,0
240127,426362750259250,1625291,0.60113956,256,239872,240127,240093,0
240383,426362751110916,1783709,0.62129579,256,240128,240383,240357,0
240639,426362751986166,1739709,0.58529765,256,240384,240639,240639,0
240895,426362752862083,1681750,0.62064396,256,240640,240895,240657,0
241151,426362753703500,1641958,0.59992003,256,240896,241151,241119,0
241407,426362754567291,1633167,0.61596974,256,241152,241407,241397,0
241663,426362755455333,1537750,0.57658246,256,241408,241663,241494,0
241919,426362756346083,1443167,0.56519687,256,241664,241919,241775,0
242175,426362757221416,1385875,0.62374666,256,241920,242175,241951,0
242431,426362758122625,1285041,0.58368317,256,242176,242431,242310,0
242687,426362758985416,1215375,0.58232311,256,242432,242687,242585,0
242943,426362759865541,1165459,0.6099363,256,242688,242943,242804,0
243199,426362760700291,1133959,0.58881237,256,242944,243199,243112,0
243455,426362761623875,1051500,0.61528807,256,243200,243455,243281,0
243711,426362762494458,1005542,0.60228561,256,243456,243711,243523,0
243967,426362763374833,925042,0.65134198,256,243712,243967,243862,0
244223,426362764248833,858458,0.62799196,256,243968,244223,244136,0
244479,426362765117041,1649875,0.64382915,256,244224,244479,244454,0
244735,426362766014250,1786000,0.61922696,256,244480,244735,244668,0
244991,426362766928666,1669959,0.60329803,256,244736,244991,244799,0
245247,426362767784916,1610334,0.62816033,256,244992,245247,245159,0
245503,426362768648291,1531084,0.57488227,256,245248,245503,245390,0
245759,426362769525166,1455125,0.64913908,256,245504,245759,245529,0
246015,426362770519916,1263667,0.59932455,256,245760,246015,245820,0
246271,426362771377791,1217542,0.61677297,256,246016,246271,246227,0
246527,426362772196750,1212916,0.65642894,256,246272,246527,246328,0
246783,426362773091166,1121875,0.61479246,256,246528,246783,246554,0
247039,426362773936875,1077666,0.5812468,256,246784,247039,247029,0
247295,426362774828541,994375,0.60889053,256,247040,247295,247192,0
247551,426362775680541,940459,0.63722307,256,247296,247551,247528,0
247807,426362776578458,869792,0.6789547,256,247552,247807,247564,0
248063,426362777394750,842083,0.62730144,256,247808,248063,247963,0
248319,426362778229958,816000,0.60328595,256,248064,248319,248068,0
248575,426362779126500,1558625,0.64256733,256,248320,248575,248558,0
248831,426362780004583,1732417,0.62837244,256,248576,248831,248738,0
249087,426362780940458,1665542,0.60233607,256,248832,249087,248842,0
249343,426362781776375,1650208,0.60359799,256,249088,249343,249210,0
249599,426362782674375,1569791,0.56453933,256,249344,249599,249549,0
249855,426362783543583,1507667,0.59659302,256,249600,249855,249648,0
250111,426362784494458,1387667,0.61424866,256,249856,250111,250051,0
250367,426362785351958,1364208,0.62930165,256,250112,250367,250343,0
250623,426362786179208,1365042,0.57240215,256,250368,250623,250581,0
250879,426362787061333,1313333,0.58270619,256,250624,250879,250654,0
251135,426362787942291,1279167,0.62488011,256,250880,251135,250957,0
251391,426362788804375,1255500,0.57593519,256,251136,251391,251231,0
251647,426362789680583,1209125,0.62010245,256,251392,251647,251578,0
251903,426362790561333,1151375,0.61091659,256,251648,251903,251830,0
252159,426362791494250,1047625,0.59584126,256,251904,252159,252094,0
252415,426362792391916,962792,0.60658991,256,252160,252415,252213,0
252671,426362793326583,864417,0.61519844,256,252416,252671,252489,0
252927,426362794158375,866708,0.60823272,256,252672,252927,252905,0
253183,426362795021875,813458,0.61129457,256,252928,253183,253016,0
253439,426362795944791,1626167,0.60562089,256,253184,253439,253295,0
253695,426362796808583,3953292,0.60377393,256,253440,253695,253520,0
253951,426362797687791,3076625,0.62713047,256,253696,253951,253836,0
254207,426362798728708,2931042,0.61624675,256,253952,254207,254195,0
254463,426362800823583,1654917,0.65692913,256,254208,254463,254263,0
254719,426362800838041,2461417,0.61805452,256,254464,254719,254465,0
254975,426362801219708,2881458,0.62261602,256,254720,254975,254803,0
255231,426362802142000,2782875,0.59726526,256,254976,255231,255187,0
255487,426362802995000,2758458,0.61549548,256,255232,255487,255236,0
255743,426362803919375,2664791,0.60383213,256,255488,255743,255690,0
255999,426362804801833,2594875,0.57401221,256,255744,255999,255755,0
256255,426362805701458,2486083,0.58227665,256,256000,256255,256062,0
256511,426362806581208,2435000,0.59378722,256,256256,256511,256332,0
256767,426362807457041,2389167,0.61128015,256,256512,256767,256591,0
257023,426362808337166,2332042,0.62494963,256,256768,257023,256835,0
257279,426362809193500,2284500,0.59723363,256,257024,257279,257044,0
257535,426362810069250,2248791,0.58792185,256,257280,257535,257302,0
257791,426362810933375,2241250,0.61263605,256,257536,257791,257590,0
258047,426362811822833,2169417,0.61526841,256,257792,258047,257875,0
258303,426362812725666,2078959,0.60018103,256,258048,258303,258300,0
258559,426362813613625,2048250,0.69292101,256,258304,258559,258558,0
258815,426362814455250,2078250,0.64495132,256,258560,258815,258566,0
259071,426362815408041,1991250,0.62245042,256,258816,259071,259046,0
259327,426362816232333,1978458,0.59416998,256,259072,259327,259117,0
259583,426362817152375,1904125,0.59891146,256,259328,259583,259472,0
259839,426362818085166,1791584,0.59348389,256,259584,259839,259762,0
260095,426362819020083,1688167,0.59958757,256,259840,260095,259897,0
260351,426362819939416,1576167,0.60133077,256,260096,260351,260289,0
260607,426362820766416,1591417,0.60591531,256,260352,260607,260582,0
260863,426362821692291,1522250,0.63295032,256,260608,260863,260666,0
261119,426362822565083,1471167,0.60153947,256,260864,261119,261002,0
261375,426362823467041,1410875,0.59158211,256,261120,261375,261373,0
261631,426362824360958,1362458,0.64671385,256,261376,261631,261544,0
261887,426362825253041,1309709,0.63386269,256,261632,261887,261875,0
262143,426362826130333,1273792,0.62934687,256,261888,262143,261943,0
262399,426362827058750,1200958,0.63753856,256,262144,262399,262260,0
262655,426362827955541,1146459,0.63687953,256,262400,262655,262655,0
262911,426362828813750,1130750,0.60181328,256,262656,262911,262774,0
263167,426362829708625,1057750,0.64143286,256,262912,263167,262978,0
263423,426362830603416,987250,0.59617283,256,263168,263423,263399,0
263679,426362831499666,903125,0.61257362,256,263424,263679,263429,0
263935,426362832418916,1715792,0.60967855,256,263680,263935,263686,0
264191,426362833260291,1865500,0.64639082,256,263936,264191,264021,0
264447,426362834107208,1838000,0.62883106,256,264192,264447,264431,0
264703,426362834948666,1782584,0.56860543,256,264448,264703,264630,0
264959,426362835857166,1731542,0.56441215,256,264704,264959,264810,0
265215,426362836737250,1605500,0.61130886,256,264960,265215,265189,0
265471,426362837612375,1523833,0.5750652,256,265216,265471,265347,0
265727,426362838533250,1406083,0.57097002,256,265472,265727,265478,0
265983,426362839417333,1317958,0.58718128,256,265728,265983,265933,0
266239,426362840285125,1257208,0.61997599,256,265984,266239,266045,0
266495,426362841159625,1173166,0.59411462,256,266240,266495,266458,0
266751,426362842081250,1064375,0.63354144,256,266496,266751,266553,0
267007,426362842975958,973500,0.61077366,256,266752,267007,266792,0
267263,426362843788000,941541,0.59877957,256,267008,267263,267263,0
267519,426362844693541,845125,0.60738056,256,267264,267519,267316,0
267775,426362845551500,1601416,0.61848223,256,267520,267775,267567,0
268031,426362846394458,1910667,0.61213227,256,267776,268031,268026,0
268287,426362847296666,1831584,0.59928712,256,268032,268287,268032,0
268543,426362848232875,1714875,0.59319544,256,268288,268543,268469,0
268799,426362849124458,1645042,0.59242797,256,268544,268799,268764,0
269055,426362850000958,1588292,0.58565776,256,268800,269055,268869,0
269311,426362850851333,1591167,0.6337925,256,269056,269311,269185,0
269567,426362851709541,1575125,0.62627704,256,269312,269567,269375,0
269823,426362852619500,1474333,0.58328891,256,269568,269823,269794,0
270079,426362853520333,1399583,0.61252297,256,269824,270079,270042,0
270335,426362854370666,1394459,0.63678324,256,270080,270335,270318,0
270591,426362855220000,1375750,0.61420734,256,270336,270591,270414,0
270847,426362856120083,1315667,0.60904724,256,270592,270847,270774,0
271103,426362856997333,1257792,0.60613878,256,270848,271103,271059,0
271359,426362857887791,1167875,0.60333579,256,271104,271359,271168,0
271615,426362858791083,1124333,0.61424834,256,271360,271615,271517,0
271871,426362859663416,1079625,0.59625723,256,271616,271871,271789,0
272127,426362860576500,976916,0.61436095,256,271872,272127,272096,0
272383,426362861462500,934291,0.63025999,256,272128,272383,272376,0
272639,426362862324000,919041,0.66362755,256,272384,272639,272543,0
272895,426362863242333,834083,0.59566289,256,272640,272895,272887,0
273151,426362864108125,866208,0.62217051,256,272896,273151,272917,0
273407,426362864977500,1691916,0.64805175,256,273152,273407,273382,0
273663,426362865879375,1786458,0.60259417,256,273408,273663,273615,0
273919,426362866826541,1654959,0.62971467,256,273664,273919,273773,0
274175,426362867719750,1599375,0.6198063,256,273920,274175,273982,0
274431,426362868634500,1491416,0.59285803,256,274176,274431,274411,0
274687,426362869514416,1446125,0.62529003,256,274432,274687,274439,0
274943,426362870413333,1369667,0.62864922,256,274688,274943,274749,0
275199,426362871257416,1372084,0.62037311,256,274944,275199,275030,0
275455,426362872095458,1336958,0.5705806,256,275200,275455,275385,0
275711,426362873003416,1287792,0.63898438,256,275456,275711,275524,0
275967,426362873868208,1225875,0.60579449,256,275712,275967,275865,0
276223,426362874725000,1189458,0.59432828,256,275968,276223,276156,0
276479,426362875621333,1103125,0.56983826,256,276224,276479,276319,0
276735,426362876471375,1077833,0.57141594,256,276480,276735,276495,0
276991,426362877326291,1060000,0.59258233,256,276736,276991,276966,0
277247,426362878228625,986541,0.63939749,256,276992,277247,277044,0
277503,426362879153958,893708,0.63027226,256,277248,277503,277374,0
277759,426362880056541,1634459,0.58755874,256,277504,277759,277610,0
278015,426362880925166,1812084,0.62146377,256,277760,278015,277982,0
278271,426362881818291,1756209,0.60246461,256,278016,278271,278132,0
278527,426362882686666,1703084,0.59872554,256,278272,278527,278429,0
278783,426362883581166,1620500,0.59822397,256,278528,278783,278555,0
279039,426362884431375,1580333,0.60944565,256,278784,279039,278879,0
279295,426362885306541,1558292,0.61940373,256,279040,279295,279121,0
279551,426362886190250,1510250,0.64121584,256,279296,279551,279528,0
279807,426362887139791,1406167,0.63227465,256,279552,279807,279572,0
280063,426362888024750,1334083,0.59243858,256,279808,280063,280049,0
280319,426362888909041,1285375,0.63755647,256,280064,280319,280220,0
280575,426362889854750,1167083,0.62428661,256,280320,280575,280344,0
280831,426362890750875,1105291,0.6298314,256,280576,280831,280816,0
281087,426362891622083,1065917,0.59429438,256,280832,281087,280834,0
281343,426362892533666,989625,0.58800449,256,281088,281343,281254,0
281599,426362893427166,903875,0.58821582,256,281344,281599,281558,0
281855,426362894309625,845583,0.61040398,256,281600,281855,281805,0
282111,426362895089541,892417,0.6066355,256,281856,282111,282016,0
282367,426362895966791,845250,0.57977163,256,282112,282367,282353,0
282623,426362896914583,833542,0.65932005,256,282368,282623,282599,0
282879,426362897798250,828708,0.64431338,256,282624,282879,282638,0
283135,426362898651000,1723541,0.60274246,256,282880,283135,283133,0
283391,426362899539833,1807292,0.59988771,256,283136,283391,283364,0
283647,426362900431458,1769958,0.61212021,256,283392,283647,283568,0
283903,426362901343083,1708375,0.6686183,256,283648,283903,283692,0
284159,426362902245125,1627375,0.60951265,256,283904,284159,284032,0
284415,426362903140916,1605042,0.64193169,256,284160,284415,284347,0
284671,426362904044833,1528750,0.58499298,256,284416,284671,284588,0
284927,426362904909416,1496250,0.58175114,256,284672,284927,284783,0
285183,426362905745833,1478167,0.6016676,256,284928,285183,285064,0
285439,426362906632833,1428833,0.61858467,256,285184,285439,285336,0
285695,426362907544416,1378167,0.59487259,256,285440,285695,285695,0
285951,426362908436041,1325667,0.57453155,256,285696,285951,285774,0
286207,426362909345708,1228542,0.58325845,256,285952,286207,286087,0
286463,426362910204041,1200209,0.59289488,256,286208,286463,286448,0
286719,426362911112875,1126000,0.62981849,256,286464,286719,286568,0
286975,426362912046041,1032167,0.61250639,256,286720,286975,286967,0
287231,426362912911083,1065167,0.65859587,256,286976,287231,287048,0
287487,426362913787708,1021708,0.60433851,256,287232,287487,287327,0
287743,426362914647166,986209,0.60328128,256,287488,287743,287525,0
287999,426362915511125,966416,0.57827709,256,287744,287999,287900,0
288255,426362916390125,929833,0.6051523,256,288000,288255,288138,0
288511,426362917229250,963750,0.60298794,256,288256,288511,288341,0
288767,426362918137958,878708,0.59905662,256,288512,288767,288644,0
289023,426362919002333,876000,0.63687034,256,288768,289023,289020,0
289279,426362919880958,828458,0.64303692,256,289024,289279,289078,0
289535,426362920846583,829417,0.58952888,256,289280,289535,289516,0
289791,426362921675250,870083,0.61402743,256,289536,289791,289611,0
290047,426362922566708,866417,0.61915101,256,289792,290047,289963,0
290303,426362923418208,823042,0.59337317,256,290048,290303,290301,0
290559,426362924315000,862291,0.61467062,256,290304,290559,290317,0
290815,426362925177875,868916,0.5910827,256,290560,290815,290815,0
291071,426362926044416,855167,0.60441898,256,290816,291071,290906,0
291327,426362926975833,834500,0.61028263,256,291072,291327,291281,0
291583,426362927815125,866958,0.66421782,256,291328,291583,291410,0
291839,426362928685458,828958,0.64918656,256,291584,291839,291800,0
292095,426362929596083,827583,0.62763628,256,291840,292095,291924,0
292351,426362930516250,830375,0.59030164,256,292096,292351,292263,0
292607,426362931364208,1658708,0.65669599,256,292352,292607,292546,0
292863,426362932250875,1785333,0.63442299,256,292608,292863,292633,0
293119,426362933121458,1727958,0.62120374,256,292864,293119,293029,0
293375,426362934066333,1599542,0.60691563,256,293120,293375,293171,0
293631,426362934999583,1495417,0.60772612,256,293376,293631,293425,0
293887,426362935918916,1373792,0.57819875,256,293632,293887,293714,0
294143,426362936819666,1303667,0.62012724,256,293888,294143,293966,0
294399,426362937685750,1264625,0.62712254,256,294144,294399,294281,0
294655,426362938547750,1211916,0.59939127,256,294400,294655,294578,0
294911,426362939467458,1103500,0.58902533,256,294656,294911,294885,0
295167,426362940361333,1024542,0.62206653,256,294912,295167,294923,0
295423,426362941306583,960875,0.62414991,256,295168,295423,295367,0
295679,426362942205041,892042,0.62464416,256,295424,295679,295509,0
295935,426362943058416,882667,0.57558784,256,295680,295935,295683,0
296191,426362943890416,1629417,0.63017868,256,295936,296191,296085,0
296447,426362944773208,2327917,0.61242889,256,296192,296447,296400,0
296703,426362945677458,2989292,0.59227937,256,296448,296703,296660,0
296959,426362946564458,3695500,0.59442219,256,296704,296959,296912,0
297215,426362947517125,4316791,0.63125636,256,296960,297215,297204,0
297471,426362948458833,4498750,0.63925784,256,297216,297471,297231,0
297727,426362949381083,4381917,0.58870569,256,297472,297727,297567,0
297983,426362950267583,4312958,0.61103145,256,297728,297983,297792,0
298239,426362951170125,4225916,0.61090879,256,297984,298239,298079,0
298495,426362952079708,4130750,0.61692627,256,298240,298495,298449,0
298751,426362952997125,4030916,0.59929395,256,298496,298751,298638,0
299007,426362953821625,4015666,0.64087453,256,298752,299007,298872,0
299263,426362954646958,4008667,0.6315689,256,299008,299263,299100,0
299519,426362955534333,3916625,0.57421666,256,299264,299519,299302,0
299775,426362956426750,3873250,0.63829549,256,299520,299775,299582,0
300031,426362957284000,3854541,0.62853484,256,299776,300031,299785,0
300287,426362958161250,3815500,0.60530327,256,300032,300287,300165,0
300543,426362959085708,3716667,0.62263458,256,300288,300543,300529,0
300799,426362959955333,3682000,0.59656578,256,300544,300799,300663,0
301055,426362960884666,3585709,0.60779822,256,300800,301055,300800,0
301311,426362961789833,3486583,0.59317879,256,301056,301311,301154,0
301567,426362962728041,3376625,0.63330478,256,301312,301567,301378,0
301823,426362963577666,3378375,0.64410942,256,301568,301823,301775,0
302079,426362964463916,3320667,0.59444516,256,301824,302079,301939,0
302335,426362965327375,3280250,0.6023155,256,302080,302335,302198,0
302591,426362966227000,3222791,0.6196173,256,302336,302591,302563,0
302847,426362967065583,3243292,0.6397648,256,302592,302847,302632,0
303103,426362968007541,3129959,0.60877202,256,302848,303103,302968,0
303359,426362968900250,3067666,0.62750057,256,303104,303359,303340,0
303615,426362969798250,3015208,0.63772835,256,303360,303615,303564,0
303871,426362970711166,2970375,0.61225154,256,303616,303871,303693,0
304127,426362971676625,2854500,0.64164905,256,303872,304127,303983,0
304383,426362972592125,2778708,0.64319282,256,304128,304383,304236,0
304639,426362973397875,2807958,0.62274917,256,304384,304639,304562,0
304895,426362974244416,2814334,0.63325526,256,304640,304895,304770,0
305151,426362975070333,2811208,0.63732299,256,304896,305151,304909,0
305407,426362975949583,2776792,0.64122953,256,305152,305407,305392,0
305663,426362976858791,2691084,0.62660174,256,305408,305663,305570,0
305919,426362977734666,2680792,0.64987984,256,305664,305919,305685,0
306175,426362978662666,2585834,0.59472973,256,305920,306175,305983,0
306431,426362979537791,2566584,0.65296432,256,306176,306431,306301,0
306687,426362980462208,2472625,0.61340293,256,306432,306687,306526,0
306943,426362981343833,2410625,0.64018076,256,306688,306943,306720,0
307199,426362982290250,2312125,0.63829761,256,306944,307199,307086,0
307455,426362983168708,2248000,0.59043634,256,307200,307455,307340,0
307711,426362984045875,2219500,0.61976185,256,307456,307711,307469,0
307967,426362984990333,2139125,0.64076093,256,307712,307967,307886,0
308223,426362985892750,2083125,0.61442276,256,307968,308223,308215,0
308479,426362986768166,2052084,0.64467236,256,308224,308479,308411,0
308735,426362987707291,1962042,0.62364927,256,308480,308735,308705,0
308991,426362988568833,1960292,0.61673704,256,308736,308991,308920,0
309247,426362989480458,1931500,0.67610459,256,308992,309247,309061,0
309503,426362990329291,1922375,0.61156548,256,309248,309503,309322,0
309759,426362991196583,1944167,0.64185669,256,309504,309759,309531,0
310015,426362992081541,1901625,0.60819544,256,309760,310015,309835,0
310271,426362992964250,1867791,0.60853292,256,310016,310271,310172,0
310527,426362993897291,1793375,0.62492758,256,310272,310527,310455,0
310783,426362994730625,1824833,0.67894507,256,310528,310783,310670,0
311039,426362995611541,1787000,0.60293968,256,310784,311039,310874,0
311295,426362996455375,1825375,0.64961557,256,311040,311295,311141,0
311551,426362997421375,1713708,0.65605684,256,311296,311551,311445,0
311807,426362998308000,1684416,0.63862436,256,311552,311807,311769,0
312063,426362999152625,1701250,0.61520012,256,311808,312063,311924,0
312319,426362999992375,1772750,0.64809905,256,312064,312319,312177,0
312575,426363000872791,1740209,0.60094351,256,312320,312575,312345,0
312831,426363001727083,1727208,0.61548058,256,312576,312831,312614,0
313087,426363002595166,1723584,0.64472019,256,312832,313087,313083,0
313343,426363003524791,1652209,0.6103563,256,313088,313343,313170,0
313599,426363004406083,1628917,0.6762325,256,313344,313599,313542,0
313855,426363005285875,1595291,0.62823744,256,313600,313855,313626,0
314111,426363006150958,1569000,0.63039284,256,313856,314111,313973,0
314367,426363007074000,1486625,0.65093792,256,314112,314367,314183,0
314623,426363007865916,1542875,0.61951663,256,314368,314623,314506,0
314879,426363008799958,1439417,0.60176922,256,314624,314879,314706,0
315135,426363009628041,1433959,0.62239543,256,314880,315135,315087,0
315391,426363010560000,1351500,0.62346011,256,315136,315391,315153,0
315647,426363011380416,1396209,0.60631253,256,315392,315647,315412,0
315903,426363012231291,1408042,0.60674639,256,315648,315903,315743,0
316159,426363013094250,1377125,0.61005339,256,315904,316159,316139,0
316415,426363013997791,1303209,0.62176583,256,316160,316415,316319,0
316671,426363014896625,1290583,0.67761214,256,316416,316671,316606,0
316927,426363015779000,1222833,0.582646,256,316672,316927,316675,0
317183,426363016740500,1695791,0.63351258,256,316928,317183,316970,0
317439,426363017611208,2461208,0.6318691,256,317184,317439,317349,0
317695,426363018524416,3169459,0.60372303,256,317440,317695,317572,0
317951,426363019434083,3879667,0.5882785,256,317696,317951,317751,0
318207,426363020243250,4098083,0.59024759,256,317952,318207,318099,0
318463,426363021144833,4073458,0.6188372,256,318208,318463,318420,0
318719,426363022012708,4074625,0.68728591,256,318464,318719,318577,0
318975,426363022899875,4039166,0.61264445,256,318720,318975,318860,0
319231,426363023759500,4051708,0.61710258,256,318976,319231,319209,0
319487,426363024671000,3974750,0.60008443,256,319232,319487,319360,0
319743,426363025583583,3927375,0.6286582,256,319488,319743,319592,0
319999,426363026466791,3943625,0.6453923,256,319744,319999,319761,0
320255,426363027387625,3907208,0.61071043,256,320000,320255,320244,0
320511,426363028241666,3920334,0.6416423,256,320256,320511,320262,0
320767,426363029143250,3909500,0.63129476,256,320512,320767,320723,0
321023,426363029984250,3901125,0.64913662,256,320768,321023,321021,0
321279,426363030873833,3853875,0.59326676,256,321024,321279,321201,0
321535,426363031712166,3906542,0.64973736,256,321280,321535,321379,0
321791,426363032604666,3874250,0.61284035,256,321536,321791,321740,0
322047,426363033462625,3872416,0.60630711,256,321792,322047,322023,0
322303,426363034342750,3856500,0.64470687,256,322048,322303,322057,0
322559,426363035163750,3903833,0.65310893,256,322304,322559,322528,0
322815,426363036082333,3886917,0.68487594,256,322560,322815,322573,0
323071,426363036916791,3926167,0.62224034,256,322816,323071,323066,0
323327,426363037879875,3851875,0.63492915,256,323072,323327,323095,0
323583,426363038751500,3840583,0.64038003,256,323328,323583,323424,0
323839,426363039637583,3799000,0.60458498,256,323584,323839,323626,0
324095,426363040517000,3759125,0.61138184,256,323840,324095,323938,0
324351,426363041404750,3726500,0.59470801,256,324096,324351,324345,0
324607,426363042271041,3702875,0.62098797,256,324352,324607,324466,0
324863,426363043142583,3703125,0.62856775,256,324608,324863,324618,0
325119,426363044089875,3613708,0.6257972,256,324864,325119,325107,0
325375,426363044958833,3620917,0.64044553,256,325120,325375,325223,0
325631,426363045829125,3640666,0.62097953,256,325376,325631,325488,0
325887,426363046740291,3595667,0.61062979,256,325632,325887,325660,0
326143,426363047651958,3542292,0.60962017,256,325888,326143,326008,0
326399,426363048550541,3541875,0.61720247,256,326144,326399,326347,0
326655,426363049454708,3492125,0.64102501,256,326400,326655,326538,0
326911,426363050331375,3462625,0.58075952,256,326656,326911,326698,0
327167,426363051259041,3380000,0.59691529,256,326912,327167,327134,0
327423,426363052147583,3359083,0.6443855,256,327168,327423,327259,0
327679,426363053035583,3338958,0.65614144,256,327424,327679,327559,0
327935,426363053874125,3354333,0.61236989,256,327680,327935,327933,0
328191,426363054786958,3312667,0.6332931,256,327936,328191,328081,0
328447,426363055708541,3220084,0.58710934,256,328192,328447,328196,0
328703,426363056575958,3208958,0.61998326,256,328448,328703,328701,0
328959,426363057487708,3139167,0.59439807,256,328704,328959,328800,0
329215,426363058374666,3110375,0.65400459,256,328960,329215,329035,0
329471,426363059192583,3128708,0.5891788,256,329216,329471,329268,0
329727,426363060078875,3121958,0.6458288,256,329472,329727,329599,0
329983,426363060969833,3086667,0.59749237,256,329728,329983,329752,0
330239,426363061862291,3049917,0.61188899,256,329984,330239,330235,0
330495,426363062718541,3041125,0.66563199,256,330240,330495,330416,0
330751,426363063601458,3005708,0.61983034,256,330496,330751,330526,0
331007,426363064484166,2979167,0.61303204,256,330752,331007,330869,0
331263,426363065378958,2913500,0.60281846,256,331008,331263,331136,0
331519,426363066237000,2895875,0.59442221,256,331264,331519,331299,0
331775,426363067125458,2835458,0.59648675,256,331520,331775,331707,0
332031,426363068024500,2755125,0.61146871,256,331776,332031,332020,0
332287,426363068892708,2771125,0.65585927,256,332032,332287,332050,0
332543,426363069780375,2729166,0.63750405,256,332288,332543,332395,0
332799,426363070670000,2697333,0.65071636,256,332544,332799,332698,0
333055,426363071509708,2680917,0.59603534,256,332800,333055,332882,0
333311,426363072380291,2657000,0.61297029,256,333056,333311,333178,0
333567,426363073254833,2633875,0.62639294,256,333312,333567,333314,0
333823,426363074121125,2590916,0.61854913,256,333568,333823,333631,0
334079,426363074950166,2605084,0.6080745,256,333824,334079,333995,0
334335,426363075782958,5388667,0.63534921,256,334080,334335,334202,0
334591,426363076644166,4542375,0.61000586,256,334336,334591,334365,0
334847,426363077537708,3650000,0.59199943,256,334592,334847,334650,0
335103,426363079018583,2170208,0.62598071,256,334848,335103,334911,0
335359,426363080838541,1398667,0.62042115,256,335104,335359,335310,0
335615,426363080847625,2277083,0.6007891,256,335360,335615,335384,0
335871,426363081229375,2653625,0.60044824,256,335616,335871,335687,0
336127,426363081973666,2804167,0.62258164,256,335872,336127,336031,0
336383,426363082865416,2767959,0.61672773,256,336128,336383,336177,0
336639,426363083754916,2737292,0.63793373,256,336384,336639,336484,0
336895,426363084634750,2710916,0.65676825,256,336640,336895,336807,0
337151,426363085490875,2704041,0.65068601,256,336896,337151,337136,0
337407,426363086390083,2659583,0.65469798,256,337152,337407,337363,0
337663,426363087294958,2591333,0.63176897,256,337408,337663,337523,0
337919,426363088156583,2565000,0.61766377,256,337664,337919,337852,0
338175,426363089059333,2505500,0.59642016,256,337920,338175,338174,0
338431,426363089990291,2383875,0.58326041,256,338176,338431,338300,0
338687,426363090899375,2322541,0.66309834,256,338432,338687,338535,0
338943,426363091809375,2248208,0.61057383,256,338688,338943,338830,0
339199,426363092708500,2182666,0.60759245,256,338944,339199,339191,0
339455,426363093603041,2127834,0.65781552,256,339200,339455,339424,0
339711,426363094505166,2072042,0.63992472,256,339456,339711,339588,0
339967,426363095389041,2003042,0.59752637,256,339712,339967,339856,0
340223,426363096271041,1955084,0.60113956,256,339968,340223,340093,0
340479,426363097131875,1933583,0.62129579,256,340224,340479,340357,0
340735,426363098013541,1909334,0.62064396,256,340480,340735,340657,0
340991,426363098889000,1853791,0.60302827,256,340736,340991,340880,0
341247,426363099769125,1839833,0.60785975,256,340992,341247,341179,0
341503,426363100606250,1826333,0.61596974,256,341248,341503,341397,0
341759,426363101485875,1776000,0.57327156,256,341504,341759,341538,0
342015,426363102363333,1725750,0.62374666,256,341760,342015,341951,0
342271,426363103284250,1637916,0.6010083,256,342016,342271,342117,0
342527,426363104131166,1615500,0.58368317,256,342272,342527,342310,0
342783,426363105011625,1539708,0.58232311,256,342528,342783,342585,0
343039,426363105891166,1515459,0.6099363,256,342784,343039,342804,0
343295,426363106707083,1560625,0.61528807,256,343040,343295,343281,0
343551,426363107662000,1454791,0.60390786,256,343296,343551,343298,0
343807,426363108544291,1403042,0.60940541,256,343552,343807,343775,0
344063,426363109391291,1363334,0.65134198,256,343808,344063,343862,0
344319,426363110306958,1286542,0.62799196,256,344064,344319,344136,0
344575,426363111191208,1225833,0.64382915,256,344320,344575,344454,0
344831,426363112091708,1164958,0.61922696,256,344576,344831,344668,0
345087,426363112948791,1143959,0.59839023,256,344832,345087,345031,0
345343,426363113821458,1090417,0.62816033,256,345088,345343,345159,0
345599,426363114674416,1051125,0.64913908,256,345344,345599,345529,0
345855,426363115591875,959041,0.59932455,256,345600,345855,345820,0
346111,426363116558250,1740666,0.58963899,256,345856,346111,345982,0
346367,426363117386125,1901375,0.65642894,256,346112,346367,346328,0
346623,426363118236416,1894709,0.61479246,256,346368,346623,346554,0
346879,426363119133000,1808458,0.58687898,256,346624,346879,346724,0
347135,426363119973708,1789958,0.5812468,256,346880,347135,347029,0
347391,426363120881666,1696375,0.60889053,256,347136,347391,347192,0
347647,426363121739541,1705542,0.6789547,256,347392,347647,347564,0
347903,426363122597333,1647125,0.63423499,256,347648,347903,347770,0
348159,426363123409166,1678334,0.62730144,256,347904,348159,347963,0
348415,426363124271833,1627458,0.57515766,256,348160,348415,348396,0
348671,426363125167375,1569375,0.64256733,256,348416,348671,348558,0
348927,426363126067583,1511792,0.62837244,256,348672,348927,348738,0
349183,426363126991208,1451208,0.5982365,256,348928,349183,348934,0
349439,426363127829708,1423125,0.60359799,256,349184,349439,349210,0
349695,426363128713375,1362250,0.59659302,256,349440,349695,349648,0
349951,426363129592166,1306417,0.5994441,256,349696,349951,349925,0
350207,426363130519666,1198167,0.61424866,256,349952,350207,350051,0
350463,426363131369958,1180625,0.62930165,256,350208,350463,350343,0
350719,426363132245250,1151666,0.58270619,256,350464,350719,350654,0
350975,426363133086541,1129167,0.62488011,256,350720,350975,350957,0
351231,426363133997541,1048292,0.59512176,256,350976,351231,351101,0
351487,426363134866125,1017833,0.58236464,256,351232,351487,351396,0
351743,426363135677583,1035875,0.62010245,256,351488,351743,351578,0
351999,426363136627875,924958,0.61091659,256,351744,351999,351830,0
352255,426363137527208,841833,0.60658991,256,352000,352255,352213,0
352511,426363138453333,826208,0.61519844,256,352256,352511,352489,0
352767,426363139303375,1766458,0.59635555,256,352512,352767,352518,0
353023,426363140202375,1842541,0.61129457,256,352768,353023,353016,0
353279,426363141048125,1809666,0.56548277,256,353024,353279,353212,0
353535,426363141985125,1694833,0.60562089,256,353280,353535,353295,0
353791,426363142854791,1639167,0.600102,256,353536,353791,353607,0
354047,426363143710875,1627708,0.62713047,256,353792,354047,353836,0
354303,426363144662000,1519458,0.65692913,256,354048,354303,354263,0
354559,426363145482416,1523584,0.61805452,256,354304,354559,354465,0
354815,426363146356916,1452584,0.62261602,256,354560,354815,354803,0
355071,426363147288625,1332083,0.57629691,256,354816,355071,355030,0
355327,426363148182250,1259000,0.61549548,256,355072,355327,355236,0
355583,426363149037166,1226459,0.59535012,256,355328,355583,355536,0
355839,426363149943625,1148791,0.60383213,256,355584,355839,355690,0
356095,426363150861125,1043750,0.58227665,256,355840,356095,356062,0
356351,426363151719000,988958,0.59378722,256,356096,356351,356332,0
356607,426363152636083,891208,0.61128015,256,356352,356607,356591,0
356863,426363153481500,882750,0.62494963,256,356608,356863,356835,0
357119,426363154361125,842375,0.59723363,256,356864,357119,357044,0
357375,426363155219666,821584,0.58792185,256,357120,357375,357302,0
357631,426363156094583,839042,0.61263605,256,357376,357631,357590,0
357887,426363156972916,885500,0.61526841,256,357632,357887,357875,0
358143,426363157851458,821917,0.57622205,256,357888,358143,357946,0
358399,426363158743625,1687958,0.61289621,256,358144,358399,358324,0
358655,426363159658416,1820000,0.69292101,256,358400,358655,358558,0
358911,426363160502041,1794792,0.59693152,256,358656,358911,358667,0
359167,426363161415000,1711666,0.62245042,256,358912,359167,359046,0
359423,426363162340041,1581542,0.59387524,256,359168,359423,359402,0
359679,426363163198083,1530667,0.59891146,256,359424,359679,359472,0
359935,426363164151041,1391167,0.59958757,256,359680,359935,359897,0
360191,426363165055125,1283916,0.58000046,256,359936,360191,360050,0
360447,426363165986416,1153500,0.60133077,256,360192,360447,360289,0
360703,426363166822666,1152834,0.63295032,256,360448,360703,360666,0
360959,426363167734916,1050750,0.59501282,256,360704,360959,360790,0
361215,426363168610458,1008250,0.60153947,256,360960,361215,361002,0
361471,426363169505875,911958,0.59158211,256,361216,361471,361373,0
361727,426363170379666,882292,0.64671385,256,361472,361727,361544,0
361983,426363171283333,1647500,0.63386269,256,361728,361983,361875,0
362239,426363172187416,2047625,0.63145207,256,361984,362239,362172,0
362495,426363173081375,1972833,0.63753856,256,362240,362495,362260,0
362751,426363173993000,1877250,0.63687953,256,362496,362751,362655,0
363007,426363174846541,1839792,0.64143286,256,362752,363007,362978,0
363263,426363175752541,1738292,0.57706709,256,363008,363263,363164,0
363519,426363176663166,1629000,0.61257362,256,363264,363519,363429,0
363775,426363177549791,1520459,0.60967855,256,363520,363775,363686,0
364031,426363178444250,1450916,0.64639082,256,363776,364031,364021,0
364287,426363179263791,1460917,0.62269165,256,364032,364287,364092,0
364543,426363180120458,1392958,0.62883106,256,364288,364543,364431,0
364799,426363181010583,1292333,0.56860543,256,364544,364799,364630,0
365055,426363181882125,1246375,0.60762078,256,364800,365055,365012,0
365311,426363182755750,1165916,0.61130886,256,365056,365311,365189,0
365567,426363183650458,1076292,0.5750652,256,365312,365567,365347,0
365823,426363184561791,951292,0.58355571,256,365568,365823,365754,0
366079,426363185441583,883958,0.61997599,256,365824,366079,366045,0
366335,426363186300916,811042,0.60002854,256,366080,366335,366212,0
366591,426363187199250,863708,0.63354144,256,366336,366591,366553,0
366847,426363188114458,825333,0.61653147,256,366592,366847,366699,0
367103,426363188969125,838041,0.56357814,256,366848,367103,366908,0
367359,426363189808875,843500,0.60738056,256,367104,367359,367316,0
367615,426363190696333,1691542,0.61848223,256,367360,367615,367567,0
367871,426363191593416,1785459,0.5728344,256,367616,367871,367799,0
368127,426363192436583,1726958,0.61213227,256,367872,368127,368026,0
368383,426363193306458,1652625,0.59197516,256,368128,368383,368185,0
368639,426363194277458,1479958,0.59319544,256,368384,368639,368469,0
368895,426363195193875,1359250,0.59242797,256,368640,368895,368764,0
369151,426363196013791,1359125,0.60667735,256,368896,369151,369149,0
369407,426363196891708,1321375,0.6337925,256,369152,369407,369185,0
369663,426363197775916,1226084,0.57238294,256,369408,369663,369425,0
369919,426363198657458,1135875,0.59063498,256,369664,369919,369883,0
370175,426363199532166,1062584,0.61252297,256,369920,370175,370042,0
370431,426363200420708,1001667,0.63678324,256,370176,370431,370318,0
370687,426363201259041,966917,0.60276169,256,370432,370687,370445,0
370943,426363202175750,858083,0.60904724,256,370688,370943,370774,0
371199,426363203033833,825375,0.60613878,256,370944,371199,371059,0
371455,426363203906166,1609417,0.59180814,256,371200,371455,371400,0
371711,426363204807541,1772167,0.61424834,256,371456,371711,371517,0
371967,426363205726875,1629041,0.59625723,256,371712,371967,371789,0
372223,426363206615500,1529500,0.61436095,256,371968,372223,372096,0
372479,426363207486458,1490792,0.63025999,256,372224,372479,372376,0
372735,426363208409208,1380000,0.66362755,256,372480,372735,372543,0
372991,426363209279666,1349459,0.62217051,256,372736,372991,372917,0
373247,426363210152958,1298208,0.61708042,256,372992,373247,373174,0
373503,426363211035583,1230750,0.64805175,256,373248,373503,373382,0
373759,426363211934833,1134750,0.60259417,256,373504,373759,373615,0
374015,426363212879291,1012375,0.62971467,256,373760,374015,373773,0
374271,426363213776083,896125,0.58066036,256,374016,374271,374261,0
374527,426363214660041,835500,0.62529003,256,374272,374527,374439,0
374783,426363215508625,1608500,0.62864922,256,374528,374783,374749,0
375039,426363216428583,1718875,0.62037311,256,374784,375039,375030,0
375295,426363217277750,1656291,0.60885206,256,375040,375295,375108,0
375551,426363218146541,1598417,0.63898438,256,375296,375551,375524,0
375807,426363219030750,1526291,0.6292772,256,375552,375807,375553,0
376063,426363219901666,1447250,0.60579449,256,375808,376063,375865,0
376319,426363220778541,1368250,0.59432828,256,376064,376319,376156,0
376575,426363221642125,1289000,0.57141594,256,376320,376575,376495,0
376831,426363222510666,1214000,0.58731305,256,376576,376831,376756,0
377087,426363223354958,1203375,0.63939749,256,376832,377087,377044,0
377343,426363224289958,1072708,0.58810538,256,377088,377343,377125,0
377599,426363225213375,952708,0.63027226,256,377344,377599,377374,0
377855,426363226068708,903625,0.58755874,256,377600,377855,377610,0
378111,426363226957875,844500,0.62146377,256,377856,378111,377982,0
378367,426363227840916,860417,0.60246461,256,378112,378367,378132,0
378623,426363228756041,833417,0.59872554,256,378368,378623,378429,0
378879,426363229597291,807792,0.60944565,256,378624,378879,378879,0
379135,426363230492750,865750,0.61940373,256,378880,379135,379121,0
379391,426363231345125,863333,0.61862896,256,379136,379391,379321,0
379647,426363232223666,838542,0.64121584,256,379392,379647,379528,0
379903,426363233168833,868250,0.60850876,256,379648,379903,379793,0
380159,426363234061625,829500,0.59243858,256,379904,380159,380049,0
380415,426363234978250,858083,0.63755647,256,380160,380415,380220,0
380671,426363235899750,837875,0.60332944,256,380416,380671,380530,0
380927,426363236765583,873167,0.6298314,256,380672,380927,380816,0
381183,426363237703541,814459,0.5681895,256,380928,381183,381068,0
381439,426363238583041,805500,0.58800449,256,381184,381439,381254,0
381695,426363239462000,809875,0.58821582,256,381440,381695,381558,0
381951,426363240300125,832250,0.61040398,256,381696,381951,381805,0
382207,426363241134208,842667,0.6066355,256,381952,382207,382016,0
382463,426363242049791,818125,0.57977163,256,382208,382463,382353,0
382719,426363242926458,843125,0.65932005,256,382464,382719,382599,0
382975,426363243802791,821375,0.59602317,256,382720,382975,382964,0
383231,426363244699541,857917,0.60274246,256,382976,383231,383133,0
383487,426363245578708,811917,0.59988771,256,383232,383487,383364,0
383743,426363246465458,886500,0.6686183,256,383488,383743,383692,0
383999,426363247386625,836000,0.58048925,256,383744,383999,383772,0
384255,426363248311708,1049750,0.61662286,256,384000,384255,384199,0
384511,426363249178250,1010375,0.64193169,256,384256,384511,384347,0
384767,426363250062083,930708,0.58499298,256,384512,384767,384588,0
385023,426363250932958,866625,0.58960647,256,384768,385023,384954,0
385279,426363251773666,821917,0.6016676,256,385024,385279,385064,0
385535,426363252690875,861666,0.61858467,256,385280,385535,385336,0
385791,426363253590833,1249333,0.59487259,256,385536,385791,385695,0
386047,426363254503166,1294000,0.58018432,256,385792,386047,386035,0
386303,426363255383416,1206167,0.58325845,256,386048,386303,386087,0
386559,426363256222875,1183708,0.59289488,256,386304,386559,386448,0
386815,426363257184166,1038792,0.62981849,256,386560,386815,386568,0
387071,426363258044541,1037250,0.65859587,256,386816,387071,387048,0
387327,426363258976041,928375,0.60778999,256,387072,387327,387141,0
387583,426363259848583,876875,0.60367651,256,387328,387583,387363,0
387839,426363260679500,850375,0.58603592,256,387584,387839,387736,0
388095,426363261528916,999500,0.58117719,256,387840,388095,388034,0
388351,426363262399916,978917,0.6051523,256,388096,388351,388138,0
388607,426363263297958,921875,0.60204624,256,388352,388607,388401,0
388863,426363264183458,884292,0.60905626,256,388608,388863,388837,0
389119,426363265009625,1148208,0.64303692,256,388864,389119,389078,0
389375,426363265916000,1231250,0.60143652,256,389120,389375,389228,0
389631,426363266883958,1063292,0.61402743,256,389376,389631,389611,0
389887,426363267712875,1073166,0.59535371,256,389632,389887,389827,0
390143,426363268604208,1009792,0.61915101,256,389888,390143,389963,0
390399,426363269474916,971417,0.61467062,256,390144,390399,390317,0
390655,426363270312833,952542,0.59832341,256,390400,390655,390499,0
390911,426363271215625,878750,0.60441898,256,390656,390911,390906,0
391167,426363272093583,834000,0.60027493,256,390912,391167,391111,0
391423,426363272981708,1645542,0.66421782,256,391168,391423,391410,0
391679,426363273851250,2269666,0.61290356,256,391424,391679,391574,0
391935,426363274730916,2212250,0.64918656,256,391680,391935,391800,0
392191,426363275662583,2088292,0.59092323,256,391936,392191,392037,0
392447,426363276548750,2018208,0.59101226,256,392192,392447,392425,0
392703,426363277414583,2024792,0.65669599,256,392448,392703,392546,0
392959,426363278311583,1937500,0.59736265,256,392704,392959,392835,0
393215,426363279203583,1856583,0.62120374,256,392960,393215,393029,0
393471,426363280148541,1736209,0.60772612,256,393216,393471,393425,0
393727,426363281042958,1666250,0.60193256,256,393472,393727,393481,0
393983,426363281951166,1568917,0.62012724,256,393728,393983,393966,0
394239,426363282857083,1482750,0.59574194,256,393984,394239,394049,0
394495,426363283726958,1449250,0.62712254,256,394240,394495,394281,0
394751,426363284611500,1368958,0.59939127,256,394496,394751,394578,0
395007,426363285499250,1301416,0.62206653,256,394752,395007,394923,0
395263,426363286415708,1232167,0.62019624,256,395008,395263,395197,0
395519,426363287360750,1115375,0.62464416,256,395264,395519,395509,0
395775,426363288255375,1050166,0.62092215,256,395520,395775,395542,0
396031,426363289071416,1017417,0.59613018,256,395776,396031,396021,0
396287,426363289920666,960459,0.63017868,256,396032,396287,396085,0
396543,426363290797875,879125,0.61242889,256,396288,396543,396400,0
396799,426363291729625,828208,0.59227937,256,396544,396799,396660,0
397055,426363292624083,834417,0.59442219,256,396800,397055,396912,0
397311,426363293590666,1671417,0.63925784,256,397056,397311,397231,0
397567,426363294538583,1730625,0.61598194,256,397312,397567,397317,0
397823,426363295454083,1641667,0.61103145,256,397568,397823,397792,0
398079,426363296322500,1598833,0.61090879,256,397824,398079,398079,0
398335,426363297234791,1530125,0.59589135,256,398080,398335,398153,0
398591,426363298127166,1467959,0.61692627,256,398336,398591,398449,0
398847,426363299002166,1431584,0.59929395,256,398592,398847,398638,0
399103,426363299859375,3887208,0.64087453,256,398848,399103,398872,0
399359,426363301290833,3511958,0.5872921,256,399104,399359,399189,0
399615,426363303819916,1836584,0.63829549,256,399360,399615,399582,0
399871,426363303829083,2660792,0.62853484,256,399616,399871,399785,0
400127,426363304278375,3088250,0.60755528,256,399872,400127,399992,0
400383,426363305211416,3012959,0.60530327,256,400128,400383,400165,0
400639,426363306059083,3017667,0.62263458,256,400384,400639,400529,0
400895,426363306983625,2942916,0.60779822,256,400640,400895,400800,0
401151,426363307914125,2858041,0.60230919,256,400896,401151,400956,0
401407,426363308809791,2798667,0.63330478,256,401152,401407,401378,0
401663,426363309747875,2716375,0.63263105,256,401408,401663,401595,0
401919,426363310562291,2759875,0.64410942,256,401664,401919,401775,0
402175,426363311472916,2704125,0.59992807,256,401920,402175,402083,0
402431,426363312327083,2680125,0.6023155,256,402176,402431,402198,0
402687,426363313230708,2676583,0.6397648,256,402432,402687,402632,0
402943,426363314109833,2646833,0.63364895,256,402688,402943,402719,0
403199,426363315011208,2602542,0.60877202,256,402944,403199,402968,0
403455,426363315886916,2579334,0.62750057,256,403200,403455,403340,0
403711,426363316801500,2582208,0.63772835,256,403456,403711,403564,0
403967,426363317747791,2491000,0.60141272,256,403712,403967,403780,0
404223,426363318683708,2441417,0.64164905,256,403968,404223,403983,0
404479,426363319580500,2402750,0.64319282,256,404224,404479,404236,0
404735,426363320404416,2431750,0.62274917,256,404480,404735,404562,0
404991,426363321240083,2465917,0.63732299,256,404736,404991,404909,0
405247,426363322068958,2494042,0.574203,256,404992,405247,405132,0
405503,426363322941125,2486791,0.64122953,256,405248,405503,405392,0
405759,426363323862000,2434000,0.64987984,256,405504,405759,405685,0
406015,426363324772083,2432000,0.60605493,256,405760,406015,405837,0
406271,426363325646166,2392750,0.60210979,256,406016,406271,406218,0
406527,426363326585583,2318500,0.65296432,256,406272,406527,406301,0
406783,426363327465166,2285917,0.64018076,256,406528,406783,406720,0
407039,426363328381041,2230042,0.62623433,256,406784,407039,406952,0
407295,426363329297041,2159334,0.63829761,256,407040,407295,407086,0
407551,426363330182708,2134042,0.61976185,256,407296,407551,407469,0
407807,426363331083541,2106959,0.60970642,256,407552,407807,407806,0
408063,426363332016583,2065042,0.64076093,256,407808,408063,407886,0
408319,426363332929375,2014541,0.61442276,256,408064,408319,408215,0
408575,426363333849291,1975709,0.64467236,256,408320,408575,408411,0
408831,426363334688583,2025917,0.62364927,256,408576,408831,408705,0
409087,426363335586041,2004375,0.67610459,256,408832,409087,409061,0
409343,426363336460333,2016125,0.62245495,256,409088,409343,409092,0
409599,426363337346083,2027042,0.64185669,256,409344,409599,409531,0
409855,426363338171791,2052959,0.60819544,256,409600,409855,409835,0
410111,426363339076291,2012375,0.58116441,256,409856,410111,410078,0
410367,426363340024541,1941959,0.60853292,256,410112,410367,410172,0
410623,426363340889625,1964250,0.62492758,256,410368,410623,410455,0
410879,426363341721125,2019625,0.67894507,256,410624,410879,410670,0
411135,426363342623458,1998458,0.62888831,256,410880,411135,411130,0
411391,426363343528375,1982291,0.64961557,256,411136,411391,411141,0
411647,426363344419291,1956292,0.65605684,256,411392,411647,411445,0
411903,426363345297833,1964125,0.63862436,256,411648,411903,411769,0
412159,426363346132250,2046208,0.64265163,256,411904,412159,412100,0
412415,426363347005083,2070792,0.64809905,256,412160,412415,412177,0
412671,426363347877750,2066666,0.61548058,256,412416,412671,412614,0
412927,426363348722208,2097167,0.59944774,256,412672,412927,412746,0
413183,426363349603166,2092292,0.64472019,256,412928,413183,413083,0
413439,426363350527541,2038834,0.59469784,256,413184,413439,413212,0
413695,426363351409791,2059334,0.6762325,256,413440,413695,413542,0
413951,426363352282208,2045542,0.59521602,256,413696,413951,413768,0
414207,426363353173875,2026125,0.65093792,256,413952,414207,414183,0
414463,426363354036708,2014167,0.58754861,256,414208,414463,414257,0
414719,426363354883625,2032250,0.61951663,256,414464,414719,414506,0
414975,426363355760583,2003375,0.59019091,256,414720,414975,414762,0
415231,426363356640250,1988500,0.62346011,256,414976,415231,415153,0
415487,426363357570250,1924583,0.62318861,256,415232,415487,415354,0
415743,426363358366291,2035125,0.60674639,256,415488,415743,415743,0
415999,426363359245000,2019250,0.57661574,256,415744,415999,415755,0
416255,426363360101958,2025667,0.61005339,256,416000,416255,416139,0
416511,426363361029208,1952667,0.62176583,256,416256,416511,416319,0
416767,426363361919625,1964083,0.67761214,256,416512,416767,416606,0
417023,426363362807500,1921875,0.63351258,256,416768,417023,416970,0
417279,426363363740500,1851500,0.5999705,256,417024,417279,417040,0
417535,426363364639125,1884416,0.6318691,256,417280,417535,417349,0
417791,426363365566458,1802417,0.60372303,256,417536,417791,417572,0
418047,426363366409458,1789083,0.58486997,256,417792,418047,417928,0
418303,426363367271041,1778334,0.59024759,256,418048,418303,418099,0
418559,426363368150041,1757042,0.62271564,256,418304,418559,418538,0
418815,426363369011541,1753917,0.68728591,256,418560,418815,418577,0
419071,426363369919333,1704250,0.61264445,256,418816,419071,418860,0
419327,426363370762583,1730083,0.61710258,256,419072,419327,419209,0
419583,426363371701250,1629458,0.60008443,256,419328,419583,419360,0
419839,426363372555083,1659625,0.6453923,256,419584,419839,419761,0
420095,426363373498250,1602458,0.63490297,256,419840,420095,419931,0
420351,426363374388250,1610750,0.6416423,256,420096,420351,420262,0
420607,426363375273583,1560417,0.60697028,256,420352,420607,420435,0
420863,426363376129375,1607708,0.63129476,256,420608,420863,420723,0
421119,426363376974958,1600292,0.64913662,256,420864,421119,421021,0
421375,426363377878208,1561667,0.6158969,256,421120,421375,421374,0
421631,426363378765875,1554333,0.64973736,256,421376,421631,421379,0
421887,426363379592958,1569917,0.61284035,256,421632,421887,421740,0
422143,426363380454500,1574875,0.64470687,256,421888,422143,422057,0
422399,426363381350416,1541792,0.59847605,256,422144,422399,422228,0
422655,426363382211458,1590583,0.68487594,256,422400,422655,422573,0
422911,426363383059083,1599375,0.60635518,256,422656,422911,422827,0
423167,426363383970000,1583791,0.63492915,256,422912,423167,423095,0
423423,426363384879041,1530500,0.61175058,256,423168,423423,423423,0
423679,426363385773166,1504125,0.64038003,256,423424,423679,423424,0
423935,426363386663250,1456625,0.59896902,256,423680,423935,423733,0
424191,426363387545416,1412084,0.61138184,256,423936,424191,423938,0
424447,426363388398416,1420375,0.59470801,256,424192,424447,424345,0
424703,426363389279875,1384583,0.62856775,256,424448,424703,424618,0
424959,426363390167083,1359625,0.61344227,256,424704,424959,424746,0
425215,426363391096625,1315750,0.6257972,256,424960,425215,425107,0
425471,426363391988333,1291292,0.64044553,256,425216,425471,425223,0
425727,426363392849166,1313959,0.62097953,256,425472,425727,425488,0
425983,426363393738166,1277000,0.60027526,256,425728,425983,425892,0
426239,426363394678708,1220083,0.60962017,256,425984,426239,426008,0
426495,426363395553208,1231375,0.61720247,256,426240,426495,426347,0
426751,426363396452416,1187584,0.64102501,256,426496,426751,426538,0
427007,426363397354958,1141167,0.58298577,256,426752,427007,426939,0
427263,426363398283583,1071375,0.6443855,256,427008,427263,427259,0
427519,426363399161125,1058250,0.63127731,256,427264,427519,427391,0
427775,426363400026625,1051500,0.65614144,256,427520,427775,427559,0
428031,426363400898083,1042917,0.61236989,256,427776,428031,427933,0
428287,426363401827000,968375,0.6332931,256,428032,428287,428081,0
428543,426363402733958,918167,0.60331849,256,428288,428543,428493,0
428799,426363403604000,887125,0.61998326,256,428544,428799,428701,0
429055,426363404514750,1696583,0.65400459,256,428800,429055,429035,0
429311,426363405345375,1896083,0.64175703,256,429056,429311,429059,0
429567,426363406217166,1879459,0.59429185,256,429312,429567,429521,0
429823,426363407095291,1867667,0.6458288,256,429568,429823,429599,0
430079,426363408024375,1797375,0.597402,256,429824,430079,430061,0
430335,426363408871750,1793500,0.61188899,256,430080,430335,430235,0
430591,426363409723416,1797417,0.66563199,256,430336,430591,430416,0
430847,426363410651208,1710958,0.61237411,256,430592,430847,430771,0
431103,426363411499083,1699542,0.61303204,256,430848,431103,430869,0
431359,426363412401291,1645167,0.60281846,256,431104,431359,431136,0
431615,426363413219916,1656667,0.58536498,256,431360,431615,431373,0
431871,426363414139291,1562667,0.59648675,256,431616,431871,431707,0
432127,426363415061083,1516750,0.65585927,256,431872,432127,432050,0
432383,426363415897958,2116625,0.63461657,256,432128,432383,432128,0
432639,426363416826875,2785791,0.63750405,256,432384,432639,432395,0
432895,426363417658500,3538541,0.65071636,256,432640,432895,432698,0
433151,426363418541625,4243208,0.59208117,256,432896,433151,432907,0
433407,426363419398083,4975625,0.62639294,256,433152,433407,433314,0
433663,426363420297291,5677959,0.61854913,256,433408,433663,433631,0
433919,426363421111833,6009583,0.59637254,256,433664,433919,433899,0
434175,426363421932375,6038083,0.6080745,256,433920,434175,433995,0
434431,426363422780333,6075292,0.63534921,256,434176,434431,434202,0
434687,426363423654666,6050709,0.59496119,256,434432,434687,434459,0
434943,426363424522625,6024583,0.62598071,256,434688,434943,434911,0
435199,426363425392250,5997958,0.60876253,256,434944,435199,435063,0
435455,426363426342416,5859709,0.62042115,256,435200,435455,435310,0
435711,426363427242000,5798208,0.60044824,256,435456,435711,435687,0
435967,426363428076333,5801875,0.60120333,256,435712,435967,435916,0
436223,426363428989583,5773250,0.62258164,256,435968,436223,436031,0
436479,426363429860708,5742333,0.59365453,256,436224,436479,436474,0
436735,426363430766250,5706958,0.63793373,256,436480,436735,436484,0
436991,426363431630375,5667750,0.65676825,256,436736,436991,436807,0
437247,426363432497250,5658208,0.65068601,256,436992,437247,437136,0
437503,426363433411416,5584000,0.65469798,256,437248,437503,437363,0
437759,426363434301541,5534417,0.63176897,256,437504,437759,437523,0
438015,426363435187750,5488500,0.61766377,256,437760,438015,437852,0
438271,426363436111208,5390458,0.59642016,256,438016,438271,438174,0
438527,426363437018000,5308666,0.59249444,256,438272,438527,438446,0
438783,426363437911250,5243375,0.66309834,256,438528,438783,438535,0
439039,426363438865083,5278375,0.61057383,256,438784,439039,438830,0
439295,426363439714875,6039208,0.60759245,256,439040,439295,439191,0
439551,426363440614791,6749167,0.65781552,256,439296,439551,439424,0
439807,426363441546291,7422667,0.63992472,256,439552,439807,439588,0
440063,426363442434750,8145708,0.59752637,256,439808,440063,439856,0
440319,426363443272458,8900250,0.60113956,256,440064,440319,440093,0
440575,426363444139041,9645750,0.62129579,256,440320,440575,440357,0
440831,426363445041625,9690625,0.62064396,256,440576,440831,440657,0
441087,426363445883791,9658709,0.60302827,256,440832,441087,440880,0
441343,426363446746583,9668708,0.60785975,256,441088,441343,441179,0
441599,426363447609500,9629041,0.61596974,256,441344,441599,441397,0
441855,426363448539083,9526833,0.56519687,256,441600,441855,441775,0
442111,426363449359916,9543334,0.62374666,256,441856,442111,441951,0
442367,426363450290791,9442959,0.6010083,256,442112,442367,442117,0
442623,426363451147666,9396584,0.58232311,256,442368,442623,442585,0
442879,426363452039958,9350583,0.6099363,256,442624,442879,442804,0
443135,426363452862541,9352834,0.60861314,256,442880,443135,442938,0
443391,426363453770583,9307333,0.61528807,256,443136,443391,443281,0
443647,426363454690458,9241250,0.60228561,256,443392,443647,443523,0
443903,426363455563541,9193000,0.65134198,256,443648,443903,443862,0
444159,426363456424541,9150959,0.62799196,256,443904,444159,444136,0
444415,426363457294875,9109250,0.58681251,256,444160,444415,444411,0
444671,426363458179375,9064125,0.64382915,256,444416,444671,444454,0
444927,426363459105958,8962875,0.60329803,256,444672,444927,444799,0
445183,426363459961750,8933916,0.62816033,256,444928,445183,445159,0
445439,426363460825666,8880750,0.57488227,256,445184,445439,445390,0
445695,426363461689875,8838875,0.64913908,256,445440,445695,445529,0
445951,426363462631125,8708083,0.59932455,256,445696,445951,445820,0
446207,426363463564875,8606791,0.60932984,256,445952,446207,446129,0
446463,426363464389875,8621375,0.65642894,256,446208,446463,446328,0
446719,426363465255583,8590875,0.61479246,256,446464,446719,446554,0
446975,426363466131875,8528208,0.58687898,256,446720,446975,446724,0
447231,426363466992458,8504667,0.60889053,256,446976,447231,447192,0
447487,426363467858791,8452667,0.60937281,256,447232,447487,447410,0
447743,426363468756458,8410250,0.6789547,256,447488,447743,447564,0
447999,426363469585625,8433416,0.63423499,256,447744,447999,447770,0
448255,426363470406958,8393958,0.60328595,256,448000,448255,448068,0
448511,426363471273875,8340125,0.57515766,256,448256,448511,448396,0
448767,426363472194000,8247125,0.64256733,256,448512,448767,448558,0
449023,426363473122833,8181583,0.6161321,256,448768,449023,448819,0
449279,426363473982541,8149125,0.60359799,256,449024,449279,449210,0
449535,426363474837333,8121083,0.56479901,256,449280,449535,449293,0
449791,426363475717750,8075416,0.59659302,256,449536,449791,449648,0
450047,426363476662333,7930250,0.5994441,256,449792,450047,449925,0
450303,426363477564833,7849208,0.61688379,256,450048,450303,450288,0
450559,426363478361333,7884167,0.62930165,256,450304,450559,450343,0
450815,426363479235791,7846917,0.58270619,256,450560,450815,450654,0
451071,426363480075166,7841834,0.62488011,256,450816,451071,450957,0
451327,426363480987416,7753417,0.59512176,256,451072,451327,451101,0
451583,426363481848208,7752958,0.62010245,256,451328,451583,451578,0
451839,426363482725291,7689167,0.61426755,256,451584,451839,451636,0
452095,426363483646125,7603458,0.59584126,256,451840,452095,452094,0
452351,426363484544583,7516833,0.60658991,256,452096,452351,452213,0
452607,426363485476708,7409917,0.61519844,256,452352,452607,452489,0
452863,426363486325125,7385625,0.59425728,256,452608,452863,452738,0
453119,426363487208291,7340584,0.61129457,256,452864,453119,453016,0
453375,426363488102625,7265875,0.60562089,256,453120,453375,453295,0
453631,426363488980791,7201750,0.60377393,256,453376,453631,453520,0
453887,426363489849375,7187125,0.62713047,256,453632,453887,453836,0
454143,426363490760208,7121292,0.6093607,256,453888,454143,453945,0
454399,426363491644791,7047792,0.65692913,256,454144,454399,454263,0
454655,426363492471541,7040500,0.61805452,256,454400,454655,454465,0
454911,426363493389125,6924833,0.62261602,256,454656,454911,454803,0
455167,426363494301208,6839917,0.58066394,256,454912,455167,455121,0
455423,426363495200916,6756125,0.61549548,256,455168,455423,455236,0
455679,426363496042750,6757625,0.59535012,256,455424,455679,455536,0
455935,426363496967583,6635250,0.60383213,256,455680,455935,455690,0
456191,426363497879000,6530166,0.58227665,256,455936,456191,456062,0
456447,426363498737583,6495417,0.59378722,256,456192,456447,456332,0
456703,426363499630250,6422291,0.61128015,256,456448,456703,456591,0
456959,426363500509458,6373208,0.62494963,256,456704,456959,456835,0
457215,426363501367875,6324625,0.59723363,256,456960,457215,457044,0
457471,426363502238625,6289041,0.58792185,256,457216,457471,457302,0
457727,426363503111083,6248500,0.61263605,256,457472,457727,457590,0
457983,426363503986875,6211625,0.61526841,256,457728,457983,457875,0
458239,426363504887083,6115833,0.55352931,256,457984,458239,458071,0
458495,426363505756250,6122208,0.61289621,256,458240,458495,458324,0
458751,426363506637875,6111083,0.69292101,256,458496,458751,458558,0
459007,426363507585708,5999792,0.59034389,256,458752,459007,458883,0
459263,426363508401583,6015667,0.62245042,256,459008,459263,459046,0
459519,426363509316500,5940125,0.59891146,256,459264,459519,459472,0
459775,426363510224458,5847250,0.59348389,256,459520,459775,459762,0
460031,426363511198416,5707042,0.59958757,256,459776,460031,459897,0
460287,426363512087250,5624000,0.58000046,256,460032,460287,460050,0
460543,426363512948333,5582292,0.60133077,256,460288,460543,460289,0
460799,426363513845458,5540708,0.63295032,256,460544,460799,460666,0
461055,426363514755291,5478042,0.60153947,256,460800,461055,461002,0
461311,426363515638166,5431625,0.58873099,256,461056,461311,461211,0
461567,426363516518166,5372417,0.64671385,256,461312,461567,461544,0
461823,426363517394958,5340750,0.6293775,256,461568,461823,461653,0
462079,426363518294166,5313750,0.63386269,256,461824,462079,461875,0
462335,426363519201125,5250916,0.63753856,256,462080,462335,462260,0
462591,426363520117416,5161584,0.60317511,256,462336,462591,462566,0
462847,426363521004541,5119750,0.63687953,256,462592,462847,462655,0
463103,426363521865541,5086667,0.64143286,256,462848,463103,462978,0
463359,426363522752666,5030959,0.57790313,256,463104,463359,463300,0
463615,426363523671833,4922333,0.61257362,256,463360,463615,463429,0
463871,426363524590958,4809250,0.60967855,256,463616,463871,463686,0
464127,426363525409875,4832916,0.64639082,256,463872,464127,464021,0
464383,426363526293125,4793375,0.61697158,256,464128,464383,464155,0
464639,426363527131875,4764916,0.62883106,256,464384,464639,464431,0
464895,426363528019666,4697792,0.56710189,256,464640,464895,464642,0
465151,426363528924583,4611375,0.60762078,256,464896,465151,465012,0
465407,426363529776125,4601083,0.61130886,256,465152,465407,465189,0
465663,426363530683458,5090875,0.57097002,256,465408,465663,465478,0
465919,426363531592625,5761541,0.58355571,256,465664,465919,465754,0
466175,426363532441916,6514792,0.61997599,256,465920,466175,466045,0
466431,426363533313708,7221458,0.60002854,256,466176,466431,466212,0
466687,426363534220833,7896000,0.63354144,256,466432,466687,466553,0
466943,426363535134333,8369708,0.61653147,256,466688,466943,466699,0
467199,426363535970333,8340792,0.5885259,256,466944,467199,467159,0
467455,426363536841916,8294834,0.60738056,256,467200,467455,467316,0
467711,426363537689541,8265250,0.61848223,256,467456,467711,467567,0
467967,426363538568083,8204208,0.5728344,256,467712,467967,467799,0
468223,426363539445125,8155083,0.61213227,256,467968,468223,468026,0
468479,426363540380750,8027625,0.59319544,256,468224,468479,468469,0
468735,426363541297625,7920916,0.57637225,256,468480,468735,468566,0
468991,426363542189166,7857084,0.59242797,256,468736,468991,468764,0
469247,426363543008208,7876500,0.6337925,256,468992,469247,469185,0
469503,426363543886000,7846333,0.62627704,256,469248,469503,469375,0
469759,426363544793291,7748625,0.57674917,256,469504,469759,469699,0
470015,426363545685166,7682959,0.59063498,256,469760,470015,469883,0
470271,426363546554583,7640708,0.61252297,256,470016,470271,470042,0
470527,426363547399625,7637708,0.63678324,256,470272,470527,470318,0
470783,426363548261250,7605916,0.60904724,256,470528,470783,470774,0
471039,426363549183125,7512375,0.60540203,256,470784,471039,470956,0
471295,426363550050416,7452750,0.60613878,256,471040,471295,471059,0
471551,426363550924416,7408959,0.61424834,256,471296,471551,471517,0
471807,426363551846125,7333250,0.59625723,256,471552,471807,471789,0
472063,426363552751583,7243208,0.60373505,256,471808,472063,472002,0
472319,426363553665708,7156417,0.61460563,256,472064,472319,472272,0
472575,426363554493083,7175000,0.66362755,256,472320,472575,472543,0
472831,426363555413958,7073958,0.59350308,256,472576,472831,472806,0
473087,426363556281083,7058375,0.62217051,256,472832,473087,472917,0
473343,426363557143500,7047041,0.61708042,256,473088,473343,473174,0
473599,426363558043958,6991292,0.64805175,256,473344,473599,473382,0
473855,426363558974625,6877250,0.62971467,256,473600,473855,473773,0
474111,426363559886125,6811541,0.6198063,256,473856,474111,473982,0
474367,426363560784250,6735666,0.58066036,256,474112,474367,474261,0
474623,426363561696041,6630792,0.62529003,256,474368,474623,474439,0
474879,426363562550458,6601375,0.62864922,256,474624,474879,474749,0
475135,426363563440125,6590958,0.62037311,256,474880,475135,475030,0
475391,426363564257791,6542584,0.5705806,256,475136,475391,475385,0
475647,426363565171958,6483750,0.63898438,256,475392,475647,475524,0
475903,426363566034041,6425875,0.60579449,256,475648,475903,475865,0
476159,426363566900375,6372416,0.59432828,256,475904,476159,476156,0
476415,426363567772291,6320375,0.56983826,256,476160,476415,476319,0
476671,426363568638666,6269500,0.57141594,256,476416,476671,476495,0
476927,426363569498291,6221500,0.5911342,256,476672,476927,476923,0
477183,426363570408500,6173416,0.63939749,256,476928,477183,477044,0
477439,426363571315291,6088709,0.63027226,256,477184,477439,477374,0
477695,426363572208083,6022042,0.58755874,256,477440,477695,477610,0
477951,426363573094875,5938583,0.56916369,256,477696,477951,477873,0
478207,426363573969541,5903250,0.62146377,256,477952,478207,477982,0
478463,426363574855166,5850500,0.59872554,256,478208,478463,478429,0
478719,426363575746875,5758291,0.59822397,256,478464,478719,478555,0
478975,426363576611458,5710625,0.60944565,256,478720,478975,478879,0
479231,426363577473958,5694750,0.61940373,256,478976,479231,479121,0
479487,426363578369750,8137541,0.61862896,256,479232,479487,479321,0
479743,426363579296083,7216958,0.64121584,256,479488,479743,479528,0
479999,426363580201333,6312792,0.60850876,256,479744,479999,479793,0
480255,426363581085875,5429250,0.63755647,256,480000,480255,480220,0
480511,426363582007750,5334333,0.62428661,256,480256,480511,480344,0
480767,426363582925666,5232709,0.60332944,256,480512,480767,480530,0
481023,426363583783916,5234417,0.6298314,256,480768,481023,480816,0
481279,426363584688916,5146459,0.58800449,256,481024,481279,481254,0
481535,426363586539416,4099750,0.5797155,256,481280,481535,481501,0
481791,426363586548458,4919500,0.59206189,256,481536,481791,481739,0
482047,426363587271708,5015292,0.61040398,256,481792,482047,481805,0
482303,426363588128041,4976834,0.57035621,256,482048,482303,482232,0
482559,426363589059708,4858833,0.6426336,256,482304,482559,482541,0
482815,426363589959916,4806500,0.65932005,256,482560,482815,482599,0
483071,426363590827541,4785584,0.59602317,256,482816,483071,482964,0
483327,426363591726708,4711792,0.60274246,256,483072,483327,483133,0
483583,426363592582250,4689875,0.61212021,256,483328,483583,483568,0
483839,426363593498791,4653584,0.6686183,256,483584,483839,483692,0
484095,426363594399791,4553792,0.60951265,256,483840,484095,484032,0
484351,426363595302125,4512416,0.64193169,256,484096,484351,484347,0
484607,426363596184958,4476542,0.58499298,256,484352,484607,484588,0
484863,426363597085291,4399875,0.58175114,256,484608,484863,484783,0
485119,426363597928750,4367541,0.6016676,256,484864,485119,485064,0
485375,426363598782750,4360166,0.61858467,256,485120,485375,485336,0
485631,426363599695666,4295417,0.58407239,256,485376,485631,485503,0
485887,426363600603541,4232334,0.59487259,256,485632,485887,485695,0
486143,426363601512625,4162083,0.58325845,256,485888,486143,486087,0
486399,426363602399083,4081417,0.57110776,256,486144,486399,486261,0
486655,426363603239750,4083958,0.62981849,256,486400,486655,486568,0
486911,426363604189375,3963333,0.60212846,256,486656,486911,486884,0
487167,426363605070500,3969291,0.65859587,256,486912,487167,487048,0
487423,426363605965458,3914083,0.60433851,256,487168,487423,487327,0
487679,426363606809708,3901750,0.60328128,256,487424,487679,487525,0
487935,426363607672208,3879583,0.58603592,256,487680,487935,487736,0
488191,426363608571958,3824500,0.6051523,256,487936,488191,488138,0
488447,426363609400708,3852250,0.60298794,256,488192,488447,488341,0
488703,426363610322416,3754459,0.59905662,256,488448,488703,488644,0
488959,426363611163166,3769584,0.61451882,256,488704,488959,488947,0
489215,426363612024458,3733875,0.64303692,256,488960,489215,489078,0
489471,426363612975666,3618167,0.60143652,256,489216,489471,489228,0
489727,426363613879250,3559375,0.61402743,256,489472,489727,489611,0
489983,426363614741958,3550875,0.61915101,256,489728,489983,489963,0
490239,426363615617375,3517500,0.61489867,256,489984,490239,489986,0
490495,426363616491208,3494583,0.61467062,256,490240,490495,490317,0
490751,426363617320583,3530333,0.59832341,256,490496,490751,490499,0
491007,426363618210208,3487917,0.60441898,256,490752,491007,490906,0
491263,426363619131083,3393333,0.60027493,256,491008,491263,491111,0
491519,426363619973541,3426834,0.66421782,256,491264,491519,491410,0
491775,426363620861666,3391917,0.61290356,256,491520,491775,491574,0
492031,426363621773375,3299875,0.64918656,256,491776,492031,491800,0
492287,426363622656083,3255292,0.59092323,256,492032,492287,492037,0
492543,426363623539291,3207625,0.6548657,256,492288,492543,492531,0
492799,426363624430875,3212833,0.65669599,256,492544,492799,492546,0
493055,426363625302166,3157834,0.62120374,256,492800,493055,493029,0
493311,426363626250750,3055916,0.60691563,256,493056,493311,493171,0
493567,426363627135333,3013000,0.60772612,256,493312,493567,493425,0
493823,426363628077458,2905000,0.57819875,256,493568,493823,493714,0
494079,426363628971458,2846125,0.62012724,256,493824,494079,493966,0
494335,426363629854125,2824250,0.62712254,256,494080,494335,494281,0
494591,426363630714041,2801792,0.60192367,256,494336,494591,494373,0
494847,426363631608416,2850750,0.58488348,256,494592,494847,494651,0
495103,426363632532666,2760209,0.62206653,256,494848,495103,494923,0
495359,426363633448333,2694042,0.62019624,256,495104,495359,495197,0
495615,426363634366208,2617333,0.62464416,256,495360,495615,495509,0
495871,426363635248375,2536333,0.57558784,256,495616,495871,495683,0
496127,426363636084500,2485916,0.63017868,256,495872,496127,496085,0
496383,426363636941791,2413375,0.59797292,256,496128,496383,496376,0
496639,426363637829916,2327917,0.61242889,256,496384,496639,496400,0
496895,426363638731125,2227333,0.59227937,256,496640,496895,496660,0
497151,426363639664125,2092916,0.59442219,256,496896,497151,496912,0
497407,426363640616625,1981000,0.63925784,256,497152,497407,497231,0
497663,426363641560291,1847000,0.58870569,256,497408,497663,497567,0
497919,426363642470083,1752792,0.61103145,256,497664,497919,497792,0
498175,426363643326750,1730666,0.61090879,256,497920,498175,498079,0
498431,426363644281291,1562459,0.58031878,256,498176,498431,498311,0
498687,426363645159458,1513458,0.61692627,256,498432,498687,498449,0
498943,426363645999208,1490875,0.64087453,256,498688,498943,498872,0
499199,426363646847166,1453792,0.6315689,256,498944,499199,499100,0
499455,426363647698000,1403583,0.57421666,256,499200,499455,499302,0
499711,426363648598666,1345292,0.63829549,256,499456,499711,499582,0
499967,426363649427750,1334291,0.62853484,256,499712,499967,499785,0
500223,426363650314583,1315833,0.60755528,256,499968,500223,499992,0
500479,426363651230375,1208625,0.60754791,256,500224,500479,500431,0
500735,426363652093750,1171625,0.62263458,256,500480,500735,500529,0
500991,426363653051750,1054000,0.60779822,256,500736,500991,500800,0
501247,426363653936291,985667,0.59317879,256,500992,501247,501154,0
501503,426363654891541,853000,0.63330478,256,501248,501503,501378,0
501759,426363655739958,833583,0.63263105,256,501504,501759,501595,0
502015,426363656604000,1760000,0.64410942,256,501760,502015,501775,0
502271,426363657517583,1811083,0.6023155,256,502016,502271,502198,0
502527,426363658369083,1796750,0.59392582,256,502272,502527,502393,0
502783,426363659237583,1841083,0.6397648,256,502528,502783,502632,0
503039,426363660145041,1782334,0.60877202,256,502784,503039,502968,0
503295,426363661041791,1742417,0.61318985,256,503040,503295,503213,0
503551,426363661947041,1710209,0.62750057,256,503296,503551,503340,0
503807,426363662829000,1721000,0.63772835,256,503552,503807,503564,0
504063,426363663819875,1591541,0.64164905,256,503808,504063,503983,0
504319,426363664739750,1555625,0.64319282,256,504064,504319,504236,0
504575,426363665595500,1543375,0.62274917,256,504320,504575,504562,0
504831,426363666453750,1567708,0.63325526,256,504576,504831,504770,0
505087,426363667245625,1623000,0.63732299,256,504832,505087,504909,0
505343,426363668097041,1652250,0.59443301,256,505088,505343,505257,0
505599,426363669002875,1600708,0.64122953,256,505344,505599,505392,0
505855,426363669915125,1564458,0.64987984,256,505600,505855,505685,0
506111,426363670815125,1526333,0.59472973,256,505856,506111,505983,0
506367,426363671695666,1542750,0.65296432,256,506112,506367,506301,0
506623,426363672632833,1454000,0.61340293,256,506368,506623,506526,0
506879,426363673512583,1424250,0.64018076,256,506624,506879,506720,0
507135,426363674447708,1346708,0.63829761,256,506880,507135,507086,0
507391,426363675320833,1326333,0.59043634,256,507136,507391,507340,0
507647,426363676209833,1299708,0.61976185,256,507392,507647,507469,0
507903,426363677137875,1246625,0.64076093,256,507648,507903,507886,0
508159,426363678036666,1235042,0.60188761,256,507904,508159,508135,0
508415,426363678947375,1182416,0.64467236,256,508160,508415,508411,0
508671,426363679858083,1157417,0.61130411,256,508416,508671,508568,0
508927,426363680734250,1172500,0.62364927,256,508672,508927,508705,0
509183,426363681655000,1140500,0.67610459,256,508928,509183,509061,0
509439,426363682480291,1177084,0.61156548,256,509184,509439,509322,0
509695,426363683365791,1216834,0.64185669,256,509440,509695,509531,0
509951,426363684225125,1202583,0.60819544,256,509696,509951,509835,0
510207,426363685082541,1213584,0.60853292,256,509952,510207,510172,0
510463,426363686054250,1111875,0.62492758,256,510208,510463,510455,0
510719,426363686874083,1200417,0.67894507,256,510464,510719,510670,0
510975,426363687757750,1173583,0.60293968,256,510720,510975,510874,0
511231,426363688640750,1190333,0.64961557,256,510976,511231,511141,0
511487,426363689580500,1132666,0.65605684,256,511232,511487,511445,0
511743,426363690463375,1111875,0.60291165,256,511488,511743,511683,0
511999,426363691323791,1134375,0.63862436,256,511744,511999,511769,0
512255,426363692148666,1245750,0.64809905,256,512000,512255,512177,0
512511,426363693015583,1251083,0.61243982,256,512256,512511,512291,0
512767,426363693923291,1228625,0.61548058,256,512512,512767,512614,0
513023,426363694768250,1235083,0.58987834,256,512768,513023,512950,0
513279,426363695653666,1246292,0.64472019,256,513024,513279,513083,0
513535,426363696551875,1209250,0.60813703,256,513280,513535,513493,0
513791,426363697450125,1199291,0.6762325,256,513536,513791,513542,0
514047,426363698310125,1209541,0.63039284,256,513792,514047,513973,0
514303,426363699221500,1170250,0.65093792,256,514048,514303,514183,0
514559,426363700023833,1218167,0.61951663,256,514304,514559,514506,0
514815,426363700950875,1158583,0.60176922,256,514560,514815,514706,0
515071,426363701772458,1223542,0.58877187,256,514816,515071,514929,0
515327,426363702715250,1103541,0.62346011,256,515072,515327,515153,0
515583,426363703568041,1153084,0.62318861,256,515328,515583,515354,0
515839,426363704383458,1225625,0.60674639,256,515584,515839,515743,0
516095,426363705244208,1197500,0.59356166,256,515840,516095,516042,0
516351,426363706128083,1188083,0.62176583,256,516096,516351,516319,0
516607,426363707072083,1122667,0.67761214,256,516352,516607,516606,0
516863,426363707953916,1118042,0.65186202,256,516608,516863,516616,0
517119,426363708886541,1038292,0.63351258,256,516864,517119,516970,0
517375,426363709780458,1021208,0.6318691,256,517120,517375,517349,0
517631,426363710669125,1004125,0.61632936,256,517376,517631,517400,0
517887,426363711593500,930583,0.5882785,256,517632,517887,517751,0
518143,426363712414000,966458,0.59024759,256,517888,518143,518099,0
518399,426363713308833,919875,0.59034687,256,518144,518399,518390,0
518655,426363714181416,927875,0.68728591,256,518400,518655,518577,0
518911,426363715070791,889000,0.61264445,256,518656,518911,518860,0
519167,426363715965541,882959,0.60049282,256,518912,519167,519088,0
519423,426363716798875,895208,0.61710258,256,519168,519423,519209,0
519679,426363717726416,1614125,0.6286582,256,519424,519679,519592,0
519935,426363718621416,1614167,0.6453923,256,519680,519935,519761,0
520191,426363719538625,1576125,0.61664735,256,519936,520191,519945,0
520447,426363720425041,1564834,0.6416423,256,520192,520447,520262,0
520703,426363721313208,1576792,0.62430912,256,520448,520703,520661,0
520959,426363722152833,1585333,0.63129476,256,520704,520959,520723,0
521215,426363723052250,1510208,0.64913662,256,520960,521215,521021,0
521471,426363723886791,1553709,0.64973736,256,521216,521471,521379,0
521727,426363724780208,1515333,0.58835701,256,521472,521727,521724,0
521983,426363725612916,1559667,0.61284035,256,521728,521983,521740,0
522239,426363726506208,1516542,0.64470687,256,521984,522239,522057,0
522495,426363727360583,1518375,0.63684892,256,522240,522495,522434,0
522751,426363728248000,1540208,0.68487594,256,522496,522751,522573,0
523007,426363729078000,1572791,0.60635518,256,522752,523007,522827,0
523263,426363730024291,1510750,0.63492915,256,523008,523263,523095,0
523519,426363730925583,1479958,0.64038003,256,523264,523519,523424,0
523775,426363731788666,1462084,0.60458498,256,523520,523775,523626,0
524031,426363732688958,1408125,0.61138184,256,523776,524031,523938,0
524287,426363733567541,1366000,0.57218914,256,524032,524287,524261,0
524543,426363734416666,1364334,0.62098797,256,524288,524543,524466,0
524799,426363735315041,1337042,0.62856775,256,524544,524799,524618,0
525055,426363736221708,1271875,0.59053032,256,524800,525055,524870,0
525311,426363737146833,1246625,0.64044553,256,525056,525311,525223,0
525567,426363738001750,1253750,0.62097953,256,525312,525567,525488,0
525823,426363738876250,1265250,0.61062979,256,525568,525823,525660,0
526079,426363739800833,1202917,0.60962017,256,525824,526079,526008,0
526335,426363740732583,1148500,0.60518556,256,526080,526335,526289,0
526591,426363741593250,1150250,0.64102501,256,526336,526591,526538,0
526847,426363742470208,1133292,0.62939463,256,526592,526847,526623,0
527103,426363743429791,1021375,0.58867688,256,526848,527103,527041,0
527359,426363744318000,988500,0.6443855,256,527104,527359,527259,0
527615,426363745213791,979875,0.65614144,256,527360,527615,527559,0
527871,426363746041375,984333,0.57842803,256,527616,527871,527773,0
528127,426363746966375,946875,0.6332931,256,527872,528127,528081,0
528383,426363747837458,913875,0.58710934,256,528128,528383,528196,0
528639,426363748742250,1770125,0.60331849,256,528384,528639,528493,0
528895,426363749651583,2034750,0.61998326,256,528640,528895,528701,0
529151,426363750557750,1991458,0.65400459,256,528896,529151,529035,0
529407,426363751331625,2058041,0.61290691,256,529152,529407,529154,0
529663,426363752239458,2028250,0.6458288,256,529408,529663,529599,0
529919,426363753112000,1999333,0.59749237,256,529664,529919,529752,0
530175,426363754029875,1944666,0.597402,256,529920,530175,530061,0
530431,426363754877250,1942708,0.66563199,256,530176,530431,530416,0
530687,426363755749166,1918459,0.61983034,256,530432,530687,530526,0
530943,426363756668083,1841500,0.61303204,256,530688,530943,530869,0
531199,426363757558958,1790083,0.60281846,256,530944,531199,531136,0
531455,426363758388041,1812959,0.59442221,256,531200,531455,531299,0
531711,426363759271041,1754084,0.59648675,256,531456,531711,531707,0
531967,426363760178125,1672458,0.59384777,256,531712,531967,531879,0
532223,426363761057458,1664875,0.65585927,256,531968,532223,532050,0
532479,426363761931041,1646084,0.63750405,256,532224,532479,532395,0
532735,426363762848416,1584709,0.65071636,256,532480,532735,532698,0
532991,426363763688958,1574458,0.60724357,256,532736,532991,532742,0
533247,426363764547000,1552958,0.61297029,256,532992,533247,533178,0
533503,426363765410625,1532333,0.62639294,256,533248,533503,533314,0
533759,426363766306750,1475000,0.61854913,256,533504,533759,533631,0
534015,426363767124625,1490458,0.6080745,256,533760,534015,533995,0
534271,426363767948833,1533917,0.63534921,256,534016,534271,534202,0
534527,426363768830583,1520333,0.61000586,256,534272,534527,534365,0
534783,426363769689000,1509625,0.59199943,256,534528,534783,534650,0
535039,426363770571958,1465833,0.62598071,256,534784,535039,534911,0
535295,426363771484208,1398458,0.60876253,256,535040,535295,535063,0
535551,426363772362833,1340750,0.62042115,256,535296,535551,535310,0
535807,426363773275000,1239166,0.60044824,256,535552,535807,535687,0
536063,426363774158916,1245667,0.62258164,256,535808,536063,536031,0
536319,426363775025083,1232083,0.61672773,256,536064,536319,536177,0
536575,426363775906708,1190208,0.63793373,256,536320,536575,536484,0
536831,426363776816500,1144750,0.65676825,256,536576,536831,536807,0
537087,426363777644458,1144750,0.58900255,256,536832,537087,536941,0
537343,426363778561875,1102208,0.65068601,256,537088,537343,537136,0
537599,426363779452125,1055666,0.65469798,256,537344,537599,537363,0
537855,426363780304458,1034792,0.61766377,256,537600,537855,537852,0
538111,426363781219166,957250,0.59563738,256,537856,538111,537928,0
538367,426363782137958,865000,0.59642016,256,538112,538367,538174,0
538623,426363783054250,850250,0.66309834,256,538368,538623,538535,0
538879,426363783967416,848167,0.61057383,256,538624,538879,538830,0
539135,426363784885291,829375,0.59880173,256,538880,539135,538927,0
539391,426363785766833,857917,0.60759245,256,539136,539391,539191,0
539647,426363786667083,850333,0.65781552,256,539392,539647,539424,0
539903,426363787566041,820667,0.63380544,256,539648,539903,539704,0
540159,426363788452333,1687250,0.60113956,256,539904,540159,540093,0
540415,426363789304000,1833291,0.62129579,256,540160,540415,540357,0
540671,426363790172541,1834417,0.62064396,256,540416,540671,540657,0
540927,426363791062166,1778292,0.60302827,256,540672,540927,540880,0
541183,426363791903708,1771500,0.60785975,256,540928,541183,541179,0
541439,426363792759041,1770625,0.61596974,256,541184,541439,541397,0
541695,426363793669000,1682291,0.57658246,256,541440,541695,541494,0
541951,426363794537791,1643625,0.62374666,256,541696,541951,541951,0
542207,426363795431458,1578625,0.6010083,256,541952,542207,542117,0
542463,426363796291000,1550291,0.58368317,256,542208,542463,542310,0
542719,426363797184708,1478625,0.58232311,256,542464,542719,542585,0
542975,426363798057583,1459542,0.6099363,256,542720,542975,542804,0
543231,426363798872833,1467708,0.58881237,256,542976,543231,543112,0
543487,426363799836125,1366125,0.61528807,256,543232,543487,543281,0
543743,426363800708416,1334792,0.60228561,256,543488,543743,543523,0
543999,426363801569625,1302333,0.65134198,256,543744,543999,543862,0
544255,426363802464041,1224584,0.62799196,256,544000,544255,544136,0
544511,426363803342291,3167500,0.64382915,256,544256,544511,544454,0
544767,426363804539541,3156250,0.61922696,256,544512,544767,544668,0
545023,426363806755125,1764291,0.60329803,256,544768,545023,544799,0
545279,426363806769875,2575708,0.62816033,256,545024,545279,545159,0
545535,426363806843541,3312500,0.64913908,256,545280,545535,545529,0
545791,426363807743666,3224834,0.5909622,256,545536,545791,545680,0
546047,426363808701125,3102375,0.59932455,256,545792,546047,545820,0
546303,426363809537666,3089792,0.61677297,256,546048,546303,546227,0
546559,426363810403416,3074042,0.65642894,256,546304,546559,546328,0
546815,426363811285125,3005833,0.58687898,256,546560,546815,546724,0
547071,426363812128125,2971208,0.5812468,256,546816,547071,547029,0
547327,426363813050166,2882334,0.60889053,256,547072,547327,547192,0
547583,426363813893500,2884458,0.6789547,256,547328,547583,547564,0
547839,426363814766333,2846167,0.63423499,256,547584,547839,547770,0
548095,426363815579791,2843000,0.62730144,256,547840,548095,547963,0
548351,426363816432208,2778667,0.57473111,256,548096,548351,548260,0
548607,426363817326416,2680459,0.64256733,256,548352,548607,548558,0
548863,426363818205208,2628250,0.62837244,256,548608,548863,548738,0
549119,426363819143250,2526333,0.5982365,256,548864,549119,548934,0
549375,426363819971916,2495834,0.60359799,256,549120,549375,549210,0
549631,426363820877083,2374000,0.56453933,256,549376,549631,549549,0
549887,426363821737250,2315500,0.59659302,256,549632,549887,549648,0
550143,426363822689750,2183875,0.61424866,256,549888,550143,550051,0
550399,426363823570041,2092625,0.62930165,256,550144,550399,550343,0
550655,426363824398291,2095834,0.58270619,256,550400,550655,550654,0
550911,426363825242041,2036667,0.58112582,256,550656,550911,550827,0
551167,426363826155791,1966667,0.62488011,256,550912,551167,550957,0
551423,426363826992875,1936958,0.58236464,256,551168,551423,551396,0
551679,426363827863041,1881667,0.62010245,256,551424,551679,551578,0
551935,426363828774375,1771583,0.61091659,256,551680,551935,551830,0
552191,426363829695750,1647916,0.59584126,256,551936,552191,552094,0
552447,426363830615041,1533959,0.60658991,256,552192,552447,552213,0
552703,426363831510583,1449500,0.61519844,256,552448,552703,552489,0
552959,426363832380833,1398000,0.60823272,256,552704,552959,552905,0
553215,426363833217541,1335375,0.61129457,256,552960,553215,553016,0
553471,426363834141791,1214792,0.60562089,256,553216,553471,553295,0
553727,426363835026416,1121459,0.60377393,256,553472,553727,553520,0
553983,426363835890375,1095750,0.62713047,256,553728,553983,553836,0
554239,426363836817083,982708,0.61624675,256,553984,554239,554195,0
554495,426363837676791,925959,0.65692913,256,554240,554495,554263,0
554751,426363838479083,905167,0.60662932,256,554496,554751,554587,0
555007,426363839426333,815667,0.62261602,256,554752,555007,554803,0
555263,426363840338875,832166,0.61549548,256,555008,555263,555236,0
555519,426363841204000,833166,0.59284452,256,555264,555519,555433,0
555775,426363842105375,1701875,0.60383213,256,555520,555775,555690,0
556031,426363843011375,1741750,0.57129647,256,555776,556031,555940,0
556287,426363843882166,1649292,0.58227665,256,556032,556287,556062,0
556543,426363844785166,1549334,0.59378722,256,556288,556543,556332,0
556799,426363845651250,1498208,0.61128015,256,556544,556799,556591,0
557055,426363846531333,1404833,0.62494963,256,556800,557055,556835,0
557311,426363847379750,1356541,0.58792185,256,557056,557311,557302,0
557567,426363848271291,1272042,0.58728021,256,557312,557567,557397,0
557823,426363849142250,1235708,0.61263605,256,557568,557823,557590,0
558079,426363850043625,1125416,0.61526841,256,557824,558079,557875,0
558335,426363850920000,1051791,0.61289621,256,558080,558335,558324,0
558591,426363851818875,1004958,0.69292101,256,558336,558591,558558,0
558847,426363852662791,988125,0.62522518,256,558592,558847,558601,0
559103,426363853589708,905000,0.62245042,256,558848,559103,559046,0
559359,426363854435708,850125,0.59416998,256,559104,559359,559117,0
559615,426363855344916,829959,0.59891146,256,559360,559615,559472,0
559871,426363856299458,812792,0.59348389,256,559616,559871,559762,0
560127,426363857208708,1625667,0.59958757,256,559872,560127,559897,0
560383,426363858136750,1692000,0.60133077,256,560128,560383,560289,0
560639,426363858974416,1671542,0.60591531,256,560384,560639,560582,0
560895,426363859901583,1584375,0.63295032,256,560640,560895,560666,0
561151,426363860761125,1541041,0.60153947,256,560896,561151,561002,0
561407,426363861677375,1429000,0.59158211,256,561152,561407,561373,0
561663,426363862561166,1395709,0.64671385,256,561408,561663,561544,0
561919,426363863449291,1327167,0.63386269,256,561664,561919,561875,0
562175,426363864346125,1248083,0.63145207,256,561920,562175,562172,0
562431,426363865250083,1175542,0.63753856,256,562176,562431,562260,0
562687,426363866139208,1099625,0.63687953,256,562432,562687,562655,0
562943,426363867022583,1035250,0.60181328,256,562688,562943,562774,0
563199,426363867891750,954208,0.64143286,256,562944,563199,562978,0
563455,426363868810333,857250,0.61257362,256,563200,563455,563429,0
563711,426363869710208,806125,0.60967855,256,563456,563711,563686,0
563967,426363870599375,855041,0.59341199,256,563712,563967,563831,0
564223,426363871453666,881084,0.64639082,256,563968,564223,564021,0
564479,426363872313000,4406708,0.62883106,256,564224,564479,564431,0
564735,426363873135125,3586708,0.56860543,256,564480,564735,564630,0
564991,426363874054833,2668125,0.60529077,256,564736,564991,564974,0
565247,426363875599416,1124500,0.61130886,256,564992,565247,565189,0
565503,426363876745791,848084,0.5750652,256,565248,565503,565347,0
565759,426363876761000,1637083,0.58355571,256,565504,565759,565754,0
566015,426363877611458,1582917,0.58718128,256,565760,566015,565933,0
566271,426363878482708,1520417,0.61997599,256,566016,566271,566045,0
566527,426363879359625,1441250,0.59411462,256,566272,566527,566458,0
566783,426363880252333,1354708,0.63354144,256,566528,566783,566553,0
567039,426363881149208,1264958,0.61077366,256,566784,567039,566792,0
567295,426363881974166,1234292,0.59877957,256,567040,567295,567263,0
567551,426363882891541,1114750,0.60738056,256,567296,567551,567316,0
567807,426363883743791,1071584,0.61848223,256,567552,567807,567567,0
568063,426363884593416,1008834,0.61213227,256,567808,568063,568026,0
568319,426363885483375,912125,0.59197516,256,568064,568319,568185,0
568575,426363886437750,828583,0.59319544,256,568320,568575,568469,0
568831,426363887339208,824042,0.59242797,256,568576,568831,568764,0
569087,426363888195833,818167,0.58565776,256,568832,569087,568869,0
569343,426363889046250,851041,0.6337925,256,569088,569343,569185,0
569599,426363889906333,834167,0.62627704,256,569344,569599,569375,0
569855,426363890805166,1731375,0.58328891,256,569600,569855,569794,0
570111,426363891738333,1554000,0.61252297,256,569856,570111,570042,0
570367,426363892568125,1545125,0.63678324,256,570112,570367,570318,0
570623,426363893425791,1483750,0.61420734,256,570368,570623,570414,0
570879,426363894335833,1392625,0.60904724,256,570624,570879,570774,0
571135,426363895206375,1319750,0.60613878,256,570880,571135,571059,0
571391,426363896082416,1226750,0.60333579,256,571136,571391,571168,0
571647,426363896975208,1163167,0.61424834,256,571392,571647,571517,0
571903,426363897864750,1089625,0.59625723,256,571648,571903,571789,0
572159,426363898793833,949833,0.61436095,256,571904,572159,572096,0
572415,426363899668125,898041,0.63025999,256,572160,572415,572376,0
572671,426363900524666,866625,0.66362755,256,572416,572671,572543,0
572927,426363901443500,834041,0.62217051,256,572672,572927,572917,0
573183,426363902288875,842708,0.61708042,256,572928,573183,573174,0
573439,426363903191916,862167,0.64805175,256,573184,573439,573382,0
573695,426363904088125,1628208,0.60259417,256,573440,573695,573615,0
573951,426363905015458,1725708,0.62971467,256,573696,573951,573773,0
574207,426363905933833,1642625,0.6198063,256,573952,574207,573982,0
574463,426363906832125,1555750,0.62529003,256,574208,574463,574439,0
574719,426363907699916,1523584,0.60866964,256,574464,574719,574643,0
574975,426363908592208,1446292,0.62864922,256,574720,574975,574749,0
575231,426363909454000,1428708,0.62037311,256,574976,575231,575030,0
575487,426363910280541,1413250,0.5705806,256,575232,575487,575385,0
575743,426363911198416,1353292,0.63898438,256,575488,575743,575524,0
575999,426363912069916,1283584,0.60579449,256,575744,575999,575865,0
576255,426363912925708,1244500,0.59432828,256,576000,576255,576156,0
576511,426363913806916,1172834,0.57141594,256,576256,576511,576495,0
576767,426363914672750,1124750,0.58731305,256,576512,576767,576756,0
577023,426363915541583,1086667,0.59258233,256,576768,577023,576966,0
577279,426363916439958,1012917,0.63939749,256,577024,577279,577044,0
577535,426363917348041,903959,0.63027226,256,577280,577535,577374,0
577791,426363918252500,1140666,0.58755874,256,577536,577791,577610,0
578047,426363919119500,1106875,0.62146377,256,577792,578047,577982,0
578303,426363920020791,1040000,0.60246461,256,578048,578303,578132,0
578559,426363920908875,971458,0.59872554,256,578304,578559,578429,0
578815,426363921754083,949583,0.59446178,256,578560,578815,578809,0
579071,426363922639375,868416,0.60944565,256,578816,579071,578879,0
579327,426363923506666,1682000,0.61940373,256,579072,579327,579121,0
579583,426363924377333,1803875,0.64121584,256,579328,579583,579528,0
579839,426363925356416,1686917,0.60850876,256,579584,579839,579793,0
580095,426363926209541,1656792,0.59243858,256,579840,580095,580049,0
580351,426363927114166,1571292,0.63755647,256,580096,580351,580220,0
580607,426363928050791,1465709,0.61990284,256,580352,580607,580394,0
580863,426363928947708,1417083,0.6298314,256,580608,580863,580816,0
581119,426363929830666,1351334,0.5681895,256,580864,581119,581068,0
581375,426363930726875,1272041,0.58800449,256,581120,581375,581254,0
581631,426363931621041,1199584,0.58821582,256,581376,581631,581558,0
581887,426363932493791,1155709,0.61040398,256,581632,581887,581805,0
582143,426363933278250,1191416,0.6066355,256,581888,582143,582016,0
582399,426363934177833,1111833,0.57977163,256,582144,582399,582353,0
582655,426363935103875,1035791,0.65932005,256,582400,582655,582599,0
582911,426363935981541,983709,0.594451,256,582656,582911,582812,0
583167,426363936847250,970125,0.60274246,256,582912,583167,583133,0
583423,426363937715416,920334,0.59988771,256,583168,583423,583364,0
583679,426363938631000,882583,0.61212021,256,583424,583679,583568,0
583935,426363939559333,1741792,0.6686183,256,583680,583935,583692,0
584191,426363940451833,1823083,0.60951265,256,583936,584191,584032,0
584447,426363941328625,1817375,0.64193169,256,584192,584447,584347,0
584703,426363942237541,1742959,0.58499298,256,584448,584703,584588,0
584959,426363943116625,2459958,0.58960647,256,584704,584959,584954,0
585215,426363943931458,3201250,0.6016676,256,584960,585215,585064,0
585471,426363944836500,3873458,0.61858467,256,585216,585471,585336,0
585727,426363945745666,4319959,0.59487259,256,585472,585727,585695,0
585983,426363946626708,4262250,0.57453155,256,585728,585983,585774,0
586239,426363947540666,4142209,0.58325845,256,585984,586239,586087,0
586495,426363948369541,4121709,0.59289488,256,586240,586495,586448,0
586751,426363949326833,3983083,0.62981849,256,586496,586751,586568,0
587007,426363950213166,3911125,0.61250639,256,586752,587007,586967,0
587263,426363951106125,3890875,0.65859587,256,587008,587263,587048,0
587519,426363951979916,3828709,0.60433851,256,587264,587519,587327,0
587775,426363952845250,3778750,0.60328128,256,587520,587775,587525,0
588031,426363953716916,3727250,0.57827709,256,587776,588031,587900,0
588287,426363954608083,3653917,0.6051523,256,588032,588287,588138,0
588543,426363955403625,3684500,0.60298794,256,588288,588543,588341,0
588799,426363956339125,3546916,0.59933504,256,588544,588799,588796,0
589055,426363957183833,3533333,0.6392072,256,588800,589055,589053,0
589311,426363958079208,3448792,0.64303692,256,589056,589311,589078,0
589567,426363959039208,3316708,0.58952888,256,589312,589567,589516,0
589823,426363959871083,3307125,0.61402743,256,589568,589823,589611,0
590079,426363960783041,3230250,0.61915101,256,589824,590079,589963,0
590335,426363961610791,3221084,0.61467062,256,590080,590335,590317,0
590591,426363962511375,3149708,0.60362462,256,590336,590591,590357,0
590847,426363963393583,3095125,0.5910827,256,590592,590847,590815,0
591103,426363964253291,3068042,0.60441898,256,590848,591103,590906,0
591359,426363965190875,2959000,0.61028263,256,591104,591359,591281,0
591615,426363966014791,2981125,0.66421782,256,591360,591615,591410,0
591871,426363966875583,2944458,0.64918656,256,591616,591871,591800,0
592127,426363967793208,2838583,0.62763628,256,591872,592127,591924,0
592383,426363968690375,2740125,0.59030164,256,592128,592383,592263,0
592639,426363969582958,2724833,0.65669599,256,592384,592639,592546,0
592895,426363970460375,2658083,0.59736265,256,592640,592895,592835,0
593151,426363971348750,2586333,0.62120374,256,592896,593151,593029,0
593407,426363972284541,2466709,0.60691563,256,593152,593407,593171,0
593663,426363973178250,2406333,0.60772612,256,593408,593663,593425,0
593919,426363974098708,2292750,0.61228407,256,593664,593919,593891,0
594175,426363975028875,2185125,0.62012724,256,593920,594175,593966,0
594431,426363975875791,2172000,0.62712254,256,594176,594431,594281,0
594687,426363976748666,2111959,0.59939127,256,594432,594687,594578,0
594943,426363977662250,2028833,0.62206653,256,594688,594943,594923,0
595199,426363978543500,1959791,0.62019624,256,594944,595199,595197,0
595455,426363979500208,1846375,0.62414991,256,595200,595455,595367,0
595711,426363980390375,1798958,0.62464416,256,595456,595711,595509,0
595967,426363981253791,1721625,0.59181943,256,595712,595967,595962,0
596223,426363982061041,1708334,0.63017868,256,595968,596223,596085,0
596479,426363982980583,1591500,0.61242889,256,596224,596479,596400,0
596735,426363983890541,1478625,0.59227937,256,596480,596735,596660,0
596991,426363984804833,1388125,0.59442219,256,596736,596991,596912,0
597247,426363985718458,1279833,0.63925784,256,596992,597247,597231,0
597503,426363986691333,1117542,0.61598194,256,597248,597503,597317,0
597759,426363987577125,1025125,0.58870569,256,597504,597759,597567,0
598015,426363988474500,937250,0.61103145,256,597760,598015,597792,0
598271,426363989368291,857042,0.61090879,256,598016,598271,598079,0
598527,426363990283500,1737583,0.61692627,256,598272,598527,598449,0
598783,426363991182166,1830834,0.59929395,256,598528,598783,598638,0
599039,426363992019333,1811792,0.64087453,256,598784,599039,598872,0
599295,426363992847291,1772834,0.6315689,256,599040,599295,599100,0
599551,426363993742958,1682958,0.58586341,256,599296,599551,599543,0
599807,426363994605416,1670750,0.63829549,256,599552,599807,599582,0
600063,426363995464291,1668334,0.60755528,256,599808,600063,599992,0
600319,426363996388375,1567500,0.60530327,256,600064,600319,600165,0
600575,426363997279875,1504666,0.62263458,256,600320,600575,600529,0
600831,426363998163375,1462833,0.60779822,256,600576,600831,600800,0
601087,426363999094583,1342917,0.60230919,256,600832,601087,600956,0
601343,426363999999958,1248708,0.59317879,256,601088,601343,601154,0
601599,426364000928541,1160542,0.63330478,256,601344,601599,601378,0
601855,426364001765083,1151000,0.64410942,256,601600,601855,601775,0
602111,426364002663750,1089625,0.59992807,256,601856,602111,602083,0
602367,426364003541875,1029958,0.6023155,256,602112,602367,602198,0
602623,426364004432875,982791,0.6196173,256,602368,602623,602563,0
602879,426364005290750,984125,0.6397648,256,602624,602879,602632,0
603135,426364006192416,914250,0.60877202,256,602880,603135,602968,0
603391,426364007114750,1708458,0.62750057,256,603136,603391,603340,0
603647,426364007997291,1860459,0.63772835,256,603392,603647,603564,0
603903,426364008920625,1796416,0.61225154,256,603648,603903,603693,0
604159,426364009899500,1671500,0.64164905,256,603904,604159,603983,0
604415,426364010768458,1643708,0.64319282,256,604160,604415,604236,0
604671,426364011607083,1662792,0.62274917,256,604416,604671,604562,0
604927,426364012449083,1679167,0.63732299,256,604672,604927,604909,0
605183,426364013282000,1650916,0.574203,256,604928,605183,605132,0
605439,426364014149083,1637958,0.64122953,256,605184,605439,605392,0
605695,426364015052541,1574292,0.64987984,256,605440,605695,605685,0
605951,426364015952416,1525834,0.60605493,256,605696,605951,605837,0
606207,426364016835291,1494834,0.59472973,256,605952,606207,605983,0
606463,426364017782458,1396333,0.65296432,256,606208,606463,606301,0
606719,426364018680208,1317958,0.61340293,256,606464,606719,606526,0
606975,426364019558416,1279792,0.64018076,256,606720,606975,606720,0
607231,426364020514458,1143083,0.63829761,256,606976,607231,607086,0
607487,426364021358791,1139167,0.61976185,256,607232,607487,607469,0
607743,426364022261416,1079792,0.58714956,256,607488,607743,607579,0
607999,426364023201916,1003209,0.64076093,256,607744,607999,607886,0
608255,426364024079708,975417,0.61442276,256,608000,608255,608215,0
608511,426364025019500,885250,0.64467236,256,608256,608511,608411,0
608767,426364025891416,874792,0.62364927,256,608512,608767,608705,0
609023,426364026781541,912209,0.64039392,256,608768,609023,609012,0
609279,426364027666500,913458,0.67610459,256,609024,609279,609061,0
609535,426364028530375,919000,0.64185669,256,609280,609535,609531,0
609791,426364029398458,936917,0.63188469,256,609536,609791,609553,0
610047,426364030274916,926125,0.60819544,256,609792,610047,609835,0
610303,426364031183125,879666,0.60853292,256,610048,610303,610172,0
610559,426364032100625,867666,0.62492758,256,610304,610559,610455,0
610815,426364032948708,888625,0.67894507,256,610560,610815,610670,0
611071,426364033834458,859250,0.60293968,256,610816,611071,610874,0
611327,426364034692791,926334,0.64961557,256,611072,611327,611141,0
611583,426364035610708,890125,0.65605684,256,611328,611583,611445,0
611839,426364036508083,906583,0.63862436,256,611584,611839,611769,0
612095,426364037366625,948291,0.61520012,256,611840,612095,611924,0
612351,426364038200916,1030667,0.64809905,256,612096,612351,612177,0
612607,426364039058875,1051875,0.58713887,256,612352,612607,612534,0
612863,426364039916333,1066292,0.61548058,256,612608,612863,612614,0
613119,426364040819541,1037000,0.64472019,256,612864,613119,613083,0
613375,426364041730166,1015000,0.6103563,256,613120,613375,613170,0
613631,426364042598916,1047875,0.6762325,256,613376,613631,613542,0
613887,426364043471500,1030708,0.59521602,256,613632,613887,613768,0
614143,426364044373000,1003666,0.63039284,256,613888,614143,613973,0
614399,426364045262083,967792,0.65093792,256,614144,614399,614183,0
614655,426364046085500,1016375,0.61951663,256,614400,614655,614506,0
614911,426364046967541,984209,0.60176922,256,614656,614911,614706,0
615167,426364047832583,971500,0.62346011,256,614912,615167,615153,0
615423,426364048781416,884500,0.62318861,256,615168,615423,615354,0
615679,426364049570833,1040292,0.60593528,256,615424,615679,615509,0
615935,426364050435416,1012709,0.60674639,256,615680,615935,615743,0
616191,426364051281666,1017125,0.61005339,256,615936,616191,616139,0
616447,426364052213250,945458,0.62176583,256,616192,616447,616319,0
616703,426364053094958,975792,0.67761214,256,616448,616703,616606,0
616959,426364053987291,919125,0.58217656,256,616704,616959,616868,0
617215,426364054931708,887458,0.63351258,256,616960,617215,616970,0
617471,426364055814083,904708,0.6318691,256,617216,617471,617349,0
617727,426364056754291,1736667,0.60372303,256,617472,617727,617572,0
617983,426364057630083,1851542,0.5882785,256,617728,617983,617751,0
618239,426364058443416,1891417,0.59024759,256,617984,618239,618099,0
618495,426364059343041,1859834,0.6188372,256,618240,618495,618420,0
618751,426364060212541,1845000,0.68728591,256,618496,618751,618577,0
619007,426364061106500,1806333,0.61264445,256,618752,619007,618860,0
619263,426364061964333,1817958,0.61710258,256,619008,619263,619209,0
619519,426364062876875,1738916,0.60008443,256,619264,619519,619360,0
619775,426364063770875,1717666,0.6453923,256,619520,619775,619761,0
620031,426364064705375,1667916,0.63490297,256,619776,620031,619931,0
620287,426364065605750,1662833,0.6416423,256,620032,620287,620262,0
620543,426364066455500,1664041,0.60697028,256,620288,620543,620435,0
620799,426364067352291,1665834,0.63129476,256,620544,620799,620723,0
621055,426364068176625,1665500,0.64913662,256,620800,621055,621021,0
621311,426364069079541,1617292,0.60271673,256,621056,621311,621302,0
621567,426364069944333,1639458,0.64973736,256,621312,621567,621379,0
621823,426364070793833,1645292,0.61284035,256,621568,621823,621740,0
622079,426364071670666,1627500,0.64470687,256,621824,622079,622057,0
622335,426364072550791,1604250,0.59847605,256,622080,622335,622228,0
622591,426364073403041,1618834,0.68487594,256,622336,622591,622573,0
622847,426364074262666,1654250,0.65457102,256,622592,622847,622634,0
623103,426364075140333,1672708,0.63492915,256,622848,623103,623095,0
623359,426364076066208,1608250,0.60637673,256,623104,623359,623184,0
623615,426364076975125,1573416,0.64038003,256,623360,623615,623424,0
623871,426364077830791,1565292,0.60458498,256,623616,623871,623626,0
624127,426364078733666,1500500,0.61138184,256,623872,624127,623938,0
624383,426364079605166,1467125,0.59470801,256,624128,624383,624345,0
624639,426364080488416,1449709,0.62856775,256,624384,624639,624618,0
624895,426364081358166,1442667,0.61952238,256,624640,624895,624649,0
625151,426364082297333,1370583,0.6257972,256,624896,625151,625107,0
625407,426364083188708,1355875,0.64044553,256,625152,625407,625223,0
625663,426364084046708,1393250,0.62097953,256,625408,625663,625488,0
625919,426364084931500,1369458,0.60027526,256,625664,625919,625892,0
626175,426364085868291,1297917,0.60962017,256,625920,626175,626008,0
626431,426364086755833,1306208,0.61720247,256,626176,626431,626347,0
626687,426364087643500,1273000,0.64102501,256,626432,626687,626538,0
626943,426364088540166,1226209,0.58298577,256,626688,626943,626939,0
627199,426364089477250,1130375,0.59691529,256,626944,627199,627134,0
627455,426364090369000,1118125,0.6443855,256,627200,627455,627259,0
627711,426364091241541,1106167,0.65614144,256,627456,627711,627559,0
627967,426364092084375,1135541,0.61236989,256,627712,627967,627933,0
628223,426364092994375,1089291,0.6332931,256,627968,628223,628081,0
628479,426364093929125,994916,0.58076314,256,628224,628479,628452,0
628735,426364094783916,999875,0.61998326,256,628480,628735,628701,0
628991,426364095696333,918125,0.59439807,256,628736,628991,628800,0
629247,426364096566750,911375,0.65400459,256,628992,629247,629035,0
629503,426364097398666,921959,0.5924986,256,629248,629503,629492,0
629759,426364098301833,905500,0.6458288,256,629504,629759,629599,0
630015,426364099186916,1723959,0.57496355,256,629760,630015,629961,0
630271,426364100077000,1826833,0.61188899,256,630016,630271,630235,0
630527,426364100905000,1822083,0.66563199,256,630272,630527,630416,0
630783,426364101817833,1742125,0.61237411,256,630528,630783,630771,0
631039,426364102689041,1669959,0.61303204,256,630784,631039,630869,0
631295,426364103606541,1587959,0.60281846,256,631040,631295,631136,0
631551,426364104446291,1565209,0.59442221,256,631296,631551,631299,0
631807,426364105345833,1466500,0.59648675,256,631552,631807,631707,0
632063,426364106237291,1390959,0.65585927,256,631808,632063,632050,0
632319,426364107094958,1402625,0.63461657,256,632064,632319,632128,0
632575,426364107994791,1311334,0.63750405,256,632320,632575,632395,0
632831,426364108883000,1256291,0.65071636,256,632576,632831,632698,0
633087,426364109715583,1229458,0.59603534,256,632832,633087,632882,0
633343,426364110609375,1158750,0.62639294,256,633088,633343,633314,0
633599,426364111468375,1124083,0.6146565,256,633344,633599,633353,0
633855,426364112320416,1075334,0.61854913,256,633600,633855,633631,0
634111,426364113154125,1061791,0.6080745,256,633856,634111,633995,0
634367,426364114004708,1059208,0.63534921,256,634112,634367,634202,0
634623,426364114858208,1045500,0.59496119,256,634368,634623,634459,0
634879,426364115739583,970875,0.59199943,256,634624,634879,634650,0
635135,426364116594125,940541,0.62598071,256,634880,635135,634911,0
635391,426364117539000,1075291,0.62042115,256,635136,635391,635310,0
635647,426364118457208,1433833,0.58537973,256,635392,635647,635521,0
635903,426364119306291,1398625,0.60044824,256,635648,635903,635687,0
636159,426364120172708,1392583,0.62258164,256,635904,636159,636031,0
636415,426364121069333,1335458,0.61672773,256,636160,636415,636177,0
636671,426364121971250,1291375,0.63793373,256,636416,636671,636484,0
636927,426364122868625,1206625,0.65676825,256,636672,636927,636807,0
637183,426364123696125,1201875,0.65068601,256,636928,637183,637136,0
637439,426364124590458,1145917,0.65469798,256,637184,637439,637363,0
637695,426364125504625,1036333,0.63176897,256,637440,637695,637523,0
637951,426364126377250,977125,0.61766377,256,637696,637951,637852,0
638207,426364127268666,909459,0.59642016,256,637952,638207,638174,0
638463,426364128210875,1679625,0.59249444,256,638208,638463,638446,0
638719,426364129131000,1760208,0.66309834,256,638464,638719,638535,0
638975,426364130025125,1712458,0.61057383,256,638720,638975,638830,0
639231,426364130911875,1660000,0.60759245,256,638976,639231,639191,0
639487,426364131818625,1577000,0.65781552,256,639232,639487,639424,0
639743,426364132718541,1523042,0.63992472,256,639488,639743,639588,0
639999,426364133628791,1433167,0.59752637,256,639744,639999,639856,0
640255,426364134484708,1424125,0.60113956,256,640000,640255,640093,0
640511,426364135330833,1417500,0.62129579,256,640256,640511,640357,0
640767,426364136223041,1378375,0.62064396,256,640512,640767,640657,0
641023,426364137079625,1341583,0.60302827,256,640768,641023,640880,0
641279,426364137963583,1321167,0.60785975,256,641024,641279,641179,0
641535,426364138810708,1295458,0.61596974,256,641280,641535,641397,0
641791,426364139724333,1230958,0.57327156,256,641536,641791,641538,0
642047,426364140581083,1196667,0.62374666,256,641792,642047,641951,0
642303,426364141490333,1111417,0.6010083,256,642048,642303,642117,0
642559,426364142359083,1077833,0.58368317,256,642304,642559,642310,0
642815,426364143205250,1052541,0.6099363,256,642560,642815,642804,0
643071,426364144076750,1014375,0.60861314,256,642816,643071,642938,0
643327,426364144954000,1007208,0.61528807,256,643072,643327,643281,0
643583,426364145879875,921666,0.60228561,256,643328,643583,643523,0
643839,426364146748041,877834,0.60940541,256,643584,643839,643775,0
644095,426364147616125,1682750,0.65134198,256,643840,644095,643862,0
644351,426364148512083,1783583,0.62799196,256,644096,644351,644136,0
644607,426364149397208,1712958,0.64382915,256,644352,644607,644454,0
644863,426364150299583,1615333,0.61922696,256,644608,644863,644668,0
645119,426364151146166,1587459,0.59839023,256,644864,645119,645031,0
645375,426364152012458,1509125,0.62816033,256,645120,645375,645159,0
645631,426364152875458,1442667,0.64913908,256,645376,645631,645529,0
645887,426364153798458,1326458,0.59932455,256,645632,645887,645820,0
646143,426364154750875,1179833,0.60932984,256,645888,646143,646129,0
646399,426364155610583,1135667,0.65642894,256,646144,646399,646328,0
646655,426364156440458,1113750,0.61479246,256,646400,646655,646554,0
646911,426364157324500,1024625,0.58687898,256,646656,646911,646724,0
647167,426364158182416,972750,0.59428629,256,646912,647167,647161,0
647423,426364159103625,852916,0.60937281,256,647168,647423,647410,0
647679,426364159971458,860208,0.6789547,256,647424,647679,647564,0
647935,426364160786416,833167,0.63423499,256,647680,647935,647770,0
648191,426364161593250,838916,0.62730144,256,647936,648191,647963,0
648447,426364162478541,829584,0.57515766,256,648192,648447,648396,0
648703,426364163383958,845042,0.64256733,256,648448,648703,648558,0
648959,426364164297000,1621208,0.62837244,256,648704,648959,648738,0
649215,426364165199250,1758125,0.60359799,256,648960,649215,649210,0
649471,426364166031958,1738208,0.58793211,256,649216,649471,649267,0
649727,426364166918291,1668917,0.59659302,256,649472,649727,649648,0
649983,426364167819125,1591833,0.5994441,256,649728,649983,649925,0
650239,426364168748083,1478667,0.61424866,256,649984,650239,650051,0
650495,426364169597583,1470375,0.62930165,256,650240,650495,650343,0
650751,426364170444625,1455625,0.58270619,256,650496,650751,650654,0
651007,426364171291125,1453375,0.62488011,256,650752,651007,650957,0
651263,426364172191750,1382125,0.59512176,256,651008,651263,651101,0
651519,426364173055625,1350375,0.60048011,256,651264,651519,651516,0
651775,426364173921875,1317666,0.62010245,256,651520,651775,651578,0
652031,426364174851375,1215333,0.61091659,256,651776,652031,651830,0
652287,426364175745916,1147334,0.60658991,256,652032,652287,652213,0
652543,426364176659041,1066250,0.61519844,256,652288,652543,652489,0
652799,426364177514458,1029042,0.59425728,256,652544,652799,652738,0
653055,426364178418291,963834,0.61129457,256,652800,653055,653016,0
653311,426364179272791,916500,0.60562089,256,653056,653311,653295,0
653567,426364180201666,830125,0.60377393,256,653312,653567,653520,0
653823,426364181074833,813000,0.60232928,256,653568,653823,653818,0
654079,426364181945458,886083,0.62713047,256,653824,654079,653836,0
654335,426364182857125,862000,0.65692913,256,654080,654335,654263,0
654591,426364183709333,824125,0.61805452,256,654336,654591,654465,0
654847,426364184585083,809917,0.62261602,256,654592,654847,654803,0
655103,426364185485958,794375,0.57629691,256,654848,655103,655030,0
655359,426364186395458,816500,0.61549548,256,655104,655359,655236,0
655615,426364187243583,851417,0.59535012,256,655360,655615,655536,0
655871,426364188149916,864209,0.60383213,256,655616,655871,655690,0
656127,426364189064125,1639041,0.58227665,256,655872,656127,656062,0
656383,426364189931000,1758875,0.59378722,256,656128,656383,656332,0
656639,426364190841583,1663458,0.61128015,256,656384,656639,656591,0
656895,426364191690208,1643083,0.62494963,256,656640,656895,656835,0
657151,426364192591750,1531125,0.59723363,256,656896,657151,657044,0
657407,426364193423166,1499500,0.58792185,256,657152,657407,657302,0
657663,426364194297625,1426750,0.61263605,256,657408,657663,657590,0
657919,426364195198375,1372375,0.61526841,256,657664,657919,657875,0
658175,426364196068541,1274250,0.57622205,256,657920,658175,657946,0
658431,426364196958666,1211792,0.61289621,256,658176,658431,658324,0
658687,426364197863541,1173292,0.69292101,256,658432,658687,658558,0
658943,426364198742166,1102292,0.59034389,256,658688,658943,658883,0
659199,426364199600500,1061875,0.62245042,256,658944,659199,659046,0
659455,426364200513708,944792,0.59387524,256,659200,659455,659402,0
659711,426364201424666,837459,0.59891146,256,659456,659711,659472,0
659967,426364202377666,864834,0.59958757,256,659712,659967,659897,0
660223,426364203268458,793917,0.58000046,256,659968,660223,660050,0
660479,426364204165000,817625,0.60133077,256,660224,660479,660289,0
660735,426364205044125,1625833,0.63295032,256,660480,660735,660666,0
660991,426364205940500,2260666,0.59501282,256,660736,660991,660790,0
661247,426364206811708,2241917,0.60153947,256,660992,661247,661002,0
661503,426364207715583,3188000,0.59158211,256,661248,661503,661373,0
661759,426364208582000,2325083,0.64671385,256,661504,661759,661544,0
662015,426364209537125,2399416,0.63386269,256,661760,662015,661875,0
662271,426364210939208,1511000,0.63753856,256,662016,662271,662260,0
662527,426364211970291,1314709,0.59024547,256,662272,662527,662375,0
662783,426364212199833,1929875,0.63687953,256,662528,662783,662655,0
663039,426364213076916,1883542,0.64143286,256,662784,663039,662978,0
663295,426364213954041,1824292,0.57706709,256,663040,663295,663164,0
663551,426364214884875,1720708,0.61257362,256,663296,663551,663429,0
663807,426364215764333,1643875,0.60967855,256,663552,663807,663686,0
664063,426364216644041,1639250,0.64639082,256,663808,664063,664021,0
664319,426364217496125,1613208,0.62269165,256,664064,664319,664092,0
664575,426364218329458,1584250,0.62883106,256,664320,664575,664431,0
664831,426364219215416,1491834,0.56860543,256,664576,664831,664630,0
665087,426364220118791,1386500,0.60762078,256,664832,665087,665012,0
665343,426364220982416,1321459,0.61130886,256,665088,665343,665189,0
665599,426364221875166,1228209,0.5750652,256,665344,665599,665347,0
665855,426364222798166,1095625,0.58355571,256,665600,665855,665754,0
666111,426364223636708,1069000,0.61997599,256,665856,666111,666045,0
666367,426364224495916,1001167,0.60002854,256,666112,666367,666212,0
666623,426364225407500,903833,0.63354144,256,666368,666623,666553,0
666879,426364226329500,821416,0.61653147,256,666624,666879,666699,0
667135,426364227169583,819958,0.56357814,256,666880,667135,666908,0
667391,426364228034250,1184750,0.60738056,256,667136,667391,667316,0
667647,426364228890875,1122916,0.61848223,256,667392,667647,667567,0
667903,426364229775125,1047000,0.5728344,256,667648,667903,667799,0
668159,426364230646833,966792,0.61213227,256,667904,668159,668026,0
668415,426364231552625,855125,0.59197516,256,668160,668415,668185,0
668671,426364232517666,857500,0.59319544,256,668416,668671,668469,0
668927,426364233395333,812250,0.59242797,256,668672,668927,668764,0
669183,426364234212416,875292,0.60667735,256,668928,669183,669149,0
669439,426364235083750,844208,0.6337925,256,669184,669439,669185,0
669695,426364235977250,834875,0.56935957,256,669440,669695,669609,0
669951,426364236848708,821750,0.59063498,256,669696,669951,669883,0
670207,426364237749875,855583,0.61252297,256,669952,670207,670042,0
670463,426364238598583,869833,0.63678324,256,670208,670463,670318,0
670719,426364239474666,1628875,0.59948209,256,670464,670719,670710,0
670975,426364240381875,1735833,0.60904724,256,670720,670975,670774,0
671231,426364241245500,1669083,0.60613878,256,670976,671231,671059,0
671487,426364242109958,1600583,0.59180814,256,671232,671487,671400,0
671743,426364243019291,1512334,0.61424834,256,671488,671743,671517,0
671999,426364243917208,1411625,0.59625723,256,671744,671999,671789,0
672255,426364244842666,1274667,0.61436095,256,672000,672255,672096,0
672511,426364245683083,1278500,0.63025999,256,672256,672511,672376,0
672767,426364246618041,1145667,0.66362755,256,672512,672767,672543,0
673023,426364247476625,1132833,0.62217051,256,672768,673023,672917,0
673279,426364248340583,1095792,0.61708042,256,673024,673279,673174,0
673535,426364249260708,987667,0.64805175,256,673280,673535,673382,0
673791,426364250156291,897459,0.62971467,256,673536,673791,673773,0
674047,426364251084166,1623459,0.6198063,256,673792,674047,673982,0
674303,426364251985500,1717666,0.58066036,256,674048,674303,674261,0
674559,426364252871166,1685542,0.62529003,256,674304,674559,674439,0
674815,426364253729250,1645875,0.62864922,256,674560,674815,674749,0
675071,426364254629083,1587708,0.62037311,256,674816,675071,675030,0
675327,426364255476083,1536708,0.60885206,256,675072,675327,675108,0
675583,426364256347375,1503291,0.63898438,256,675328,675583,675524,0
675839,426364257248000,1447375,0.60914251,256,675584,675839,675632,0
676095,426364258111833,1391125,0.60579449,256,675840,676095,675865,0
676351,426364258985666,1329792,0.59432828,256,676096,676351,676156,0
676607,426364259822166,1319000,0.57141594,256,676352,676607,676495,0
676863,426364260714333,1243250,0.58731305,256,676608,676863,676756,0
677119,426364261594666,1214292,0.63939749,256,676864,677119,677044,0
677375,426364262499500,1132000,0.63027226,256,677120,677375,677374,0
677631,426364263420916,1040834,0.5942791,256,677376,677631,677391,0
677887,426364264264583,1003417,0.58388281,256,677632,677887,677657,0
678143,426364265169541,927750,0.62146377,256,677888,678143,677982,0
678399,426364266055750,882833,0.59878781,256,678144,678399,678146,0
678655,426364266941791,844959,0.59872554,256,678400,678655,678429,0
678911,426364267821458,857000,0.60944565,256,678656,678911,678879,0
679167,426364268687500,853291,0.61940373,256,678912,679167,679121,0
679423,426364269554458,858333,0.61862896,256,679168,679423,679321,0
679679,426364270445666,825000,0.64121584,256,679424,679679,679528,0
679935,426364271368166,1133084,0.60850876,256,679680,679935,679793,0
680191,426364272291208,1017458,0.59243858,256,679936,680191,680049,0
680447,426364273183458,958583,0.63755647,256,680192,680447,680220,0
680703,426364274125625,1600291,0.60332944,256,680448,680703,680530,0
680959,426364274962666,1833750,0.6298314,256,680704,680959,680816,0
681215,426364275897958,1694625,0.5681895,256,680960,681215,681068,0
681471,426364276776541,1618875,0.58800449,256,681216,681471,681254,0
681727,426364277658208,1522750,0.58821582,256,681472,681727,681558,0
681983,426364278482708,1518417,0.61040398,256,681728,681983,681805,0
682239,426364279334125,1465750,0.6066355,256,681984,682239,682016,0
682495,426364280273916,1323792,0.57977163,256,682240,682495,682353,0
682751,426364281154166,1278084,0.65932005,256,682496,682751,682599,0
683007,426364282014750,1220583,0.59602317,256,682752,683007,682964,0
683263,426364282907375,1146750,0.60274246,256,683008,683263,683133,0
683519,426364283770083,1083000,0.59988771,256,683264,683519,683364,0
683775,426364284679916,1047750,0.6686183,256,683520,683775,683692,0
684031,426364285609166,906084,0.56468519,256,683776,684031,683867,0
684287,426364286515583,840208,0.61662286,256,684032,684287,684199,0
684543,426364287387083,854708,0.64193169,256,684288,684543,684347,0
684799,426364288267125,820791,0.58499298,256,684544,684799,684588,0
685055,426364289142625,1624083,0.58960647,256,684800,685055,684954,0
685311,426364289980625,1814208,0.6016676,256,685056,685311,685064,0
685567,426364290907916,1744709,0.61858467,256,685312,685567,685336,0
685823,426364291810041,1695250,0.59487259,256,685568,685823,685695,0
686079,426364292688666,1649334,0.58018432,256,685824,686079,686035,0
686335,426364293599708,1558542,0.58325845,256,686080,686335,686087,0
686591,426364294436500,1548625,0.62981849,256,686336,686591,686568,0
686847,426364295389833,1443125,0.57930104,256,686592,686847,686783,0
687103,426364296259041,1421084,0.65859587,256,686848,687103,687048,0
687359,426364297163333,1396083,0.60778999,256,687104,687359,687141,0
687615,426364298007250,1391458,0.60367651,256,687360,687615,687363,0
687871,426364298876125,1344458,0.58603592,256,687616,687871,687736,0
688127,426364299733833,1331250,0.58117719,256,687872,688127,688034,0
688383,426364300614583,1305917,0.6051523,256,688128,688383,688138,0
688639,426364301472416,1271917,0.60204624,256,688384,688639,688401,0
688895,426364302367291,1231834,0.60905626,256,688640,688895,688837,0
689151,426364303213083,1215000,0.64303692,256,688896,689151,689078,0
689407,426364304145041,1105500,0.60143652,256,689152,689407,689228,0
689663,426364305102750,1000291,0.61402743,256,689408,689663,689611,0
689919,426364305910000,1041833,0.59535371,256,689664,689919,689827,0
690175,426364306832916,967667,0.61915101,256,689920,690175,689963,0
690431,426364307684125,971916,0.61467062,256,690176,690431,690317,0
690687,426364308533500,979666,0.59832341,256,690432,690687,690499,0
690943,426364309438000,917333,0.60441898,256,690688,690943,690906,0
691199,426364310291750,917375,0.60027493,256,690944,691199,691111,0
691455,426364311187083,871500,0.66421782,256,691200,691455,691410,0
691711,426364312064458,1691708,0.61290356,256,691456,691711,691574,0
691967,426364312950750,1795041,0.64918656,256,691712,691967,691800,0
692223,426364313864666,1696625,0.59092323,256,691968,692223,692037,0
692479,426364314753750,1612666,0.59101226,256,692224,692479,692425,0
692735,426364315615458,1637250,0.65669599,256,692480,692735,692546,0
692991,426364316516833,1529125,0.59736265,256,692736,692991,692835,0
693247,426364317425875,1462833,0.62120374,256,692992,693247,693029,0
693503,426364318336500,1370250,0.60772612,256,693248,693503,693425,0
693759,426364319278166,1244084,0.57819875,256,693504,693759,693714,0
694015,426364320165000,1162041,0.62012724,256,693760,694015,693966,0
694271,426364321061250,1100750,0.59574194,256,694016,694271,694049,0
694527,426364321914291,1074667,0.62712254,256,694272,694527,694281,0
694783,426364322792416,1002625,0.59939127,256,694528,694783,694578,0
695039,426364323722583,904208,0.62206653,256,694784,695039,694923,0
695295,426364324626958,858583,0.62019624,256,695040,695295,695197,0
695551,426364325598041,846459,0.62464416,256,695296,695551,695509,0
695807,426364326453250,855583,0.61700318,256,695552,695807,695591,0
696063,426364327287875,832875,0.59613018,256,695808,696063,696021,0
696319,426364328133416,808542,0.63017868,256,696064,696319,696085,0
696575,426364329020458,829792,0.61242889,256,696320,696575,696400,0
696831,426364329941333,812792,0.59227937,256,696576,696831,696660,0
697087,426364330851708,819167,0.59442219,256,696832,697087,696912,0
697343,426364331810416,864542,0.63925784,256,697088,697343,697231,0
697599,426364332725208,809542,0.60842845,256,697344,697599,697382,0
697855,426364333635500,830041,0.61103145,256,697600,697855,697792,0
698111,426364334504916,830834,0.61090879,256,697856,698111,698079,0
698367,426364335459791,825625,0.59589135,256,698112,698367,698153,0
698623,426364336330375,855750,0.61692627,256,698368,698623,698449,0
698879,426364337210375,854541,0.64087453,256,698624,698879,698872,0
699135,426364338065333,834625,0.6315689,256,698880,699135,699100,0
699391,426364338902166,798042,0.5872921,256,699136,699391,699189,0
699647,426364339770166,850500,0.63829549,256,699392,699647,699582,0
699903,426364340630916,832042,0.62853484,256,699648,699903,699785,0
700159,426364341520208,1113500,0.60755528,256,699904,700159,699992,0
700415,426364342415166,1039000,0.60530327,256,700160,700415,700165,0
700671,426364343291083,1007000,0.62263458,256,700416,700671,700529,0
700927,426364344235833,891125,0.60779822,256,700672,700927,700800,0
701183,426364345139625,840666,0.60230919,256,700928,701183,700956,0
701439,426364346029250,1632916,0.63330478,256,701184,701439,701378,0
701695,426364346958875,1701916,0.63263105,256,701440,701695,701595,0
701951,426364347790875,1715333,0.64410942,256,701696,701951,701775,0
702207,426364348685500,1650708,0.6023155,256,701952,702207,702198,0
702463,426364349558708,1581417,0.59392582,256,702208,702463,702393,0
702719,426364350451125,1568708,0.6397648,256,702464,702719,702632,0
702975,426364351349791,1499834,0.61741068,256,702720,702975,702751,0
703231,426364352236041,1436167,0.61318985,256,702976,703231,703213,0
703487,426364353137250,1371750,0.62750057,256,703232,703487,703340,0
703743,426364354005541,1384875,0.63772835,256,703488,703743,703564,0
703999,426364355006750,1223875,0.64164905,256,703744,703999,703983,0
704255,426364355930750,1154250,0.64319282,256,704000,704255,704236,0
704511,426364356805666,1103875,0.60900428,256,704256,704511,704495,0
704767,426364357644250,1117125,0.62274917,256,704512,704767,704562,0
705023,426364358450166,1141875,0.63732299,256,704768,705023,704909,0
705279,426364359312541,1111417,0.59443301,256,705024,705279,705257,0
705535,426364360162458,1096042,0.64122953,256,705280,705535,705392,0
705791,426364361108166,999167,0.64987984,256,705536,705791,705685,0
706047,426364361980958,988042,0.60605493,256,705792,706047,705837,0
706303,426364362884583,936208,0.65296432,256,706048,706303,706301,0
706559,426364363805875,860916,0.63426197,256,706304,706559,706311,0
706815,426364364696083,859792,0.64018076,256,706560,706815,706720,0
707071,426364365599125,872625,0.62623433,256,706816,707071,706952,0
707327,426364366502125,897541,0.63829761,256,707072,707327,707086,0
707583,426364367415791,1711042,0.61976185,256,707328,707583,707469,0
707839,426364368321208,1811042,0.61656514,256,707584,707839,707835,0
708095,426364369246125,1751375,0.64076093,256,707840,708095,707886,0
708351,426364370132583,1701583,0.61740189,256,708096,708351,708349,0
708607,426364371049000,1650458,0.64467236,256,708352,708607,708411,0
708863,426364371904166,1639459,0.62364927,256,708608,708863,708705,0
709119,426364372819708,1601750,0.67610459,256,708864,709119,709061,0
709375,426364373673875,1604375,0.61156548,256,709120,709375,709322,0
709631,426364374566416,1578042,0.64185669,256,709376,709631,709531,0
709887,426364375399750,1570250,0.60819544,256,709632,709887,709835,0
710143,426364376313958,1497083,0.58116441,256,709888,710143,710078,0
710399,426364377257041,1422334,0.60853292,256,710144,710399,710172,0
710655,426364378084166,1468917,0.65325771,256,710400,710655,710628,0
710911,426364378945708,1455750,0.67894507,256,710656,710911,710670,0
711167,426364379843125,1434000,0.64961557,256,710912,711167,711141,0
711423,426364380763375,1358875,0.62749321,256,711168,711423,711374,0
711679,426364381665166,1301125,0.65605684,256,711424,711679,711445,0
711935,426364382513333,1325375,0.63862436,256,711680,711935,711769,0
712191,426364383368958,1378417,0.64809905,256,711936,712191,712177,0
712447,426364384214708,1389625,0.63287607,256,712192,712447,712234,0
712703,426364385102041,1346625,0.61548058,256,712448,712703,712614,0
712959,426364385950958,1347000,0.59944774,256,712704,712959,712746,0
713215,426364386849791,1305667,0.64472019,256,712960,713215,713083,0
713471,426364387726625,1276958,0.59119149,256,713216,713471,713246,0
713727,426364388639541,1239209,0.6762325,256,713472,713727,713542,0
713983,426364389501666,1223709,0.63039284,256,713728,713983,713973,0
714239,426364390387208,1187208,0.65093792,256,713984,714239,714183,0
714495,426364391249083,1158542,0.58754861,256,714240,714495,714257,0
714751,426364392131375,1127083,0.61951663,256,714496,714751,714506,0
715007,426364392969250,1117416,0.59019091,256,714752,715007,714762,0
715263,426364393897291,1025542,0.62346011,256,715008,715263,715153,0
715519,426364394780541,984167,0.62318861,256,715264,715519,715354,0
715775,426364395590000,1053833,0.60674639,256,715520,715775,715743,0
716031,426364396459916,1022334,0.57655639,256,715776,716031,715823,0
716287,426364397311458,1009292,0.61005339,256,716032,716287,716139,0
716543,426364398247041,914625,0.64976743,256,716288,716543,716528,0
716799,426364399140708,941875,0.67761214,256,716544,716799,716606,0
717055,426364400067750,1786583,0.63351258,256,716800,717055,716970,0
717311,426364400953000,1790041,0.60263866,256,717056,717311,717303,0
717567,426364401866875,1797041,0.6318691,256,717312,717567,717349,0
717823,426364402773375,1768250,0.60372303,256,717568,717823,717572,0
718079,426364403636416,1750959,0.58486997,256,717824,718079,717928,0
718335,426364404492958,1781000,0.59024759,256,718080,718335,718099,0
718591,426364405360625,1794083,0.68728591,256,718336,718591,718577,0
718847,426364406261875,1758291,0.61867574,256,718592,718847,718642,0
719103,426364407137375,1746583,0.61264445,256,718848,719103,718860,0
719359,426364408010666,1714084,0.61710258,256,719104,719359,719209,0
719615,426364408941875,1632125,0.6286582,256,719360,719615,719592,0
719871,426364409781416,1692292,0.6453923,256,719616,719871,719761,0
720127,426364410740166,1630625,0.63490297,256,719872,720127,719931,0
720383,426364411637833,1623542,0.6416423,256,720128,720383,720262,0
720639,426364412501625,1608666,0.60697028,256,720384,720639,720435,0
720895,426364413347750,1629666,0.63129476,256,720640,720895,720723,0
721151,426364414214583,1568375,0.64913662,256,720896,721151,721021,0
721407,426364415088041,1559917,0.64973736,256,721152,721407,721379,0
721663,426364415988791,1510084,0.57956331,256,721408,721663,721660,0
721919,426364416810541,1504125,0.61284035,256,721664,721919,721740,0
722175,426364417672333,1491917,0.64470687,256,721920,722175,722057,0
722431,426364418575958,1430292,0.59847605,256,722176,722431,722228,0
722687,426364419433708,1465917,0.68487594,256,722432,722687,722573,0
722943,426364420284458,1446583,0.60635518,256,722688,722943,722827,0
723199,426364421206583,1421458,0.63492915,256,722944,723199,723095,0
723455,426364422111458,1345625,0.64038003,256,723200,723455,723424,0
723711,426364423008875,1277791,0.60458498,256,723456,723711,723626,0
723967,426364423895416,1223667,0.61138184,256,723712,723967,723938,0
724223,426364424753250,1176125,0.59090211,256,723968,724223,724005,0
724479,426364425615000,1152166,0.62098797,256,724224,724479,724466,0
724735,426364426527000,1070500,0.62856775,256,724480,724735,724618,0
724991,426364427380416,1054500,0.61344227,256,724736,724991,724746,0
725247,426364428342625,953083,0.64044553,256,724992,725247,725223,0
725503,426364429204666,937292,0.62097953,256,725248,725503,725488,0
725759,426364430080250,921958,0.61062979,256,725504,725759,725660,0
726015,426364430972291,872167,0.60962017,256,725760,726015,726008,0
726271,426364431888500,6437166,0.60111605,256,726016,726271,726149,0
726527,426364432757250,5571125,0.61720247,256,726272,726527,726347,0
726783,426364433674958,4654750,0.64102501,256,726528,726783,726538,0
727039,426364434585416,3745667,0.58298577,256,726784,727039,726939,0
727295,426364435503250,2829125,0.6443855,256,727040,727295,727259,0
727551,426364436388958,1944708,0.63127731,256,727296,727551,727391,0
727807,426364437249125,1085791,0.65614144,256,727552,727807,727559,0
728063,426364438129625,6480208,0.61891241,256,727808,728063,728054,0
728319,426364439034333,5578375,0.6332931,256,728064,728319,728081,0
728575,426364439960750,4653416,0.60331849,256,728320,728575,728493,0
728831,426364440834333,3781208,0.61998326,256,728576,728831,728701,0
729087,426364441749000,2867791,0.65400459,256,728832,729087,729035,0
729343,426364442543250,2074791,0.6237523,256,729088,729343,729134,0
729599,426364443427916,1191625,0.6458288,256,729344,729599,729599,0
729855,426364444308750,885625,0.60521927,256,729600,729855,729608,0
730111,426364445237750,853791,0.597402,256,729856,730111,730061,0
730367,426364446087625,864166,0.61188899,256,730112,730367,730235,0
730623,426364446929916,875167,0.66563199,256,730368,730623,730416,0
730879,426364447863625,834000,0.61303204,256,730624,730879,730869,0
731135,426364448742541,863209,0.59416986,256,730880,731135,731039,0
731391,426364449614041,845250,0.60281846,256,731136,731391,731136,0
731647,426364450452083,863958,0.57155643,256,731392,731647,731591,0
731903,426364451369500,836458,0.59648675,256,731648,731903,731707,0
732159,426364452278708,940375,0.65585927,256,731904,732159,732050,0
732415,426364453119000,883125,0.63750405,256,732160,732415,732395,0
732671,426364454043083,11576083,0.58455642,256,732416,732671,732649,0
732927,426364454871916,10750834,0.65071636,256,732672,732927,732698,0
733183,426364455753666,9870417,0.61297029,256,732928,733183,733178,0
733439,426364456613500,9011833,0.62639294,256,733184,733439,733314,0
733695,426364457501625,8124875,0.61854913,256,733440,733695,733631,0
733951,426364458345666,7281917,0.59637254,256,733696,733951,733899,0
734207,426364459157666,6471000,0.63534921,256,733952,734207,734202,0
734463,426364460017375,5612375,0.61000586,256,734208,734463,734365,0
734719,426364460882208,4748625,0.59199943,256,734464,734719,734650,0
734975,426364461743708,3888208,0.62598071,256,734720,734975,734911,0
735231,426364462642583,2990417,0.60876253,256,734976,735231,735063,0
735487,426364463550291,2083792,0.62042115,256,735232,735487,735310,0
735743,426364464449041,1186125,0.60044824,256,735488,735743,735687,0
735999,426364465312333,2835333,0.60120333,256,735744,735999,735916,0
736255,426364466222750,1928375,0.62258164,256,736000,736255,736031,0
736511,426364467084000,1068458,0.63793373,256,736256,736511,736484,0
736767,426364467990125,1023000,0.63242657,256,736512,736767,736650,0
737023,426364468841750,904916,0.65676825,256,736768,737023,736807,0
737279,426364469728333,888750,0.65068601,256,737024,737279,737136,0
737535,426364470651750,947583,0.65469798,256,737280,737535,737363,0
737791,426364471509666,3123792,0.60124857,256,737536,737791,737715,0
738047,426364472408125,2254958,0.61766377,256,737792,738047,737852,0
738303,426364473343125,1321416,0.59642016,256,738048,738303,738174,0
738559,426364474220166,840042,0.66309834,256,738304,738559,738535,0
738815,426364475148791,1388875,0.56907406,256,738560,738815,738736,0
739071,426364476086791,934250,0.61057383,256,738816,739071,738830,0
739327,426364476955000,4806458,0.60759245,256,739072,739327,739191,0
739583,426364478651625,6191875,0.65781552,256,739328,739583,739424,0
739839,426364481819416,3029959,0.63992472,256,739584,739839,739588,0
740095,426364481837458,3013375,0.60113956,256,739840,740095,740093,0
740351,426364481846583,3397000,0.59723792,256,740096,740351,740167,0
740607,426364481855708,4206667,0.62129579,256,740352,740607,740357,0
740863,426364482235625,4810791,0.62064396,256,740608,740863,740657,0
741119,426364483100750,4683750,0.60302827,256,740864,741119,740880,0
741375,426364484018416,4571959,0.60785975,256,741120,741375,741179,0
741631,426364484847291,4603959,0.61596974,256,741376,741631,741397,0
741887,426364485753500,4492666,0.56519687,256,741632,741887,741775,0
742143,426364486618166,4476334,0.62374666,256,741888,742143,741951,0
742399,426364487523625,4746666,0.58368317,256,742144,742399,742310,0
742655,426364488383583,4367083,0.58232311,256,742400,742655,742585,0
742911,426364489266583,4292000,0.6099363,256,742656,742911,742804,0
743167,426364490084708,4301458,0.60861314,256,742912,743167,742938,0
743423,426364491001666,4259834,0.61528807,256,743168,743423,743281,0
743679,426364491890083,4216750,0.60228561,256,743424,743679,743523,0
743935,426364492773833,4151083,0.65134198,256,743680,743935,743862,0
744191,426364493639916,4121584,0.62799196,256,743936,744191,744136,0
744447,426364494532666,4166084,0.58681251,256,744192,744447,744411,0
744703,426364495402791,4014375,0.64382915,256,744448,744703,744454,0
744959,426364496342833,3891625,0.60329803,256,744704,744959,744799,0
745215,426364497189166,3871167,0.62816033,256,744960,745215,745159,0
745471,426364498029958,3844208,0.57488227,256,745216,745471,745390,0
745727,426364498917291,3781625,0.64913908,256,745472,745727,745529,0
745983,426364499879208,3626167,0.59932455,256,745728,745983,745820,0
746239,426364500784458,3566375,0.61677297,256,745984,746239,746227,0
746495,426364501620000,3585375,0.65642894,256,746240,746495,746328,0
746751,426364502481208,3542708,0.61479246,256,746496,746751,746554,0
747007,426364503355250,3482791,0.57780175,256,746752,747007,747005,0
747263,426364504228083,3433125,0.60889053,256,747008,747263,747192,0
747519,426364505081833,3404583,0.60937281,256,747264,747519,747410,0
747775,426364505978125,3355083,0.6789547,256,747520,747775,747564,0
748031,426364506796500,3626208,0.62730144,256,747776,748031,747963,0
748287,426364507608166,3361500,0.60328595,256,748032,748287,748068,0
748543,426364508529916,3243042,0.62217247,256,748288,748543,748533,0
748799,426364509415291,3194625,0.64256733,256,748544,748799,748558,0
749055,426364510338083,3141167,0.6161321,256,748800,749055,748819,0
749311,426364511180208,3119667,0.60359799,256,749056,749311,749210,0
749567,426364512061500,3061625,0.56453933,256,749312,749567,749549,0
749823,426364512961500,2959125,0.59659302,256,749568,749823,749648,0
750079,426364513896500,2869708,0.61424866,256,749824,750079,750051,0
750335,426364514786458,2801000,0.61688379,256,750080,750335,750288,0
750591,426364515571583,2864500,0.62930165,256,750336,750591,750343,0
750847,426364516444333,3366708,0.58270619,256,750592,750847,750654,0
751103,426364517329041,4099084,0.62488011,256,750848,751103,750957,0
751359,426364518201333,4831458,0.57593519,256,751104,751359,751231,0
751615,426364519077375,5557458,0.62010245,256,751360,751615,751578,0
751871,426364519945750,5856541,0.61426755,256,751616,751871,751636,0
752127,426364520881458,5736417,0.59584126,256,751872,752127,752094,0
752383,426364521769250,5668541,0.60658991,256,752128,752383,752213,0
752639,426364522705708,5563875,0.61519844,256,752384,752639,752489,0
752895,426364523544541,5545334,0.59425728,256,752640,752895,752738,0
753151,426364524426291,5500125,0.61129457,256,752896,753151,753016,0
753407,426364525332166,5410334,0.60562089,256,753152,753407,753295,0
753663,426364526194083,5362958,0.60377393,256,753408,753663,753520,0
753919,426364527078416,5323709,0.62713047,256,753664,753919,753836,0
754175,426364528010541,5237292,0.6093607,256,753920,754175,753945,0
754431,426364528884375,5185666,0.65692913,256,754176,754431,754263,0
754687,426364529687000,5203833,0.61805452,256,754432,754687,754465,0
754943,426364530608458,5081000,0.62261602,256,754688,754943,754803,0
755199,426364531550166,4968709,0.59726526,256,754944,755199,755187,0
755455,426364532406000,4938250,0.61549548,256,755200,755455,755236,0
755711,426364533277708,4886083,0.60383213,256,755456,755711,755690,0
755967,426364534210791,4777750,0.57401221,256,755712,755967,755755,0
756223,426364535104708,4681542,0.58227665,256,755968,756223,756062,0
756479,426364535948000,4659625,0.59378722,256,756224,756479,756332,0
756735,426364536860208,4564583,0.61128015,256,756480,756735,756591,0
756991,426364537715708,4537125,0.62494963,256,756736,756991,756835,0
757247,426364538584708,4471125,0.59723363,256,756992,757247,757044,0
757503,426364539449125,4446250,0.58792185,256,757248,757503,757302,0
757759,426364540344041,4417084,0.61263605,256,757504,757759,757590,0
758015,426364541227916,4336667,0.61526841,256,757760,758015,757875,0
758271,426364542112083,4253625,0.57187917,256,758016,758271,758258,0
758527,426364543007750,4230500,0.63655577,256,758272,758527,758520,0
758783,426364543839791,4281750,0.69292101,256,758528,758783,758558,0
759039,426364544813416,4140542,0.59034389,256,758784,759039,758883,0
759295,426364545627125,4150625,0.62245042,256,759040,759295,759046,0
759551,426364546550416,4075292,0.59891146,256,759296,759551,759472,0
759807,426364547476458,3959292,0.59348389,256,759552,759807,759762,0
760063,426364548418666,3838750,0.59958757,256,759808,760063,759897,0
760319,426364549315458,3750833,0.60133077,256,760064,760319,760289,0
760575,426364550167958,3718542,0.59212213,256,760320,760575,760573,0
760831,426364551080541,3679917,0.63295032,256,760576,760831,760666,0
761087,426364551962875,3633083,0.60153947,256,760832,761087,761002,0
761343,426364552863250,3562666,0.58873099,256,761088,761343,761211,0
761599,426364553735166,3527709,0.64671385,256,761344,761599,761544,0
761855,426364554657916,3466667,0.6293775,256,761600,761855,761653,0
762111,426364555522958,3443875,0.63386269,256,761856,762111,761875,0
762367,426364556430083,3384542,0.63753856,256,762112,762367,762260,0
762623,426364557360916,3285000,0.61157715,256,762368,762623,762614,0
762879,426364558209291,3283209,0.63687953,256,762624,762879,762655,0
763135,426364559090541,3213250,0.64143286,256,762880,763135,762978,0
763391,426364560003458,3122083,0.57790313,256,763136,763391,763300,0
763647,426364560885125,3054500,0.61257362,256,763392,763647,763429,0
763903,426364561820791,2945000,0.60967855,256,763648,763903,763686,0
764159,426364562657708,2950500,0.64639082,256,763904,764159,764021,0
764415,426364563523666,2908000,0.61029215,256,764160,764415,764207,0
764671,426364564359208,2886417,0.62883106,256,764416,764671,764431,0
764927,426364565262041,2796875,0.56441215,256,764672,764927,764810,0
765183,426364566133583,2761625,0.60762078,256,764928,765183,765012,0
765439,426364567002875,2701708,0.61130886,256,765184,765439,765189,0
765695,426364567916625,2612041,0.57097002,256,765440,765695,765478,0
765951,426364568823125,2520583,0.58718128,256,765696,765951,765933,0
766207,426364569666916,2510375,0.61997599,256,765952,766207,766045,0
766463,426364570574083,2422583,0.60002854,256,766208,766463,766212,0
766719,426364571449000,2376958,0.63354144,256,766464,766719,766553,0
766975,426364572349041,2298417,0.61077366,256,766720,766975,766792,0
767231,426364573197750,2245250,0.5885259,256,766976,767231,767159,0
767487,426364574064666,2206042,0.60738056,256,767232,767487,767316,0
767743,426364574931375,2156583,0.61848223,256,767488,767743,767567,0
767999,426364575780541,2118250,0.6022365,256,767744,767999,767968,0
768255,426364576683875,2064583,0.61213227,256,768000,768255,768026,0
768511,426364577619166,1923209,0.59319544,256,768256,768511,768469,0
768767,426364578528958,1832500,0.59242797,256,768512,768767,768764,0
769023,426364579402291,1777375,0.58565776,256,768768,769023,768869,0
769279,426364580250625,1773208,0.6337925,256,769024,769279,769185,0
769535,426364581095625,1767625,0.62627704,256,769280,769535,769375,0
769791,426364582029958,1653667,0.57674917,256,769536,769791,769699,0
770047,426364582923458,1563458,0.61252297,256,769792,770047,770042,0
770303,426364583774791,1554709,0.59082476,256,770048,770303,770232,0
770559,426364584627375,1541416,0.63678324,256,770304,770559,770318,0
770815,426364585506291,1487209,0.60904724,256,770560,770815,770774,0
771071,426364586418875,1402125,0.60613878,256,770816,771071,771059,0
771327,426364587270541,1345334,0.60333579,256,771072,771327,771168,0
771583,426364588160083,1304958,0.61424834,256,771328,771583,771517,0
771839,426364589055916,1250875,0.59625723,256,771584,771839,771789,0
772095,426364589999916,1109542,0.60373505,256,771840,772095,772002,0
772351,426364590875583,1071417,0.61460563,256,772096,772351,772272,0
772607,426364591716666,1082792,0.66362755,256,772352,772607,772543,0
772863,426364592616750,986125,0.59350308,256,772608,772863,772806,0
773119,426364593521625,948000,0.62217051,256,772864,773119,772917,0
773375,426364594373083,947083,0.61708042,256,773120,773375,773174,0
773631,426364595271666,876750,0.64805175,256,773376,773631,773382,0
773887,426364596209333,837250,0.62971467,256,773632,773887,773773,0
774143,426364597103000,861166,0.6198063,256,773888,774143,773982,0
774399,426364598016625,806083,0.58066036,256,774144,774399,774261,0
774655,426364598897291,861375,0.62529003,256,774400,774655,774439,0
774911,426364599780916,833459,0.62864922,256,774656,774911,774749,0
775167,426364600655958,851292,0.62037311,256,774912,775167,775030,0
775423,426364601517416,812709,0.5705806,256,775168,775423,775385,0
775679,426364602397083,867125,0.63898438,256,775424,775679,775524,0
775935,426364603266208,845708,0.60579449,256,775680,775935,775865,0
776191,426364604115500,841916,0.59432828,256,775936,776191,776156,0
776447,426364604996125,813541,0.56983826,256,776192,776447,776319,0
776703,426364605868208,821542,0.57141594,256,776448,776703,776495,0
776959,426364606720541,834792,0.5911342,256,776704,776959,776923,0
777215,426364607622333,869000,0.63939749,256,776960,777215,777044,0
777471,426364608539500,846583,0.63027226,256,777216,777471,777374,0
777727,426364609439750,831958,0.58755874,256,777472,777727,777610,0
777983,426364610300000,4246541,0.62146377,256,777728,777983,777982,0
778239,426364611191166,3358959,0.60246461,256,777984,778239,778132,0
778495,426364612084583,2466667,0.59872554,256,778240,778495,778429,0
778751,426364612974791,1577459,0.59822397,256,778496,778751,778555,0
779007,426364613916125,824291,0.60944565,256,778752,779007,778879,0
779263,426364614690708,869875,0.61940373,256,779008,779263,779121,0
779519,426364615596500,1736541,0.61862896,256,779264,779519,779321,0
779775,426364616539833,1885875,0.64121584,256,779520,779775,779528,0
780031,426364617413458,1687750,0.60850876,256,779776,780031,779793,0
780287,426364618305000,1605416,0.63755647,256,780032,780287,780220,0
780543,426364619236083,1487958,0.62428661,256,780288,780543,780344,0
780799,426364620142041,1364125,0.57821061,256,780544,780799,780769,0
781055,426364621001375,1347333,0.6298314,256,780800,781055,780816,0
781311,426364621912166,1231542,0.58800449,256,781056,781311,781254,0
781567,426364622838791,1099375,0.58821582,256,781312,781567,781558,0
781823,426364623715333,1016583,0.61040398,256,781568,781823,781805,0
782079,426364624515208,1018667,0.6066355,256,781824,782079,782016,0
782335,426364625359041,986834,0.57035621,256,782080,782335,782232,0
782591,426364626290166,848875,0.64955942,256,782336,782591,782580,0
782847,426364627185625,841500,0.65932005,256,782592,782847,782599,0
783103,426364628052958,869583,0.59602317,256,782848,783103,782964,0
783359,426364628943625,821500,0.60274246,256,783104,783359,783133,0
783615,426364629803166,887125,0.61212021,256,783360,783615,783568,0
783871,426364630735958,859000,0.6686183,256,783616,783871,783692,0
784127,426364631629333,790917,0.60951265,256,783872,784127,784032,0
784383,426364632531166,1728459,0.64193169,256,784128,784383,784347,0
784639,426364633431541,1802959,0.58499298,256,784384,784639,784588,0
784895,426364634317083,1748000,0.58175114,256,784640,784895,784783,0
785151,426364635146458,1735250,0.6016676,256,784896,785151,785064,0
785407,426364636001833,1722250,0.61858467,256,785152,785407,785336,0
785663,426364636919583,1654083,0.59030133,256,785408,785663,785641,0
785919,426364637825375,1586625,0.59487259,256,785664,785919,785695,0
786175,426364638722875,1526708,0.58325845,256,785920,786175,786087,0
786431,426364639601875,1464125,0.57110776,256,786176,786431,786261,0
786687,426364640487875,1417583,0.62981849,256,786432,786687,786568,0
786943,426364641406916,1334917,0.60212846,256,786688,786943,786884,0
787199,426364642307000,1317625,0.65859587,256,786944,787199,787048,0
787455,426364643178625,1301833,0.60433851,256,787200,787455,787327,0
787711,426364644047916,1259542,0.60328128,256,787456,787711,787525,0
787967,426364644911708,1241042,0.58603592,256,787712,787967,787736,0
788223,426364645778166,1205917,0.6051523,256,787968,788223,788138,0
788479,426364646630666,1202000,0.60298794,256,788224,788479,788341,0
788735,426364647556375,1094916,0.59905662,256,788480,788735,788644,0
788991,426364648398291,1110709,0.61451882,256,788736,788991,788947,0
789247,426364649259291,1079000,0.64303692,256,788992,789247,789078,0
789503,426364650223208,946333,0.5877867,256,789248,789503,789433,0
789759,426364651076291,939500,0.61402743,256,789504,789759,789611,0
790015,426364651974208,902750,0.61915101,256,789760,790015,789963,0
790271,426364652806750,900500,0.57221192,256,790016,790271,790226,0
790527,426364653703125,860583,0.61467062,256,790272,790527,790317,0
790783,426364654567291,890417,0.57762067,256,790528,790783,790641,0
791039,426364655429166,871792,0.60441898,256,790784,791039,790906,0
791295,426364656351375,849125,0.61028263,256,791040,791295,791281,0
791551,426364657186541,863750,0.66421782,256,791296,791551,791410,0
791807,426364658076625,848125,0.64918656,256,791552,791807,791800,0
792063,426364658986791,862667,0.62763628,256,791808,792063,791924,0
792319,426364659902375,844166,0.59030164,256,792064,792319,792263,0
792575,426364660747500,1626625,0.65669599,256,792320,792575,792546,0
792831,426364661649708,2354375,0.63442299,256,792576,792831,792633,0
793087,426364662504791,3058500,0.62120374,256,792832,793087,793029,0
793343,426364663479916,3670667,0.60691563,256,793088,793343,793171,0
793599,426364664363250,4420083,0.60772612,256,793344,793599,793425,0
793855,426364665300958,5049500,0.57819875,256,793600,793855,793714,0
794111,426364666203041,5748959,0.62012724,256,793856,794111,793966,0
794367,426364667078125,5930625,0.62712254,256,794112,794367,794281,0
794623,426364667944750,5907750,0.60192367,256,794368,794623,794373,0
794879,426364668841083,5845833,0.58488348,256,794624,794879,794651,0
795135,426364669739958,5790042,0.62206653,256,794880,795135,794923,0
795391,426364670702208,5704250,0.62414991,256,795136,795391,795367,0
795647,426364671586000,5671416,0.62464416,256,795392,795647,795509,0
795903,426364672478083,5612417,0.57558784,256,795648,795903,795683,0
796159,426364673282333,5613167,0.63017868,256,795904,796159,796085,0
796415,426364674163375,5554625,0.61242889,256,796160,796415,796400,0
796671,426364675057583,5476750,0.59227937,256,796416,796671,796660,0
796927,426364675959416,5413500,0.59442219,256,796672,796927,796912,0
797183,426364676897333,5277875,0.58007661,256,796928,797183,796931,0
797439,426364677864458,5171417,0.63925784,256,797184,797439,797231,0
797695,426364678762666,5094459,0.58870569,256,797440,797695,797567,0
797951,426364679689500,4990333,0.61103145,256,797696,797951,797792,0
798207,426364680566791,4964750,0.61090879,256,797952,798207,798079,0
798463,426364681485500,4872250,0.61692627,256,798208,798463,798449,0
798719,426364682385875,4794833,0.59929395,256,798464,798719,798638,0
798975,426364683227458,4798583,0.64087453,256,798720,798975,798872,0
799231,426364684054041,4807959,0.6315689,256,798976,799231,799100,0
799487,426364684927541,4762625,0.57421666,256,799232,799487,799302,0
799743,426364685820041,4728750,0.63829549,256,799488,799743,799582,0
799999,426364686653708,4752125,0.62853484,256,799744,799999,799785,0
800255,426364687547250,4720958,0.60530327,256,800000,800255,800165,0
800511,426364688456000,4660833,0.60754791,256,800256,800511,800431,0
800767,426364689335458,4634875,0.62263458,256,800512,800767,800529,0
801023,426364690274083,4553625,0.60779822,256,800768,801023,800800,0
801279,426364691183583,4475083,0.59317879,256,801024,801279,801154,0
801535,426364692129291,4383917,0.63330478,256,801280,801535,801378,0
801791,426364692981458,4384792,0.64410942,256,801536,801791,801775,0
802047,426364693835583,4386000,0.59444516,256,801792,802047,801939,0
802303,426364694763041,4315584,0.6023155,256,802048,802303,802198,0
802559,426364695602791,4309375,0.59879767,256,802304,802559,802557,0
802815,426364696462458,4344167,0.6397648,256,802560,802815,802632,0
803071,426364697389125,4266000,0.60877202,256,802816,803071,802968,0
803327,426364698282125,4227666,0.61318985,256,803072,803327,803213,0
803583,426364699163666,4225125,0.63772835,256,803328,803583,803564,0
803839,426364700082458,4190208,0.61225154,256,803584,803839,803693,0
804095,426364701084833,4052667,0.64164905,256,803840,804095,803983,0
804351,426364701973125,4042541,0.64319282,256,804096,804351,804236,0
804607,426364702806208,4060083,0.62274917,256,804352,804607,804562,0
804863,426364703681541,4075542,0.63325526,256,804608,804863,804770,0
805119,426364704475500,4111500,0.63732299,256,804864,805119,804909,0
805375,426364705344291,4112292,0.59443301,256,805120,805375,805257,0
805631,426364706231250,4081916,0.64122953,256,805376,805631,805392,0
805887,426364707140583,4056083,0.64987984,256,805632,805887,805685,0
806143,426364708045708,4029875,0.59472973,256,805888,806143,805983,0
806399,426364708929083,4023167,0.65296432,256,806144,806399,806301,0
806655,426364709849750,3947708,0.61340293,256,806400,806655,806526,0
806911,426364710727416,3914417,0.64018076,256,806656,806911,806720,0
807167,426364711700291,3815917,0.63829761,256,806912,807167,807086,0
807423,426364712542916,3803875,0.59043634,256,807168,807423,807340,0
807679,426364713447666,3778375,0.61976185,256,807424,807679,807469,0
807935,426364714391875,3716375,0.64076093,256,807680,807935,807886,0
808191,426364715254291,3736709,0.60188761,256,807936,808191,808135,0
808447,426364716138625,3708375,0.64467236,256,808192,808447,808411,0
808703,426364717090041,3627750,0.61130411,256,808448,808703,808568,0
808959,426364717992333,3623542,0.62364927,256,808704,808959,808705,0
809215,426364718898000,3598916,0.67610459,256,808960,809215,809061,0
809471,426364719723166,3647042,0.61156548,256,809216,809471,809322,0
809727,426364720591125,3658916,0.64185669,256,809472,809727,809531,0
809983,426364721468458,3647750,0.60819544,256,809728,809983,809835,0
810239,426364722336083,3651625,0.60853292,256,809984,810239,810172,0
810495,426364723305750,3563083,0.62492758,256,810240,810495,810455,0
810751,426364724116166,3653292,0.67894507,256,810496,810751,810670,0
811007,426364724991958,3639417,0.60293968,256,810752,811007,810874,0
811263,426364725857833,3678167,0.64961557,256,811008,811263,811141,0
811519,426364726799458,3604250,0.65605684,256,811264,811519,811445,0
811775,426364727682625,3600291,0.63862436,256,811520,811775,811769,0
812031,426364728537291,3625042,0.61520012,256,811776,812031,811924,0
812287,426364729391416,3706750,0.64809905,256,812032,812287,812177,0
812543,426364730258333,3716208,0.61243982,256,812288,812543,812291,0
812799,426364731134750,3709625,0.61548058,256,812544,812799,812614,0
813055,426364731994958,3724750,0.59380359,256,812800,813055,813048,0
813311,426364732899916,3702792,0.64472019,256,813056,813311,813083,0
813567,426364733816291,3661542,0.6762325,256,813312,813567,813542,0
813823,426364734689041,3659334,0.62823744,256,813568,813823,813626,0
814079,426364735547333,3719375,0.63039284,256,813824,814079,813973,0
814335,426364736445125,3645125,0.65093792,256,814080,814335,814183,0
814591,426364737273166,3673542,0.61951663,256,814336,814591,814506,0
814847,426364738171291,3637917,0.60176922,256,814592,814847,814706,0
815103,426364739024125,3611916,0.62239543,256,814848,815103,815087,0
815359,426364739954291,3550084,0.62346011,256,815104,815359,815153,0
815615,426364740789958,3619708,0.60631253,256,815360,815615,815412,0
815871,426364741600500,3704541,0.60674639,256,815616,815871,815743,0
816127,426364742475041,3678792,0.59356166,256,815872,816127,816042,0
816383,426364743366291,3648750,0.62176583,256,816128,816383,816319,0
816639,426364744306000,3603541,0.67761214,256,816384,816639,816606,0
816895,426364745164333,3595167,0.59797442,256,816640,816895,816650,0
817151,426364746137250,3484125,0.63351258,256,816896,817151,816970,0
817407,426364746990250,3506250,0.6318691,256,817152,817407,817349,0
817663,426364747901208,3463750,0.60372303,256,817408,817663,817572,0
817919,426364748813208,3402333,0.5882785,256,817664,817919,817751,0
818175,426364749637166,3434125,0.59024759,256,817920,818175,818099,0
818431,426364750540750,3401708,0.6188372,256,818176,818431,818420,0
818687,426364751401250,3391458,0.68728591,256,818432,818687,818577,0
818943,426364752302791,3337875,0.61264445,256,818688,818943,818860,0
819199,426364753163666,3355125,0.60049282,256,818944,819199,819088,0
819455,426364754051666,3302542,0.61710258,256,819200,819455,819209,0
819711,426364754953583,3261833,0.6286582,256,819456,819711,819592,0
819967,426364755842208,3264333,0.6453923,256,819712,819967,819761,0
820223,426364756785583,3189208,0.58354475,256,819968,820223,820090,0
820479,426364757635916,3224375,0.6416423,256,820224,820479,820262,0
820735,426364758528916,3206792,0.63129476,256,820480,820735,820723,0
820991,426364759378708,3201708,0.62201745,256,820736,820991,820885,0
821247,426364760284166,3123792,0.64913662,256,820992,821247,821021,0
821503,426364761109458,3199333,0.64973736,256,821248,821503,821379,0
821759,426364762012125,3158958,0.61284035,256,821504,821759,821740,0
822015,426364762835875,3187458,0.59641035,256,821760,822015,822001,0
822271,426364763742500,3169666,0.64470687,256,822016,822271,822057,0
822527,426364764565125,3199541,0.63934525,256,822272,822527,822519,0
822783,426364765471708,3179375,0.68487594,256,822528,822783,822573,0
823039,426364766303541,3217834,0.60635518,256,822784,823039,822827,0
823295,426364767262000,3148333,0.63492915,256,823040,823295,823095,0
823551,426364768158291,3127375,0.64038003,256,823296,823551,823424,0
823807,426364769014166,3115792,0.60458498,256,823552,823807,823626,0
824063,426364769915166,3052500,0.61138184,256,823808,824063,823938,0
824319,426364770812541,2994459,0.57218914,256,824064,824319,824261,0
824575,426364771671250,6014500,0.62098797,256,824320,824575,824466,0
824831,426364772542583,5144708,0.62856775,256,824576,824831,824618,0
825087,426364773484583,4203792,0.59053032,256,824832,825087,824870,0
825343,426364774359583,3370250,0.64044553,256,825088,825343,825223,0
825599,426364775756000,2399791,0.62097953,256,825344,825599,825488,0
825855,426364777680250,1346916,0.61062979,256,825600,825855,825660,0
826111,426364777695333,2199625,0.60962017,256,825856,826111,826008,0
826367,426364777938166,2841750,0.61720247,256,826112,826367,826347,0
826623,426364778824416,2819584,0.64102501,256,826368,826623,826538,0
826879,426364779717875,2766958,0.6052075,256,826624,826879,826627,0
827135,426364780653833,2687833,0.59691529,256,826880,827135,827134,0
827391,426364781551625,2646875,0.6443855,256,827136,827391,827259,0
827647,426364782438666,2628750,0.65614144,256,827392,827647,827559,0
827903,426364783284500,2616458,0.57842803,256,827648,827903,827773,0
828159,426364784191541,2601250,0.6332931,256,827904,828159,828081,0
828415,426364785102125,2531583,0.58710934,256,828160,828415,828196,0
828671,426364785962125,2509583,0.60331849,256,828416,828671,828493,0
828927,426364786881875,2429208,0.61998326,256,828672,828927,828701,0
829183,426364787764958,2408125,0.65400459,256,828928,829183,829035,0
829439,426364788567458,2447250,0.5891788,256,829184,829439,829268,0
829695,426364789465083,2427958,0.6458288,256,829440,829695,829599,0
829951,426364790352750,2391583,0.59749237,256,829696,829951,829752,0
830207,426364791255333,2343500,0.597402,256,829952,830207,830061,0
830463,426364792116416,2346459,0.66563199,256,830208,830463,830416,0
830719,426364792984541,2311250,0.61983034,256,830464,830719,830526,0
830975,426364793898583,2242250,0.61303204,256,830720,830975,830869,0
831231,426364794775333,2205750,0.60281846,256,830976,831231,831136,0
831487,426364795627625,2203375,0.59442221,256,831232,831487,831299,0
831743,426364796502041,2152500,0.59648675,256,831488,831743,831707,0
831999,426364797405750,2066083,0.59384777,256,831744,831999,831879,0
832255,426364798283541,2061667,0.65585927,256,832000,832255,832050,0
832511,426364799175000,2029625,0.63750405,256,832256,832511,832395,0
832767,426364800088708,1976125,0.65071636,256,832512,832767,832698,0
833023,426364800913625,1971208,0.59603534,256,832768,833023,832882,0
833279,426364801789708,1945958,0.61297029,256,833024,833279,833178,0
833535,426364802670041,1904834,0.62639294,256,833280,833535,833314,0
833791,426364803516916,1894625,0.61854913,256,833536,833791,833631,0
834047,426364804363791,1881834,0.6080745,256,833792,834047,833995,0
834303,426364805198791,1911292,0.63534921,256,834048,834303,834202,0
834559,426364806044625,1924916,0.61000586,256,834304,834559,834365,0
834815,426364806923833,1890750,0.59199943,256,834560,834815,834650,0
835071,426364807793958,1883083,0.62598071,256,834816,835071,834911,0
835327,426364808713208,1784875,0.62042115,256,835072,835327,835310,0
835583,426364809601333,1717750,0.6007891,256,835328,835583,835384,0
835839,426364810512500,1612291,0.60044824,256,835584,835839,835687,0
836095,426364811363125,1660958,0.62258164,256,835840,836095,836031,0
836351,426364812260666,1620542,0.61672773,256,836096,836351,836177,0
836607,426364813138541,1575917,0.63793373,256,836352,836607,836484,0
836863,426364814032166,1557084,0.65676825,256,836608,836863,836807,0
837119,426364814880500,1526625,0.59189767,256,836864,837119,837104,0
837375,426364815790500,1490125,0.65469798,256,837120,837375,837363,0
837631,426364816683125,1433250,0.63176897,256,837376,837631,837523,0
837887,426364817542791,1420500,0.61766377,256,837632,837887,837852,0
838143,426364818427000,1374208,0.59563738,256,837888,838143,837928,0
838399,426364819389666,1216125,0.59642016,256,838144,838399,838174,0
838655,426364820284750,1170333,0.66309834,256,838400,838655,838535,0
838911,426364821206541,1088250,0.61057383,256,838656,838911,838830,0
839167,426364822101708,1049125,0.59880173,256,838912,839167,838927,0
839423,426364823001791,966625,0.60759245,256,839168,839423,839191,0
839679,426364823894875,910708,0.65781552,256,839424,839679,839424,0
839935,426364824791750,837291,0.63380544,256,839680,839935,839704,0
840191,426364825694625,859041,0.60113956,256,839936,840191,840093,0
840447,426364826539541,859292,0.62129579,256,840192,840447,840357,0
840703,426364827406416,871875,0.62064396,256,840448,840703,840657,0
840959,426364828276166,1723292,0.60302827,256,840704,840959,840880,0
841215,426364829153083,1866208,0.60785975,256,840960,841215,841179,0
841471,426364829988708,1859833,0.61596974,256,841216,841471,841397,0
841727,426364830896458,1788125,0.57658246,256,841472,841727,841494,0
841983,426364831747833,1755292,0.62374666,256,841728,841983,841951,0
842239,426364832665083,1734792,0.6010083,256,841984,842239,842117,0
842495,426364833519958,1644833,0.58368317,256,842240,842495,842310,0
842751,426364834404791,1575000,0.58232311,256,842496,842751,842585,0
843007,426364835263291,1580750,0.6099363,256,842752,843007,842804,0
843263,426364836102666,1575125,0.60607571,256,843008,843263,843247,0
843519,426364837058916,1473625,0.61528807,256,843264,843519,843281,0
843775,426364837940500,1427833,0.60940541,256,843520,843775,843775,0
844031,426364838788250,1399291,0.65134198,256,843776,844031,843862,0
844287,426364839707166,1310959,0.62799196,256,844032,844287,844136,0
844543,426364840586583,1316292,0.64382915,256,844288,844543,844454,0
844799,426364841478750,1202166,0.61922696,256,844544,844799,844668,0
845055,426364842355875,1160125,0.59839023,256,844800,845055,845031,0
845311,426364843215666,1121167,0.62816033,256,845056,845311,845159,0
845567,426364844070875,1075791,0.64913908,256,845312,845567,845529,0
845823,426364844987875,983791,0.59932455,256,845568,845823,845820,0
846079,426364845945166,854834,0.58963899,256,845824,846079,845982,0
846335,426364846751250,885791,0.65642894,256,846080,846335,846328,0
846591,426364847620000,848791,0.61479246,256,846336,846591,846554,0
846847,426364848526958,816958,0.58687898,256,846592,846847,846724,0
847103,426364849353416,809209,0.5812468,256,846848,847103,847029,0
847359,426364850279166,817750,0.60889053,256,847104,847359,847192,0
847615,426364851141458,855417,0.6789547,256,847360,847615,847564,0
847871,426364851998791,825000,0.63423499,256,847616,847871,847770,0
848127,426364852819625,828291,0.62730144,256,847872,848127,847963,0
848383,426364853664041,834959,0.57473111,256,848128,848383,848260,0
848639,426364854548041,839875,0.64256733,256,848384,848639,848558,0
848895,426364855433333,825208,0.62837244,256,848640,848895,848738,0
849151,426364856372500,868208,0.5982365,256,848896,849151,848934,0
849407,426364857208375,857875,0.60359799,256,849152,849407,849210,0
849663,426364858100500,815875,0.59659302,256,849408,849663,849648,0
849919,426364858977375,815458,0.58975026,256,849664,849919,849840,0
850175,426364859916583,1724292,0.61424866,256,849920,850175,850051,0
850431,426364860772208,1864417,0.62930165,256,850176,850431,850343,0
850687,426364861626250,1854375,0.58270619,256,850432,850687,850654,0
850943,426364862477750,1818666,0.58112582,256,850688,850943,850827,0
851199,426364863388125,1751000,0.62488011,256,850944,851199,850957,0
851455,426364864231541,1750792,0.58236464,256,851200,851455,851396,0
851711,426364865097708,1708958,0.62010245,256,851456,851711,851578,0
851967,426364866020125,1631833,0.61091659,256,851712,851967,851830,0
852223,426364866924125,1544583,0.60658991,256,851968,852223,852213,0
852479,426364867836958,1446375,0.57312292,256,852224,852479,852448,0
852735,426364868709083,1414833,0.61519844,256,852480,852735,852489,0
852991,426364869586750,1370375,0.60823272,256,852736,852991,852905,0
853247,426364870443375,1322291,0.61129457,256,852992,853247,853016,0
853503,426364871376541,1210334,0.60562089,256,853248,853503,853295,0
853759,426364872251458,1158208,0.60377393,256,853504,853759,853520,0
854015,426364873135750,1120958,0.62713047,256,853760,854015,853836,0
854271,426364874042916,1052917,0.65692913,256,854016,854271,854263,0
854527,426364874891000,1030916,0.61805452,256,854272,854527,854465,0
854783,426364875724958,1004833,0.60662932,256,854528,854783,854587,0
855039,426364876676375,864291,0.62261602,256,854784,855039,854803,0
855295,426364877568916,823000,0.61549548,256,855040,855295,855236,0
855551,426364878424625,815583,0.59535012,256,855296,855551,855536,0
855807,426364879325416,819709,0.60383213,256,855552,855807,855690,0
856063,426364880235208,850292,0.58227665,256,855808,856063,856062,0
856319,426364881111916,1631375,0.57086195,256,856064,856319,856064,0
856575,426364882014500,2346291,0.59378722,256,856320,856575,856332,0
856831,426364882892541,3075667,0.62129146,256,856576,856831,856802,0
857087,426364883757958,3800000,0.62494963,256,856832,857087,856835,0
857343,426364884618041,4529042,0.58792185,256,857088,857343,857302,0
857599,426364885508708,4741542,0.61263605,256,857344,857599,857590,0
857855,426364886367333,4713000,0.59954949,256,857600,857855,857720,0
858111,426364887253125,4609375,0.61526841,256,857856,858111,857875,0
858367,426364888154541,4562667,0.61289621,256,858112,858367,858324,0
858623,426364889069583,4510250,0.69292101,256,858368,858623,858558,0
858879,426364889904333,4497042,0.59693152,256,858624,858879,858667,0
859135,426364890803041,4422542,0.62245042,256,858880,859135,859046,0
859391,426364891695125,4321750,0.58982097,256,859136,859391,859381,0
859647,426364892597875,4232708,0.59891146,256,859392,859647,859472,0
859903,426364893544916,4098875,0.59958757,256,859648,859903,859897,0
860159,426364894438625,3993208,0.58000046,256,859904,860159,860050,0
860415,426364895363875,3861250,0.60133077,256,860160,860415,860289,0
860671,426364896211791,3859834,0.63295032,256,860416,860671,860666,0
860927,426364897134958,3750375,0.59501282,256,860672,860927,860790,0
861183,426364897986958,3713542,0.60153947,256,860928,861183,861002,0
861439,426364898906750,3599416,0.59158211,256,861184,861439,861373,0
861695,426364899772041,3565375,0.64671385,256,861440,861695,861544,0
861951,426364900663541,3512709,0.63386269,256,861696,861951,861875,0
862207,426364901595208,3391250,0.63145207,256,861952,862207,862172,0
862463,426364902470583,3346000,0.63753856,256,862208,862463,862260,0
862719,426364903370833,3252000,0.63687953,256,862464,862719,862655,0
862975,426364904249041,3192417,0.60181328,256,862720,862975,862774,0
863231,426364905143958,3098917,0.64143286,256,862976,863231,862978,0
863487,426364906048958,2995125,0.61257362,256,863232,863487,863429,0
863743,426364906958833,2863125,0.60967855,256,863488,863743,863686,0
863999,426364907844291,2781209,0.59341199,256,863744,863999,863831,0
864255,426364908681250,2793333,0.64639082,256,864000,864255,864021,0
864511,426364909516291,2748250,0.62883106,256,864256,864511,864431,0
864767,426364910388041,2664417,0.56860543,256,864512,864767,864630,0
865023,426364911287416,2573250,0.60762078,256,864768,865023,865012,0
865279,426364912149708,2513833,0.61130886,256,865024,865279,865189,0
865535,426364913046208,2409417,0.5750652,256,865280,865535,865347,0
865791,426364913958291,2292792,0.58355571,256,865536,865791,865754,0
866047,426364914837208,2213750,0.61997599,256,865792,866047,866045,0
866303,426364915695958,2158125,0.60002854,256,866048,866303,866212,0
866559,426364916594250,2066500,0.63354144,256,866304,866559,866553,0
866815,426364917506666,1959167,0.61653147,256,866560,866815,866699,0
867071,426364918376625,1870041,0.56357814,256,866816,867071,866908,0
867327,426364919192125,1858666,0.60738056,256,867072,867327,867316,0
867583,426364920099708,1749958,0.61848223,256,867328,867583,867567,0
867839,426364920977000,1673625,0.5728344,256,867584,867839,867799,0
868095,426364921838375,1609791,0.61213227,256,867840,868095,868026,0
868351,426364922698000,1548708,0.59197516,256,868096,868351,868185,0
868607,426364923684375,1351125,0.59319544,256,868352,868607,868469,0
868863,426364924573958,1262833,0.59242797,256,868608,868863,868764,0
869119,426364925398583,1231458,0.59253761,256,868864,869119,869107,0
869375,426364926278208,1216208,0.6337925,256,869120,869375,869185,0
869631,426364927142958,1156625,0.60585419,256,869376,869631,869377,0
869887,426364928045333,1038000,0.59063498,256,869632,869887,869883,0
870143,426364928933375,956583,0.61252297,256,869888,870143,870042,0
870399,426364929802916,909667,0.63678324,256,870144,870399,870318,0
870655,426364930635000,888875,0.61420734,256,870400,870655,870414,0
870911,426364931566125,819833,0.60904724,256,870656,870911,870774,0
871167,426364932439625,800250,0.60613878,256,870912,871167,871059,0
871423,426364933291375,837208,0.60333579,256,871168,871423,871168,0
871679,426364934193291,838959,0.61424834,256,871424,871679,871517,0
871935,426364935123041,841375,0.59625723,256,871680,871935,871789,0
872191,426364935991208,1741833,0.61436095,256,871936,872191,872096,0
872447,426364936876458,2474708,0.63025999,256,872192,872447,872376,0
872703,426364937790166,3039584,0.66362755,256,872448,872703,872543,0
872959,426364938660750,3019291,0.62217051,256,872704,872959,872917,0
873215,426364939545833,2976375,0.61708042,256,872960,873215,873174,0
873471,426364940416500,2961666,0.64805175,256,873216,873471,873382,0
873727,426364941333291,2864250,0.60259417,256,873472,873727,873615,0
873983,426364942268333,2753625,0.62971467,256,873728,873983,873773,0
874239,426364943175666,2666084,0.61590293,256,873984,874239,874003,0
874495,426364944035875,2633208,0.62529003,256,874240,874495,874439,0
874751,426364944898750,2609875,0.62864922,256,874496,874751,874749,0
875007,426364945817833,2501083,0.59333768,256,874752,875007,874937,0
875263,426364946679250,2475208,0.62037311,256,875008,875263,875030,0
875519,426364947521750,2454166,0.61166759,256,875264,875519,875516,0
875775,426364948409500,2413958,0.63898438,256,875520,875775,875524,0
876031,426364949306291,2319334,0.60579449,256,875776,876031,875865,0
876287,426364950175583,2269333,0.59432828,256,876032,876287,876156,0
876543,426364951039375,2211500,0.57141594,256,876288,876543,876495,0
876799,426364951898625,2182583,0.58731305,256,876544,876799,876756,0
877055,426364952769541,2144167,0.63939749,256,876800,877055,877044,0
877311,426364953668166,2076542,0.62799182,256,877056,877311,877062,0
877567,426364954597625,1975583,0.63027226,256,877312,877567,877374,0
877823,426364955471875,1912166,0.58755874,256,877568,877823,877610,0
878079,426364956348291,1879750,0.62146377,256,877824,878079,877982,0
878335,426364957239625,1813708,0.60246461,256,878080,878335,878132,0
878591,426364958129958,1740208,0.59872554,256,878336,878591,878429,0
878847,426364958972666,1718250,0.59446178,256,878592,878847,878809,0
879103,426364959886333,1637125,0.61647809,256,878848,879103,879082,0
879359,426364960733916,1626375,0.61940373,256,879104,879359,879121,0
879615,426364961617708,1564250,0.64121584,256,879360,879615,879528,0
879871,426364962585791,1440834,0.60850876,256,879616,879871,879793,0
880127,426364963431500,1414333,0.59243858,256,879872,880127,880049,0
880383,426364964371333,1305417,0.63755647,256,880128,880383,880220,0
880639,426364965276750,1233208,0.61990284,256,880384,880639,880394,0
880895,426364966147500,1204416,0.6298314,256,880640,880895,880816,0
881151,426364967083166,1090584,0.5681895,256,880896,881151,881068,0
881407,426364967967750,1033500,0.58800449,256,881152,881407,881254,0
881663,426364968862208,945167,0.58821582,256,881408,881663,881558,0
881919,426364969703458,940417,0.61040398,256,881664,881919,881805,0
882175,426364970520083,943500,0.6066355,256,881920,882175,882016,0
882431,426364971420333,851667,0.57977163,256,882176,882431,882353,0
882687,426364972320000,1569625,0.65932005,256,882432,882687,882599,0
882943,426364973205333,1717500,0.594451,256,882688,882943,882812,0
883199,426364974087208,1665583,0.60274246,256,882944,883199,883133,0
883455,426364974978666,1581959,0.59988771,256,883200,883455,883364,0
883711,426364975869291,1544792,0.6686183,256,883456,883711,883692,0
883967,426364976786916,1432792,0.60820329,256,883712,883967,883720,0
884223,426364977674208,1350000,0.61662286,256,883968,884223,884199,0
884479,426364978560125,1310375,0.64193169,256,884224,884479,884347,0
884735,426364979451125,1230041,0.58499298,256,884480,884735,884588,0
884991,426364980325041,1148000,0.58960647,256,884736,884991,884954,0
885247,426364981163666,1111625,0.6016676,256,884992,885247,885064,0
885503,426364982071500,1040333,0.61858467,256,885248,885503,885336,0
885759,426364982993166,950709,0.59487259,256,885504,885759,885695,0
886015,426364983868416,889000,0.57453155,256,885760,886015,885774,0
886271,426364984768833,1601333,0.58325845,256,886016,886271,886087,0
886527,426364985604000,1791041,0.59289488,256,886272,886527,886448,0
886783,426364986578500,1624833,0.62981849,256,886528,886783,886568,0
887039,426364987438750,1588000,0.61250639,256,886784,887039,886967,0
887295,426364988341750,1555000,0.65859587,256,887040,887295,887048,0
887551,426364989203166,1511042,0.60433851,256,887296,887551,887327,0
887807,426364990057958,1472625,0.58603592,256,887552,887807,887736,0
888063,426364990934708,1423833,0.58117719,256,887808,888063,888034,0
888319,426364991828500,1357416,0.6051523,256,888064,888319,888138,0
888575,426364992647291,1362584,0.60298794,256,888320,888575,888341,0
888831,426364993563666,1261542,0.59933504,256,888576,888831,888796,0
889087,426364994422000,1221500,0.64303692,256,888832,889087,889078,0
889343,426364995307666,1156917,0.62150001,256,889088,889343,889100,0
889599,426364996284083,992875,0.58952888,256,889344,889599,889516,0
889855,426364997096041,1010459,0.61402743,256,889600,889855,889611,0
890111,426364998021541,924542,0.61915101,256,889856,890111,889963,0
890367,426364998854416,951417,0.61467062,256,890112,890367,890317,0
890623,426364999720208,871708,0.59832341,256,890368,890623,890499,0
890879,426365000608458,878625,0.5910827,256,890624,890879,890815,0
891135,426365001494041,863250,0.60441898,256,890880,891135,890906,0
891391,426365002403375,859875,0.61028263,256,891136,891391,891281,0
891647,426365003252083,880167,0.66421782,256,891392,891647,891410,0
891903,426365004122125,853041,0.64918656,256,891648,891903,891800,0
892159,426365005029291,828750,0.62763628,256,891904,892159,891924,0
892415,426365005931416,832292,0.59030164,256,892160,892415,892263,0
892671,426365006815166,904334,0.65669599,256,892416,892671,892546,0
892927,426365007705291,853875,0.59736265,256,892672,892927,892835,0
893183,426365008576458,850625,0.62120374,256,892928,893183,893029,0
893439,426365009503500,879375,0.60772612,256,893184,893439,893425,0
893695,426365010413375,840333,0.60193256,256,893440,893695,893481,0
893951,426365011349875,861458,0.61228407,256,893696,893951,893891,0
894207,426365012235625,858125,0.62012724,256,893952,894207,893966,0
894463,426365013105833,856458,0.62712254,256,894208,894463,894281,0
894719,426365013994500,1732166,0.59939127,256,894464,894719,894578,0
894975,426365014878375,1853833,0.62206653,256,894720,894975,894923,0
895231,426365015793291,1769042,0.62019624,256,894976,895231,895197,0
895487,426365016737625,1678500,0.62414991,256,895232,895487,895367,0
895743,426365017643000,1633541,0.62464416,256,895488,895743,895509,0
895999,426365018466541,1620375,0.59181943,256,895744,895999,895962,0
896255,426365019297083,1600083,0.63017868,256,896000,896255,896085,0
896511,426365020201708,1519292,0.61242889,256,896256,896511,896400,0
896767,426365021115333,1420750,0.59227937,256,896512,896767,896660,0
897023,426365022027791,1343334,0.59442219,256,896768,897023,896912,0
897279,426365022960833,1249708,0.63925784,256,897024,897279,897231,0
897535,426365023905000,1126541,0.61598194,256,897280,897535,897317,0
897791,426365024830833,1024708,0.60010546,256,897536,897791,897762,0
898047,426365025711250,978791,0.61103145,256,897792,898047,897792,0
898303,426365026611625,921625,0.61090879,256,898048,898303,898079,0
898559,426365027517958,856583,0.61692627,256,898304,898559,898449,0
898815,426365028410875,1714208,0.59929395,256,898560,898815,898638,0
899071,426365029241958,1877208,0.64087453,256,898816,899071,898872,0
899327,426365030073166,1860209,0.6315689,256,899072,899327,899100,0
899583,426365030959708,1810333,0.63829549,256,899328,899583,899582,0
899839,426365031834375,1792125,0.62853484,256,899584,899839,899785,0
900095,426365032698166,1807750,0.60755528,256,899840,900095,899992,0
900351,426365033606166,1757875,0.60530327,256,900096,900351,900165,0
900607,426365034477041,1739459,0.62263458,256,900352,900607,900529,0
900863,426365035396416,1678959,0.60779822,256,900608,900863,900800,0
901119,426365036322500,1589791,0.60230919,256,900864,901119,900956,0
901375,426365037212625,1527250,0.59317879,256,901120,901375,901154,0
901631,426365038164000,1429083,0.63330478,256,901376,901631,901378,0
901887,426365038984375,1481708,0.64410942,256,901632,901887,901775,0
902143,426365039883875,1432500,0.59992807,256,901888,902143,902083,0
902399,426365040744166,1419125,0.6023155,256,902144,902399,902198,0
902655,426365041651208,1389667,0.6397648,256,902400,902655,902632,0
902911,426365042523083,1378333,0.63364895,256,902656,902911,902719,0
903167,426365043420708,1326000,0.60877202,256,902912,903167,902968,0
903423,426365044319583,1289250,0.62750057,256,903168,903423,903340,0
903679,426365045215250,1288458,0.63772835,256,903424,903679,903564,0
903935,426365046146791,1220209,0.61225154,256,903680,903935,903693,0
904191,426365047101208,1141208,0.64164905,256,903936,904191,903983,0
904447,426365048006208,1091958,0.64319282,256,904192,904447,904236,0
904703,426365048825166,1136625,0.62274917,256,904448,904703,904562,0
904959,426365049658541,1193584,0.63732299,256,904704,904959,904909,0
905215,426365050492791,1201334,0.574203,256,904960,905215,905132,0
905471,426365051364000,1205000,0.64122953,256,905216,905471,905392,0
905727,426365052279708,1153333,0.64987984,256,905472,905727,905685,0
905983,426365053162833,1143583,0.60605493,256,905728,905983,905837,0
906239,426365054056333,1119917,0.60210979,256,905984,906239,906218,0
906495,426365054978875,1057750,0.65296432,256,906240,906495,906301,0
906751,426365055881166,1008250,0.64018076,256,906496,906751,906720,0
907007,426365056800416,949167,0.62623433,256,906752,907007,906952,0
907263,426365057712166,885084,0.63829761,256,907008,907263,907086,0
907519,426365058597208,851667,0.61976185,256,907264,907519,907469,0
907775,426365059483500,1686583,0.58714956,256,907520,907775,907579,0
908031,426365060449166,1767917,0.64076093,256,907776,908031,907886,0
908287,426365061341833,1719292,0.61442276,256,908032,908287,908215,0
908543,426365062249875,1661375,0.64467236,256,908288,908543,908411,0
908799,426365063098458,1672208,0.62364927,256,908544,908799,908705,0
909055,426365063997125,1639333,0.6551776,256,908800,909055,909033,0
909311,426365064875291,1632459,0.67610459,256,909056,909311,909061,0
909567,426365065771041,1608042,0.64185669,256,909312,909567,909531,0
909823,426365066594291,1613667,0.59322286,256,909568,909823,909671,0
910079,426365067501208,1545833,0.60819544,256,909824,910079,909835,0
910335,426365068407541,1503167,0.60853292,256,910080,910335,910172,0
910591,426365069319250,1454791,0.62492758,256,910336,910591,910455,0
910847,426365070145083,1507750,0.67894507,256,910592,910847,910670,0
911103,426365071030833,1486833,0.60293968,256,910848,911103,910874,0
911359,426365071907375,1509625,0.64961557,256,911104,911359,911141,0
911615,426365072839083,1456792,0.65605684,256,911360,911615,911445,0
911871,426365073729500,1446458,0.63862436,256,911616,911871,911769,0
912127,426365074572166,1511542,0.64265163,256,911872,912127,912100,0
912383,426365075399875,1600166,0.64809905,256,912128,912383,912177,0
912639,426365076282708,1587333,0.61548058,256,912384,912639,912614,0
912895,426365077141083,1603667,0.59944774,256,912640,912895,912746,0
913151,426365078025750,1591208,0.64472019,256,912896,913151,913083,0
913407,426365078945375,1561541,0.6103563,256,913152,913407,913170,0
913663,426365079824416,1581292,0.6762325,256,913408,913663,913542,0
913919,426365080711583,1544375,0.59521602,256,913664,913919,913768,0
914175,426365081588833,1539000,0.63039284,256,913920,914175,913973,0
914431,426365082440791,1548625,0.65093792,256,914176,914431,914183,0
914687,426365083309125,1548875,0.61951663,256,914432,914687,914506,0
914943,426365084180791,1532125,0.60176922,256,914688,914943,914706,0
915199,426365085046625,1512916,0.62346011,256,914944,915199,915153,0
915455,426365085996208,1428667,0.62318861,256,915200,915455,915354,0
915711,426365086774666,1561917,0.60593528,256,915456,915711,915509,0
915967,426365087645458,1546958,0.60674639,256,915712,915967,915743,0
916223,426365088509333,1549083,0.61005339,256,915968,916223,916139,0
916479,426365089437166,1477542,0.62176583,256,916224,916479,916319,0
916735,426365090333041,1489750,0.67761214,256,916480,916735,916606,0
916991,426365091213500,1454541,0.63351258,256,916736,916991,916970,0
917247,426365092146416,1375375,0.5999705,256,916992,917247,917040,0
917503,426365093052208,1365792,0.6318691,256,917248,917503,917349,0
917759,426365093962833,1318750,0.60372303,256,917504,917759,917572,0
918015,426365094831833,1296958,0.58486997,256,917760,918015,917928,0
918271,426365095662666,1314334,0.59024759,256,918016,918271,918099,0
918527,426365096580083,1263875,0.6188372,256,918272,918527,918420,0
918783,426365097430708,1278250,0.68728591,256,918528,918783,918577,0
919039,426365098338083,1226833,0.61264445,256,918784,919039,918860,0
919295,426365099180291,1243625,0.61710258,256,919040,919295,919209,0
919551,426365100097208,1168833,0.60008443,256,919296,919551,919360,0
919807,426365100987916,1149667,0.6453923,256,919552,919807,919761,0
920063,426365101910250,1089583,0.63490297,256,919808,920063,919931,0
920319,426365102813500,1069208,0.6416423,256,920064,920319,920262,0
920575,426365103687041,1018792,0.60697028,256,920320,920575,920435,0
920831,426365104541375,1034166,0.63129476,256,920576,920831,920723,0
921087,426365105402416,993375,0.64913662,256,920832,921087,921021,0
921343,426365106287916,936125,0.60271673,256,921088,921343,921302,0
921599,426365107174541,925500,0.64973736,256,921344,921599,921379,0
921855,426365108019166,913125,0.61284035,256,921600,921855,921740,0
922111,426365108881125,892708,0.64470687,256,921856,922111,922057,0
922367,426365109765625,848916,0.59847605,256,922112,922367,922228,0
922623,426365110621708,904000,0.68487594,256,922368,922623,922573,0
922879,426365111461708,944333,0.65457102,256,922624,922879,922634,0
923135,426365112367916,949417,0.63492915,256,922880,923135,923095,0
923391,426365113295500,2567916,0.60867924,256,923136,923391,923370,0
923647,426365114188875,2608375,0.64038003,256,923392,923647,923424,0
923903,426365115936666,1690667,0.59896902,256,923648,923903,923733,0
924159,426365115988500,2458250,0.61138184,256,923904,924159,923938,0
924415,426365116814458,2449750,0.59470801,256,924160,924415,924345,0
924671,426365117689291,2414834,0.62856775,256,924416,924671,924618,0
924927,426365118583083,2358333,0.61344227,256,924672,924927,924746,0
925183,426365119513208,2281250,0.6257972,256,924928,925183,925107,0
925439,426365120391708,2255042,0.64044553,256,925184,925439,925223,0
925695,426365121275875,2231875,0.62097953,256,925440,925695,925488,0
925951,426365122159333,2193625,0.60027526,256,925696,925951,925892,0
926207,426365123080708,2115167,0.60962017,256,925952,926207,926008,0
926463,426365123961791,2100292,0.61720247,256,926208,926463,926347,0
926719,426365124883416,2012459,0.64102501,256,926464,926719,926538,0
926975,426365125766125,1959500,0.58298577,256,926720,926975,926939,0
927231,426365126707666,1841459,0.59691529,256,926976,927231,927134,0
927487,426365127573458,1825292,0.6443855,256,927232,927487,927259,0
927743,426365128439875,1801750,0.65614144,256,927488,927743,927559,0
927999,426365129307625,1776416,0.61236989,256,927744,927999,927933,0
928255,426365130225833,1688375,0.6332931,256,928000,928255,928081,0
928511,426365131169708,1573917,0.60331849,256,928256,928511,928493,0
928767,426365131996916,1576375,0.61998326,256,928512,928767,928701,0
929023,426365132942583,1447833,0.61927423,256,928768,929023,929022,0
929279,426365133761625,1465666,0.65400459,256,929024,929279,929035,0
929535,426365134626750,1426375,0.59429185,256,929280,929535,929521,0
929791,426365135506166,1395959,0.6458288,256,929536,929791,929599,0
930047,426365136427000,1307083,0.57496355,256,929792,930047,929961,0
930303,426365137283000,1300125,0.61188899,256,930048,930303,930235,0
930559,426365138138458,1265292,0.66563199,256,930304,930559,930416,0
930815,426365139059708,1175417,0.61237411,256,930560,930815,930771,0
931071,426365139912625,1124875,0.61303204,256,930816,931071,930869,0
931327,426365140829916,1038917,0.60281846,256,931072,931327,931136,0
931583,426365141651875,1023208,0.58536498,256,931328,931583,931373,0
931839,426365142569291,915167,0.59648675,256,931584,931839,931707,0
932095,426365143460791,854292,0.65585927,256,931840,932095,932050,0
932351,426365144298041,865792,0.63461657,256,932096,932351,932128,0
932607,426365145202833,848708,0.63750405,256,932352,932607,932395,0
932863,426365146093250,878333,0.65071636,256,932608,932863,932698,0
933119,426365146932416,868292,0.59603534,256,932864,933119,932882,0
933375,426365147818458,846625,0.62639294,256,933120,933375,933314,0
933631,426365148699916,1700792,0.61854913,256,933376,933631,933631,0
933887,426365149531291,1860584,0.59182307,256,933632,933887,933733,0
934143,426365150349083,1894833,0.6080745,256,933888,934143,933995,0
934399,426365151217458,1897500,0.63534921,256,934144,934399,934202,0
934655,426365152075708,1898708,0.59496119,256,934400,934655,934459,0
934911,426365152952833,1851417,0.62598071,256,934656,934911,934911,0
935167,426365153817708,1837250,0.60876253,256,934912,935167,935063,0
935423,426365154761458,1715167,0.62042115,256,935168,935423,935310,0
935679,426365155669250,1627375,0.58537973,256,935424,935679,935521,0
935935,426365156518291,1625292,0.60120333,256,935680,935935,935916,0
936191,426365157389333,1672417,0.62258164,256,935936,936191,936031,0
936447,426365158286500,1572041,0.61138218,256,936192,936447,936198,0
936703,426365159179208,1578625,0.63793373,256,936448,936703,936484,0
936959,426365160066083,1506958,0.65676825,256,936704,936959,936807,0
937215,426365160923208,1513667,0.65068601,256,936960,937215,937136,0
937471,426365161819208,1457625,0.65469798,256,937216,937471,937363,0
937727,426365162722625,1396666,0.63176897,256,937472,937727,937523,0
937983,426365163585125,1379375,0.61766377,256,937728,937983,937852,0
938239,426365164497416,1294917,0.59642016,256,937984,938239,938174,0
938495,426365165429791,1176667,0.59249444,256,938240,938495,938446,0
938751,426365166360375,1099416,0.66309834,256,938496,938751,938535,0
939007,426365167268041,1034917,0.61057383,256,938752,939007,938830,0
939263,426365168150208,983125,0.60759245,256,939008,939263,939191,0
939519,426365169038000,930541,0.65781552,256,939264,939519,939424,0
939775,426365169947458,860083,0.63992472,256,939520,939775,939588,0
940031,426365170853250,813708,0.59752637,256,939776,940031,939856,0
940287,426365171697958,1637000,0.60113956,256,940032,940287,940093,0
940543,426365172553125,2374916,0.62129579,256,940288,940543,940357,0
940799,426365173438375,3083875,0.62064396,256,940544,940799,940657,0
941055,426365174305458,3800958,0.60302827,256,940800,941055,940880,0
941311,426365175185791,4521584,0.60785975,256,941056,941311,941179,0
941567,426365176022000,5264208,0.61596974,256,941312,941567,941397,0
941823,426365176940083,5815083,0.56519687,256,941568,941823,941775,0
942079,426365177772500,5776541,0.62374666,256,941824,942079,941951,0
942335,426365178702083,5654417,0.6010083,256,942080,942335,942117,0
942591,426365179560583,5596208,0.58232311,256,942336,942591,942585,0
942847,426365180450416,5519417,0.6099363,256,942592,942847,942804,0
943103,426365181279750,5487958,0.60861314,256,942848,943103,942938,0
943359,426365182174041,5435750,0.61528807,256,943104,943359,943281,0
943615,426365183100541,5338250,0.60228561,256,943360,943615,943523,0
943871,426365183960250,5283875,0.65134198,256,943616,943871,943862,0
944127,426365184840291,5188542,0.59085038,256,943872,944127,944101,0
944383,426365185714416,5119667,0.62799196,256,944128,944383,944136,0
944639,426365186597583,5064625,0.64382915,256,944384,944639,944454,0
944895,426365187526750,4931958,0.61922696,256,944640,944895,944668,0
945151,426365188399625,4878875,0.59839023,256,944896,945151,945031,0
945407,426365189224250,4841541,0.62816033,256,945152,945407,945159,0
945663,426365190097000,4767125,0.64913908,256,945408,945663,945529,0
945919,426365191038750,4616166,0.59932455,256,945664,945919,945820,0
946175,426365191991625,4477583,0.60932984,256,945920,946175,946129,0
946431,426365192808208,4474500,0.65642894,256,946176,946431,946328,0
946687,426365193673916,4416500,0.61479246,256,946432,946687,946554,0
946943,426365194547916,4342500,0.58687898,256,946688,946943,946724,0
947199,426365195398083,4295125,0.60889053,256,946944,947199,947192,0
947455,426365196287625,4201583,0.60937281,256,947200,947455,947410,0
947711,426365197175208,4147875,0.6789547,256,947456,947711,947564,0
947967,426365197991583,4110583,0.63423499,256,947712,947967,947770,0
948223,426365198802958,4114167,0.60328595,256,947968,948223,948068,0
948479,426365199693416,4015375,0.57515766,256,948224,948479,948396,0
948735,426365200610041,3911125,0.64256733,256,948480,948735,948558,0
948991,426365201547875,3795875,0.62837244,256,948736,948991,948738,0
949247,426365202403250,3773000,0.60359799,256,948992,949247,949210,0
949503,426365203260208,3718458,0.58793211,256,949248,949503,949267,0
949759,426365204131000,3628875,0.59659302,256,949504,949759,949648,0
950015,426365205050083,3511500,0.5994441,256,949760,950015,949925,0
950271,426365205970958,3383875,0.61424866,256,950016,950271,950051,0
950527,426365206790250,3387791,0.62930165,256,950272,950527,950343,0
950783,426365207660916,3329000,0.58270619,256,950528,950783,950654,0
951039,426365208491333,3315083,0.62488011,256,950784,951039,950957,0
951295,426365209405041,3207125,0.59512176,256,951040,951295,951101,0
951551,426365210279333,3152333,0.60048011,256,951296,951551,951516,0
951807,426365211151666,3082917,0.62010245,256,951552,951807,951578,0
952063,426365212057625,2989833,0.61091659,256,951808,952063,951830,0
952319,426365212950916,2890292,0.60658991,256,952064,952319,952213,0
952575,426365213892083,2763625,0.61519844,256,952320,952575,952489,0
952831,426365214737833,2711708,0.59425728,256,952576,952831,952738,0
953087,426365215630291,2627334,0.61129457,256,952832,953087,953016,0
953343,426365216495875,2555375,0.60562089,256,953088,953343,953295,0
953599,426365217396791,2459167,0.60377393,256,953344,953599,953520,0
953855,426365218268500,2398833,0.62713047,256,953600,953855,953836,0
954111,426365219169166,2319542,0.6093607,256,953856,954111,953945,0
954367,426365220089791,2208000,0.65692913,256,954112,954367,954263,0
954623,426365220880208,2221292,0.61805452,256,954368,954623,954465,0
954879,426365221798833,2075250,0.62261602,256,954624,954879,954803,0
955135,426365222724375,1954750,0.58066394,256,954880,955135,955121,0
955391,426365223595500,1878750,0.61549548,256,955136,955391,955236,0
955647,426365224455333,1819583,0.59535012,256,955392,955647,955536,0
955903,426365225375625,1718833,0.60383213,256,955648,955903,955690,0
956159,426365226303958,1579792,0.58227665,256,955904,956159,956062,0
956415,426365227135583,1552625,0.59378722,256,956160,956415,956332,0
956671,426365228056333,1426250,0.61128015,256,956416,956671,956591,0
956927,426365228905125,1383125,0.62494963,256,956672,956927,956835,0
957183,426365229795000,1281416,0.59723363,256,956928,957183,957044,0
957439,426365230668500,1217000,0.58792185,256,957184,957439,957302,0
957695,426365231510458,1213833,0.61263605,256,957440,957695,957590,0
957951,426365232410708,1135333,0.61526841,256,957696,957951,957875,0
958207,426365233295333,1025792,0.57578576,256,957952,958207,957981,0
958463,426365234174958,998458,0.61289621,256,958208,958463,958324,0
958719,426365235065041,955834,0.69292101,256,958464,958719,958558,0
958975,426365235989291,854542,0.59034389,256,958720,958975,958883,0
959231,426365236820250,845041,0.62245042,256,958976,959231,959046,0
959487,426365237717708,849583,0.59891146,256,959232,959487,959472,0
959743,426365238658458,1750250,0.57563206,256,959488,959743,959582,0
959999,426365239580958,2351917,0.59958757,256,959744,959999,959897,0
960255,426365240492791,2217584,0.58000046,256,960000,960255,960050,0
960511,426365241380750,2125750,0.60133077,256,960256,960511,960289,0
960767,426365242260791,2079625,0.63295032,256,960512,960767,960666,0
961023,426365243165500,1994916,0.60153947,256,960768,961023,961002,0
961279,426365244048416,1928709,0.59920349,256,961024,961279,961040,0
961535,426365244938291,1839459,0.61675831,256,961280,961535,961523,0
961791,426365245816250,1795416,0.64671385,256,961536,961791,961544,0
962047,426365246726875,1735541,0.63386269,256,961792,962047,961875,0
962303,426365247608125,1665916,0.63753856,256,962048,962303,962260,0
962559,426365248515208,1574292,0.59024547,256,962304,962559,962375,0
962815,426365249433875,1486791,0.63687953,256,962560,962815,962655,0
963071,426365250293583,1429167,0.64143286,256,962816,963071,962978,0
963327,426365251181541,1340917,0.57790313,256,963072,963327,963300,0
963583,426365252098041,1218000,0.61257362,256,963328,963583,963429,0
963839,426365252996875,1114291,0.60967855,256,963584,963839,963686,0
964095,426365253848666,1069500,0.64639082,256,963840,964095,964021,0
964351,426365254716250,1024125,0.62097451,256,964096,964351,964121,0
964607,426365255522541,1008417,0.62883106,256,964352,964607,964431,0
964863,426365256415333,921792,0.56860543,256,964608,964863,964630,0
965119,426365257330916,815167,0.60762078,256,964864,965119,965012,0
965375,426365258199416,1620917,0.61130886,256,965120,965375,965189,0
965631,426365259082250,1749625,0.57097002,256,965376,965631,965478,0
965887,426365260000291,1616792,0.58355571,256,965632,965887,965754,0
966143,426365260873125,1550625,0.61997599,256,965888,966143,966045,0
966399,426365261713041,1513334,0.60002854,256,966144,966399,966212,0
966655,426365262630708,1405250,0.63354144,256,966400,966655,966553,0
966911,426365263546333,1290542,0.61653147,256,966656,966911,966699,0
967167,426365264379458,1236875,0.5885259,256,966912,967167,967159,0
967423,426365265262666,1166875,0.60738056,256,967168,967423,967316,0
967679,426365266086000,1141458,0.61848223,256,967424,967679,967567,0
967935,426365266981583,1036750,0.5728344,256,967680,967935,967799,0
968191,426365267867916,952084,0.61213227,256,967936,968191,968026,0
968447,426365268794666,809000,0.58448847,256,968192,968447,968213,0
968703,426365269706875,1669666,0.59319544,256,968448,968703,968469,0
968959,426365270627083,1748833,0.59242797,256,968704,968959,968764,0
969215,426365271420083,1809833,0.6337925,256,968960,969215,969185,0
969471,426365272292666,1780292,0.62627704,256,969216,969471,969375,0
969727,426365273209291,1672875,0.57674917,256,969472,969727,969699,0
969983,426365274090625,1605250,0.59063498,256,969728,969983,969883,0
970239,426365274967458,1577667,0.61252297,256,969984,970239,970042,0
970495,426365275819833,1559625,0.63678324,256,970240,970495,970318,0
970751,426365276693500,3641958,0.59948209,256,970496,970751,970710,0
971007,426365277774625,3654833,0.60904724,256,970752,971007,970774,0
971263,426365280571958,1640583,0.60613878,256,971008,971263,971059,0
971519,426365280586000,2434166,0.61424834,256,971264,971519,971517,0
971775,426365280595250,3258916,0.6132524,256,971520,971775,971536,0
972031,426365281143208,3494292,0.60373505,256,971776,972031,972002,0
972287,426365282081166,3364375,0.61460563,256,972032,972287,972272,0
972543,426365282911750,3360458,0.66362755,256,972288,972543,972543,0
972799,426365283836208,3242708,0.65393908,256,972544,972799,972558,0
973055,426365284705541,3214042,0.62217051,256,972800,973055,972917,0
973311,426365285550291,3201250,0.61708042,256,973056,973311,973174,0
973567,426365286453833,3112917,0.64805175,256,973312,973567,973382,0
973823,426365287383083,2984417,0.62971467,256,973568,973823,973773,0
974079,426365288309875,2885666,0.6198063,256,973824,974079,973982,0
974335,426365289207916,2766167,0.58066036,256,974080,974335,974261,0
974591,426365290091333,2703250,0.62529003,256,974336,974591,974439,0
974847,426365290970083,2637042,0.62864922,256,974592,974847,974749,0
975103,426365291852625,2571916,0.62037311,256,974848,975103,975030,0
975359,426365292678000,2515041,0.60885206,256,975104,975359,975108,0
975615,426365293563333,2451792,0.63898438,256,975360,975615,975524,0
975871,426365294463041,2362709,0.60914251,256,975616,975871,975632,0
976127,426365295342375,2276500,0.57826217,256,975872,976127,976010,0
976383,426365296184166,2232250,0.59432828,256,976128,976383,976156,0
976639,426365297042250,2165250,0.57141594,256,976384,976639,976495,0
976895,426365297939375,2068166,0.58731305,256,976640,976895,976756,0
977151,426365298828791,2022250,0.63939749,256,976896,977151,977044,0
977407,426365299750833,1885667,0.63027226,256,977152,977407,977374,0
977663,426365300622375,1825916,0.58755874,256,977408,977663,977610,0
977919,426365301517291,1714500,0.56916369,256,977664,977919,977873,0
978175,426365302386541,1677000,0.62146377,256,977920,978175,977982,0
978431,426365303281333,1592125,0.59872554,256,978176,978431,978429,0
978687,426365304179666,1477625,0.59822397,256,978432,978687,978555,0
978943,426365305048083,1403292,0.60944565,256,978688,978943,978879,0
979199,426365305910208,1359833,0.61940373,256,978944,979199,979121,0
979455,426365306782625,1312041,0.61862896,256,979200,979455,979321,0
979711,426365307693833,1195375,0.64121584,256,979456,979711,979528,0
979967,426365308607833,1110167,0.60850876,256,979712,979967,979793,0
980223,426365309518875,1009291,0.63755647,256,979968,980223,980220,0
980479,426365310405458,931625,0.62428661,256,980224,980479,980344,0
980735,426365311348833,835667,0.60332944,256,980480,980735,980530,0
980991,426365312180500,828083,0.6298314,256,980736,980991,980816,0
981247,426365313104708,855042,0.5681895,256,980992,981247,981068,0
981503,426365313987166,821125,0.58800449,256,981248,981503,981254,0
981759,426365314886666,816209,0.59206189,256,981504,981759,981739,0
982015,426365315695541,835209,0.61040398,256,981760,982015,981805,0
982271,426365316530875,832666,0.6066355,256,982016,982271,982016,0
982527,426365317487250,843000,0.63854934,256,982272,982527,982524,0
982783,426365318372083,857208,0.65932005,256,982528,982783,982599,0
983039,426365319242041,863834,0.59602317,256,982784,983039,982964,0
983295,426365320143875,852375,0.60274246,256,983040,983295,983133,0
983551,426365321000000,831083,0.59988771,256,983296,983551,983364,0
983807,426365321922125,886291,0.6686183,256,983552,983807,983692,0
984063,426365322810333,1345708,0.60951265,256,983808,984063,984032,0
984319,426365323724083,1274583,0.61662286,256,984064,984319,984199,0
984575,426365324610750,1235333,0.64193169,256,984320,984575,984347,0
984831,426365325500958,1181500,0.58499298,256,984576,984831,984588,0
985087,426365326353750,1140583,0.6016676,256,984832,985087,985064,0
985343,426365327196958,1145417,0.61858467,256,985088,985343,985336,0
985599,426365328125541,1057584,0.58407239,256,985344,985599,985503,0
985855,426365329018500,1031625,0.59487259,256,985600,985855,985695,0
986111,426365329909583,970583,0.58325845,256,985856,986111,986087,0
986367,426365330814541,884459,0.57110776,256,986112,986367,986261,0
986623,426365331671750,861750,0.62981849,256,986368,986623,986568,0
986879,426365332626625,858583,0.57930104,256,986624,986879,986783,0
987135,426365333492625,1712916,0.65859587,256,986880,987135,987048,0
987391,426365334381625,1819916,0.60778999,256,987136,987391,987141,0
987647,426365335243250,1766916,0.60328128,256,987392,987647,987525,0
987903,426365336083250,1744875,0.58603592,256,987648,987903,987736,0
988159,426365336951875,1696166,0.6051523,256,987904,988159,988138,0
988415,426365337831083,1651958,0.60298794,256,988160,988415,988341,0
988671,426365338712708,1576083,0.59905662,256,988416,988671,988644,0
988927,426365339583250,1530000,0.60905626,256,988672,988927,988837,0
989183,426365340451916,1468375,0.64303692,256,988928,989183,989078,0
989439,426365341384500,1342208,0.60143652,256,989184,989439,989228,0
989695,426365342311875,1236458,0.61402743,256,989440,989695,989611,0
989951,426365343129208,1250958,0.59535371,256,989696,989951,989827,0
990207,426365344048541,1161875,0.61915101,256,989952,990207,989963,0
990463,426365344898625,1151625,0.61467062,256,990208,990463,990317,0
990719,426365345725500,1164875,0.59832341,256,990464,990719,990499,0
990975,426365346658291,1050334,0.60441898,256,990720,990975,990906,0
991231,426365347526750,993291,0.60027493,256,990976,991231,991111,0
991487,426365348391041,1003209,0.66421782,256,991232,991487,991410,0
991743,426365349290791,913959,0.61290356,256,991488,991743,991574,0
991999,426365350189041,822667,0.64918656,256,991744,991999,991800,0
992255,426365351081583,1588500,0.59092323,256,992000,992255,992037,0
992511,426365351954166,1543250,0.60081734,256,992256,992511,992509,0
992767,426365352859708,1540750,0.65669599,256,992512,992767,992546,0
993023,426365353733500,1494958,0.61424124,256,992768,993023,993018,0
993279,426365354671208,1400500,0.62120374,256,993024,993279,993029,0
993535,426365355544666,1381750,0.60772612,256,993280,993535,993425,0
993791,426365356482833,1272500,0.57819875,256,993536,993791,993714,0
994047,426365357387041,1193584,0.62012724,256,993792,994047,993966,0
994303,426365358275500,1166625,0.62712254,256,994048,994303,994281,0
994559,426365359152916,1140542,0.60192367,256,994304,994559,994373,0
994815,426365360011750,1116666,0.59939127,256,994560,994815,994578,0
995071,426365360950250,1018375,0.62206653,256,994816,995071,994923,0
995327,426365361867333,962083,0.62019624,256,995072,995327,995197,0
995583,426365362807583,882333,0.62464416,256,995328,995583,995509,0
995839,426365363664166,866375,0.61700318,256,995584,995839,995591,0
996095,426365364502000,838625,0.63017868,256,995840,996095,996085,0
996351,426365365343250,828208,0.57751257,256,996096,996351,996337,0
996607,426365366240208,832750,0.61242889,256,996352,996607,996400,0
996863,426365367139750,827625,0.59227937,256,996608,996863,996660,0
997119,426365368063958,897750,0.59442219,256,996864,997119,996912,0
997375,426365369034416,1662000,0.63925784,256,997120,997375,997231,0
997631,426365369952083,1734500,0.60842845,256,997376,997631,997382,0
997887,426365370875166,1619709,0.61103145,256,997632,997887,997792,0
998143,426365371746125,1573750,0.61090879,256,997888,998143,998079,0
998399,426365372691291,1426000,0.59589135,256,998144,998399,998153,0
998655,426365373556125,1376958,0.61692627,256,998400,998655,998449,0
998911,426365374425708,1330708,0.64087453,256,998656,998911,998872,0
999167,426365375260333,1307792,0.6315689,256,998912,999167,999100,0
999423,426365376117708,1240167,0.5872921,256,999168,999423,999189,0
999679,426365377012750,1195750,0.63829549,256,999424,999679,999582,0
999935,426365377836166,1182584,0.62853484,256,999680,999935,999785,0
1000191,426365378759000,1129791,0.60755528,256,999936,1000191,999992,0
1000447,426365379662250,1054666,0.60754791,256,1000192,1000447,1000431,0
1000703,426365380517541,1021959,0.62263458,256,1000448,1000703,1000529,0
1000959,426365381462625,921208,0.60779822,256,1000704,1000959,1000800,0
1001215,426365382359250,840791,0.59317879,256,1000960,1001215,1001154,0
1001471,426365383298625,1478125,0.63330478,256,1001216,1001471,1001378,0
1001727,426365384182291,1425209,0.63263105,256,1001472,1001727,1001595,0
1001983,426365385039250,1404666,0.64410942,256,1001728,1001983,1001775,0
1002239,426365385929166,1342459,0.6023155,256,1001984,1002239,1002198,0
1002495,426365386806666,1269917,0.59392582,256,1002240,1002495,1002393,0
1002751,426365387664791,1304042,0.6397648,256,1002496,1002751,1002632,0
1003007,426365388561208,1227500,0.60877202,256,1002752,1003007,1002968,0
1003263,426365389472541,1142000,0.61318985,256,1003008,1003263,1003213,0
1003519,426365390358333,1096083,0.62750057,256,1003264,1003519,1003340,0
1003775,426365391244458,1083333,0.63772835,256,1003520,1003775,1003564,0
1004031,426365392224125,978416,0.64164905,256,1003776,1004031,1003983,0
1004287,426365393156000,903458,0.64319282,256,1004032,1004287,1004236,0
1004543,426365394022250,864791,0.60900428,256,1004288,1004543,1004495,0
1004799,426365394894291,880000,0.63325526,256,1004544,1004799,1004770,0
1005055,426365395676291,911959,0.63732299,256,1004800,1005055,1004909,0
1005311,426365396523958,908708,0.59443301,256,1005056,1005311,1005257,0
1005567,426365397413791,857125,0.64122953,256,1005312,1005567,1005392,0
1005823,426365398324000,864166,0.64987984,256,1005568,1005823,1005685,0
1006079,426365399210625,890958,0.60605493,256,1005824,1006079,1005837,0
1006335,426365400104583,933625,0.65296432,256,1006080,1006335,1006301,0
1006591,426365401049041,888750,0.62393145,256,1006336,1006591,1006345,0
1006847,426365401918875,869208,0.64018076,256,1006592,1006847,1006720,0
1007103,426365402840416,863459,0.63829761,256,1006848,1007103,1007086,0
1007359,426365403733583,821250,0.59043634,256,1007104,1007359,1007340,0
1007615,426365404641458,894458,0.61976185,256,1007360,1007615,1007469,0
1007871,426365405547375,887166,0.63563742,256,1007616,1007871,1007860,0
1008127,426365406465875,904083,0.64076093,256,1007872,1008127,1007886,0
1008383,426365407380041,880292,0.61740189,256,1008128,1008383,1008349,0
1008639,426365408281041,888542,0.64467236,256,1008384,1008639,1008411,0
1008895,426365409155500,907250,0.62364927,256,1008640,1008895,1008705,0
1009151,426365410070916,904084,0.67610459,256,1008896,1009151,1009061,0
1009407,426365410900000,918291,0.61156548,256,1009152,1009407,1009322,0
1009663,426365411800916,886917,0.64185669,256,1009408,1009663,1009531,0
1009919,426365412648708,878250,0.60819544,256,1009664,1009919,1009835,0
1010175,426365413515333,851833,0.60853292,256,1009920,1010175,1010172,0
1010431,426365414470541,897292,0.60584482,256,1010176,1010431,1010302,0
1010687,426365415307208,965083,0.67894507,256,1010432,1010687,1010670,0
1010943,426365416172708,969292,0.60293968,256,1010688,1010943,1010874,0
1011199,426365417064708,982750,0.64961557,256,1010944,1011199,1011141,0
1011455,426365418007958,917083,0.65605684,256,1011200,1011455,1011445,0
1011711,426365418890875,889750,0.60291165,256,1011456,1011711,1011683,0
1011967,426365419754750,918291,0.63862436,256,1011712,1011967,1011769,0
1012223,426365420592500,1002083,0.64809905,256,1011968,1012223,1012177,0
1012479,426365421436458,1041917,0.63287607,256,1012224,1012479,1012234,0
1012735,426365422331875,1017041,0.61548058,256,1012480,1012735,1012614,0
1012991,426365423188666,1025167,0.59944774,256,1012736,1012991,1012746,0
1013247,426365424074958,1029833,0.64472019,256,1012992,1013247,1013083,0
1013503,426365424960791,1013709,0.60813703,256,1013248,1013503,1013493,0
1013759,426365425864000,1001625,0.6762325,256,1013504,1013759,1013542,0
1014015,426365426745333,996500,0.63039284,256,1013760,1014015,1013973,0
1014271,426365427630750,987625,0.65093792,256,1014016,1014271,1014183,0
1014527,426365428462166,1006792,0.61951663,256,1014272,1014527,1014506,0
1014783,426365429385125,937708,0.60176922,256,1014528,1014783,1014706,0
1015039,426365430196208,977250,0.58877187,256,1014784,1015039,1014929,0
1015295,426365431102000,927541,0.62346011,256,1015040,1015295,1015153,0
1015551,426365432015833,891333,0.62318861,256,1015296,1015551,1015354,0
1015807,426365432797125,1007875,0.60674639,256,1015552,1015807,1015743,0
1016063,426365433675458,983000,0.59356166,256,1015808,1016063,1016042,0
1016319,426365434543083,968167,0.62176583,256,1016064,1016319,1016319,0
1016575,426365435489041,887209,0.66912341,256,1016320,1016575,1016566,0
1016831,426365436370958,923708,0.67761214,256,1016576,1016831,1016606,0
1017087,426365437293916,865167,0.63351258,256,1016832,1017087,1016970,0
1017343,426365438194041,887750,0.63162866,256,1017088,1017343,1017340,0
1017599,426365439106750,918708,0.6318691,256,1017344,1017599,1017349,0
1017855,426365440006250,863083,0.5882785,256,1017600,1017855,1017751,0
1018111,426365440837208,864542,0.59024759,256,1017856,1018111,1018099,0
1018367,426365441714541,859792,0.58801015,256,1018112,1018367,1018238,0
1018623,426365442606291,914042,0.68728591,256,1018368,1018623,1018577,0
1018879,426365443493375,876625,0.61867574,256,1018624,1018879,1018642,0
1019135,426365444364250,898000,0.60049282,256,1018880,1019135,1019088,0
1019391,426365445229250,875166,0.61710258,256,1019136,1019391,1019209,0
1019647,426365446155125,1735375,0.6286582,256,1019392,1019647,1019592,0
1019903,426365447026625,2493125,0.6453923,256,1019648,1019903,1019761,0
1020159,426365447962208,3199625,0.63490297,256,1019904,1020159,1019931,0
1020415,426365448851875,3941791,0.6416423,256,1020160,1020415,1020262,0
1020671,426365449732750,3976333,0.62430912,256,1020416,1020671,1020661,0
1020927,426365450564458,4011000,0.63129476,256,1020672,1020927,1020723,0
1021183,426365451462000,3947625,0.64913662,256,1020928,1021183,1021021,0
1021439,426365452305166,4002709,0.64973736,256,1021184,1021439,1021379,0
1021695,426365453221916,3941042,0.57956331,256,1021440,1021695,1021660,0
1021951,426365454048166,3963750,0.61284035,256,1021696,1021951,1021740,0
1022207,426365454906791,3971292,0.64470687,256,1021952,1022207,1022057,0
1022463,426365455794541,3951792,0.63684892,256,1022208,1022463,1022434,0
1022719,426365456659166,4000125,0.68487594,256,1022464,1022719,1022573,0
1022975,426365457507583,4005500,0.60635518,256,1022720,1022975,1022827,0
1023231,426365458424916,3997709,0.63492915,256,1022976,1023231,1023095,0
1023487,426365459347125,3943666,0.64038003,256,1023232,1023487,1023424,0
1023743,426365460228500,3918250,0.60458498,256,1023488,1023743,1023626,0
1023999,426365461115583,3878833,0.61138184,256,1023744,1023999,1023938,0
1024255,426365461991583,3833917,0.59090211,256,1024000,1024255,1024005,0
1024511,426365462829750,3853041,0.62098797,256,1024256,1024511,1024466,0
1024767,426365463725500,3838416,0.62856775,256,1024512,1024767,1024618,0
1025023,426365464647041,3754209,0.59053032,256,1024768,1025023,1024870,0
1025279,426365465555291,3741750,0.64044553,256,1025024,1025279,1025223,0
1025535,426365466418125,3754500,0.62097953,256,1025280,1025535,1025488,0
1025791,426365467287291,3765292,0.61062979,256,1025536,1025791,1025660,0
1026047,426365468217208,3692292,0.60962017,256,1025792,1026047,1026008,0
1026303,426365469127083,3665833,0.60518556,256,1026048,1026303,1026289,0
1026559,426365470004916,3650292,0.64102501,256,1026304,1026559,1026538,0
1026815,426365470894500,3615541,0.62939463,256,1026560,1026815,1026623,0
1027071,426365471816625,3551458,0.58867688,256,1026816,1027071,1027041,0
1027327,426365472740708,3486125,0.6443855,256,1027072,1027327,1027259,0
1027583,426365473637125,3454833,0.65614144,256,1027328,1027583,1027559,0
1027839,426365474490916,3447250,0.62423057,256,1027584,1027839,1027588,0
1028095,426365475372375,3451708,0.6332931,256,1027840,1028095,1028081,0
1028351,426365476262291,3401709,0.58710934,256,1028096,1028351,1028196,0
1028607,426365477164458,3354500,0.60331849,256,1028352,1028607,1028493,0
1028863,426365478065708,3294375,0.61998326,256,1028608,1028863,1028701,0
1029119,426365478986333,3223500,0.65400459,256,1028864,1029119,1029035,0
1029375,426365479774375,3281583,0.6237523,256,1029120,1029375,1029134,0
1029631,426365480675333,3261333,0.6458288,256,1029376,1029631,1029599,0
1029887,426365481531416,3255292,0.59749237,256,1029632,1029887,1029752,0
1030143,426365482464375,3180875,0.597402,256,1029888,1030143,1030061,0
1030399,426365483288875,3201125,0.61188899,256,1030144,1030399,1030235,0
1030655,426365484168208,3179208,0.66563199,256,1030400,1030655,1030416,0
1030911,426365485089166,3104792,0.61303204,256,1030656,1030911,1030869,0
1031167,426365485988583,3038125,0.60281846,256,1030912,1031167,1031136,0
1031423,426365486836875,3046541,0.59442221,256,1031168,1031423,1031299,0
1031679,426365487692875,2998833,0.57155643,256,1031424,1031679,1031591,0
1031935,426365488607208,2920833,0.59648675,256,1031680,1031935,1031707,0
1032191,426365489499125,2894250,0.65585927,256,1031936,1032191,1032050,0
1032447,426365490333083,2919125,0.63750405,256,1032192,1032447,1032395,0
1032703,426365491262583,2824458,0.65071636,256,1032448,1032703,1032698,0
1032959,426365492105583,2830708,0.63831303,256,1032704,1032959,1032704,0
1033215,426365492977375,2792291,0.61297029,256,1032960,1033215,1033178,0
1033471,426365493826666,2786459,0.62639294,256,1033216,1033471,1033314,0
1033727,426365494720083,2725083,0.61854913,256,1033472,1033727,1033631,0
1033983,426365495554333,2724792,0.59637254,256,1033728,1033983,1033899,0
1034239,426365496389208,2752792,0.63534921,256,1033984,1034239,1034202,0
1034495,426365497242041,2775625,0.61000586,256,1034240,1034495,1034365,0
1034751,426365498115875,2754666,0.59199943,256,1034496,1034751,1034650,0
1035007,426365498975875,2723125,0.62598071,256,1034752,1035007,1034911,0
1035263,426365499900666,2643042,0.60876253,256,1035008,1035263,1035063,0
1035519,426365500779708,2588375,0.62042115,256,1035264,1035519,1035310,0
1035775,426365501693958,2485292,0.60044824,256,1035520,1035775,1035687,0
1036031,426365502558083,2495208,0.62258164,256,1035776,1036031,1036031,0
1036287,426365503456833,2482167,0.61672773,256,1036032,1036287,1036177,0
1036543,426365504322291,2446167,0.63793373,256,1036288,1036543,1036484,0
1036799,426365505222750,2405750,0.63242657,256,1036544,1036799,1036650,0
1037055,426365506070750,2388625,0.65676825,256,1036800,1037055,1036807,0
1037311,426365506984291,2335084,0.65068601,256,1037056,1037311,1037136,0
1037567,426365507881583,2292292,0.65469798,256,1037312,1037567,1037363,0
1037823,426365508727166,2275375,0.60124857,256,1037568,1037823,1037715,0
1038079,426365509657458,2179375,0.61766377,256,1037824,1038079,1037852,0
1038335,426365510557208,2109542,0.59642016,256,1038080,1038335,1038174,0
1038591,426365511451083,2062083,0.66309834,256,1038336,1038591,1038535,0
1038847,426365512388583,1965708,0.61057383,256,1038592,1038847,1038830,0
1039103,426365513312166,1869375,0.59880173,256,1038848,1039103,1038927,0
1039359,426365514182958,1832917,0.60759245,256,1039104,1039359,1039191,0
1039615,426365515100000,1756583,0.65781552,256,1039360,1039615,1039424,0
1039871,426365516001208,3964375,0.63380544,256,1039616,1039871,1039704,0
1040127,426365516888791,3080584,0.60113956,256,1039872,1040127,1040093,0
1040383,426365518138958,1831458,0.62129579,256,1040128,1040383,1040357,0
1040639,426365520148208,896750,0.58529765,256,1040384,1040639,1040639,0
1040895,426365520166583,1668250,0.62064396,256,1040640,1040895,1040657,0
1041151,426365520331833,2296542,0.59992003,256,1040896,1041151,1041119,0
1041407,426365521193291,2281209,0.61596974,256,1041152,1041407,1041397,0
1041663,426365522074083,2193750,0.57658246,256,1041408,1041663,1041494,0
1041919,426365522970083,2111833,0.56519687,256,1041664,1041919,1041775,0
1042175,426365523843291,2059417,0.62374666,256,1041920,1042175,1041951,0
1042431,426365524737083,1961125,0.58368317,256,1042176,1042431,1042310,0
1042687,426365525614625,1894041,0.58232311,256,1042432,1042687,1042585,0
1042943,426365526499916,1836125,0.6099363,256,1042688,1042943,1042804,0
1043199,426365527326166,1814417,0.58881237,256,1042944,1043199,1043112,0
1043455,426365528236750,1741458,0.61528807,256,1043200,1043455,1043281,0
1043711,426365529123583,1685875,0.60228561,256,1043456,1043711,1043523,0
1043967,426365529989958,1619375,0.65134198,256,1043712,1043967,1043862,0
1044223,426365530872541,1534792,0.62799196,256,1043968,1044223,1044136,0
1044479,426365531736708,1482125,0.64382915,256,1044224,1044479,1044454,0
1044735,426365532637083,1405000,0.61922696,256,1044480,1044735,1044668,0
1044991,426365533551916,1285334,0.60329803,256,1044736,1044991,1044799,0
1045247,426365534405291,1246250,0.62816033,256,1044992,1045247,1045159,0
1045503,426365535257250,1173875,0.57488227,256,1045248,1045503,1045390,0
1045759,426365536137208,1096250,0.64913908,256,1045504,1045759,1045529,0
1046015,426365537126166,909750,0.59932455,256,1045760,1046015,1045820,0
1046271,426365537989000,865375,0.61677297,256,1046016,1046271,1046227,0
1046527,426365538817750,845083,0.65642894,256,1046272,1046527,1046328,0
1046783,426365539711791,821584,0.61479246,256,1046528,1046783,1046554,0
1047039,426365540556833,802792,0.5812468,256,1046784,1047039,1047029,0
1047295,426365541453833,867750,0.60889053,256,1047040,1047295,1047192,0
1047551,426365542318958,1718500,0.63722307,256,1047296,1047551,1047528,0
1047807,426365543204833,1801917,0.6789547,256,1047552,1047807,1047564,0
1048063,426365544013833,1777667,0.62730144,256,1047808,1048063,1047963,0
1048319,426365544849000,1752875,0.60328595,256,1048064,1048319,1048068,0
1048575,426365545757000,1622916,0.64256733,256,1048320,1048575,1048558,0
1048831,426365546624166,1587542,0.62837244,256,1048576,1048831,1048738,0
1049087,426365547561916,1482792,0.60233607,256,1048832,1049087,1048842,0
1049343,426365548410041,1439542,0.60359799,256,1049088,1049343,1049210,0
1049599,426365549295041,1350667,0.56453933,256,1049344,1049599,1049549,0
1049855,426365550162291,1266250,0.59659302,256,1049600,1049855,1049648,0
1050111,426365551111625,1142333,0.61424866,256,1049856,1050111,1050051,0
1050367,426365551977458,1077833,0.62930165,256,1050112,1050367,1050343,0
1050623,426365552804541,1065292,0.57240215,256,1050368,1050623,1050581,0
1050879,426365553671875,1012000,0.58270619,256,1050624,1050879,1050654,0
1051135,426365554558500,947791,0.62488011,256,1050880,1051135,1050957,0
1051391,426365555428000,894166,0.57593519,256,1051136,1051391,1051231,0
1051647,426365556306333,831500,0.62010245,256,1051392,1051647,1051578,0
1051903,426365557175250,823166,0.61091659,256,1051648,1051903,1051830,0
1052159,426365558110750,821833,0.59584126,256,1051904,1052159,1052094,0
1052415,426365559019250,809083,0.60658991,256,1052160,1052415,1052213,0
1052671,426365559935958,851875,0.61519844,256,1052416,1052671,1052489,0
1052927,426365560783083,829792,0.60823272,256,1052672,1052927,1052905,0
1053183,426365561645875,802333,0.61129457,256,1052928,1053183,1053016,0
1053439,426365562573500,822750,0.60562089,256,1053184,1053439,1053295,0
1053695,426365563424000,834208,0.60377393,256,1053440,1053695,1053520,0
1053951,426365564296583,848125,0.62713047,256,1053696,1053951,1053836,0
1054207,426365565263875,866791,0.61624675,256,1053952,1054207,1054195,0
1054463,426365566094250,856625,0.65692913,256,1054208,1054463,1054263,0
1054719,426365566917833,847000,0.61805452,256,1054464,1054719,1054465,0
1054975,426365567834916,808459,0.62261602,256,1054720,1054975,1054803,0
1055231,426365568771541,1673000,0.59726526,256,1054976,1055231,1055187,0
1055487,426365569604791,1847542,0.61549548,256,1055232,1055487,1055236,0
1055743,426365570540291,1735875,0.60383213,256,1055488,1055743,1055690,0
1055999,426365571427541,1664667,0.57401221,256,1055744,1055999,1055755,0
1056255,426365572326250,1563791,0.58227665,256,1056000,1056255,1056062,0
1056511,426365573205000,1511458,0.59378722,256,1056256,1056511,1056332,0
1056767,426365574071125,1466958,0.61128015,256,1056512,1056767,1056591,0
1057023,426365574958541,1415584,0.62494963,256,1056768,1057023,1056835,0
1057279,426365575825625,1349625,0.59723363,256,1057024,1057279,1057044,0
1057535,426365576694791,1320000,0.58792185,256,1057280,1057535,1057302,0
1057791,426365577553583,1308167,0.61263605,256,1057536,1057791,1057590,0
1058047,426365578439333,1240875,0.61526841,256,1057792,1058047,1057875,0
1058303,426365579346791,1152417,0.60018103,256,1058048,1058303,1058300,0
1058559,426365580237041,1123042,0.69292101,256,1058304,1058559,1058558,0
1058815,426365581076458,1147458,0.64495132,256,1058560,1058815,1058566,0
1059071,426365582017458,1069708,0.62245042,256,1058816,1059071,1059046,0
1059327,426365582843666,1051125,0.59416998,256,1059072,1059327,1059117,0
1059583,426365583756750,991750,0.59891146,256,1059328,1059583,1059472,0
1059839,426365584704833,855167,0.59348389,256,1059584,1059839,1059762,0
1060095,426365585637500,848208,0.59958757,256,1059840,1060095,1059897,0
1060351,426365586558458,822292,0.60133077,256,1060096,1060351,1060289,0
1060607,426365587396000,1663250,0.60591531,256,1060352,1060607,1060582,0
1060863,426365588306625,1794208,0.63295032,256,1060608,1060863,1060666,0
1061119,426365589190791,1744500,0.60153947,256,1060864,1061119,1061002,0
1061375,426365590083791,1684459,0.59158211,256,1061120,1061375,1061373,0
1061631,426365590976958,1633708,0.64671385,256,1061376,1061631,1061544,0
1061887,426365591884375,1566625,0.63386269,256,1061632,1061887,1061875,0
1062143,426365592768125,1529916,0.62934687,256,1061888,1062143,1061943,0
1062399,426365593673083,1474250,0.63753856,256,1062144,1062399,1062260,0
1062655,426365594576958,1412917,0.63687953,256,1062400,1062655,1062655,0
1062911,426365595435958,1400125,0.60181328,256,1062656,1062911,1062774,0
1063167,426365596339750,1317875,0.64143286,256,1062912,1063167,1062978,0
1063423,426365597226875,1249416,0.59617283,256,1063168,1063423,1063399,0
1063679,426365598124666,1159167,0.61257362,256,1063424,1063679,1063429,0
1063935,426365599037375,1073791,0.60967855,256,1063680,1063935,1063686,0
1064191,426365599876166,1080875,0.64639082,256,1063936,1064191,1064021,0
1064447,426365600745125,1047458,0.62883106,256,1064192,1064447,1064431,0
1064703,426365601561500,1035916,0.56860543,256,1064448,1064703,1064630,0
1064959,426365602490083,925958,0.56441215,256,1064704,1064959,1064810,0
1065215,426365603353250,910583,0.61130886,256,1064960,1065215,1065189,0
1065471,426365604230875,854458,0.5750652,256,1065216,1065471,1065347,0
1065727,426365605163125,840541,0.57097002,256,1065472,1065727,1065478,0
1065983,426365606022958,814333,0.58718128,256,1065728,1065983,1065933,0
1066239,426365606901833,833292,0.61997599,256,1065984,1066239,1066045,0
1066495,426365607780416,851750,0.59411462,256,1066240,1066495,1066458,0
1066751,426365608684333,827000,0.63354144,256,1066496,1066751,1066553,0
1067007,426365609582583,827667,0.61077366,256,1066752,1067007,1066792,0
1067263,426365610404416,827875,0.59877957,256,1067008,1067263,1067263,0
1067519,426365611301958,844042,0.60738056,256,1067264,1067519,1067316,0
1067775,426365612169458,845667,0.61848223,256,1067520,1067775,1067567,0
1068031,426365613011083,844083,0.61213227,256,1067776,1068031,1068026,0
1068287,426365613899458,814708,0.59928712,256,1068032,1068287,1068032,0
1068543,426365614851250,1657708,0.59319544,256,1068288,1068543,1068469,0
1068799,426365615749208,1764042,0.59242797,256,1068544,1068799,1068764,0
1069055,426365616623333,1855417,0.58565776,256,1068800,1069055,1068869,0
1069311,426365617475791,1834959,0.6337925,256,1069056,1069311,1069185,0
1069567,426365618408541,1770042,0.62627704,256,1069312,1069567,1069375,0
1069823,426365619243208,1680583,0.58328891,256,1069568,1069823,1069794,0
1070079,426365620135750,1592250,0.61252297,256,1069824,1070079,1070042,0
1070335,426365621008750,1544375,0.63678324,256,1070080,1070335,1070318,0
1070591,426365621836041,1512375,0.61420734,256,1070336,1070591,1070414,0
1070847,426365622737375,1431250,0.60904724,256,1070592,1070847,1070774,0
1071103,426365623620375,1345375,0.60613878,256,1070848,1071103,1071059,0
1071359,426365624506583,1242708,0.60333579,256,1071104,1071359,1071168,0
1071615,426365625393958,1183500,0.61424834,256,1071360,1071615,1071517,0
1071871,426365626287958,1106292,0.59625723,256,1071616,1071871,1071789,0
1072127,426365627204125,977333,0.61436095,256,1071872,1072127,1072096,0
1072383,426365628080541,930584,0.63025999,256,1072128,1072383,1072376,0
1072639,426365628937250,894208,0.66362755,256,1072384,1072639,1072543,0
1072895,426365629862416,837334,0.59566289,256,1072640,1072895,1072887,0
1073151,426365630733000,849166,0.62217051,256,1072896,1073151,1072917,0
1073407,426365631609958,862250,0.64805175,256,1073152,1073407,1073382,0
1073663,426365632504583,1715250,0.60259417,256,1073408,1073663,1073615,0
1073919,426365633459750,1726458,0.62971467,256,1073664,1073919,1073773,0
1074175,426365634345125,1678666,0.6198063,256,1073920,1074175,1073982,0
1074431,426365635249750,1581625,0.59285803,256,1074176,1074431,1074411,0
1074687,426365636133916,1540042,0.62529003,256,1074432,1074687,1074439,0
1074943,426365637022291,1474750,0.62864922,256,1074688,1074943,1074749,0
1075199,426365637875208,1464833,0.62037311,256,1074944,1075199,1075030,0
1075455,426365638707958,1432958,0.5705806,256,1075200,1075455,1075385,0
1075711,426365639627916,1365500,0.63898438,256,1075456,1075711,1075524,0
1075967,426365640481041,1326542,0.60579449,256,1075712,1075967,1075865,0
1076223,426365641347958,1274333,0.59432828,256,1075968,1076223,1076156,0
1076479,426365642238291,1199084,0.56983826,256,1076224,1076479,1076319,0
1076735,426365643091416,1162792,0.57141594,256,1076480,1076735,1076495,0
1076991,426365643947166,1145084,0.59258233,256,1076736,1076991,1076966,0
1077247,426365644853791,1071792,0.63939749,256,1076992,1077247,1077044,0
1077503,426365645756791,994084,0.63027226,256,1077248,1077503,1077374,0
1077759,426365646687583,882375,0.58755874,256,1077504,1077759,1077610,0
1078015,426365647539000,862250,0.62146377,256,1077760,1078015,1077982,0
1078271,426365648435875,849416,0.60246461,256,1078016,1078271,1078132,0
1078527,426365649307750,852833,0.59872554,256,1078272,1078527,1078429,0
1078783,426365650197875,886875,0.59822397,256,1078528,1078783,1078555,0
1079039,426365651043333,862000,0.60944565,256,1078784,1079039,1078879,0
1079295,426365651933833,867750,0.61940373,256,1079040,1079295,1079121,0
1079551,426365652813791,843292,0.64121584,256,1079296,1079551,1079528,0
1079807,426365653754958,963625,0.63227465,256,1079552,1079807,1079572,0
1080063,426365654635666,875042,0.59243858,256,1079808,1080063,1080049,0
1080319,426365655520291,817792,0.63755647,256,1080064,1080319,1080220,0
1080575,426365656467875,828500,0.62428661,256,1080320,1080575,1080344,0
1080831,426365657362875,943916,0.6298314,256,1080576,1080831,1080816,0
1081087,426365658240125,883000,0.59429438,256,1080832,1081087,1080834,0
1081343,426365659143208,833667,0.58800449,256,1081088,1081343,1081254,0
1081599,426365660048916,1285584,0.58821582,256,1081344,1081599,1081558,0
1081855,426365660939125,1197208,0.61040398,256,1081600,1081855,1081805,0
1082111,426365661728166,1203709,0.6066355,256,1081856,1082111,1082016,0
1082367,426365662599250,1138791,0.57977163,256,1082112,1082367,1082353,0
1082623,426365663524541,1021917,0.65932005,256,1082368,1082623,1082599,0
1082879,426365664414250,955458,0.64431338,256,1082624,1082879,1082638,0
1083135,426365665270666,927834,0.60274246,256,1082880,1083135,1083133,0
1083391,426365666159250,845666,0.59988771,256,1083136,1083391,1083364,0
1083647,426365667057458,849250,0.61212021,256,1083392,1083647,1083568,0
1083903,426365667973541,842792,0.6686183,256,1083648,1083903,1083692,0
1084159,426365668859541,840750,0.60951265,256,1083904,1084159,1084032,0
1084415,426365669758291,883542,0.64193169,256,1084160,1084415,1084347,0
1084671,426365670647375,828250,0.58499298,256,1084416,1084671,1084588,0
1084927,426365671545416,859625,0.58175114,256,1084672,1084927,1084783,0
1085183,426365672366291,848709,0.6016676,256,1084928,1085183,1085064,0
1085439,426365673255291,3109959,0.61858467,256,1085184,1085439,1085336,0
1085695,426365676402166,961917,0.59487259,256,1085440,1085695,1085695,0
1085951,426365676411291,1783167,0.57453155,256,1085696,1085951,1085774,0
1086207,426365676420416,2561792,0.58325845,256,1085952,1086207,1086087,0
1086463,426365676848083,2947042,0.59289488,256,1086208,1086463,1086448,0
1086719,426365677750791,2858250,0.62981849,256,1086464,1086719,1086568,0
1086975,426365678659208,2767958,0.61250639,256,1086720,1086975,1086967,0
1087231,426365679526708,2781250,0.65859587,256,1086976,1087231,1087048,0
1087487,426365680403958,2714875,0.60433851,256,1087232,1087487,1087327,0
1087743,426365681277333,2646208,0.60328128,256,1087488,1087743,1087525,0
1087999,426365682136833,2616250,0.57827709,256,1087744,1087999,1087900,0
1088255,426365683027916,2538792,0.6051523,256,1088000,1088255,1088138,0
1088511,426365683875916,2520125,0.60298794,256,1088256,1088511,1088341,0
1088767,426365684760416,2428584,0.59905662,256,1088512,1088767,1088644,0
1089023,426365685628666,2405584,0.63687034,256,1088768,1089023,1089020,0
1089279,426365686491833,2350250,0.64303692,256,1089024,1089279,1089078,0
1089535,426365687484875,2176875,0.58952888,256,1089280,1089535,1089516,0
1089791,426365688295958,2194917,0.61402743,256,1089536,1089791,1089611,0
1090047,426365689190875,2136541,0.61915101,256,1089792,1090047,1089963,0
1090303,426365690045041,2095959,0.59337317,256,1090048,1090303,1090301,0
1090559,426365690937333,2070083,0.61467062,256,1090304,1090559,1090317,0
1090815,426365691799208,2042958,0.5910827,256,1090560,1090815,1090815,0
1091071,426365692662000,2004166,0.60441898,256,1090816,1091071,1090906,0
1091327,426365693595458,1888917,0.61028263,256,1091072,1091327,1091281,0
1091583,426365694437541,1897042,0.66421782,256,1091328,1091583,1091410,0
1091839,426365695320958,1836167,0.64918656,256,1091584,1091839,1091800,0
1092095,426365696218375,1754000,0.62763628,256,1091840,1092095,1091924,0
1092351,426365697133500,1650875,0.59030164,256,1092096,1092351,1092263,0
1092607,426365697985166,1647584,0.65669599,256,1092352,1092607,1092546,0
1092863,426365698880625,1589500,0.63442299,256,1092608,1092863,1092633,0
1093119,426365699755125,1530125,0.62120374,256,1092864,1093119,1093029,0
1093375,426365700688458,1424167,0.60691563,256,1093120,1093375,1093171,0
1093631,426365701620708,1313708,0.60772612,256,1093376,1093631,1093425,0
1093887,426365702544875,1200166,0.57819875,256,1093632,1093887,1093714,0
1094143,426365703437458,1130625,0.62012724,256,1093888,1094143,1093966,0
1094399,426365704296250,1108833,0.62712254,256,1094144,1094399,1094281,0
1094655,426365705175666,1043500,0.59939127,256,1094400,1094655,1094578,0
1094911,426365706083583,937708,0.58902533,256,1094656,1094911,1094885,0
1095167,426365706967333,881167,0.62206653,256,1094912,1095167,1094923,0
1095423,426365707925958,1713625,0.62414991,256,1095168,1095423,1095367,0
1095679,426365708829416,1816917,0.62464416,256,1095424,1095679,1095509,0
1095935,426365709679541,1759834,0.57558784,256,1095680,1095935,1095683,0
1096191,426365710508291,1732375,0.63017868,256,1095936,1096191,1096085,0
1096447,426365711390833,1651417,0.61242889,256,1096192,1096447,1096400,0
1096703,426365712296416,1537709,0.59227937,256,1096448,1096703,1096660,0
1096959,426365713190333,1457667,0.59442219,256,1096704,1096959,1096912,0
1097215,426365714129000,1316583,0.63125636,256,1096960,1097215,1097204,0
1097471,426365715084708,1184958,0.63925784,256,1097216,1097471,1097231,0
1097727,426365716004958,1067875,0.58870569,256,1097472,1097727,1097567,0
1097983,426365716889833,1211792,0.61103145,256,1097728,1097983,1097792,0
1098239,426365717798458,1921583,0.61090879,256,1097984,1098239,1098079,0
1098495,426365718695375,2005083,0.61692627,256,1098240,1098495,1098449,0
1098751,426365719617958,1881792,0.59929395,256,1098496,1098751,1098638,0
1099007,426365720449500,1859333,0.64087453,256,1098752,1099007,1098872,0
1099263,426365721272375,1847333,0.6315689,256,1099008,1099263,1099100,0
1099519,426365722153250,1769041,0.57421666,256,1099264,1099519,1099302,0
1099775,426365723041166,1730334,0.63829549,256,1099520,1099775,1099582,0
1100031,426365723884375,1734708,0.62853484,256,1099776,1100031,1099785,0
1100287,426365724767625,1680000,0.60530327,256,1100032,1100287,1100165,0
1100543,426365725692791,1592459,0.62263458,256,1100288,1100543,1100529,0
1100799,426365726562625,1560625,0.59656578,256,1100544,1100799,1100663,0
1101055,426365727497250,1449291,0.60779822,256,1100800,1101055,1100800,0
1101311,426365728395416,1360000,0.59317879,256,1101056,1101311,1101154,0
1101567,426365729354250,1234833,0.63330478,256,1101312,1101567,1101378,0
1101823,426365730182750,1252875,0.64410942,256,1101568,1101823,1101775,0
1102079,426365731074666,1183709,0.59444516,256,1101824,1102079,1101939,0
1102335,426365731943916,1141750,0.6023155,256,1102080,1102335,1102198,0
1102591,426365732840541,1081500,0.6196173,256,1102336,1102591,1102563,0
1102847,426365733680958,1102125,0.6397648,256,1102592,1102847,1102632,0
1103103,426365734611375,993958,0.60877202,256,1102848,1103103,1102968,0
1103359,426365735500250,943333,0.62750057,256,1103104,1103359,1103340,0
1103615,426365736398208,892750,0.63772835,256,1103360,1103615,1103564,0
1103871,426365737316583,908167,0.61225154,256,1103616,1103871,1103693,0
1104127,426365738286291,877250,0.64164905,256,1103872,1104127,1103983,0
1104383,426365739196458,892292,0.64319282,256,1104128,1104383,1104236,0
1104639,426365740010541,930250,0.62274917,256,1104384,1104639,1104562,0
1104895,426365740856708,963875,0.63325526,256,1104640,1104895,1104770,0
1105151,426365741689208,977583,0.63732299,256,1104896,1105151,1104909,0
1105407,426365742571041,966417,0.64122953,256,1105152,1105407,1105392,0
1105663,426365743465583,921125,0.62660174,256,1105408,1105663,1105570,0
1105919,426365744340458,942750,0.64987984,256,1105664,1105919,1105685,0
1106175,426365745278166,873584,0.59472973,256,1105920,1106175,1105983,0
1106431,426365746155458,1762292,0.65296432,256,1106176,1106431,1106301,0
1106687,426365747071000,1841333,0.61340293,256,1106432,1106687,1106526,0
1106943,426365747952750,1818208,0.64018076,256,1106688,1106943,1106720,0
1107199,426365748896125,1738791,0.63829761,256,1106944,1107199,1107086,0
1107455,426365749773541,1696417,0.59043634,256,1107200,1107455,1107340,0
1107711,426365750654333,1698125,0.61976185,256,1107456,1107711,1107469,0
1107967,426365751601791,1639125,0.64076093,256,1107712,1107967,1107886,0
1108223,426365752490041,1625709,0.61442276,256,1107968,1108223,1108215,0
1108479,426365753379791,1602584,0.64467236,256,1108224,1108479,1108411,0
1108735,426365754304166,1562709,0.62364927,256,1108480,1108735,1108705,0
1108991,426365755182583,1573875,0.61673704,256,1108736,1108991,1108920,0
1109247,426365756104750,1545500,0.67610459,256,1108992,1109247,1109061,0
1109503,426365756945291,1564667,0.61156548,256,1109248,1109503,1109322,0
1109759,426365757812875,1586750,0.64185669,256,1109504,1109759,1109531,0
1110015,426365758687041,1572834,0.60819544,256,1109760,1110015,1109835,0
1110271,426365759568166,1566209,0.60853292,256,1110016,1110271,1110172,0
1110527,426365760512916,1504167,0.62492758,256,1110272,1110527,1110455,0
1110783,426365761339000,1594958,0.67894507,256,1110528,1110783,1110670,0
1111039,426365762217916,1566250,0.60293968,256,1110784,1111039,1110874,0
1111295,426365763068833,1618625,0.64961557,256,1111040,1111295,1111141,0
1111551,426365764034625,1531083,0.65605684,256,1111296,1111551,1111445,0
1111807,426365764925125,1506250,0.63862436,256,1111552,1111807,1111769,0
1112063,426365765755125,1565875,0.61520012,256,1111808,1112063,1111924,0
1112319,426365766602541,1657667,0.64809905,256,1112064,1112319,1112177,0
1112575,426365767488291,1645000,0.60094351,256,1112320,1112575,1112345,0
1112831,426365768339583,1701375,0.61548058,256,1112576,1112831,1112614,0
1113087,426365769201625,1678750,0.64472019,256,1112832,1113087,1113083,0
1113343,426365770132208,1626375,0.6103563,256,1113088,1113343,1113170,0
1113599,426365771032958,1611917,0.6762325,256,1113344,1113599,1113542,0
1113855,426365771905166,1604917,0.62823744,256,1113600,1113855,1113626,0
1114111,426365772764500,1617333,0.63039284,256,1113856,1114111,1113973,0
1114367,426365773692125,1561333,0.65093792,256,1114112,1114367,1114183,0
1114623,426365774493541,1620167,0.61951663,256,1114368,1114623,1114506,0
1114879,426365775395000,1574583,0.60176922,256,1114624,1114879,1114706,0
1115135,426365776246958,1563458,0.62239543,256,1114880,1115135,1115087,0
1115391,426365777175958,1504250,0.62346011,256,1115136,1115391,1115153,0
1115647,426365777994541,1574250,0.60631253,256,1115392,1115647,1115412,0
1115903,426365778852250,1608291,0.60674639,256,1115648,1115903,1115743,0
1116159,426365779691541,1628834,0.61005339,256,1115904,1116159,1116139,0
1116415,426365780605708,1566958,0.62176583,256,1116160,1116415,1116319,0
1116671,426365781505083,1574208,0.67761214,256,1116416,1116671,1116606,0
1116927,426365782393166,1523167,0.582646,256,1116672,1116927,1116675,0
1117183,426365783350708,1438500,0.63351258,256,1116928,1117183,1116970,0
1117439,426365784217416,1456834,0.6318691,256,1117184,1117439,1117349,0
1117695,426365785138500,1391833,0.60372303,256,1117440,1117695,1117572,0
1117951,426365786030083,1351875,0.5882785,256,1117696,1117951,1117751,0
1118207,426365786853625,1386125,0.59024759,256,1117952,1118207,1118099,0
1118463,426365787761625,1341083,0.6188372,256,1118208,1118463,1118420,0
1118719,426365788624458,1342250,0.68728591,256,1118464,1118719,1118577,0
1118975,426365789505208,1309333,0.61264445,256,1118720,1118975,1118860,0
1119231,426365790379916,1300500,0.61710258,256,1118976,1119231,1119209,0
1119487,426365791283916,1251000,0.60008443,256,1119232,1119487,1119360,0
1119743,426365792193125,1196416,0.6286582,256,1119488,1119743,1119592,0
1119999,426365793076750,1218625,0.6453923,256,1119744,1119999,1119761,0
1120255,426365793989833,1184875,0.61071043,256,1120000,1120255,1120244,0
1120511,426365794855875,1185250,0.6416423,256,1120256,1120511,1120262,0
1120767,426365795755666,1167334,0.63129476,256,1120512,1120767,1120723,0
1121023,426365796591750,1172541,0.64913662,256,1120768,1121023,1121021,0
1121279,426365797475333,1126083,0.59326676,256,1121024,1121279,1121201,0
1121535,426365798329083,1163625,0.64973736,256,1121280,1121535,1121379,0
1121791,426365799205791,1145250,0.61284035,256,1121536,1121791,1121740,0
1122047,426365800068333,1141625,0.60630711,256,1121792,1122047,1122023,0
1122303,426365800966041,1116584,0.64470687,256,1122048,1122303,1122057,0
1122559,426365801784000,1159750,0.65310893,256,1122304,1122559,1122528,0
1122815,426365802682875,1154875,0.68487594,256,1122560,1122815,1122573,0
1123071,426365803533583,1190083,0.62224034,256,1122816,1123071,1123066,0
1123327,426365804474083,1132292,0.63492915,256,1123072,1123327,1123095,0
1123583,426365805368666,1099417,0.64038003,256,1123328,1123583,1123424,0
1123839,426365806231583,1084333,0.60458498,256,1123584,1123839,1123626,0
1124095,426365807131666,1016209,0.61138184,256,1123840,1124095,1123938,0
1124351,426365808019791,981500,0.59470801,256,1124096,1124351,1124345,0
1124607,426365808877500,971083,0.62098797,256,1124352,1124607,1124466,0
1124863,426365809762833,958125,0.62856775,256,1124608,1124863,1124618,0
1125119,426365810707875,866333,0.6257972,256,1124864,1125119,1125107,0
1125375,426365811572083,908958,0.64044553,256,1125120,1125375,1125223,0
1125631,426365812457875,905041,0.62097953,256,1125376,1125631,1125488,0
1125887,426365813342041,902625,0.61062979,256,1125632,1125887,1125660,0
1126143,426365814277208,1737083,0.60962017,256,1125888,1126143,1126008,0
1126399,426365815155416,1885000,0.61720247,256,1126144,1126399,1126347,0
1126655,426365816057833,1825833,0.64102501,256,1126400,1126655,1126538,0
1126911,426365816937916,1765792,0.58075952,256,1126656,1126911,1126698,0
1127167,426365817865875,1659250,0.59691529,256,1126912,1127167,1127134,0
1127423,426365818770750,1610833,0.6443855,256,1127168,1127423,1127259,0
1127679,426365819647250,1577250,0.65614144,256,1127424,1127679,1127559,0
1127935,426365820486041,1572417,0.61236989,256,1127680,1127935,1127933,0
1128191,426365821404625,1497625,0.6332931,256,1127936,1128191,1128081,0
1128447,426365822322208,1406375,0.58710934,256,1128192,1128447,1128196,0
1128703,426365823191458,1365542,0.61998326,256,1128448,1128703,1128701,0
1128959,426365824096208,1283458,0.59439807,256,1128704,1128959,1128800,0
1129215,426365824993541,1216500,0.65400459,256,1128960,1129215,1129035,0
1129471,426365825788708,1246000,0.5891788,256,1129216,1129471,1129268,0
1129727,426365826694791,1196792,0.6458288,256,1129472,1129727,1129599,0
1129983,426365827577250,1137250,0.59749237,256,1129728,1129983,1129752,0
1130239,426365828482541,1065667,0.61188899,256,1129984,1130239,1130235,0
1130495,426365829316958,1061417,0.66563199,256,1130240,1130495,1130416,0
1130751,426365830211916,983542,0.61983034,256,1130496,1130751,1130526,0
1131007,426365831101791,902209,0.61303204,256,1130752,1131007,1130869,0
1131263,426365832000208,829000,0.60281846,256,1131008,1131263,1131136,0
1131519,426365832848750,877666,0.59442221,256,1131264,1131519,1131299,0
1131775,426365833732958,817125,0.59648675,256,1131520,1131775,1131707,0
1132031,426365834633000,921916,0.61146871,256,1131776,1132031,1132020,0
1132287,426365835505583,922500,0.65585927,256,1132032,1132287,1132050,0
1132543,426365836402583,838833,0.63750405,256,1132288,1132543,1132395,0
1132799,426365837280416,873584,0.65071636,256,1132544,1132799,1132698,0
1133055,426365838126625,850208,0.59603534,256,1132800,1133055,1132882,0
1133311,426365838991416,851042,0.61297029,256,1133056,1133311,1133178,0
1133567,426365839872291,849667,0.62639294,256,1133312,1133567,1133314,0
1133823,426365840730041,1218792,0.61854913,256,1133568,1133823,1133631,0
1134079,426365841559958,1207208,0.6080745,256,1133824,1134079,1133995,0
1134335,426365842391666,1216375,0.63534921,256,1134080,1134335,1134202,0
1134591,426365843272083,1184833,0.61000586,256,1134336,1134591,1134365,0
1134847,426365844142583,1124000,0.59199943,256,1134592,1134847,1134650,0
1135103,426365845017416,1070209,0.62598071,256,1134848,1135103,1134911,0
1135359,426365845938583,967167,0.62042115,256,1135104,1135359,1135310,0
1135615,426365846827083,875833,0.6007891,256,1135360,1135615,1135384,0
1135871,426365847709208,827208,0.60044824,256,1135616,1135871,1135687,0
1136127,426365848586750,885666,0.62258164,256,1135872,1136127,1136031,0
1136383,426365849498083,1649792,0.61672773,256,1136128,1136383,1136177,0
1136639,426365850359541,1818167,0.63793373,256,1136384,1136639,1136484,0
1136895,426365851248291,1756209,0.65676825,256,1136640,1136895,1136807,0
1137151,426365852106166,1724125,0.65068601,256,1136896,1137151,1137136,0
1137407,426365852994916,1672667,0.65469798,256,1137152,1137407,1137363,0
1137663,426365853902125,1573583,0.63176897,256,1137408,1137663,1137523,0
1137919,426365854775125,1516666,0.61766377,256,1137664,1137919,1137852,0
1138175,426365855668416,1440167,0.59642016,256,1137920,1138175,1138174,0
1138431,426365856602166,1288209,0.58326041,256,1138176,1138431,1138300,0
1138687,426365857520833,1202750,0.66309834,256,1138432,1138687,1138535,0
1138943,426365858424833,1112167,0.61057383,256,1138688,1138943,1138830,0
1139199,426365859336708,1011417,0.60759245,256,1138944,1139199,1139191,0
1139455,426365860209458,953667,0.65781552,256,1139200,1139455,1139424,0
1139711,426365861126708,851375,0.63992472,256,1139456,1139711,1139588,0
1139967,426365862001666,814917,0.59752637,256,1139712,1139967,1139856,0
1140223,426365862890125,828500,0.60113956,256,1139968,1140223,1140093,0
1140479,426365863745416,1606250,0.62129579,256,1140224,1140479,1140357,0
1140735,426365864626750,1773583,0.62064396,256,1140480,1140735,1140657,0
1140991,426365865499250,1697500,0.60302827,256,1140736,1140991,1140880,0
1141247,426365866371916,1665959,0.60785975,256,1140992,1141247,1141179,0
1141503,426365867210458,1635125,0.61596974,256,1141248,1141503,1141397,0
1141759,426365868098958,1591917,0.57327156,256,1141504,1141759,1141538,0
1142015,426365868981333,1479125,0.62374666,256,1141760,1142015,1141951,0
1142271,426365869890958,1368875,0.6010083,256,1142016,1142271,1142117,0
1142527,426365870744041,1321959,0.58368317,256,1142272,1142527,1142310,0
1142783,426365871627791,1217167,0.58232311,256,1142528,1142783,1142585,0
1143039,426365872504083,1173292,0.6099363,256,1142784,1143039,1142804,0
1143295,426365873320875,1193250,0.61528807,256,1143040,1143295,1143281,0
1143551,426365874279625,1061541,0.60390786,256,1143296,1143551,1143298,0
1143807,426365875162541,986750,0.60940541,256,1143552,1143807,1143775,0
1144063,426365876013791,926625,0.65134198,256,1143808,1144063,1143862,0
1144319,426365876919000,836875,0.62799196,256,1144064,1144319,1144136,0
1144575,426365877803625,1631250,0.64382915,256,1144320,1144575,1144454,0
1144831,426365878696250,1747250,0.61922696,256,1144576,1144831,1144668,0
1145087,426365879561083,1686417,0.59839023,256,1144832,1145087,1145031,0
1145343,426365880428625,1616916,0.62816033,256,1145088,1145343,1145159,0
1145599,426365881290208,1540792,0.64913908,256,1145344,1145599,1145529,0
1145855,426365882202333,1437875,0.59932455,256,1145600,1145855,1145820,0
1146111,426365883159583,1280167,0.58963899,256,1145856,1146111,1145982,0
1146367,426365883991041,1270125,0.65642894,256,1146112,1146367,1146328,0
1146623,426365884846750,1246583,0.61479246,256,1146368,1146623,1146554,0
1146879,426365885741666,1116000,0.58687898,256,1146624,1146879,1146724,0
1147135,426365886588916,1067792,0.5812468,256,1146880,1147135,1147029,0
1147391,426365887484125,963791,0.60889053,256,1147136,1147391,1147192,0
1147647,426365888346541,954792,0.6789547,256,1147392,1147647,1147564,0
1147903,426365889206041,872084,0.63423499,256,1147648,1147903,1147770,0
1148159,426365890023416,876292,0.62730144,256,1147904,1148159,1147963,0
1148415,426365890885416,814500,0.57515766,256,1148160,1148415,1148396,0
1148671,426365891777916,882334,0.64256733,256,1148416,1148671,1148558,0
1148927,426365892676625,1647000,0.62837244,256,1148672,1148927,1148738,0
1149183,426365893587916,1769542,0.5982365,256,1148928,1149183,1148934,0
1149439,426365894428500,1760291,0.60359799,256,1149184,1149439,1149210,0
1149695,426365895326291,1675292,0.59659302,256,1149440,1149695,1149648,0
1149951,426365896209458,1617125,0.5994441,256,1149696,1149951,1149925,0
1150207,426365897126833,1525542,0.61424866,256,1149952,1150207,1150051,0
1150463,426365897979166,1503709,0.62930165,256,1150208,1150463,1150343,0
1150719,426365898851916,1471584,0.58270619,256,1150464,1150719,1150654,0
1150975,426365899696416,1447417,0.62488011,256,1150720,1150975,1150957,0
1151231,426365900603333,1379500,0.59512176,256,1150976,1151231,1151101,0
1151487,426365901467625,1355458,0.58236464,256,1151232,1151487,1151396,0
1151743,426365902290208,1361083,0.62010245,256,1151488,1151743,1151578,0
1151999,426365903240125,1247958,0.61091659,256,1151744,1151999,1151830,0
1152255,426365904146125,1160541,0.60658991,256,1152000,1152255,1152213,0
1152511,426365905064250,1058833,0.61519844,256,1152256,1152511,1152489,0
1152767,426365905920375,1042583,0.59635555,256,1152512,1152767,1152518,0
1153023,426365906815666,973000,0.61129457,256,1152768,1153023,1153016,0
1153279,426365907670458,940208,0.56548277,256,1153024,1153279,1153212,0
1153535,426365908593958,823208,0.60562089,256,1153280,1153535,1153295,0
1153791,426365909475916,1610917,0.600102,256,1153536,1153791,1153607,0
1154047,426365910320208,1584583,0.62713047,256,1153792,1154047,1153836,0
1154303,426365911266333,1458333,0.65692913,256,1154048,1154303,1154263,0
1154559,426365912087375,1426916,0.61805452,256,1154304,1154559,1154465,0
1154815,426365912972291,1344875,0.62261602,256,1154560,1154815,1154803,0
1155071,426365913906458,1189625,0.57629691,256,1154816,1155071,1155030,0
1155327,426365914796708,1097750,0.61549548,256,1155072,1155327,1155236,0
1155583,426365915661791,1039334,0.59535012,256,1155328,1155583,1155536,0
1155839,426365916560625,975250,0.60383213,256,1155584,1155839,1155690,0
1156095,426365917482708,832875,0.58227665,256,1155840,1156095,1156062,0
1156351,426365918335041,800084,0.59378722,256,1156096,1156351,1156332,0
1156607,426365919243708,811292,0.61128015,256,1156352,1156607,1156591,0
1156863,426365920096416,835292,0.62494963,256,1156608,1156863,1156835,0
1157119,426365920966666,1736125,0.59723363,256,1156864,1157119,1157044,0
1157375,426365921833000,1841125,0.58792185,256,1157120,1157375,1157302,0
1157631,426365922705750,1801250,0.61263605,256,1157376,1157631,1157590,0
1157887,426365923592416,1774125,0.61526841,256,1157632,1157887,1157875,0
1158143,426365924466458,1696083,0.57622205,256,1157888,1158143,1157946,0
1158399,426365925352583,1654292,0.61289621,256,1158144,1158399,1158324,0
1158655,426365926275208,1613500,0.69292101,256,1158400,1158655,1158558,0
1158911,426365927113375,1622500,0.59693152,256,1158656,1158911,1158667,0
1159167,426365928016250,1564666,0.62245042,256,1158912,1159167,1159046,0
1159423,426365928947791,1451250,0.59387524,256,1159168,1159423,1159402,0
1159679,426365929812625,1403083,0.59891146,256,1159424,1159679,1159472,0
1159935,426365930773375,1291291,0.59958757,256,1159680,1159935,1159897,0
1160191,426365931675500,1194916,0.58000046,256,1159936,1160191,1160050,0
1160447,426365932589625,1106000,0.60133077,256,1160192,1160447,1160289,0
1160703,426365933433750,1126666,0.63295032,256,1160448,1160703,1160666,0
1160959,426365934348208,1050667,0.59501282,256,1160704,1160959,1160790,0
1161215,426365935209375,1037375,0.60153947,256,1160960,1161215,1161002,0
1161471,426365936121000,944250,0.59158211,256,1161216,1161471,1161373,0
1161727,426365936996375,926208,0.64671385,256,1161472,1161727,1161544,0
1161983,426365937900041,899084,0.63386269,256,1161728,1161983,1161875,0
1162239,426365938805375,823083,0.63145207,256,1161984,1162239,1162172,0
1162495,426365939692875,842291,0.63753856,256,1162240,1162495,1162260,0
1162751,426365940596500,844208,0.63687953,256,1162496,1162751,1162655,0
1163007,426365941466000,852708,0.64143286,256,1162752,1163007,1162978,0
1163263,426365942357208,841417,0.57706709,256,1163008,1163263,1163164,0
1163519,426365943282958,1758625,0.61257362,256,1163264,1163519,1163429,0
1163775,426365944160375,1798333,0.60967855,256,1163520,1163775,1163686,0
1164031,426365945069458,1704042,0.64639082,256,1163776,1164031,1164021,0
1164287,426365945879666,1727917,0.62269165,256,1164032,1164287,1164092,0
1164543,426365946730958,1672083,0.62883106,256,1164288,1164543,1164431,0
1164799,426365947618000,1581125,0.56860543,256,1164544,1164799,1164630,0
1165055,426365948497333,1507208,0.60762078,256,1164800,1165055,1165012,0
1165311,426365949373500,1435000,0.61130886,256,1165056,1165311,1165189,0
1165567,426365950277250,1326666,0.5750652,256,1165312,1165567,1165347,0
1165823,426365951172625,1215666,0.58355571,256,1165568,1165823,1165754,0
1166079,426365952070583,1138042,0.61997599,256,1165824,1166079,1166045,0
1166335,426365952908041,1081709,0.60002854,256,1166080,1166335,1166212,0
1166591,426365953812291,1001375,0.63354144,256,1166336,1166591,1166553,0
1166847,426365954733666,871625,0.61653147,256,1166592,1166847,1166699,0
1167103,426365955582916,811292,0.56357814,256,1166848,1167103,1166908,0
1167359,426365956418125,855541,0.60738056,256,1167104,1167359,1167316,0
1167615,426365957311958,834667,0.61848223,256,1167360,1167615,1167567,0
1167871,426365958188916,817042,0.5728344,256,1167616,1167871,1167799,0
1168127,426365959048708,851083,0.61213227,256,1167872,1168127,1168026,0
1168383,426365959922083,1662625,0.59197516,256,1168128,1168383,1168185,0
1168639,426365960898250,1675708,0.59319544,256,1168384,1168639,1168469,0
1168895,426365961807791,1559125,0.59242797,256,1168640,1168895,1168764,0
1169151,426365962623333,1557292,0.60667735,256,1168896,1169151,1169149,0
1169407,426365963509208,1505000,0.6337925,256,1169152,1169407,1169185,0
1169663,426365964389541,1417000,0.57238294,256,1169408,1169663,1169425,0
1169919,426365965269750,1329250,0.59063498,256,1169664,1169919,1169883,0
1170175,426365966147041,1248500,0.61252297,256,1169920,1170175,1170042,0
1170431,426365967023208,1200458,0.63678324,256,1170176,1170431,1170318,0
1170687,426365967873166,1157709,0.60276169,256,1170432,1170687,1170445,0
1170943,426365968792041,1041792,0.60904724,256,1170688,1170943,1170774,0
1171199,426365969650708,992458,0.60613878,256,1170944,1171199,1171059,0
1171455,426365970530083,897292,0.59180814,256,1171200,1171455,1171400,0
1171711,426365971425208,841917,0.61424834,256,1171456,1171711,1171517,0
1171967,426365972339000,822583,0.59625723,256,1171712,1171967,1171789,0
1172223,426365973231458,808500,0.61436095,256,1171968,1172223,1172096,0
1172479,426365974112500,850500,0.63025999,256,1172224,1172479,1172376,0
1172735,426365975019083,1589125,0.66362755,256,1172480,1172735,1172543,0
1172991,426365975889916,1786959,0.62217051,256,1172736,1172991,1172917,0
1173247,426365976747666,1748125,0.61708042,256,1172992,1173247,1173174,0
1173503,426365977648666,1679542,0.64805175,256,1173248,1173503,1173382,0
1173759,426365978551666,1581542,0.60259417,256,1173504,1173759,1173615,0
1174015,426365979495750,1452541,0.62971467,256,1173760,1174015,1173773,0
1174271,426365980385958,1335750,0.58066036,256,1174016,1174271,1174261,0
1174527,426365981273375,1274458,0.62529003,256,1174272,1174527,1174439,0
1174783,426365982116416,1231500,0.62864922,256,1174528,1174783,1174749,0
1175039,426365983053750,1112333,0.62037311,256,1174784,1175039,1175030,0
1175295,426365983893958,1060750,0.60885206,256,1175040,1175295,1175108,0
1175551,426365984772750,991958,0.63898438,256,1175296,1175551,1175524,0
1175807,426365985642166,940417,0.6292772,256,1175552,1175807,1175553,0
1176063,426365986524291,843000,0.60579449,256,1175808,1176063,1175865,0
1176319,426365987391708,810250,0.59432828,256,1176064,1176319,1176156,0
1176575,426365988238750,1588375,0.57141594,256,1176320,1176575,1176495,0
1176831,426365989126083,1721542,0.58731305,256,1176576,1176831,1176756,0
1177087,426365989974041,1702209,0.63939749,256,1176832,1177087,1177044,0
1177343,426365990908750,1562125,0.58810538,256,1177088,1177343,1177125,0
1177599,426365991822375,1469291,0.63027226,256,1177344,1177599,1177374,0
1177855,426365992679625,1405375,0.58755874,256,1177600,1177855,1177610,0
1178111,426365993581791,1299834,0.62146377,256,1177856,1178111,1177982,0
1178367,426365994452916,1248959,0.60246461,256,1178112,1178367,1178132,0
1178623,426365995363041,1123959,0.59872554,256,1178368,1178623,1178429,0
1178879,426365996212375,1065208,0.60944565,256,1178624,1178879,1178879,0
1179135,426365997107458,987417,0.61940373,256,1178880,1179135,1179121,0
1179391,426365997958916,967459,0.61862896,256,1179136,1179391,1179321,0
1179647,426365998841208,882833,0.64121584,256,1179392,1179647,1179528,0
1179903,426365999781375,1641083,0.60850876,256,1179648,1179903,1179793,0
1180159,426366000672458,1736375,0.59243858,256,1179904,1180159,1180049,0
1180415,426366001590416,1638625,0.63755647,256,1180160,1180415,1180220,0
1180671,426366002511541,1519084,0.60332944,256,1180416,1180671,1180530,0
1180927,426366003375291,1488042,0.6298314,256,1180672,1180927,1180816,0
1181183,426366004305750,1346750,0.5681895,256,1180928,1181183,1181068,0
1181439,426366005206541,1244709,0.58800449,256,1181184,1181439,1181254,0
1181695,426366006084208,1148042,0.58821582,256,1181440,1181695,1181558,0
1181951,426366006928250,1121125,0.61040398,256,1181696,1181951,1181805,0
1182207,426366007739958,1106917,0.6066355,256,1181952,1182207,1182016,0
1182463,426366008648333,1002542,0.57977163,256,1182208,1182463,1182353,0
1182719,426366009533875,941458,0.65932005,256,1182464,1182719,1182599,0
1182975,426366010421375,863291,0.59602317,256,1182720,1182975,1182964,0
1183231,426366011305500,863708,0.60274246,256,1182976,1183231,1183133,0
1183487,426366012185541,834459,0.59988771,256,1183232,1183487,1183364,0
1183743,426366013081625,1619208,0.6686183,256,1183488,1183743,1183692,0
1183999,426366013999583,1715417,0.58048925,256,1183744,1183999,1183772,0
1184255,426366014907208,1649292,0.61662286,256,1184000,1184255,1184199,0
1184511,426366015796125,1620333,0.64193169,256,1184256,1184511,1184347,0
1184767,426366016677833,4512500,0.58499298,256,1184512,1184767,1184588,0
1185023,426366017545625,3708833,0.58960647,256,1184768,1185023,1184954,0
1185279,426366018385083,3053375,0.6016676,256,1185024,1185279,1185064,0
1185535,426366019566291,2732125,0.61858467,256,1185280,1185535,1185336,0
1185791,426366021300125,1846458,0.59487259,256,1185536,1185791,1185695,0
1186047,426366021316791,2664792,0.58018432,256,1185792,1186047,1186035,0
1186303,426366022007583,2783125,0.58325845,256,1186048,1186303,1186087,0
1186559,426366022824500,2809875,0.59289488,256,1186304,1186559,1186448,0
1186815,426366023796625,2671708,0.62981849,256,1186560,1186815,1186568,0
1187071,426366024655958,2702000,0.65859587,256,1186816,1187071,1187048,0
1187327,426366025572416,2632209,0.60778999,256,1187072,1187327,1187141,0
1187583,426366026443375,2595791,0.60367651,256,1187328,1187583,1187363,0
1187839,426366027278458,2587917,0.58603592,256,1187584,1187839,1187736,0
1188095,426366028167833,2537417,0.58117719,256,1187840,1188095,1188034,0
1188351,426366029016041,2532042,0.6051523,256,1188096,1188351,1188138,0
1188607,426366029873708,2518458,0.60204624,256,1188352,1188607,1188401,0
1188863,426366030800208,2439125,0.60905626,256,1188608,1188863,1188837,0
1189119,426366031620541,2434000,0.64303692,256,1188864,1189119,1189078,0
1189375,426366032534750,2353750,0.60143652,256,1189120,1189375,1189228,0
1189631,426366033502458,2240167,0.61402743,256,1189376,1189631,1189611,0
1189887,426366034327375,2264583,0.59535371,256,1189632,1189887,1189827,0
1190143,426366035237583,2200750,0.61915101,256,1189888,1190143,1189963,0
1190399,426366036102791,2191709,0.61467062,256,1190144,1190399,1190317,0
1190655,426366036926708,2211792,0.59832341,256,1190400,1190655,1190499,0
1190911,426366037823541,2169584,0.60441898,256,1190656,1190911,1190906,0
1191167,426366038714000,2117083,0.60027493,256,1190912,1191167,1191111,0
1191423,426366039596333,2100542,0.66421782,256,1191168,1191423,1191410,0
1191679,426366040467750,2081416,0.61290356,256,1191424,1191679,1191574,0
1191935,426366041345875,2039375,0.64918656,256,1191680,1191935,1191800,0
1192191,426366042282500,1928166,0.59092323,256,1191936,1192191,1192037,0
1192447,426366043161625,1892833,0.59101226,256,1192192,1192447,1192425,0
1192703,426366044031166,1911292,0.65669599,256,1192448,1192703,1192546,0
1192959,426366044927666,1825709,0.59736265,256,1192704,1192959,1192835,0
1193215,426366045816000,1740041,0.62120374,256,1192960,1193215,1193029,0
1193471,426366046749916,1627209,0.60772612,256,1193216,1193471,1193425,0
1193727,426366047644208,1556375,0.60193256,256,1193472,1193727,1193481,0
1193983,426366048567416,1436500,0.62012724,256,1193728,1193983,1193966,0
1194239,426366049476375,1360416,0.59574194,256,1193984,1194239,1194049,0
1194495,426366050320041,1347584,0.62712254,256,1194240,1194495,1194281,0
1194751,426366051224041,1248500,0.59939127,256,1194496,1194751,1194578,0
1195007,426366052105583,1186542,0.62206653,256,1194752,1195007,1194923,0
1195263,426366053026375,1110666,0.62019624,256,1195008,1195263,1195197,0
1195519,426366053981750,981916,0.62464416,256,1195264,1195519,1195509,0
1195775,426366054869166,924917,0.62092215,256,1195520,1195775,1195542,0
1196031,426366055689666,899959,0.59613018,256,1195776,1196031,1196021,0
1196287,426366056532666,841917,0.63017868,256,1196032,1196287,1196085,0
1196543,426366057414541,835792,0.61242889,256,1196288,1196543,1196400,0
1196799,426366058348125,812708,0.59227937,256,1196544,1196799,1196660,0
1197055,426366059236500,851250,0.59442219,256,1196800,1197055,1196912,0
1197311,426366060199958,857583,0.63925784,256,1197056,1197311,1197231,0
1197567,426366061130625,822833,0.61598194,256,1197312,1197567,1197317,0
1197823,426366062061125,1672875,0.61103145,256,1197568,1197823,1197792,0
1198079,426366062926375,1783833,0.61090879,256,1197824,1198079,1198079,0
1198335,426366063847791,1677542,0.59589135,256,1198080,1198335,1198153,0
1198591,426366064743000,1598583,0.61692627,256,1198336,1198591,1198449,0
1198847,426366065614791,1532709,0.59929395,256,1198592,1198847,1198638,0
1199103,426366066473541,1498375,0.64087453,256,1198848,1199103,1198872,0
1199359,426366067293791,1466209,0.5872921,256,1199104,1199359,1199189,0
1199615,426366068181041,1415334,0.63829549,256,1199360,1199615,1199582,0
1199871,426366069058541,1355542,0.62853484,256,1199616,1199871,1199785,0
1200127,426366069912166,1355750,0.60755528,256,1199872,1200127,1199992,0
1200383,426366070843500,1260083,0.60530327,256,1200128,1200383,1200165,0
1200639,426366071679375,1250083,0.62263458,256,1200384,1200639,1200529,0
1200895,426366072617375,1146041,0.60779822,256,1200640,1200895,1200800,0
1201151,426366073557333,1030417,0.60230919,256,1200896,1201151,1200956,0
1201407,426366074441416,958334,0.63330478,256,1201152,1201407,1201378,0
1201663,426366075387958,842000,0.63263105,256,1201408,1201663,1201595,0
1201919,426366076195125,882916,0.64410942,256,1201664,1201919,1201775,0
1202175,426366077115291,885917,0.59992807,256,1201920,1202175,1202083,0
1202431,426366077962208,867958,0.6023155,256,1202176,1202431,1202198,0
1202687,426366079408166,2059084,0.6397648,256,1202432,1202687,1202632,0
1202943,426366080315666,2036334,0.63364895,256,1202688,1202943,1202719,0
1203199,426366081316541,1866292,0.60877202,256,1202944,1203199,1202968,0
1203455,426366081525166,2504625,0.62750057,256,1203200,1203455,1203340,0
1203711,426366083420250,1478541,0.63772835,256,1203456,1203711,1203564,0
1203967,426366083429583,2301625,0.60141272,256,1203712,1203967,1203780,0
1204223,426366084315750,2274250,0.64164905,256,1203968,1204223,1203983,0
1204479,426366085207458,2213375,0.64319282,256,1204224,1204479,1204236,0
1204735,426366086040333,2224458,0.62274917,256,1204480,1204735,1204562,0
1204991,426366086877666,2230750,0.63732299,256,1204736,1204991,1204909,0
1205247,426366087701791,2236250,0.574203,256,1204992,1205247,1205132,0
1205503,426366088579291,2207000,0.64122953,256,1205248,1205503,1205392,0
1205759,426366089493458,2136833,0.64987984,256,1205504,1205759,1205685,0
1206015,426366090403875,2075833,0.60605493,256,1205760,1206015,1205837,0
1206271,426366091265625,2063083,0.60210979,256,1206016,1206271,1206218,0
1206527,426366092211333,1955750,0.65296432,256,1206272,1206527,1206301,0
1206783,426366093095833,1899083,0.64018076,256,1206528,1206783,1206720,0
1207039,426366094024541,1807625,0.62623433,256,1206784,1207039,1206952,0
1207295,426366094914541,1734250,0.63829761,256,1207040,1207295,1207086,0
1207551,426366095822666,1664709,0.61976185,256,1207296,1207551,1207469,0
1207807,426366096718791,1605959,0.60970642,256,1207552,1207807,1207806,0
1208063,426366097659625,1534041,0.64076093,256,1207808,1208063,1207886,0
1208319,426366098564625,1465583,0.61442276,256,1208064,1208319,1208215,0
1208575,426366099475666,1412500,0.64467236,256,1208320,1208575,1208411,0
1208831,426366100315541,1436000,0.62364927,256,1208576,1208831,1208705,0
1209087,426366101211833,1391958,0.67610459,256,1208832,1209087,1209061,0
1209343,426366102085666,1402000,0.62245495,256,1209088,1209343,1209092,0
1209599,426366102963208,1389958,0.64185669,256,1209344,1209599,1209531,0
1209855,426366103805291,1367625,0.60819544,256,1209600,1209855,1209835,0
1210111,426366104707958,1309875,0.58116441,256,1209856,1210111,1210078,0
1210367,426366105650708,1222708,0.60853292,256,1210112,1210367,1210172,0
1210623,426366106513250,1222791,0.62492758,256,1210368,1210623,1210455,0
1210879,426366107356875,1242291,0.67894507,256,1210624,1210879,1210670,0
1211135,426366108241708,1223042,0.62888831,256,1210880,1211135,1211130,0
1211391,426366109156875,1171833,0.64961557,256,1211136,1211391,1211141,0
1211647,426366110058166,1114375,0.65605684,256,1211392,1211647,1211445,0
1211903,426366110926166,1105875,0.63862436,256,1211648,1211903,1211769,0
1212159,426366111772333,1149500,0.64265163,256,1211904,1212159,1212100,0
1212415,426366112639916,1154542,0.64809905,256,1212160,1212415,1212177,0
1212671,426366113516291,1131459,0.61548058,256,1212416,1212671,1212614,0
1212927,426366114370458,1132125,0.59944774,256,1212672,1212927,1212746,0
1213183,426366115233958,1119750,0.64472019,256,1212928,1213183,1213083,0
1213439,426366116150125,1053250,0.59469784,256,1213184,1213439,1213212,0
1213695,426366117043375,1042583,0.6762325,256,1213440,1213695,1213542,0
1213951,426366117915416,1006792,0.59521602,256,1213696,1213951,1213768,0
1214207,426366118802333,965958,0.65093792,256,1213952,1214207,1214183,0
1214463,426366119657500,930958,0.58754861,256,1214208,1214463,1214257,0
1214719,426366120513541,922709,0.61951663,256,1214464,1214719,1214506,0
1214975,426366121394583,880833,0.59019091,256,1214720,1214975,1214762,0
1215231,426366122275416,868375,0.62346011,256,1214976,1215231,1215153,0
1215487,426366123198333,851417,0.62318861,256,1215232,1215487,1215354,0
1215743,426366124001708,926458,0.60674639,256,1215488,1215743,1215743,0
1215999,426366124863708,1365958,0.57661574,256,1215744,1215999,1215755,0
1216255,426366125735791,863834,0.61005339,256,1216000,1216255,1216139,0
1216511,426366126663958,881625,0.62176583,256,1216256,1216511,1216319,0
1216767,426366127549958,902833,0.67761214,256,1216512,1216767,1216606,0
1217023,426366128439333,1743833,0.63351258,256,1216768,1217023,1216970,0
1217279,426366129370375,1822500,0.5999705,256,1217024,1217279,1217040,0
1217535,426366130275666,1809209,0.6318691,256,1217280,1217535,1217349,0
1217791,426366131193833,1759125,0.60372303,256,1217536,1217791,1217572,0
1218047,426366132031166,1768667,0.58486997,256,1217792,1218047,1217928,0
1218303,426366132901000,1743750,0.59024759,256,1218048,1218303,1218099,0
1218559,426366133779208,1734708,0.62271564,256,1218304,1218559,1218538,0
1218815,426366134651166,1724209,0.68728591,256,1218560,1218815,1218577,0
1219071,426366135555458,1671750,0.61264445,256,1218816,1219071,1218860,0
1219327,426366136405500,1686916,0.61710258,256,1219072,1219327,1219209,0
1219583,426366137332166,1601792,0.60008443,256,1219328,1219583,1219360,0
1219839,426366138184708,1633042,0.6453923,256,1219584,1219839,1219761,0
1220095,426366139133125,1565541,0.63490297,256,1219840,1220095,1219931,0
1220351,426366140023166,1580292,0.6416423,256,1220096,1220351,1220262,0
1220607,426366140906791,1528500,0.60697028,256,1220352,1220607,1220435,0
1220863,426366141762875,1577583,0.63129476,256,1220608,1220863,1220723,0
1221119,426366142608958,1569125,0.64913662,256,1220864,1221119,1221021,0
1221375,426366143510416,1524792,0.6158969,256,1221120,1221375,1221374,0
1221631,426366144394041,1529042,0.64973736,256,1221376,1221631,1221379,0
1221887,426366145218250,1546000,0.61284035,256,1221632,1221887,1221740,0
1222143,426366146082250,1545583,0.64470687,256,1221888,1222143,1222057,0
1222399,426366146986458,1505250,0.59847605,256,1222144,1222399,1222228,0
1222655,426366147833458,1569625,0.68487594,256,1222400,1222655,1222573,0
1222911,426366148691291,1559750,0.60635518,256,1222656,1222911,1222827,0
1223167,426366149598791,1565459,0.63492915,256,1222912,1223167,1223095,0
1223423,426366150506125,1507958,0.61175058,256,1223168,1223423,1223423,0
1223679,426366151398375,1487291,0.64038003,256,1223424,1223679,1223424,0
1223935,426366152302125,1422291,0.59896902,256,1223680,1223935,1223733,0
1224191,426366153173458,1390000,0.61138184,256,1223936,1224191,1223938,0
1224447,426366154024083,1397625,0.59470801,256,1224192,1224447,1224345,0
1224703,426366154924958,1349333,0.62856775,256,1224448,1224703,1224618,0
1224959,426366155794833,1336208,0.61344227,256,1224704,1224959,1224746,0
1225215,426366156731375,1276166,0.6257972,256,1224960,1225215,1225107,0
1225471,426366157617291,1270792,0.64044553,256,1225216,1225471,1225223,0
1225727,426366158481625,1290916,0.62097953,256,1225472,1225727,1225488,0
1225983,426366159371750,1248708,0.60027526,256,1225728,1225983,1225892,0
1226239,426366160309750,1188916,0.60962017,256,1225984,1226239,1226008,0
1226495,426366161174583,1217542,0.61720247,256,1226240,1226495,1226347,0
1226751,426366162091208,1150833,0.64102501,256,1226496,1226751,1226538,0
1227007,426366162991583,1099208,0.58298577,256,1226752,1227007,1226939,0
1227263,426366163923583,1019417,0.6443855,256,1227008,1227263,1227259,0
1227519,426366164788416,1018500,0.63127731,256,1227264,1227519,1227391,0
1227775,426366165667666,999459,0.65614144,256,1227520,1227775,1227559,0
1228031,426366166528166,1003250,0.61236989,256,1227776,1228031,1227933,0
1228287,426366167457583,990583,0.6332931,256,1228032,1228287,1228081,0
1228543,426366168355416,892709,0.60331849,256,1228288,1228543,1228493,0
1228799,426366169232333,862667,0.61998326,256,1228544,1228799,1228701,0
1229055,426366170139208,1673625,0.65400459,256,1228800,1229055,1229035,0
1229311,426366170961291,1875459,0.64175703,256,1229056,1229311,1229059,0
1229567,426366171842750,1838708,0.59429185,256,1229312,1229567,1229521,0
1229823,426366172714833,1832167,0.6458288,256,1229568,1229823,1229599,0
1230079,426366173656041,1759917,0.597402,256,1229824,1230079,1230061,0
1230335,426366174509458,1741167,0.61188899,256,1230080,1230335,1230235,0
1230591,426366175352250,1751250,0.66563199,256,1230336,1230591,1230416,0
1230847,426366176264083,1683250,0.61237411,256,1230592,1230847,1230771,0
1231103,426366177130125,1651583,0.61303204,256,1230848,1231103,1230869,0
1231359,426366178039041,1591792,0.60281846,256,1231104,1231359,1231136,0
1231615,426366178857666,1602917,0.58536498,256,1231360,1231615,1231373,0
1231871,426366179775125,1518000,0.59648675,256,1231616,1231871,1231707,0
1232127,426366180691875,1461041,0.65585927,256,1231872,1232127,1232050,0
1232383,426366181519000,1492000,0.63461657,256,1232128,1232383,1232128,0
1232639,426366182434625,1407541,0.63750405,256,1232384,1232639,1232395,0
1232895,426366183293083,1403958,0.65071636,256,1232640,1232895,1232698,0
1233151,426366184168666,1365042,0.59208117,256,1232896,1233151,1232907,0
1233407,426366185030541,1338375,0.62639294,256,1233152,1233407,1233314,0
1233663,426366185929958,1291542,0.61854913,256,1233408,1233663,1233631,0
1233919,426366186755250,1286875,0.59637254,256,1233664,1233919,1233899,0
1234175,426366187561875,1330583,0.6080745,256,1233920,1234175,1233995,0
1234431,426366188414958,1352917,0.63534921,256,1234176,1234431,1234202,0
1234687,426366189295750,1326250,0.59496119,256,1234432,1234687,1234459,0
1234943,426366190155916,1302125,0.62598071,256,1234688,1234943,1234911,0
1235199,426366191034458,1278125,0.60876253,256,1234944,1235199,1235063,0
1235455,426366191970375,1161958,0.62042115,256,1235200,1235455,1235310,0
1235711,426366192871625,1079291,0.60044824,256,1235456,1235711,1235687,0
1235967,426366193713791,1092459,0.60120333,256,1235712,1235967,1235916,0
1236223,426366194620041,1070917,0.62258164,256,1235968,1236223,1236031,0
1236479,426366195496125,1027000,0.59365453,256,1236224,1236479,1236474,0
1236735,426366196395125,1004333,0.63793373,256,1236480,1236735,1236484,0
1236991,426366197263625,956791,0.65676825,256,1236736,1236991,1236807,0
1237247,426366198128333,962708,0.65068601,256,1236992,1237247,1237136,0
1237503,426366199048666,882542,0.65469798,256,1237248,1237503,1237363,0
1237759,426366199942500,1693291,0.63176897,256,1237504,1237759,1237523,0
1238015,426366200811708,1820667,0.61766377,256,1237760,1238015,1237852,0
1238271,426366201754208,1681958,0.59642016,256,1238016,1238271,1238174,0
1238527,426366202656708,1590375,0.59249444,256,1238272,1238527,1238446,0
1238783,426366203555333,1494375,0.66309834,256,1238528,1238783,1238535,0
1239039,426366204496416,1395042,0.61057383,256,1238784,1239039,1238830,0
1239295,426366205349333,1342125,0.60759245,256,1239040,1239295,1239191,0
1239551,426366206249625,1246708,0.65781552,256,1239296,1239551,1239424,0
1239807,426366207173458,1139792,0.63992472,256,1239552,1239807,1239588,0
1240063,426366208078541,1034417,0.59752637,256,1239808,1240063,1239856,0
1240319,426366208898250,1034958,0.60113956,256,1240064,1240319,1240093,0
1240575,426366209777416,953709,0.62129579,256,1240320,1240575,1240357,0
1240831,426366210687458,888625,0.62064396,256,1240576,1240831,1240657,0
1241087,426366211511458,852042,0.60302827,256,1240832,1241087,1240880,0
1241343,426366212390416,871542,0.60785975,256,1241088,1241343,1241179,0
1241599,426366213240333,820292,0.61596974,256,1241344,1241599,1241397,0
1241855,426366214168458,858625,0.56519687,256,1241600,1241855,1241775,0
1242111,426366214998750,863541,0.62374666,256,1241856,1242111,1241951,0
1242367,426366215924041,845417,0.6010083,256,1242112,1242367,1242117,0
1242623,426366216788125,816750,0.58232311,256,1242368,1242623,1242585,0
1242879,426366217662750,856291,0.6099363,256,1242624,1242879,1242804,0
1243135,426366218496416,843917,0.60861314,256,1242880,1243135,1242938,0
1243391,426366219424416,1578959,0.61528807,256,1243136,1243391,1243281,0
1243647,426366220322458,2271042,0.60228561,256,1243392,1243647,1243523,0
1243903,426366221196666,2984042,0.65134198,256,1243648,1243903,1243862,0
1244159,426366222057541,3711125,0.62799196,256,1243904,1244159,1244136,0
1244415,426366222926708,4112000,0.58681251,256,1244160,1244415,1244411,0
1244671,426366223820625,4072708,0.64382915,256,1244416,1244671,1244454,0
1244927,426366224752833,3963042,0.60329803,256,1244672,1244927,1244799,0
1245183,426366225582791,3972375,0.62816033,256,1244928,1245183,1245159,0
1245439,426366226457500,3903916,0.57488227,256,1245184,1245439,1245390,0
1245695,426366227320250,3867708,0.64913908,256,1245440,1245695,1245529,0
1245951,426366228269250,3733791,0.59932455,256,1245696,1245951,1245820,0
1246207,426366229198875,3631833,0.60932984,256,1245952,1246207,1246129,0
1246463,426366230012416,3661750,0.65642894,256,1246208,1246463,1246328,0
1246719,426366230890083,3614667,0.61479246,256,1246464,1246719,1246554,0
1246975,426366231754166,3568042,0.58687898,256,1246720,1246975,1246724,0
1247231,426366232617666,3528959,0.60889053,256,1246976,1247231,1247192,0
1247487,426366233491083,3466792,0.60937281,256,1247232,1247487,1247410,0
1247743,426366234388083,3424292,0.6789547,256,1247488,1247743,1247564,0
1247999,426366235209083,3418542,0.63423499,256,1247744,1247999,1247770,0
1248255,426366236023875,3430125,0.60328595,256,1248000,1248255,1248068,0
1248511,426366236913291,3349792,0.57515766,256,1248256,1248511,1248396,0
1248767,426366237818583,3277083,0.64256733,256,1248512,1248767,1248558,0
1249023,426366238751625,3212625,0.6161321,256,1248768,1249023,1248819,0
1249279,426366239623958,3167250,0.60359799,256,1249024,1249279,1249210,0
1249535,426366240471708,3138708,0.56479901,256,1249280,1249535,1249293,0
1249791,426366241352833,3062583,0.59659302,256,1249536,1249791,1249648,0
1250047,426366242276458,2969708,0.5994441,256,1249792,1250047,1249925,0
1250303,426366243193375,2881416,0.61688379,256,1250048,1250303,1250288,0
1250559,426366243986333,2912708,0.62930165,256,1250304,1250559,1250343,0
1250815,426366244868333,2872250,0.58270619,256,1250560,1250815,1250654,0
1251071,426366245713791,2865792,0.62488011,256,1250816,1251071,1250957,0
1251327,426366246609875,2793875,0.59512176,256,1251072,1251327,1251101,0
1251583,426366247480166,2769209,0.62010245,256,1251328,1251583,1251578,0
1251839,426366248355541,2726417,0.61426755,256,1251584,1251839,1251636,0
1252095,426366249282750,2623666,0.59584126,256,1251840,1252095,1252094,0
1252351,426366250179250,2541875,0.60658991,256,1252096,1252351,1252213,0
1252607,426366251107958,2444042,0.61519844,256,1252352,1252607,1252489,0
1252863,426366251949750,2423000,0.59425728,256,1252608,1252863,1252738,0
1253119,426366252833250,2378541,0.61129457,256,1252864,1253119,1253016,0
1253375,426366253730000,2292416,0.60562089,256,1253120,1253375,1253295,0
1253631,426366254603333,2238667,0.60377393,256,1253376,1253631,1253520,0
1253887,426366255487458,2203500,0.62713047,256,1253632,1253887,1253836,0
1254143,426366256395000,2130583,0.6093607,256,1253888,1254143,1253945,0
1254399,426366257283458,2068292,0.65692913,256,1254144,1254399,1254263,0
1254655,426366258105583,2058917,0.61805452,256,1254400,1254655,1254465,0
1254911,426366259029875,1937791,0.62261602,256,1254656,1254911,1254803,0
1255167,426366259928250,1866708,0.58066394,256,1254912,1255167,1255121,0
1255423,426366260819416,1782292,0.61549548,256,1255168,1255423,1255236,0
1255679,426366261684666,1752709,0.59535012,256,1255424,1255679,1255536,0
1255935,426366262614125,1639416,0.60383213,256,1255680,1255935,1255690,0
1256191,426366263509666,1542542,0.58227665,256,1255936,1256191,1256062,0
1256447,426366264395125,1476000,0.59378722,256,1256192,1256447,1256332,0
1256703,426366265272250,1602958,0.61128015,256,1256448,1256703,1256591,0
1256959,426366266154916,2353792,0.62494963,256,1256704,1256959,1256835,0
1257215,426366267010583,3088375,0.59723363,256,1256960,1257215,1257044,0
1257471,426366267894833,3814917,0.58792185,256,1257216,1257471,1257302,0
1257727,426366268740708,4590333,0.61263605,256,1257472,1257727,1257590,0
1257983,426366269630125,5318708,0.61526841,256,1257728,1257983,1257875,0
1258239,426366270517291,6029834,0.55352931,256,1257984,1258239,1258071,0
1258495,426366271387208,6078500,0.61289621,256,1258240,1258495,1258324,0
1258751,426366272269000,6046750,0.69292101,256,1258496,1258751,1258558,0
1259007,426366273218708,5940875,0.59034389,256,1258752,1259007,1258883,0
1259263,426366274046250,5901875,0.62245042,256,1259008,1259263,1259046,0
1259519,426366274945583,5822500,0.59891146,256,1259264,1259519,1259472,0
1259775,426366275863583,5700917,0.59348389,256,1259520,1259775,1259762,0
1260031,426366277210458,5157542,0.59958757,256,1259776,1260031,1259897,0
1260287,426366277719625,5431875,0.58000046,256,1260032,1260287,1260050,0
1260543,426366278583208,5367042,0.60133077,256,1260288,1260543,1260289,0
1260799,426366279547833,5249417,0.63295032,256,1260544,1260799,1260666,0
1261055,426366280410541,5199709,0.60153947,256,1260800,1261055,1261002,0
1261311,426366281278750,5148333,0.58873099,256,1261056,1261311,1261211,0
1261567,426366282146750,5094541,0.64671385,256,1261312,1261567,1261544,0
1261823,426366283037125,5030833,0.6293775,256,1261568,1261823,1261653,0
1262079,426366283941291,4975000,0.63386269,256,1261824,1262079,1261875,0
1262335,426366284838416,4898625,0.63753856,256,1262080,1262335,1262260,0
1262591,426366285756166,4774500,0.60317511,256,1262336,1262591,1262566,0
1262847,426366286637375,4721958,0.63687953,256,1262592,1262847,1262655,0
1263103,426366287506291,4655709,0.64143286,256,1262848,1263103,1262978,0
1263359,426366288387083,4573375,0.57790313,256,1263104,1263359,1263300,0
1263615,426366289305125,4454750,0.61257362,256,1263360,1263615,1263429,0
1263871,426366290226458,4328125,0.60967855,256,1263616,1263871,1263686,0
1264127,426366291044708,4332625,0.64639082,256,1263872,1264127,1264021,0
1264383,426366291925541,4258334,0.61697158,256,1264128,1264383,1264155,0
1264639,426366292752625,4227500,0.62883106,256,1264384,1264639,1264431,0
1264895,426366293655083,4114000,0.56710189,256,1264640,1264895,1264642,0
1265151,426366294549458,4025167,0.60762078,256,1264896,1265151,1265012,0
1265407,426366295401000,3977000,0.61130886,256,1265152,1265407,1265189,0
1265663,426366296315083,3856042,0.57097002,256,1265408,1265663,1265478,0
1265919,426366297223041,3745459,0.58355571,256,1265664,1265919,1265754,0
1266175,426366298071875,3701833,0.61997599,256,1265920,1266175,1266045,0
1266431,426366298946000,3619083,0.60002854,256,1266176,1266431,1266212,0
1266687,426366299865500,3512208,0.63354144,256,1266432,1266687,1266553,0
1266943,426366300763166,3410750,0.61653147,256,1266688,1266943,1266699,0
1267199,426366301609416,3350209,0.5885259,256,1266944,1267199,1267159,0
1267455,426366302482208,3275083,0.60738056,256,1267200,1267455,1267316,0
1267711,426366303342541,3208334,0.61848223,256,1267456,1267711,1267567,0
1267967,426366304198500,3148416,0.5728344,256,1267712,1267967,1267799,0
1268223,426366305085458,3070125,0.61213227,256,1267968,1268223,1268026,0
1268479,426366306017125,2930958,0.59319544,256,1268224,1268479,1268469,0
1268735,426366306930291,2808292,0.57637225,256,1268480,1268735,1268566,0
1268991,426366307827458,2713083,0.59242797,256,1268736,1268991,1268764,0
1269247,426366308651583,2720458,0.6337925,256,1268992,1269247,1269185,0
1269503,426366309511083,2672000,0.62627704,256,1269248,1269503,1269375,0
1269759,426366310424375,2555583,0.57674917,256,1269504,1269759,1269699,0
1270015,426366311307291,2461625,0.59063498,256,1269760,1270015,1269883,0
1270271,426366312180583,2406042,0.61252297,256,1270016,1270271,1270042,0
1270527,426366313041833,2359417,0.63678324,256,1270272,1270527,1270318,0
1270783,426366313895041,2321417,0.60904724,256,1270528,1270783,1270774,0
1271039,426366314824416,2201084,0.60540203,256,1270784,1271039,1270956,0
1271295,426366315679625,2133166,0.60613878,256,1271040,1271295,1271059,0
1271551,426366316559750,2113625,0.61424834,256,1271296,1271551,1271517,0
1271807,426366317476375,2048916,0.59625723,256,1271552,1271807,1271789,0
1272063,426366318384125,1942916,0.60373505,256,1271808,1272063,1272002,0
1272319,426366319292666,1878875,0.61460563,256,1272064,1272319,1272272,0
1272575,426366320121500,1887791,0.66362755,256,1272320,1272575,1272543,0
1272831,426366321032833,1806125,0.59350308,256,1272576,1272831,1272806,0
1273087,426366321912625,1785375,0.62217051,256,1272832,1273087,1272917,0
1273343,426366322775041,1770167,0.61708042,256,1273088,1273343,1273174,0
1273599,426366323685583,1688125,0.64805175,256,1273344,1273599,1273382,0
1273855,426366324603416,1599625,0.62971467,256,1273600,1273855,1273773,0
1274111,426366325517791,1531792,0.6198063,256,1273856,1274111,1273982,0
1274367,426366326417875,1422291,0.58066036,256,1274112,1274367,1274261,0
1274623,426366327326583,1369708,0.62529003,256,1274368,1274623,1274439,0
1274879,426366328181750,1336750,0.62864922,256,1274624,1274879,1274749,0
1275135,426366329069583,1291333,0.62037311,256,1274880,1275135,1275030,0
1275391,426366329900083,1264958,0.5705806,256,1275136,1275391,1275385,0
1275647,426366330793500,1215541,0.63898438,256,1275392,1275647,1275524,0
1275903,426366331679166,1141042,0.60579449,256,1275648,1275903,1275865,0
1276159,426366332527416,1106292,0.59432828,256,1275904,1276159,1276156,0
1276415,426366333411583,1038625,0.56983826,256,1276160,1276415,1276319,0
1276671,426366334270750,995958,0.57141594,256,1276416,1276671,1276495,0
1276927,426366335125625,955208,0.5911342,256,1276672,1276927,1276923,0
1277183,426366336028083,917083,0.63939749,256,1276928,1277183,1277044,0
1277439,426366336954000,1695958,0.63027226,256,1277184,1277439,1277374,0
1277695,426366337842125,1790208,0.58755874,256,1277440,1277695,1277610,0
1277951,426366338730791,1717959,0.56916369,256,1277696,1277951,1277873,0
1278207,426366339597083,1689875,0.62146377,256,1277952,1278207,1277982,0
1278463,426366340491875,1624666,0.59872554,256,1278208,1278463,1278429,0
1278719,426366341379000,1550208,0.59822397,256,1278464,1278719,1278555,0
1278975,426366342245666,1497209,0.60944565,256,1278720,1278975,1278879,0
1279231,426366343100208,1474833,0.61940373,256,1278976,1279231,1279121,0
1279487,426366343999041,1418709,0.61862896,256,1279232,1279487,1279321,0
1279743,426366344936541,1312709,0.64121584,256,1279488,1279743,1279528,0
1279999,426366345831125,1247208,0.60850876,256,1279744,1279999,1279793,0
1280255,426366346720416,1195375,0.63755647,256,1280000,1280255,1280220,0
1280511,426366347632208,1115750,0.62428661,256,1280256,1280511,1280344,0
1280767,426366348558041,1006709,0.60332944,256,1280512,1280767,1280530,0
1281023,426366349419041,994917,0.6298314,256,1280768,1281023,1280816,0
1281279,426366350337541,894959,0.58800449,256,1281024,1281279,1281254,0
1281535,426366351223500,851541,0.5797155,256,1281280,1281535,1281501,0
1281791,426366352110708,818208,0.59206189,256,1281536,1281791,1281739,0
1282047,426366352894791,848000,0.61040398,256,1281792,1282047,1281805,0
1282303,426366353761916,833459,0.57035621,256,1282048,1282303,1282232,0
1282559,426366354690541,814042,0.6426336,256,1282304,1282559,1282541,0
1282815,426366355585833,874208,0.65932005,256,1282560,1282815,1282599,0
1283071,426366356460250,879041,0.59602317,256,1282816,1283071,1282964,0
1283327,426366357358000,1716666,0.60274246,256,1283072,1283327,1283133,0
1283583,426366358216250,1856416,0.61212021,256,1283328,1283583,1283568,0
1283839,426366359126541,1828750,0.6686183,256,1283584,1283839,1283692,0
1284095,426366360027166,1736750,0.60951265,256,1283840,1284095,1284032,0
1284351,426366360930750,1688416,0.64193169,256,1284096,1284351,1284347,0
1284607,426366361826750,1640250,0.58499298,256,1284352,1284607,1284588,0
1284863,426366362721000,1568041,0.58175114,256,1284608,1284863,1284783,0
1285119,426366363559916,1544250,0.6016676,256,1284864,1285119,1285064,0
1285375,426366364414458,1538667,0.61858467,256,1285120,1285375,1285336,0
1285631,426366365327666,1460625,0.58407239,256,1285376,1285631,1285503,0
1285887,426366366253000,1382666,0.59487259,256,1285632,1285887,1285695,0
1286143,426366367150791,1312917,0.58325845,256,1285888,1286143,1286087,0
1286399,426366368011083,1271542,0.57110776,256,1286144,1286399,1286261,0
1286655,426366368869208,1256500,0.62981849,256,1286400,1286655,1286568,0
1286911,426366369818791,1133167,0.60212846,256,1286656,1286911,1286884,0
1287167,426366370694708,1149958,0.65859587,256,1286912,1287167,1287048,0
1287423,426366371596166,1091667,0.60433851,256,1287168,1287423,1287327,0
1287679,426366372462500,1055541,0.60328128,256,1287424,1287679,1287525,0
1287935,426366373320833,1037250,0.58603592,256,1287680,1287935,1287736,0
1288191,426366374189333,1010583,0.6051523,256,1287936,1288191,1288138,0
1288447,426366375038208,1004542,0.60298794,256,1288192,1288447,1288341,0
1288703,426366375947125,918250,0.59905662,256,1288448,1288703,1288644,0
1288959,426366376801041,929709,0.61451882,256,1288704,1288959,1288947,0
1289215,426366377663125,886125,0.64303692,256,1288960,1289215,1289078,0
1289471,426366378599833,835542,0.60143652,256,1289216,1289471,1289228,0
1289727,426366379502500,889166,0.61402743,256,1289472,1289727,1289611,0
1289983,426366380378250,851708,0.61915101,256,1289728,1289983,1289963,0
1290239,426366381247750,866625,0.61489867,256,1289984,1290239,1289986,0
1290495,426366382122208,876458,0.61467062,256,1290240,1290495,1290317,0
1290751,426366382958000,902333,0.59832341,256,1290496,1290751,1290499,0
1291007,426366383854125,849000,0.60441898,256,1290752,1291007,1290906,0
1291263,426366384774875,830916,0.60027493,256,1291008,1291263,1291111,0
1291519,426366385599125,881583,0.66421782,256,1291264,1291519,1291410,0
1291775,426366386491875,859666,0.61290356,256,1291520,1291775,1291574,0
1292031,426366387418541,847250,0.64918656,256,1291776,1292031,1291800,0
1292287,426366388303833,1671333,0.59092323,256,1292032,1292287,1292037,0
1292543,426366389162125,1806958,0.6548657,256,1292288,1292543,1292531,0
1292799,426366390066041,1809250,0.65669599,256,1292544,1292799,1292546,0
1293055,426366390921916,1779917,0.62120374,256,1292800,1293055,1293029,0
1293311,426366391883833,1651833,0.60691563,256,1293056,1293311,1293171,0
1293567,426366392766500,1618625,0.60772612,256,1293312,1293567,1293425,0
1293823,426366393704625,1508500,0.57819875,256,1293568,1293823,1293714,0
1294079,426366394600916,1460209,0.62012724,256,1293824,1294079,1293966,0
1294335,426366395484541,1434667,0.62712254,256,1294080,1294335,1294281,0
1294591,426366396355250,1403291,0.60192367,256,1294336,1294591,1294373,0
1294847,426366397230208,1348167,0.58488348,256,1294592,1294847,1294651,0
1295103,426366398162125,1263833,0.62206653,256,1294848,1295103,1294923,0
1295359,426366399085833,1210000,0.62019624,256,1295104,1295359,1295197,0
1295615,426366400002250,1157208,0.62464416,256,1295360,1295615,1295509,0
1295871,426366400887000,1095708,0.57558784,256,1295616,1295871,1295683,0
1296127,426366401718000,1083583,0.63017868,256,1295872,1296127,1296085,0
1296383,426366402575583,1023667,0.59797292,256,1296128,1296383,1296376,0
1296639,426366403473375,943583,0.61242889,256,1296384,1296639,1296400,0
1296895,426366404367958,867375,0.59227937,256,1296640,1296895,1296660,0
1297151,426366405294833,838708,0.59442219,256,1296896,1297151,1296912,0
1297407,426366406253583,874417,0.63925784,256,1297152,1297407,1297231,0
1297663,426366407178250,1611416,0.58870569,256,1297408,1297663,1297567,0
1297919,426366408097916,1740542,0.61103145,256,1297664,1297919,1297792,0
1298175,426366408955166,1716459,0.61090879,256,1297920,1298175,1298079,0
1298431,426366409901708,1597542,0.58031878,256,1298176,1298431,1298311,0
1298687,426366410797416,1548459,0.61692627,256,1298432,1298687,1298449,0
1298943,426366411632375,1547666,0.64087453,256,1298688,1298943,1298872,0
1299199,426366412483625,1532916,0.6315689,256,1298944,1299199,1299100,0
1299455,426366413334750,1497750,0.57421666,256,1299200,1299455,1299302,0
1299711,426366414236458,1450000,0.63829549,256,1299456,1299711,1299582,0
1299967,426366415073625,1453375,0.62853484,256,1299712,1299967,1299785,0
1300223,426366415952375,1976958,0.60755528,256,1299968,1300223,1299992,0
1300479,426366416864625,2533125,0.60754791,256,1300224,1300479,1300431,0
1300735,426366417727666,2495625,0.62263458,256,1300480,1300735,1300529,0
1300991,426366418684875,2380375,0.60779822,256,1300736,1300991,1300800,0
1301247,426366419575375,2302583,0.59317879,256,1300992,1301247,1301154,0
1301503,426366420523416,2183417,0.63330478,256,1301248,1301503,1301378,0
1301759,426366421390416,2144417,0.63263105,256,1301504,1301759,1301595,0
1302015,426366422242750,4406166,0.64410942,256,1301760,1302015,1301775,0
1302271,426366423159833,3492500,0.6023155,256,1302016,1302271,1302198,0
1302527,426366424547125,3030666,0.59392582,256,1302272,1302527,1302393,0
1302783,426366424874375,3589666,0.6397648,256,1302528,1302783,1302632,0
1303039,426366426764125,2552958,0.60877202,256,1302784,1303039,1302968,0
1303295,426366426773375,3385250,0.61318985,256,1303040,1303295,1303213,0
1303551,426366427616625,3416541,0.62750057,256,1303296,1303551,1303340,0
1303807,426366428469958,3463125,0.63772835,256,1303552,1303807,1303564,0
1304063,426366429451166,3336750,0.64164905,256,1303808,1304063,1303983,0
1304319,426366430379875,3290083,0.64319282,256,1304064,1304319,1304236,0
1304575,426366431234541,3286792,0.62274917,256,1304320,1304575,1304562,0
1304831,426366432080875,3321208,0.63325526,256,1304576,1304831,1304770,0
1305087,426366432882291,3354875,0.63732299,256,1304832,1305087,1304909,0
1305343,426366433734791,3384584,0.59443301,256,1305088,1305343,1305257,0
1305599,426366434625041,3357042,0.64122953,256,1305344,1305599,1305392,0
1305855,426366435556166,3303292,0.64987984,256,1305600,1305855,1305685,0
1306111,426366436460291,3257625,0.59472973,256,1305856,1306111,1305983,0
1306367,426366437333875,3271958,0.65296432,256,1306112,1306367,1306301,0
1306623,426366438256833,3198667,0.61340293,256,1306368,1306623,1306526,0
1306879,426366439149625,3152541,0.64018076,256,1306624,1306879,1306720,0
1307135,426366440085875,3083750,0.63829761,256,1306880,1307135,1307086,0
1307391,426366440966916,3028625,0.59043634,256,1307136,1307391,1307340,0
1307647,426366441842625,3031125,0.61976185,256,1307392,1307647,1307469,0
1307903,426366442780708,3425708,0.64076093,256,1307648,1307903,1307886,0
1308159,426366443673583,3669083,0.60188761,256,1307904,1308159,1308135,0
1308415,426366444592375,3613166,0.64467236,256,1308160,1308415,1308411,0
1308671,426366445497791,3583375,0.61130411,256,1308416,1308671,1308568,0
1308927,426366446371000,3591375,0.62364927,256,1308672,1308927,1308705,0
1309183,426366447288791,3574417,0.67610459,256,1308928,1309183,1309061,0
1309439,426366448127875,3605000,0.61156548,256,1309184,1309439,1309322,0
1309695,426366449006333,3608625,0.64185669,256,1309440,1309695,1309531,0
1309951,426366449864083,3609542,0.60819544,256,1309696,1309951,1309835,0
1310207,426366450723250,3624333,0.60853292,256,1309952,1310207,1310172,0
1310463,426366451695833,3538125,0.62492758,256,1310208,1310463,1310455,0
1310719,426366452521666,3614167,0.67894507,256,1310464,1310719,1310670,0
1310975,426366453398333,3610000,0.60293968,256,1310720,1310975,1310874,0
1311231,426366454285083,3621750,0.64961557,256,1310976,1311231,1311141,0
1311487,426366455213375,3568208,0.65605684,256,1311232,1311487,1311445,0
1311743,426366456107708,3533750,0.60291165,256,1311488,1311743,1311683,0
1311999,426366456972208,3567042,0.63862436,256,1311744,1311999,1311769,0
1312255,426366457789833,3685375,0.64809905,256,1312000,1312255,1312177,0
1312511,426366458652875,3695875,0.61243982,256,1312256,1312511,1312291,0
1312767,426366459547708,3676292,0.61548058,256,1312512,1312767,1312614,0
1313023,426366460410208,3685750,0.58987834,256,1312768,1313023,1312950,0
1313279,426366461295791,3690500,0.64472019,256,1313024,1313279,1313083,0
1313535,426366462201375,3651625,0.60813703,256,1313280,1313535,1313493,0
1313791,426366463092250,3642625,0.6762325,256,1313536,1313791,1313542,0
1314047,426366463945250,3663875,0.63039284,256,1313792,1314047,1313973,0
1314303,426366464861500,3624833,0.65093792,256,1314048,1314303,1314183,0
1314559,426366465661166,3675584,0.61951663,256,1314304,1314559,1314506,0
1314815,426366466587416,3623667,0.60176922,256,1314560,1314815,1314706,0
1315071,426366467404208,3647875,0.58877187,256,1314816,1315071,1314929,0
1315327,426366468353125,3563666,0.62346011,256,1315072,1315327,1315153,0
1315583,426366469200083,3605583,0.62318861,256,1315328,1315583,1315354,0
1315839,426366470019000,3681916,0.60674639,256,1315584,1315839,1315743,0
1316095,426366470882291,3658542,0.59356166,256,1315840,1316095,1316042,0
1316351,426366471771916,3627750,0.62176583,256,1316096,1316351,1316319,0
1316607,426366472708291,3579250,0.67761214,256,1316352,1316607,1316606,0
1316863,426366473590541,3573917,0.65186202,256,1316608,1316863,1316616,0
1317119,426366474518333,3501583,0.63351258,256,1316864,1317119,1316970,0
1317375,426366475416333,3475750,0.6318691,256,1317120,1317375,1317349,0
1317631,426366476309416,3458167,0.61632936,256,1317376,1317631,1317400,0
1317887,426366477230458,3387458,0.5882785,256,1317632,1317887,1317751,0
1318143,426366478059916,3420417,0.59024759,256,1317888,1318143,1318099,0
1318399,426366478942416,3388125,0.59034687,256,1318144,1318399,1318390,0
1318655,426366479823625,3387125,0.68728591,256,1318400,1318655,1318577,0
1318911,426366480714916,3343709,0.61264445,256,1318656,1318911,1318860,0
1319167,426366481584375,3339208,0.60049282,256,1318912,1319167,1319088,0
1319423,426366482437000,3335000,0.61710258,256,1319168,1319423,1319209,0
1319679,426366483365791,3272167,0.6286582,256,1319424,1319679,1319592,0
1319935,426366484255833,3257833,0.6453923,256,1319680,1319935,1319761,0
1320191,426366485179333,3223458,0.61664735,256,1319936,1320191,1319945,0
1320447,426366486058125,3228416,0.6416423,256,1320192,1320447,1320262,0
1320703,426366486957250,3195791,0.62430912,256,1320448,1320703,1320661,0
1320959,426366487792750,3213541,0.63129476,256,1320704,1320959,1320723,0
1321215,426366488689000,3147791,0.64913662,256,1320960,1321215,1321021,0
1321471,426366489523833,3211542,0.64973736,256,1321216,1321471,1321379,0
1321727,426366490425208,3159000,0.58835701,256,1321472,1321727,1321724,0
1321983,426366491257125,3174666,0.61284035,256,1321728,1321983,1321740,0
1322239,426366492145375,3164333,0.64470687,256,1321984,1322239,1322057,0
1322495,426366492989541,3177375,0.63684892,256,1322240,1322495,1322434,0
1322751,426366493887083,3607542,0.68487594,256,1322496,1322751,1322573,0
1323007,426366494719083,4401708,0.60635518,256,1322752,1323007,1322827,0
1323263,426366495664416,5088375,0.63492915,256,1323008,1323263,1323095,0
1323519,426366496563875,5814250,0.64038003,256,1323264,1323519,1323424,0
1323775,426366497430291,6553167,0.60458498,256,1323520,1323775,1323626,0
1324031,426366498322166,6579250,0.61138184,256,1323776,1324031,1323938,0
1324287,426366499203458,6530958,0.57218914,256,1324032,1324287,1324261,0
1324543,426366500059916,6534875,0.62098797,256,1324288,1324543,1324466,0
1324799,426366500959916,6499375,0.62856775,256,1324544,1324799,1324618,0
1325055,426366501856500,6445000,0.59053032,256,1324800,1325055,1324870,0
1325311,426366502787625,6408416,0.64044553,256,1325056,1325311,1325223,0
1325567,426366503626000,6436125,0.62097953,256,1325312,1325567,1325488,0
1325823,426366504504500,6435708,0.61062979,256,1325568,1325823,1325660,0
1326079,426366505444458,6361125,0.60962017,256,1325824,1326079,1326008,0
1326335,426366506365500,6318625,0.60518556,256,1326080,1326335,1326289,0
1326591,426366507234583,6311292,0.64102501,256,1326336,1326591,1326538,0
1326847,426366508097166,6305084,0.62939463,256,1326592,1326847,1326623,0
1327103,426366509064083,6191750,0.58867688,256,1326848,1327103,1327041,0
1327359,426366509955458,6152250,0.6443855,256,1327104,1327359,1327259,0
1327615,426366510868208,6132917,0.65614144,256,1327360,1327615,1327559,0
1327871,426366511681333,6162333,0.57842803,256,1327616,1327871,1327773,0
1328127,426366512609833,6118000,0.6332931,256,1327872,1328127,1328081,0
1328383,426366513478333,6089625,0.58710934,256,1328128,1328383,1328196,0
1328639,426366514381666,6027875,0.60331849,256,1328384,1328639,1328493,0
1328895,426366515290125,5964791,0.61998326,256,1328640,1328895,1328701,0
1329151,426366516184458,5937125,0.65400459,256,1328896,1329151,1329035,0
1329407,426366516979500,5971000,0.61290691,256,1329152,1329407,1329154,0
1329663,426366517888916,5943834,0.6458288,256,1329408,1329663,1329599,0
1329919,426366518761333,5925750,0.59749237,256,1329664,1329919,1329752,0
1330175,426366519674750,5865416,0.597402,256,1329920,1330175,1330061,0
1330431,426366520518125,5880000,0.66563199,256,1330176,1330431,1330416,0
1330687,426366521382333,5865542,0.61983034,256,1330432,1330687,1330526,0
1330943,426366522310958,5764083,0.61303204,256,1330688,1330943,1330869,0
1331199,426366523195541,5722792,0.60281846,256,1330944,1331199,1331136,0
1331455,426366524026000,5745500,0.59442221,256,1331200,1331455,1331299,0
1331711,426366524908416,5680334,0.59648675,256,1331456,1331711,1331707,0
1331967,426366525815458,5590542,0.59384777,256,1331712,1331967,1331879,0
1332223,426366526706083,5575458,0.65585927,256,1331968,1332223,1332050,0
1332479,426366527573083,5569792,0.63750405,256,1332224,1332479,1332395,0
1332735,426366528487666,5507000,0.65071636,256,1332480,1332735,1332698,0
1332991,426366529323791,5500834,0.60724357,256,1332736,1332991,1332742,0
1333247,426366530178166,5485167,0.61297029,256,1332992,1333247,1333178,0
1333503,426366531053083,5450375,0.62639294,256,1333248,1333503,1333314,0
1333759,426366531935041,5416209,0.61854913,256,1333504,1333759,1333631,0
1334015,426366532760750,5426833,0.6080745,256,1333760,1334015,1333995,0
1334271,426366533589041,5465625,0.63534921,256,1334016,1334271,1334202,0
1334527,426366534460125,5444791,0.61000586,256,1334272,1334527,1334365,0
1334783,426366535334291,5414917,0.59199943,256,1334528,1334783,1334650,0
1335039,426366536205416,5385750,0.62598071,256,1334784,1335039,1334911,0
1335295,426366537124333,5307917,0.60876253,256,1335040,1335295,1335063,0
1335551,426366537996500,5254041,0.62042115,256,1335296,1335551,1335310,0
1335807,426366538922291,5155875,0.60044824,256,1335552,1335807,1335687,0
1336063,426366539803625,5135541,0.62258164,256,1335808,1336063,1336031,0
1336319,426366540660375,5146000,0.61672773,256,1336064,1336319,1336177,0
1336575,426366541538041,5099542,0.63793373,256,1336320,1336575,1336484,0
1336831,426366542435041,5089417,0.65676825,256,1336576,1336831,1336807,0
1337087,426366543275125,5066916,0.58900255,256,1336832,1337087,1336941,0
1337343,426366544192541,5033709,0.65068601,256,1337088,1337343,1337136,0
1337599,426366545101541,4953167,0.65469798,256,1337344,1337599,1337363,0
1337855,426366545946000,4946958,0.61766377,256,1337600,1337855,1337852,0
1338111,426366546855916,4868709,0.59563738,256,1337856,1338111,1337928,0
1338367,426366547790000,4763125,0.59642016,256,1338112,1338367,1338174,0
1338623,426366548710333,4682583,0.66309834,256,1338368,1338623,1338535,0
1338879,426366549610541,4618959,0.61057383,256,1338624,1338879,1338830,0
1339135,426366550513000,4555208,0.59880173,256,1338880,1339135,1338927,0
1339391,426366551408916,4483750,0.60759245,256,1339136,1339391,1339191,0
1339647,426366552301291,4431500,0.65781552,256,1339392,1339647,1339424,0
1339903,426366553208416,4349834,0.63380544,256,1339648,1339903,1339704,0
1340159,426366554088291,4311792,0.60113956,256,1339904,1340159,1340093,0
1340415,426366554938166,4292334,0.62129579,256,1340160,1340415,1340357,0
1340671,426366555808958,4283958,0.62064396,256,1340416,1340671,1340657,0
1340927,426366556687000,4230375,0.60302827,256,1340672,1340927,1340880,0
1341183,426366557549708,4204500,0.60785975,256,1340928,1341183,1341179,0
1341439,426366558399208,4204458,0.61596974,256,1341184,1341439,1341397,0
1341695,426366559290875,4127416,0.57658246,256,1341440,1341695,1341494,0
1341951,426366560177791,4067292,0.62374666,256,1341696,1341951,1341951,0
1342207,426366561069833,4007750,0.6010083,256,1341952,1342207,1342117,0
1342463,426366561937708,3964042,0.58368317,256,1342208,1342463,1342310,0
1342719,426366562841708,3877542,0.58232311,256,1342464,1342719,1342585,0
1342975,426366563687500,3876333,0.6099363,256,1342720,1342975,1342804,0
1343231,426366564524125,3864791,0.58881237,256,1342976,1343231,1343112,0
1343487,426366565477041,3792500,0.61528807,256,1343232,1343487,1343281,0
1343743,426366566355166,3740584,0.60228561,256,1343488,1343743,1343523,0
1343999,426366567211875,3708916,0.65134198,256,1343744,1343999,1343862,0
1344255,426366568101291,3640000,0.62799196,256,1344000,1344255,1344136,0
1344511,426366568981458,3591250,0.64382915,256,1344256,1344511,1344454,0
1344767,426366569861958,3547167,0.61922696,256,1344512,1344767,1344668,0
1345023,426366570754750,3481833,0.60329803,256,1344768,1345023,1344799,0
1345279,426366571629666,3422709,0.62816033,256,1345024,1345279,1345159,0
1345535,426366572472000,3390250,0.64913908,256,1345280,1345535,1345529,0
1345791,426366573376000,3304416,0.5909622,256,1345536,1345791,1345680,0
1346047,426366574341000,3166916,0.59932455,256,1345792,1346047,1345820,0
1346303,426366575175333,3149292,0.61677297,256,1346048,1346303,1346227,0
1346559,426366576034666,3107875,0.65642894,256,1346304,1346559,1346328,0
1346815,426366576932125,3003166,0.58687898,256,1346560,1346815,1346724,0
1347071,426366577767125,6690250,0.5812468,256,1346816,1347071,1347029,0
1347327,426366578691500,5771083,0.60889053,256,1347072,1347327,1347192,0
1347583,426366579532666,4931042,0.6789547,256,1347328,1347583,1347564,0
1347839,426366581289291,3175542,0.63423499,256,1347584,1347839,1347770,0
1348095,426366581298458,3167417,0.62730144,256,1347840,1348095,1347963,0
1348351,426366583517708,1826750,0.57473111,256,1348096,1348351,1348260,0
1348607,426366583526875,2635791,0.64256733,256,1348352,1348607,1348558,0
1348863,426366584020041,2961917,0.62837244,256,1348608,1348863,1348738,0
1349119,426366584776500,3027750,0.5982365,256,1348864,1349119,1348934,0
1349375,426366585609666,2998375,0.60359799,256,1349120,1349375,1349210,0
1349631,426366586515041,2876667,0.56453933,256,1349376,1349631,1349549,0
1349887,426366587378083,2822167,0.59659302,256,1349632,1349887,1349648,0
1350143,426366588323291,2684584,0.61424866,256,1349888,1350143,1350051,0
1350399,426366589191166,2619834,0.62930165,256,1350144,1350399,1350343,0
1350655,426366590038708,2620667,0.58270619,256,1350400,1350655,1350654,0
1350911,426366590884125,2574583,0.58112582,256,1350656,1350911,1350827,0
1351167,426366591797666,2488375,0.62488011,256,1350912,1351167,1350957,0
1351423,426366592639791,2464625,0.58236464,256,1351168,1351423,1351396,0
1351679,426366593497416,2406042,0.62010245,256,1351424,1351679,1351578,0
1351935,426366594417333,2301333,0.61091659,256,1351680,1351935,1351830,0
1352191,426366595330333,2180667,0.59584126,256,1351936,1352191,1352094,0
1352447,426366596255041,2052667,0.60658991,256,1352192,1352447,1352213,0
1352703,426366597144000,1984333,0.61519844,256,1352448,1352703,1352489,0
1352959,426366598018166,1921250,0.60823272,256,1352704,1352959,1352905,0
1353215,426366598856791,1869792,0.61129457,256,1352960,1353215,1353016,0
1353471,426366599787708,1734292,0.60562089,256,1353216,1353471,1353295,0
1353727,426366600659875,1666583,0.60377393,256,1353472,1353727,1353520,0
1353983,426366601523083,1640958,0.62713047,256,1353728,1353983,1353836,0
1354239,426366602455750,1520250,0.61624675,256,1353984,1354239,1354195,0
1354495,426366603313083,1462917,0.65692913,256,1354240,1354495,1354263,0
1354751,426366604110916,1453084,0.60662932,256,1354496,1354751,1354587,0
1355007,426366605070875,1272625,0.62261602,256,1354752,1355007,1354803,0
1355263,426366605983250,1168125,0.61549548,256,1355008,1355263,1355236,0
1355519,426366606838041,1108125,0.59284452,256,1355264,1355519,1355433,0
1355775,426366607737416,1025209,0.60383213,256,1355520,1355775,1355690,0
1356031,426366608654000,890958,0.57129647,256,1355776,1356031,1355940,0
1356287,426366609519416,809792,0.58227665,256,1356032,1356287,1356062,0
1356543,426366610422916,815250,0.59378722,256,1356288,1356543,1356332,0
1356799,426366611295625,814791,0.61128015,256,1356544,1356799,1356591,0
1357055,426366612158916,820584,0.62494963,256,1356800,1357055,1356835,0
1357311,426366613024208,1691708,0.58792185,256,1357056,1357311,1357302,0
1357567,426366613917416,1776125,0.58728021,256,1357312,1357567,1357397,0
1357823,426366614777000,1751625,0.61263605,256,1357568,1357823,1357590,0
1358079,426366615677375,1633875,0.61526841,256,1357824,1358079,1357875,0
1358335,426366616558708,1558417,0.61289621,256,1358080,1358335,1358324,0
1358591,426366617455958,1517208,0.69292101,256,1358336,1358591,1358558,0
1358847,426366618297083,1502583,0.62522518,256,1358592,1358847,1358601,0
1359103,426366619227666,1402125,0.62245042,256,1358848,1359103,1359046,0
1359359,426366620069125,1354750,0.59416998,256,1359104,1359359,1359117,0
1359615,426366620996791,1251334,0.59891146,256,1359360,1359615,1359472,0
1359871,426366621937500,1110833,0.59348389,256,1359616,1359871,1359762,0
1360127,426366622866500,990291,0.59958757,256,1359872,1360127,1359897,0
1360383,426366623779041,862375,0.60133077,256,1360128,1360383,1360289,0
1360639,426366624632833,872958,0.60591531,256,1360384,1360639,1360582,0
1360895,426366625539833,1675583,0.63295032,256,1360640,1360895,1360666,0
1361151,426366626422458,1783250,0.60153947,256,1360896,1361151,1361002,0
1361407,426366627308166,1704417,0.59158211,256,1361152,1361407,1361373,0
1361663,426366628184708,1672250,0.64671385,256,1361408,1361663,1361544,0
1361919,426366629097166,1571542,0.63386269,256,1361664,1361919,1361875,0
1362175,426366629980625,1511916,0.63145207,256,1361920,1362175,1362172,0
1362431,426366630881541,1445250,0.63753856,256,1362176,1362431,1362260,0
1362687,426366631780541,1364584,0.63687953,256,1362432,1362687,1362655,0
1362943,426366632655500,1303375,0.60181328,256,1362688,1362943,1362774,0
1363199,426366633538083,1214500,0.64143286,256,1362944,1363199,1362978,0
1363455,426366634442125,1125291,0.61257362,256,1363200,1363455,1363429,0
1363711,426366635359166,980250,0.60967855,256,1363456,1363711,1363686,0
1363967,426366636239458,911708,0.59341199,256,1363712,1363967,1363831,0
1364223,426366637089750,893083,0.64639082,256,1363968,1364223,1364021,0
1364479,426366637952416,826625,0.62883106,256,1364224,1364479,1364431,0
1364735,426366638772166,806250,0.56860543,256,1364480,1364735,1364630,0
1364991,426366639700875,1658458,0.60529077,256,1364736,1364991,1364974,0
1365247,426366640553541,1805584,0.61130886,256,1364992,1365247,1365189,0
1365503,426366641441750,1714500,0.5750652,256,1365248,1365503,1365347,0
1365759,426366642380166,1601959,0.58355571,256,1365504,1365759,1365754,0
1366015,426366643243541,1491000,0.58718128,256,1365760,1366015,1365933,0
1366271,426366644130875,1420250,0.61997599,256,1366016,1366271,1366045,0
1366527,426366645000416,1342167,0.59411462,256,1366272,1366527,1366458,0
1366783,426366645883666,1275042,0.63354144,256,1366528,1366783,1366553,0
1367039,426366646785250,1156250,0.61077366,256,1366784,1367039,1366792,0
1367295,426366647607000,1129333,0.59877957,256,1367040,1367295,1367263,0
1367551,426366648528375,1008541,0.60738056,256,1367296,1367551,1367316,0
1367807,426366649375750,963166,0.61848223,256,1367552,1367807,1367567,0
1368063,426366650226625,904458,0.61213227,256,1367808,1368063,1368026,0
1368319,426366651120041,813084,0.59197516,256,1368064,1368319,1368185,0
1368575,426366652077625,805333,0.59319544,256,1368320,1368575,1368469,0
1368831,426366652977791,821667,0.59242797,256,1368576,1368831,1368764,0
1369087,426366653831291,1743625,0.58565776,256,1368832,1369087,1368869,0
1369343,426366654686583,1869333,0.6337925,256,1369088,1369343,1369185,0
1369599,426366655543208,1835583,0.62627704,256,1369344,1369599,1369375,0
1369855,426366656450625,1714375,0.58328891,256,1369600,1369855,1369794,0
1370111,426366657355833,1619333,0.61252297,256,1369856,1370111,1370042,0
1370367,426366658206291,1599167,0.63678324,256,1370112,1370367,1370318,0
1370623,426366659053916,1549959,0.61420734,256,1370368,1370623,1370414,0
1370879,426366659968958,1446458,0.60904724,256,1370624,1370879,1370774,0
1371135,426366660828958,1390708,0.60613878,256,1370880,1371135,1371059,0
1371391,426366661727583,1278708,0.60333579,256,1371136,1371391,1371168,0
1371647,426366662608791,1225500,0.61424834,256,1371392,1371647,1371517,0
1371903,426366663501333,1146292,0.59625723,256,1371648,1371903,1371789,0
1372159,426366664430708,1009208,0.61436095,256,1371904,1372159,1372096,0
1372415,426366665305583,957000,0.63025999,256,1372160,1372415,1372376,0
1372671,426366666164166,935334,0.66362755,256,1372416,1372671,1372543,0
1372927,426366667082250,823291,0.62217051,256,1372672,1372927,1372917,0
1373183,426366667923833,859708,0.61708042,256,1372928,1373183,1373174,0
1373439,426366668832791,1617167,0.64805175,256,1373184,1373439,1373382,0
1373695,426366669727916,1532084,0.60259417,256,1373440,1373695,1373615,0
1373951,426366670665833,1395000,0.62971467,256,1373696,1373951,1373773,0
1374207,426366671565416,1307750,0.6198063,256,1373952,1374207,1373982,0
1374463,426366672467958,1205875,0.62529003,256,1374208,1374463,1374439,0
1374719,426366673329833,1150208,0.60866964,256,1374464,1374719,1374643,0
1374975,426366674234291,1044375,0.62864922,256,1374720,1374975,1374749,0
1375231,426366675092583,997750,0.62037311,256,1374976,1375231,1375030,0
1375487,426366675920833,950750,0.5705806,256,1375232,1375487,1375385,0
1375743,426366676832583,878833,0.63898438,256,1375488,1375743,1375524,0
1375999,426366677707791,803792,0.60579449,256,1375744,1375999,1375865,0
1376255,426366678556916,827792,0.59432828,256,1376000,1376255,1376156,0
1376511,426366679446000,810916,0.57141594,256,1376256,1376511,1376495,0
1376767,426366680307500,820375,0.58731305,256,1376512,1376767,1376756,0
1377023,426366681172875,849833,0.59258233,256,1376768,1377023,1376966,0
1377279,426366682086291,832584,0.63939749,256,1377024,1377279,1377044,0
1377535,426366682982083,1738042,0.63027226,256,1377280,1377535,1377374,0
1377791,426366683888791,1774084,0.58755874,256,1377536,1377791,1377610,0
1378047,426366684758750,1713875,0.62146377,256,1377792,1378047,1377982,0
1378303,426366685659875,1624875,0.60246461,256,1378048,1378303,1378132,0
1378559,426366686546500,1535875,0.59872554,256,1378304,1378559,1378429,0
1378815,426366687397125,1468583,0.59446178,256,1378560,1378815,1378809,0
1379071,426366688292833,1367958,0.60944565,256,1378816,1379071,1378879,0
1379327,426366689140166,1356292,0.61940373,256,1379072,1379327,1379121,0
1379583,426366690016791,1283625,0.64121584,256,1379328,1379583,1379528,0
1379839,426366690995125,1145333,0.60850876,256,1379584,1379839,1379793,0
1380095,426366691858166,1078542,0.59243858,256,1379840,1380095,1380049,0
1380351,426366692753000,979833,0.63755647,256,1380096,1380351,1380220,0
1380607,426366693690333,847458,0.61990284,256,1380352,1380607,1380394,0
1380863,426366694576083,850458,0.6298314,256,1380608,1380863,1380816,0
1381119,426366695472541,817917,0.5681895,256,1380864,1381119,1381068,0
1381375,426366696360000,1616625,0.58800449,256,1381120,1381375,1381254,0
1381631,426366697260000,1727583,0.58821582,256,1381376,1381631,1381558,0
1381887,426366698129750,1695000,0.61040398,256,1381632,1381887,1381805,0
1382143,426366698921625,1708666,0.6066355,256,1381888,1382143,1382016,0
1382399,426366699828291,1623584,0.57977163,256,1382144,1382399,1382353,0
1382655,426366700742875,1560083,0.65932005,256,1382400,1382655,1382599,0
1382911,426366701613708,1514375,0.594451,256,1382656,1382911,1382812,0
1383167,426366702484333,1493625,0.60274246,256,1382912,1383167,1383133,0
1383423,426366703358500,1441208,0.59988771,256,1383168,1383423,1383364,0
1383679,426366704276000,1380000,0.61212021,256,1383424,1383679,1383568,0
1383935,426366705197583,1321833,0.6686183,256,1383680,1383935,1383692,0
1384191,426366706091291,1238875,0.60951265,256,1383936,1384191,1384032,0
1384447,426366706974291,1229250,0.64193169,256,1384192,1384447,1384347,0
1384703,426366707865791,1167125,0.58499298,256,1384448,1384703,1384588,0
1384959,426366708771083,1088792,0.58960647,256,1384704,1384959,1384954,0
1385215,426366709579208,1102208,0.6016676,256,1384960,1385215,1385064,0
1385471,426366710481500,1057000,0.61858467,256,1385216,1385471,1385336,0
1385727,426366711372583,1017917,0.59487259,256,1385472,1385727,1385695,0
1385983,426366712265791,949709,0.57453155,256,1385728,1385983,1385774,0
1386239,426366713160791,874209,0.58325845,256,1385984,1386239,1386087,0
1386495,426366714012708,851000,0.59289488,256,1386240,1386495,1386448,0
1386751,426366714964375,857333,0.62981849,256,1386496,1386751,1386568,0
1387007,426366715849250,852666,0.61250639,256,1386752,1387007,1386967,0
1387263,426366716740166,1672709,0.65859587,256,1387008,1387263,1387048,0
1387519,426366717614791,1747834,0.60433851,256,1387264,1387519,1387327,0
1387775,426366718465791,1705292,0.60328128,256,1387520,1387775,1387525,0
1388031,426366719355458,1643833,0.57827709,256,1387776,1388031,1387900,0
1388287,426366720244791,1571875,0.6051523,256,1388032,1388287,1388138,0
1388543,426366721058541,1587667,0.60298794,256,1388288,1388543,1388341,0
1388799,426366721968458,1478208,0.59933504,256,1388544,1388799,1388796,0
1389055,426366722833083,1440833,0.6392072,256,1388800,1389055,1389053,0
1389311,426366723712166,1369167,0.64303692,256,1389056,1389311,1389078,0
1389567,426366724685708,1220917,0.58952888,256,1389312,1389567,1389516,0
1389823,426366725520166,1221084,0.61402743,256,1389568,1389823,1389611,0
1390079,426366726429041,1140209,0.61915101,256,1389824,1390079,1389963,0
1390335,426366727258375,1129666,0.61467062,256,1390080,1390335,1390317,0
1390591,426366728143375,1069958,0.60362462,256,1390336,1390591,1390357,0
1390847,426366729036041,1005292,0.5910827,256,1390592,1390847,1390815,0
1391103,426366729888000,981541,0.60441898,256,1390848,1391103,1390906,0
1391359,426366730821416,880209,0.61028263,256,1391104,1391359,1391281,0
1391615,426366731656750,891750,0.66421782,256,1391360,1391615,1391410,0
1391871,426366732515916,862125,0.64918656,256,1391616,1391871,1391800,0
1392127,426366733430208,816000,0.62763628,256,1391872,1392127,1391924,0
1392383,426366734329666,1744584,0.59030164,256,1392128,1392383,1392263,0
1392639,426366735214833,1884333,0.65669599,256,1392384,1392639,1392546,0
1392895,426366736093791,1827292,0.59736265,256,1392640,1392895,1392835,0
1393151,426366736994958,1732625,0.62120374,256,1392896,1393151,1393029,0
1393407,426366737921750,1619958,0.60691563,256,1393152,1393407,1393171,0
1393663,426366738809833,1555417,0.60772612,256,1393408,1393663,1393425,0
1393919,426366739753583,1414917,0.61228407,256,1393664,1393919,1393891,0
1394175,426366740653875,1356541,0.62012724,256,1393920,1394175,1393966,0
1394431,426366741516666,1326792,0.62712254,256,1394176,1394431,1394281,0
1394687,426366742388291,1260417,0.59939127,256,1394432,1394687,1394578,0
1394943,426366743299916,1172459,0.62206653,256,1394688,1394943,1394923,0
1395199,426366744199000,1085208,0.62019624,256,1394944,1395199,1395197,0
1395455,426366745163791,970459,0.62414991,256,1395200,1395455,1395367,0
1395711,426366746032333,948042,0.62464416,256,1395456,1395711,1395509,0
1395967,426366746896250,869166,0.59181943,256,1395712,1395967,1395962,0
1396223,426366747707041,849125,0.63017868,256,1395968,1396223,1396085,0
1396479,426366748607375,821541,0.61242889,256,1396224,1396479,1396400,0
1396735,426366749523875,813625,0.59227937,256,1396480,1396735,1396660,0
1396991,426366750422416,831375,0.59442219,256,1396736,1396991,1396912,0
1397247,426366751355375,827875,0.63925784,256,1396992,1397247,1397231,0
1397503,426366752308791,843834,0.61598194,256,1397248,1397503,1397317,0
1397759,426366753209000,817833,0.58870569,256,1397504,1397759,1397567,0
1398015,426366754118291,832709,0.61103145,256,1397760,1398015,1397792,0
1398271,426366755011958,1673458,0.61090879,256,1398016,1398271,1398079,0
1398527,426366755922875,2371875,0.61692627,256,1398272,1398527,1398449,0
1398783,426366756810958,3101958,0.59929395,256,1398528,1398783,1398638,0
1399039,426366757654875,3758833,0.64087453,256,1398784,1399039,1398872,0
1399295,426366758484625,3747916,0.6315689,256,1399040,1399295,1399100,0
1399551,426366759380250,3682250,0.58586341,256,1399296,1399551,1399543,0
1399807,426366760250333,3685292,0.63829549,256,1399552,1399807,1399582,0
1400063,426366761091916,3714417,0.60755528,256,1399808,1400063,1399992,0
1400319,426366762009208,3643500,0.60530327,256,1400064,1400319,1400165,0
1400575,426366762899500,3602833,0.62263458,256,1400320,1400575,1400529,0
1400831,426366763788750,3567833,0.60779822,256,1400576,1400831,1400800,0
1401087,426366764723958,3484125,0.60230919,256,1400832,1401087,1400956,0
1401343,426366765618083,3417500,0.59317879,256,1401088,1401343,1401154,0
1401599,426366766558041,3335959,0.63330478,256,1401344,1401599,1401378,0
1401855,426366767395000,3355833,0.64410942,256,1401600,1401855,1401775,0
1402111,426366768286958,3322000,0.59992807,256,1401856,1402111,1402083,0
1402367,426366769168458,3276417,0.6023155,256,1402112,1402367,1402198,0
1402623,426366770056625,3261208,0.6196173,256,1402368,1402623,1402563,0
1402879,426366770907583,3278000,0.6397648,256,1402624,1402879,1402632,0
1403135,426366771811958,3224958,0.60877202,256,1402880,1403135,1402968,0
1403391,426366772717750,3177916,0.62750057,256,1403136,1403391,1403340,0
1403647,426366773623916,3151917,0.63772835,256,1403392,1403647,1403564,0
1403903,426366774540208,3123500,0.61225154,256,1403648,1403903,1403693,0
1404159,426366775503375,3027500,0.64164905,256,1403904,1404159,1403983,0
1404415,426366776411000,2980708,0.64319282,256,1404160,1404415,1404236,0
1404671,426366777217041,3032500,0.62274917,256,1404416,1404671,1404562,0
1404927,426366778068625,3057000,0.63732299,256,1404672,1404927,1404909,0
1405183,426366778903583,3066333,0.574203,256,1404928,1405183,1405132,0
1405439,426366779770583,3074000,0.64122953,256,1405184,1405439,1405392,0
1405695,426366780673500,3012666,0.64987984,256,1405440,1405695,1405685,0
1405951,426366781553791,3019834,0.60605493,256,1405696,1405951,1405837,0
1406207,426366782461416,2976542,0.59472973,256,1405952,1406207,1405983,0
1406463,426366783379791,2930084,0.65296432,256,1406208,1406463,1406301,0
1406719,426366784297000,2857250,0.61340293,256,1406464,1406719,1406526,0
1406975,426366785192250,2819291,0.64018076,256,1406720,1406975,1406720,0
1407231,426366786130041,2729625,0.63829761,256,1406976,1407231,1407086,0
1407487,426366786981166,2731042,0.61976185,256,1407232,1407487,1407469,0
1407743,426366787888416,2679375,0.58714956,256,1407488,1407743,1407579,0
1407999,426366788824708,2646000,0.64076093,256,1407744,1407999,1407886,0
1408255,426366789706583,2620542,0.61442276,256,1408000,1408255,1408215,0
1408511,426366790631333,2570833,0.64467236,256,1408256,1408511,1408411,0
1408767,426366791507208,2563958,0.62364927,256,1408512,1408767,1408705,0
1409023,426366792402416,2568750,0.64039392,256,1408768,1409023,1409012,0
1409279,426366793308000,2546083,0.67610459,256,1409024,1409279,1409061,0
1409535,426366794154458,2564500,0.64185669,256,1409280,1409535,1409531,0
1409791,426366795014333,2576000,0.63188469,256,1409536,1409791,1409553,0
1410047,426366795901666,2562584,0.60819544,256,1409792,1410047,1409835,0
1410303,426366796798166,2539167,0.60853292,256,1410048,1410303,1410172,0
1410559,426366797723291,2492959,0.62492758,256,1410304,1410559,1410455,0
1410815,426366798562916,2552875,0.67894507,256,1410560,1410815,1410670,0
1411071,426366799462791,2523459,0.60293968,256,1410816,1411071,1410874,0
1411327,426366800292625,2580833,0.64961557,256,1411072,1411327,1411141,0
1411583,426366801238083,2518125,0.65605684,256,1411328,1411583,1411445,0
1411839,426366802128958,2502917,0.63862436,256,1411584,1411839,1411769,0
1412095,426366802985416,2539334,0.61520012,256,1411840,1412095,1411924,0
1412351,426366803814250,2627166,0.64809905,256,1412096,1412351,1412177,0
1412607,426366804691833,2622500,0.58713887,256,1412352,1412607,1412534,0
1412863,426366805543500,2648291,0.61548058,256,1412608,1412863,1412614,0
1413119,426366806431125,2628500,0.64472019,256,1412864,1413119,1413083,0
1413375,426366807349291,2588959,0.6103563,256,1413120,1413375,1413170,0
1413631,426366808221083,2612042,0.6762325,256,1413376,1413631,1413542,0
1413887,426366809101541,2590042,0.59521602,256,1413632,1413887,1413768,0
1414143,426366809996041,2570084,0.63039284,256,1413888,1414143,1413973,0
1414399,426366810872375,2562375,0.65093792,256,1414144,1414399,1414183,0
1414655,426366811699750,2597125,0.61951663,256,1414400,1414655,1414506,0
1414911,426366812591833,2556542,0.60176922,256,1414656,1414911,1414706,0
1415167,426366813452333,2545917,0.62346011,256,1414912,1415167,1415153,0
1415423,426366814402166,2454500,0.62318861,256,1415168,1415423,1415354,0
1415679,426366815188708,2564750,0.60593528,256,1415424,1415679,1415509,0
1415935,426366816064541,2563375,0.60674639,256,1415680,1415935,1415743,0
1416191,426366816914250,2579583,0.61005339,256,1415936,1416191,1416139,0
1416447,426366817831500,2522416,0.62176583,256,1416192,1416447,1416319,0
1416703,426366818717458,2538000,0.67761214,256,1416448,1416703,1416606,0
1416959,426366819619833,2468375,0.58217656,256,1416704,1416959,1416868,0
1417215,426366820552791,2402625,0.63351258,256,1416960,1417215,1416970,0
1417471,426366821438250,2401625,0.6318691,256,1417216,1417471,1417349,0
1417727,426366822368666,2332417,0.60372303,256,1417472,1417727,1417572,0
1417983,426366823247791,2310417,0.5882785,256,1417728,1417983,1417751,0
1418239,426366824063125,2347916,0.59024759,256,1417984,1418239,1418099,0
1418495,426366824977083,2297458,0.6188372,256,1418240,1418495,1418420,0
1418751,426366825828875,4745958,0.68728591,256,1418496,1418751,1418577,0
1419007,426366826726041,3850375,0.61264445,256,1418752,1419007,1418860,0
1419263,426366828327166,2250375,0.61710258,256,1419008,1419263,1419209,0
1419519,426366829195541,1529792,0.60008443,256,1419264,1419519,1419360,0
1419775,426366829394333,2197375,0.6453923,256,1419520,1419775,1419761,0
1420031,426366830353791,2119000,0.63490297,256,1419776,1420031,1419931,0
1420287,426366831217791,2159125,0.6416423,256,1420032,1420287,1420262,0
1420543,426366832075375,2161416,0.60697028,256,1420288,1420543,1420435,0
1420799,426366832969500,2154041,0.63129476,256,1420544,1420799,1420723,0
1421055,426366833799791,2155250,0.64913662,256,1420800,1421055,1421021,0
1421311,426366834699958,2116750,0.60271673,256,1421056,1421311,1421302,0
1421567,426366835560333,2143292,0.64973736,256,1421312,1421567,1421379,0
1421823,426366836415750,2139541,0.61284035,256,1421568,1421823,1421740,0
1422079,426366837286750,2137166,0.64470687,256,1421824,1422079,1422057,0
1422335,426366838163958,2119250,0.59847605,256,1422080,1422335,1422228,0
1422591,426366839019083,2132792,0.68487594,256,1422336,1422591,1422573,0
1422847,426366839878791,2167667,0.65457102,256,1422592,1422847,1422634,0
1423103,426366840761416,2186709,0.63492915,256,1422848,1423103,1423095,0
1423359,426366841693958,2106833,0.60637673,256,1423104,1423359,1423184,0
1423615,426366842606333,2073083,0.64038003,256,1423360,1423615,1423424,0
1423871,426366843452708,2073833,0.60458498,256,1423616,1423871,1423626,0
1424127,426366844355958,2001125,0.61138184,256,1423872,1424127,1423938,0
1424383,426366845232458,1974917,0.59470801,256,1424128,1424383,1424345,0
1424639,426366846100708,1966042,0.62856775,256,1424384,1424639,1424618,0
1424895,426366846983791,1940750,0.61952238,256,1424640,1424895,1424649,0
1425151,426366847932500,1869083,0.6257972,256,1424896,1425151,1425107,0
1425407,426366848808208,1862333,0.64044553,256,1425152,1425407,1425223,0
1425663,426366849666291,1886500,0.62097953,256,1425408,1425663,1425488,0
1425919,426366850554708,1866917,0.60027526,256,1425664,1425919,1425892,0
1426175,426366851487500,1794791,0.60962017,256,1425920,1426175,1426008,0
1426431,426366852371375,1806708,0.61720247,256,1426176,1426431,1426347,0
1426687,426366853265708,1766417,0.64102501,256,1426432,1426687,1426538,0
1426943,426366854154708,1719292,0.58298577,256,1426688,1426943,1426939,0
1427199,426366855090375,1629583,0.59691529,256,1426944,1427199,1427134,0
1427455,426366855986250,1612291,0.6443855,256,1427200,1427455,1427259,0
1427711,426366856864958,1597458,0.65614144,256,1427456,1427711,1427559,0
1427967,426366857714625,1620083,0.61236989,256,1427712,1427967,1427933,0
1428223,426366858614375,1570458,0.6332931,256,1427968,1428223,1428081,0
1428479,426366859558541,1466584,0.58076314,256,1428224,1428479,1428452,0
1428735,426366860415416,1465750,0.61998326,256,1428480,1428735,1428701,0
1428991,426366861321458,1400167,0.59439807,256,1428736,1428991,1428800,0
1429247,426366862179291,1397917,0.65400459,256,1428992,1429247,1429035,0
1429503,426366863015208,1410875,0.5924986,256,1429248,1429503,1429492,0
1429759,426366863910458,1385000,0.6458288,256,1429504,1429759,1429599,0
1430015,426366864813125,1369375,0.57496355,256,1429760,1430015,1429961,0
1430271,426366865702791,1303417,0.61188899,256,1430016,1430271,1430235,0
1430527,426366866540791,1299417,0.66563199,256,1430272,1430527,1430416,0
1430783,426366867448583,1245417,0.61237411,256,1430528,1430783,1430771,0
1431039,426366868307250,1211166,0.61303204,256,1430784,1431039,1430869,0
1431295,426366869240250,1134750,0.60281846,256,1431040,1431295,1431136,0
1431551,426366870070583,1135292,0.59442221,256,1431296,1431551,1431299,0
1431807,426366870970416,1062292,0.59648675,256,1431552,1431807,1431707,0
1432063,426366871855125,1010250,0.65585927,256,1431808,1432063,1432050,0
1432319,426366872729583,1020875,0.63461657,256,1432064,1432319,1432128,0
1432575,426366873604500,974791,0.63750405,256,1432320,1432575,1432395,0
1432831,426366874507416,937959,0.65071636,256,1432576,1432831,1432698,0
1433087,426366875337291,929792,0.59603534,256,1432832,1433087,1432882,0
1433343,426366876246166,877750,0.62639294,256,1433088,1433343,1433314,0
1433599,426366877083666,881792,0.6146565,256,1433344,1433599,1433353,0
1433855,426366877941083,849958,0.61854913,256,1433600,1433855,1433631,0
1434111,426366878776833,853500,0.6080745,256,1433856,1434111,1433995,0
1434367,426366879621666,894542,0.63534921,256,1434112,1434367,1434202,0
1434623,426366880477958,899792,0.59496119,256,1434368,1434623,1434459,0
1434879,426366881352041,855709,0.59199943,256,1434624,1434879,1434650,0
1435135,426366882216083,1343208,0.62598071,256,1434880,1435135,1434911,0
1435391,426366883157291,1241792,0.62042115,256,1435136,1435391,1435310,0
1435647,426366884078458,1134792,0.58537973,256,1435392,1435647,1435521,0
1435903,426366884925166,1119792,0.60044824,256,1435648,1435903,1435687,0
1436159,426366885795750,1134375,0.62258164,256,1435904,1436159,1436031,0
1436415,426366886689125,1104166,0.61672773,256,1436160,1436415,1436177,0
1436671,426366887586500,1071458,0.63793373,256,1436416,1436671,1436484,0
1436927,426366888480041,1014875,0.65676825,256,1436672,1436927,1436807,0
1437183,426366889314500,1014750,0.65068601,256,1436928,1437183,1437136,0
1437439,426366890218625,981500,0.65469798,256,1437184,1437439,1437363,0
1437695,426366891126458,899792,0.63176897,256,1437440,1437695,1437523,0
1437951,426366892002250,864333,0.61766377,256,1437696,1437951,1437852,0
1438207,426366892891958,878417,0.59642016,256,1437952,1438207,1438174,0
1438463,426366893829333,824125,0.59249444,256,1438208,1438463,1438446,0
1438719,426366894732708,861708,0.66309834,256,1438464,1438719,1438535,0
1438975,426366895645916,858167,0.61057383,256,1438720,1438975,1438830,0
1439231,426366896532416,845500,0.60759245,256,1438976,1439231,1439191,0
1439487,426366897439208,1307833,0.65781552,256,1439232,1439487,1439424,0
1439743,426366898337916,1251334,0.63992472,256,1439488,1439743,1439588,0
1439999,426366899254041,1152584,0.59752637,256,1439744,1439999,1439856,0
1440255,426366900102333,1144750,0.60113956,256,1440000,1440255,1440093,0
1440511,426366900963083,1117042,0.62129579,256,1440256,1440511,1440357,0
1440767,426366901855250,1084750,0.62064396,256,1440512,1440767,1440657,0
1441023,426366902706125,1053250,0.60302827,256,1440768,1441023,1440880,0
1441279,426366903578458,1042000,0.60785975,256,1441024,1441279,1441179,0
1441535,426366904430625,1013875,0.61596974,256,1441280,1441535,1441397,0
1441791,426366905334250,947541,0.57327156,256,1441536,1441791,1441538,0
1442047,426366906204208,906000,0.62374666,256,1441792,1442047,1441951,0
1442303,426366907101583,846625,0.6010083,256,1442048,1442303,1442117,0
1442559,426366907962958,854250,0.58368317,256,1442304,1442559,1442310,0
1442815,426366908828416,839834,0.6099363,256,1442560,1442815,1442804,0
1443071,426366909697458,1625458,0.60861314,256,1442816,1443071,1442938,0
1443327,426366910570291,1822792,0.61528807,256,1443072,1443327,1443281,0
1443583,426366911502708,1732333,0.60228561,256,1443328,1443583,1443523,0
1443839,426366912362875,1693708,0.60940541,256,1443584,1443839,1443775,0
1444095,426366913239666,1627834,0.65134198,256,1443840,1444095,1443862,0
1444351,426366914137708,1569708,0.62799196,256,1444096,1444351,1444136,0
1444607,426366915013791,1522917,0.64382915,256,1444352,1444607,1444454,0
1444863,426366915921500,1442333,0.61922696,256,1444608,1444863,1444668,0
1445119,426366916776291,1666459,0.59839023,256,1444864,1445119,1445031,0
1445375,426366917632000,2387291,0.62816033,256,1445120,1445375,1445159,0
1445631,426366918497291,3081500,0.64913908,256,1445376,1445631,1445529,0
1445887,426366919427875,3062666,0.59932455,256,1445632,1445887,1445820,0
1446143,426366920379458,2939125,0.60932984,256,1445888,1446143,1446129,0
1446399,426366921225708,2927042,0.65642894,256,1446144,1446399,1446328,0
1446655,426366922057708,2936708,0.61479246,256,1446400,1446655,1446554,0
1446911,426366922955750,2860750,0.58687898,256,1446656,1446911,1446724,0
1447167,426366923805083,2834250,0.59428629,256,1446912,1447167,1447161,0
1447423,426366924722083,2734000,0.60937281,256,1447168,1447423,1447410,0
1447679,426366925576125,2742000,0.6789547,256,1447424,1447679,1447564,0
1447935,426366926416041,2711959,0.63423499,256,1447680,1447935,1447770,0
1448191,426366927209333,2745292,0.62730144,256,1447936,1448191,1447963,0
1448447,426366928113500,2653125,0.57515766,256,1448192,1448447,1448396,0
1448703,426366929008333,2597583,0.64256733,256,1448448,1448703,1448558,0
1448959,426366929926416,2524292,0.62837244,256,1448704,1448959,1448738,0
1449215,426366930808541,2490459,0.60359799,256,1448960,1449215,1449210,0
1449471,426366931664291,2451542,0.58793211,256,1449216,1449471,1449267,0
1449727,426366932542000,2390541,0.59659302,256,1449472,1449727,1449648,0
1449983,426366933442375,2312333,0.5994441,256,1449728,1449983,1449925,0
1450239,426366934365041,2203750,0.61424866,256,1449984,1450239,1450051,0
1450495,426366935219333,2203542,0.62930165,256,1450240,1450495,1450343,0
1450751,426366936068041,2175792,0.58270619,256,1450496,1450751,1450654,0
1451007,426366936910375,2169208,0.62488011,256,1450752,1451007,1450957,0
1451263,426366937816958,2088250,0.59512176,256,1451008,1451263,1451101,0
1451519,426366938677708,2064375,0.60048011,256,1451264,1451519,1451516,0
1451775,426366939539208,2043792,0.62010245,256,1451520,1451775,1451578,0
1452031,426366940471000,1938416,0.61091659,256,1451776,1452031,1451830,0
1452287,426366941361583,1862917,0.60658991,256,1452032,1452287,1452213,0
1452543,426366942288500,1774125,0.61519844,256,1452288,1452543,1452489,0
1452799,426366943131500,1752291,0.59425728,256,1452544,1452799,1452738,0
1453055,426366944042083,1678375,0.61129457,256,1452800,1453055,1453016,0
1453311,426366944891833,1630833,0.60562089,256,1453056,1453311,1453295,0
1453567,426366945812916,1534084,0.60377393,256,1453312,1453567,1453520,0
1453823,426366946706250,1462791,0.60232928,256,1453568,1453823,1453818,0
1454079,426366947565375,1458541,0.62713047,256,1453824,1454079,1453836,0
1454335,426366948484875,1372166,0.65692913,256,1454080,1454335,1454263,0
1454591,426366949306666,1366750,0.61805452,256,1454336,1454591,1454465,0
1454847,426366950205125,1275416,0.62261602,256,1454592,1454847,1454803,0
1455103,426366951120000,1167125,0.57629691,256,1454848,1455103,1455030,0
1455359,426366952018291,1087084,0.61549548,256,1455104,1455359,1455236,0
1455615,426366952869583,1065042,0.59535012,256,1455360,1455615,1455536,0
1455871,426366953770083,991750,0.60383213,256,1455616,1455871,1455690,0
1456127,426366954695291,861625,0.58227665,256,1455872,1456127,1456062,0
1456383,426366955555083,1726958,0.59378722,256,1456128,1456383,1456332,0
1456639,426366956471791,1788959,0.61128015,256,1456384,1456639,1456591,0
1456895,426366957317958,1783042,0.62494963,256,1456640,1456895,1456835,0
1457151,426366958223250,1684541,0.59723363,256,1456896,1457151,1457044,0
1457407,426366959046208,1693708,0.58792185,256,1457152,1457407,1457302,0
1457663,426366959916083,1649000,0.61263605,256,1457408,1457663,1457590,0
1457919,426366960817416,1603000,0.61526841,256,1457664,1457919,1457875,0
1458175,426366961692083,1531000,0.57622205,256,1457920,1458175,1457946,0
1458431,426366962574916,1487042,0.61289621,256,1458176,1458431,1458324,0
1458687,426366963475875,1472750,0.69292101,256,1458432,1458687,1458558,0
1458943,426366964381166,1410375,0.59034389,256,1458688,1458943,1458883,0
1459199,426366965220083,1412583,0.62245042,256,1458944,1459199,1459046,0
1459455,426366966150041,1295917,0.59387524,256,1459200,1459455,1459402,0
1459711,426366967055833,1211417,0.59891146,256,1459456,1459711,1459472,0
1459967,426366967991708,1126833,0.59958757,256,1459712,1459967,1459897,0
1460223,426366968903791,1009542,0.58000046,256,1459968,1460223,1460050,0
1460479,426366969801291,932125,0.60133077,256,1460224,1460479,1460289,0
1460735,426366970661291,931250,0.63295032,256,1460480,1460735,1460666,0
1460991,426366971567208,858167,0.59501282,256,1460736,1460991,1460790,0
1461247,426366972437333,1678375,0.60153947,256,1460992,1461247,1461002,0
1461503,426366973347750,1754250,0.59158211,256,1461248,1461503,1461373,0
1461759,426366974208708,1738542,0.64671385,256,1461504,1461759,1461544,0
1462015,426366975123625,1680291,0.63386269,256,1461760,1462015,1461875,0
1462271,426366976012625,1610541,0.63753856,256,1462016,1462271,1462260,0
1462527,426366976912416,3817334,0.59024547,256,1462272,1462527,1462375,0
1462783,426366978446833,3474542,0.63687953,256,1462528,1462783,1462655,0
1463039,426366980900541,1849542,0.64143286,256,1462784,1463039,1462978,0
1463295,426366980916250,2660500,0.57706709,256,1463040,1463295,1463164,0
1463551,426366980930750,3468541,0.61257362,256,1463296,1463551,1463429,0
1463807,426366981379833,3826458,0.60967855,256,1463552,1463807,1463686,0
1464063,426366982271208,3759042,0.64639082,256,1463808,1464063,1464021,0
1464319,426366983122250,3765041,0.62269165,256,1464064,1464319,1464092,0
1464575,426366983953166,3744834,0.62883106,256,1464320,1464575,1464431,0
1464831,426366984836041,3687375,0.56860543,256,1464576,1464831,1464630,0
1465087,426366985747875,3599750,0.60762078,256,1464832,1465087,1465012,0
1465343,426366986604416,3562375,0.61130886,256,1465088,1465343,1465189,0
1465599,426366987497708,3489083,0.5750652,256,1465344,1465599,1465347,0
1465855,426366988401166,3401459,0.58355571,256,1465600,1465855,1465754,0
1466111,426366989265791,3361000,0.61997599,256,1465856,1466111,1466045,0
1466367,426366990119333,3321958,0.60002854,256,1466112,1466367,1466212,0
1466623,426366991038875,3242125,0.63354144,256,1466368,1466623,1466553,0
1466879,426366991957375,3144500,0.61653147,256,1466624,1466879,1466699,0
1467135,426366992795958,3118250,0.56357814,256,1466880,1467135,1466908,0
1467391,426366993651750,3086166,0.60738056,256,1467136,1467391,1467316,0
1467647,426366994520791,3031542,0.61848223,256,1467392,1467647,1467567,0
1467903,426366995398375,2976333,0.5728344,256,1467648,1467903,1467799,0
1468159,426366996267833,2924375,0.61213227,256,1467904,1468159,1468026,0
1468415,426366997167583,2826958,0.59197516,256,1468160,1468415,1468185,0
1468671,426366998129583,2699500,0.59319544,256,1468416,1468671,1468469,0
1468927,426366999023791,2620000,0.59242797,256,1468672,1468927,1468764,0
1469183,426366999826041,2662542,0.60667735,256,1468928,1469183,1469149,0
1469439,426367000723083,2619125,0.6337925,256,1469184,1469439,1469185,0
1469695,426367001618041,2527584,0.56935957,256,1469440,1469695,1469609,0
1469951,426367002473083,2493542,0.59063498,256,1469696,1469951,1469883,0
1470207,426367003365916,2424917,0.61252297,256,1469952,1470207,1470042,0
1470463,426367004239750,2392750,0.63678324,256,1470208,1470463,1470318,0
1470719,426367005090666,2381834,0.59948209,256,1470464,1470719,1470710,0
1470975,426367005995750,2290625,0.60904724,256,1470720,1470975,1470774,0
1471231,426367006871000,2228333,0.60613878,256,1470976,1471231,1471059,0
1471487,426367007749458,2173833,0.59180814,256,1471232,1471487,1471400,0
1471743,426367008648166,2120750,0.61424834,256,1471488,1471743,1471517,0
1471999,426367009555416,2027500,0.59625723,256,1471744,1471999,1471789,0
1472255,426367010460708,1947708,0.61436095,256,1472000,1472255,1472096,0
1472511,426367011306250,1962458,0.63025999,256,1472256,1472511,1472376,0
1472767,426367012232750,1861833,0.66362755,256,1472512,1472767,1472543,0
1473023,426367013097875,1857250,0.62217051,256,1472768,1473023,1472917,0
1473279,426367013965166,1873542,0.61708042,256,1473024,1473279,1473174,0
1473535,426367014862416,1778792,0.64805175,256,1473280,1473535,1473382,0
1473791,426367015780041,1692334,0.62971467,256,1473536,1473791,1473773,0
1474047,426367016704916,1601250,0.6198063,256,1473792,1474047,1473982,0
1474303,426367017604541,1554084,0.58066036,256,1474048,1474303,1474261,0
1474559,426367018492541,1522209,0.62529003,256,1474304,1474559,1474439,0
1474815,426367019344708,1487458,0.62864922,256,1474560,1474815,1474749,0
1475071,426367020243000,1427708,0.62037311,256,1474816,1475071,1475030,0
1475327,426367021103916,1368959,0.60885206,256,1475072,1475327,1475108,0
1475583,426367021965958,1347708,0.63898438,256,1475328,1475583,1475524,0
1475839,426367022869958,1272458,0.60914251,256,1475584,1475839,1475632,0
1476095,426367023730541,1221459,0.60579449,256,1475840,1476095,1475865,0
1476351,426367024603875,1169000,0.59432828,256,1476096,1476351,1476156,0
1476607,426367025447416,1140334,0.57141594,256,1476352,1476607,1476495,0
1476863,426367026341458,1058000,0.58731305,256,1476608,1476863,1476756,0
1477119,426367027226166,1038292,0.63939749,256,1476864,1477119,1477044,0
1477375,426367028125791,950250,0.63027226,256,1477120,1477375,1477374,0
1477631,426367029031166,877834,0.5942791,256,1477376,1477631,1477391,0
1477887,426367029891000,829541,0.58388281,256,1477632,1477887,1477657,0
1478143,426367030785083,1704958,0.62146377,256,1477888,1478143,1477982,0
1478399,426367031672750,1806958,0.59878781,256,1478144,1478399,1478146,0
1478655,426367032566666,1698542,0.59872554,256,1478400,1478655,1478429,0
1478911,426367033443458,1613417,0.60944565,256,1478656,1478911,1478879,0
1479167,426367034307833,1563917,0.61940373,256,1478912,1479167,1479121,0
1479423,426367035172125,1521375,0.61862896,256,1479168,1479423,1479321,0
1479679,426367036075833,1420417,0.64121584,256,1479424,1479679,1479528,0
1479935,426367036996250,1319375,0.60850876,256,1479680,1479935,1479793,0
1480191,426367037903125,1209583,0.59243858,256,1479936,1480191,1480049,0
1480447,426367038798708,1132375,0.63755647,256,1480192,1480447,1480220,0
1480703,426367039736416,996167,0.60332944,256,1480448,1480703,1480530,0
1480959,426367040585375,989458,0.6298314,256,1480704,1480959,1480816,0
1481215,426367041504833,855500,0.5681895,256,1480960,1481215,1481068,0
1481471,426367042401458,1639583,0.58800449,256,1481216,1481471,1481254,0
1481727,426367043279541,1760792,0.58821582,256,1481472,1481727,1481558,0
1481983,426367044104875,1763791,0.61040398,256,1481728,1481983,1481805,0
1482239,426367044956666,1743834,0.6066355,256,1481984,1482239,1482016,0
1482495,426367045896916,1617459,0.57977163,256,1482240,1482495,1482353,0
1482751,426367046773666,1584834,0.65932005,256,1482496,1482751,1482599,0
1483007,426367047632375,1552125,0.59602317,256,1482752,1483007,1482964,0
1483263,426367048526833,1506875,0.60274246,256,1483008,1483263,1483133,0
1483519,426367049401416,1448000,0.59988771,256,1483264,1483519,1483364,0
1483775,426367050322125,1425791,0.6686183,256,1483520,1483775,1483692,0
1484031,426367051217458,1341875,0.56468519,256,1483776,1484031,1483867,0
1484287,426367052117166,1288584,0.61662286,256,1484032,1484287,1484199,0
1484543,426367053010958,1231250,0.64193169,256,1484288,1484543,1484347,0
1484799,426367053896083,1183833,0.58499298,256,1484544,1484799,1484588,0
1485055,426367054769583,1121792,0.58960647,256,1484800,1485055,1484954,0
1485311,426367055601291,1113709,0.6016676,256,1485056,1485311,1485064,0
1485567,426367056525375,1049666,0.61858467,256,1485312,1485567,1485336,0
1485823,426367057429291,987375,0.59487259,256,1485568,1485823,1485695,0
1486079,426367058319250,933500,0.58018432,256,1485824,1486079,1486035,0
1486335,426367059228458,845542,0.58325845,256,1486080,1486335,1486087,0
1486591,426367060060416,856417,0.62981849,256,1486336,1486591,1486568,0
1486847,426367061009625,860958,0.57930104,256,1486592,1486847,1486783,0
1487103,426367061868625,862916,0.65859587,256,1486848,1487103,1487048,0
1487359,426367062784458,903250,0.60778999,256,1487104,1487359,1487141,0
1487615,426367063631875,879750,0.60367651,256,1487360,1487615,1487363,0
1487871,426367064497333,1695500,0.58603592,256,1487616,1487871,1487736,0
1488127,426367065363125,1815583,0.58117719,256,1487872,1488127,1488034,0
1488383,426367066233833,1784042,0.6051523,256,1488128,1488383,1488138,0
1488639,426367067096916,1725334,0.60204624,256,1488384,1488639,1488401,0
1488895,426367067988125,1657833,0.60905626,256,1488640,1488895,1488837,0
1489151,426367068841458,1610417,0.64303692,256,1488896,1489151,1489078,0
1489407,426367069766375,1493958,0.60143652,256,1489152,1489407,1489228,0
1489663,426367070719583,1368958,0.61402743,256,1489408,1489663,1489611,0
1489919,426367071535958,1377625,0.59535371,256,1489664,1489919,1489827,0
1490175,426367072446375,1294875,0.61915101,256,1489920,1490175,1489963,0
1490431,426367073302958,1271708,0.61467062,256,1490176,1490431,1490317,0
1490687,426367074160791,1239959,0.59832341,256,1490432,1490687,1490499,0
1490943,426367075051458,1180375,0.60441898,256,1490688,1490943,1490906,0
1491199,426367075916041,1131209,0.60027493,256,1490944,1491199,1491111,0
1491455,426367076809166,1091875,0.66421782,256,1491200,1491455,1491410,0
1491711,426367077681208,1045958,0.61290356,256,1491456,1491711,1491574,0
1491967,426367078577000,960583,0.64918656,256,1491712,1491967,1491800,0
1492223,426367079494250,864625,0.59092323,256,1491968,1492223,1492037,0
1492479,426367080374333,842625,0.59101226,256,1492224,1492479,1492425,0
1492735,426367081242458,907583,0.65669599,256,1492480,1492735,1492546,0
1492991,426367082142416,1339125,0.59736265,256,1492736,1492991,1492835,0
1493247,426367083047083,1270458,0.62120374,256,1492992,1493247,1493029,0
1493503,426367083967125,1202958,0.60772612,256,1493248,1493503,1493425,0
1493759,426367084893666,1112709,0.57819875,256,1493504,1493759,1493714,0
1494015,426367085790250,1033458,0.62012724,256,1493760,1494015,1493966,0
1494271,426367086682750,1001416,0.59574194,256,1494016,1494271,1494049,0
1494527,426367087544166,987542,0.62712254,256,1494272,1494527,1494281,0
1494783,426367088433291,929959,0.59939127,256,1494528,1494783,1494578,0
1495039,426367089335625,866958,0.62206653,256,1494784,1495039,1494923,0
1495295,426367090248958,1614708,0.62019624,256,1495040,1495295,1495197,0
1495551,426367091224041,1705209,0.62464416,256,1495296,1495551,1495509,0
1495807,426367092076375,1679500,0.61700318,256,1495552,1495807,1495591,0
1496063,426367092910958,1637417,0.59613018,256,1495808,1496063,1496021,0
1496319,426367093756375,1583333,0.63017868,256,1496064,1496319,1496085,0
1496575,426367094661041,1484834,0.61242889,256,1496320,1496575,1496400,0
1496831,426367095561791,1380084,0.59227937,256,1496576,1496831,1496660,0
1497087,426367096466916,1284125,0.59442219,256,1496832,1497087,1496912,0
1497343,426367097446708,1138333,0.63925784,256,1497088,1497343,1497231,0
1497599,426367098348250,1040458,0.60842845,256,1497344,1497599,1497382,0
1497855,426367099254958,935167,0.61103145,256,1497600,1497855,1497792,0
1498111,426367100136500,871083,0.61090879,256,1497856,1498111,1498079,0
1498367,426367101081916,1605542,0.59589135,256,1498112,1498367,1498153,0
1498623,426367101971875,1749625,0.61692627,256,1498368,1498623,1498449,0
1498879,426367102827916,1730792,0.64087453,256,1498624,1498879,1498872,0
1499135,426367103671250,1734583,0.6315689,256,1498880,1499135,1499100,0
1499391,426367104521458,1695125,0.5872921,256,1499136,1499391,1499189,0
1499647,426367105392333,1679333,0.63829549,256,1499392,1499647,1499582,0
1499903,426367106258291,1648500,0.62853484,256,1499648,1499903,1499785,0
1500159,426367107144291,1635959,0.60755528,256,1499904,1500159,1499992,0
1500415,426367108055083,1572833,0.60530327,256,1500160,1500415,1500165,0
1500671,426367108932791,1554792,0.62263458,256,1500416,1500671,1500529,0
1500927,426367109875791,1460917,0.60779822,256,1500672,1500927,1500800,0
1501183,426367110779416,1392375,0.60230919,256,1500928,1501183,1500956,0
1501439,426367111674916,1342292,0.63330478,256,1501184,1501439,1501378,0
1501695,426367112606333,1262083,0.63263105,256,1501440,1501695,1501595,0
1501951,426367113432541,1299750,0.64410942,256,1501696,1501951,1501775,0
1502207,426367114322000,1265041,0.6023155,256,1501952,1502207,1502198,0
1502463,426367115202291,1208292,0.59392582,256,1502208,1502463,1502393,0
1502719,426367116084625,1235000,0.6397648,256,1502464,1502719,1502632,0
1502975,426367116981666,1188750,0.61741068,256,1502720,1502975,1502751,0
1503231,426367117892083,1129375,0.61318985,256,1502976,1503231,1503213,0
1503487,426367118768166,1118917,0.62750057,256,1503232,1503487,1503340,0
1503743,426367119650500,1132416,0.63772835,256,1503488,1503743,1503564,0
1503999,426367120630625,1010583,0.64164905,256,1503744,1503999,1503983,0
1504255,426367121558791,958625,0.64319282,256,1504000,1504255,1504236,0
1504511,426367122443041,924084,0.60900428,256,1504256,1504511,1504495,0
1504767,426367123276333,967667,0.62274917,256,1504512,1504767,1504562,0
1505023,426367124087708,999292,0.63732299,256,1504768,1505023,1504909,0
1505279,426367124942833,1005458,0.59443301,256,1505024,1505279,1505257,0
1505535,426367125798625,1009250,0.64122953,256,1505280,1505535,1505392,0
1505791,426367126736166,947417,0.64987984,256,1505536,1505791,1505685,0
1506047,426367127625291,935125,0.60605493,256,1505792,1506047,1505837,0
1506303,426367128531291,900167,0.65296432,256,1506048,1506303,1506301,0
1506559,426367129439000,887583,0.63426197,256,1506304,1506559,1506311,0
1506815,426367130330375,863500,0.64018076,256,1506560,1506815,1506720,0
1507071,426367131232291,849625,0.62623433,256,1506816,1507071,1506952,0
1507327,426367132143291,856875,0.63829761,256,1507072,1507327,1507086,0
1507583,426367133052375,882083,0.61976185,256,1507328,1507583,1507469,0
1507839,426367133959333,1757333,0.61656514,256,1507584,1507839,1507835,0
1508095,426367134874500,1841291,0.64076093,256,1507840,1508095,1507886,0
1508351,426367135754208,1790292,0.61740189,256,1508096,1508351,1508349,0
1508607,426367136685833,1724667,0.64467236,256,1508352,1508607,1508411,0
1508863,426367137545250,1716875,0.62364927,256,1508608,1508863,1508705,0
1509119,426367138460166,1681709,0.67610459,256,1508864,1509119,1509061,0
1509375,426367139310958,1690958,0.61156548,256,1509120,1509375,1509322,0
1509631,426367140202958,1667875,0.64185669,256,1509376,1509631,1509531,0
1509887,426367141047458,1647458,0.60819544,256,1509632,1509887,1509835,0
1510143,426367141950666,1582709,0.58116441,256,1509888,1510143,1510078,0
1510399,426367142884708,1518625,0.60853292,256,1510144,1510399,1510172,0
1510655,426367143722375,1551250,0.65325771,256,1510400,1510655,1510628,0
1510911,426367144591541,1538250,0.67894507,256,1510656,1510911,1510670,0
1511167,426367145479416,1532792,0.64961557,256,1510912,1511167,1511141,0
1511423,426367146409333,1440417,0.62749321,256,1511168,1511423,1511374,0
1511679,426367147295125,1400500,0.65605684,256,1511424,1511679,1511445,0
1511935,426367148153750,1417916,0.63862436,256,1511680,1511935,1511769,0
1512191,426367149026041,1430084,0.64809905,256,1511936,1512191,1512177,0
1512447,426367149864500,1461833,0.63287607,256,1512192,1512447,1512234,0
1512703,426367150736375,1443791,0.61548058,256,1512448,1512703,1512614,0
1512959,426367151597250,1435958,0.59944774,256,1512704,1512959,1512746,0
1513215,426367152488208,1399625,0.64472019,256,1512960,1513215,1513083,0
1513471,426367153365041,1375959,0.59119149,256,1513216,1513471,1513246,0
1513727,426367154267500,1340375,0.6762325,256,1513472,1513727,1513542,0
1513983,426367155140916,1320709,0.63039284,256,1513728,1513983,1513973,0
1514239,426367156025125,1284166,0.65093792,256,1513984,1514239,1514183,0
1514495,426367156885458,1257875,0.58754861,256,1514240,1514495,1514257,0
1514751,426367157763041,1222542,0.61951663,256,1514496,1514751,1514506,0
1515007,426367158613458,1202792,0.59019091,256,1514752,1515007,1514762,0
1515263,426367159522833,1129083,0.62346011,256,1515008,1515263,1515153,0
1515519,426367160424208,1073583,0.62318861,256,1515264,1515519,1515354,0
1515775,426367161229833,1149292,0.60674639,256,1515520,1515775,1515743,0
1516031,426367162104541,1111209,0.57655639,256,1515776,1516031,1515823,0
1516287,426367162950416,1100334,0.61005339,256,1516032,1516287,1516139,0
1516543,426367163893291,1028917,0.64976743,256,1516288,1516543,1516528,0
1516799,426367164765750,1002875,0.67761214,256,1516544,1516799,1516606,0
1517055,426367165691333,910417,0.63351258,256,1516800,1517055,1516970,0
1517311,426367166588041,901375,0.60263866,256,1517056,1517311,1517303,0
1517567,426367167498000,895583,0.6318691,256,1517312,1517567,1517349,0
1517823,426367168423208,892833,0.60372303,256,1517568,1517823,1517572,0
1518079,426367169261458,896042,0.58486997,256,1517824,1518079,1517928,0
1518335,426367170138458,875208,0.59024759,256,1518080,1518335,1518099,0
1518591,426367171010458,869625,0.68728591,256,1518336,1518591,1518577,0
1518847,426367171887750,851458,0.61867574,256,1518592,1518847,1518642,0
1519103,426367172778041,1706500,0.61264445,256,1518848,1519103,1518860,0
1519359,426367173642708,1864292,0.61710258,256,1519104,1519359,1519209,0
1519615,426367174560625,1776500,0.6286582,256,1519360,1519615,1519592,0
1519871,426367175423791,1801625,0.6453923,256,1519616,1519871,1519761,0
1520127,426367176384708,1730208,0.63490297,256,1519872,1520127,1519931,0
1520383,426367177270291,1732792,0.6416423,256,1520128,1520383,1520262,0
1520639,426367178127541,1728250,0.60697028,256,1520384,1520639,1520435,0
1520895,426367178990250,1745333,0.63129476,256,1520640,1520895,1520723,0
1521151,426367179857083,1713583,0.64913662,256,1520896,1521151,1521021,0
1521407,426367180723916,1731875,0.64973736,256,1521152,1521407,1521379,0
1521663,426367181636583,1680458,0.57956331,256,1521408,1521663,1521660,0
1521919,426367182451625,1709291,0.61284035,256,1521664,1521919,1521740,0
1522175,426367183323875,1704125,0.64470687,256,1521920,1522175,1522057,0
1522431,426367184225083,1664917,0.59847605,256,1522176,1522431,1522228,0
1522687,426367185065416,1737292,0.68487594,256,1522432,1522687,1522573,0
1522943,426367185920375,1739125,0.60635518,256,1522688,1522943,1522827,0
1523199,426367186847583,1717750,0.63492915,256,1522944,1523199,1523095,0
1523455,426367187753625,1671250,0.64038003,256,1523200,1523455,1523424,0
1523711,426367188644333,1635542,0.60458498,256,1523456,1523711,1523626,0
1523967,426367189533333,1587917,0.61138184,256,1523712,1523967,1523938,0
1524223,426367190398541,1558167,0.59090211,256,1523968,1524223,1524005,0
1524479,426367191243250,1565416,0.62098797,256,1524224,1524479,1524466,0
1524735,426367192161875,1496375,0.62856775,256,1524480,1524735,1524618,0
1524991,426367193016208,1505750,0.61344227,256,1524736,1524991,1524746,0
1525247,426367193966625,1448000,0.64044553,256,1524992,1525247,1525223,0
1525503,426367194855250,1426000,0.62097953,256,1525248,1525503,1525488,0
1525759,426367195713083,1448500,0.61062979,256,1525504,1525759,1525660,0
1526015,426367196616875,1407291,0.60962017,256,1525760,1526015,1526008,0
1526271,426367197522833,1365583,0.60111605,256,1526016,1526271,1526149,0
1526527,426367198396041,1379292,0.61720247,256,1526272,1526527,1526347,0
1526783,426367199315541,1311167,0.64102501,256,1526528,1526783,1526538,0
1527039,426367200224500,1245541,0.58298577,256,1526784,1527039,1526939,0
1527295,426367201139041,1191250,0.6443855,256,1527040,1527295,1527259,0
1527551,426367202027208,1146417,0.63127731,256,1527296,1527551,1527391,0
1527807,426367202883291,1166292,0.65614144,256,1527552,1527807,1527559,0
1528063,426367203766583,1157875,0.61891241,256,1527808,1528063,1528054,0
1528319,426367204668375,1092083,0.6332931,256,1528064,1528319,1528081,0
1528575,426367205595375,1023291,0.60331849,256,1528320,1528575,1528493,0
1528831,426367206473708,981667,0.61998326,256,1528576,1528831,1528701,0
1529087,426367207402458,897000,0.65400459,256,1528832,1529087,1529035,0
1529343,426367208178916,963584,0.6237523,256,1529088,1529343,1529134,0
1529599,426367209062791,955959,0.6458288,256,1529344,1529599,1529599,0
1529855,426367209947250,928666,0.60521927,256,1529600,1529855,1529608,0
1530111,426367210894958,1679583,0.597402,256,1529856,1530111,1530061,0
1530367,426367211723750,1863333,0.61188899,256,1530112,1530367,1530235,0
1530623,426367212560291,1882292,0.66563199,256,1530368,1530623,1530416,0
1530879,426367213495541,1788917,0.61303204,256,1530624,1530879,1530869,0
1531135,426367214383291,1736084,0.59416986,256,1530880,1531135,1531039,0
1531391,426367215255458,1708125,0.60281846,256,1531136,1531391,1531136,0
1531647,426367216093291,1703667,0.57155643,256,1531392,1531647,1531591,0
1531903,426367217001166,1620000,0.59648675,256,1531648,1531903,1531707,0
1532159,426367217913041,1579209,0.65585927,256,1531904,1532159,1532050,0
1532415,426367218753291,1604250,0.63750405,256,1532160,1532415,1532395,0
1532671,426367219676208,1505125,0.58455642,256,1532416,1532671,1532649,0
1532927,426367220507666,1533125,0.65071636,256,1532672,1532927,1532698,0
1533183,426367221389208,1481750,0.61297029,256,1532928,1533183,1533178,0
1533439,426367222249166,1468250,0.62639294,256,1533184,1533439,1533314,0
1533695,426367223153208,1397125,0.61854913,256,1533440,1533695,1533631,0
1533951,426367223986083,1397125,0.59637254,256,1533696,1533951,1533899,0
1534207,426367224792000,1443041,0.63534921,256,1533952,1534207,1534202,0
1534463,426367225650250,1459458,0.61000586,256,1534208,1534463,1534365,0
1534719,426367226529958,1427375,0.59199943,256,1534464,1534719,1534650,0
1534975,426367227391958,1404333,0.62598071,256,1534720,1534975,1534911,0
1535231,426367228285375,1355500,0.60876253,256,1534976,1535231,1535063,0
1535487,426367229189791,1276459,0.62042115,256,1535232,1535487,1535310,0
1535743,426367230085583,2933708,0.60044824,256,1535488,1535743,1535687,0
1535999,426367231294500,2727916,0.60120333,256,1535744,1535999,1535916,0
1536255,426367233068000,1831916,0.62258164,256,1536000,1536255,1536031,0
1536511,426367233083875,2657375,0.63793373,256,1536256,1536511,1536484,0
1536767,426367233623875,2985208,0.63242657,256,1536512,1536767,1536650,0
1537023,426367234478291,2948792,0.65676825,256,1536768,1537023,1536807,0
1537279,426367235373166,2927792,0.65068601,256,1537024,1537279,1537136,0
1537535,426367236290250,2856333,0.65469798,256,1537280,1537535,1537363,0
1537791,426367237153916,2826375,0.60124857,256,1537536,1537791,1537715,0
1538047,426367238042166,2769709,0.61766377,256,1537792,1538047,1537852,0
1538303,426367238981666,2657167,0.59642016,256,1538048,1538303,1538174,0
1538559,426367239862958,2631375,0.66309834,256,1538304,1538559,1538535,0
1538815,426367240789041,2518084,0.56907406,256,1538560,1538815,1538736,0
1539071,426367241727458,2424917,0.61057383,256,1538816,1539071,1538830,0
1539327,426367242587708,2408750,0.60759245,256,1539072,1539327,1539191,0
1539583,426367243499708,2333417,0.65781552,256,1539328,1539583,1539424,0
1539839,426367244406500,2252875,0.63992472,256,1539584,1539839,1539588,0
1540095,426367245293166,2195167,0.60113956,256,1539840,1540095,1540093,0
1540351,426367246144750,2182041,0.59723792,256,1540096,1540351,1540167,0
1540607,426367247008500,2154666,0.62129579,256,1540352,1540607,1540357,0
1540863,426367247884625,2138125,0.62064396,256,1540608,1540863,1540657,0
1541119,426367248743375,2084250,0.60302827,256,1540864,1541119,1540880,0
1541375,426367249619458,2078125,0.60785975,256,1541120,1541375,1541179,0
1541631,426367250484166,2038334,0.61596974,256,1541376,1541631,1541397,0
1541887,426367251388708,1948458,0.56519687,256,1541632,1541887,1541775,0
1542143,426367252245000,1942000,0.62374666,256,1541888,1542143,1541951,0
1542399,426367253164000,1835791,0.58368317,256,1542144,1542399,1542310,0
1542655,426367254018125,1802625,0.58232311,256,1542400,1542655,1542585,0
1542911,426367254901916,1761542,0.6099363,256,1542656,1542911,1542804,0
1543167,426367255720625,1766958,0.60861314,256,1542912,1543167,1542938,0
1543423,426367256640750,1711500,0.61528807,256,1543168,1543423,1543281,0
1543679,426367257534666,1669125,0.60228561,256,1543424,1543679,1543523,0
1543935,426367258418666,1597500,0.65134198,256,1543680,1543935,1543862,0
1544191,426367259271500,1568500,0.62799196,256,1543936,1544191,1544136,0
1544447,426367260171583,1497083,0.58681251,256,1544192,1544447,1544411,0
1544703,426367261035416,1480750,0.64382915,256,1544448,1544703,1544454,0
1544959,426367261971666,1486084,0.60329803,256,1544704,1544959,1544799,0
1545215,426367262831500,1338208,0.62816033,256,1544960,1545215,1545159,0
1545471,426367263664916,1311542,0.57488227,256,1545216,1545471,1545390,0
1545727,426367264568458,1228542,0.64913908,256,1545472,1545727,1545529,0
1545983,426367265512375,1108333,0.59932455,256,1545728,1545983,1545820,0
1546239,426367266414458,1042917,0.61677297,256,1545984,1546239,1546227,0
1546495,426367267259000,1034250,0.65642894,256,1546240,1546495,1546328,0
1546751,426367268120416,997167,0.61479246,256,1546496,1546751,1546554,0
1547007,426367268975041,964084,0.57780175,256,1546752,1547007,1547005,0
1547263,426367269863458,898917,0.60889053,256,1547008,1547263,1547192,0
1547519,426367270730375,863916,0.60937281,256,1547264,1547519,1547410,0
1547775,426367271614083,1657708,0.6789547,256,1547520,1547775,1547564,0
1548031,426367272424041,1829375,0.62730144,256,1547776,1548031,1547963,0
1548287,426367273249625,1819875,0.60328595,256,1548032,1548287,1548068,0
1548543,426367274151541,1703750,0.62217247,256,1548288,1548543,1548533,0
1548799,426367275044458,1627542,0.64256733,256,1548544,1548799,1548558,0
1549055,426367275988333,1531583,0.6161321,256,1548800,1549055,1548819,0
1549311,426367276831583,1497625,0.60359799,256,1549056,1549311,1549210,0
1549567,426367277706166,1423959,0.56453933,256,1549312,1549567,1549549,0
1549823,426367278582958,1316583,0.59659302,256,1549568,1549823,1549648,0
1550079,426367279529000,1194041,0.61424866,256,1549824,1550079,1550051,0
1550335,426367280426708,1106750,0.61688379,256,1550080,1550335,1550288,0
1550591,426367281219875,1130000,0.62930165,256,1550336,1550591,1550343,0
1550847,426367282083041,1078375,0.58270619,256,1550592,1550847,1550654,0
1551103,426367282945958,1041542,0.62488011,256,1550848,1551103,1550957,0
1551359,426367283824791,970042,0.57593519,256,1551104,1551359,1551231,0
1551615,426367284714791,896750,0.62010245,256,1551360,1551615,1551578,0
1551871,426367285584750,832583,0.61426755,256,1551616,1551871,1551636,0
1552127,426367286513875,839208,0.59584126,256,1551872,1552127,1552094,0
1552383,426367287420541,1620500,0.60658991,256,1552128,1552383,1552213,0
1552639,426367288340166,1724334,0.61519844,256,1552384,1552639,1552489,0
1552895,426367289197291,1693625,0.59425728,256,1552640,1552895,1552738,0
1553151,426367290066125,1654583,0.61129457,256,1552896,1553151,1553016,0
1553407,426367290988000,1550666,0.60562089,256,1553152,1553407,1553295,0
1553663,426367291824583,1526708,0.60377393,256,1553408,1553663,1553520,0
1553919,426367292725250,1474083,0.62713047,256,1553664,1553919,1553836,0
1554175,426367293645291,1399250,0.6093607,256,1553920,1554175,1553945,0
1554431,426367294501541,1356000,0.65692913,256,1554176,1554431,1554263,0
1554687,426367295308166,1369750,0.61805452,256,1554432,1554687,1554465,0
1554943,426367296236583,1238958,0.62261602,256,1554688,1554943,1554803,0
1555199,426367297175666,1132667,0.59726526,256,1554944,1555199,1555187,0
1555455,426367298041208,1090375,0.61549548,256,1555200,1555455,1555236,0
1555711,426367298918791,1044667,0.60383213,256,1555456,1555711,1555690,0
1555967,426367299841083,930958,0.57401221,256,1555712,1555967,1555755,0
1556223,426367300742875,840291,0.58227665,256,1555968,1556223,1556062,0
1556479,426367301586416,1650542,0.59378722,256,1556224,1556479,1556332,0
1556735,426367302486958,1740917,0.61128015,256,1556480,1556735,1556591,0
1556991,426367303350958,1695708,0.62494963,256,1556736,1556991,1556835,0
1557247,426367304226833,1603500,0.59723363,256,1556992,1557247,1557044,0
1557503,426367305080458,1557042,0.58792185,256,1557248,1557503,1557302,0
1557759,426367305974791,1493917,0.61263605,256,1557504,1557759,1557590,0
1558015,426367306870541,1399334,0.61526841,256,1557760,1558015,1557875,0
1558271,426367307749750,1297125,0.57187917,256,1558016,1558271,1558258,0
1558527,426367308642166,1253667,0.63655577,256,1558272,1558527,1558520,0
1558783,426367309481625,1266708,0.69292101,256,1558528,1558783,1558558,0
1559039,426367310446625,1127000,0.59034389,256,1558784,1559039,1558883,0
1559295,426367311268833,1107500,0.62245042,256,1559040,1559295,1559046,0
1559551,426367312180166,1014667,0.59891146,256,1559296,1559551,1559472,0
1559807,426367313121416,891750,0.59348389,256,1559552,1559807,1559762,0
1560063,426367314053125,853000,0.59958757,256,1559808,1560063,1559897,0
1560319,426367314954583,1606958,0.60133077,256,1560064,1560319,1560289,0
1560575,426367315806958,1718708,0.59212213,256,1560320,1560575,1560573,0
1560831,426367316720458,1679167,0.63295032,256,1560576,1560831,1560666,0
1561087,426367317601375,1626666,0.60153947,256,1560832,1561087,1561002,0
1561343,426367318489208,1579167,0.58873099,256,1561088,1561343,1561211,0
1561599,426367319366208,1540958,0.64671385,256,1561344,1561599,1561544,0
1561855,426367320288875,1448375,0.6293775,256,1561600,1561855,1561653,0
1562111,426367321161666,1445584,0.63386269,256,1561856,1562111,1561875,0
1562367,426367322065041,1388250,0.63753856,256,1562112,1562367,1562260,0
1562623,426367322997625,1281791,0.61157715,256,1562368,1562623,1562614,0
1562879,426367323850083,1269208,0.63687953,256,1562624,1562879,1562655,0
1563135,426367324724458,1219625,0.64143286,256,1562880,1563135,1562978,0
1563391,426367325652750,1113041,0.57790313,256,1563136,1563391,1563300,0
1563647,426367326523083,1065250,0.61257362,256,1563392,1563647,1563429,0
1563903,426367327444708,958958,0.60967855,256,1563648,1563903,1563686,0
1564159,426367328290875,969875,0.64639082,256,1563904,1564159,1564021,0
1564415,426367329146708,943167,0.61029215,256,1564160,1564415,1564207,0
1564671,426367329994791,898417,0.62883106,256,1564416,1564671,1564431,0
1564927,426367330877583,832542,0.56441215,256,1564672,1564927,1564810,0
1565183,426367331775250,857875,0.60762078,256,1564928,1565183,1565012,0
1565439,426367332647750,1736750,0.61130886,256,1565184,1565439,1565189,0
1565695,426367333548541,1788084,0.57097002,256,1565440,1565695,1565478,0
1565951,426367334456500,1672833,0.58718128,256,1565696,1565951,1565933,0
1566207,426367335314958,1625583,0.61997599,256,1565952,1566207,1566045,0
1566463,426367336201708,1537208,0.60002854,256,1566208,1566463,1566212,0
1566719,426367337090500,1467166,0.63354144,256,1566464,1566719,1566553,0
1566975,426367337985166,1362709,0.61077366,256,1566720,1566975,1566792,0
1567231,426367338829583,1293542,0.5885259,256,1566976,1567231,1567159,0
1567487,426367339713208,1218292,0.60738056,256,1567232,1567487,1567316,0
1567743,426367340561041,1161042,0.61848223,256,1567488,1567743,1567567,0
1567999,426367341416666,1113917,0.6022365,256,1567744,1567999,1567968,0
1568255,426367342314416,1005792,0.61213227,256,1568000,1568255,1568026,0
1568511,426367343255583,861583,0.59319544,256,1568256,1568511,1568469,0
1568767,426367344159916,818000,0.59242797,256,1568512,1568767,1568764,0
1569023,426367345040041,1677750,0.58565776,256,1568768,1569023,1568869,0
1569279,426367345897500,1842916,0.6337925,256,1569024,1569279,1569185,0
1569535,426367346734791,1816375,0.62627704,256,1569280,1569535,1569375,0
1569791,426367347666375,1678250,0.57674917,256,1569536,1569791,1569699,0
1570047,426367348556333,1576625,0.61252297,256,1569792,1570047,1570042,0
1570303,426367349412000,1551583,0.59082476,256,1570048,1570303,1570232,0
1570559,426367350270500,1503000,0.63678324,256,1570304,1570559,1570318,0
1570815,426367351138500,1442375,0.60904724,256,1570560,1570815,1570774,0
1571071,426367352054791,1329375,0.60613878,256,1570816,1571071,1571059,0
1571327,426367352916500,1255500,0.60333579,256,1571072,1571327,1571168,0
1571583,426367353798750,1204625,0.61424834,256,1571328,1571583,1571517,0
1571839,426367354696708,1126500,0.59625723,256,1571584,1571839,1571789,0
1572095,426367355647666,949792,0.60373505,256,1571840,1572095,1572002,0
1572351,426367356510291,918542,0.61460563,256,1572096,1572351,1572272,0
1572607,426367357355375,908208,0.66362755,256,1572352,1572607,1572543,0
1572863,426367358255125,1649166,0.59350308,256,1572608,1572863,1572806,0
1573119,426367359143750,1619291,0.62217051,256,1572864,1573119,1572917,0
1573375,426367360007708,1606875,0.61708042,256,1573120,1573375,1573174,0
1573631,426367360908083,1550125,0.64805175,256,1573376,1573631,1573382,0
1573887,426367361854875,1422833,0.62971467,256,1573632,1573887,1573773,0
1574143,426367362752291,1391209,0.6198063,256,1573888,1574143,1573982,0
1574399,426367363659875,1262416,0.58066036,256,1574144,1574399,1574261,0
1574655,426367364534500,4210708,0.62529003,256,1574400,1574655,1574439,0
1574911,426367365594000,3153083,0.62864922,256,1574656,1574911,1574749,0
1575167,426367366424041,2417375,0.62037311,256,1574912,1575167,1575030,0
1575423,426367367461291,2423542,0.5705806,256,1575168,1575423,1575385,0
1575679,426367369039166,1629459,0.63898438,256,1575424,1575679,1575524,0
1575935,426367369053583,2438625,0.60579449,256,1575680,1575935,1575865,0
1576191,426367369874041,2439625,0.59432828,256,1575936,1576191,1576156,0
1576447,426367370665583,2451042,0.56983826,256,1576192,1576447,1576319,0
1576703,426367371503291,2432459,0.57141594,256,1576448,1576703,1576495,0
1576959,426367372352750,2391000,0.5911342,256,1576704,1576959,1576923,0
1577215,426367373265041,2335667,0.63939749,256,1576960,1577215,1577044,0
1577471,426367374183875,2237833,0.63027226,256,1577216,1577471,1577374,0
1577727,426367375075583,2163542,0.58755874,256,1577472,1577727,1577610,0
1577983,426367375934875,2137708,0.62146377,256,1577728,1577983,1577982,0
1578239,426367376833166,2063375,0.60246461,256,1577984,1578239,1578132,0
1578495,426367377725625,1996750,0.59872554,256,1578240,1578495,1578429,0
1578751,426367378623666,1910625,0.59822397,256,1578496,1578751,1578555,0
1579007,426367379460875,1888541,0.60944565,256,1578752,1579007,1578879,0
1579263,426367380339375,1861083,0.61940373,256,1579008,1579263,1579121,0
1579519,426367381242458,1802458,0.61862896,256,1579264,1579519,1579321,0
1579775,426367382165375,1696833,0.64121584,256,1579520,1579775,1579528,0
1580031,426367383050791,1645750,0.60850876,256,1579776,1580031,1579793,0
1580287,426367383941041,1593042,0.63755647,256,1580032,1580287,1580220,0
1580543,426367384873166,1491667,0.62428661,256,1580288,1580543,1580344,0
1580799,426367385780625,1396750,0.57821061,256,1580544,1580799,1580769,0
1581055,426367386636541,1390209,0.6298314,256,1580800,1581055,1580816,0
1581311,426367387538125,1309625,0.58800449,256,1581056,1581311,1581254,0
1581567,426367388481166,1175125,0.58821582,256,1581312,1581567,1581558,0
1581823,426367389358166,1119250,0.61040398,256,1581568,1581823,1581805,0
1582079,426367390147500,1155416,0.6066355,256,1581824,1582079,1582016,0
1582335,426367390995375,1124083,0.57035621,256,1582080,1582335,1582232,0
1582591,426367391927958,1012083,0.64955942,256,1582336,1582591,1582580,0
1582847,426367392817375,968166,0.65932005,256,1582592,1582847,1582599,0
1583103,426367393686583,953708,0.59602317,256,1582848,1583103,1582964,0
1583359,426367394580208,883417,0.60274246,256,1583104,1583359,1583133,0
1583615,426367395446375,881166,0.61212021,256,1583360,1583615,1583568,0
1583871,426367396374291,1106084,0.6686183,256,1583616,1583871,1583692,0
1584127,426367397267458,1024042,0.60951265,256,1583872,1584127,1584032,0
1584383,426367398166000,1002625,0.64193169,256,1584128,1584383,1584347,0
1584639,426367399067000,928041,0.58499298,256,1584384,1584639,1584588,0
1584895,426367399953458,871875,0.58175114,256,1584640,1584895,1584783,0
1585151,426367400776750,867916,0.6016676,256,1584896,1585151,1585064,0
1585407,426367401650291,859042,0.61858467,256,1585152,1585407,1585336,0
1585663,426367402553875,866625,0.59030133,256,1585408,1585663,1585641,0
1585919,426367403458333,829917,0.59487259,256,1585664,1585919,1585695,0
1586175,426367404354333,1473625,0.58325845,256,1585920,1586175,1586087,0
1586431,426367405245416,1400667,0.57110776,256,1586176,1586431,1586261,0
1586687,426367406122833,1357875,0.62981849,256,1586432,1586687,1586568,0
1586943,426367407042666,1282042,0.60212846,256,1586688,1586943,1586884,0
1587199,426367407935458,1267917,0.65859587,256,1586944,1587199,1587048,0
1587455,426367408817750,1228125,0.60433851,256,1587200,1587455,1587327,0
1587711,426367409680833,1193250,0.60328128,256,1587456,1587711,1587525,0
1587967,426367410555000,3866000,0.58603592,256,1587712,1587967,1587736,0
1588223,426367411416958,3007667,0.6051523,256,1587968,1588223,1588138,0
1588479,426367412565166,3783917,0.60298794,256,1588224,1588479,1588341,0
1588735,426367414786708,2443333,0.59905662,256,1588480,1588735,1588644,0
1588991,426367414839500,3246916,0.61451882,256,1588736,1588991,1588947,0
1589247,426367414894375,4037208,0.64303692,256,1588992,1589247,1589078,0
1589503,426367415856125,3887208,0.5877867,256,1589248,1589503,1589433,0
1589759,426367416697583,3899917,0.61402743,256,1589504,1589759,1589611,0
1590015,426367417605083,3855125,0.61915101,256,1589760,1590015,1589963,0
1590271,426367418444708,3849417,0.57221192,256,1590016,1590271,1590226,0
1590527,426367419329083,3815333,0.61467062,256,1590272,1590527,1590317,0
1590783,426367420201333,3795750,0.57762067,256,1590528,1590783,1590641,0
1591039,426367421065875,3770500,0.60441898,256,1590784,1591039,1590906,0
1591295,426367421983708,3709792,0.61028263,256,1591040,1591295,1591281,0
1591551,426367422844708,3709000,0.66421782,256,1591296,1591551,1591410,0
1591807,426367423709208,3698000,0.64918656,256,1591552,1591807,1591800,0
1592063,426367424627250,3606333,0.62763628,256,1591808,1592063,1591924,0
1592319,426367425532833,3535250,0.59030164,256,1592064,1592319,1592263,0
1592575,426367426390166,3526959,0.65669599,256,1592320,1592575,1592546,0
1592831,426367427291625,3522500,0.63442299,256,1592576,1592831,1592633,0
1593087,426367428144875,3481375,0.62120374,256,1592832,1593087,1593029,0
1593343,426367429116916,3347334,0.60691563,256,1593088,1593343,1593171,0
1593599,426367430008083,3302875,0.60772612,256,1593344,1593599,1593425,0
1593855,426367430935541,3202834,0.57819875,256,1593600,1593855,1593714,0
1594111,426367431848708,3140708,0.62012724,256,1593856,1594111,1593966,0
1594367,426367432714166,3122375,0.62712254,256,1594112,1594367,1594281,0
1594623,426367433587708,3095625,0.60192367,256,1594368,1594623,1594373,0
1594879,426367434473791,3042125,0.58488348,256,1594624,1594879,1594651,0
1595135,426367435380125,2971708,0.62206653,256,1594880,1595135,1594923,0
1595391,426367436335583,2894958,0.62414991,256,1595136,1595391,1595367,0
1595647,426367437226750,2857625,0.62464416,256,1595392,1595647,1595509,0
1595903,426367438104125,2804208,0.57558784,256,1595648,1595903,1595683,0
1596159,426367438924875,2790375,0.63017868,256,1595904,1596159,1596085,0
1596415,426367439795083,2747250,0.61242889,256,1596160,1596415,1596400,0
1596671,426367440706125,2657166,0.59227937,256,1596416,1596671,1596660,0
1596927,426367441586916,2600084,0.59442219,256,1596672,1596927,1596912,0
1597183,426367442534875,2470958,0.58007661,256,1596928,1597183,1596931,0
1597439,426367443494083,2368000,0.63925784,256,1597184,1597439,1597231,0
1597695,426367444401791,2284000,0.58870569,256,1597440,1597695,1597567,0
1597951,426367445320666,2193750,0.61103145,256,1597696,1597951,1597792,0
1598207,426367446202833,2157792,0.61090879,256,1597952,1598207,1598079,0
1598463,426367447140083,2057125,0.61692627,256,1598208,1598463,1598449,0
1598719,426367448022125,1994708,0.59929395,256,1598464,1598719,1598638,0
1598975,426367448864875,2003750,0.64087453,256,1598720,1598975,1598872,0
1599231,426367449698041,1987584,0.6315689,256,1598976,1599231,1599100,0
1599487,426367450568125,1944833,0.57421666,256,1599232,1599487,1599302,0
1599743,426367451458083,1916792,0.63829549,256,1599488,1599743,1599582,0
1599999,426367452290666,1937917,0.62853484,256,1599744,1599999,1599785,0
1600255,426367453177500,1923000,0.60530327,256,1600000,1600255,1600165,0
1600511,426367454094500,1856458,0.60754791,256,1600256,1600511,1600431,0
1600767,426367454971500,1824125,0.62263458,256,1600512,1600767,1600529,0
1601023,426367455919416,1739042,0.60779822,256,1600768,1601023,1600800,0
1601279,426367456819625,1672875,0.59317879,256,1601024,1601279,1601154,0
1601535,426367457756833,1588750,0.63330478,256,1601280,1601535,1601378,0
1601791,426367458620333,1585375,0.64410942,256,1601536,1601791,1601775,0
1602047,426367459489541,1572709,0.59444516,256,1601792,1602047,1601939,0
1602303,426367460386541,1523584,0.6023155,256,1602048,1602303,1602198,0
1602559,426367461243500,1510208,0.59879767,256,1602304,1602559,1602557,0
1602815,426367462106000,1539500,0.6397648,256,1602560,1602815,1602632,0
1603071,426367463024833,1479417,0.60877202,256,1602816,1603071,1602968,0
1603327,426367463919291,1428209,0.61318985,256,1603072,1603327,1603213,0
1603583,426367464802791,1416292,0.63772835,256,1603328,1603583,1603564,0
1603839,426367465721958,1398667,0.61225154,256,1603584,1603839,1603693,0
1604095,426367466709125,1275791,0.64164905,256,1603840,1604095,1603983,0
1604351,426367467603083,1252000,0.64319282,256,1604096,1604351,1604236,0
1604607,426367468441208,1272125,0.62274917,256,1604352,1604607,1604562,0
1604863,426367469312666,1276625,0.63325526,256,1604608,1604863,1604770,0
1605119,426367470102916,1329292,0.63732299,256,1604864,1605119,1604909,0
1605375,426367470983458,1314583,0.59443301,256,1605120,1605375,1605257,0
1605631,426367471873500,1278500,0.64122953,256,1605376,1605631,1605392,0
1605887,426367472772500,1258958,0.64987984,256,1605632,1605887,1605685,0
1606143,426367473674916,5433834,0.59472973,256,1605888,1606143,1605983,0
1606399,426367474564500,4549416,0.65296432,256,1606144,1606399,1606301,0
1606655,426367475804000,4528375,0.61340293,256,1606400,1606655,1606526,0
1606911,426367479167875,1991250,0.64018076,256,1606656,1606911,1606720,0
1607167,426367479182333,2832625,0.63829761,256,1606912,1607167,1607086,0
1607423,426367479196833,3613083,0.59043634,256,1607168,1607423,1607340,0
1607679,426367479211416,4477167,0.61976185,256,1607424,1607679,1607469,0
1607935,426367480022500,4556000,0.64076093,256,1607680,1607935,1607886,0
1608191,426367480895666,4553500,0.60188761,256,1607936,1608191,1608135,0
1608447,426367481780916,4546625,0.64467236,256,1608192,1608447,1608411,0
1608703,426367482741125,4455750,0.61130411,256,1608448,1608703,1608568,0
1608959,426367483631125,4456333,0.62364927,256,1608704,1608959,1608705,0
1609215,426367484535375,4442125,0.67610459,256,1608960,1609215,1609061,0
1609471,426367485354375,4499583,0.61156548,256,1609216,1609471,1609322,0
1609727,426367486228166,4507709,0.64185669,256,1609472,1609727,1609531,0
1609983,426367487094083,4508083,0.60819544,256,1609728,1609983,1609835,0
1610239,426367487984708,4490583,0.60853292,256,1609984,1610239,1610172,0
1610495,426367488925666,4441834,0.62492758,256,1610240,1610495,1610455,0
1610751,426367489744583,4529125,0.67894507,256,1610496,1610751,1610670,0
1611007,426367490620500,4518541,0.60293968,256,1610752,1611007,1610874,0
1611263,426367491496500,4536958,0.64961557,256,1611008,1611263,1611141,0
1611519,426367492429083,4481500,0.65605684,256,1611264,1611519,1611445,0
1611775,426367493334083,4451500,0.63862436,256,1611520,1611775,1611769,0
1612031,426367494191958,4474542,0.61520012,256,1611776,1612031,1611924,0
1612287,426367495008250,4594958,0.64809905,256,1612032,1612287,1612177,0
1612543,426367495904125,4574250,0.61243982,256,1612288,1612543,1612291,0
1612799,426367496771541,4573042,0.61548058,256,1612544,1612799,1612614,0
1613055,426367497637541,4587292,0.59380359,256,1612800,1613055,1613048,0
1613311,426367498521000,4592125,0.64472019,256,1613056,1613311,1613083,0
1613567,426367499447208,4552875,0.6762325,256,1613312,1613567,1613542,0
1613823,426367500321125,4545416,0.62823744,256,1613568,1613823,1613626,0
1614079,426367501194708,4544250,0.63039284,256,1613824,1614079,1613973,0
1614335,426367502085458,4522167,0.65093792,256,1614080,1614335,1614183,0
1614591,426367502898625,4575041,0.61951663,256,1614336,1614591,1614506,0
1614847,426367503814250,4524833,0.60176922,256,1614592,1614847,1614706,0
1615103,426367504647333,4531708,0.62239543,256,1614848,1615103,1615087,0
1615359,426367505586416,4466334,0.62346011,256,1615104,1615359,1615153,0
1615615,426367506423041,4514084,0.60631253,256,1615360,1615615,1615412,0
1615871,426367507242208,4600208,0.60674639,256,1615616,1615871,1615743,0
1616127,426367508109666,4567292,0.59356166,256,1615872,1616127,1616042,0
1616383,426367509004083,4541250,0.62176583,256,1616128,1616383,1616319,0
1616639,426367509931833,4516917,0.67761214,256,1616384,1616639,1616606,0
1616895,426367510801458,4497750,0.59797442,256,1616640,1616895,1616650,0
1617151,426367511770708,4392875,0.63351258,256,1616896,1617151,1616970,0
1617407,426367512630916,4411250,0.6318691,256,1617152,1617407,1617349,0
1617663,426367513545041,4836709,0.60372303,256,1617408,1617663,1617572,0
1617919,426367514460083,5564083,0.5882785,256,1617664,1617919,1617751,0
1618175,426367515268875,6386583,0.59024759,256,1617920,1618175,1618099,0
1618431,426367516173833,10681042,0.6188372,256,1618176,1618431,1618420,0
1618687,426367517046041,9810792,0.68728591,256,1618432,1618687,1618577,0
1618943,426367517937250,8920666,0.61264445,256,1618688,1618943,1618860,0
1619199,426367518800083,8744833,0.60049282,256,1618944,1619199,1619088,0
1619455,426367519688833,8677375,0.61710258,256,1619200,1619455,1619209,0
1619711,426367520608250,8600500,0.6286582,256,1619456,1619711,1619592,0
1619967,426367521481041,8592417,0.6453923,256,1619712,1619967,1619761,0
1620223,426367522420333,8511417,0.58354475,256,1619968,1620223,1620090,0
1620479,426367524451916,7341875,0.6416423,256,1620224,1620479,1620262,0
1620735,426367524461041,8195750,0.63129476,256,1620480,1620735,1620723,0
1620991,426367526924500,6553500,0.62201745,256,1620736,1620991,1620885,0
1621247,426367526938958,7359792,0.64913662,256,1620992,1621247,1621021,0
1621503,426367526953333,8204292,0.64973736,256,1621248,1621503,1621379,0
1621759,426367527647333,8352542,0.61284035,256,1621504,1621759,1621740,0
1622015,426367528473041,8357084,0.59641035,256,1621760,1622015,1622001,0
1622271,426367529370333,8315125,0.64470687,256,1622016,1622271,1622057,0
1622527,426367530197416,8340375,0.63934525,256,1622272,1622527,1622519,0
1622783,426367531099833,8310792,0.68487594,256,1622528,1622783,1622573,0
1623039,426367531950458,8315167,0.60635518,256,1622784,1623039,1622827,0
1623295,426367532905166,8234750,0.63492915,256,1623040,1623295,1623095,0
1623551,426367533789875,8194666,0.64038003,256,1623296,1623551,1623424,0
1623807,426367534651291,8161459,0.60458498,256,1623552,1623807,1623626,0
1624063,426367535554333,8071292,0.61138184,256,1623808,1624063,1623938,0
1624319,426367536448125,7990333,0.57218914,256,1624064,1624319,1624261,0
1624575,426367537314041,7956792,0.62098797,256,1624320,1624575,1624466,0
1624831,426367538177666,7936375,0.62856775,256,1624576,1624831,1624618,0
1625087,426367539115916,7819875,0.59053032,256,1624832,1625087,1624870,0
1625343,426367540002708,7806083,0.64044553,256,1625088,1625343,1625223,0
1625599,426367540854208,7814042,0.62097953,256,1625344,1625599,1625488,0
1625855,426367541750541,7764417,0.61062979,256,1625600,1625855,1625660,0
1626111,426367542672416,7689292,0.60962017,256,1625856,1626111,1626008,0
1626367,426367543591541,7628625,0.61720247,256,1626112,1626367,1626347,0
1626623,426367544460875,7596916,0.64102501,256,1626368,1626623,1626538,0
1626879,426367545359000,7533333,0.6052075,256,1626624,1626879,1626627,0
1627135,426367546287083,7431917,0.59691529,256,1626880,1627135,1627134,0
1627391,426367547190708,7365708,0.6443855,256,1627136,1627391,1627259,0
1627647,426367548061833,7350917,0.65614144,256,1627392,1627647,1627559,0
1627903,426367548921208,7303208,0.57842803,256,1627648,1627903,1627773,0
1628159,426367549828375,7261000,0.6332931,256,1627904,1628159,1628081,0
1628415,426367550743166,7168209,0.58710934,256,1628160,1628415,1628196,0
1628671,426367551599708,7138708,0.60331849,256,1628416,1628671,1628493,0
1628927,426367552517791,7040250,0.61998326,256,1628672,1628927,1628701,0
1629183,426367553401708,6989250,0.65400459,256,1628928,1629183,1629035,0
1629439,426367554198625,7012000,0.5891788,256,1629184,1629439,1629268,0
1629695,426367555108625,6962291,0.6458288,256,1629440,1629695,1629599,0
1629951,426367556000291,6885667,0.59749237,256,1629696,1629951,1629752,0
1630207,426367556893208,6827375,0.597402,256,1629952,1630207,1630061,0
1630463,426367557753958,6803417,0.66563199,256,1630208,1630463,1630416,0
1630719,426367558621750,6752958,0.61983034,256,1630464,1630719,1630526,0
1630975,426367559527375,6660583,0.61303204,256,1630720,1630975,1630869,0
1631231,426367560407833,6596500,0.60281846,256,1630976,1631231,1631136,0
1631487,426367561271458,6988500,0.59442221,256,1631232,1631487,1631299,0
1631743,426367562146416,6971375,0.59648675,256,1631488,1631743,1631707,0
1631999,426367563041833,6836958,0.59384777,256,1631744,1631999,1631879,0
1632255,426367563929875,6821041,0.65585927,256,1632000,1632255,1632050,0
1632511,426367564809083,6774375,0.63750405,256,1632256,1632511,1632395,0
1632767,426367565719666,6709959,0.65071636,256,1632512,1632767,1632698,0
1633023,426367566540583,6681083,0.59603534,256,1632768,1633023,1632882,0
1633279,426367567449166,6594042,0.61297029,256,1633024,1633279,1633178,0
1633535,426367568297583,6584417,0.62639294,256,1633280,1633535,1633314,0
1633791,426367569149500,6541000,0.61854913,256,1633536,1633791,1633631,0
1634047,426367570001833,6496333,0.6080745,256,1633792,1634047,1633995,0
1634303,426367570822041,6534209,0.63534921,256,1634048,1634303,1634202,0
1634559,426367571680041,6519667,0.61000586,256,1634304,1634559,1634365,0
1634815,426367572563041,6462542,0.59199943,256,1634560,1634815,1634650,0
1635071,426367573422833,6424292,0.62598071,256,1634816,1635071,1634911,0
1635327,426367574350708,6308083,0.62042115,256,1635072,1635327,1635310,0
1635583,426367575247125,6221666,0.6007891,256,1635328,1635583,1635384,0
1635839,426367576149000,6112250,0.60044824,256,1635584,1635839,1635687,0
1636095,426367576997583,7008167,0.62258164,256,1635840,1636095,1636031,0
1636351,426367577895375,6295083,0.61672773,256,1636096,1636351,1636177,0
1636607,426367578771291,7682709,0.63793373,256,1636352,1636607,1636484,0
1636863,426367579670125,6787583,0.65676825,256,1636608,1636863,1636807,0
1637119,426367580517458,5941375,0.59189767,256,1636864,1637119,1637104,0
1637375,426367581428916,5858250,0.65469798,256,1637120,1637375,1637363,0
1637631,426367582324708,5782875,0.63176897,256,1637376,1637631,1637523,0
1637887,426367583854875,5078541,0.61766377,256,1637632,1637887,1637852,0
1638143,426367584791333,4964750,0.59563738,256,1637888,1638143,1637928,0
1638399,426367586441500,4100416,0.59642016,256,1638144,1638399,1638174,0
1638655,426367586450833,4917708,0.66309834,256,1638400,1638655,1638535,0
1638911,426367586873375,5324166,0.61057383,256,1638656,1638911,1638830,0
1639167,426367587746541,5267125,0.59880173,256,1638912,1639167,1638927,0
1639423,426367588635333,5187500,0.60759245,256,1639168,1639423,1639191,0
1639679,426367589546583,5086792,0.65781552,256,1639424,1639679,1639424,0
1639935,426367590436416,5000875,0.63380544,256,1639680,1639935,1639704,0
1640191,426367591324833,4924250,0.60113956,256,1639936,1640191,1640093,0
1640447,426367592164333,4903417,0.62129579,256,1640192,1640447,1640357,0
1640703,426367593037166,4866250,0.62064396,256,1640448,1640703,1640657,0
1640959,426367593919500,4784291,0.60302827,256,1640704,1640959,1640880,0
1641215,426367594796500,4752583,0.60785975,256,1640960,1641215,1641179,0
1641471,426367595621000,4724208,0.61596974,256,1641216,1641471,1641397,0
1641727,426367596535291,4621750,0.57658246,256,1641472,1641727,1641494,0
1641983,426367597382750,5038583,0.62374666,256,1641728,1641983,1641951,0
1642239,426367598306458,5706125,0.6010083,256,1641984,1642239,1642117,0
1642495,426367599156958,6440000,0.58368317,256,1642240,1642495,1642310,0
1642751,426367600051083,7117375,0.58232311,256,1642496,1642751,1642585,0
1643007,426367600896166,7871042,0.6099363,256,1642752,1643007,1642804,0
1643263,426367601738875,8479500,0.60607571,256,1643008,1643263,1643247,0
1643519,426367602710416,8360167,0.61528807,256,1643264,1643519,1643281,0
1643775,426367603574708,8305750,0.60940541,256,1643520,1643775,1643775,0
1644031,426367604424291,8254167,0.65134198,256,1643776,1644031,1643862,0
1644287,426367605351791,8135709,0.62799196,256,1644032,1644287,1644136,0
1644543,426367606225833,8068792,0.64382915,256,1644288,1644543,1644454,0
1644799,426367607117458,7996500,0.61922696,256,1644544,1644799,1644668,0
1645055,426367607988708,7936583,0.59839023,256,1644800,1645055,1645031,0
1645311,426367608851583,7862500,0.62816033,256,1645056,1645311,1645159,0
1645567,426367609688500,7824000,0.64913908,256,1645312,1645567,1645529,0
1645823,426367610624000,7690791,0.59932455,256,1645568,1645823,1645820,0
1646079,426367611584166,7585917,0.58963899,256,1645824,1646079,1645982,0
1646335,426367612384750,7558750,0.65642894,256,1646080,1646335,1646328,0
1646591,426367613266875,7494416,0.61479246,256,1646336,1646591,1646554,0
1646847,426367614155916,7401959,0.58687898,256,1646592,1646847,1646724,0
1647103,426367614994291,7359250,0.5812468,256,1646848,1647103,1647029,0
1647359,426367615910166,7249042,0.60889053,256,1647104,1647359,1647192,0
1647615,426367616767125,7217625,0.6789547,256,1647360,1647615,1647564,0
1647871,426367617634541,7149709,0.63423499,256,1647616,1647871,1647770,0
1648127,426367618451000,7128333,0.62730144,256,1647872,1648127,1647963,0
1648383,426367619307333,7068667,0.57473111,256,1648128,1648383,1648260,0
1648639,426367620182083,7009625,0.64256733,256,1648384,1648639,1648558,0
1648895,426367621080083,6929583,0.62837244,256,1648640,1648895,1648738,0
1649151,426367622002333,6826542,0.5982365,256,1648896,1649151,1648934,0
1649407,426367622843666,6796709,0.60359799,256,1649152,1649407,1649210,0
1649663,426367623747166,6679667,0.59659302,256,1649408,1649663,1649648,0
1649919,426367624626750,6599583,0.58975026,256,1649664,1649919,1649840,0
1650175,426367625553541,6495375,0.61424866,256,1649920,1650175,1650051,0
1650431,426367626407166,6439417,0.62930165,256,1650176,1650431,1650343,0
1650687,426367627257083,9195625,0.58270619,256,1650432,1650687,1650654,0
1650943,426367628122916,8336042,0.58112582,256,1650688,1650943,1650827,0
1651199,426367629024666,7435417,0.62488011,256,1650944,1651199,1650957,0
1651455,426367629871291,6589792,0.58236464,256,1651200,1651455,1651396,0
1651711,426367630740166,10187084,0.62010245,256,1651456,1651711,1651578,0
1651967,426367631648083,9281250,0.61091659,256,1651712,1651967,1651830,0
1652223,426367632553833,8376625,0.60658991,256,1651968,1652223,1652213,0
1652479,426367633487833,7443708,0.57312292,256,1652224,1652479,1652448,0
1652735,426367634544583,6387958,0.61519844,256,1652480,1652735,1652489,0
1652991,426367635225041,5715750,0.60823272,256,1652736,1652991,1652905,0
1653247,426367636079000,6615250,0.61129457,256,1652992,1653247,1653016,0
1653503,426367637002791,6292917,0.60562089,256,1653248,1653503,1653295,0
1653759,426367637885125,6205250,0.60377393,256,1653504,1653759,1653520,0
1654015,426367639586375,5336041,0.62713047,256,1653760,1654015,1653836,0
1654271,426367640601958,5133250,0.65692913,256,1654016,1654271,1654263,0
1654527,426367640612791,5921417,0.61805452,256,1654272,1654527,1654465,0
1654783,426367642367958,4948167,0.60662932,256,1654528,1654783,1654587,0
1655039,426367642377166,5727292,0.62261602,256,1654784,1655039,1654803,0
1655295,426367643203375,5693208,0.61549548,256,1655040,1655295,1655236,0
1655551,426367644059583,5651458,0.59535012,256,1655296,1655551,1655536,0
1655807,426367644962250,5556416,0.60383213,256,1655552,1655807,1655690,0
1656063,426367645870250,5428000,0.58227665,256,1655808,1656063,1656062,0
1656319,426367646742500,5446500,0.57086195,256,1656064,1656319,1656064,0
1656575,426367647646458,5374750,0.59378722,256,1656320,1656575,1656332,0
1656831,426367648516291,5338167,0.62129146,256,1656576,1656831,1656802,0
1657087,426367649397291,5282417,0.62494963,256,1656832,1657087,1656835,0
1657343,426367650268541,5226250,0.58792185,256,1657088,1657343,1657302,0
1657599,426367651139041,5190000,0.61263605,256,1657344,1657599,1657590,0
1657855,426367652019041,5163667,0.59954949,256,1657600,1657855,1657720,0
1658111,426367652909250,5082125,0.61526841,256,1657856,1658111,1657875,0
1658367,426367653781000,5037375,0.61289621,256,1658112,1658367,1658324,0
1658623,426367654699833,5013250,0.69292101,256,1658368,1658623,1658558,0
1658879,426367655532250,5066833,0.59693152,256,1658624,1658879,1658667,0
1659135,426367656449625,4947666,0.62245042,256,1658880,1659135,1659046,0
1659391,426367657332125,4880458,0.58982097,256,1659136,1659391,1659381,0
1659647,426367658232833,4812292,0.59891146,256,1659392,1659647,1659472,0
1659903,426367659202041,4686375,0.59958757,256,1659648,1659903,1659897,0
1660159,426367660072833,4631000,0.58000046,256,1659904,1660159,1660050,0
1660415,426367661005583,4502750,0.60133077,256,1660160,1660415,1660289,0
1660671,426367661848000,4519625,0.63295032,256,1660416,1660671,1660666,0
1660927,426367662766333,4440542,0.59501282,256,1660672,1660927,1660790,0
1661183,426367663622458,4427958,0.60153947,256,1660928,1661183,1661002,0
1661439,426367664532750,4345791,0.59158211,256,1661184,1661439,1661373,0
1661695,426367665405750,4332791,0.64671385,256,1661440,1661695,1661544,0
1661951,426367666528666,4071625,0.63386269,256,1661696,1661951,1661875,0
1662207,426367667238208,4189708,0.63145207,256,1661952,1662207,1662172,0
1662463,426367668130375,4149458,0.63753856,256,1662208,1662463,1662260,0
1662719,426367669011166,4109500,0.63687953,256,1662464,1662719,1662655,0
1662975,426367669902708,4051625,0.60181328,256,1662720,1662975,1662774,0
1663231,426367670785208,4010417,0.64143286,256,1662976,1663231,1662978,0
1663487,426367671689666,3925459,0.61257362,256,1663232,1663487,1663429,0
1663743,426367672572500,6543666,0.60967855,256,1663488,1663743,1663686,0
1663999,426367673482125,5635416,0.59341199,256,1663744,1663999,1663831,0
1664255,426367674299375,4819166,0.64639082,256,1664000,1664255,1664021,0
1664511,426367675156208,3963333,0.62883106,256,1664256,1664511,1664431,0
1664767,426367679139708,912500,0.56860543,256,1664512,1664767,1664630,0
1665023,426367679154166,1726209,0.60762078,256,1664768,1665023,1665012,0
1665279,426367679169291,2538542,0.61130886,256,1665024,1665279,1665189,0
1665535,426367679183791,3340750,0.5750652,256,1665280,1665535,1665347,0
1665791,426367679591916,3747417,0.58355571,256,1665536,1665791,1665754,0
1666047,426367680479166,3695209,0.61997599,256,1665792,1666047,1666045,0
1666303,426367681336875,3657208,0.60002854,256,1666048,1666303,1666212,0
1666559,426367682247750,3583166,0.63354144,256,1666304,1666559,1666553,0
1666815,426367683152208,3503292,0.61653147,256,1666560,1666815,1666699,0
1667071,426367684062791,3412834,0.56357814,256,1666816,1667071,1666908,0
1667327,426367684828375,3469291,0.60738056,256,1667072,1667327,1667316,0
1667583,426367685737416,3376000,0.61848223,256,1667328,1667583,1667567,0
1667839,426367686607083,3329333,0.5728344,256,1667584,1667839,1667799,0
1668095,426367687472041,3284417,0.61213227,256,1667840,1668095,1668026,0
1668351,426367688340791,3228250,0.59197516,256,1668096,1668351,1668185,0
1668607,426367689326750,3067833,0.59319544,256,1668352,1668607,1668469,0
1668863,426367690204750,3010125,0.59242797,256,1668608,1668863,1668764,0
1669119,426367691044375,2994791,0.59253761,256,1668864,1669119,1669107,0
1669375,426367691937083,2968625,0.6337925,256,1669120,1669375,1669185,0
1669631,426367692768666,2956250,0.60585419,256,1669376,1669631,1669377,0
1669887,426367693683875,2852833,0.59063498,256,1669632,1669887,1669883,0
1670143,426367694580041,2776584,0.61252297,256,1669888,1670143,1670042,0
1670399,426367695435791,2761292,0.63678324,256,1670144,1670399,1670318,0
1670655,426367696272791,2762334,0.61420734,256,1670400,1670655,1670414,0
1670911,426367697197416,2682167,0.60904724,256,1670656,1670911,1670774,0
1671167,426367698073958,2626667,0.60613878,256,1670912,1671167,1671059,0
1671423,426367698929583,2586667,0.60333579,256,1671168,1671423,1671168,0
1671679,426367699848208,2509708,0.61424834,256,1671424,1671679,1671517,0
1671935,426367700764083,2427000,0.59625723,256,1671680,1671935,1671789,0
1672191,426367701638416,2354459,0.61436095,256,1671936,1672191,1672096,0
1672447,426367702532708,2310583,0.63025999,256,1672192,1672447,1672376,0
1672703,426367703422583,2256167,0.66362755,256,1672448,1672703,1672543,0
1672959,426367704303166,2235875,0.62217051,256,1672704,1672959,1672917,0
1673215,426367705185458,2193000,0.61708042,256,1672960,1673215,1673174,0
1673471,426367706057291,2171625,0.64805175,256,1673216,1673471,1673382,0
1673727,426367706968791,2080584,0.60259417,256,1673472,1673727,1673615,0
1673983,426367707908458,1967042,0.62971467,256,1673728,1673983,1673773,0
1674239,426367708819250,1880791,0.61590293,256,1673984,1674239,1674003,0
1674495,426367709690625,1824166,0.62529003,256,1674240,1674495,1674439,0
1674751,426367710540708,1815583,0.62864922,256,1674496,1674751,1674749,0
1675007,426367711452625,1722750,0.59333768,256,1674752,1675007,1674937,0
1675263,426367712315125,5036250,0.62037311,256,1675008,1675263,1675030,0
1675519,426367713156625,4196458,0.61166759,256,1675264,1675519,1675516,0
1675775,426367714831916,3392792,0.63898438,256,1675520,1675775,1675524,0
1676031,426367717316250,1695916,0.60579449,256,1675776,1676031,1675865,0
1676287,426367717332875,2488000,0.59432828,256,1676032,1676287,1676156,0
1676543,426367717363541,3245959,0.57141594,256,1676288,1676543,1676495,0
1676799,426367717545166,3864500,0.58731305,256,1676544,1676799,1676756,0
1677055,426367718402000,3824708,0.63939749,256,1676800,1677055,1677044,0
1677311,426367719303166,3731334,0.62799182,256,1677056,1677311,1677062,0
1677567,426367720243125,3592458,0.63027226,256,1677312,1677567,1677374,0
1677823,426367721112958,3528625,0.58755874,256,1677568,1677823,1677610,0
1678079,426367721990041,3476500,0.62146377,256,1677824,1678079,1677982,0
1678335,426367722883875,3407625,0.60246461,256,1678080,1678335,1678132,0
1678591,426367723769875,3342958,0.59872554,256,1678336,1678591,1678429,0
1678847,426367724613541,3324542,0.59446178,256,1678592,1678847,1678809,0
1679103,426367725522875,3227416,0.61647809,256,1678848,1679103,1679082,0
1679359,426367726372041,3225000,0.61940373,256,1679104,1679359,1679121,0
1679615,426367727255958,3159042,0.64121584,256,1679360,1679615,1679528,0
1679871,426367728225458,3043750,0.60850876,256,1679616,1679871,1679793,0
1680127,426367729067083,3032458,0.59243858,256,1679872,1680127,1680049,0
1680383,426367730007625,2917291,0.63755647,256,1680128,1680383,1680220,0
1680639,426367730915583,2844750,0.61990284,256,1680384,1680639,1680394,0
1680895,426367731780500,2833083,0.6298314,256,1680640,1680895,1680816,0
1681151,426367732739583,2696583,0.5681895,256,1680896,1681151,1681068,0
1681407,426367733629833,2624667,0.58800449,256,1681152,1681407,1681254,0
1681663,426367734497750,2567208,0.58821582,256,1681408,1681663,1681558,0
1681919,426367735348291,2544584,0.61040398,256,1681664,1681919,1681805,0
1682175,426367736150833,2566625,0.6066355,256,1681920,1682175,1682016,0
1682431,426367737067791,2465292,0.57977163,256,1682176,1682431,1682353,0
1682687,426367737960041,2423792,0.65932005,256,1682432,1682687,1682599,0
1682943,426367738851333,2347750,0.594451,256,1682688,1682943,1682812,0
1683199,426367739725000,2329750,0.60274246,256,1682944,1683199,1683133,0
1683455,426367740605958,2276083,0.59988771,256,1683200,1683455,1683364,0
1683711,426367741491625,2253625,0.6686183,256,1683456,1683711,1683692,0
1683967,426367742427583,2151917,0.60820329,256,1683712,1683967,1683720,0
1684223,426367743309916,2104667,0.61662286,256,1683968,1684223,1684199,0
1684479,426367744196625,2088125,0.64193169,256,1684224,1684479,1684347,0
1684735,426367745088958,2011458,0.58499298,256,1684480,1684735,1684588,0
1684991,426367745964791,1956917,0.58960647,256,1684736,1684991,1684954,0
1685247,426367746804000,1941875,0.6016676,256,1684992,1685247,1685064,0
1685503,426367747705416,1891167,0.61858467,256,1685248,1685503,1685336,0
1685759,426367748611625,1835375,0.59487259,256,1685504,1685759,1685695,0
1686015,426367749514166,1767625,0.57453155,256,1685760,1686015,1685774,0
1686271,426367750409708,1688000,0.58325845,256,1686016,1686271,1686087,0
1686527,426367751239500,1689666,0.59289488,256,1686272,1686527,1686448,0
1686783,426367752203333,1561083,0.62981849,256,1686528,1686783,1686568,0
1687039,426367753074583,1528500,0.61250639,256,1686784,1687039,1686967,0
1687295,426367753977916,1514375,0.65859587,256,1687040,1687295,1687048,0
1687551,426367754840958,1486250,0.60433851,256,1687296,1687551,1687327,0
1687807,426367755688583,1471417,0.58603592,256,1687552,1687807,1687736,0
1688063,426367756568416,1431792,0.58117719,256,1687808,1688063,1688034,0
1688319,426367757460416,1368584,0.6051523,256,1688064,1688319,1688138,0
1688575,426367758287083,1386958,0.60298794,256,1688320,1688575,1688341,0
1688831,426367759211458,1298917,0.59933504,256,1688576,1688831,1688796,0
1689087,426367760060000,1274500,0.64303692,256,1688832,1689087,1689078,0
1689343,426367760960666,1219584,0.62150001,256,1689088,1689343,1689100,0
1689599,426367761915666,1104959,0.58952888,256,1689344,1689599,1689516,0
1689855,426367762740625,1128916,0.61402743,256,1689600,1689855,1689611,0
1690111,426367763651583,1076500,0.61915101,256,1689856,1690111,1689963,0
1690367,426367764492875,1085916,0.61467062,256,1690112,1690367,1690317,0
1690623,426367765363500,1046708,0.59832341,256,1690368,1690623,1690499,0
1690879,426367766253916,3956709,0.5910827,256,1690624,1690879,1690815,0
1691135,426367767159083,4230958,0.60441898,256,1690880,1691135,1690906,0
1691391,426367768032458,4203667,0.61028263,256,1691136,1691391,1691281,0
1691647,426367770250166,2849834,0.66421782,256,1691392,1691647,1691410,0
1691903,426367770259458,3682625,0.64918656,256,1691648,1691903,1691800,0
1692159,426367770691625,4077916,0.62763628,256,1691904,1692159,1691924,0
1692415,426367771569583,4034000,0.59030164,256,1692160,1692415,1692263,0
1692671,426367772446416,4052167,0.65669599,256,1692416,1692671,1692546,0
1692927,426367773339333,3993750,0.59736265,256,1692672,1692927,1692835,0
1693183,426367774215208,3956833,0.62120374,256,1692928,1693183,1693029,0
1693439,426367775136291,3869792,0.60772612,256,1693184,1693439,1693425,0
1693695,426367776105666,3747917,0.60193256,256,1693440,1693695,1693481,0
1693951,426367776998250,3685416,0.61228407,256,1693696,1693951,1693891,0
1694207,426367777884458,3640125,0.62012724,256,1693952,1694207,1693966,0
1694463,426367778756416,3634542,0.62712254,256,1694208,1694463,1694281,0
1694719,426367779629916,3584459,0.59939127,256,1694464,1694719,1694578,0
1694975,426367780517166,3544125,0.62206653,256,1694720,1694975,1694923,0
1695231,426367781431666,3473250,0.62019624,256,1694976,1695231,1695197,0
1695487,426367782378791,3382542,0.62414991,256,1695232,1695487,1695367,0
1695743,426367783283708,3338333,0.62464416,256,1695488,1695743,1695509,0
1695999,426367784105291,3318167,0.59181943,256,1695744,1695999,1695962,0
1696255,426367784947875,3287375,0.63017868,256,1696000,1696255,1696085,0
1696511,426367785852791,3211625,0.61242889,256,1696256,1696511,1696400,0
1696767,426367786756708,3117000,0.59227937,256,1696512,1696767,1696660,0
1697023,426367787657708,3050583,0.59442219,256,1696768,1697023,1696912,0
1697279,426367788589333,2944917,0.63925784,256,1697024,1697279,1697231,0
1697535,426367789544583,2825000,0.61598194,256,1697280,1697535,1697317,0
1697791,426367790463291,2731042,0.60010546,256,1697536,1697791,1697762,0
1698047,426367791344791,2678917,0.61103145,256,1697792,1698047,1697792,0
1698303,426367792244750,2629166,0.61090879,256,1698048,1698303,1698079,0
1698559,426367793143666,2577042,0.61692627,256,1698304,1698559,1698449,0
1698815,426367794080750,2466708,0.59929395,256,1698560,1698815,1698638,0
1699071,426367794881666,2519667,0.64087453,256,1698816,1699071,1698872,0
1699327,426367795715958,2491333,0.6315689,256,1699072,1699327,1699100,0
1699583,426367796594041,2457834,0.63829549,256,1699328,1699583,1699582,0
1699839,426367797461541,2437750,0.62853484,256,1699584,1699839,1699785,0
1700095,426367798323083,2453750,0.60755528,256,1699840,1700095,1699992,0
1700351,426367799245500,2394333,0.60530327,256,1700096,1700351,1700165,0
1700607,426367800102875,2387916,0.62263458,256,1700352,1700607,1700529,0
1700863,426367801023375,2323291,0.60779822,256,1700608,1700863,1700800,0
1701119,426367801953708,2233833,0.60230919,256,1700864,1701119,1700956,0
1701375,426367802844250,2171208,0.59317879,256,1701120,1701375,1701154,0
1701631,426367803793250,2088041,0.63330478,256,1701376,1701631,1701378,0
1701887,426367804613791,2131750,0.64410942,256,1701632,1701887,1701775,0
1702143,426367805520041,2074625,0.59992807,256,1701888,1702143,1702083,0
1702399,426367806372125,2062541,0.6023155,256,1702144,1702399,1702198,0
1702655,426367807287458,2027833,0.6397648,256,1702400,1702655,1702632,0
1702911,426367808153166,4798459,0.63364895,256,1702656,1702911,1702719,0
1703167,426367809051750,3902125,0.60877202,256,1702912,1703167,1702968,0
1703423,426367809946083,3008917,0.62750057,256,1703168,1703423,1703340,0
1703679,426367813045250,930250,0.63772835,256,1703424,1703679,1703564,0
1703935,426367813065125,1793666,0.61225154,256,1703680,1703935,1703693,0
1704191,426367813081000,2657750,0.64164905,256,1703936,1704191,1703983,0
1704447,426367813645625,2946875,0.64319282,256,1704192,1704447,1704236,0
1704703,426367814449666,3006875,0.62274917,256,1704448,1704703,1704562,0
1704959,426367815296833,3040333,0.63732299,256,1704704,1704959,1704909,0
1705215,426367816132333,3045292,0.574203,256,1704960,1705215,1705132,0
1705471,426367817007416,3046667,0.64122953,256,1705216,1705471,1705392,0
1705727,426367817905416,3007209,0.64987984,256,1705472,1705727,1705685,0
1705983,426367818797291,2999625,0.60605493,256,1705728,1705983,1705837,0
1706239,426367819693583,2965250,0.60210979,256,1705984,1706239,1706218,0
1706495,426367820604375,2927125,0.65296432,256,1706240,1706495,1706301,0
1706751,426367821522583,2849750,0.64018076,256,1706496,1706751,1706720,0
1707007,426367822419791,2824500,0.62623433,256,1706752,1707007,1706952,0
1707263,426367823336625,2754583,0.63829761,256,1707008,1707263,1707086,0
1707519,426367824218625,2726583,0.61976185,256,1707264,1707519,1707469,0
1707775,426367825120875,2687583,0.58714956,256,1707520,1707775,1707579,0
1708031,426367826168083,2532417,0.64076093,256,1707776,1708031,1707886,0
1708287,426367826980916,2587375,0.61442276,256,1708032,1708287,1708215,0
1708543,426367827885416,2555792,0.64467236,256,1708288,1708543,1708411,0
1708799,426367828736791,2582917,0.62364927,256,1708544,1708799,1708705,0
1709055,426367829618708,2584875,0.6551776,256,1708800,1709055,1709033,0
1709311,426367830512583,2585375,0.67610459,256,1709056,1709311,1709061,0
1709567,426367831410458,2581583,0.64185669,256,1709312,1709567,1709531,0
1709823,426367832229833,2619958,0.59322286,256,1709568,1709823,1709671,0
1710079,426367833137833,2569208,0.60819544,256,1709824,1710079,1709835,0
1710335,426367834060291,2525334,0.60853292,256,1710080,1710335,1710172,0
1710591,426367834949500,2524458,0.62492758,256,1710336,1710591,1710455,0
1710847,426367835776083,2579458,0.67894507,256,1710592,1710847,1710670,0
1711103,426367836662791,2567542,0.60293968,256,1710848,1711103,1710874,0
1711359,426367837535708,2585583,0.64961557,256,1711104,1711359,1711141,0
1711615,426367838469875,2527875,0.65605684,256,1711360,1711615,1711445,0
1711871,426367839363041,2514834,0.63862436,256,1711616,1711871,1711769,0
1712127,426367840198041,2596292,0.64265163,256,1711872,1712127,1712100,0
1712383,426367841028125,2669333,0.64809905,256,1712128,1712383,1712177,0
1712639,426367841920041,2663917,0.61548058,256,1712384,1712639,1712614,0
1712895,426367842764958,2689542,0.59944774,256,1712640,1712895,1712746,0
1713151,426367843665708,2667000,0.64472019,256,1712896,1713151,1713083,0
1713407,426367844575666,2641250,0.6103563,256,1713152,1713407,1713170,0
1713663,426367845458333,2661125,0.6762325,256,1713408,1713663,1713542,0
1713919,426367846335916,2638834,0.59521602,256,1713664,1713919,1713768,0
1714175,426367847236000,2604541,0.63039284,256,1713920,1714175,1713973,0
1714431,426367848085541,2615500,0.65093792,256,1714176,1714431,1714183,0
1714687,426367848941958,2619750,0.61951663,256,1714432,1714687,1714506,0
1714943,426367849811125,2615791,0.60176922,256,1714688,1714943,1714706,0
1715199,426367850677041,2599875,0.62346011,256,1714944,1715199,1715153,0
1715455,426367851623625,2515666,0.62318861,256,1715200,1715455,1715354,0
1715711,426367852401666,2643000,0.60593528,256,1715456,1715711,1715509,0
1715967,426367853274125,2639750,0.60674639,256,1715712,1715967,1715743,0
1716223,426367854139666,2638542,0.61005339,256,1715968,1716223,1716139,0
1716479,426367855057666,2575792,0.62176583,256,1716224,1716479,1716319,0
1716735,426367855966166,2572334,0.67761214,256,1716480,1716735,1716606,0
1716991,426367856840541,4907084,0.63351258,256,1716736,1716991,1716970,0
1717247,426367857791875,3959833,0.5999705,256,1716992,1717247,1717040,0
1717503,426367858678333,3074458,0.6318691,256,1717248,1717503,1717349,0
1717759,426367859817625,2853041,0.60372303,256,1717504,1717759,1717572,0
1718015,426367861986625,1554833,0.58486997,256,1717760,1718015,1717928,0
1718271,426367862001125,2329041,0.59024759,256,1718016,1718271,1718099,0
1718527,426367862194583,2980083,0.6188372,256,1718272,1718527,1718420,0
1718783,426367863065875,2962833,0.68728591,256,1718528,1718783,1718577,0
1719039,426367863971666,2893542,0.61264445,256,1718784,1719039,1718860,0
1719295,426367864818791,2883000,0.61710258,256,1719040,1719295,1719209,0
1719551,426367865728625,2804500,0.60008443,256,1719296,1719551,1719360,0
1719807,426367866613541,3183792,0.6453923,256,1719552,1719807,1719761,0
1720063,426367867553708,3105500,0.63490297,256,1719808,1720063,1719931,0
1720319,426367868440541,3107584,0.6416423,256,1720064,1720319,1720262,0
1720575,426367869318750,3056875,0.60697028,256,1720320,1720575,1720435,0
1720831,426367870165583,3074958,0.63129476,256,1720576,1720831,1720723,0
1721087,426367871042333,3008792,0.64913662,256,1720832,1721087,1721021,0
1721343,426367871921666,2959334,0.60271673,256,1721088,1721343,1721302,0
1721599,426367872809500,2946750,0.64973736,256,1721344,1721599,1721379,0
1721855,426367873650250,2952833,0.61284035,256,1721600,1721855,1721740,0
1722111,426367874525583,2908083,0.64470687,256,1721856,1722111,1722057,0
1722367,426367875422875,2861041,0.59847605,256,1722112,1722367,1722228,0
1722623,426367876288958,2883000,0.68487594,256,1722368,1722623,1722573,0
1722879,426367877107208,2920208,0.65457102,256,1722624,1722879,1722634,0
1723135,426367878008500,2896208,0.63492915,256,1722880,1723135,1723095,0
1723391,426367878932083,2798583,0.60867924,256,1723136,1723391,1723370,0
1723647,426367879799083,2794042,0.64038003,256,1723392,1723647,1723424,0
1723903,426367880691250,2724458,0.59896902,256,1723648,1723903,1723733,0
1724159,426367881578875,2656375,0.61138184,256,1723904,1724159,1723938,0
1724415,426367882442458,2605125,0.59470801,256,1724160,1724415,1724345,0
1724671,426367883319666,2570125,0.62856775,256,1724416,1724671,1724618,0
1724927,426367884208083,2527583,0.61344227,256,1724672,1724927,1724746,0
1725183,426367885145291,2429459,0.6257972,256,1724928,1725183,1725107,0
1725439,426367886022541,2406125,0.64044553,256,1725184,1725439,1725223,0
1725695,426367886902875,2388458,0.62097953,256,1725440,1725695,1725488,0
1725951,426367887791708,2341542,0.60027526,256,1725696,1725951,1725892,0
1726207,426367888710958,2270917,0.60962017,256,1725952,1726207,1726008,0
1726463,426367889606666,2260625,0.61720247,256,1726208,1726463,1726347,0
1726719,426367890515833,2180375,0.64102501,256,1726464,1726719,1726538,0
1726975,426367891393041,2130292,0.58298577,256,1726720,1726975,1726939,0
1727231,426367892345541,2022750,0.59691529,256,1726976,1727231,1727134,0
1727487,426367893200583,2020000,0.6443855,256,1727232,1727487,1727259,0
1727743,426367894061083,1994042,0.65614144,256,1727488,1727743,1727559,0
1727999,426367894940083,1961958,0.61236989,256,1727744,1727999,1727933,0
1728255,426367895854500,1875958,0.6332931,256,1728000,1728255,1728081,0
1728511,426367896803708,1764750,0.60331849,256,1728256,1728511,1728493,0
1728767,426367897635041,1750917,0.61998326,256,1728512,1728767,1728701,0
1729023,426367898560333,1635250,0.61927423,256,1728768,1729023,1729022,0
1729279,426367899381500,1655208,0.65400459,256,1729024,1729279,1729035,0
1729535,426367900252041,1620834,0.59429185,256,1729280,1729535,1729521,0
1729791,426367901136333,1574958,0.6458288,256,1729536,1729791,1729599,0
1730047,426367902061583,1482458,0.57496355,256,1729792,1730047,1729961,0
1730303,426367902919208,1463250,0.61188899,256,1730048,1730303,1730235,0
1730559,426367903762708,1438375,0.66563199,256,1730304,1730559,1730416,0
1730815,426367904680458,1349125,0.61237411,256,1730560,1730815,1730771,0
1731071,426367905539875,1301041,0.61303204,256,1730816,1731071,1730869,0
1731327,426367906460750,4039000,0.60281846,256,1731072,1731327,1731136,0
1731583,426367907666583,2834500,0.58536498,256,1731328,1731583,1731373,0
1731839,426367910256791,936584,0.59648675,256,1731584,1731839,1731707,0
1732095,426367910272541,1755667,0.65585927,256,1731840,1732095,1732050,0
1732351,426367910288750,2584041,0.63461657,256,1732096,1732351,1732128,0
1732607,426367910903750,2780375,0.63750405,256,1732352,1732607,1732395,0
1732863,426367911734000,2790416,0.65071636,256,1732608,1732863,1732698,0
1733119,426367912563208,2763333,0.59603534,256,1732864,1733119,1732882,0
1733375,426367913459000,2689958,0.62639294,256,1733120,1733375,1733314,0
1733631,426367914337500,2634791,0.61854913,256,1733376,1733631,1733631,0
1733887,426367915165541,2639459,0.59182307,256,1733632,1733887,1733733,0
1734143,426367915988291,2662125,0.6080745,256,1733888,1734143,1733995,0
1734399,426367916866000,2660250,0.63534921,256,1734144,1734399,1734202,0
1734655,426367917701916,2684459,0.59496119,256,1734400,1734655,1734459,0
1734911,426367918574791,2637084,0.62598071,256,1734656,1734911,1734911,0
1735167,426367919443708,2623667,0.60876253,256,1734912,1735167,1735063,0
1735423,426367920378875,3240000,0.62042115,256,1735168,1735423,1735310,0
1735679,426367921304166,3907834,0.58537973,256,1735424,1735679,1735521,0
1735935,426367922147083,4268250,0.60120333,256,1735680,1735935,1735916,0
1736191,426367923029791,4258459,0.62258164,256,1735936,1736191,1736031,0
1736447,426367923930708,4165250,0.61138218,256,1736192,1736447,1736198,0
1736703,426367924816416,4140375,0.63793373,256,1736448,1736703,1736484,0
1736959,426367925696791,4063917,0.65676825,256,1736704,1736959,1736807,0
1737215,426367926573625,4017708,0.65068601,256,1736960,1737215,1737136,0
1737471,426367927450291,3964000,0.65469798,256,1737216,1737471,1737363,0
1737727,426367928349166,3880875,0.63176897,256,1737472,1737727,1737523,0
1737983,426367929216208,3832833,0.61766377,256,1737728,1737983,1737852,0
1738239,426367930127083,3734250,0.59642016,256,1737984,1738239,1738174,0
1738495,426367931080125,3580541,0.59249444,256,1738240,1738495,1738446,0
1738751,426367931989166,3507042,0.66309834,256,1738496,1738751,1738535,0
1739007,426367932907833,3403250,0.61057383,256,1738752,1739007,1738830,0
1739263,426367933775291,3342875,0.60759245,256,1739008,1739263,1739191,0
1739519,426367934656333,3280375,0.65781552,256,1739264,1739519,1739424,0
1739775,426367935579625,3172125,0.63992472,256,1739520,1739775,1739588,0
1740031,426367936478416,3076042,0.59752637,256,1739776,1740031,1739856,0
1740287,426367937329208,3054417,0.60113956,256,1740032,1740287,1740093,0
1740543,426367938191791,2994042,0.62129579,256,1740288,1740543,1740357,0
1740799,426367939073791,2950667,0.62064396,256,1740544,1740799,1740657,0
1741055,426367939935291,2901084,0.60302827,256,1740800,1741055,1740880,0
1741311,426367940805083,2886750,0.60785975,256,1741056,1741311,1741179,0
1741567,426367941640708,2860958,0.61596974,256,1741312,1741567,1741397,0
1741823,426367942576625,2732416,0.56519687,256,1741568,1741823,1741775,0
1742079,426367943406166,3375625,0.62374666,256,1741824,1742079,1741951,0
1742335,426367944324625,3505416,0.6010083,256,1742080,1742335,1742117,0
1742591,426367945195250,3440166,0.58232311,256,1742336,1742591,1742585,0
1742847,426367946071333,3364833,0.6099363,256,1742592,1742847,1742804,0
1743103,426367946916000,3325208,0.60861314,256,1742848,1743103,1742938,0
1743359,426367947807500,3283875,0.61528807,256,1743104,1743359,1743281,0
1743615,426367948733125,3188000,0.60228561,256,1743360,1743615,1743523,0
1743871,426367949601125,3127625,0.65134198,256,1743616,1743871,1743862,0
1744127,426367950463958,3042750,0.59085038,256,1743872,1744127,1744101,0
1744383,426367951355666,2971209,0.62799196,256,1744128,1744383,1744136,0
1744639,426367952244958,2894583,0.64382915,256,1744384,1744639,1744454,0
1744895,426367953164250,2775791,0.61922696,256,1744640,1744895,1744668,0
1745151,426367954023875,2735041,0.59839023,256,1744896,1745151,1745031,0
1745407,426367954855458,2681500,0.62816033,256,1745152,1745407,1745159,0
1745663,426367955734708,2601375,0.64913908,256,1745408,1745663,1745529,0
1745919,426367956663541,2477542,0.59932455,256,1745664,1745919,1745820,0
1746175,426367957625500,2320250,0.60932984,256,1745920,1746175,1746129,0
1746431,426367958441125,2318750,0.65642894,256,1746176,1746431,1746328,0
1746687,426367959302000,2269166,0.61479246,256,1746432,1746687,1746554,0
1746943,426367960186833,2179208,0.58687898,256,1746688,1746943,1746724,0
1747199,426367961029125,2143500,0.60889053,256,1746944,1747199,1747192,0
1747455,426367961931166,2029125,0.60937281,256,1747200,1747455,1747410,0
1747711,426367962808916,1999584,0.6789547,256,1747456,1747711,1747564,0
1747967,426367963640583,1941792,0.63423499,256,1747712,1747967,1747770,0
1748223,426367964440750,1961666,0.60328595,256,1747968,1748223,1748068,0
1748479,426367965324833,1849333,0.57515766,256,1748224,1748479,1748396,0
1748735,426367966244375,1757750,0.64256733,256,1748480,1748735,1748558,0
1748991,426367967161083,1660667,0.62837244,256,1748736,1748991,1748738,0
1749247,426367968036416,1608209,0.60359799,256,1748992,1749247,1749210,0
1749503,426367968876291,4614959,0.58793211,256,1749248,1749503,1749267,0
1749759,426367969767125,4460541,0.59659302,256,1749504,1749759,1749648,0
1750015,426367970839666,4222375,0.5994441,256,1749760,1750015,1749925,0
1750271,426367971684000,4185333,0.61424866,256,1750016,1750271,1750051,0
1750527,426367973100791,3616792,0.62930165,256,1750272,1750527,1750343,0
1750783,426367973330000,4209666,0.58270619,256,1750528,1750783,1750654,0
1751039,426367974113125,4272083,0.62488011,256,1750784,1751039,1750957,0
1751295,426367975025041,4188417,0.59512176,256,1751040,1751295,1751101,0
1751551,426367975914458,4138208,0.60048011,256,1751296,1751551,1751516,0
1751807,426367976776000,4105000,0.62010245,256,1751552,1751807,1751578,0
1752063,426367977685208,4035458,0.61091659,256,1751808,1752063,1751830,0
1752319,426367978586625,3952500,0.60658991,256,1752064,1752319,1752213,0
1752575,426367979526291,3856375,0.61519844,256,1752320,1752575,1752489,0
1752831,426367980368083,3832625,0.59425728,256,1752576,1752831,1752738,0
1753087,426367981275791,3756250,0.61129457,256,1752832,1753087,1753016,0
1753343,426367982131750,3712208,0.60562089,256,1753088,1753343,1753295,0
1753599,426367983040083,3628500,0.60377393,256,1753344,1753599,1753520,0
1753855,426367983915000,3592000,0.62713047,256,1753600,1753855,1753836,0
1754111,426367984799541,3558209,0.6093607,256,1753856,1754111,1753945,0
1754367,426367985719500,3468166,0.65692913,256,1754112,1754367,1754263,0
1754623,426367986514833,3490750,0.61805452,256,1754368,1754623,1754465,0
1754879,426367987425916,3374084,0.62261602,256,1754624,1754879,1754803,0
1755135,426367988341333,3289125,0.58066394,256,1754880,1755135,1755121,0
1755391,426367989230125,3205500,0.61549548,256,1755136,1755391,1755236,0
1755647,426367990084958,3192042,0.59535012,256,1755392,1755647,1755536,0
1755903,426367991005416,3094292,0.60383213,256,1755648,1755903,1755690,0
1756159,426367991945875,2952125,0.58227665,256,1755904,1756159,1756062,0
1756415,426367992771875,2938125,0.59378722,256,1756160,1756415,1756332,0
1756671,426367993688708,2847250,0.61128015,256,1756416,1756671,1756591,0
1756927,426367994546375,2826916,0.62494963,256,1756672,1756927,1756835,0
1757183,426367995428708,2751292,0.59723363,256,1756928,1757183,1757044,0
1757439,426367996291291,2720917,0.58792185,256,1757184,1757439,1757302,0
1757695,426367997145708,2699625,0.61263605,256,1757440,1757695,1757590,0
1757951,426367998059875,2623791,0.61526841,256,1757696,1757951,1757875,0
1758207,426367998917041,2563250,0.57578576,256,1757952,1758207,1757981,0
1758463,426367999809208,2552583,0.61289621,256,1758208,1758463,1758324,0
1758719,426368000691125,3129041,0.69292101,256,1758464,1758719,1758558,0
1758975,426368001622833,3812417,0.59034389,256,1758720,1758975,1758883,0
1759231,426368002453500,4600833,0.62245042,256,1758976,1759231,1759046,0
1759487,426368003360666,5130292,0.59891146,256,1759232,1759487,1759472,0
1759743,426368004285875,5011708,0.57563206,256,1759488,1759743,1759582,0
1759999,426368005208791,4897584,0.59958757,256,1759744,1759999,1759897,0
1760255,426368006125291,4785917,0.58000046,256,1760000,1760255,1760050,0
1760511,426368007013416,4705125,0.60133077,256,1760256,1760511,1760289,0
1760767,426368007900375,4648791,0.63295032,256,1760512,1760767,1760666,0
1761023,426368008798833,4568000,0.60153947,256,1760768,1761023,1761002,0
1761279,426368009683375,4518083,0.59920349,256,1761024,1761279,1761040,0
1761535,426368010561333,4424208,0.61675831,256,1761280,1761535,1761523,0
1761791,426368011443625,4380250,0.64671385,256,1761536,1761791,1761544,0
1762047,426368012364375,4311666,0.63386269,256,1761792,1762047,1761875,0
1762303,426368013237333,4254042,0.63753856,256,1762048,1762303,1762260,0
1762559,426368014145083,7603750,0.59024547,256,1762304,1762559,1762375,0
1762815,426368015065625,6688125,0.63687953,256,1762560,1762815,1762655,0
1763071,426368015924666,5830209,0.64143286,256,1762816,1763071,1762978,0
1763327,426368016808833,4947083,0.57790313,256,1763072,1763327,1763300,0
1763583,426368017740875,4016125,0.61257362,256,1763328,1763583,1763429,0
1763839,426368018624500,3789541,0.60967855,256,1763584,1763839,1763686,0
1764095,426368019951666,3193584,0.64639082,256,1763840,1764095,1764021,0
1764351,426368021823041,2150042,0.62097451,256,1764096,1764351,1764121,0
1764607,426368021837500,2938791,0.62883106,256,1764352,1764607,1764431,0
1764863,426368022431208,3151250,0.56860543,256,1764608,1764863,1764630,0
1765119,426368022992166,3402500,0.60762078,256,1764864,1765119,1765012,0
1765375,426368023840583,3348000,0.61130886,256,1765120,1765375,1765189,0
1765631,426368024718291,3288167,0.57097002,256,1765376,1765631,1765478,0
1765887,426368025634166,3162250,0.58355571,256,1765632,1765887,1765754,0
1766143,426368026499166,3109250,0.61997599,256,1765888,1766143,1766045,0
1766399,426368027348750,3060333,0.60002854,256,1766144,1766399,1766212,0
1766655,426368028253625,2957083,0.63354144,256,1766400,1766655,1766553,0
1766911,426368029177875,2834416,0.61653147,256,1766656,1766911,1766699,0
1767167,426368030017833,2780125,0.5885259,256,1766912,1767167,1767159,0
1767423,426368030891250,2714125,0.60738056,256,1767168,1767423,1767316,0
1767679,426368031715291,2693375,0.61848223,256,1767424,1767679,1767567,0
1767935,426368032598583,5445000,0.5728344,256,1767680,1767935,1767799,0
1768191,426368033486041,4571917,0.61213227,256,1767936,1768191,1768026,0
1768447,426368034418291,3640750,0.58448847,256,1768192,1768447,1768213,0
1768703,426368037953625,995916,0.59319544,256,1768448,1768703,1768469,0
1768959,426368037977666,1797084,0.59242797,256,1768704,1768959,1768764,0
1769215,426368037986833,2636167,0.6337925,256,1768960,1769215,1769185,0
1769471,426368037996083,3466625,0.62627704,256,1769216,1769471,1769375,0
1769727,426368038837958,3429125,0.57674917,256,1769472,1769727,1769699,0
1769983,426368039710500,3373416,0.59063498,256,1769728,1769983,1769883,0
1770239,426368040598500,3328750,0.61252297,256,1769984,1770239,1770042,0
1770495,426368041459541,3300042,0.63678324,256,1770240,1770495,1770318,0
1770751,426368042325916,3268042,0.59948209,256,1770496,1770751,1770710,0
1771007,426368043226833,3191250,0.60904724,256,1770752,1771007,1770774,0
1771263,426368044098041,3128542,0.60613878,256,1771008,1771263,1771059,0
1771519,426368044963666,3092125,0.61424834,256,1771264,1771519,1771517,0
1771775,426368045892500,3014750,0.6132524,256,1771520,1771775,1771536,0
1772031,426368046779375,2941541,0.60373505,256,1771776,1772031,1772002,0
1772287,426368047712083,2847167,0.61460563,256,1772032,1772287,1772272,0
1772543,426368048545833,2907375,0.66362755,256,1772288,1772543,1772543,0
1772799,426368049461208,2846167,0.65393908,256,1772544,1772799,1772558,0
1773055,426368050337000,2813625,0.62217051,256,1772800,1773055,1772917,0
1773311,426368051181833,2787542,0.61708042,256,1773056,1773311,1773174,0
1773567,426368052099083,2683083,0.64805175,256,1773312,1773567,1773382,0
1773823,426368053012333,2579292,0.62971467,256,1773568,1773823,1773773,0
1774079,426368053951041,2458084,0.6198063,256,1773824,1774079,1773982,0
1774335,426368054844708,2347917,0.58066036,256,1774080,1774335,1774261,0
1774591,426368055733583,2277250,0.62529003,256,1774336,1774591,1774439,0
1774847,426368056599416,2218459,0.62864922,256,1774592,1774847,1774749,0
1775103,426368057478375,2151583,0.62037311,256,1774848,1775103,1775030,0
1775359,426368058308833,2113208,0.60885206,256,1775104,1775359,1775108,0
1775615,426368059197916,2046375,0.63898438,256,1775360,1775615,1775524,0
1775871,426368060092291,1968542,0.60914251,256,1775616,1775871,1775632,0
1776127,426368060961041,1900167,0.57826217,256,1775872,1776127,1776010,0
1776383,426368061823541,1832167,0.59432828,256,1776128,1776383,1776156,0
1776639,426368062677833,1768667,0.57141594,256,1776384,1776639,1776495,0
1776895,426368063568416,1673750,0.58731305,256,1776640,1776895,1776756,0
1777151,426368064443500,1644041,0.63939749,256,1776896,1777151,1777044,0
1777407,426368065376666,1503792,0.63027226,256,1777152,1777407,1777374,0
1777663,426368066260875,1421500,0.58755874,256,1777408,1777663,1777610,0
1777919,426368067150166,1323334,0.56916369,256,1777664,1777919,1777873,0
1778175,426368068028583,1272708,0.62146377,256,1777920,1778175,1777982,0
1778431,426368068912958,1196667,0.59872554,256,1778176,1778431,1778429,0
1778687,426368069804791,1084000,0.59822397,256,1778432,1778687,1778555,0
1778943,426368070689833,994958,0.60944565,256,1778688,1778943,1778879,0
1779199,426368071531125,968083,0.61940373,256,1778944,1779199,1779121,0
1779455,426368072400833,932708,0.61862896,256,1779200,1779455,1779321,0
1779711,426368073324875,828958,0.64121584,256,1779456,1779711,1779528,0
1779967,426368074234000,850833,0.60850876,256,1779712,1779967,1779793,0
1780223,426368075135375,836958,0.63755647,256,1779968,1780223,1780220,0
1780479,426368076039458,822500,0.62428661,256,1780224,1780479,1780344,0
1780735,426368076978375,863500,0.60332944,256,1780480,1780735,1780530,0
1780991,426368077813708,851583,0.6298314,256,1780736,1780991,1780816,0
1781247,426368078744333,3375000,0.5681895,256,1780992,1781247,1781068,0
1781503,426368079623375,2539666,0.58800449,256,1781248,1781503,1781254,0
1781759,426368082582500,939333,0.59206189,256,1781504,1781759,1781739,0
1782015,426368082623708,1734417,0.61040398,256,1781760,1782015,1781805,0
1782271,426368082669416,2514209,0.6066355,256,1782016,1782271,1782016,0
1782527,426368083131916,2877042,0.63854934,256,1782272,1782527,1782524,0
1782783,426368084013166,2844375,0.65932005,256,1782528,1782783,1782599,0
1783039,426368084877458,2804250,0.59602317,256,1782784,1783039,1782964,0
1783295,426368085767125,2761791,0.60274246,256,1783040,1783295,1783133,0
1783551,426368086637250,2719708,0.59988771,256,1783296,1783551,1783364,0
1783807,426368087546875,2706875,0.6686183,256,1783552,1783807,1783692,0
1784063,426368088458333,2610875,0.60951265,256,1783808,1784063,1784032,0
1784319,426368089365791,2551709,0.61662286,256,1784064,1784319,1784199,0
1784575,426368090238041,2527042,0.64193169,256,1784320,1784575,1784347,0
1784831,426368091132250,2462583,0.58499298,256,1784576,1784831,1784588,0
1785087,426368091983250,2430291,0.6016676,256,1784832,1785087,1785064,0
1785343,426368092826166,2429042,0.61858467,256,1785088,1785343,1785336,0
1785599,426368093751250,2351291,0.58407239,256,1785344,1785599,1785503,0
1785855,426368094649083,2308000,0.59487259,256,1785600,1785855,1785695,0
1786111,426368095537875,2242916,0.58325845,256,1785856,1786111,1786087,0
1786367,426368096450750,2148000,0.57110776,256,1786112,1786367,1786261,0
1786623,426368097289583,2141292,0.62981849,256,1786368,1786623,1786568,0
1786879,426368098243666,2032459,0.57930104,256,1786624,1786879,1786783,0
1787135,426368099109375,2039291,0.65859587,256,1786880,1787135,1787048,0
1787391,426368100028583,2002583,0.60778999,256,1787136,1787391,1787141,0
1787647,426368100884000,1966125,0.60328128,256,1787392,1787647,1787525,0
1787903,426368101722541,1969500,0.58603592,256,1787648,1787903,1787736,0
1788159,426368102578625,1950375,0.6051523,256,1787904,1788159,1788138,0
1788415,426368103466375,1915291,0.60298794,256,1788160,1788415,1788341,0
1788671,426368104344791,1871459,0.59905662,256,1788416,1788671,1788644,0
1788927,426368105210583,1852125,0.60905626,256,1788672,1788927,1788837,0
1789183,426368106080083,1799042,0.64303692,256,1788928,1789183,1789078,0
1789439,426368107002583,1705500,0.60143652,256,1789184,1789439,1789228,0
1789695,426368107944958,1612417,0.61402743,256,1789440,1789695,1789611,0
1789951,426368108763916,1675542,0.59535371,256,1789696,1789951,1789827,0
1790207,426368109679583,1583625,0.61915101,256,1789952,1790207,1789963,0
1790463,426368110534125,1581041,0.61467062,256,1790208,1790463,1790317,0
1790719,426368111361583,1604708,0.59832341,256,1790464,1790719,1790499,0
1790975,426368112286250,1526916,0.60441898,256,1790720,1790975,1790906,0
1791231,426368113159708,1492458,0.60027493,256,1790976,1791231,1791111,0
1791487,426368114020250,1514583,0.66421782,256,1791232,1791487,1791410,0
1791743,426368114915375,1461416,0.61290356,256,1791488,1791743,1791574,0
1791999,426368115831083,1370375,0.64918656,256,1791744,1791999,1791800,0
1792255,426368116717750,1322125,0.59092323,256,1792000,1792255,1792037,0
1792511,426368117589416,1279834,0.60081734,256,1792256,1792511,1792509,0
1792767,426368118485083,1277667,0.65669599,256,1792512,1792767,1792546,0
1793023,426368119354083,1229958,0.61424124,256,1792768,1793023,1793018,0
1793279,426368120283000,1139666,0.62120374,256,1793024,1793279,1793029,0
1793535,426368121174000,1109041,0.60772612,256,1793280,1793535,1793425,0
1793791,426368122112041,998792,0.57819875,256,1793536,1793791,1793714,0
1794047,426368123019416,912042,0.62012724,256,1793792,1794047,1793966,0
1794303,426368123900958,899625,0.62712254,256,1794048,1794303,1794281,0
1794559,426368124773500,875458,0.60192367,256,1794304,1794559,1794373,0
1794815,426368125648291,847292,0.59939127,256,1794560,1794815,1794578,0
1795071,426368126579458,1695833,0.62206653,256,1794816,1795071,1794923,0
1795327,426368127497833,1802542,0.62019624,256,1795072,1795327,1795197,0
1795583,426368128428208,3676333,0.62464416,256,1795328,1795583,1795509,0
1795839,426368129305416,2801000,0.61700318,256,1795584,1795839,1795591,0
1796095,426368131023458,3073917,0.63017868,256,1795840,1796095,1796085,0
1796351,426368131032708,3068125,0.57751257,256,1796096,1796351,1796337,0
1796607,426368134023750,1721416,0.61242889,256,1796352,1796607,1796400,0
1796863,426368134038125,2031791,0.59227937,256,1796608,1796863,1796660,0
1797119,426368134052583,2844750,0.59442219,256,1796864,1797119,1796912,0
1797375,426368135772583,1953250,0.63925784,256,1797120,1797375,1797231,0
1797631,426368135788416,2743084,0.60842845,256,1797376,1797631,1797382,0
1797887,426368136510166,2838167,0.61103145,256,1797632,1797887,1797792,0
1798143,426368137377041,2790917,0.61090879,256,1797888,1798143,1798079,0
1798399,426368138313791,2661875,0.59589135,256,1798144,1798399,1798153,0
1798655,426368139198708,2596792,0.61692627,256,1798400,1798655,1798449,0
1798911,426368140060666,2552917,0.64087453,256,1798656,1798911,1798872,0
1799167,426368140892875,2534041,0.6315689,256,1798912,1799167,1799100,0
1799423,426368141747416,2483375,0.5872921,256,1799168,1799423,1799189,0
1799679,426368142642875,2439875,0.63829549,256,1799424,1799679,1799582,0
1799935,426368143471083,2431417,0.62853484,256,1799680,1799935,1799785,0
1800191,426368144383208,2392625,0.60755528,256,1799936,1800191,1799992,0
1800447,426368145288208,2307958,0.60754791,256,1800192,1800447,1800431,0
1800703,426368146157625,2264041,0.62263458,256,1800448,1800703,1800529,0
1800959,426368147088583,2176917,0.60779822,256,1800704,1800959,1800800,0
1801215,426368148002166,2088667,0.59317879,256,1800960,1801215,1801154,0
1801471,426368148925083,1981708,0.63330478,256,1801216,1801471,1801378,0
1801727,426368149819166,1922750,0.63263105,256,1801472,1801727,1801595,0
1801983,426368150670916,1905459,0.64410942,256,1801728,1801983,1801775,0
1802239,426368151561875,1840916,0.6023155,256,1801984,1802239,1802198,0
1802495,426368152422333,1778083,0.59392582,256,1802240,1802495,1802393,0
1802751,426368153304333,1787417,0.6397648,256,1802496,1802751,1802632,0
1803007,426368154201375,1712708,0.60877202,256,1802752,1803007,1802968,0
1803263,426368155103166,1639750,0.61318985,256,1803008,1803263,1803213,0
1803519,426368155992208,1594125,0.62750057,256,1803264,1803519,1803340,0
1803775,426368156870750,1595458,0.63772835,256,1803520,1803775,1803564,0
1804031,426368157862375,1519500,0.64164905,256,1803776,1804031,1803983,0
1804287,426368158781375,1390500,0.64319282,256,1804032,1804287,1804236,0
1804543,426368159655625,1345083,0.60900428,256,1804288,1804543,1804495,0
1804799,426368160514041,1349584,0.63325526,256,1804544,1804799,1804770,0
1805055,426368161325875,1348625,0.63732299,256,1804800,1805055,1804909,0
1805311,426368162161958,1355458,0.59443301,256,1805056,1805311,1805257,0
1805567,426368163038750,1314958,0.64122953,256,1805312,1805567,1805392,0
1805823,426368163971958,1239917,0.64987984,256,1805568,1805823,1805685,0
1806079,426368164837875,1222208,0.60605493,256,1805824,1806079,1805837,0
1806335,426368165741541,1188375,0.65296432,256,1806080,1806335,1806301,0
1806591,426368166680083,1068500,0.62393145,256,1806336,1806591,1806345,0
1806847,426368167547000,1025833,0.64018076,256,1806592,1806847,1806720,0
1807103,426368168477125,937958,0.63829761,256,1806848,1807103,1807086,0
1807359,426368169363833,862375,0.59043634,256,1807104,1807359,1807340,0
1807615,426368170278791,1095000,0.61976185,256,1807360,1807615,1807469,0
1807871,426368171178416,1041084,0.63563742,256,1807616,1807871,1807860,0
1808127,426368172100958,993708,0.64076093,256,1807872,1808127,1807886,0
1808383,426368172999375,939041,0.61740189,256,1808128,1808383,1808349,0
1808639,426368173909500,894083,0.64467236,256,1808384,1808639,1808411,0
1808895,426368174787083,890583,0.62364927,256,1808640,1808895,1808705,0
1809151,426368175691916,905750,0.67610459,256,1808896,1809151,1809061,0
1809407,426368176541583,889250,0.61156548,256,1809152,1809407,1809322,0
1809663,426368177421500,892416,0.64185669,256,1809408,1809663,1809531,0
1809919,426368178314916,1762125,0.60819544,256,1809664,1809919,1809835,0
1810175,426368179166958,1909667,0.60853292,256,1809920,1810175,1810172,0
1810431,426368180116666,3708917,0.60584482,256,1810176,1810431,1810302,0
1810687,426368180945125,2895250,0.67894507,256,1810432,1810687,1810670,0
1810943,426368182162958,1678500,0.60293968,256,1810688,1810943,1810874,0
1811199,426368183902333,1881708,0.64961557,256,1810944,1811199,1811141,0
1811455,426368183918041,2744000,0.65605684,256,1811200,1811455,1811445,0
1811711,426368184832083,2702667,0.60291165,256,1811456,1811711,1811683,0
1811967,426368185389041,3035750,0.63862436,256,1811712,1811967,1811769,0
1812223,426368186213208,3139042,0.64809905,256,1811968,1812223,1812177,0
1812479,426368187075375,3156708,0.63287607,256,1812224,1812479,1812234,0
1812735,426368187959125,3152916,0.61548058,256,1812480,1812735,1812614,0
1812991,426368188812708,3167708,0.59944774,256,1812736,1812991,1812746,0
1813247,426368189709583,3155083,0.64472019,256,1812992,1813247,1813083,0
1813503,426368190590166,3148250,0.60813703,256,1813248,1813503,1813493,0
1813759,426368191503875,3125000,0.6762325,256,1813504,1813759,1813542,0
1814015,426368192372416,3142834,0.63039284,256,1813760,1814015,1813973,0
1814271,426368193258583,3139667,0.65093792,256,1814016,1814271,1814183,0
1814527,426368194086500,3162625,0.61951663,256,1814272,1814527,1814506,0
1814783,426368194997625,3116291,0.60176922,256,1814528,1814783,1814706,0
1815039,426368195837041,3125459,0.58877187,256,1814784,1815039,1814929,0
1815295,426368196732000,3084958,0.62346011,256,1815040,1815295,1815153,0
1815551,426368197645291,3056375,0.62318861,256,1815296,1815551,1815354,0
1815807,426368198439458,3159500,0.60674639,256,1815552,1815807,1815743,0
1816063,426368199310625,3145041,0.59356166,256,1815808,1816063,1816042,0
1816319,426368200182458,3129167,0.62176583,256,1816064,1816319,1816319,0
1816575,426368201119541,3058792,0.66912341,256,1816320,1816575,1816566,0
1816831,426368202012500,3060333,0.67761214,256,1816576,1816831,1816606,0
1817087,426368202928916,3002334,0.63351258,256,1816832,1817087,1816970,0
1817343,426368203826666,2963250,0.63162866,256,1817088,1817343,1817340,0
1817599,426368204744291,2936500,0.6318691,256,1817344,1817599,1817349,0
1817855,426368205643791,2895750,0.5882785,256,1817600,1817855,1817751,0
1818111,426368206473541,2925209,0.59024759,256,1817856,1818111,1818099,0
1818367,426368207350416,2900084,0.58801015,256,1818112,1818367,1818238,0
1818623,426368208229416,2894834,0.68728591,256,1818368,1818623,1818577,0
1818879,426368209123291,2846667,0.61867574,256,1818624,1818879,1818642,0
1819135,426368209995541,2845459,0.60049282,256,1818880,1819135,1819088,0
1819391,426368210860750,2829958,0.61710258,256,1819136,1819391,1819209,0
1819647,426368211803458,2742208,0.6286582,256,1819392,1819647,1819592,0
1819903,426368212661833,2743125,0.6453923,256,1819648,1819903,1819761,0
1820159,426368213595375,2714958,0.63490297,256,1819904,1820159,1819931,0
1820415,426368214481625,2702375,0.6416423,256,1820160,1820415,1820262,0
1820671,426368215353833,2698708,0.62430912,256,1820416,1820671,1820661,0
1820927,426368216206958,2717458,0.63129476,256,1820672,1820927,1820723,0
1821183,426368217089708,2666667,0.64913662,256,1820928,1821183,1821021,0
1821439,426368217947583,2716458,0.64973736,256,1821184,1821439,1821379,0
1821695,426368218842708,2673375,0.57956331,256,1821440,1821695,1821660,0
1821951,426368219675666,2687000,0.61284035,256,1821696,1821951,1821740,0
1822207,426368220548041,2682792,0.64470687,256,1821952,1822207,1822057,0
1822463,426368221430208,2663625,0.63684892,256,1822208,1822463,1822434,0
1822719,426368222294541,2708459,0.68487594,256,1822464,1822719,1822573,0
1822975,426368223146208,6154958,0.60635518,256,1822720,1822975,1822827,0
1823231,426368224066125,5237125,0.63492915,256,1822976,1823231,1823095,0
1823487,426368224988208,4316125,0.64038003,256,1823232,1823487,1823424,0
1823743,426368226024958,3280542,0.60458498,256,1823488,1823743,1823626,0
1823999,426368229338833,1062208,0.61138184,256,1823744,1823999,1823938,0
1824255,426368229361833,1868333,0.59090211,256,1824000,1824255,1824005,0
1824511,426368229382666,2701125,0.62098797,256,1824256,1824511,1824466,0
1824767,426368229405666,3547417,0.62856775,256,1824512,1824767,1824618,0
1825023,426368230275916,3518000,0.59053032,256,1824768,1825023,1824870,0
1825279,426368231197083,3493417,0.64044553,256,1825024,1825279,1825223,0
1825535,426368232052875,3516625,0.62097953,256,1825280,1825535,1825488,0
1825791,426368232933958,3515000,0.61062979,256,1825536,1825791,1825660,0
1826047,426368233845333,3458875,0.60962017,256,1825792,1826047,1826008,0
1826303,426368234769500,3409583,0.60518556,256,1826048,1826303,1826289,0
1826559,426368235638541,3409875,0.64102501,256,1826304,1826559,1826538,0
1826815,426368236522625,3390166,0.62939463,256,1826560,1826815,1826623,0
1827071,426368237449583,3316042,0.58867688,256,1826816,1827071,1827041,0
1827327,426368238375208,3250333,0.6443855,256,1827072,1827327,1827259,0
1827583,426368239267208,3221917,0.65614144,256,1827328,1827583,1827559,0
1827839,426368240107375,3232375,0.62423057,256,1827584,1827839,1827588,0
1828095,426368241004416,3224042,0.6332931,256,1827840,1828095,1828081,0
1828351,426368241903666,3168292,0.58710934,256,1828096,1828351,1828196,0
1828607,426368242814000,3108166,0.60331849,256,1828352,1828607,1828493,0
1828863,426368243717166,3040917,0.61998326,256,1828608,1828863,1828701,0
1829119,426368244608708,3000167,0.65400459,256,1828864,1829119,1829035,0
1829375,426368245406791,3049250,0.6237523,256,1829120,1829375,1829134,0
1829631,426368246314166,3010875,0.6458288,256,1829376,1829631,1829599,0
1829887,426368247160875,3016208,0.59749237,256,1829632,1829887,1829752,0
1830143,426368248095125,2950875,0.597402,256,1829888,1830143,1830061,0
1830399,426368248922083,2973625,0.61188899,256,1830144,1830399,1830235,0
1830655,426368249802750,2944375,0.66563199,256,1830400,1830655,1830416,0
1830911,426368250726166,2859125,0.61303204,256,1830656,1830911,1830869,0
1831167,426368251620916,2802834,0.60281846,256,1830912,1831167,1831136,0
1831423,426368252468375,2809041,0.59442221,256,1831168,1831423,1831299,0
1831679,426368253318750,2772291,0.57155643,256,1831424,1831679,1831591,0
1831935,426368254221583,2703583,0.59648675,256,1831680,1831935,1831707,0
1832191,426368255148083,2641958,0.65585927,256,1831936,1832191,1832050,0
1832447,426368255966416,2686042,0.63750405,256,1832192,1832447,1832395,0
1832703,426368256901000,2582625,0.65071636,256,1832448,1832703,1832698,0
1832959,426368257744250,2592791,0.63831303,256,1832704,1832959,1832704,0
1833215,426368258625708,2559542,0.61297029,256,1832960,1833215,1833178,0
1833471,426368259471166,2563667,0.62639294,256,1833216,1833471,1833314,0
1833727,426368260363875,2499583,0.61854913,256,1833472,1833727,1833631,0
1833983,426368261197416,2495584,0.59637254,256,1833728,1833983,1833899,0
1834239,426368262005291,2561959,0.63534921,256,1833984,1834239,1834202,0
1834495,426368262880625,2551833,0.61000586,256,1834240,1834495,1834365,0
1834751,426368263737250,2543916,0.59199943,256,1834496,1834751,1834650,0
1835007,426368264624625,2489000,0.62598071,256,1834752,1835007,1834911,0
1835263,426368265527416,2429084,0.60876253,256,1835008,1835263,1835063,0
1835519,426368266407166,2370334,0.62042115,256,1835264,1835519,1835310,0
1835775,426368267326500,2270958,0.60044824,256,1835520,1835775,1835687,0
1836031,426368268204375,2258833,0.62258164,256,1835776,1836031,1836031,0
1836287,426368269088708,2254208,0.61672773,256,1836032,1836287,1836177,0
1836543,426368269953958,2229750,0.63793373,256,1836288,1836543,1836484,0
1836799,426368270842166,2198042,0.63242657,256,1836544,1836799,1836650,0
1837055,426368271700583,2165792,0.65676825,256,1836800,1837055,1836807,0
1837311,426368272615708,2122250,0.65068601,256,1837056,1837311,1837136,0
1837567,426368273523416,2057959,0.65469798,256,1837312,1837567,1837363,0
1837823,426368274351166,4781292,0.60124857,256,1837568,1837823,1837715,0
1838079,426368275290541,3844000,0.61766377,256,1837824,1838079,1837852,0
1838335,426368279127208,979958,0.59642016,256,1838080,1838335,1838174,0
1838591,426368279136500,1808250,0.66309834,256,1838336,1838591,1838535,0
1838847,426368279145750,2647041,0.61057383,256,1838592,1838847,1838830,0
1839103,426368279155166,3467459,0.59880173,256,1838848,1839103,1838927,0
1839359,426368279834833,3629375,0.60759245,256,1839104,1839359,1839191,0
1839615,426368280730791,3571334,0.65781552,256,1839360,1839615,1839424,0
1839871,426368281627541,3494417,0.63380544,256,1839616,1839871,1839704,0
1840127,426368282515875,3441958,0.60113956,256,1839872,1840127,1840093,0
1840383,426368283372833,3414375,0.62129579,256,1840128,1840383,1840357,0
1840639,426368284252416,3396042,0.58529765,256,1840384,1840639,1840639,0
1840895,426368285114375,3379458,0.62064396,256,1840640,1840895,1840657,0
1841151,426368285963208,3352958,0.59992003,256,1840896,1841151,1841119,0
1841407,426368286850833,3332500,0.61596974,256,1841152,1841407,1841397,0
1841663,426368287715458,3287958,0.57658246,256,1841408,1841663,1841494,0
1841919,426368288599000,3226375,0.56519687,256,1841664,1841919,1841775,0
1842175,426368289472666,3191584,0.62374666,256,1841920,1842175,1841951,0
1842431,426368290372625,3114875,0.58368317,256,1842176,1842431,1842310,0
1842687,426368291249541,3054125,0.58232311,256,1842432,1842687,1842585,0
1842943,426368292122666,3046667,0.6099363,256,1842688,1842943,1842804,0
1843199,426368292953625,3033541,0.58881237,256,1842944,1843199,1843112,0
1843455,426368293882000,2969041,0.61528807,256,1843200,1843455,1843281,0
1843711,426368294748791,2939750,0.60228561,256,1843456,1843711,1843523,0
1843967,426368295622375,2891541,0.65134198,256,1843712,1843967,1843862,0
1844223,426368296511333,2825083,0.62799196,256,1843968,1844223,1844136,0
1844479,426368297372916,2794375,0.64382915,256,1844224,1844479,1844454,0
1844735,426368298278375,2730791,0.61922696,256,1844480,1844735,1844668,0
1844991,426368299198125,2637666,0.60329803,256,1844736,1844991,1844799,0
1845247,426368300040416,2622750,0.62816033,256,1844992,1845247,1845159,0
1845503,426368300894708,2568000,0.57488227,256,1845248,1845503,1845390,0
1845759,426368301780250,2506958,0.64913908,256,1845504,1845759,1845529,0
1846015,426368302761625,2345208,0.59932455,256,1845760,1846015,1845820,0
1846271,426368303624166,2325375,0.61677297,256,1846016,1846271,1846227,0
1846527,426368304454958,2335208,0.65642894,256,1846272,1846527,1846328,0
1846783,426368305353416,2268209,0.61479246,256,1846528,1846783,1846554,0
1847039,426368306203416,2235584,0.5812468,256,1846784,1847039,1847029,0
1847295,426368307092333,2191333,0.60889053,256,1847040,1847295,1847192,0
1847551,426368307945625,2189291,0.63722307,256,1847296,1847551,1847528,0
1847807,426368308838166,2107625,0.6789547,256,1847552,1847807,1847564,0
1848063,426368309644250,2113916,0.62730144,256,1847808,1848063,1847963,0
1848319,426368310482833,2107583,0.60328595,256,1848064,1848319,1848068,0
1848575,426368311391666,2001250,0.64256733,256,1848320,1848575,1848558,0
1848831,426368312281166,1969250,0.62837244,256,1848576,1848831,1848738,0
1849087,426368313193750,1915166,0.60233607,256,1848832,1849087,1848842,0
1849343,426368314044750,1888041,0.60359799,256,1849088,1849343,1849210,0
1849599,426368314932500,1810000,0.56453933,256,1849344,1849599,1849549,0
1849855,426368315801583,1747042,0.59659302,256,1849600,1849855,1849648,0
1850111,426368316751125,1635583,0.61424866,256,1849856,1850111,1850051,0
1850367,426368317612875,1596250,0.62930165,256,1850112,1850367,1850343,0
1850623,426368318434250,1610208,0.57240215,256,1850368,1850623,1850581,0
1850879,426368319298750,1577166,0.58270619,256,1850624,1850879,1850654,0
1851135,426368320191750,1534958,0.62488011,256,1850880,1851135,1850957,0
1851391,426368321060666,3513625,0.57593519,256,1851136,1851391,1851231,0
1851647,426368322289916,3334375,0.62010245,256,1851392,1851647,1851578,0
1851903,426368325101666,1356667,0.61091659,256,1851648,1851903,1851830,0
1852159,426368325116166,2167542,0.59584126,256,1851904,1852159,1852094,0
1852415,426368325130666,2966709,0.60658991,256,1852160,1852415,1852213,0
1852671,426368325579791,3344250,0.61519844,256,1852416,1852671,1852489,0
1852927,426368326428291,3338125,0.60823272,256,1852672,1852927,1852905,0
1853183,426368327274750,3293708,0.61129457,256,1852928,1853183,1853016,0
1853439,426368328195166,3199959,0.60562089,256,1853184,1853439,1853295,0
1853695,426368329065375,3146375,0.60377393,256,1853440,1853695,1853520,0
1853951,426368329947458,3124417,0.62713047,256,1853696,1853951,1853836,0
1854207,426368330886708,3023917,0.61624675,256,1853952,1854207,1854195,0
1854463,426368331727875,3000500,0.65692913,256,1854208,1854463,1854263,0
1854719,426368332544083,2996375,0.61805452,256,1854464,1854719,1854465,0
1854975,426368333479708,2864375,0.62261602,256,1854720,1854975,1854803,0
1855231,426368334406041,2773084,0.59726526,256,1854976,1855231,1855187,0
1855487,426368335251083,2755708,0.61549548,256,1855232,1855487,1855236,0
1855743,426368336154750,2685666,0.60383213,256,1855488,1855743,1855690,0
1855999,426368337060291,2595834,0.57401221,256,1855744,1855999,1855755,0
1856255,426368337956333,2503000,0.58227665,256,1856000,1856255,1856062,0
1856511,426368338846041,2440834,0.59378722,256,1856256,1856511,1856332,0
1856767,426368339706000,2410875,0.61128015,256,1856512,1856767,1856591,0
1857023,426368340581583,2362458,0.62494963,256,1856768,1857023,1856835,0
1857279,426368341463125,2297000,0.59723363,256,1857024,1857279,1857044,0
1857535,426368342324333,2264667,0.58792185,256,1857280,1857535,1857302,0
1857791,426368343195208,2248542,0.61263605,256,1857536,1857791,1857590,0
1858047,426368344078375,2177625,0.61526841,256,1857792,1858047,1857875,0
1858303,426368344979000,2084666,0.60018103,256,1858048,1858303,1858300,0
1858559,426368345873708,2056917,0.69292101,256,1858304,1858559,1858558,0
1858815,426368346711250,2099625,0.64495132,256,1858560,1858815,1858566,0
1859071,426368347654083,2007958,0.62245042,256,1858816,1859071,1859046,0
1859327,426368348480958,1976083,0.59416998,256,1859072,1859327,1859117,0
1859583,426368349400291,1907125,0.59891146,256,1859328,1859583,1859472,0
1859839,426368350342000,1766125,0.59348389,256,1859584,1859839,1859762,0
1860095,426368351274958,1679792,0.59958757,256,1859840,1860095,1859897,0
1860351,426368352190416,1559792,0.60133077,256,1860096,1860351,1860289,0
1860607,426368353028583,1573458,0.60591531,256,1860352,1860607,1860582,0
1860863,426368353951250,1509625,0.63295032,256,1860608,1860863,1860666,0
1861119,426368354815750,1477208,0.60153947,256,1860864,1861119,1861002,0
1861375,426368355718208,1425000,0.59158211,256,1861120,1861375,1861373,0
1861631,426368356604000,1386916,0.64671385,256,1861376,1861631,1861544,0
1861887,426368357509833,1349708,0.63386269,256,1861632,1861887,1861875,0
1862143,426368358403375,1263625,0.62934687,256,1861888,1862143,1861943,0
1862399,426368359313083,1210750,0.63753856,256,1862144,1862399,1862260,0
1862655,426368360224500,1145875,0.63687953,256,1862400,1862655,1862655,0
1862911,426368361073541,1124792,0.60181328,256,1862656,1862911,1862774,0
1863167,426368361964250,1064750,0.64143286,256,1862912,1863167,1862978,0
1863423,426368362856208,987333,0.59617283,256,1863168,1863423,1863399,0
1863679,426368363757416,901875,0.61257362,256,1863424,1863679,1863429,0
1863935,426368364677625,851166,0.60967855,256,1863680,1863935,1863686,0
1864191,426368365510541,839750,0.64639082,256,1863936,1864191,1864021,0
1864447,426368366361833,844667,0.62883106,256,1864192,1864447,1864431,0
1864703,426368367195250,828833,0.56860543,256,1864448,1864703,1864630,0
1864959,426368368113416,829625,0.56441215,256,1864704,1864959,1864810,0
1865215,426368368985375,853541,0.61130886,256,1864960,1865215,1865189,0
1865471,426368369876291,823917,0.5750652,256,1865216,1865471,1865347,0
1865727,426368370790625,825250,0.57097002,256,1865472,1865727,1865478,0
1865983,426368371657958,3417625,0.58718128,256,1865728,1865983,1865933,0
1866239,426368375096291,1004375,0.61997599,256,1865984,1866239,1866045,0
1866495,426368375109250,1799125,0.59411462,256,1866240,1866495,1866458,0
1866751,426368375134875,2602833,0.63354144,256,1866496,1866751,1866553,0
1867007,426368375218625,3327625,0.61077366,256,1866752,1867007,1866792,0
1867263,426368376063625,3286291,0.59877957,256,1867008,1867263,1867263,0
1867519,426368376939125,3204750,0.60738056,256,1867264,1867519,1867316,0
1867775,426368377809291,3129709,0.61848223,256,1867520,1867775,1867567,0
1868031,426368378649083,3095708,0.61213227,256,1867776,1868031,1868026,0
1868287,426368379531291,3003125,0.59928712,256,1868032,1868287,1868032,0
1868543,426368380490833,2852333,0.59319544,256,1868288,1868543,1868469,0
1868799,426368381384916,2746500,0.59242797,256,1868544,1868799,1868764,0
1869055,426368382257375,2668041,0.58565776,256,1868800,1869055,1868869,0
1869311,426368383103000,2652916,0.6337925,256,1869056,1869311,1869185,0
1869567,426368383965208,2616625,0.62627704,256,1869312,1869567,1869375,0
1869823,426368384880041,2503084,0.58328891,256,1869568,1869823,1869794,0
1870079,426368385780833,2400292,0.61252297,256,1869824,1870079,1870042,0
1870335,426368386629958,2382208,0.63678324,256,1870080,1870335,1870318,0
1870591,426368387474625,2350541,0.61420734,256,1870336,1870591,1870414,0
1870847,426368388372500,2268125,0.60904724,256,1870592,1870847,1870774,0
1871103,426368389265333,2166625,0.60613878,256,1870848,1871103,1871059,0
1871359,426368390134583,2081250,0.60333579,256,1871104,1871359,1871168,0
1871615,426368391030833,2019708,0.61424834,256,1871360,1871615,1871517,0
1871871,426368391913083,1951708,0.59625723,256,1871616,1871871,1871789,0
1872127,426368392834875,1822083,0.61436095,256,1871872,1872127,1872096,0
1872383,426368393727458,1742542,0.63025999,256,1872128,1872383,1872376,0
1872639,426368394572791,1729750,0.66362755,256,1872384,1872639,1872543,0
1872895,426368395497458,1599958,0.59566289,256,1872640,1872895,1872887,0
1873151,426368396377250,1550875,0.62217051,256,1872896,1873151,1872917,0
1873407,426368397234875,1533541,0.64805175,256,1873152,1873407,1873382,0
1873663,426368398139208,1436833,0.60259417,256,1873408,1873663,1873615,0
1873919,426368399078916,1295417,0.62971467,256,1873664,1873919,1873773,0
1874175,426368399990916,1201709,0.6198063,256,1873920,1874175,1873982,0
1874431,426368400885833,1097333,0.59285803,256,1874176,1874431,1874411,0
1874687,426368401758541,1041459,0.62529003,256,1874432,1874687,1874439,0
1874943,426368402668625,933958,0.62864922,256,1874688,1874943,1874749,0
1875199,426368403508333,899250,0.62037311,256,1874944,1875199,1875030,0
1875455,426368404354166,841292,0.5705806,256,1875200,1875455,1875385,0
1875711,426368405250083,854500,0.63898438,256,1875456,1875711,1875524,0
1875967,426368406115958,835583,0.60579449,256,1875712,1875967,1875865,0
1876223,426368406980458,834375,0.59432828,256,1875968,1876223,1876156,0
1876479,426368407871666,813834,0.56983826,256,1876224,1876479,1876319,0
1876735,426368408725875,845875,0.57141594,256,1876480,1876735,1876495,0
1876991,426368409599458,1707917,0.59258233,256,1876736,1876991,1876966,0
1877247,426368410480625,1794000,0.63939749,256,1876992,1877247,1877044,0
1877503,426368411393583,1693167,0.63027226,256,1877248,1877503,1877374,0
1877759,426368412306583,1575000,0.58755874,256,1877504,1877759,1877610,0
1878015,426368413194541,1494250,0.62146377,256,1877760,1878015,1877982,0
1878271,426368414075583,1428417,0.60246461,256,1878016,1878271,1878132,0
1878527,426368414943500,1355000,0.59872554,256,1878272,1878527,1878429,0
1878783,426368415848708,1242542,0.59822397,256,1878528,1878783,1878555,0
1879039,426368416678000,4312750,0.60944565,256,1878784,1879039,1878879,0
1879295,426368417583666,3408584,0.61940373,256,1879040,1879295,1879121,0
1879551,426368418745583,3363708,0.64121584,256,1879296,1879551,1879528,0
1879807,426368421239375,1710541,0.63227465,256,1879552,1879807,1879572,0
1880063,426368421253833,2490708,0.59243858,256,1879808,1880063,1880049,0
1880319,426368421268666,3284042,0.63755647,256,1880064,1880319,1880220,0
1880575,426368422101041,3258792,0.62428661,256,1880320,1880575,1880344,0
1880831,426368422999791,3167625,0.6298314,256,1880576,1880831,1880816,0
1881087,426368423865333,3134042,0.59429438,256,1880832,1881087,1880834,0
1881343,426368424779916,3019875,0.58800449,256,1881088,1881343,1881254,0
1881599,426368425680875,2908666,0.58821582,256,1881344,1881599,1881558,0
1881855,426368426558833,2833833,0.61040398,256,1881600,1881855,1881805,0
1882111,426368427343916,2850875,0.6066355,256,1881856,1882111,1882016,0
1882367,426368428222916,2767792,0.57977163,256,1882112,1882367,1882353,0
1882623,426368429158458,2641500,0.65932005,256,1882368,1882623,1882599,0
1882879,426368430047666,2565667,0.64431338,256,1882624,1882879,1882638,0
1883135,426368430908750,2531958,0.60274246,256,1882880,1883135,1883133,0
1883391,426368431794833,2449792,0.59988771,256,1883136,1883391,1883364,0
1883647,426368432684958,2817125,0.61212021,256,1883392,1883647,1883568,0
1883903,426368433600000,2762083,0.6686183,256,1883648,1883903,1883692,0
1884159,426368434495875,2688000,0.60951265,256,1883904,1884159,1884032,0
1884415,426368435392500,2659958,0.64193169,256,1884160,1884415,1884347,0
1884671,426368436284000,2588791,0.58499298,256,1884416,1884671,1884588,0
1884927,426368437165666,2544709,0.58175114,256,1884672,1884927,1884783,0
1885183,426368437996375,2524125,0.6016676,256,1884928,1885183,1885064,0
1885439,426368438884291,2474167,0.61858467,256,1885184,1885439,1885336,0
1885695,426368439788625,2432083,0.59487259,256,1885440,1885695,1885695,0
1885951,426368440671458,2388208,0.57453155,256,1885696,1885951,1885774,0
1886207,426368441596208,2283708,0.58325845,256,1885952,1886207,1886087,0
1886463,426368442461500,2231083,0.59289488,256,1886208,1886463,1886448,0
1886719,426368443370541,2152125,0.62981849,256,1886464,1886719,1886568,0
1886975,426368444291583,2081042,0.61250639,256,1886720,1886975,1886967,0
1887231,426368445170583,2082208,0.65859587,256,1886976,1887231,1887048,0
1887487,426368446041250,2052083,0.60433851,256,1887232,1887487,1887327,0
1887743,426368446919500,2012083,0.60328128,256,1887488,1887743,1887525,0
1887999,426368447764541,2018042,0.57827709,256,1887744,1887999,1887900,0
1888255,426368448654791,1947792,0.6051523,256,1888000,1888255,1888138,0
1888511,426368449483833,1978333,0.60298794,256,1888256,1888511,1888341,0
1888767,426368450394875,1887250,0.59905662,256,1888512,1888767,1888644,0
1889023,426368451262041,1882792,0.63687034,256,1888768,1889023,1889020,0
1889279,426368452124541,1846167,0.64303692,256,1889024,1889279,1889078,0
1889535,426368453100833,1717167,0.58952888,256,1889280,1889535,1889516,0
1889791,426368453928041,1737084,0.61402743,256,1889536,1889791,1889611,0
1890047,426368454822791,1700917,0.61915101,256,1889792,1890047,1889963,0
1890303,426368455674250,1675208,0.59337317,256,1890048,1890303,1890301,0
1890559,426368456585958,1620792,0.61467062,256,1890304,1890559,1890317,0
1890815,426368457430500,1630500,0.5910827,256,1890560,1890815,1890815,0
1891071,426368458292583,1616375,0.60441898,256,1890816,1891071,1890906,0
1891327,426368459234208,1515792,0.61028263,256,1891072,1891327,1891281,0
1891583,426368460066666,1549834,0.66421782,256,1891328,1891583,1891410,0
1891839,426368460942583,1515292,0.64918656,256,1891584,1891839,1891800,0
1892095,426368461850625,1436166,0.62763628,256,1891840,1892095,1891924,0
1892351,426368462769416,1349625,0.59030164,256,1892096,1892351,1892263,0
1892607,426368463621291,1369750,0.65669599,256,1892352,1892607,1892546,0
1892863,426368464511958,1341583,0.63442299,256,1892608,1892863,1892633,0
1893119,426368465375333,1307792,0.62120374,256,1892864,1893119,1893029,0
1893375,426368466326625,1199208,0.60691563,256,1893120,1893375,1893171,0
1893631,426368467250166,1132959,0.60772612,256,1893376,1893631,1893425,0
1893887,426368468179458,4096458,0.57819875,256,1893632,1893887,1893714,0
1894143,426368469219000,3061875,0.62012724,256,1893888,1894143,1893966,0
1894399,426368470397833,2913125,0.62712254,256,1894144,1894399,1894281,0
1894655,426368472383541,1749500,0.59939127,256,1894400,1894655,1894578,0
1894911,426368472398000,2580791,0.58902533,256,1894656,1894911,1894885,0
1895167,426368472606208,3210292,0.62206653,256,1894912,1895167,1894923,0
1895423,426368473551583,3136958,0.62414991,256,1895168,1895423,1895367,0
1895679,426368474454916,3082125,0.62464416,256,1895424,1895679,1895509,0
1895935,426368475316791,3038709,0.57558784,256,1895680,1895935,1895683,0
1896191,426368476142750,3026666,0.63017868,256,1895936,1896191,1896085,0
1896447,426368477024833,2976375,0.61242889,256,1896192,1896447,1896400,0
1896703,426368477933000,2878916,0.59227937,256,1896448,1896703,1896660,0
1896959,426368478820375,2835500,0.59442219,256,1896704,1896959,1896912,0
1897215,426368479756500,2713500,0.63125636,256,1896960,1897215,1897204,0
1897471,426368480712916,2598709,0.63925784,256,1897216,1897471,1897231,0
1897727,426368481639833,2514417,0.58870569,256,1897472,1897727,1897567,0
1897983,426368482530708,2448833,0.61103145,256,1897728,1897983,1897792,0
1898239,426368483424041,2399625,0.61090879,256,1897984,1898239,1898079,0
1898495,426368484336083,2327792,0.61692627,256,1898240,1898495,1898449,0
1898751,426368485233500,2254583,0.59929395,256,1898496,1898751,1898638,0
1899007,426368486076291,2247750,0.64087453,256,1898752,1899007,1898872,0
1899263,426368486913625,2239625,0.6315689,256,1899008,1899263,1899100,0
1899519,426368487785666,2189792,0.57421666,256,1899264,1899519,1899302,0
1899775,426368488678666,2177209,0.63829549,256,1899520,1899775,1899582,0
1900031,426368489535333,2180792,0.62853484,256,1899776,1900031,1899785,0
1900287,426368490412958,2166833,0.60530327,256,1900032,1900287,1900165,0
1900543,426368491337000,2095458,0.62263458,256,1900288,1900543,1900529,0
1900799,426368492209208,2069208,0.59656578,256,1900544,1900799,1900663,0
1901055,426368493146083,1983125,0.60779822,256,1900800,1901055,1900800,0
1901311,426368494045416,1917167,0.59317879,256,1901056,1901311,1901154,0
1901567,426368494988208,1825417,0.63330478,256,1901312,1901567,1901378,0
1901823,426368495828791,1847500,0.64410942,256,1901568,1901823,1901775,0
1902079,426368496712541,1825292,0.59444516,256,1901824,1902079,1901939,0
1902335,426368497583291,1805959,0.6023155,256,1902080,1902335,1902198,0
1902591,426368498483333,1767792,0.6196173,256,1902336,1902591,1902563,0
1902847,426368499340958,1803417,0.6397648,256,1902592,1902847,1902632,0
1903103,426368500281958,1714042,0.60877202,256,1902848,1903103,1902968,0
1903359,426368501144291,1698209,0.62750057,256,1903104,1903359,1903340,0
1903615,426368502043500,1674166,0.63772835,256,1903360,1903615,1903564,0
1903871,426368502977541,1628292,0.61225154,256,1903616,1903871,1903693,0
1904127,426368503941833,1534125,0.64164905,256,1903872,1904127,1903983,0
1904383,426368504848083,1494625,0.64319282,256,1904128,1904383,1904236,0
1904639,426368505654500,1543458,0.62274917,256,1904384,1904639,1904562,0
1904895,426368506506833,1564250,0.63325526,256,1904640,1904895,1904770,0
1905151,426368507331208,1617500,0.63732299,256,1904896,1905151,1904909,0
1905407,426368508223208,1566167,0.64122953,256,1905152,1905407,1905392,0
1905663,426368509112083,1515167,0.62660174,256,1905408,1905663,1905570,0
1905919,426368509994416,1530500,0.64987984,256,1905664,1905919,1905685,0
1906175,426368510932791,1446375,0.59472973,256,1905920,1906175,1905983,0
1906431,426368511816166,1433667,0.65296432,256,1906176,1906431,1906301,0
1906687,426368512729333,1370875,0.61340293,256,1906432,1906687,1906526,0
1906943,426368513599916,1357334,0.64018076,256,1906688,1906943,1906720,0
1907199,426368514550833,4550208,0.63829761,256,1906944,1907199,1907086,0
1907455,426368515429416,3676250,0.59043634,256,1907200,1907455,1907340,0
1907711,426368519125916,1005834,0.61976185,256,1907456,1907711,1907469,0
1907967,426368519145083,1877042,0.64076093,256,1907712,1907967,1907886,0
1908223,426368519166208,2728125,0.61442276,256,1907968,1908223,1908215,0
1908479,426368519187708,3580958,0.64467236,256,1908224,1908479,1908411,0
1908735,426368519947041,3698000,0.62364927,256,1908480,1908735,1908705,0
1908991,426368520827833,3705417,0.61673704,256,1908736,1908991,1908920,0
1909247,426368521738125,3701958,0.67610459,256,1908992,1909247,1909061,0
1909503,426368522595458,3679292,0.61156548,256,1909248,1909503,1909322,0
1909759,426368523451041,3717875,0.64185669,256,1909504,1909759,1909531,0
1910015,426368524330708,3695167,0.60819544,256,1909760,1910015,1909835,0
1910271,426368525220625,3689250,0.60853292,256,1910016,1910271,1910172,0
1910527,426368526167291,3617959,0.62492758,256,1910272,1910527,1910455,0
1910783,426368526998833,3681042,0.67894507,256,1910528,1910783,1910670,0
1911039,426368527869041,3685250,0.60293968,256,1910784,1911039,1910874,0
1911295,426368528720208,3735083,0.64961557,256,1911040,1911295,1911141,0
1911551,426368529674708,3662583,0.65605684,256,1911296,1911551,1911445,0
1911807,426368530559375,3649166,0.63862436,256,1911552,1911807,1911769,0
1912063,426368531395750,3699458,0.61520012,256,1911808,1912063,1911924,0
1912319,426368532247750,3773500,0.64809905,256,1912064,1912319,1912177,0
1912575,426368533128458,3766375,0.60094351,256,1912320,1912575,1912345,0
1912831,426368533985041,3777417,0.61548058,256,1912576,1912831,1912614,0
1913087,426368534849708,3788083,0.64472019,256,1912832,1913087,1913083,0
1913343,426368535777958,3736958,0.6103563,256,1913088,1913343,1913170,0
1913599,426368536662291,6572167,0.6762325,256,1913344,1913599,1913542,0
1913855,426368537547500,5690083,0.62823744,256,1913600,1913855,1913626,0
1914111,426368538418041,4820625,0.63039284,256,1913856,1914111,1913973,0
1914367,426368539320666,3919042,0.65093792,256,1914112,1914367,1914183,0
1914623,426368542314291,1864459,0.61951663,256,1914368,1914623,1914506,0
1914879,426368542323500,2708000,0.60176922,256,1914624,1914879,1914706,0
1915135,426368542332708,3548458,0.62239543,256,1914880,1915135,1915087,0
1915391,426368543324333,3423875,0.62346011,256,1915136,1915391,1915153,0
1915647,426368543635125,4012875,0.60631253,256,1915392,1915647,1915412,0
1915903,426368544492541,4052625,0.60674639,256,1915648,1915903,1915743,0
1916159,426368545334041,4067709,0.61005339,256,1915904,1916159,1916139,0
1916415,426368546251875,4012250,0.62176583,256,1916160,1916415,1916319,0
1916671,426368547152250,4014291,0.67761214,256,1916416,1916671,1916606,0
1916927,426368548036791,3968959,0.582646,256,1916672,1916927,1916675,0
1917183,426368549003000,3875750,0.63351258,256,1916928,1917183,1916970,0
1917439,426368549862083,3904917,0.6318691,256,1917184,1917439,1917349,0
1917695,426368550779916,3846084,0.60372303,256,1917440,1917695,1917572,0
1917951,426368551693416,3782292,0.5882785,256,1917696,1917951,1917751,0
1918207,426368552519166,3818334,0.59024759,256,1917952,1918207,1918099,0
1918463,426368553399958,3802708,0.6188372,256,1918208,1918463,1918420,0
1918719,426368554267500,3797250,0.68728591,256,1918464,1918719,1918577,0
1918975,426368555154166,3753334,0.61264445,256,1918720,1918975,1918860,0
1919231,426368556015333,3760750,0.61710258,256,1918976,1919231,1919209,0
1919487,426368556922458,3755500,0.60008443,256,1919232,1919487,1919360,0
1919743,426368557827416,3650167,0.6286582,256,1919488,1919743,1919592,0
1919999,426368558732083,3648375,0.6453923,256,1919744,1919999,1919761,0
1920255,426368559630250,3635166,0.61071043,256,1920000,1920255,1920244,0
1920511,426368560511250,3625541,0.6416423,256,1920256,1920511,1920262,0
1920767,426368561403083,3622417,0.63129476,256,1920512,1920767,1920723,0
1921023,426368562238208,3638792,0.64913662,256,1920768,1921023,1921021,0
1921279,426368563126708,3581500,0.59326676,256,1921024,1921279,1921201,0
1921535,426368563972958,3624417,0.64973736,256,1921280,1921535,1921379,0
1921791,426368564845333,3617708,0.61284035,256,1921536,1921791,1921740,0
1922047,426368565730250,3592458,0.60630711,256,1921792,1922047,1922023,0
1922303,426368566608708,3584917,0.64470687,256,1922048,1922303,1922057,0
1922559,426368567423541,3640250,0.65310893,256,1922304,1922559,1922528,0
1922815,426368568330000,3629041,0.68487594,256,1922560,1922815,1922573,0
1923071,426368569184458,3655792,0.62224034,256,1922816,1923071,1923066,0
1923327,426368570122166,3602459,0.63492915,256,1923072,1923327,1923095,0
1923583,426368571014666,3577584,0.64038003,256,1923328,1923583,1923424,0
1923839,426368571879541,3554959,0.60458498,256,1923584,1923839,1923626,0
1924095,426368572783583,3485583,0.61138184,256,1923840,1924095,1923938,0
1924351,426368573664541,3462625,0.59470801,256,1924096,1924351,1924345,0
1924607,426368574522875,3455375,0.62098797,256,1924352,1924607,1924466,0
1924863,426368575410291,7768125,0.62856775,256,1924608,1924863,1924618,0
1925119,426368576361833,6834917,0.6257972,256,1924864,1925119,1925107,0
1925375,426368577216708,5982167,0.64044553,256,1925120,1925375,1925223,0
1925631,426368578100833,5099333,0.62097953,256,1925376,1925631,1925488,0
1925887,426368579037333,4164042,0.61062979,256,1925632,1925887,1925660,0
1926143,426368583138458,936167,0.60962017,256,1925888,1926143,1926008,0
1926399,426368583152958,1808208,0.61720247,256,1926144,1926399,1926347,0
1926655,426368583167333,2638333,0.64102501,256,1926400,1926655,1926538,0
1926911,426368583182333,3444417,0.58075952,256,1926656,1926911,1926698,0
1927167,426368583511000,3941291,0.59691529,256,1926912,1927167,1927134,0
1927423,426368584407541,3894209,0.6443855,256,1927168,1927423,1927259,0
1927679,426368585294750,3853916,0.65614144,256,1927424,1927679,1927559,0
1927935,426368586152291,3835959,0.61236989,256,1927680,1927935,1927933,0
1928191,426368587054416,3785209,0.6332931,256,1927936,1928191,1928081,0
1928447,426368587991250,3669958,0.58710934,256,1928192,1928447,1928196,0
1928703,426368588827166,3671167,0.61998326,256,1928448,1928703,1928701,0
1928959,426368589740583,3582333,0.59439807,256,1928704,1928959,1928800,0
1929215,426368590628875,3538041,0.65400459,256,1928960,1929215,1929035,0
1929471,426368591431125,3553500,0.5891788,256,1929216,1929471,1929268,0
1929727,426368592342416,3505834,0.6458288,256,1929472,1929727,1929599,0
1929983,426368593223625,3455125,0.59749237,256,1929728,1929983,1929752,0
1930239,426368594119666,3399917,0.61188899,256,1929984,1930239,1930235,0
1930495,426368594975916,3364000,0.66563199,256,1930240,1930495,1930416,0
1930751,426368595851916,3312959,0.61983034,256,1930496,1930751,1930526,0
1931007,426368596743583,3239042,0.61303204,256,1930752,1931007,1930869,0
1931263,426368597635958,3166417,0.60281846,256,1931008,1931263,1931136,0
1931519,426368598496708,3134125,0.59442221,256,1931264,1931519,1931299,0
1931775,426368599385333,3040083,0.59648675,256,1931520,1931775,1931707,0
1932031,426368600282583,2959958,0.61146871,256,1931776,1932031,1932020,0
1932287,426368601160583,2948750,0.65585927,256,1932032,1932287,1932050,0
1932543,426368602042541,2885334,0.63750405,256,1932288,1932543,1932395,0
1932799,426368602933583,2836083,0.65071636,256,1932544,1932799,1932698,0
1933055,426368603759000,2804583,0.59603534,256,1932800,1933055,1932882,0
1933311,426368604634916,2748417,0.61297029,256,1933056,1933311,1933178,0
1933567,426368605512875,2698916,0.62639294,256,1933312,1933567,1933314,0
1933823,426368606390375,2628291,0.61854913,256,1933568,1933823,1933631,0
1934079,426368607207666,2632750,0.6080745,256,1933824,1934079,1933995,0
1934335,426368608041583,2641458,0.63534921,256,1934080,1934335,1934202,0
1934591,426368608914208,2627833,0.61000586,256,1934336,1934591,1934365,0
1934847,426368609785416,2566875,0.59199943,256,1934592,1934847,1934650,0
1935103,426368610670250,2516125,0.62598071,256,1934848,1935103,1934911,0
1935359,426368611579541,2422167,0.62042115,256,1935104,1935359,1935310,0
1935615,426368612478875,2325875,0.6007891,256,1935360,1935615,1935384,0
1935871,426368613357291,2234542,0.60044824,256,1935616,1935871,1935687,0
1936127,426368614224875,2235958,0.62258164,256,1935872,1936127,1936031,0
1936383,426368615131375,2162500,0.61672773,256,1936128,1936383,1936177,0
1936639,426368616011583,2111167,0.63793373,256,1936384,1936639,1936484,0
1936895,426368616905333,2051042,0.65676825,256,1936640,1936895,1936807,0
1937151,426368617755416,2022042,0.65068601,256,1936896,1937151,1937136,0
1937407,426368618643083,1972458,0.65469798,256,1937152,1937407,1937363,0
1937663,426368619551250,1881125,0.63176897,256,1937408,1937663,1937523,0
1937919,426368620422500,1818208,0.61766377,256,1937664,1937919,1937852,0
1938175,426368621306875,1757000,0.59642016,256,1937920,1938175,1938174,0
1938431,426368622246583,1603958,0.58326041,256,1938176,1938431,1938300,0
1938687,426368623165916,1513250,0.66309834,256,1938432,1938687,1938535,0
1938943,426368624069625,1427958,0.61057383,256,1938688,1938943,1938830,0
1939199,426368624975000,1340083,0.60759245,256,1938944,1939199,1939191,0
1939455,426368625869125,1259833,0.65781552,256,1939200,1939455,1939424,0
1939711,426368626765708,3570417,0.63992472,256,1939456,1939711,1939588,0
1939967,426368627771791,2565625,0.59752637,256,1939712,1939967,1939856,0
1940223,426368628773041,3006125,0.60113956,256,1939968,1940223,1940093,0
1940479,426368630407791,2196125,0.62129579,256,1940224,1940479,1940357,0
1940735,426368630422250,3018083,0.62064396,256,1940480,1940735,1940657,0
1940991,426368631551541,2683125,0.60302827,256,1940736,1940991,1940880,0
1941247,426368632016583,3238917,0.60785975,256,1940992,1941247,1941179,0
1941503,426368632855625,3201666,0.61596974,256,1941248,1941503,1941397,0
1941759,426368633748416,3120459,0.57327156,256,1941504,1941759,1941538,0
1942015,426368634618500,3059083,0.62374666,256,1941760,1942015,1941951,0
1942271,426368635529291,2944917,0.6010083,256,1942016,1942271,1942117,0
1942527,426368636391916,2892084,0.58368317,256,1942272,1942527,1942310,0
1942783,426368637269375,2794041,0.58232311,256,1942528,1942783,1942585,0
1943039,426368638153375,2755083,0.6099363,256,1942784,1943039,1942804,0
1943295,426368638973083,2769583,0.61528807,256,1943040,1943295,1943281,0
1943551,426368639921166,2649375,0.60390786,256,1943296,1943551,1943298,0
1943807,426368640814791,2562292,0.60940541,256,1943552,1943807,1943775,0
1944063,426368641644208,2523167,0.65134198,256,1943808,1944063,1943862,0
1944319,426368642788583,2206958,0.62799196,256,1944064,1944319,1944136,0
1944575,426368643474041,2327834,0.64382915,256,1944320,1944575,1944454,0
1944831,426368644343791,2273375,0.61922696,256,1944576,1944831,1944668,0
1945087,426368645210041,2219209,0.59839023,256,1944832,1945087,1945031,0
1945343,426368646080583,2127333,0.62816033,256,1945088,1945343,1945159,0
1945599,426368646931750,2078000,0.64913908,256,1945344,1945599,1945529,0
1945855,426368647861583,1951042,0.59932455,256,1945600,1945855,1945820,0
1946111,426368648802125,1820375,0.58963899,256,1945856,1946111,1945982,0
1946367,426368649641583,1791792,0.65642894,256,1946112,1946367,1946328,0
1946623,426368650497291,1757834,0.61479246,256,1946368,1946623,1946554,0
1946879,426368651392666,1644875,0.58687898,256,1946624,1946879,1946724,0
1947135,426368652227000,1617833,0.5812468,256,1946880,1947135,1947029,0
1947391,426368653135791,1500667,0.60889053,256,1947136,1947391,1947192,0
1947647,426368653991666,1501084,0.6789547,256,1947392,1947647,1947564,0
1947903,426368654853291,1414292,0.63423499,256,1947648,1947903,1947770,0
1948159,426368655664416,1410584,0.62730144,256,1947904,1948159,1947963,0
1948415,426368656542208,1332917,0.57515766,256,1948160,1948415,1948396,0
1948671,426368657423125,1266708,0.64256733,256,1948416,1948671,1948558,0
1948927,426368658332666,1171042,0.62837244,256,1948672,1948927,1948738,0
1949183,426368659252625,1082416,0.5982365,256,1948928,1949183,1948934,0
1949439,426368660084916,1080750,0.60359799,256,1949184,1949439,1949210,0
1949695,426368660981541,981250,0.59659302,256,1949440,1949695,1949648,0
1949951,426368661862583,895625,0.5994441,256,1949696,1949951,1949925,0
1950207,426368662774875,849041,0.61424866,256,1949952,1950207,1950051,0
1950463,426368663632291,830792,0.62930165,256,1950208,1950463,1950343,0
1950719,426368664491541,1714042,0.58270619,256,1950464,1950719,1950654,0
1950975,426368665347833,1826417,0.62488011,256,1950720,1950975,1950957,0
1951231,426368666249958,1739833,0.59512176,256,1950976,1951231,1951101,0
1951487,426368667105125,1697583,0.58236464,256,1951232,1951487,1951396,0
1951743,426368667932375,1677250,0.62010245,256,1951488,1951743,1951578,0
1951999,426368668892250,1530166,0.61091659,256,1951744,1951999,1951830,0
1952255,426368669783375,1443000,0.60658991,256,1952000,1952255,1952213,0
1952511,426368670710833,1304625,0.61519844,256,1952256,1952511,1952489,0
1952767,426368671564208,1266125,0.59635555,256,1952512,1952767,1952518,0
1953023,426368672460750,1178916,0.61129457,256,1952768,1953023,1953016,0
1953279,426368673301875,1125375,0.56548277,256,1953024,1953279,1953212,0
1953535,426368674242958,995708,0.60562089,256,1953280,1953535,1953295,0
1953791,426368675126208,908333,0.600102,256,1953536,1953791,1953607,0
1954047,426368676002125,866708,0.62713047,256,1953792,1954047,1953836,0
1954303,426368676914625,2655041,0.65692913,256,1954048,1954303,1954263,0
1954559,426368677769291,1813959,0.61805452,256,1954304,1954559,1954465,0
1954815,426368679601041,1734209,0.62261602,256,1954560,1954815,1954803,0
1955071,426368679618416,1718709,0.57629691,256,1954816,1955071,1955030,0
1955327,426368681358958,884875,0.61549548,256,1955072,1955327,1955236,0
1955583,426368681379791,1703417,0.59535012,256,1955328,1955583,1955536,0
1955839,426368683093708,999333,0.60383213,256,1955584,1955839,1955690,0
1956095,426368683124833,1784167,0.58227665,256,1955840,1956095,1956062,0
1956351,426368683992750,1719375,0.59378722,256,1956096,1956351,1956332,0
1956607,426368684906791,1617334,0.61128015,256,1956352,1956607,1956591,0
1956863,426368685742583,1627083,0.62494963,256,1956608,1956863,1956835,0
1957119,426368686610875,1568166,0.59723363,256,1956864,1957119,1957044,0
1957375,426368687477333,1519208,0.58792185,256,1957120,1957375,1957302,0
1957631,426368688350750,1475375,0.61263605,256,1957376,1957631,1957590,0
1957887,426368689237458,1456917,0.61526841,256,1957632,1957887,1957875,0
1958143,426368690116375,1389416,0.57622205,256,1957888,1958143,1957946,0
1958399,426368690999541,1348042,0.61289621,256,1958144,1958399,1958324,0
1958655,426368691923083,1315708,0.69292101,256,1958400,1958655,1958558,0
1958911,426368692814041,1264375,0.59693152,256,1958656,1958911,1958667,0
1959167,426368693672250,1257000,0.62245042,256,1958912,1959167,1959046,0
1959423,426368694612750,1130750,0.59387524,256,1959168,1959423,1959402,0
1959679,426368695461250,1116250,0.59891146,256,1959424,1959679,1959472,0
1959935,426368696408916,1007792,0.59958757,256,1959680,1959935,1959897,0
1960191,426368697322750,901166,0.58000046,256,1959936,1960191,1960050,0
1960447,426368698236041,1717250,0.60133077,256,1960192,1960447,1960289,0
1960703,426368699087500,1889166,0.63295032,256,1960448,1960703,1960666,0
1960959,426368699994666,1792125,0.59501282,256,1960704,1960959,1960790,0
1961215,426368700856708,1764833,0.60153947,256,1960960,1961215,1961002,0
1961471,426368701770916,1647334,0.59158211,256,1961216,1961471,1961373,0
1961727,426368702640416,1614917,0.64671385,256,1961472,1961727,1961544,0
1961983,426368703539916,1568792,0.63386269,256,1961728,1961983,1961875,0
1962239,426368704443166,1462167,0.63145207,256,1961984,1962239,1962172,0
1962495,426368705339125,1384541,0.63753856,256,1962240,1962495,1962260,0
1962751,426368706251000,1294833,0.63687953,256,1962496,1962751,1962655,0
1963007,426368707107458,5163792,0.64143286,256,1962752,1963007,1962978,0
1963263,426368708001708,4273292,0.57706709,256,1963008,1963263,1963164,0
1963519,426368711418250,1734708,0.61257362,256,1963264,1963519,1963429,0
1963775,426368711432708,3300917,0.60967855,256,1963520,1963775,1963686,0
1964031,426368711448833,4844833,0.64639082,256,1963776,1964031,1964021,0
1964287,426368711523791,6366959,0.62269165,256,1964032,1964287,1964092,0
1964543,426368712420833,7066583,0.62883106,256,1964288,1964543,1964431,0
1964799,426368713268208,7803833,0.56860543,256,1964544,1964799,1964630,0
1965055,426368714139625,7951666,0.60762078,256,1964800,1965055,1965012,0
1965311,426368715013166,7863542,0.61130886,256,1965056,1965311,1965189,0
1965567,426368715913333,7770708,0.5750652,256,1965312,1965567,1965347,0
1965823,426368716814291,7650167,0.58355571,256,1965568,1965823,1965754,0
1966079,426368717703041,7579500,0.61997599,256,1965824,1966079,1966045,0
1966335,426368718563833,7507750,0.60002854,256,1966080,1966335,1966212,0
1966591,426368719459916,7441792,0.63354144,256,1966336,1966591,1966553,0
1966847,426368720370750,7323708,0.61653147,256,1966592,1966847,1966699,0
1967103,426368721235041,7267209,0.56357814,256,1966848,1967103,1966908,0
1967359,426368722069000,7229000,0.60738056,256,1967104,1967359,1967316,0
1967615,426368722962666,7139209,0.61848223,256,1967360,1967615,1967567,0
1967871,426368723838500,7067708,0.5728344,256,1967616,1967871,1967799,0
1968127,426368724701958,7009583,0.61213227,256,1967872,1968127,1968026,0
1968383,426368725570708,6921458,0.59197516,256,1968128,1968383,1968185,0
1968639,426368726536375,6756750,0.59319544,256,1968384,1968639,1968469,0
1968895,426368727460083,6625958,0.59242797,256,1968640,1968895,1968764,0
1969151,426368728282250,6611041,0.60667735,256,1968896,1969151,1969149,0
1969407,426368729144333,6584625,0.6337925,256,1969152,1969407,1969185,0
1969663,426368730023333,6498875,0.57238294,256,1969408,1969663,1969425,0
1969919,426368730914875,6404875,0.59063498,256,1969664,1969919,1969883,0
1970175,426368731793166,6319042,0.61252297,256,1969920,1970175,1970042,0
1970431,426368732671583,6261833,0.63678324,256,1970176,1970431,1970318,0
1970687,426368733517458,6228125,0.60276169,256,1970432,1970687,1970445,0
1970943,426368734433208,6111125,0.60904724,256,1970688,1970943,1970774,0
1971199,426368735298958,6044833,0.60613878,256,1970944,1971199,1971059,0
1971455,426368736168875,5967500,0.59180814,256,1971200,1971455,1971400,0
1971711,426368737076375,5886041,0.61424834,256,1971456,1971711,1971517,0
1971967,426368737995041,5774459,0.59625723,256,1971712,1971967,1971789,0
1972223,426368738875875,5682041,0.61436095,256,1971968,1972223,1972096,0
1972479,426368739745416,5653459,0.63025999,256,1972224,1972479,1972376,0
1972735,426368740662041,5554334,0.66362755,256,1972480,1972735,1972543,0
1972991,426368741535791,5513459,0.62217051,256,1972736,1972991,1972917,0
1973247,426368742394291,5468625,0.61708042,256,1972992,1973247,1973174,0
1973503,426368743294125,5390500,0.64805175,256,1973248,1973503,1973382,0
1973759,426368744199916,5286167,0.60259417,256,1973504,1973759,1973615,0
1974015,426368745145083,5161500,0.62971467,256,1973760,1974015,1973773,0
1974271,426368746030208,5056125,0.58066036,256,1974016,1974271,1974261,0
1974527,426368746917708,4980792,0.62529003,256,1974272,1974527,1974439,0
1974783,426368747764708,4938667,0.62864922,256,1974528,1974783,1974749,0
1975039,426368748689750,4822333,0.62037311,256,1974784,1975039,1975030,0
1975295,426368749531125,4774750,0.60885206,256,1975040,1975295,1975108,0
1975551,426368750406333,4708167,0.63898438,256,1975296,1975551,1975524,0
1975807,426368751285875,4638375,0.6292772,256,1975552,1975807,1975553,0
1976063,426368752157625,4558291,0.60579449,256,1975808,1976063,1975865,0
1976319,426368753040750,4471416,0.59432828,256,1976064,1976319,1976156,0
1976575,426368753883083,4444125,0.57141594,256,1976320,1976575,1976495,0
1976831,426368754774291,7425417,0.58731305,256,1976576,1976831,1976756,0
1977087,426368755614750,6636166,0.63939749,256,1976832,1977087,1977044,0
1977343,426368756555458,5696833,0.58810538,256,1977088,1977343,1977125,0
1977599,426368757469166,4784167,0.63027226,256,1977344,1977599,1977374,0
1977855,426368758366625,4244541,0.58755874,256,1977600,1977855,1977610,0
1978111,426368759813625,3332625,0.62146377,256,1977856,1978111,1977982,0
1978367,426368762280750,1693791,0.60246461,256,1978112,1978367,1978132,0
1978623,426368762295291,2453875,0.59872554,256,1978368,1978623,1978429,0
1978879,426368762309750,3232958,0.60944565,256,1978624,1978879,1978879,0
1979135,426368762755541,3598000,0.61940373,256,1978880,1979135,1979121,0
1979391,426368763600333,3585125,0.61862896,256,1979136,1979391,1979321,0
1979647,426368764486125,3497250,0.64121584,256,1979392,1979647,1979528,0
1979903,426368765425000,3574541,0.60850876,256,1979648,1979903,1979793,0
1980159,426368766313250,3483333,0.59243858,256,1979904,1980159,1980049,0
1980415,426368767243875,3374333,0.63755647,256,1980160,1980415,1980220,0
1980671,426368768157666,3269667,0.60332944,256,1980416,1980671,1980530,0
1980927,426368769021916,3237667,0.6298314,256,1980672,1980927,1980816,0
1981183,426368769952458,3109875,0.5681895,256,1980928,1981183,1981068,0
1981439,426368770844625,3016500,0.58800449,256,1981184,1981439,1981254,0
1981695,426368771714666,2921292,0.58821582,256,1981440,1981695,1981558,0
1981951,426368772562750,2890333,0.61040398,256,1981696,1981951,1981805,0
1982207,426368773377916,2878834,0.6066355,256,1981952,1982207,1982016,0
1982463,426368774294166,2760334,0.57977163,256,1982208,1982463,1982353,0
1982719,426368775183000,2699958,0.65932005,256,1982464,1982719,1982599,0
1982975,426368776119541,2567292,0.59602317,256,1982720,1982975,1982964,0
1983231,426368776954333,2558667,0.60274246,256,1982976,1983231,1983133,0
1983487,426368777825708,2482333,0.59988771,256,1983232,1983487,1983364,0
1983743,426368778738125,2445583,0.6686183,256,1983488,1983743,1983692,0
1983999,426368779659625,2314875,0.58048925,256,1983744,1983999,1983772,0
1984255,426368780558416,2239875,0.61662286,256,1984000,1984255,1984199,0
1984511,426368781442416,2189875,0.64193169,256,1984256,1984511,1984347,0
1984767,426368782330625,2113250,0.58499298,256,1984512,1984767,1984588,0
1985023,426368783198291,2042709,0.58960647,256,1984768,1985023,1984954,0
1985279,426368784038000,1997250,0.6016676,256,1985024,1985279,1985064,0
1985535,426368784959625,1919250,0.61858467,256,1985280,1985535,1985336,0
1985791,426368785844791,1869625,0.59487259,256,1985536,1985791,1985695,0
1986047,426368786751333,1783750,0.58018432,256,1985792,1986047,1986035,0
1986303,426368787642375,1684541,0.58325845,256,1986048,1986303,1986087,0
1986559,426368788477916,1667709,0.59289488,256,1986304,1986559,1986448,0
1986815,426368789444291,1509792,0.62981849,256,1986560,1986815,1986568,0
1987071,426368790315208,1479000,0.65859587,256,1986816,1987071,1987048,0
1987327,426368791224750,1427666,0.60778999,256,1987072,1987327,1987141,0
1987583,426368792082333,1378375,0.60367651,256,1987328,1987583,1987363,0
1987839,426368792923208,1341708,0.58603592,256,1987584,1987839,1987736,0
1988095,426368793801166,1294834,0.58117719,256,1987840,1988095,1988034,0
1988351,426368794663875,1252291,0.6051523,256,1988096,1988351,1988138,0
1988607,426368795518083,1218000,0.60204624,256,1988352,1988607,1988401,0
1988863,426368796433208,1128625,0.60905626,256,1988608,1988863,1988837,0
1989119,426368797269333,1108917,0.64303692,256,1988864,1989119,1989078,0
1989375,426368798186625,1002916,0.60143652,256,1989120,1989375,1989228,0
1989631,426368799151708,853417,0.61402743,256,1989376,1989631,1989611,0
1989887,426368799975916,859334,0.59535371,256,1989632,1989887,1989827,0
1990143,426368800865833,858292,0.61915101,256,1989888,1990143,1989963,0
1990399,426368801727958,3938667,0.61467062,256,1990144,1990399,1990317,0
1990655,426368802570125,3103333,0.59832341,256,1990400,1990655,1990499,0
1990911,426368803471791,2202750,0.60441898,256,1990656,1990911,1990906,0
1991167,426368804493875,1662750,0.60027493,256,1990912,1991167,1991111,0
1991423,426368805776541,959167,0.66421782,256,1991168,1991423,1991410,0
1991679,426368806168458,1398833,0.61290356,256,1991424,1991679,1991574,0
1991935,426368806997750,1401458,0.64918656,256,1991680,1991935,1991800,0
1992191,426368807928000,1288833,0.59092323,256,1991936,1992191,1992037,0
1992447,426368808811958,1236458,0.59101226,256,1992192,1992447,1992425,0
1992703,426368809679125,1226583,0.65669599,256,1992448,1992703,1992546,0
1992959,426368810572625,1138041,0.59736265,256,1992704,1992959,1992835,0
1993215,426368811468958,1059208,0.62120374,256,1992960,1993215,1993029,0
1993471,426368812390375,958083,0.60772612,256,1993216,1993471,1993425,0
1993727,426368813283708,881292,0.60193256,256,1993472,1993727,1993481,0
1993983,426368814208958,841292,0.62012724,256,1993728,1993983,1993966,0
1994239,426368815109291,851625,0.59574194,256,1993984,1994239,1994049,0
1994495,426368815974916,843334,0.62712254,256,1994240,1994495,1994281,0
1994751,426368816868458,823958,0.59939127,256,1994496,1994751,1994578,0
1995007,426368817750625,1735500,0.62206653,256,1994752,1995007,1994923,0
1995263,426368818661625,1823583,0.62019624,256,1995008,1995263,1995197,0
1995519,426368819627583,1679375,0.62464416,256,1995264,1995519,1995509,0
1995775,426368820514125,1622708,0.62092215,256,1995520,1995775,1995542,0
1996031,426368821325250,1596000,0.59613018,256,1995776,1996031,1996021,0
1996287,426368822176958,1543417,0.63017868,256,1996032,1996287,1996085,0
1996543,426368823059375,1455791,0.61242889,256,1996288,1996543,1996400,0
1996799,426368823982791,1327334,0.59227937,256,1996544,1996799,1996660,0
1997055,426368824887875,1232083,0.59442219,256,1996800,1997055,1996912,0
1997311,426368825849583,1081958,0.63925784,256,1997056,1997311,1997231,0
1997567,426368826773875,972250,0.61598194,256,1997312,1997567,1997317,0
1997823,426368827707041,845875,0.61103145,256,1997568,1997823,1997792,0
1998079,426368828572458,834583,0.61090879,256,1997824,1998079,1998079,0
1998335,426368829497500,879041,0.59589135,256,1998080,1998335,1998153,0
1998591,426368830389625,1652166,0.61692627,256,1998336,1998591,1998449,0
1998847,426368831259833,1790000,0.59929395,256,1998592,1998847,1998638,0
1999103,426368832106208,1757792,0.64087453,256,1998848,1999103,1998872,0
1999359,426368832938875,1722666,0.5872921,256,1999104,1999359,1999189,0
1999615,426368833825166,1674042,0.63829549,256,1999360,1999615,1999582,0
1999871,426368834703750,1614916,0.62853484,256,1999616,1999871,1999785,0
2000127,426368835576333,1603542,0.60755528,256,1999872,2000127,1999992,0
2000383,426368836507750,1503666,0.60530327,256,2000128,2000383,2000165,0
2000639,426368837339458,1502625,0.62263458,256,2000384,2000639,2000529,0
2000895,426368838278416,1396125,0.60779822,256,2000640,2000895,2000800,0
2001151,426368839207750,1287833,0.60230919,256,2000896,2001151,2000956,0
2001407,426368840109125,1196875,0.63330478,256,2001152,2001407,2001378,0
2001663,426368841044541,1093000,0.63263105,256,2001408,2001663,2001595,0
2001919,426368841849583,1129500,0.64410942,256,2001664,2001919,2001775,0
2002175,426368842761875,1054666,0.59992807,256,2001920,2002175,2002083,0
2002431,426368843617208,1016792,0.6023155,256,2002176,2002431,2002198,0
2002687,426368844520208,977417,0.6397648,256,2002432,2002687,2002632,0
2002943,426368845411875,911791,0.63364895,256,2002688,2002943,2002719,0
2003199,426368846309625,853125,0.60877202,256,2002944,2003199,2002968,0
2003455,426368847173208,869292,0.62750057,256,2003200,2003455,2003340,0
2003711,426368848091708,1771500,0.63772835,256,2003456,2003711,2003564,0
2003967,426368849024875,1833375,0.60141272,256,2003712,2003967,2003780,0
2004223,426368849977041,4361459,0.64164905,256,2003968,2004223,2003983,0
2004479,426368850880041,3474209,0.64319282,256,2004224,2004479,2004236,0
2004735,426368854522041,884459,0.62274917,256,2004480,2004735,2004562,0
2004991,426368854549208,1705833,0.63732299,256,2004736,2004991,2004909,0
2005247,426368854571958,2507583,0.574203,256,2004992,2005247,2005132,0
2005503,426368854595000,3334666,0.64122953,256,2005248,2005503,2005392,0
2005759,426368855168250,3606041,0.64987984,256,2005504,2005759,2005685,0
2006015,426368856055583,3573292,0.60605493,256,2005760,2006015,2005837,0
2006271,426368856938708,3544083,0.60210979,256,2006016,2006271,2006218,0
2006527,426368857869250,3454541,0.65296432,256,2006272,2006527,2006301,0
2006783,426368858750208,3393708,0.64018076,256,2006528,2006783,2006720,0
2007039,426368859677875,3312708,0.62623433,256,2006784,2007039,2006952,0
2007295,426368860585458,3216625,0.63829761,256,2007040,2007295,2007086,0
2007551,426368861488583,3157333,0.61976185,256,2007296,2007551,2007469,0
2007807,426368862376041,3110125,0.60970642,256,2007552,2007807,2007806,0
2008063,426368863315500,3037000,0.64076093,256,2007808,2008063,2007886,0
2008319,426368864208333,2990417,0.61442276,256,2008064,2008319,2008215,0
2008575,426368865138958,2928458,0.64467236,256,2008320,2008575,2008411,0
2008831,426368865971541,3784000,0.62364927,256,2008576,2008831,2008705,0
2009087,426368866875750,4449666,0.67610459,256,2008832,2009087,2009061,0
2009343,426368867752291,5193709,0.62245495,256,2009088,2009343,2009092,0
2009599,426368868627000,5957541,0.64185669,256,2009344,2009599,2009531,0
2009855,426368869458875,6165958,0.60819544,256,2009600,2009855,2009835,0
2010111,426368870376208,6097667,0.58116441,256,2009856,2010111,2010078,0
2010367,426368871315916,6007750,0.60853292,256,2010112,2010367,2010172,0
2010623,426368872172083,6029958,0.62492758,256,2010368,2010623,2010455,0
2010879,426368873023333,6041792,0.67894507,256,2010624,2010879,2010670,0
2011135,426368873902041,6026459,0.62888831,256,2010880,2011135,2011130,0
2011391,426368874805791,5979625,0.64961557,256,2011136,2011391,2011141,0
2011647,426368875720166,5916917,0.65605684,256,2011392,2011647,2011445,0
2011903,426368876590583,5907583,0.63862436,256,2011648,2011903,2011769,0
2012159,426368877442666,5945334,0.64265163,256,2011904,2012159,2012100,0
2012415,426368878299000,5968000,0.64809905,256,2012160,2012415,2012177,0
2012671,426368879170041,5953625,0.61548058,256,2012416,2012671,2012614,0
2012927,426368880014208,5962750,0.59944774,256,2012672,2012927,2012746,0
2013183,426368880893875,5939166,0.64472019,256,2012928,2013183,2013083,0
2013439,426368881819166,7540042,0.59469784,256,2013184,2013439,2013212,0
2013695,426368882710208,6650708,0.6762325,256,2013440,2013695,2013542,0
2013951,426368883570458,6469458,0.59521602,256,2013696,2013951,2013768,0
2014207,426368884466125,5798833,0.65093792,256,2013952,2014207,2014183,0
2014463,426368885318791,5797875,0.58754861,256,2014208,2014463,2014257,0
2014719,426368886170583,5792917,0.61951663,256,2014464,2014719,2014506,0
2014975,426368887629166,5161084,0.59019091,256,2014720,2014975,2014762,0
2015231,426368890039583,3579750,0.62346011,256,2014976,2015231,2015153,0
2015487,426368890054083,4413667,0.62318861,256,2015232,2015487,2015354,0
2015743,426368890068541,5280875,0.60674639,256,2015488,2015743,2015743,0
2015999,426368890513000,5675875,0.57661574,256,2015744,2015999,2015755,0
2016255,426368891392208,5639625,0.61005339,256,2016000,2016255,2016139,0
2016511,426368892318291,5550459,0.62176583,256,2016256,2016511,2016319,0
2016767,426368893205583,5558333,0.67761214,256,2016512,2016767,2016606,0
2017023,426368894093583,5486000,0.63351258,256,2016768,2017023,2016970,0
2017279,426368895038500,5378125,0.5999705,256,2017024,2017279,2017040,0
2017535,426368895940625,5350166,0.6318691,256,2017280,2017535,2017349,0
2017791,426368896854333,5274583,0.60372303,256,2017536,2017791,2017572,0
2018047,426368897696791,5270292,0.58486997,256,2017792,2018047,2017928,0
2018303,426368898576958,5209375,0.59024759,256,2018048,2018303,2018099,0
2018559,426368899570333,5065208,0.62271564,256,2018304,2018559,2018538,0
2018815,426368900304666,5171709,0.68728591,256,2018560,2018815,2018577,0
2019071,426368901215708,5087792,0.61264445,256,2018816,2019071,2018860,0
2019327,426368902061541,5082375,0.61710258,256,2019072,2019327,2019209,0
2019583,426368902998375,4958125,0.60008443,256,2019328,2019583,2019360,0
2019839,426368903848833,4972667,0.6453923,256,2019584,2019839,2019761,0
2020095,426368904794541,4900000,0.63490297,256,2019840,2020095,2019931,0
2020351,426368905691375,4860250,0.6416423,256,2020096,2020351,2020262,0
2020607,426368906565625,4803125,0.60697028,256,2020352,2020607,2020435,0
2020863,426368907425291,4815334,0.63129476,256,2020608,2020863,2020723,0
2021119,426368908273291,4779500,0.64913662,256,2020864,2021119,2021021,0
2021375,426368909180000,4722500,0.6158969,256,2021120,2021375,2021374,0
2021631,426368910055458,4707708,0.64973736,256,2021376,2021631,2021379,0
2021887,426368910885208,4690792,0.61284035,256,2021632,2021887,2021740,0
2022143,426368911742583,4703792,0.64470687,256,2021888,2022143,2022057,0
2022399,426368912642166,4624209,0.59847605,256,2022144,2022399,2022228,0
2022655,426368913505125,4658458,0.68487594,256,2022400,2022655,2022573,0
2022911,426368914352791,4637542,0.60635518,256,2022656,2022911,2022827,0
2023167,426368915270208,4602958,0.63492915,256,2022912,2023167,2023095,0
2023423,426368916167041,4540292,0.61175058,256,2023168,2023423,2023423,0
2023679,426368917067916,4484750,0.64038003,256,2023424,2023679,2023424,0
2023935,426368917963250,4411125,0.59896902,256,2023680,2023935,2023733,0
2024191,426368918826500,4365083,0.61138184,256,2023936,2024191,2023938,0
2024447,426368919682666,4338917,0.59470801,256,2024192,2024447,2024345,0
2024703,426368920574875,4274958,0.62856775,256,2024448,2024703,2024618,0
2024959,426368921456125,4235791,0.61344227,256,2024704,2024959,2024746,0
2025215,426368922387500,4155208,0.6257972,256,2024960,2025215,2025107,0
2025471,426368923290250,4103833,0.64044553,256,2025216,2025471,2025223,0
2025727,426368924134541,4117917,0.62097953,256,2025472,2025727,2025488,0
2025983,426368925032416,4048042,0.60027526,256,2025728,2025983,2025892,0
2026239,426368925964250,3965583,0.60962017,256,2025984,2026239,2026008,0
2026495,426368926841750,3961291,0.61720247,256,2026240,2026495,2026347,0
2026751,426368927758333,3880083,0.64102501,256,2026496,2026751,2026538,0
2027007,426368928649375,3817708,0.58298577,256,2026752,2027007,2026939,0
2027263,426368929583458,3727750,0.6443855,256,2027008,2027263,2027259,0
2027519,426368930450416,3701834,0.63127731,256,2027264,2027519,2027391,0
2027775,426368931327333,3668542,0.65614144,256,2027520,2027775,2027559,0
2028031,426368932191708,3647208,0.61236989,256,2027776,2028031,2027933,0
2028287,426368933121791,3547375,0.6332931,256,2028032,2028287,2028081,0
2028543,426368934024833,3473083,0.60331849,256,2028288,2028543,2028493,0
2028799,426368934899833,3432417,0.61998326,256,2028544,2028799,2028701,0
2029055,426368935803125,3346833,0.65400459,256,2028800,2029055,2029035,0
2029311,426368936626416,3350917,0.64175703,256,2029056,2029311,2029059,0
2029567,426368937508291,3309250,0.59429185,256,2029312,2029567,2029521,0
2029823,426368938374125,3313708,0.6458288,256,2029568,2029823,2029599,0
2030079,426368939312250,3217750,0.597402,256,2029824,2030079,2030061,0
2030335,426368940162916,3178292,0.61188899,256,2030080,2030335,2030235,0
2030591,426368941005958,3165333,0.66563199,256,2030336,2030591,2030416,0
2030847,426368941928208,3073333,0.61237411,256,2030592,2030847,2030771,0
2031103,426368942795416,3011667,0.61303204,256,2030848,2031103,2030869,0
2031359,426368943701666,5836667,0.60281846,256,2031104,2031359,2031136,0
2031615,426368944515833,5024250,0.58536498,256,2031360,2031615,2031373,0
2031871,426368945444250,4096916,0.59648675,256,2031616,2031871,2031707,0
2032127,426368946346041,3196125,0.65585927,256,2031872,2032127,2032050,0
2032383,426368947325750,2605791,0.63461657,256,2032128,2032383,2032128,0
2032639,426368949671375,1069833,0.63750405,256,2032384,2032639,2032395,0
2032895,426368949680541,1904750,0.65071636,256,2032640,2032895,2032698,0
2033151,426368949871708,2522917,0.59208117,256,2032896,2033151,2032907,0
2033407,426368950689833,2521167,0.62639294,256,2033152,2033407,2033314,0
2033663,426368951595333,2445208,0.61854913,256,2033408,2033663,2033631,0
2033919,426368952404291,2432125,0.59637254,256,2033664,2033919,2033899,0
2034175,426368953222083,2436917,0.6080745,256,2033920,2034175,2033995,0
2034431,426368954080500,2439083,0.63534921,256,2034176,2034431,2034202,0
2034687,426368954943416,2449584,0.59496119,256,2034432,2034687,2034459,0
2034943,426368955820125,2346666,0.62598071,256,2034688,2034943,2034911,0
2035199,426368956683458,2310667,0.60876253,256,2034944,2035199,2035063,0
2035455,426368957639708,2148417,0.62042115,256,2035200,2035455,2035310,0
2035711,426368958534458,2062958,0.60044824,256,2035456,2035711,2035687,0
2035967,426368959381541,2039042,0.60120333,256,2035712,2035967,2035916,0
2036223,426368960280750,2017333,0.62258164,256,2035968,2036223,2036031,0
2036479,426368961151291,1953375,0.59365453,256,2036224,2036479,2036474,0
2036735,426368962064958,1893667,0.63793373,256,2036480,2036735,2036484,0
2036991,426368962923916,1832709,0.65676825,256,2036736,2036991,2036807,0
2037247,426368963793875,1798458,0.65068601,256,2036992,2037247,2037136,0
2037503,426368964703041,1708375,0.65469798,256,2037248,2037503,2037363,0
2037759,426368965592750,1635708,0.63176897,256,2037504,2037759,2037523,0
2038015,426368966485375,1565458,0.61766377,256,2037760,2038015,2037852,0
2038271,426368967403875,1453458,0.59642016,256,2038016,2038271,2038174,0
2038527,426368968310125,1358625,0.59249444,256,2038272,2038527,2038446,0
2038783,426368969209416,1262834,0.66309834,256,2038528,2038783,2038535,0
2039039,426368970144625,1159291,0.61057383,256,2038784,2039039,2038830,0
2039295,426368971004666,1118834,0.60759245,256,2039040,2039295,2039191,0
2039551,426368971913708,1010542,0.65781552,256,2039296,2039551,2039424,0
2039807,426368972833083,906000,0.63992472,256,2039552,2039807,2039588,0
2040063,426368973727041,819959,0.59752637,256,2039808,2040063,2039856,0
2040319,426368974562083,852708,0.60113956,256,2040064,2040319,2040093,0
2040575,426368975433375,820708,0.62129579,256,2040320,2040575,2040357,0
2040831,426368976329250,851375,0.62064396,256,2040576,2040831,2040657,0
2041087,426368977179916,815875,0.60302827,256,2040832,2041087,2040880,0
2041343,426368978040791,882584,0.60785975,256,2041088,2041343,2041179,0
2041599,426368978911166,812209,0.61596974,256,2041344,2041599,2041397,0
2041855,426368979825041,1633334,0.56519687,256,2041600,2041855,2041775,0
2042111,426368980647708,1625958,0.62374666,256,2041856,2042111,2041951,0
2042367,426368981583833,1496042,0.6010083,256,2042112,2042367,2042117,0
2042623,426368982441583,1443250,0.58232311,256,2042368,2042623,2042585,0
2042879,426368983327083,1367417,0.6099363,256,2042624,2042879,2042804,0
2043135,426368984157708,1351583,0.60861314,256,2042880,2043135,2042938,0
2043391,426368985075875,1265208,0.61528807,256,2043136,2043391,2043281,0
2043647,426368985985458,1185042,0.60228561,256,2043392,2043647,2043523,0
2043903,426368986853625,1125166,0.65134198,256,2043648,2043903,2043862,0
2044159,426368987712916,1056667,0.62799196,256,2043904,2044159,2044136,0
2044415,426368988602208,967125,0.58681251,256,2044160,2044415,2044411,0
2044671,426368989478791,924334,0.64382915,256,2044416,2044671,2044454,0
2044927,426368990398708,833208,0.60329803,256,2044672,2044927,2044799,0
2045183,426368991249458,820292,0.62816033,256,2044928,2045183,2045159,0
2045439,426368992111958,1101417,0.57488227,256,2045184,2045439,2045390,0
2045695,426368992986333,1029792,0.64913908,256,2045440,2045695,2045529,0
2045951,426368993927541,914542,0.59932455,256,2045696,2045951,2045820,0
2046207,426368994862708,842125,0.60932984,256,2045952,2046207,2046129,0
2046463,426368995677958,844458,0.65642894,256,2046208,2046463,2046328,0
2046719,426368996547666,3405292,0.61479246,256,2046464,2046719,2046554,0
2046975,426368997419041,2535667,0.58687898,256,2046720,2046975,2046724,0
2047231,426368998366000,2552708,0.60889053,256,2046976,2047231,2047192,0
2047487,426369000007250,1726041,0.60937281,256,2047232,2047487,2047410,0
2047743,426369000121125,2466333,0.6789547,256,2047488,2047743,2047564,0
2047999,426369000919666,2494750,0.63423499,256,2047744,2047999,2047770,0
2048255,426369001704666,2533917,0.60328595,256,2048000,2048255,2048068,0
2048511,426369002573708,2474500,0.57515766,256,2048256,2048511,2048396,0
2048767,426369003482416,2393709,0.64256733,256,2048512,2048767,2048558,0
2049023,426369004410541,2325875,0.6161321,256,2048768,2049023,2048819,0
2049279,426369005267708,2297375,0.60359799,256,2049024,2049279,2049210,0
2049535,426369006137291,2252959,0.56479901,256,2049280,2049535,2049293,0
2049791,426369007006458,2190917,0.59659302,256,2049536,2049791,2049648,0
2050047,426369007937666,2087250,0.5994441,256,2049792,2050047,2049925,0
2050303,426369008850166,2001959,0.61688379,256,2050048,2050303,2050288,0
2050559,426369009647291,2041917,0.62930165,256,2050304,2050559,2050343,0
2050815,426369010533291,1992334,0.58270619,256,2050560,2050815,2050654,0
2051071,426369011373916,1992542,0.62488011,256,2050816,2051071,2050957,0
2051327,426369012285041,1910125,0.59512176,256,2051072,2051327,2051101,0
2051583,426369013142333,1901375,0.62010245,256,2051328,2051583,2051578,0
2051839,426369014021458,1846167,0.61426755,256,2051584,2051839,2051636,0
2052095,426369014951750,1748875,0.59584126,256,2051840,2052095,2052094,0
2052351,426369015836125,1684208,0.60658991,256,2052096,2052351,2052213,0
2052607,426369016779458,1575583,0.61519844,256,2052352,2052607,2052489,0
2052863,426369017607916,1564084,0.59425728,256,2052608,2052863,2052738,0
2053119,426369018500791,1509542,0.61129457,256,2052864,2053119,2053016,0
2053375,426369019399041,1415834,0.60562089,256,2053120,2053375,2053295,0
2053631,426369020266083,1375333,0.60377393,256,2053376,2053631,2053520,0
2053887,426369021147541,1337834,0.62713047,256,2053632,2053887,2053836,0
2054143,426369022051416,1279334,0.6093607,256,2053888,2054143,2053945,0
2054399,426369022939875,1207625,0.65692913,256,2054144,2054399,2054263,0
2054655,426369023768125,1200708,0.61805452,256,2054400,2054655,2054465,0
2054911,426369024693750,1079791,0.62261602,256,2054656,2054911,2054803,0
2055167,426369025585333,1005958,0.58066394,256,2054912,2055167,2055121,0
2055423,426369026487750,925208,0.61549548,256,2055168,2055423,2055236,0
2055679,426369027362958,898917,0.59535012,256,2055424,2055679,2055536,0
2055935,426369028260041,1084500,0.60383213,256,2055680,2055935,2055690,0
2056191,426369029176041,985167,0.58227665,256,2055936,2056191,2056062,0
2056447,426369030029750,938041,0.59378722,256,2056192,2056447,2056332,0
2056703,426369030921083,870500,0.61128015,256,2056448,2056703,2056591,0
2056959,426369031804208,839417,0.62494963,256,2056704,2056959,2056835,0
2057215,426369032666291,832000,0.59723363,256,2056960,2057215,2057044,0
2057471,426369033530000,825833,0.58792185,256,2057216,2057471,2057302,0
2057727,426369034407416,834875,0.61263605,256,2057472,2057727,2057590,0
2057983,426369035282125,847375,0.61526841,256,2057728,2057983,2057875,0
2058239,426369036177500,828666,0.55352931,256,2057984,2058239,2058071,0
2058495,426369037050583,894833,0.61289621,256,2058240,2058495,2058324,0
2058751,426369037925958,890875,0.69292101,256,2058496,2058751,2058558,0
2059007,426369038883541,1117167,0.59034389,256,2058752,2059007,2058883,0
2059263,426369039696000,1134791,0.62245042,256,2059008,2059263,2059046,0
2059519,426369040618375,1050791,0.59891146,256,2059264,2059519,2059472,0
2059775,426369041520833,969708,0.59348389,256,2059520,2059775,2059762,0
2060031,426369042508541,880875,0.59958757,256,2059776,2060031,2059897,0
2060287,426369043384875,796541,0.58000046,256,2060032,2060287,2060050,0
2060543,426369044246041,2290875,0.60133077,256,2060288,2060543,2060289,0
2060799,426369046704791,1755917,0.63295032,256,2060544,2060799,2060666,0
2061055,426369046719250,2556041,0.60153947,256,2060800,2061055,2061002,0
2061311,426369047447833,2645458,0.58873099,256,2061056,2061311,2061211,0
2061567,426369047827500,3081083,0.64671385,256,2061312,2061567,2061544,0
2061823,426369048686666,3052459,0.6293775,256,2061568,2061823,2061653,0
2062079,426369049592500,2996750,0.63386269,256,2061824,2062079,2061875,0
2062335,426369050498416,2907250,0.63753856,256,2062080,2062335,2062260,0
2062591,426369051410708,2794958,0.60317511,256,2062336,2062591,2062566,0
2062847,426369052297666,2732542,0.63687953,256,2062592,2062847,2062655,0
2063103,426369053160083,2677292,0.64143286,256,2062848,2063103,2062978,0
2063359,426369054045708,2591292,0.57790313,256,2063104,2063359,2063300,0
2063615,426369054962291,2480417,0.61257362,256,2063360,2063615,2063429,0
2063871,426369055875833,2362875,0.60967855,256,2063616,2063871,2063686,0
2064127,426369056708125,6168708,0.64639082,256,2063872,2064127,2064021,0
2064383,426369057593750,5305083,0.61697158,256,2064128,2064383,2064155,0
2064639,426369058426916,4473000,0.62883106,256,2064384,2064639,2064431,0
2064895,426369060728791,3028292,0.56710189,256,2064640,2064895,2064642,0
2065151,426369060737958,3856750,0.60762078,256,2064896,2065151,2065012,0
2065407,426369063081166,2330917,0.61130886,256,2065152,2065407,2065189,0
2065663,426369063096625,3150458,0.57097002,256,2065408,2065663,2065478,0
2065919,426369063117708,3938208,0.58355571,256,2065664,2065919,2065754,0
2066175,426369063736541,4152209,0.61997599,256,2065920,2066175,2066045,0
2066431,426369064619083,4089875,0.60002854,256,2066176,2066431,2066212,0
2066687,426369065512291,4029625,0.63354144,256,2066432,2066687,2066553,0
2066943,426369066430625,3923583,0.61653147,256,2066688,2066943,2066699,0
2067199,426369067259375,3903125,0.5885259,256,2066944,2067199,2067159,0
2067455,426369068137375,3848791,0.60738056,256,2067200,2067455,2067316,0
2067711,426369068980916,3819167,0.61848223,256,2067456,2067711,2067567,0
2067967,426369069858916,3766667,0.5728344,256,2067712,2067967,2067799,0
2068223,426369070740500,3716125,0.61213227,256,2067968,2068223,2068026,0
2068479,426369071675541,3596500,0.59319544,256,2068224,2068479,2068469,0
2068735,426369072588125,3492083,0.57637225,256,2068480,2068735,2068566,0
2068991,426369073481541,3428167,0.59242797,256,2068736,2068991,2068764,0
2069247,426369074303500,3452875,0.6337925,256,2068992,2069247,2069185,0
2069503,426369075175458,3426583,0.62627704,256,2069248,2069503,2069375,0
2069759,426369076102000,3318750,0.57674917,256,2069504,2069759,2069699,0
2070015,426369076982833,3242958,0.59063498,256,2069760,2070015,2069883,0
2070271,426369077853833,3210583,0.61252297,256,2070016,2070271,2070042,0
2070527,426369078701666,3206084,0.63678324,256,2070272,2070527,2070318,0
2070783,426369079561291,3186834,0.60904724,256,2070528,2070783,2070774,0
2071039,426369080470041,3092167,0.60540203,256,2070784,2071039,2070956,0
2071295,426369081337041,3043084,0.60613878,256,2071040,2071295,2071059,0
2071551,426369082222583,2999250,0.61424834,256,2071296,2071551,2071517,0
2071807,426369083136833,3310708,0.59625723,256,2071552,2071807,2071789,0
2072063,426369084044250,3202916,0.60373505,256,2071808,2072063,2072002,0
2072319,426369084959708,3123625,0.61460563,256,2072064,2072319,2072272,0
2072575,426369085777750,3153250,0.66362755,256,2072320,2072575,2072543,0
2072831,426369086689708,3071750,0.59350308,256,2072576,2072831,2072806,0
2073087,426369087569125,3042875,0.62217051,256,2072832,2073087,2072917,0
2073343,426369088437208,3032792,0.61708042,256,2073088,2073343,2073174,0
2073599,426369089351916,2943834,0.64805175,256,2073344,2073599,2073382,0
2073855,426369090263458,2868458,0.62971467,256,2073600,2073855,2073773,0
2074111,426369091179125,2791541,0.6198063,256,2073856,2074111,2073982,0
2074367,426369092090541,2673750,0.58066036,256,2074112,2074367,2074261,0
2074623,426369093012583,2605208,0.62529003,256,2074368,2074623,2074439,0
2074879,426369093843333,2597000,0.62864922,256,2074624,2074879,2074749,0
2075135,426369094730041,2551750,0.62037311,256,2074880,2075135,2075030,0
2075391,426369095554791,2531459,0.5705806,256,2075136,2075391,2075385,0
2075647,426369096448291,2482084,0.63898438,256,2075392,2075647,2075524,0
2075903,426369097331375,2411958,0.60579449,256,2075648,2075903,2075865,0
2076159,426369098197041,2363792,0.59432828,256,2075904,2076159,2076156,0
2076415,426369099060041,2309125,0.56983826,256,2076160,2076415,2076319,0
2076671,426369099919375,2267708,0.57141594,256,2076416,2076671,2076495,0
2076927,426369100783208,2220083,0.5911342,256,2076672,2076927,2076923,0
2077183,426369101685208,2178417,0.63939749,256,2076928,2077183,2077044,0
2077439,426369102604125,2078416,0.63027226,256,2077184,2077439,2077374,0
2077695,426369103501208,2010667,0.58755874,256,2077440,2077695,2077610,0
2077951,426369104388625,1979208,0.56916369,256,2077696,2077951,2077873,0
2078207,426369105267125,1896333,0.62146377,256,2077952,2078207,2077982,0
2078463,426369106144291,1837792,0.59872554,256,2078208,2078463,2078429,0
2078719,426369107037916,1762417,0.59822397,256,2078464,2078719,2078555,0
2078975,426369107904083,4417708,0.60944565,256,2078720,2078975,2078879,0
2079231,426369108764041,3561250,0.61940373,256,2078976,2079231,2079121,0
2079487,426369109840625,2485833,0.61862896,256,2079232,2079487,2079321,0
2079743,426369110762916,2498125,0.64121584,256,2079488,2079743,2079528,0
2079999,426369112451541,1624167,0.60850876,256,2079744,2079999,2079793,0
2080255,426369112465958,2426125,0.63755647,256,2080000,2080255,2080220,0
2080511,426369113289250,2410708,0.62428661,256,2080256,2080511,2080344,0
2080767,426369114235375,2265291,0.60332944,256,2080512,2080767,2080530,0
2081023,426369115067000,2262208,0.6298314,256,2080768,2081023,2080816,0
2081279,426369115989666,2138792,0.58800449,256,2081024,2081279,2081254,0
2081535,426369116885666,2025959,0.5797155,256,2081280,2081535,2081501,0
2081791,426369117760833,1962208,0.59206189,256,2081536,2081791,2081739,0
2082047,426369118555041,1968459,0.61040398,256,2081792,2082047,2081805,0
2082303,426369119449958,1866042,0.57035621,256,2082048,2082303,2082232,0
2082559,426369120349791,1771459,0.6426336,256,2082304,2082559,2082541,0
2082815,426369121241583,1712625,0.65932005,256,2082560,2082815,2082599,0
2083071,426369122130875,1660875,0.59602317,256,2082816,2083071,2082964,0
2083327,426369123025166,1570417,0.60274246,256,2083072,2083327,2083133,0
2083583,426369123877750,1538916,0.61212021,256,2083328,2083583,2083568,0
2083839,426369124793583,1480667,0.6686183,256,2083584,2083839,2083692,0
2084095,426369125689750,1369833,0.60951265,256,2083840,2084095,2084032,0
2084351,426369126597333,1300833,0.64193169,256,2084096,2084351,2084347,0
2084607,426369127485208,1238458,0.58499298,256,2084352,2084607,2084588,0
2084863,426369128373625,1154416,0.58175114,256,2084608,2084863,2084783,0
2085119,426369129227458,1088542,0.6016676,256,2084864,2085119,2085064,0
2085375,426369130067541,1075959,0.61858467,256,2085120,2085375,2085336,0
2085631,426369130992000,970208,0.58407239,256,2085376,2085631,2085503,0
2085887,426369131896208,906250,0.59487259,256,2085632,2085887,2085695,0
2086143,426369132796375,830041,0.58325845,256,2085888,2086143,2086087,0
2086399,426369133676708,1701417,0.57110776,256,2086144,2086399,2086261,0
2086655,426369134528666,1848792,0.62981849,256,2086400,2086655,2086568,0
2086911,426369135481958,1731625,0.60212846,256,2086656,2086911,2086884,0
2087167,426369136346166,1747292,0.65859587,256,2086912,2087167,2087048,0
2087423,426369137262125,1683291,0.60433851,256,2087168,2087423,2087327,0
2087679,426369138112291,1664834,0.60328128,256,2087424,2087679,2087525,0
2087935,426369138980250,1645958,0.58603592,256,2087680,2087935,2087736,0
2088191,426369139851000,1632541,0.6051523,256,2087936,2088191,2088138,0
2088447,426369140701916,1687209,0.60298794,256,2088192,2088447,2088341,0
2088703,426369141614125,1645666,0.59905662,256,2088448,2088703,2088644,0
2088959,426369142466458,1710333,0.61451882,256,2088704,2088959,2088947,0
2089215,426369143323291,1720875,0.64303692,256,2088960,2089215,2089078,0
2089471,426369144258208,1682917,0.60143652,256,2089216,2089471,2089228,0
2089727,426369145166375,1626166,0.61402743,256,2089472,2089727,2089611,0
2089983,426369146032916,1616959,0.61915101,256,2089728,2089983,2089963,0
2090239,426369146918416,1581209,0.61489867,256,2089984,2090239,2089986,0
2090495,426369147773833,1572375,0.61467062,256,2090240,2090495,2090317,0
2090751,426369148620041,1581292,0.59832341,256,2090496,2090751,2090499,0
2091007,426369149513916,1526542,0.60441898,256,2090752,2091007,2090906,0
2091263,426369150432916,1447625,0.60027493,256,2091008,2091263,2091111,0
2091519,426369151255458,1498583,0.66421782,256,2091264,2091519,2091410,0
2091775,426369152160791,1441000,0.61290356,256,2091520,2091775,2091574,0
2092031,426369153058041,1374959,0.64918656,256,2091776,2092031,2091800,0
2092287,426369153961625,1357333,0.59092323,256,2092032,2092287,2092037,0
2092543,426369154836750,1249541,0.6548657,256,2092288,2092543,2092531,0
2092799,426369155727583,1264833,0.65669599,256,2092544,2092799,2092546,0
2093055,426369156584875,1240458,0.62120374,256,2092800,2093055,2093029,0
2093311,426369157556208,1104250,0.60691563,256,2093056,2093311,2093171,0
2093567,426369158431416,3068042,0.60772612,256,2093312,2093567,2093425,0
2093823,426369161528125,917041,0.57819875,256,2093568,2093823,2093714,0
2094079,426369161542625,1757625,0.62012724,256,2093824,2094079,2093966,0
2094335,426369161569000,2624583,0.62712254,256,2094080,2094335,2094281,0
2094591,426369162021208,3032042,0.60192367,256,2094336,2094591,2094373,0
2094847,426369162901250,3001666,0.58488348,256,2094592,2094847,2094651,0
2095103,426369163823666,2923125,0.62206653,256,2094848,2095103,2094923,0
2095359,426369164755000,2862125,0.62019624,256,2095104,2095359,2095197,0
2095615,426369165664000,2822500,0.62464416,256,2095360,2095615,2095509,0
2095871,426369166545041,2761167,0.57558784,256,2095616,2095871,2095683,0
2096127,426369167378000,2743000,0.63017868,256,2095872,2096127,2096085,0
2096383,426369168228333,2703292,0.59797292,256,2096128,2096383,2096376,0
2096639,426369169121916,2638542,0.61242889,256,2096384,2096639,2096400,0
2096895,426369170023416,2543875,0.59227937,256,2096640,2096895,2096660,0
2097151,426369170960291,2433375,0.59442219,256,2096896,2097151,2096912,0
2097407,426369171911208,2340167,0.63925784,256,2097152,2097407,2097231,0
2097663,426369172836041,2239334,0.58870569,256,2097408,2097663,2097567,0
2097919,426369173752791,2149417,0.61103145,256,2097664,2097919,2097792,0
2098175,426369174615500,2138958,0.61090879,256,2097920,2098175,2098079,0
2098431,426369175560750,2017625,0.58031878,256,2098176,2098431,2098311,0
2098687,426369176477250,1930666,0.61692627,256,2098432,2098687,2098449,0
2098943,426369177306166,1937375,0.64087453,256,2098688,2098943,2098872,0
2099199,426369178140541,1935750,0.6315689,256,2098944,2099199,2099100,0
2099455,426369178997625,1891625,0.57421666,256,2099200,2099455,2099302,0
2099711,426369179892458,1864917,0.63829549,256,2099456,2099711,2099582,0
2099967,426369180716291,1876834,0.62853484,256,2099712,2099967,2099785,0
2100223,426369181619416,1870375,0.60755528,256,2099968,2100223,2099992,0
2100479,426369182530041,1796250,0.60754791,256,2100224,2100479,2100431,0
2100735,426369183395916,1777417,0.62263458,256,2100480,2100735,2100529,0
2100991,426369184354166,1678625,0.60779822,256,2100736,2100991,2100800,0
2101247,426369185244333,1623708,0.59317879,256,2100992,2101247,2101154,0
2101503,426369186193708,1528958,0.63330478,256,2101248,2101503,2101378,0
2101759,426369187051875,1525333,0.63263105,256,2101504,2101759,2101595,0
2102015,426369187913125,1532250,0.64410942,256,2101760,2102015,2101775,0
2102271,426369188829125,4922708,0.6023155,256,2102016,2102271,2102198,0
2102527,426369189681458,4155625,0.59392582,256,2102272,2102527,2102393,0
2102783,426369191140333,3656042,0.6397648,256,2102528,2102783,2102632,0
2103039,426369193870500,1779500,0.60877202,256,2102784,2103039,2102968,0
2103295,426369193881791,2629125,0.61318985,256,2103040,2103295,2103213,0
2103551,426369193897375,3488541,0.62750057,256,2103296,2103551,2103340,0
2103807,426369194136833,4141125,0.63772835,256,2103552,2103807,2103564,0
2104063,426369195114333,4025792,0.64164905,256,2103808,2104063,2103983,0
2104319,426369196049125,3968375,0.64319282,256,2104064,2104319,2104236,0
2104575,426369196896000,3967291,0.62274917,256,2104320,2104575,2104562,0
2104831,426369197739291,3999209,0.63325526,256,2104576,2104831,2104770,0
2105087,426369198553208,4166042,0.63732299,256,2104832,2105087,2104909,0
2105343,426369199410125,4446666,0.59443301,256,2105088,2105343,2105257,0
2105599,426369200294166,4405125,0.64122953,256,2105344,2105599,2105392,0
2105855,426369201238583,4315792,0.64987984,256,2105600,2105855,2105685,0
2106111,426369202111750,4302708,0.59472973,256,2105856,2106111,2105983,0
2106367,426369202997916,4355834,0.65296432,256,2106112,2106367,2106301,0
2106623,426369203932333,4299292,0.61340293,256,2106368,2106623,2106526,0
2106879,426369204811333,4313833,0.64018076,256,2106624,2106879,2106720,0
2107135,426369205742833,4283208,0.63829761,256,2106880,2107135,2107086,0
2107391,426369206624958,4280208,0.59043634,256,2107136,2107391,2107340,0
2107647,426369207512125,4281625,0.61976185,256,2107392,2107647,2107469,0
2107903,426369208442583,4215417,0.64076093,256,2107648,2107903,2107886,0
2108159,426369209351000,4155708,0.60188761,256,2107904,2108159,2108135,0
2108415,426369210248750,4102041,0.64467236,256,2108160,2108415,2108411,0
2108671,426369211166541,4037417,0.61130411,256,2108416,2108671,2108568,0
2108927,426369212040375,4029250,0.62364927,256,2108672,2108927,2108705,0
2109183,426369212963583,3987125,0.67610459,256,2108928,2109183,2109061,0
2109439,426369213794500,4019375,0.61156548,256,2109184,2109439,2109322,0
2109695,426369214681083,4024917,0.64185669,256,2109440,2109695,2109531,0
2109951,426369215525166,4040000,0.60819544,256,2109696,2109951,2109835,0
2110207,426369216389458,4056583,0.60853292,256,2109952,2110207,2110172,0
2110463,426369217359000,3978166,0.62492758,256,2110208,2110463,2110455,0
2110719,426369218175583,4090458,0.67894507,256,2110464,2110719,2110670,0
2110975,426369219060750,4092166,0.60293968,256,2110720,2110975,2110874,0
2111231,426369219949250,4127541,0.64961557,256,2110976,2111231,2111141,0
2111487,426369220878375,4111041,0.65605684,256,2111232,2111487,2111445,0
2111743,426369221767041,4095417,0.60291165,256,2111488,2111743,2111683,0
2111999,426369222625541,4139500,0.63862436,256,2111744,2111999,2111769,0
2112255,426369223470625,4225791,0.64809905,256,2112000,2112255,2112177,0
2112511,426369224329666,4242042,0.61243982,256,2112256,2112511,2112291,0
2112767,426369225215250,4252333,0.61548058,256,2112512,2112767,2112614,0
2113023,426369226072875,4242083,0.58987834,256,2112768,2113023,2112950,0
2113279,426369226957125,4252916,0.64472019,256,2113024,2113279,2113083,0
2113535,426369227862833,4217625,0.60813703,256,2113280,2113535,2113493,0
2113791,426369228764291,4199042,0.6762325,256,2113536,2113791,2113542,0
2114047,426369229607125,4225083,0.63039284,256,2113792,2114047,2113973,0
2114303,426369230527583,4178875,0.65093792,256,2114048,2114303,2114183,0
2114559,426369231323791,4238375,0.61951663,256,2114304,2114559,2114506,0
2114815,426369232259750,4161166,0.60176922,256,2114560,2114815,2114706,0
2115071,426369233073250,4204083,0.58877187,256,2114816,2115071,2114929,0
2115327,426369234020666,4113667,0.62346011,256,2115072,2115327,2115153,0
2115583,426369234868333,4155458,0.62318861,256,2115328,2115583,2115354,0
2115839,426369235691833,6770458,0.60674639,256,2115584,2115839,2115743,0
2116095,426369236562458,5901917,0.59356166,256,2115840,2116095,2116042,0
2116351,426369237429625,5035875,0.62176583,256,2116096,2116351,2116319,0
2116607,426369238365833,4357375,0.67761214,256,2116352,2116607,2116606,0
2116863,426369239260333,4269750,0.65186202,256,2116608,2116863,2116616,0
2117119,426369240469291,3976750,0.63351258,256,2116864,2117119,2116970,0
2117375,426369242431500,2945625,0.6318691,256,2117120,2117375,2117349,0
2117631,426369242450416,3854750,0.61632936,256,2117376,2117631,2117400,0
2117887,426369242890291,4267042,0.5882785,256,2117632,2117887,2117751,0
2118143,426369243712875,4300791,0.59024759,256,2117888,2118143,2118099,0
2118399,426369244612375,4250500,0.59034687,256,2118144,2118399,2118390,0
2118655,426369245485375,4270333,0.68728591,256,2118400,2118655,2118577,0
2118911,426369246367958,4227958,0.61264445,256,2118656,2118911,2118860,0
2119167,426369247250625,4217583,0.60049282,256,2118912,2119167,2119088,0
2119423,426369248104875,4214208,0.61710258,256,2119168,2119423,2119209,0
2119679,426369249035208,4142667,0.6286582,256,2119424,2119679,2119592,0
2119935,426369249933083,4119333,0.6453923,256,2119680,2119935,2119761,0
2120191,426369250847333,4093750,0.61664735,256,2119936,2120191,2119945,0
2120447,426369251719291,4103750,0.6416423,256,2120192,2120447,2120262,0
2120703,426369252610041,4077959,0.62430912,256,2120448,2120703,2120661,0
2120959,426369253444000,4105583,0.63129476,256,2120704,2120959,2120723,0
2121215,426369254352708,4028250,0.64913662,256,2120960,2121215,2121021,0
2121471,426369255195291,4311875,0.64973736,256,2121216,2121471,2121379,0
2121727,426369256085291,4048750,0.58835701,256,2121472,2121727,2121724,0
2121983,426369256915958,4054625,0.61284035,256,2121728,2121983,2121740,0
2122239,426369257807875,4060958,0.64470687,256,2121984,2122239,2122057,0
2122495,426369258655708,4065042,0.63684892,256,2122240,2122495,2122434,0
2122751,426369259589083,4032458,0.68487594,256,2122496,2122751,2122573,0
2123007,426369260390458,4078458,0.60635518,256,2122752,2123007,2122827,0
2123263,426369261329583,4041500,0.63492915,256,2123008,2123263,2123095,0
2123519,426369262239041,4001042,0.64038003,256,2123264,2123519,2123424,0
2123775,426369263095708,4003000,0.60458498,256,2123520,2123775,2123626,0
2124031,426369264089625,3862500,0.61138184,256,2123776,2124031,2123938,0
2124287,426369264871583,3913083,0.57218914,256,2124032,2124287,2124261,0
2124543,426369265785166,3848750,0.62098797,256,2124288,2124543,2124466,0
2124799,426369266616625,3883083,0.62856775,256,2124544,2124799,2124618,0
2125055,426369267531500,3813791,0.59053032,256,2124800,2125055,2124870,0
2125311,426369268440083,3812833,0.64044553,256,2125056,2125311,2125223,0
2125567,426369269300083,3811000,0.62097953,256,2125312,2125567,2125488,0
2125823,426369270176583,3813125,0.61062979,256,2125568,2125823,2125660,0
2126079,426369271112833,3739375,0.60962017,256,2125824,2126079,2126008,0
2126335,426369272029916,3691459,0.60518556,256,2126080,2126335,2126289,0
2126591,426369272913958,3678708,0.64102501,256,2126336,2126591,2126538,0
2126847,426369273761208,3695083,0.62939463,256,2126592,2126847,2126623,0
2127103,426369274733250,3574708,0.58867688,256,2126848,2127103,2127041,0
2127359,426369275618125,3545750,0.6443855,256,2127104,2127359,2127259,0
2127615,426369276520791,3510417,0.65614144,256,2127360,2127615,2127559,0
2127871,426369277352083,3515250,0.57842803,256,2127616,2127871,2127773,0
2128127,426369278274708,3487792,0.6332931,256,2127872,2128127,2128081,0
2128383,426369279147833,3443917,0.58710934,256,2128128,2128383,2128196,0
2128639,426369280053125,3515083,0.60331849,256,2128384,2128639,2128493,0
2128895,426369280962875,3346250,0.61998326,256,2128640,2128895,2128701,0
2129151,426369281853333,5519667,0.65400459,256,2128896,2129151,2129035,0
2129407,426369282649458,4727917,0.61290691,256,2129152,2129407,2129154,0
2129663,426369283612666,3765750,0.6458288,256,2129408,2129663,2129599,0
2129919,426369284426083,3349125,0.59749237,256,2129664,2129919,2129752,0
2130175,426369287186208,1480333,0.597402,256,2129920,2130175,2130061,0
2130431,426369287195625,2357458,0.66563199,256,2130176,2130431,2130416,0
2130687,426369287205000,3217125,0.61983034,256,2130432,2130687,2130526,0
2130943,426369287969666,3321625,0.61303204,256,2130688,2130943,2130869,0
2131199,426369288858166,3324084,0.60281846,256,2130944,2131199,2131136,0
2131455,426369289696625,3407875,0.59442221,256,2131200,2131455,2131299,0
2131711,426369290581541,3380875,0.59648675,256,2131456,2131711,2131707,0
2131967,426369291489875,3346458,0.59384777,256,2131712,2131967,2131879,0
2132223,426369292369541,3398167,0.65585927,256,2131968,2132223,2132050,0
2132479,426369293237458,3409792,0.63750405,256,2132224,2132479,2132395,0
2132735,426369294154875,3359166,0.65071636,256,2132480,2132735,2132698,0
2132991,426369294993458,3342583,0.60724357,256,2132736,2132991,2132742,0
2133247,426369295842625,3343208,0.61297029,256,2132992,2133247,2133178,0
2133503,426369296710791,3318500,0.62639294,256,2133248,2133503,2133314,0
2133759,426369297607000,3252791,0.61854913,256,2133504,2133759,2133631,0
2134015,426369298429000,3305875,0.6080745,256,2133760,2134015,2133995,0
2134271,426369299252666,3396375,0.63534921,256,2134016,2134271,2134202,0
2134527,426369300125083,3452917,0.61000586,256,2134272,2134527,2134365,0
2134783,426369301547416,2919084,0.59199943,256,2134528,2134783,2134650,0
2135039,426369301872666,3484375,0.62598071,256,2134784,2135039,2134911,0
2135295,426369302787583,3477500,0.60876253,256,2135040,2135295,2135063,0
2135551,426369303661916,3420584,0.62042115,256,2135296,2135551,2135310,0
2135807,426369304576416,3324625,0.60044824,256,2135552,2135807,2135687,0
2136063,426369305456000,3319125,0.62258164,256,2135808,2136063,2136031,0
2136319,426369306320541,3312125,0.61672773,256,2136064,2136319,2136177,0
2136575,426369307202750,3269583,0.63793373,256,2136320,2136575,2136484,0
2136831,426369308096291,3242667,0.65676825,256,2136576,2136831,2136807,0
2137087,426369308939333,3220708,0.58900255,256,2136832,2137087,2136941,0
2137343,426369309861708,3183250,0.65068601,256,2137088,2137343,2137136,0
2137599,426369310756791,3118417,0.65469798,256,2137344,2137599,2137363,0
2137855,426369311607208,3106750,0.61766377,256,2137600,2137855,2137852,0
2138111,426369312521583,3037958,0.59563738,256,2137856,2138111,2137928,0
2138367,426369313441541,2942625,0.59642016,256,2138112,2138367,2138174,0
2138623,426369314359958,2906500,0.66309834,256,2138368,2138623,2138535,0
2138879,426369315268958,2858167,0.61057383,256,2138624,2138879,2138830,0
2139135,426369316179166,2813875,0.59880173,256,2138880,2139135,2138927,0
2139391,426369317072750,2767416,0.60759245,256,2139136,2139391,2139191,0
2139647,426369317972875,2733041,0.65781552,256,2139392,2139647,2139424,0
2139903,426369318869333,2676125,0.63380544,256,2139648,2139903,2139704,0
2140159,426369319754583,2623750,0.60113956,256,2139904,2140159,2140093,0
2140415,426369320601583,2607583,0.62129579,256,2140160,2140415,2140357,0
2140671,426369321474666,2601500,0.62064396,256,2140416,2140671,2140657,0
2140927,426369322352541,2546625,0.60302827,256,2140672,2140927,2140880,0
2141183,426369323213500,2521708,0.60785975,256,2140928,2141183,2141179,0
2141439,426369324060333,2514500,0.61596974,256,2141184,2141439,2141397,0
2141695,426369324963208,2438125,0.57658246,256,2141440,2141695,2141494,0
2141951,426369325848416,2380459,0.62374666,256,2141696,2141951,2141951,0
2142207,426369326721083,2337667,0.6010083,256,2141952,2142207,2142117,0
2142463,426369327594000,2293041,0.58368317,256,2142208,2142463,2142310,0
2142719,426369328488500,2214041,0.58232311,256,2142464,2142719,2142585,0
2142975,426369329345583,2211000,0.6099363,256,2142720,2142975,2142804,0
2143231,426369330179458,2203083,0.58881237,256,2142976,2143231,2143112,0
2143487,426369331134750,4273666,0.61528807,256,2143232,2143487,2143281,0
2143743,426369332020666,3438959,0.60228561,256,2143488,2143743,2143523,0
2143999,426369335479666,973542,0.65134198,256,2143744,2143999,2143862,0
2144255,426369335496166,1812792,0.62799196,256,2144000,2144255,2144136,0
2144511,426369335510666,2642667,0.64382915,256,2144256,2144511,2144454,0
2144767,426369335527250,3491416,0.61922696,256,2144512,2144767,2144668,0
2145023,426369336423041,3448542,0.60329803,256,2144768,2145023,2144799,0
2145279,426369337300166,3411125,0.62816033,256,2145024,2145279,2145159,0
2145535,426369338138458,3400250,0.64913908,256,2145280,2145535,2145529,0
2145791,426369339039458,3317625,0.5909622,256,2145536,2145791,2145680,0
2146047,426369340001083,3192708,0.59932455,256,2145792,2146047,2145820,0
2146303,426369340841333,3175875,0.61677297,256,2146048,2146303,2146227,0
2146559,426369341696833,3166542,0.65642894,256,2146304,2146559,2146328,0
2146815,426369342641000,3047375,0.58687898,256,2146560,2146815,2146724,0
2147071,426369343440250,3051291,0.5812468,256,2146816,2147071,2147029,0
2147327,426369344354541,2971417,0.60889053,256,2147072,2147327,2147192,0
2147583,426369345202791,2965750,0.6789547,256,2147328,2147583,2147564,0
2147839,426369346066833,2925375,0.63423499,256,2147584,2147839,2147770,0
2148095,426369346875500,2979791,0.62730144,256,2147840,2148095,2147963,0
2148351,426369347740916,2910792,0.57473111,256,2148096,2148351,2148260,0
2148607,426369348626208,2837750,0.64256733,256,2148352,2148607,2148558,0
2148863,426369349509041,2799375,0.62837244,256,2148608,2148863,2148738,0
2149119,426369350438125,2723958,0.5982365,256,2148864,2149119,2148934,0
2149375,426369351279500,2699708,0.60359799,256,2149120,2149375,2149210,0
2149631,426369352184541,2607084,0.56453933,256,2149376,2149631,2149549,0
2149887,426369353039083,2626875,0.59659302,256,2149632,2149887,2149648,0
2150143,426369353990500,2445125,0.61424866,256,2149888,2150143,2150051,0
2150399,426369354856958,2410542,0.62930165,256,2150144,2150399,2150343,0
2150655,426369355700125,2406708,0.58270619,256,2150400,2150655,2150654,0
2150911,426369356538333,2374667,0.58112582,256,2150656,2150911,2150827,0
2151167,426369357454875,2322791,0.62488011,256,2150912,2151167,2150957,0
2151423,426369358307541,2291209,0.58236464,256,2151168,2151423,2151396,0
2151679,426369359166833,2256208,0.62010245,256,2151424,2151679,2151578,0
2151935,426369360075416,2183209,0.61091659,256,2151680,2151935,2151830,0
2152191,426369361000791,2080792,0.59584126,256,2151936,2152191,2152094,0
2152447,426369361915875,1992791,0.60658991,256,2152192,2152447,2152213,0
2152703,426369362809666,1932709,0.61519844,256,2152448,2152703,2152489,0
2152959,426369363683875,1889666,0.60823272,256,2152704,2152959,2152905,0
2153215,426369364514666,1877709,0.61129457,256,2152960,2153215,2153016,0
2153471,426369365439958,1768083,0.60562089,256,2153216,2153471,2153295,0
2153727,426369366319375,1708000,0.60377393,256,2153472,2153727,2153520,0
2153983,426369367189958,1687833,0.62713047,256,2153728,2153983,2153836,0
2154239,426369368124208,1593000,0.61624675,256,2153984,2154239,2154195,0
2154495,426369368978291,1557542,0.65692913,256,2154240,2154495,2154263,0
2154751,426369369779833,1567958,0.60662932,256,2154496,2154751,2154587,0
2155007,426369370734375,1406291,0.62261602,256,2154752,2155007,2154803,0
2155263,426369371642916,1325750,0.61549548,256,2155008,2155263,2155236,0
2155519,426369372499208,1297167,0.59284452,256,2155264,2155519,2155433,0
2155775,426369373408541,1221459,0.60383213,256,2155520,2155775,2155690,0
2156031,426369374313375,1127125,0.57129647,256,2155776,2156031,2155940,0
2156287,426369375196291,1037417,0.58227665,256,2156032,2156287,2156062,0
2156543,426369376088166,978125,0.59378722,256,2156288,2156543,2156332,0
2156799,426369376957958,929583,0.61128015,256,2156544,2156799,2156591,0
2157055,426369377832916,889084,0.62494963,256,2156800,2157055,2156835,0
2157311,426369378681458,852792,0.58792185,256,2157056,2157311,2157302,0
2157567,426369379596250,869041,0.58728021,256,2157312,2157567,2157397,0
2157823,426369380437000,883333,0.61263605,256,2157568,2157823,2157590,0
2158079,426369381338583,873833,0.61526841,256,2157824,2158079,2157875,0
2158335,426369382226375,892708,0.61289621,256,2158080,2158335,2158324,0
2158591,426369383124125,925041,0.69292101,256,2158336,2158591,2158558,0
2158847,426369383971166,1027834,0.62522518,256,2158592,2158847,2158601,0
2159103,426369384886250,992291,0.62245042,256,2158848,2159103,2159046,0
2159359,426369385737791,954875,0.59416998,256,2159104,2159359,2159117,0
2159615,426369386645208,872458,0.59891146,256,2159360,2159615,2159472,0
2159871,426369387604625,1688291,0.59348389,256,2159616,2159871,2159762,0
2160127,426369388511916,1775042,0.59958757,256,2159872,2160127,2159897,0
2160383,426369389439750,1648291,0.60133077,256,2160128,2160383,2160289,0
2160639,426369390277375,1681833,0.60591531,256,2160384,2160639,2160582,0
2160895,426369391207000,1629000,0.63295032,256,2160640,2160895,2160666,0
2161151,426369392068541,1643709,0.60153947,256,2160896,2161151,2161002,0
2161407,426369392973416,3753542,0.59158211,256,2161152,2161407,2161373,0
2161663,426369396554125,987958,0.64671385,256,2161408,2161663,2161544,0
2161919,426369396571208,1872042,0.63386269,256,2161664,2161919,2161875,0
2162175,426369396595958,2738292,0.63145207,256,2161920,2162175,2162172,0
2162431,426369396621333,3637875,0.63753856,256,2162176,2162431,2162260,0
2162687,426369397442500,3714625,0.63687953,256,2162432,2162687,2162655,0
2162943,426369398319541,3720292,0.60181328,256,2162688,2162943,2162774,0
2163199,426369399190541,3710625,0.64143286,256,2162944,2163199,2162978,0
2163455,426369400108041,3689709,0.61257362,256,2163200,2163455,2163429,0
2163711,426369401015791,3621834,0.60967855,256,2163456,2163711,2163686,0
2163967,426369401908125,3603708,0.59341199,256,2163712,2163967,2163831,0
2164223,426369402753541,3671584,0.64639082,256,2163968,2164223,2164021,0
2164479,426369403612875,3625583,0.62883106,256,2164224,2164479,2164431,0
2164735,426369404433541,3616500,0.56860543,256,2164480,2164735,2164630,0
2164991,426369405355791,3516959,0.60529077,256,2164736,2164991,2164974,0
2165247,426369406215166,3492875,0.61130886,256,2164992,2165247,2165189,0
2165503,426369407112083,3411792,0.5750652,256,2165248,2165503,2165347,0
2165759,426369408040291,3303000,0.58355571,256,2165504,2165759,2165754,0
2166015,426369408904041,3256084,0.58718128,256,2165760,2166015,2165933,0
2166271,426369409791000,3198583,0.61997599,256,2166016,2166271,2166045,0
2166527,426369410668291,3140417,0.59411462,256,2166272,2166527,2166458,0
2166783,426369411554000,3081208,0.63354144,256,2166528,2166783,2166553,0
2167039,426369412452708,2993667,0.61077366,256,2166784,2167039,2166792,0
2167295,426369413278958,2982958,0.59877957,256,2167040,2167295,2167263,0
2167551,426369414177500,2919458,0.60738056,256,2167296,2167551,2167316,0
2167807,426369415038625,2885208,0.61848223,256,2167552,2167807,2167567,0
2168063,426369415894833,2840708,0.61213227,256,2167808,2168063,2168026,0
2168319,426369416785083,2764375,0.59197516,256,2168064,2168319,2168185,0
2168575,426369417739666,2635792,0.59319544,256,2168320,2168575,2168469,0
2168831,426369418642000,2539541,0.59242797,256,2168576,2168831,2168764,0
2169087,426369419498250,2510875,0.58565776,256,2168832,2169087,2168869,0
2169343,426369420351750,2499791,0.6337925,256,2169088,2169343,2169185,0
2169599,426369421206125,2489500,0.62627704,256,2169344,2169599,2169375,0
2169855,426369422107583,2401958,0.58328891,256,2169600,2169855,2169794,0
2170111,426369423023208,2304000,0.61252297,256,2169856,2170111,2170042,0
2170367,426369423878708,2298750,0.63678324,256,2170112,2170367,2170318,0
2170623,426369424715291,2288209,0.61420734,256,2170368,2170623,2170414,0
2170879,426369425638416,2212125,0.60904724,256,2170624,2170879,2170774,0
2171135,426369426495041,2171459,0.60613878,256,2170880,2171135,2171059,0
2171391,426369427384416,2100125,0.60333579,256,2171136,2171391,2171168,0
2171647,426369428278958,2047458,0.61424834,256,2171392,2171647,2171517,0
2171903,426369429167500,1989750,0.59625723,256,2171648,2171903,2171789,0
2172159,426369430087166,1887500,0.61436095,256,2171904,2172159,2172096,0
2172415,426369430966208,1844750,0.63025999,256,2172160,2172415,2172376,0
2172671,426369431834708,1818375,0.66362755,256,2172416,2172671,2172543,0
2172927,426369432744333,1820250,0.62217051,256,2172672,2172927,2172917,0
2173183,426369433588791,1834000,0.61708042,256,2172928,2173183,2173174,0
2173439,426369434503458,1767000,0.64805175,256,2173184,2173439,2173382,0
2173695,426369435386000,1699500,0.60259417,256,2173440,2173695,2173615,0
2173951,426369436317958,1592625,0.62971467,256,2173696,2173951,2173773,0
2174207,426369437230500,1505958,0.6198063,256,2173952,2174207,2173982,0
2174463,426369438133916,1424584,0.62529003,256,2174208,2174463,2174439,0
2174719,426369438994250,1389208,0.60866964,256,2174464,2174719,2174643,0
2174975,426369439901625,1311708,0.62864922,256,2174720,2174975,2174749,0
2175231,426369440757791,1289042,0.62037311,256,2174976,2175231,2175030,0
2175487,426369441591166,1262417,0.5705806,256,2175232,2175487,2175385,0
2175743,426369442494333,1218833,0.63898438,256,2175488,2175743,2175524,0
2175999,426369443370875,1148166,0.60579449,256,2175744,2175999,2175865,0
2176255,426369444229625,3586250,0.59432828,256,2176000,2176255,2176156,0
2176511,426369447608291,1075209,0.57141594,256,2176256,2176511,2176495,0
2176767,426369447622750,1917708,0.58731305,256,2176512,2176767,2176756,0
2177023,426369447637875,2760416,0.59258233,256,2176768,2177023,2176966,0
2177279,426369447837625,3413416,0.63939749,256,2177024,2177279,2177044,0
2177535,426369448646291,3429250,0.63027226,256,2177280,2177535,2177374,0
2177791,426369449553916,3337875,0.58755874,256,2177536,2177791,2177610,0
2178047,426369450417750,3314416,0.62146377,256,2177792,2178047,2177982,0
2178303,426369451322500,3236583,0.60246461,256,2178048,2178303,2178132,0
2178559,426369452213000,3163458,0.59872554,256,2178304,2178559,2178429,0
2178815,426369453061666,3125500,0.59446178,256,2178560,2178815,2178809,0
2179071,426369453942000,3055291,0.60944565,256,2178816,2179071,2178879,0
2179327,426369454800166,3059667,0.61940373,256,2179072,2179327,2179121,0
2179583,426369455679375,3010750,0.64121584,256,2179328,2179583,2179528,0
2179839,426369456656875,2900750,0.60850876,256,2179584,2179839,2179793,0
2180095,426369457508833,2870458,0.59243858,256,2179840,2180095,2180049,0
2180351,426369458412875,2786916,0.63755647,256,2180096,2180351,2180220,0
2180607,426369459366416,2688542,0.61990284,256,2180352,2180607,2180394,0
2180863,426369460242291,2719209,0.6298314,256,2180608,2180863,2180816,0
2181119,426369461133583,2690833,0.5681895,256,2180864,2181119,2181068,0
2181375,426369462026166,2675167,0.58800449,256,2181120,2181375,2181254,0
2181631,426369462927291,2632875,0.58821582,256,2181376,2181631,2181558,0
2181887,426369463791416,2648584,0.61040398,256,2181632,2181887,2181805,0
2182143,426369464578041,2681584,0.6066355,256,2181888,2182143,2182016,0
2182399,426369465480583,2597708,0.57977163,256,2182144,2182399,2182353,0
2182655,426369466403916,2522084,0.65932005,256,2182400,2182655,2182599,0
2182911,426369467279458,2466625,0.594451,256,2182656,2182911,2182812,0
2183167,426369468153958,2442625,0.60274246,256,2182912,2183167,2183133,0
2183423,426369469015583,2396708,0.59988771,256,2183168,2183423,2183364,0
2183679,426369469925791,2347792,0.61212021,256,2183424,2183679,2183568,0
2183935,426369470861791,2255334,0.6686183,256,2183680,2183935,2183692,0
2184191,426369471748875,2180791,0.60951265,256,2183936,2184191,2184032,0
2184447,426369472628541,2175042,0.64193169,256,2184192,2184447,2184347,0
2184703,426369473529875,2105166,0.58499298,256,2184448,2184703,2184588,0
2184959,426369474422375,2052250,0.58960647,256,2184704,2184959,2184954,0
2185215,426369475229458,2062583,0.6016676,256,2184960,2185215,2185064,0
2185471,426369476145541,1998167,0.61858467,256,2185216,2185471,2185336,0
2185727,426369477043916,1951459,0.59487259,256,2185472,2185727,2185695,0
2185983,426369477932125,1898041,0.57453155,256,2185728,2185983,2185774,0
2186239,426369478826875,1821708,0.58325845,256,2185984,2186239,2186087,0
2186495,426369479674458,1799458,0.59289488,256,2186240,2186495,2186448,0
2186751,426369480622375,1693583,0.62981849,256,2186496,2186751,2186568,0
2187007,426369481516291,1638875,0.61250639,256,2186752,2187007,2186967,0
2187263,426369482402625,1635666,0.65859587,256,2187008,2187263,2187048,0
2187519,426369483281333,1610875,0.60433851,256,2187264,2187519,2187327,0
2187775,426369484139250,1571916,0.60328128,256,2187520,2187775,2187525,0
2188031,426369485019500,1537333,0.57827709,256,2187776,2188031,2187900,0
2188287,426369485910291,1480917,0.6051523,256,2188032,2188287,2188138,0
2188543,426369486711375,1532750,0.60298794,256,2188288,2188543,2188341,0
2188799,426369487639541,1418625,0.59933504,256,2188544,2188799,2188796,0
2189055,426369488485541,1429042,0.6392072,256,2188800,2189055,2189053,0
2189311,426369489376458,1365708,0.64303692,256,2189056,2189311,2189078,0
2189567,426369490342708,1244042,0.58952888,256,2189312,2189567,2189516,0
2189823,426369491174250,1258083,0.61402743,256,2189568,2189823,2189611,0
2190079,426369492089458,3935333,0.61915101,256,2189824,2190079,2189963,0
2190335,426369492913791,3112584,0.61467062,256,2190080,2190335,2190317,0
2190591,426369496042958,920917,0.60362462,256,2190336,2190591,2190357,0
2190847,426369496052666,1833042,0.5910827,256,2190592,2190847,2190815,0
2191103,426369496077000,2717958,0.60441898,256,2190848,2191103,2190906,0
2191359,426369496486875,3218916,0.61028263,256,2191104,2191359,2191281,0
2191615,426369497319291,3331084,0.66421782,256,2191360,2191615,2191410,0
2191871,426369498183750,3432625,0.64918656,256,2191616,2191871,2191800,0
2192127,426369499102500,3348583,0.62763628,256,2191872,2192127,2191924,0
2192383,426369500001166,3279959,0.59030164,256,2192128,2192383,2192263,0
2192639,426369500885000,3284583,0.65669599,256,2192384,2192639,2192546,0
2192895,426369501755583,3242333,0.59736265,256,2192640,2192895,2192835,0
2193151,426369502649583,3183625,0.62120374,256,2192896,2193151,2193029,0
2193407,426369503583000,3095833,0.60691563,256,2193152,2193407,2193171,0
2193663,426369504474708,3059417,0.60772612,256,2193408,2193663,2193425,0
2193919,426369505409000,2947375,0.61228407,256,2193664,2193919,2193891,0
2194175,426369506321875,2915250,0.62012724,256,2193920,2194175,2193966,0
2194431,426369507186083,2893292,0.62712254,256,2194176,2194431,2194281,0
2194687,426369508059500,2832708,0.59939127,256,2194432,2194687,2194578,0
2194943,426369508960166,2787459,0.62206653,256,2194688,2194943,2194923,0
2195199,426369509857541,2724875,0.62019624,256,2194944,2195199,2195197,0
2195455,426369510803375,2638791,0.62414991,256,2195200,2195455,2195367,0
2195711,426369511700750,2601541,0.62464416,256,2195456,2195711,2195509,0
2195967,426369512547541,2565250,0.59181943,256,2195712,2195967,2195962,0
2196223,426369513356708,2573500,0.63017868,256,2195968,2196223,2196085,0
2196479,426369514276250,2480333,0.61242889,256,2196224,2196479,2196400,0
2196735,426369515183666,2379292,0.59227937,256,2196480,2196735,2196660,0
2196991,426369516088875,2313250,0.59442219,256,2196736,2196991,2196912,0
2197247,426369517015833,2216750,0.63925784,256,2196992,2197247,2197231,0
2197503,426369517972166,2095875,0.61598194,256,2197248,2197503,2197317,0
2197759,426369518873833,2012083,0.58870569,256,2197504,2197759,2197567,0
2198015,426369519777625,1932666,0.61103145,256,2197760,2198015,2197792,0
2198271,426369520669916,1885250,0.61090879,256,2198016,2198271,2198079,0
2198527,426369521586458,1813042,0.61692627,256,2198272,2198527,2198449,0
2198783,426369522480458,1758667,0.59929395,256,2198528,2198783,2198638,0
2199039,426369523327291,1756417,0.64087453,256,2198784,2199039,2198872,0
2199295,426369524140958,1755458,0.6315689,256,2199040,2199295,2199100,0
2199551,426369525051375,1672625,0.58586341,256,2199296,2199551,2199543,0
2199807,426369525903250,1687958,0.63829549,256,2199552,2199807,2199582,0
2200063,426369526754083,1707125,0.60755528,256,2199808,2200063,2199992,0
2200319,426369527669958,1638875,0.60530327,256,2200064,2200319,2200165,0
2200575,426369528560458,1607333,0.62263458,256,2200320,2200575,2200529,0
2200831,426369529452083,1568083,0.60779822,256,2200576,2200831,2200800,0
2201087,426369530384833,1483625,0.60230919,256,2200832,2201087,2200956,0
2201343,426369531285541,1417709,0.59317879,256,2201088,2201343,2201154,0
2201599,426369532216208,1344750,0.63330478,256,2201344,2201599,2201378,0
2201855,426369533058750,1357375,0.64410942,256,2201600,2201855,2201775,0
2202111,426369533958125,1341583,0.59992807,256,2201856,2202111,2202083,0
2202367,426369534850208,1278292,0.6023155,256,2202112,2202367,2202198,0
2202623,426369535720500,1272541,0.6196173,256,2202368,2202623,2202563,0
2202879,426369536576375,1287416,0.6397648,256,2202624,2202879,2202632,0
2203135,426369537478708,1251375,0.60877202,256,2202880,2203135,2202968,0
2203391,426369538375583,1211083,0.62750057,256,2203136,2203391,2203340,0
2203647,426369539287916,1180750,0.63772835,256,2203392,2203647,2203564,0
2203903,426369540207458,4048542,0.61225154,256,2203648,2203903,2203693,0
2204159,426369541288541,2969209,0.64164905,256,2203904,2204159,2203983,0
2204415,426369542277083,3143500,0.64319282,256,2204160,2204415,2204236,0
2204671,426369544301250,2007250,0.62274917,256,2204416,2204671,2204562,0
2204927,426369544317916,2867417,0.63732299,256,2204672,2204927,2204909,0
2205183,426369544572458,5863292,0.574203,256,2204928,2205183,2205132,0
2205439,426369545439083,5169333,0.64122953,256,2205184,2205439,2205392,0
2205695,426369546336166,4273500,0.64987984,256,2205440,2205695,2205685,0
2205951,426369547219083,3391750,0.60605493,256,2205696,2205951,2205837,0
2206207,426369550068583,1333667,0.59472973,256,2205952,2206207,2205983,0
2206463,426369550077791,2235750,0.65296432,256,2206208,2206463,2206301,0
2206719,426369550087000,3148708,0.61340293,256,2206464,2206719,2206526,0
2206975,426369550996125,3153375,0.64018076,256,2206720,2206975,2206720,0
2207231,426369551797833,3277000,0.63829761,256,2206976,2207231,2207086,0
2207487,426369552651708,3344792,0.61976185,256,2207232,2207487,2207469,0
2207743,426369553554875,3379041,0.58714956,256,2207488,2207743,2207579,0
2207999,426369554489500,3353250,0.64076093,256,2207744,2207999,2207886,0
2208255,426369555366166,3376417,0.61442276,256,2208000,2208255,2208215,0
2208511,426369556299583,3356958,0.64467236,256,2208256,2208511,2208411,0
2208767,426369557175000,3381875,0.62364927,256,2208512,2208767,2208705,0
2209023,426369558059458,3440458,0.64039392,256,2208768,2209023,2209012,0
2209279,426369558952791,3409917,0.67610459,256,2209024,2209279,2209061,0
2209535,426369559814458,3383292,0.64185669,256,2209280,2209535,2209531,0
2209791,426369560676541,3373542,0.63188469,256,2209536,2209791,2209553,0
2210047,426369561573916,3321459,0.60819544,256,2209792,2210047,2209835,0
2210303,426369562468458,3281667,0.60853292,256,2210048,2210303,2210172,0
2210559,426369563384208,3229000,0.62492758,256,2210304,2210559,2210455,0
2210815,426369564229833,3246417,0.67894507,256,2210560,2210815,2210670,0
2211071,426369565122791,3206375,0.60293968,256,2210816,2211071,2210874,0
2211327,426369565958125,3239458,0.64961557,256,2211072,2211327,2211141,0
2211583,426369566900208,3151583,0.65605684,256,2211328,2211583,2211445,0
2211839,426369567792916,3118959,0.63862436,256,2211584,2211839,2211769,0
2212095,426369568641125,3144333,0.61520012,256,2211840,2212095,2211924,0
2212351,426369569478000,3265375,0.64809905,256,2212096,2212351,2212177,0
2212607,426369570347958,3307667,0.58713887,256,2212352,2212607,2212534,0
2212863,426369571202125,3354458,0.61548058,256,2212608,2212863,2212614,0
2213119,426369572106958,3364083,0.64472019,256,2212864,2213119,2213083,0
2213375,426369573017375,3360500,0.6103563,256,2213120,2213375,2213170,0
2213631,426369573893791,3366125,0.6762325,256,2213376,2213631,2213542,0
2213887,426369574763541,3331709,0.59521602,256,2213632,2213887,2213768,0
2214143,426369575657666,3292125,0.63039284,256,2213888,2214143,2213973,0
2214399,426369576548583,3237042,0.65093792,256,2214144,2214399,2214183,0
2214655,426369577357083,3276708,0.61951663,256,2214400,2214655,2214506,0
2214911,426369578261916,3201042,0.60176922,256,2214656,2214911,2214706,0
2215167,426369579116916,3163209,0.62346011,256,2214912,2215167,2215153,0
2215423,426369580060666,3071459,0.62318861,256,2215168,2215423,2215354,0
2215679,426369580853041,3154292,0.60593528,256,2215424,2215679,2215509,0
2215935,426369581729625,3133583,0.60674639,256,2215680,2215935,2215743,0
2216191,426369582569583,3122375,0.61005339,256,2215936,2216191,2216139,0
2216447,426369583492708,3037625,0.62176583,256,2216192,2216447,2216319,0
2216703,426369584382041,3039167,0.67761214,256,2216448,2216703,2216606,0
2216959,426369585284416,5255959,0.58217656,256,2216704,2216959,2216868,0
2217215,426369586225333,4316625,0.63351258,256,2216960,2217215,2216970,0
2217471,426369587098875,3444208,0.6318691,256,2217216,2217471,2217349,0
2217727,426369588031333,3919292,0.60372303,256,2217472,2217727,2217572,0
2217983,426369589140208,2811833,0.5882785,256,2217728,2217983,2217751,0
2218239,426369590512375,1999458,0.59024759,256,2217984,2218239,2218099,0
2218495,426369591966416,1443334,0.6188372,256,2218240,2218495,2218420,0
2218751,426369591984875,2345041,0.68728591,256,2218496,2218751,2218577,0
2219007,426369592399875,2820500,0.61264445,256,2218752,2219007,2218860,0
2219263,426369593246916,2882042,0.61710258,256,2219008,2219263,2219209,0
2219519,426369594170041,2823959,0.60008443,256,2219264,2219519,2219360,0
2219775,426369595054333,2855208,0.6453923,256,2219520,2219775,2219761,0
2220031,426369595982458,2839042,0.63490297,256,2219776,2220031,2219931,0
2220287,426369596877791,2871542,0.6416423,256,2220032,2220287,2220262,0
2220543,426369597736208,2898625,0.60697028,256,2220288,2220543,2220435,0
2220799,426369598637750,2928500,0.63129476,256,2220544,2220799,2220723,0
2221055,426369599459875,2954500,0.64913662,256,2220800,2221055,2221021,0
2221311,426369600364416,2914209,0.60271673,256,2221056,2221311,2221302,0
2221567,426369601222625,2960500,0.64973736,256,2221312,2221567,2221379,0
2221823,426369602087333,2990250,0.61284035,256,2221568,2221823,2221740,0
2222079,426369602957375,2945916,0.64470687,256,2221824,2222079,2222057,0
2222335,426369603828666,2933417,0.59847605,256,2222080,2222335,2222228,0
2222591,426369604685291,2954250,0.68487594,256,2222336,2222591,2222573,0
2222847,426369605547541,2990875,0.65457102,256,2222592,2222847,2222634,0
2223103,426369606428958,3004250,0.63492915,256,2222848,2223103,2223095,0
2223359,426369607360000,2932666,0.60637673,256,2223104,2223359,2223184,0
2223615,426369608259125,2912250,0.64038003,256,2223360,2223615,2223424,0
2223871,426369609123166,2901000,0.60458498,256,2223616,2223871,2223626,0
2224127,426369610020583,2826375,0.61138184,256,2223872,2224127,2223938,0
2224383,426369610900000,2799291,0.59470801,256,2224128,2224383,2224345,0
2224639,426369611764458,2796333,0.62856775,256,2224384,2224639,2224618,0
2224895,426369612637208,2780292,0.61952238,256,2224640,2224895,2224649,0
2225151,426369613590583,2693958,0.6257972,256,2224896,2225151,2225107,0
2225407,426369614474125,2692916,0.64044553,256,2225152,2225407,2225223,0
2225663,426369615329416,2723875,0.62097953,256,2225408,2225663,2225488,0
2225919,426369616229208,2692167,0.60027526,256,2225664,2225919,2225892,0
2226175,426369617153791,2631792,0.60962017,256,2225920,2226175,2226008,0
2226431,426369618042500,2651208,0.61720247,256,2226176,2226431,2226347,0
2226687,426369618943416,2600542,0.64102501,256,2226432,2226687,2226538,0
2226943,426369619818750,2575000,0.58298577,256,2226688,2226943,2226939,0
2227199,426369620753791,2483667,0.59691529,256,2226944,2227199,2227134,0
2227455,426369621644875,2458791,0.6443855,256,2227200,2227455,2227259,0
2227711,426369622517250,2452208,0.65614144,256,2227456,2227711,2227559,0
2227967,426369623371583,2469625,0.61236989,256,2227712,2227967,2227933,0
2228223,426369624284458,2414000,0.6332931,256,2227968,2228223,2228081,0
2228479,426369625219875,2319958,0.58076314,256,2228224,2228479,2228452,0
2228735,426369626065875,2327458,0.61998326,256,2228480,2228735,2228701,0
2228991,426369626980666,2245334,0.59439807,256,2228736,2228991,2228800,0
2229247,426369627847875,2237916,0.65400459,256,2228992,2229247,2229035,0
2229503,426369628678250,2262625,0.5924986,256,2229248,2229503,2229492,0
2229759,426369629576333,2247625,0.6458288,256,2229504,2229759,2229599,0
2230015,426369630478666,2192917,0.57496355,256,2229760,2230015,2229961,0
2230271,426369631362916,2165334,0.61188899,256,2230016,2230271,2230235,0
2230527,426369632196250,5142291,0.66563199,256,2230272,2230527,2230416,0
2230783,426369633114291,4236084,0.61237411,256,2230528,2230783,2230771,0
2231039,426369637112833,1023250,0.61303204,256,2230784,2231039,2230869,0
2231295,426369637279833,1704500,0.60281846,256,2231040,2231295,2231136,0
2231551,426369637289250,2537041,0.59442221,256,2231296,2231551,2231299,0
2231807,426369637298541,3348125,0.59648675,256,2231552,2231807,2231707,0
2232063,426369637514875,3969375,0.65585927,256,2231808,2232063,2232050,0
2232319,426369638387625,3967916,0.63461657,256,2232064,2232319,2232128,0
2232575,426369639268458,4098583,0.63750405,256,2232320,2232575,2232395,0
2232831,426369640163166,3889625,0.65071636,256,2232576,2232831,2232698,0
2233087,426369641001208,3881125,0.59603534,256,2232832,2233087,2232882,0
2233343,426369641904583,3827792,0.62639294,256,2233088,2233343,2233314,0
2233599,426369642752875,3820916,0.6146565,256,2233344,2233599,2233353,0
2233855,426369643600625,3803125,0.61854913,256,2233600,2233855,2233631,0
2234111,426369644438958,3803167,0.6080745,256,2233856,2234111,2233995,0
2234367,426369645296250,3826708,0.63534921,256,2234112,2234367,2234202,0
2234623,426369646139625,3847375,0.59496119,256,2234368,2234623,2234459,0
2234879,426369647010291,3810167,0.59199943,256,2234624,2234879,2234650,0
2235135,426369647887083,3788458,0.62598071,256,2234880,2235135,2234911,0
2235391,426369648825750,3688291,0.62042115,256,2235136,2235391,2235310,0
2235647,426369649733416,3598792,0.58537973,256,2235392,2235647,2235521,0
2235903,426369650605250,3563958,0.60044824,256,2235648,2235903,2235687,0
2236159,426369651455000,3590250,0.62258164,256,2235904,2236159,2236031,0
2236415,426369652357625,3539875,0.61672773,256,2236160,2236415,2236177,0
2236671,426369653258250,3525083,0.63793373,256,2236416,2236671,2236484,0
2236927,426369654144916,3472292,0.65676825,256,2236672,2236927,2236807,0
2237183,426369654986666,3471709,0.65068601,256,2236928,2237183,2237136,0
2237439,426369655874166,3456584,0.65469798,256,2237184,2237439,2237363,0
2237695,426369656797708,3350167,0.63176897,256,2237440,2237695,2237523,0
2237951,426369657660458,3326208,0.61766377,256,2237696,2237951,2237852,0
2238207,426369658559916,3266125,0.59642016,256,2237952,2238207,2238174,0
2238463,426369659495083,3136750,0.59249444,256,2238208,2238463,2238446,0
2238719,426369660394583,3084625,0.66309834,256,2238464,2238719,2238535,0
2238975,426369661317166,3013584,0.61057383,256,2238720,2238975,2238830,0
2239231,426369662194250,2963833,0.60759245,256,2238976,2239231,2239191,0
2239487,426369663099625,2891291,0.65781552,256,2239232,2239487,2239424,0
2239743,426369663998958,2825667,0.63992472,256,2239488,2239743,2239588,0
2239999,426369664919083,2723417,0.59752637,256,2239744,2239999,2239856,0
2240255,426369665766708,2724958,0.60113956,256,2240000,2240255,2240093,0
2240511,426369666626708,2700292,0.62129579,256,2240256,2240511,2240357,0
2240767,426369667507875,2677541,0.62064396,256,2240512,2240767,2240657,0
2241023,426369668378416,2616125,0.60302827,256,2240768,2241023,2240880,0
2241279,426369669252750,2606750,0.60785975,256,2241024,2241279,2241179,0
2241535,426369670095916,2587459,0.61596974,256,2241280,2241535,2241397,0
2241791,426369671003291,2503750,0.57327156,256,2241536,2241791,2241538,0
2242047,426369671877791,2462209,0.62374666,256,2241792,2242047,2241951,0
2242303,426369672766083,2399583,0.6010083,256,2242048,2242303,2242117,0
2242559,426369673627958,2363708,0.58368317,256,2242304,2242559,2242310,0
2242815,426369674495791,2321084,0.6099363,256,2242560,2242815,2242804,0
2243071,426369675371250,2271750,0.60861314,256,2242816,2243071,2242938,0
2243327,426369676235416,2282000,0.61528807,256,2243072,2243327,2243281,0
2243583,426369677164875,2183583,0.60228561,256,2243328,2243583,2243523,0
2243839,426369678027375,2153750,0.60940541,256,2243584,2243839,2243775,0
2244095,426369678903125,2084416,0.65134198,256,2243840,2244095,2243862,0
2244351,426369679804583,2017125,0.62799196,256,2244096,2244351,2244136,0
2244607,426369680680833,6900375,0.64382915,256,2244352,2244607,2244454,0
2244863,426369681605541,5978084,0.61922696,256,2244608,2244863,2244668,0
2245119,426369682439875,5144875,0.59839023,256,2244864,2245119,2245031,0
2245375,426369686989125,2354916,0.62816033,256,2245120,2245375,2245159,0
2245631,426369686998458,3318333,0.64913908,256,2245376,2245631,2245529,0
2245887,426369687007708,4132042,0.59932455,256,2245632,2245887,2245820,0
2246143,426369687017000,4958791,0.60932984,256,2245888,2246143,2246129,0
2246399,426369687026250,5789791,0.65642894,256,2246144,2246399,2246328,0
2246655,426369687739416,5911834,0.61479246,256,2246400,2246655,2246554,0
2246911,426369688619625,5843041,0.58687898,256,2246656,2246911,2246724,0
2247167,426369689469125,5819000,0.59428629,256,2246912,2247167,2247161,0
2247423,426369690383125,5717958,0.60937281,256,2247168,2247423,2247410,0
2247679,426369691241583,5732708,0.6789547,256,2247424,2247679,2247564,0
2247935,426369692082333,5745708,0.63423499,256,2247680,2247935,2247770,0
2248191,426369692877875,5849791,0.62730144,256,2247936,2248191,2247963,0
2248447,426369693761375,5813041,0.57515766,256,2248192,2248447,2248396,0
2248703,426369694675958,5801708,0.64256733,256,2248448,2248703,2248558,0
2248959,426369695585791,5775334,0.62837244,256,2248704,2248959,2248738,0
2249215,426369696473500,5775875,0.60359799,256,2248960,2249215,2249210,0
2249471,426369697318708,5741042,0.58793211,256,2249216,2249471,2249267,0
2249727,426369698207416,5664834,0.59659302,256,2249472,2249727,2249648,0
2249983,426369699113291,5587542,0.5994441,256,2249728,2249983,2249925,0
2250239,426369700022791,5492542,0.61424866,256,2249984,2250239,2250051,0
2250495,426369700887916,5467667,0.62930165,256,2250240,2250495,2250343,0
2250751,426369701729916,5469625,0.58270619,256,2250496,2250751,2250654,0
2251007,426369702580208,5444917,0.62488011,256,2250752,2251007,2250957,0
2251263,426369703480208,5380333,0.59512176,256,2251008,2251263,2251101,0
2251519,426369704342208,5356167,0.60048011,256,2251264,2251519,2251516,0
2251775,426369705195791,5328792,0.62010245,256,2251520,2251775,2251578,0
2252031,426369706142833,5218250,0.61091659,256,2251776,2252031,2251830,0
2252287,426369707030083,5143667,0.60658991,256,2252032,2252287,2252213,0
2252543,426369707946208,5054958,0.61519844,256,2252288,2252543,2252489,0
2252799,426369708795458,5031708,0.59425728,256,2252544,2252799,2252738,0
2253055,426369709714916,7909209,0.61129457,256,2252800,2253055,2253016,0
2253311,426369710557041,7070417,0.60562089,256,2253056,2253311,2253295,0
2253567,426369711486291,6142209,0.60377393,256,2253312,2253567,2253520,0
2253823,426369712358041,5271500,0.60232928,256,2253568,2253823,2253818,0
2254079,426369713226125,4814083,0.62713047,256,2253824,2254079,2253836,0
2254335,426369714148208,4786875,0.65692913,256,2254080,2254335,2254263,0
2254591,426369717650875,2160250,0.61805452,256,2254336,2254591,2254465,0
2254847,426369717665291,3004334,0.62261602,256,2254592,2254847,2254803,0
2255103,426369717685875,3930500,0.57629691,256,2254848,2255103,2255030,0
2255359,426369717708791,4775042,0.61549548,256,2255104,2255359,2255236,0
2255615,426369718535083,4807208,0.59535012,256,2255360,2255615,2255536,0
2255871,426369719436000,4758416,0.60383213,256,2255616,2255871,2255690,0
2256127,426369720349291,4677750,0.58227665,256,2255872,2256127,2256062,0
2256383,426369721220916,4636584,0.59378722,256,2256128,2256383,2256332,0
2256639,426369722126500,4593791,0.61128015,256,2256384,2256639,2256591,0
2256895,426369722974958,4561125,0.62494963,256,2256640,2256895,2256835,0
2257151,426369723876166,4464834,0.59723363,256,2256896,2257151,2257044,0
2257407,426369724706291,4439709,0.58792185,256,2257152,2257407,2257302,0
2257663,426369725582625,4377583,0.61263605,256,2257408,2257663,2257590,0
2257919,426369726483833,4306542,0.61526841,256,2257664,2257919,2257875,0
2258175,426369727354375,4221000,0.57622205,256,2257920,2258175,2257946,0
2258431,426369728237000,4210708,0.61289621,256,2258176,2258431,2258324,0
2258687,426369729147583,4232208,0.69292101,256,2258432,2258687,2258558,0
2258943,426369730034708,4203250,0.59034389,256,2258688,2258943,2258883,0
2259199,426369730890500,4226125,0.62245042,256,2258944,2259199,2259046,0
2259455,426369731801625,4155375,0.59387524,256,2259200,2259455,2259402,0
2259711,426369732719375,4093125,0.59891146,256,2259456,2259711,2259472,0
2259967,426369733647583,3991208,0.59958757,256,2259712,2259967,2259897,0
2260223,426369734559833,3858125,0.58000046,256,2259968,2260223,2260050,0
2260479,426369735454291,3756334,0.60133077,256,2260224,2260479,2260289,0
2260735,426369736327750,3727500,0.63295032,256,2260480,2260735,2260666,0
2260991,426369737231583,3636333,0.59501282,256,2260736,2260991,2260790,0
2261247,426369738098166,3606125,0.60153947,256,2260992,2261247,2261002,0
2261503,426369739010791,3504417,0.59158211,256,2261248,2261503,2261373,0
2261759,426369739868291,3481667,0.64671385,256,2261504,2261759,2261544,0
2262015,426369740782541,3420417,0.63386269,256,2261760,2262015,2261875,0
2262271,426369741666708,3370875,0.63753856,256,2262016,2262271,2262260,0
2262527,426369742572541,3267667,0.59024547,256,2262272,2262527,2262375,0
2262783,426369743484916,3178667,0.63687953,256,2262528,2262783,2262655,0
2263039,426369744357875,3123625,0.64143286,256,2262784,2263039,2262978,0
2263295,426369745247125,3030708,0.57706709,256,2263040,2263295,2263164,0
2263551,426369746174458,2956625,0.61257362,256,2263296,2263551,2263429,0
2263807,426369747049041,2872584,0.60967855,256,2263552,2263807,2263686,0
2264063,426369747928375,2808416,0.64639082,256,2263808,2264063,2264021,0
2264319,426369749417583,2148667,0.62269165,256,2264064,2264319,2264092,0
2264575,426369749626250,2731833,0.62883106,256,2264320,2264575,2264431,0
2264831,426369750507333,2653542,0.56860543,256,2264576,2264831,2264630,0
2265087,426369751423416,2539750,0.60762078,256,2264832,2265087,2265012,0
2265343,426369752265083,2492208,0.61130886,256,2265088,2265343,2265189,0
2265599,426369753199875,2360875,0.5750652,256,2265344,2265599,2265347,0
2265855,426369754074541,2272375,0.58355571,256,2265600,2265855,2265754,0
2266111,426369754926791,2232125,0.61997599,256,2265856,2266111,2266045,0
2266367,426369755782791,2178417,0.60002854,256,2266112,2266367,2266212,0
2266623,426369756703708,2072375,0.63354144,256,2266368,2266623,2266553,0
2266879,426369757626791,1946625,0.61653147,256,2266624,2266879,2266699,0
2267135,426369758453416,1906375,0.56357814,256,2266880,2267135,2266908,0
2267391,426369759313208,1858458,0.60738056,256,2267136,2267391,2267316,0
2267647,426369760176250,1784458,0.61848223,256,2267392,2267647,2267567,0
2267903,426369761058041,4854792,0.5728344,256,2267648,2267903,2267799,0
2268159,426369761927083,3987708,0.61213227,256,2267904,2268159,2268026,0
2268415,426369765918625,890875,0.59197516,256,2268160,2268415,2268185,0
2268671,426369765927833,1686542,0.59319544,256,2268416,2268671,2268469,0
2268927,426369765937750,2616291,0.59242797,256,2268672,2268927,2268764,0
2269183,426369765956000,3408000,0.60667735,256,2268928,2269183,2269149,0
2269439,426369766378375,3815916,0.6337925,256,2269184,2269439,2269185,0
2269695,426369767262250,3730375,0.56935957,256,2269440,2269695,2269609,0
2269951,426369768138958,3639958,0.59063498,256,2269696,2269951,2269883,0
2270207,426369769039291,3553209,0.61252297,256,2269952,2270207,2270042,0
2270463,426369769888208,3525625,0.63678324,256,2270208,2270463,2270318,0
2270719,426369770752250,3471541,0.59948209,256,2270464,2270719,2270710,0
2270975,426369771664083,3357083,0.60904724,256,2270720,2270975,2270774,0
2271231,426369772525833,3288792,0.60613878,256,2270976,2271231,2271059,0
2271487,426369773397250,3224125,0.59180814,256,2271232,2271487,2271400,0
2271743,426369774312458,3120792,0.61424834,256,2271488,2271743,2271517,0
2271999,426369775204708,3049083,0.59625723,256,2271744,2271999,2271789,0
2272255,426369776125416,2918875,0.61436095,256,2272000,2272255,2272096,0
2272511,426369776974750,2901833,0.63025999,256,2272256,2272511,2272376,0
2272767,426369777901416,2779125,0.66362755,256,2272512,2272767,2272543,0
2273023,426369778771708,2744833,0.62217051,256,2272768,2273023,2272917,0
2273279,426369779634791,2709625,0.61708042,256,2273024,2273279,2273174,0
2273535,426369780523333,2639167,0.64805175,256,2273280,2273535,2273382,0
2273791,426369781440125,2523791,0.62971467,256,2273536,2273791,2273773,0
2274047,426369782373291,2401709,0.6198063,256,2273792,2274047,2273982,0
2274303,426369783377333,2179083,0.58066036,256,2274048,2274303,2274261,0
2274559,426369784157791,2223209,0.62529003,256,2274304,2274559,2274439,0
2274815,426369785016791,2167375,0.62864922,256,2274560,2274815,2274749,0
2275071,426369785905250,2092083,0.62037311,256,2274816,2275071,2275030,0
2275327,426369786760708,2015667,0.60885206,256,2275072,2275327,2275108,0
2275583,426369787629625,1966000,0.63898438,256,2275328,2275583,2275524,0
2275839,426369788540166,1867417,0.60914251,256,2275584,2275839,2275632,0
2276095,426369789404916,1797250,0.60579449,256,2275840,2276095,2275865,0
2276351,426369790275958,1728583,0.59432828,256,2276096,2276351,2276156,0
2276607,426369791124166,1683875,0.57141594,256,2276352,2276607,2276495,0
2276863,426369792005375,1586000,0.58731305,256,2276608,2276863,2276756,0
2277119,426369792892458,1542000,0.63939749,256,2276864,2277119,2277044,0
2277375,426369793787791,1443250,0.63027226,256,2277120,2277375,2277374,0
2277631,426369794695750,1353041,0.5942791,256,2277376,2277631,2277391,0
2277887,426369795561250,1273750,0.58388281,256,2277632,2277887,2277657,0
2278143,426369796449750,1243458,0.62146377,256,2277888,2278143,2277982,0
2278399,426369797339958,1222333,0.59878781,256,2278144,2278399,2278146,0
2278655,426369798231166,1165459,0.59872554,256,2278400,2278655,2278429,0
2278911,426369799116916,1124959,0.60944565,256,2278656,2278911,2278879,0
2279167,426369799969250,1139458,0.61940373,256,2278912,2279167,2279121,0
2279423,426369800832583,1144792,0.61862896,256,2279168,2279423,2279321,0
2279679,426369801740708,1031333,0.64121584,256,2279424,2279679,2279528,0
2279935,426369802659958,940875,0.60850876,256,2279680,2279935,2279793,0
2280191,426369803566000,827083,0.59243858,256,2279936,2280191,2280049,0
2280447,426369804461750,1722333,0.63755647,256,2280192,2280447,2280220,0
2280703,426369805406916,1748167,0.60332944,256,2280448,2280703,2280530,0
2280959,426369806254333,1758250,0.6298314,256,2280704,2280959,2280816,0
2281215,426369807177875,1643875,0.5681895,256,2280960,2281215,2281068,0
2281471,426369808060625,1587250,0.58800449,256,2281216,2281471,2281254,0
2281727,426369808944500,3303166,0.58821582,256,2281472,2281727,2281558,0
2281983,426369809790750,2510708,0.61040398,256,2281728,2281983,2281805,0
2282239,426369810615125,2862375,0.6066355,256,2281984,2282239,2282016,0
2282495,426369812648458,1680583,0.57977163,256,2282240,2282495,2282353,0
2282751,426369812662916,2548917,0.65932005,256,2282496,2282751,2282599,0
2283007,426369813304708,2775500,0.59602317,256,2282752,2283007,2282964,0
2283263,426369814191791,2763750,0.60274246,256,2283008,2283263,2283133,0
2283519,426369815047583,2852458,0.59988771,256,2283264,2283519,2283364,0
2283775,426369815968291,2853584,0.6686183,256,2283520,2283775,2283692,0
2284031,426369816885875,2751083,0.56468519,256,2283776,2284031,2283867,0
2284287,426369817794208,2691167,0.61662286,256,2284032,2284287,2284199,0
2284543,426369818676291,2657625,0.64193169,256,2284288,2284543,2284347,0
2284799,426369819552416,2608459,0.58499298,256,2284544,2284799,2284588,0
2285055,426369820435250,2517500,0.58960647,256,2284800,2285055,2284954,0
2285311,426369821268791,2491459,0.6016676,256,2285056,2285311,2285064,0
2285567,426369822199666,2397750,0.61858467,256,2285312,2285567,2285336,0
2285823,426369823098041,2323667,0.59487259,256,2285568,2285823,2285695,0
2286079,426369823973208,2265583,0.58018432,256,2285824,2286079,2286035,0
2286335,426369824884625,2156666,0.58325845,256,2286080,2286335,2286087,0
2286591,426369825722458,2128958,0.62981849,256,2286336,2286591,2286568,0
2286847,426369826723375,1952708,0.57930104,256,2286592,2286847,2286783,0
2287103,426369827538250,1974166,0.65859587,256,2286848,2287103,2287048,0
2287359,426369828459041,1910667,0.60778999,256,2287104,2287359,2287141,0
2287615,426369829300541,1875917,0.60367651,256,2287360,2287615,2287363,0
2287871,426369830164958,1829458,0.58603592,256,2287616,2287871,2287736,0
2288127,426369831026833,1789208,0.58117719,256,2287872,2288127,2288034,0
2288383,426369831901458,1746208,0.6051523,256,2288128,2288383,2288138,0
2288639,426369832756625,1696750,0.60204624,256,2288384,2288639,2288401,0
2288895,426369833655875,1626541,0.60905626,256,2288640,2288895,2288837,0
2289151,426369834506833,1587333,0.64303692,256,2288896,2289151,2289078,0
2289407,426369835428750,1475166,0.60143652,256,2289152,2289407,2289228,0
2289663,426369836373000,1359958,0.61402743,256,2289408,2289663,2289611,0
2289919,426369837199125,1367333,0.59535371,256,2289664,2289919,2289827,0
2290175,426369838116541,1272417,0.61915101,256,2289920,2290175,2289963,0
2290431,426369838967666,1253875,0.61467062,256,2290176,2290431,2290317,0
2290687,426369839819500,1219625,0.59832341,256,2290432,2290687,2290499,0
2290943,426369840738875,1127375,0.60441898,256,2290688,2290943,2290906,0
2291199,426369841583375,1108125,0.60027493,256,2290944,2291199,2291111,0
2291455,426369842477208,1070833,0.66421782,256,2291200,2291455,2291410,0
2291711,426369843345333,1029000,0.61290356,256,2291456,2291711,2291574,0
2291967,426369844237083,956208,0.64918656,256,2291712,2291967,2291800,0
2292223,426369845164416,842834,0.59092323,256,2291968,2292223,2292037,0
2292479,426369846042250,1686208,0.59101226,256,2292224,2292479,2292425,0
2292735,426369846911208,1845208,0.65669599,256,2292480,2292735,2292546,0
2292991,426369847793125,1768500,0.59736265,256,2292736,2292991,2292835,0
2293247,426369848714333,1662000,0.62120374,256,2292992,2293247,2293029,0
2293503,426369849624041,1594584,0.60772612,256,2293248,2293503,2293425,0
2293759,426369850548666,1513209,0.57819875,256,2293504,2293759,2293714,0
2294015,426369851456791,1379459,0.62012724,256,2293760,2294015,2293966,0
2294271,426369852346666,1314250,0.59574194,256,2294016,2294271,2294049,0
2294527,426369853200583,1293500,0.62712254,256,2294272,2294527,2294281,0
2294783,426369854087000,1213625,0.59939127,256,2294528,2294783,2294578,0
2295039,426369854995958,1127833,0.62206653,256,2294784,2295039,2294923,0
2295295,426369855909916,1051084,0.62019624,256,2295040,2295295,2295197,0
2295551,426369856886666,902959,0.62464416,256,2295296,2295551,2295509,0
2295807,426369857798791,3731375,0.61700318,256,2295552,2295807,2295591,0
2296063,426369861480791,910709,0.59613018,256,2295808,2296063,2296021,0
2296319,426369861504041,1736250,0.63017868,256,2296064,2296319,2296085,0
2296575,426369861513291,2580292,0.61242889,256,2296320,2296575,2296400,0
2296831,426369861522458,3410917,0.59227937,256,2296576,2296831,2296660,0
2297087,426369862146541,3652292,0.59442219,256,2296832,2297087,2296912,0
2297343,426369863095291,3588542,0.63925784,256,2297088,2297343,2297231,0
2297599,426369864016916,3476917,0.60842845,256,2297344,2297599,2297382,0
2297855,426369864918291,3390709,0.61103145,256,2297600,2297855,2297792,0
2298111,426369865799333,3337333,0.61090879,256,2297856,2298111,2298079,0
2298367,426369866735750,3216791,0.59589135,256,2298112,2298367,2298153,0
2298623,426369867616625,3157208,0.61692627,256,2298368,2298623,2298449,0
2298879,426369868495083,3108625,0.64087453,256,2298624,2298879,2298872,0
2299135,426369869333541,3088084,0.6315689,256,2298880,2299135,2299100,0
2299391,426369870183208,3024125,0.5872921,256,2299136,2299391,2299189,0
2299647,426369871065333,2985042,0.63829549,256,2299392,2299647,2299582,0
2299903,426369871925083,2935125,0.62853484,256,2299648,2299903,2299785,0
2300159,426369872795500,2928666,0.60755528,256,2299904,2300159,2299992,0
2300415,426369873715250,2838500,0.60530327,256,2300160,2300415,2300165,0
2300671,426369874582708,2844000,0.62263458,256,2300416,2300671,2300529,0
2300927,426369875527250,2777208,0.60779822,256,2300672,2300927,2300800,0
2301183,426369876458250,2715208,0.60230919,256,2300928,2301183,2300956,0
2301439,426369877325208,2723125,0.63330478,256,2301184,2301439,2301378,0
2301695,426369878253583,2675750,0.63263105,256,2301440,2301695,2301595,0
2301951,426369879086458,2738167,0.64410942,256,2301696,2301951,2301775,0
2302207,426369879978125,2690416,0.6023155,256,2301952,2302207,2302198,0
2302463,426369880853500,2621625,0.59392582,256,2302208,2302463,2302393,0
2302719,426369881741083,2601500,0.6397648,256,2302464,2302719,2302632,0
2302975,426369882637458,2528333,0.61741068,256,2302720,2302975,2302751,0
2303231,426369883537208,2460417,0.61318985,256,2302976,2303231,2303213,0
2303487,426369884424250,2408791,0.62750057,256,2303232,2303487,2303340,0
2303743,426369885298875,2417041,0.63772835,256,2303488,2303743,2303564,0
2303999,426369886279291,2285250,0.64164905,256,2303744,2303999,2303983,0
2304255,426369887222958,2193000,0.64319282,256,2304000,2304255,2304236,0
2304511,426369888097958,2150417,0.60900428,256,2304256,2304511,2304495,0
2304767,426369888940166,2159500,0.62274917,256,2304512,2304767,2304562,0
2305023,426369889747208,2193250,0.63732299,256,2304768,2305023,2304909,0
2305279,426369890598458,2175875,0.59443301,256,2305024,2305279,2305257,0
2305535,426369891458958,2168042,0.64122953,256,2305280,2305535,2305392,0
2305791,426369892395125,2078333,0.64987984,256,2305536,2305791,2305685,0
2306047,426369893282083,2046083,0.60605493,256,2305792,2306047,2305837,0
2306303,426369894182875,1984958,0.65296432,256,2306048,2306303,2306301,0
2306559,426369895095750,1916958,0.63426197,256,2306304,2306559,2306311,0
2306815,426369895986250,1842541,0.64018076,256,2306560,2306815,2306720,0
2307071,426369896890166,1774584,0.62623433,256,2306816,2307071,2306952,0
2307327,426369897797083,1688750,0.63829761,256,2307072,2307327,2307086,0
2307583,426369898709541,1638709,0.61976185,256,2307328,2307583,2307469,0
2307839,426369899614291,1568459,0.61656514,256,2307584,2307839,2307835,0
2308095,426369900537416,1557375,0.64076093,256,2307840,2308095,2307886,0
2308351,426369901416291,1487709,0.61740189,256,2308096,2308351,2308349,0
2308607,426369902348583,1418083,0.64467236,256,2308352,2308607,2308411,0
2308863,426369903200750,1423125,0.62364927,256,2308608,2308863,2308705,0
2309119,426369904117375,1387583,0.67610459,256,2308864,2309119,2309061,0
2309375,426369904967791,1399459,0.61156548,256,2309120,2309375,2309322,0
2309631,426369905853625,1374791,0.64185669,256,2309376,2309631,2309531,0
2309887,426369906699458,1361042,0.60819544,256,2309632,2309887,2309835,0
2310143,426369907610625,4223416,0.58116441,256,2309888,2310143,2310078,0
2310399,426369911874000,1025666,0.60853292,256,2310144,2310399,2310172,0
2310655,426369911883291,1946959,0.65325771,256,2310400,2310655,2310628,0
2310911,426369911892625,2839791,0.67894507,256,2310656,2310911,2310670,0
2311167,426369911901875,3766750,0.64961557,256,2310912,2311167,2311141,0
2311423,426369912072958,4494583,0.62749321,256,2311168,2311423,2311374,0
2311679,426369912950916,4517750,0.65605684,256,2311424,2311679,2311445,0
2311935,426369913807958,4562417,0.63862436,256,2311680,2311935,2311769,0
2312191,426369914661916,4613667,0.64809905,256,2311936,2312191,2312177,0
2312447,426369915508416,4657834,0.63287607,256,2312192,2312447,2312234,0
2312703,426369916390250,4644666,0.61548058,256,2312448,2312703,2312614,0
2312959,426369917244791,4656750,0.59944774,256,2312704,2312959,2312746,0
2313215,426369918140250,4653375,0.64472019,256,2312960,2313215,2313083,0
2313471,426369919023208,4646750,0.59119149,256,2313216,2313471,2313246,0
2313727,426369919928833,4638583,0.6762325,256,2313472,2313727,2313542,0
2313983,426369920799375,4643541,0.63039284,256,2313728,2313983,2313973,0
2314239,426369921684666,4630834,0.65093792,256,2313984,2314239,2314183,0
2314495,426369922540875,4631125,0.58754861,256,2314240,2314495,2314257,0
2314751,426369923422916,4602125,0.61951663,256,2314496,2314751,2314506,0
2315007,426369924258125,4622458,0.59019091,256,2314752,2315007,2314762,0
2315263,426369925184250,4556458,0.62346011,256,2315008,2315263,2315153,0
2315519,426369926080125,4531250,0.62318861,256,2315264,2315519,2315354,0
2315775,426369926886708,4627000,0.60674639,256,2315520,2315775,2315743,0
2316031,426369927750958,4631250,0.57655639,256,2315776,2316031,2315823,0
2316287,426369928609708,4613167,0.61005339,256,2316032,2316287,2316139,0
2316543,426369929539500,4567083,0.64976743,256,2316288,2316543,2316528,0
2316799,426369930419000,4689208,0.67761214,256,2316544,2316799,2316606,0
2317055,426369931355750,4574750,0.63351258,256,2316800,2317055,2316970,0
2317311,426369932240625,4531583,0.60263866,256,2317056,2317311,2317303,0
2317567,426369933156416,4474875,0.6318691,256,2317312,2317567,2317349,0
2317823,426369934072791,4404834,0.60372303,256,2317568,2317823,2317572,0
2318079,426369934916125,4389958,0.58486997,256,2317824,2318079,2317928,0
2318335,426369935785416,4345459,0.59024759,256,2318080,2318335,2318099,0
2318591,426369936654875,4333916,0.68728591,256,2318336,2318591,2318577,0
2318847,426369937543500,4290166,0.61867574,256,2318592,2318847,2318642,0
2319103,426369938435291,4269167,0.61264445,256,2318848,2319103,2318860,0
2319359,426369939296958,4312750,0.61710258,256,2319104,2319359,2319209,0
2319615,426369940219333,4269083,0.6286582,256,2319360,2319615,2319592,0
2319871,426369941072166,4321542,0.6453923,256,2319616,2319871,2319761,0
2320127,426369942039083,4273125,0.63490297,256,2319872,2320127,2319931,0
2320383,426369942932750,4319375,0.6416423,256,2320128,2320383,2320262,0
2320639,426369943784916,4316417,0.60697028,256,2320384,2320639,2320435,0
2320895,426369944645083,4350375,0.63129476,256,2320640,2320895,2320723,0
2321151,426369945514583,4321875,0.64913662,256,2320896,2321151,2321021,0
2321407,426369946382166,4341709,0.64973736,256,2321152,2321407,2321379,0
2321663,426369947282375,4305250,0.57956331,256,2321408,2321663,2321660,0
2321919,426369948103166,4334917,0.61284035,256,2321664,2321919,2321740,0
2322175,426369948972583,4329958,0.64470687,256,2321920,2322175,2322057,0
2322431,426369949868458,4300292,0.59847605,256,2322176,2322431,2322228,0
2322687,426369950722083,4365875,0.68487594,256,2322432,2322687,2322573,0
2322943,426369951578416,4366917,0.60635518,256,2322688,2322943,2322827,0
2323199,426369952500708,4361375,0.63492915,256,2322944,2323199,2323095,0
2323455,426369953404666,4324000,0.64038003,256,2323200,2323455,2323424,0
2323711,426369954297041,4284542,0.60458498,256,2323456,2323711,2323626,0
2323967,426369955185625,4260083,0.61138184,256,2323712,2323967,2323938,0
2324223,426369956047333,4225458,0.59090211,256,2323968,2324223,2324005,0
2324479,426369956894833,4230917,0.62098797,256,2324224,2324479,2324466,0
2324735,426369957808333,4170000,0.62856775,256,2324480,2324735,2324618,0
2324991,426369958679125,4161500,0.61344227,256,2324736,2324991,2324746,0
2325247,426369959627791,4097250,0.64044553,256,2324992,2325247,2325223,0
2325503,426369960506625,4088458,0.62097953,256,2325248,2325503,2325488,0
2325759,426369961369958,4106542,0.61062979,256,2325504,2325759,2325660,0
2326015,426369962265708,4081292,0.60962017,256,2325760,2326015,2326008,0
2326271,426369963179583,4032042,0.60111605,256,2326016,2326271,2326149,0
2326527,426369964051875,4036625,0.61720247,256,2326272,2326527,2326347,0
2326783,426369964971583,3984375,0.64102501,256,2326528,2326783,2326538,0
2327039,426369965883250,3911791,0.58298577,256,2326784,2327039,2326939,0
2327295,426369966798791,6723375,0.6443855,256,2327040,2327295,2327259,0
2327551,426369967689625,5833791,0.63127731,256,2327296,2327551,2327391,0
2327807,426369968547875,5139250,0.65614144,256,2327552,2327807,2327559,0
2328063,426369969419708,4268917,0.61891241,256,2327808,2328063,2328054,0
2328319,426369970332541,3781167,0.6332931,256,2328064,2328319,2328081,0
2328575,426369973733833,1243208,0.60331849,256,2328320,2328575,2328493,0
2328831,426369973751500,2078500,0.61998326,256,2328576,2328831,2328701,0
2329087,426369973767583,2898042,0.65400459,256,2328832,2329087,2329035,0
2329343,426369973853375,3704250,0.6237523,256,2329088,2329343,2329134,0
2329599,426369974723041,3750500,0.6458288,256,2329344,2329599,2329599,0
2329855,426369975605875,3781791,0.60521927,256,2329600,2329855,2329608,0
2330111,426369976544208,3759708,0.597402,256,2329856,2330111,2330061,0
2330367,426369977381916,3816959,0.61188899,256,2330112,2330367,2330235,0
2330623,426369978223291,3884167,0.66563199,256,2330368,2330623,2330416,0
2330879,426369979155666,3836000,0.61303204,256,2330624,2330879,2330869,0
2331135,426369980032166,3805000,0.59416986,256,2330880,2331135,2331039,0
2331391,426369980915375,3762750,0.60281846,256,2331136,2331391,2331136,0
2331647,426369981744375,3760208,0.57155643,256,2331392,2331647,2331591,0
2331903,426369982666541,3673250,0.59648675,256,2331648,2331903,2331707,0
2332159,426369983568791,3639417,0.65585927,256,2331904,2332159,2332050,0
2332415,426369984419208,3677708,0.63750405,256,2332160,2332415,2332395,0
2332671,426369985337250,3615375,0.58455642,256,2332416,2332671,2332649,0
2332927,426369986169791,3665875,0.65071636,256,2332672,2332927,2332698,0
2333183,426369987047791,3655875,0.61297029,256,2332928,2333183,2333178,0
2333439,426369987906041,3647917,0.62639294,256,2333184,2333439,2333314,0
2333695,426369988794375,3617625,0.61854913,256,2333440,2333695,2333631,0
2333951,426369989637291,3616084,0.59637254,256,2333696,2333951,2333899,0
2334207,426369990445791,3651834,0.63534921,256,2333952,2334207,2334202,0
2334463,426369991306833,3673917,0.61000586,256,2334208,2334463,2334365,0
2334719,426369992175583,3658958,0.59199943,256,2334464,2334719,2334650,0
2334975,426369993047916,3623750,0.62598071,256,2334720,2334975,2334911,0
2335231,426369993935791,3589542,0.60876253,256,2334976,2335231,2335063,0
2335487,426369994842083,3488833,0.62042115,256,2335232,2335487,2335310,0
2335743,426369995742625,3413458,0.60044824,256,2335488,2335743,2335687,0
2335999,426369996610000,3411333,0.60120333,256,2335744,2335999,2335916,0
2336255,426369997516041,3377250,0.62258164,256,2336000,2336255,2336031,0
2336511,426369998373500,3359916,0.63793373,256,2336256,2336511,2336484,0
2336767,426369999280916,3339125,0.63242657,256,2336512,2336767,2336650,0
2337023,426370000143750,3320500,0.65676825,256,2336768,2337023,2336807,0
2337279,426370001025541,6294417,0.65068601,256,2337024,2337279,2337136,0
2337535,426370001947291,5779625,0.65469798,256,2337280,2337535,2337363,0
2337791,426370002811541,4916584,0.60124857,256,2337536,2337791,2337715,0
2338047,426370003700458,4028792,0.61766377,256,2337792,2338047,2337852,0
2338303,426370007075625,1598000,0.59642016,256,2338048,2338303,2338174,0
2338559,426370007085000,2457458,0.66309834,256,2338304,2338559,2338535,0
2338815,426370007094458,3297833,0.56907406,256,2338560,2338815,2338736,0
2339071,426370007814000,3457583,0.61057383,256,2338816,2339071,2338830,0
2339327,426370008244458,3897167,0.60759245,256,2339072,2339327,2339191,0
2339583,426370009181833,3791500,0.65781552,256,2339328,2339583,2339424,0
2339839,426370010063333,3738875,0.63992472,256,2339584,2339839,2339588,0
2340095,426370010954500,3671541,0.60113956,256,2339840,2340095,2340093,0
2340351,426370011797125,3659708,0.59723792,256,2340096,2340351,2340167,0
2340607,426370012667666,3635667,0.62129579,256,2340352,2340607,2340357,0
2340863,426370013535041,3619125,0.62064396,256,2340608,2340863,2340657,0
2341119,426370014394750,3575416,0.60302827,256,2340864,2341119,2340880,0
2341375,426370015265083,3587917,0.60785975,256,2341120,2341375,2341179,0
2341631,426370016134750,3539375,0.61596974,256,2341376,2341631,2341397,0
2341887,426370017043416,3459709,0.56519687,256,2341632,2341887,2341775,0
2342143,426370017902250,3451000,0.62374666,256,2341888,2342143,2341951,0
2342399,426370018817666,3343875,0.58368317,256,2342144,2342399,2342310,0
2342655,426370019670083,3313875,0.58232311,256,2342400,2342655,2342585,0
2342911,426370020555875,3265583,0.6099363,256,2342656,2342911,2342804,0
2343167,426370021375583,3269667,0.60861314,256,2342912,2343167,2342938,0
2343423,426370022294250,3227250,0.61528807,256,2343168,2343423,2343281,0
2343679,426370023181250,3181666,0.60228561,256,2343424,2343679,2343523,0
2343935,426370024066416,3115875,0.65134198,256,2343680,2343935,2343862,0
2344191,426370024927666,3082167,0.62799196,256,2343936,2344191,2344136,0
2344447,426370025823791,3004584,0.58681251,256,2344192,2344447,2344411,0
2344703,426370026696250,2980416,0.64382915,256,2344448,2344703,2344454,0
2344959,426370027624166,2866792,0.60329803,256,2344704,2344959,2344799,0
2345215,426370028483625,2840958,0.62816033,256,2344960,2345215,2345159,0
2345471,426370029322541,2806250,0.57488227,256,2345216,2345471,2345390,0
2345727,426370030210250,2717125,0.64913908,256,2345472,2345727,2345529,0
2345983,426370031165583,2557500,0.59932455,256,2345728,2345983,2345820,0
2346239,426370032066458,2887875,0.61677297,256,2345984,2346239,2346227,0
2346495,426370032912875,3207291,0.65642894,256,2346240,2346495,2346328,0
2346751,426370033775916,3174750,0.61479246,256,2346496,2346751,2346554,0
2347007,426370034633958,3189875,0.57780175,256,2346752,2347007,2347005,0
2347263,426370035518208,3226500,0.60889053,256,2347008,2347263,2347192,0
2347519,426370036380375,3273583,0.60937281,256,2347264,2347519,2347410,0
2347775,426370037273000,3314291,0.6789547,256,2347520,2347775,2347564,0
2348031,426370038082458,3404375,0.62730144,256,2347776,2348031,2347963,0
2348287,426370038900583,3486292,0.60328595,256,2348032,2348287,2348068,0
2348543,426370039805083,3401250,0.62217247,256,2348288,2348543,2348533,0
2348799,426370040695833,3317958,0.64256733,256,2348544,2348799,2348558,0
2349055,426370041637833,3224125,0.6161321,256,2348800,2349055,2348819,0
2349311,426370042487375,5155333,0.60359799,256,2349056,2349311,2349210,0
2349567,426370043355000,4291916,0.56453933,256,2349312,2349567,2349549,0
2349823,426370044248875,3399125,0.59659302,256,2349568,2349823,2349648,0
2350079,426370045185333,3725458,0.61424866,256,2349824,2350079,2350051,0
2350335,426370048572958,1060667,0.61688379,256,2350080,2350335,2350288,0
2350591,426370048712541,5668250,0.62930165,256,2350336,2350591,2350343,0
2350847,426370048724250,5659708,0.58270619,256,2350592,2350847,2350654,0
2351103,426370048740333,5644708,0.62488011,256,2350848,2351103,2350957,0
2351359,426370049505375,4966708,0.57593519,256,2351104,2351359,2351231,0
2351615,426370052608708,2624625,0.62010245,256,2351360,2351615,2351578,0
2351871,426370052618125,3457375,0.61426755,256,2351616,2351871,2351636,0
2352127,426370052627541,4275084,0.59584126,256,2351872,2352127,2352094,0
2352383,426370053060708,4660792,0.60658991,256,2352128,2352383,2352213,0
2352639,426370054424958,4132292,0.61519844,256,2352384,2352639,2352489,0
2352895,426370054835166,4544750,0.59425728,256,2352640,2352895,2352738,0
2353151,426370055723958,4493458,0.61129457,256,2352896,2353151,2353016,0
2353407,426370056630416,4394167,0.60562089,256,2353152,2353407,2353295,0
2353663,426370057487541,4353500,0.60377393,256,2353408,2353663,2353520,0
2353919,426370058361916,4341750,0.62713047,256,2353664,2353919,2353836,0
2354175,426370059299083,4223500,0.6093607,256,2353920,2354175,2353945,0
2354431,426370060162125,4159041,0.65692913,256,2354176,2354431,2354263,0
2354687,426370060961583,4159792,0.61805452,256,2354432,2354687,2354465,0
2354943,426370061889791,4007667,0.62261602,256,2354688,2354943,2354803,0
2355199,426370062830041,3871959,0.59726526,256,2354944,2355199,2355187,0
2355455,426370063700625,3818500,0.61549548,256,2355200,2355455,2355236,0
2355711,426370064574958,3749625,0.60383213,256,2355456,2355711,2355690,0
2355967,426370065500333,3615208,0.57401221,256,2355712,2355967,2355755,0
2356223,426370066391708,3505917,0.58227665,256,2355968,2356223,2356062,0
2356479,426370067244500,3452333,0.59378722,256,2356224,2356479,2356332,0
2356735,426370068143666,3357584,0.61128015,256,2356480,2356735,2356591,0
2356991,426370069015750,3295750,0.62494963,256,2356736,2356991,2356835,0
2357247,426370069876708,3219458,0.59723363,256,2356992,2357247,2357044,0
2357503,426370070739666,3174667,0.58792185,256,2357248,2357503,2357302,0
2357759,426370071634000,3108625,0.61263605,256,2357504,2357759,2357590,0
2358015,426370072516750,3036125,0.61526841,256,2357760,2358015,2357875,0
2358271,426370073401583,2936958,0.57187917,256,2358016,2358271,2358258,0
2358527,426370074294166,2904334,0.63655577,256,2358272,2358527,2358520,0
2358783,426370075136833,2910042,0.69292101,256,2358528,2358783,2358558,0
2359039,426370076112791,2761084,0.59034389,256,2358784,2359039,2358883,0
2359295,426370076920291,2746834,0.62245042,256,2359040,2359295,2359046,0
2359551,426370077830000,2663291,0.59891146,256,2359296,2359551,2359472,0
2359807,426370078772583,2509917,0.59348389,256,2359552,2359807,2359762,0
2360063,426370079709791,2385834,0.59958757,256,2359808,2360063,2359897,0
2360319,426370080611583,4965458,0.60133077,256,2360064,2360319,2360289,0
2360575,426370081462791,4116000,0.59212213,256,2360320,2360575,2360573,0
2360831,426370085594166,896875,0.63295032,256,2360576,2360831,2360666,0
2361087,426370085610500,1689041,0.60153947,256,2360832,2361087,2361002,0
2361343,426370085631208,2525917,0.58873099,256,2361088,2361343,2361211,0
2361599,426370085653208,3385125,0.64671385,256,2361344,2361599,2361544,0
2361855,426370085998125,3897291,0.6293775,256,2361600,2361855,2361653,0
2362111,426370086815291,3971917,0.63386269,256,2361856,2362111,2361875,0
2362367,426370087719833,3958292,0.63753856,256,2362112,2362367,2362260,0
2362623,426370088647500,4066958,0.61157715,256,2362368,2362623,2362614,0
2362879,426370089504041,3836500,0.63687953,256,2362624,2362879,2362655,0
2363135,426370090387041,3750167,0.64143286,256,2362880,2363135,2362978,0
2363391,426370091299750,3640291,0.57790313,256,2363136,2363391,2363300,0
2363647,426370092179416,3595584,0.61257362,256,2363392,2363647,2363429,0
2363903,426370093107916,3485792,0.60967855,256,2363648,2363903,2363686,0
2364159,426370093952125,3491791,0.64639082,256,2363904,2364159,2364021,0
2364415,426370094801333,3469667,0.61029215,256,2364160,2364415,2364207,0
2364671,426370095650166,3430917,0.62883106,256,2364416,2364671,2364431,0
2364927,426370096533583,3372667,0.56441215,256,2364672,2364927,2364810,0
2365183,426370097420916,3327542,0.60762078,256,2364928,2365183,2365012,0
2365439,426370098295375,3261833,0.61130886,256,2365184,2365439,2365189,0
2365695,426370099208250,3168625,0.57097002,256,2365440,2365695,2365478,0
2365951,426370100118416,3078792,0.58718128,256,2365696,2365951,2365933,0
2366207,426370100963500,3062291,0.61997599,256,2365952,2366207,2366045,0
2366463,426370101850125,2995916,0.60002854,256,2366208,2366463,2366212,0
2366719,426370102743875,2935333,0.63354144,256,2366464,2366719,2366553,0
2366975,426370103640041,2852584,0.61077366,256,2366720,2366975,2366792,0
2367231,426370104485708,2817333,0.5885259,256,2366976,2367231,2367159,0
2367487,426370105366958,2762167,0.60738056,256,2367232,2367487,2367316,0
2367743,426370106221041,2731667,0.61848223,256,2367488,2367743,2367567,0
2367999,426370107076916,2694084,0.6022365,256,2367744,2367999,2367968,0
2368255,426370107974375,2611125,0.61213227,256,2368000,2368255,2368026,0
2368511,426370108915625,2493166,0.59319544,256,2368256,2368511,2368469,0
2368767,426370109828041,2389709,0.59242797,256,2368512,2368767,2368764,0
2369023,426370110694833,2342708,0.58565776,256,2368768,2369023,2368869,0
2369279,426370111538958,2347333,0.6337925,256,2369024,2369279,2369185,0
2369535,426370112394750,2336541,0.62627704,256,2369280,2369535,2369375,0
2369791,426370113323000,2221708,0.57674917,256,2369536,2369791,2369699,0
2370047,426370114207958,2154792,0.61252297,256,2369792,2370047,2370042,0
2370303,426370115059583,2152083,0.59082476,256,2370048,2370303,2370232,0
2370559,426370115919000,2173458,0.63678324,256,2370304,2370559,2370318,0
2370815,426370116802083,2175500,0.60904724,256,2370560,2370815,2370774,0
2371071,426370117708791,2141750,0.60613878,256,2370816,2371071,2371059,0
2371327,426370118565291,2146042,0.60333579,256,2371072,2371327,2371168,0
2371583,426370119456041,2153084,0.61424834,256,2371328,2371583,2371517,0
2371839,426370120344375,2140875,0.59625723,256,2371584,2371839,2371789,0
2372095,426370121290583,2001125,0.60373505,256,2371840,2372095,2372002,0
2372351,426370122160500,1972125,0.61460563,256,2372096,2372351,2372272,0
2372607,426370123009291,1978834,0.66362755,256,2372352,2372607,2372543,0
2372863,426370123911583,1897417,0.59350308,256,2372608,2372863,2372806,0
2373119,426370124804958,1848708,0.62217051,256,2372864,2373119,2372917,0
2373375,426370125658041,1836125,0.61708042,256,2373120,2373375,2373174,0
2373631,426370126570541,1758750,0.64805175,256,2373376,2373631,2373382,0
2373887,426370127501125,1645000,0.62971467,256,2373632,2373887,2373773,0
2374143,426370128394708,4570333,0.6198063,256,2373888,2374143,2373982,0
2374399,426370129309666,3674167,0.58066036,256,2374144,2374399,2374261,0
2374655,426370132684541,1474834,0.62529003,256,2374400,2374655,2374439,0
2374911,426370132700250,2316000,0.62864922,256,2374656,2374911,2374749,0
2375167,426370132714708,3186500,0.62037311,256,2374912,2375167,2375030,0
2375423,426370133080041,3648500,0.5705806,256,2375168,2375423,2375385,0
2375679,426370133682708,3919417,0.63898438,256,2375424,2375679,2375524,0
2375935,426370134553791,3841084,0.60579449,256,2375680,2375935,2375865,0
2376191,426370135416375,3767958,0.59432828,256,2375936,2376191,2376156,0
2376447,426370136289708,3680875,0.56983826,256,2376192,2376447,2376319,0
2376703,426370137153291,3611500,0.57141594,256,2376448,2376703,2376495,0
2376959,426370138013625,3546125,0.5911342,256,2376704,2376959,2376923,0
2377215,426370138912875,3494833,0.63939749,256,2376960,2377215,2377044,0
2377471,426370139836125,3382625,0.63027226,256,2377216,2377471,2377374,0
2377727,426370140731291,3291584,0.58755874,256,2377472,2377727,2377610,0
2377983,426370141598958,3236042,0.62146377,256,2377728,2377983,2377982,0
2378239,426370142492083,3146625,0.60246461,256,2377984,2378239,2378132,0
2378495,426370143377583,3064125,0.59872554,256,2378240,2378495,2378429,0
2378751,426370144268041,2974334,0.59822397,256,2378496,2378751,2378555,0
2379007,426370145113125,2919708,0.60944565,256,2378752,2379007,2378879,0
2379263,426370145984916,2877542,0.61940373,256,2379008,2379263,2379121,0
2379519,426370146891625,2794041,0.61862896,256,2379264,2379519,2379321,0
2379775,426370147821250,2668208,0.64121584,256,2379520,2379775,2379528,0
2380031,426370148704958,2668333,0.60850876,256,2379776,2380031,2379793,0
2380287,426370149601000,2527208,0.63755647,256,2380032,2380287,2380220,0
2380543,426370150533750,2396791,0.62428661,256,2380288,2380543,2380344,0
2380799,426370151437333,2284583,0.57821061,256,2380544,2380799,2380769,0
2381055,426370152301000,2249208,0.6298314,256,2380800,2381055,2380816,0
2381311,426370153194083,2155875,0.58800449,256,2381056,2381311,2381254,0
2381567,426370154135041,2010500,0.58821582,256,2381312,2381567,2381558,0
2381823,426370155004041,1922375,0.61040398,256,2381568,2381823,2381805,0
2382079,426370155796041,1955375,0.6066355,256,2381824,2382079,2382016,0
2382335,426370156653250,1882750,0.57035621,256,2382080,2382335,2382232,0
2382591,426370157584208,1755833,0.64955942,256,2382336,2382591,2382580,0
2382847,426370158473041,1710959,0.65932005,256,2382592,2382847,2382599,0
2383103,426370159369375,1642416,0.59602317,256,2382848,2383103,2382964,0
2383359,426370160229375,1578291,0.60274246,256,2383104,2383359,2383133,0
2383615,426370161096375,1551041,0.61212021,256,2383360,2383615,2383568,0
2383871,426370162028125,1455541,0.6686183,256,2383616,2383871,2383692,0
2384127,426370162921833,1353750,0.60951265,256,2383872,2384127,2384032,0
2384383,426370163825125,1302333,0.64193169,256,2384128,2384383,2384347,0
2384639,426370164726041,1217084,0.58499298,256,2384384,2384639,2384588,0
2384895,426370165613708,1120708,0.58175114,256,2384640,2384895,2384783,0
2385151,426370166442083,1084125,0.6016676,256,2384896,2385151,2385064,0
2385407,426370167294000,1058375,0.61858467,256,2385152,2385407,2385336,0
2385663,426370168210583,973458,0.59030133,256,2385408,2385663,2385641,0
2385919,426370169108625,888833,0.59487259,256,2385664,2385919,2385695,0
2386175,426370170011291,821125,0.58325845,256,2385920,2386175,2386087,0
2386431,426370170898750,852375,0.57110776,256,2386176,2386431,2386261,0
2386687,426370171782916,867667,0.62981849,256,2386432,2386687,2386568,0
2386943,426370172706708,825167,0.60212846,256,2386688,2386943,2386884,0
2387199,426370173596958,897250,0.65859587,256,2386944,2387199,2387048,0
2387455,426370174471375,875416,0.60433851,256,2387200,2387455,2387327,0
2387711,426370175331958,836958,0.60328128,256,2387456,2387711,2387525,0
2387967,426370176201333,852542,0.58603592,256,2387712,2387967,2387736,0
2388223,426370177069791,819125,0.6051523,256,2387968,2388223,2388138,0
2388479,426370177910916,1947042,0.60298794,256,2388224,2388479,2388341,0
2388735,426370179869375,2061666,0.59905662,256,2388480,2388735,2388644,0
2388991,426370179883916,2915209,0.61451882,256,2388736,2388991,2388947,0
2389247,426370181140500,2522125,0.64303692,256,2388992,2389247,2389078,0
2389503,426370181514583,2996917,0.5877867,256,2389248,2389503,2389433,0
2389759,426370182361333,3034708,0.61402743,256,2389504,2389759,2389611,0
2390015,426370183263291,3043125,0.61915101,256,2389760,2390015,2389963,0
2390271,426370184096541,3076334,0.57221192,256,2390016,2390271,2390226,0
2390527,426370184984750,3026125,0.61467062,256,2390272,2390527,2390317,0
2390783,426370185851041,2998125,0.57762067,256,2390528,2390783,2390641,0
2391039,426370186732000,2929916,0.60441898,256,2390784,2391039,2390906,0
2391295,426370187644333,2854750,0.61028263,256,2391040,2391295,2391281,0
2391551,426370188485166,2864959,0.66421782,256,2391296,2391551,2391410,0
2391807,426370189368750,2821916,0.64918656,256,2391552,2391807,2391800,0
2392063,426370190283125,2730041,0.62763628,256,2391808,2392063,2391924,0
2392319,426370191192041,2621500,0.59030164,256,2392064,2392319,2392263,0
2392575,426370192044208,2610333,0.65669599,256,2392320,2392575,2392546,0
2392831,426370192940375,2573416,0.63442299,256,2392576,2392831,2392633,0
2393087,426370193792416,2534167,0.62120374,256,2392832,2393087,2393029,0
2393343,426370194768958,2373583,0.60691563,256,2393088,2393343,2393171,0
2393599,426370195653250,2362666,0.60772612,256,2393344,2393599,2393425,0
2393855,426370196589041,2282834,0.57819875,256,2393600,2393855,2393714,0
2394111,426370197503916,2243792,0.62012724,256,2393856,2394111,2393966,0
2394367,426370198371083,2259792,0.62712254,256,2394112,2394367,2394281,0
2394623,426370199243375,2259166,0.60192367,256,2394368,2394623,2394373,0
2394879,426370200135333,2225583,0.58488348,256,2394624,2394879,2394651,0
2395135,426370201027208,2164667,0.62206653,256,2394880,2395135,2394923,0
2395391,426370201991833,2052542,0.62414991,256,2395136,2395391,2395367,0
2395647,426370202882125,1990958,0.62464416,256,2395392,2395647,2395509,0
2395903,426370203760000,1911208,0.57558784,256,2395648,2395903,2395683,0
2396159,426370204577208,1881875,0.63017868,256,2395904,2396159,2396085,0
2396415,426370205450333,1814292,0.61242889,256,2396160,2396415,2396400,0
2396671,426370206351916,1714792,0.59227937,256,2396416,2396671,2396660,0
2396927,426370207241333,1644250,0.59442219,256,2396672,2396927,2396912,0
2397183,426370208187375,1491916,0.58007661,256,2396928,2397183,2396931,0
2397439,426370209149875,1360041,0.63925784,256,2397184,2397439,2397231,0
2397695,426370210050583,1272417,0.58870569,256,2397440,2397695,2397567,0
2397951,426370210974333,4254250,0.61103145,256,2397696,2397951,2397792,0
2398207,426370211862000,3368125,0.61090879,256,2397952,2398207,2398079,0
2398463,426370215086583,1084542,0.61692627,256,2398208,2398463,2398449,0
2398719,426370215102708,1919333,0.59929395,256,2398464,2398719,2398638,0
2398975,426370215117250,2775000,0.64087453,256,2398720,2398975,2398872,0
2399231,426370215352541,3388542,0.6315689,256,2398976,2399231,2399100,0
2399487,426370216227875,3356250,0.57421666,256,2399232,2399487,2399302,0
2399743,426370217112125,3360500,0.63829549,256,2399488,2399743,2399582,0
2399999,426370217943583,3406917,0.62853484,256,2399744,2399999,2399785,0
2400255,426370218829416,3411292,0.60530327,256,2400000,2400255,2400165,0
2400511,426370219746416,3350542,0.60754791,256,2400256,2400511,2400431,0
2400767,426370220629458,3312708,0.62263458,256,2400512,2400767,2400529,0
2401023,426370221569500,3235583,0.60779822,256,2400768,2401023,2400800,0
2401279,426370222477500,3157916,0.59317879,256,2401024,2401279,2401154,0
2401535,426370223410833,3090833,0.63330478,256,2401280,2401535,2401378,0
2401791,426370224266125,3093041,0.64410942,256,2401536,2401791,2401775,0
2402047,426370225125541,3140792,0.59444516,256,2401792,2402047,2401939,0
2402303,426370226039583,3131625,0.6023155,256,2402048,2402303,2402198,0
2402559,426370226894125,3177708,0.59879767,256,2402304,2402559,2402557,0
2402815,426370227747875,3265541,0.6397648,256,2402560,2402815,2402632,0
2403071,426370228677583,3241167,0.60877202,256,2402816,2403071,2402968,0
2403327,426370229567541,3229584,0.61318985,256,2403072,2403327,2403213,0
2403583,426370230455583,3220958,0.63772835,256,2403328,2403583,2403564,0
2403839,426370231367666,3222375,0.61225154,256,2403584,2403839,2403693,0
2404095,426370232356958,3101750,0.64164905,256,2403840,2404095,2403983,0
2404351,426370233256750,3071958,0.64319282,256,2404096,2404351,2404236,0
2404607,426370234091458,3087958,0.62274917,256,2404352,2404607,2404562,0
2404863,426370234968583,3091917,0.63325526,256,2404608,2404863,2404770,0
2405119,426370235764500,3122666,0.63732299,256,2404864,2405119,2404909,0
2405375,426370236633416,3127209,0.59443301,256,2405120,2405375,2405257,0
2405631,426370237514416,3097792,0.64122953,256,2405376,2405631,2405392,0
2405887,426370238430041,3062542,0.64987984,256,2405632,2405887,2405685,0
2406143,426370239322416,3039084,0.59472973,256,2405888,2406143,2405983,0
2406399,426370240215791,3036084,0.65296432,256,2406144,2406399,2406301,0
2406655,426370241134583,2961000,0.61340293,256,2406400,2406655,2406526,0
2406911,426370242024250,2931916,0.64018076,256,2406656,2406911,2406720,0
2407167,426370242996083,2828417,0.63829761,256,2406912,2407167,2407086,0
2407423,426370243834333,2820500,0.59043634,256,2407168,2407423,2407340,0
2407679,426370244731375,2801500,0.61976185,256,2407424,2407679,2407469,0
2407935,426370245670666,2746375,0.64076093,256,2407680,2407935,2407886,0
2408191,426370246550583,2731500,0.60188761,256,2407936,2408191,2408135,0
2408447,426370247441583,2713208,0.64467236,256,2408192,2408447,2408411,0
2408703,426370248380625,2646291,0.61130411,256,2408448,2408703,2408568,0
2408959,426370249264083,2658542,0.62364927,256,2408704,2408959,2408705,0
2409215,426370250188916,2620584,0.67610459,256,2408960,2409215,2409061,0
2409471,426370251008375,2670208,0.61156548,256,2409216,2409471,2409322,0
2409727,426370251891500,2664541,0.64185669,256,2409472,2409727,2409531,0
2409983,426370252750833,2669917,0.60819544,256,2409728,2409983,2409835,0
2410239,426370253629333,2668917,0.60853292,256,2409984,2410239,2410172,0
2410495,426370254597791,2576084,0.62492758,256,2410240,2410495,2410455,0
2410751,426370255398833,2674875,0.67894507,256,2410496,2410751,2410670,0
2411007,426370256282458,2656875,0.60293968,256,2410752,2411007,2410874,0
2411263,426370257149750,2693291,0.64961557,256,2411008,2411263,2411141,0
2411519,426370258078083,2644333,0.65605684,256,2411264,2411519,2411445,0
2411775,426370258978000,2625458,0.63862436,256,2411520,2411775,2411769,0
2412031,426370259849625,4413458,0.61520012,256,2411776,2412031,2411924,0
2412287,426370260661541,3603292,0.64809905,256,2412032,2412287,2412177,0
2412543,426370261552291,2901000,0.61243982,256,2412288,2412543,2412291,0
2412799,426370262414083,2926583,0.61548058,256,2412544,2412799,2412614,0
2413055,426370264375625,1887541,0.59380359,256,2412800,2413055,2413048,0
2413311,426370264390125,2820333,0.64472019,256,2413056,2413311,2413083,0
2413567,426370265111791,2998042,0.6762325,256,2413312,2413567,2413542,0
2413823,426370265981166,2990459,0.62823744,256,2413568,2413823,2413626,0
2414079,426370266844041,2995042,0.63039284,256,2413824,2414079,2413973,0
2414335,426370267739833,2970667,0.65093792,256,2414080,2414335,2414183,0
2414591,426370268558833,3009958,0.61951663,256,2414336,2414591,2414506,0
2414847,426370269457000,2976375,0.60176922,256,2414592,2414847,2414706,0
2415103,426370270320875,2951541,0.62239543,256,2414848,2415103,2415087,0
2415359,426370271237375,2904083,0.62346011,256,2415104,2415359,2415153,0
2415615,426370272070875,2966375,0.60631253,256,2415360,2415615,2415412,0
2415871,426370272898000,3035750,0.60674639,256,2415616,2415871,2415743,0
2416127,426370273771958,3006875,0.59356166,256,2415872,2416127,2416042,0
2416383,426370274651958,2994250,0.62176583,256,2416128,2416383,2416319,0
2416639,426370275593625,2959041,0.67761214,256,2416384,2416639,2416606,0
2416895,426370276461583,2940542,0.59797442,256,2416640,2416895,2416650,0
2417151,426370277418916,2840125,0.63351258,256,2416896,2417151,2416970,0
2417407,426370278281833,2852542,0.6318691,256,2417152,2417407,2417349,0
2417663,426370279199166,2806834,0.60372303,256,2417408,2417663,2417572,0
2417919,426370280111291,2748667,0.5882785,256,2417664,2417919,2417751,0
2418175,426370280920625,2789583,0.59024759,256,2417920,2418175,2418099,0
2418431,426370281825833,3139125,0.6188372,256,2418176,2418431,2418420,0
2418687,426370282690458,3145042,0.68728591,256,2418432,2418687,2418577,0
2418943,426370283631083,3056417,0.61264445,256,2418688,2418943,2418860,0
2419199,426370284449958,3109583,0.60049282,256,2418944,2419199,2419088,0
2419455,426370285339291,3059250,0.61710258,256,2419200,2419455,2419209,0
2419711,426370286262166,3000167,0.6286582,256,2419456,2419711,2419592,0
2419967,426370287131083,3019125,0.6453923,256,2419712,2419967,2419761,0
2420223,426370288068583,2969833,0.58354475,256,2419968,2420223,2420090,0
2420479,426370288936708,2970208,0.6416423,256,2420224,2420479,2420262,0
2420735,426370289822250,2976500,0.63129476,256,2420480,2420735,2420723,0
2420991,426370290659791,2989625,0.62201745,256,2420736,2420991,2420885,0
2421247,426370291576833,2901708,0.64913662,256,2420992,2421247,2421021,0
2421503,426370292392125,2989166,0.64973736,256,2421248,2421503,2421379,0
2421759,426370293316166,2919959,0.61284035,256,2421504,2421759,2421740,0
2422015,426370294127083,2961292,0.59641035,256,2421760,2422015,2422001,0
2422271,426370295023666,2938042,0.64470687,256,2422016,2422271,2422057,0
2422527,426370295867083,2974292,0.63934525,256,2422272,2422527,2422519,0
2422783,426370296752375,3465958,0.68487594,256,2422528,2422783,2422573,0
2423039,426370297595416,4693792,0.60635518,256,2422784,2423039,2422827,0
2423295,426370298544833,3848417,0.63492915,256,2423040,2423295,2423095,0
2423551,426370299511375,2883000,0.64038003,256,2423296,2423551,2423424,0
2423807,426370300430916,2871875,0.60458498,256,2423552,2423807,2423626,0
2424063,426370302397166,1835209,0.61138184,256,2423808,2424063,2423938,0
2424319,426370302411666,2743417,0.57218914,256,2424064,2424319,2424261,0
2424575,426370302993416,3109334,0.62098797,256,2424320,2424575,2424466,0
2424831,426370303834625,3233416,0.62856775,256,2424576,2424831,2424618,0
2425087,426370304769708,3190375,0.59053032,256,2424832,2425087,2424870,0
2425343,426370305660041,3209209,0.64044553,256,2425088,2425343,2425223,0
2425599,426370306507333,3236208,0.62097953,256,2425344,2425599,2425488,0
2425855,426370307407333,3208542,0.61062979,256,2425600,2425855,2425660,0
2426111,426370308335333,3145042,0.60962017,256,2425856,2426111,2426008,0
2426367,426370309398291,2970959,0.61720247,256,2426112,2426367,2426347,0
2426623,426370310121625,3109750,0.64102501,256,2426368,2426623,2426538,0
2426879,426370311003125,3081916,0.6052075,256,2426624,2426879,2426627,0
2427135,426370311949875,2986375,0.59691529,256,2426880,2427135,2427134,0
2427391,426370312840833,2970833,0.6443855,256,2427136,2427391,2427259,0
2427647,426370313724083,2946208,0.65614144,256,2427392,2427647,2427559,0
2427903,426370314572166,2929167,0.57842803,256,2427648,2427903,2427773,0
2428159,426370315470375,2922083,0.6332931,256,2427904,2428159,2428081,0
2428415,426370316395625,2838541,0.58710934,256,2428160,2428415,2428196,0
2428671,426370317259250,2821875,0.60331849,256,2428416,2428671,2428493,0
2428927,426370318172583,2742208,0.61998326,256,2428672,2428927,2428701,0
2429183,426370319063333,2720333,0.65400459,256,2428928,2429183,2429035,0
2429439,426370319852791,2770250,0.5891788,256,2429184,2429439,2429268,0
2429695,426370320765125,2751041,0.6458288,256,2429440,2429695,2429599,0
2429951,426370321650125,2713791,0.59749237,256,2429696,2429951,2429752,0
2430207,426370322545250,2667125,0.597402,256,2429952,2430207,2430061,0
2430463,426370323400500,2671416,0.66563199,256,2430208,2430463,2430416,0
2430719,426370324276416,2638875,0.61983034,256,2430464,2430719,2430526,0
2430975,426370325201375,2553166,0.61303204,256,2430720,2430975,2430869,0
2431231,426370326064875,2521875,0.60281846,256,2430976,2431231,2431136,0
2431487,426370326916791,2520959,0.59442221,256,2431232,2431487,2431299,0
2431743,426370327791250,2464458,0.59648675,256,2431488,2431743,2431707,0
2431999,426370328699916,2374334,0.59384777,256,2431744,2431999,2431879,0
2432255,426370329584208,2378375,0.65585927,256,2432000,2432255,2432050,0
2432511,426370330457625,2365666,0.63750405,256,2432256,2432511,2432395,0
2432767,426370331372291,2304500,0.65071636,256,2432512,2432767,2432698,0
2433023,426370332216625,2291125,0.59603534,256,2432768,2433023,2432882,0
2433279,426370333083750,2263166,0.61297029,256,2433024,2433279,2433178,0
2433535,426370333940041,2260709,0.62639294,256,2433280,2433535,2433314,0
2433791,426370334801125,2220458,0.61854913,256,2433536,2433791,2433631,0
2434047,426370335648416,2211417,0.6080745,256,2433792,2434047,2433995,0
2434303,426370336476958,2246958,0.63534921,256,2434048,2434303,2434202,0
2434559,426370337336375,2263375,0.61000586,256,2434304,2434559,2434365,0
2434815,426370338206666,5068250,0.59199943,256,2434560,2434815,2434650,0
2435071,426370339078625,4199000,0.62598071,256,2434816,2435071,2434911,0
2435327,426370339997583,3281125,0.62042115,256,2435072,2435327,2435310,0
2435583,426370343729666,1236750,0.6007891,256,2435328,2435583,2435384,0
2435839,426370343739541,2071417,0.60044824,256,2435584,2435839,2435687,0
2436095,426370343749333,2989042,0.62258164,256,2435840,2436095,2436031,0
2436351,426370343759083,3868208,0.61672773,256,2436096,2436351,2436177,0
2436607,426370344429208,4010583,0.63793373,256,2436352,2436607,2436484,0
2436863,426370345323500,3972750,0.65676825,256,2436608,2436863,2436807,0
2437119,426370346178958,3913375,0.59189767,256,2436864,2437119,2437104,0
2437375,426370347080708,3864667,0.65469798,256,2437120,2437375,2437363,0
2437631,426370347967916,3844959,0.63176897,256,2437376,2437631,2437523,0
2437887,426370348848791,3738042,0.61766377,256,2437632,2437887,2437852,0
2438143,426370349716166,3692250,0.59563738,256,2437888,2438143,2437928,0
2438399,426370350684625,3516791,0.59642016,256,2438144,2438399,2438174,0
2438655,426370351574208,3465292,0.66309834,256,2438400,2438655,2438535,0
2438911,426370352504291,3356625,0.61057383,256,2438656,2438911,2438830,0
2439167,426370353405583,3271000,0.59880173,256,2438912,2439167,2438927,0
2439423,426370354296833,3190583,0.60759245,256,2439168,2439423,2439191,0
2439679,426370355182166,3196959,0.65781552,256,2439424,2439679,2439424,0
2439935,426370356081416,3192834,0.63380544,256,2439680,2439935,2439704,0
2440191,426370356980875,3206125,0.60113956,256,2439936,2440191,2440093,0
2440447,426370357814583,3275417,0.62129579,256,2440192,2440447,2440357,0
2440703,426370358691875,3319166,0.62064396,256,2440448,2440703,2440657,0
2440959,426370359575833,3291000,0.60302827,256,2440704,2440959,2440880,0
2441215,426370360447250,3254875,0.60785975,256,2440960,2441215,2441179,0
2441471,426370361272666,3237250,0.61596974,256,2441216,2441471,2441397,0
2441727,426370362185833,3137292,0.57658246,256,2441472,2441727,2441494,0
2441983,426370363042666,3078875,0.62374666,256,2441728,2441983,2441951,0
2442239,426370363961916,2973084,0.6010083,256,2441984,2442239,2442117,0
2442495,426370364816625,2917125,0.58368317,256,2442240,2442495,2442310,0
2442751,426370365701833,3312583,0.58232311,256,2442496,2442751,2442585,0
2443007,426370366555125,4078708,0.6099363,256,2442752,2443007,2442804,0
2443263,426370367391791,4855750,0.60607571,256,2443008,2443263,2443247,0
2443519,426370368354750,5506750,0.61528807,256,2443264,2443519,2443281,0
2443775,426370369229166,6023084,0.60940541,256,2443520,2443775,2443775,0
2444031,426370370076500,6018916,0.65134198,256,2443776,2444031,2443862,0
2444287,426370370994416,5963792,0.62799196,256,2444032,2444287,2444136,0
2444543,426370371882666,5919459,0.64382915,256,2444288,2444543,2444454,0
2444799,426370372769041,5853167,0.61922696,256,2444544,2444799,2444668,0
2445055,426370373643083,5789917,0.59839023,256,2444800,2445055,2445031,0
2445311,426370374506708,5714708,0.62816033,256,2445056,2445311,2445159,0
2445567,426370375340375,5671708,0.64913908,256,2445312,2445567,2445529,0
2445823,426370376277416,5542417,0.59932455,256,2445568,2445823,2445820,0
2446079,426370377235250,5392333,0.58963899,256,2445824,2446079,2445982,0
2446335,426370378044833,5386958,0.65642894,256,2446080,2446335,2446328,0
2446591,426370378908958,5342958,0.61479246,256,2446336,2446591,2446554,0
2446847,426370379810708,5236042,0.58687898,256,2446592,2446847,2446724,0
2447103,426370380638791,5203500,0.5812468,256,2446848,2447103,2447029,0
2447359,426370381569750,5068833,0.60889053,256,2447104,2447359,2447192,0
2447615,426370382420041,5057667,0.6789547,256,2447360,2447615,2447564,0
2447871,426370383295916,4975750,0.63423499,256,2447616,2447871,2447770,0
2448127,426370384102666,7906125,0.62730144,256,2447872,2448127,2447963,0
2448383,426370384964333,7084000,0.57473111,256,2448128,2448383,2448260,0
2448639,426370385838250,6211166,0.64256733,256,2448384,2448639,2448558,0
2448895,426370386728333,5322167,0.62837244,256,2448640,2448895,2448738,0
2449151,426370387661208,4694667,0.5982365,256,2448896,2449151,2448934,0
2449407,426370388504916,4704792,0.60359799,256,2449152,2449407,2449210,0
2449663,426370392086125,1992208,0.59659302,256,2449408,2449663,2449648,0
2449919,426370392159208,2802500,0.58975026,256,2449664,2449919,2449840,0
2450175,426370392168875,3677750,0.61424866,256,2449920,2450175,2450051,0
2450431,426370392187791,4558417,0.62930165,256,2450176,2450431,2450343,0
2450687,426370392916958,4730167,0.58270619,256,2450432,2450687,2450654,0
2450943,426370393776583,4676292,0.58112582,256,2450688,2450943,2450827,0
2451199,426370394681041,4590167,0.62488011,256,2450944,2451199,2450957,0
2451455,426370395516541,4571625,0.58236464,256,2451200,2451455,2451396,0
2451711,426370396377458,4518417,0.62010245,256,2451456,2451711,2451578,0
2451967,426370397301750,4452541,0.61091659,256,2451712,2451967,2451830,0
2452223,426370398207916,4302500,0.60658991,256,2451968,2452223,2452213,0
2452479,426370399123625,4187000,0.57312292,256,2452224,2452479,2452448,0
2452735,426370399999791,4126417,0.61519844,256,2452480,2452735,2452489,0
2452991,426370400877333,4066542,0.60823272,256,2452736,2452991,2452905,0
2453247,426370401734458,4001167,0.61129457,256,2452992,2453247,2453016,0
2453503,426370402654708,3876333,0.60562089,256,2453248,2453503,2453295,0
2453759,426370403545125,3778375,0.60377393,256,2453504,2453759,2453520,0
2454015,426370404412125,3748375,0.62713047,256,2453760,2454015,2453836,0
2454271,426370405339875,3639708,0.65692913,256,2454016,2454271,2454263,0
2454527,426370406175541,3596459,0.61805452,256,2454272,2454527,2454465,0
2454783,426370407016583,3542875,0.60662932,256,2454528,2454783,2454587,0
2455039,426370407969708,3377542,0.62261602,256,2454784,2455039,2454803,0
2455295,426370408854500,3290333,0.61549548,256,2455040,2455295,2455236,0
2455551,426370409712708,3235000,0.59535012,256,2455296,2455551,2455536,0
2455807,426370410617333,3136500,0.60383213,256,2455552,2455807,2455690,0
2456063,426370411529541,3011000,0.58227665,256,2455808,2456063,2456062,0
2456319,426370412397791,2918834,0.57086195,256,2456064,2456319,2456064,0
2456575,426370413300708,2816083,0.59378722,256,2456320,2456575,2456332,0
2456831,426370414167666,2758417,0.62129146,256,2456576,2456831,2456802,0
2457087,426370415048333,2679417,0.62494963,256,2456832,2457087,2456835,0
2457343,426370415904666,2619250,0.58792185,256,2457088,2457343,2457302,0
2457599,426370416791083,2549625,0.61263605,256,2457344,2457599,2457590,0
2457855,426370417662166,2509500,0.59954949,256,2457600,2457855,2457720,0
2458111,426370418546541,2410834,0.61526841,256,2457856,2458111,2457875,0
2458367,426370419428208,2339625,0.61289621,256,2458112,2458367,2458324,0
2458623,426370420354333,2280333,0.69292101,256,2458368,2458623,2458558,0
2458879,426370421188500,2271291,0.59693152,256,2458624,2458879,2458667,0
2459135,426370422094625,2187666,0.62245042,256,2458880,2459135,2459046,0
2459391,426370422988291,2085917,0.58982097,256,2459136,2459391,2459381,0
2459647,426370423885833,2000000,0.59891146,256,2459392,2459647,2459472,0
2459903,426370424836291,1864292,0.59958757,256,2459648,2459903,2459897,0
2460159,426370425730541,1752292,0.58000046,256,2459904,2460159,2460050,0
2460415,426370426653583,1624167,0.60133077,256,2460160,2460415,2460289,0
2460671,426370427498916,1608500,0.63295032,256,2460416,2460671,2460666,0
2460927,426370428422291,1501250,0.59501282,256,2460672,2460927,2460790,0
2461183,426370429272291,1474167,0.60153947,256,2460928,2461183,2461002,0
2461439,426370430187000,1359083,0.59158211,256,2461184,2461439,2461373,0
2461695,426370431061583,1323875,0.64671385,256,2461440,2461695,2461544,0
2461951,426370431953375,1263333,0.63386269,256,2461696,2461951,2461875,0
2462207,426370432875416,1144125,0.63145207,256,2461952,2462207,2462172,0
2462463,426370433758416,1100750,0.63753856,256,2462208,2462463,2462260,0
2462719,426370434658041,1010959,0.63687953,256,2462464,2462719,2462655,0
2462975,426370435538916,2863875,0.60181328,256,2462720,2462975,2462774,0
2463231,426370438374875,967458,0.64143286,256,2462976,2463231,2462978,0
2463487,426370438389541,1842000,0.61257362,256,2463232,2463487,2463429,0
2463743,426370438406666,2700334,0.60967855,256,2463488,2463743,2463686,0
2463999,426370439130833,2855833,0.59341199,256,2463744,2463999,2463831,0
2464255,426370439953208,2952667,0.64639082,256,2464000,2464255,2464021,0
2464511,426370440809166,2896375,0.62883106,256,2464256,2464511,2464431,0
2464767,426370441678916,2813167,0.56860543,256,2464512,2464767,2464630,0
2465023,426370442581375,2719083,0.60762078,256,2464768,2465023,2465012,0
2465279,426370443445041,2662792,0.61130886,256,2465024,2465279,2465189,0
2465535,426370444324833,2583833,0.5750652,256,2465280,2465535,2465347,0
2465791,426370445240375,2490583,0.58355571,256,2465536,2465791,2465754,0
2466047,426370446124125,2433666,0.61997599,256,2465792,2466047,2466045,0
2466303,426370446993000,2385583,0.60002854,256,2466048,2466303,2466212,0
2466559,426370447886958,2321083,0.63354144,256,2466304,2466559,2466553,0
2466815,426370448793958,2228375,0.61653147,256,2466560,2466815,2466699,0
2467071,426370449656208,2186708,0.56357814,256,2466816,2467071,2466908,0
2467327,426370450484000,2182333,0.60738056,256,2467072,2467327,2467316,0
2467583,426370451388250,2107333,0.61848223,256,2467328,2467583,2467567,0
2467839,426370452253125,2125500,0.5728344,256,2467584,2467839,2467799,0
2468095,426370453134625,2063833,0.61213227,256,2467840,2468095,2468026,0
2468351,426370453994458,2041958,0.59197516,256,2468096,2468351,2468185,0
2468607,426370454974000,1900375,0.59319544,256,2468352,2468607,2468469,0
2468863,426370455856166,1851750,0.59242797,256,2468608,2468863,2468764,0
2469119,426370456733041,1807292,0.59253761,256,2468864,2469119,2469107,0
2469375,426370457571666,1852667,0.6337925,256,2469120,2469375,2469185,0
2469631,426370458423583,1800125,0.60585419,256,2469376,2469631,2469377,0
2469887,426370459394958,1634833,0.59063498,256,2469632,2469887,2469883,0
2470143,426370460233625,1618041,0.61252297,256,2469888,2470143,2470042,0
2470399,426370461088750,1597625,0.63678324,256,2470144,2470399,2470318,0
2470655,426370461928000,1591083,0.61420734,256,2470400,2470655,2470414,0
2470911,426370462852791,1506709,0.60904724,256,2470656,2470911,2470774,0
2471167,426370463722166,1453000,0.60613878,256,2470912,2471167,2471059,0
2471423,426370464578583,1411500,0.60333579,256,2471168,2471423,2471168,0
2471679,426370465483583,1360583,0.61424834,256,2471424,2471679,2471517,0
2471935,426370466413791,1255959,0.59625723,256,2471680,2471935,2471789,0
2472191,426370467282541,1195542,0.61436095,256,2471936,2472191,2472096,0
2472447,426370468173291,1157375,0.63025999,256,2472192,2472447,2472376,0
2472703,426370469073666,1101334,0.66362755,256,2472448,2472703,2472543,0
2472959,426370469955416,1075292,0.62217051,256,2472704,2472959,2472917,0
2473215,426370470822000,1043791,0.61708042,256,2472960,2473215,2473174,0
2473471,426370471703291,1014792,0.64805175,256,2473216,2473471,2473382,0
2473727,426370472626250,918500,0.60259417,256,2473472,2473727,2473615,0
2473983,426370473552166,1576834,0.62971467,256,2473728,2473983,2473773,0
2474239,426370474457208,1532750,0.61590293,256,2473984,2474239,2474003,0
2474495,426370475323291,1418417,0.62529003,256,2474240,2474495,2474439,0
2474751,426370476193958,1369250,0.62864922,256,2474496,2474751,2474749,0
2475007,426370477105708,1245167,0.59333768,256,2474752,2475007,2474937,0
2475263,426370477962291,1201292,0.62037311,256,2475008,2475263,2475030,0
2475519,426370478815916,1148625,0.61166759,256,2475264,2475519,2475516,0
2475775,426370479703833,1096083,0.63898438,256,2475520,2475775,2475524,0
2476031,426370480587791,997917,0.60579449,256,2475776,2476031,2475865,0
2476287,426370481480833,908792,0.59432828,256,2476032,2476287,2476156,0
2476543,426370482314666,893125,0.57141594,256,2476288,2476543,2476495,0
2476799,426370483190625,870083,0.58731305,256,2476544,2476799,2476756,0
2477055,426370484057250,936375,0.63939749,256,2476800,2477055,2477044,0
2477311,426370484957625,895916,0.62799182,256,2477056,2477311,2477062,0
2477567,426370485886666,858167,0.63027226,256,2477312,2477567,2477374,0
2477823,426370486769541,1709417,0.58755874,256,2477568,2477823,2477610,0
2478079,426370487639166,1827000,0.62146377,256,2477824,2478079,2477982,0
2478335,426370488541875,1734375,0.60246461,256,2478080,2478335,2478132,0
2478591,426370489420375,1653541,0.59872554,256,2478336,2478591,2478429,0
2478847,426370490261250,1619708,0.59446178,256,2478592,2478847,2478809,0
2479103,426370491166583,1511750,0.61647809,256,2478848,2479103,2479082,0
2479359,426370492034541,1484000,0.61940373,256,2479104,2479359,2479121,0
2479615,426370492909833,1390500,0.64121584,256,2479360,2479615,2479528,0
2479871,426370493874625,1262958,0.60850876,256,2479616,2479871,2479793,0
2480127,426370494726125,1207250,0.59243858,256,2479872,2480127,2480049,0
2480383,426370495661416,1072334,0.63755647,256,2480128,2480383,2480220,0
2480639,426370496565625,987541,0.61990284,256,2480384,2480639,2480394,0
2480895,426370497433708,4092458,0.6298314,256,2480640,2480895,2480816,0
2481151,426370501438875,1031333,0.5681895,256,2480896,2481151,2481068,0
2481407,426370501453375,1867208,0.58800449,256,2481152,2481407,2481254,0
2481663,426370501467875,2701708,0.58821582,256,2481408,2481663,2481558,0
2481919,426370501482916,3577292,0.61040398,256,2481664,2481919,2481805,0
2482175,426370501811250,4130375,0.6066355,256,2481920,2482175,2482016,0
2482431,426370502715083,4084625,0.57977163,256,2482176,2482431,2482353,0
2482687,426370503615000,4086000,0.65932005,256,2482432,2482687,2482599,0
2482943,426370504492291,4027917,0.594451,256,2482688,2482943,2482812,0
2483199,426370505390833,3989042,0.60274246,256,2482944,2483199,2483133,0
2483455,426370506255625,3956166,0.59988771,256,2483200,2483455,2483364,0
2483711,426370507141125,3931333,0.6686183,256,2483456,2483711,2483692,0
2483967,426370508081916,3824000,0.60820329,256,2483712,2483967,2483720,0
2484223,426370508966875,3773125,0.61662286,256,2483968,2484223,2484199,0
2484479,426370509860833,3747042,0.64193169,256,2484224,2484479,2484347,0
2484735,426370510742875,3679916,0.58499298,256,2484480,2484735,2484588,0
2484991,426370511612916,3635834,0.58960647,256,2484736,2484991,2484954,0
2485247,426370512458125,3614333,0.6016676,256,2484992,2485247,2485064,0
2485503,426370513367875,3554916,0.61858467,256,2485248,2485503,2485336,0
2485759,426370514264791,3507417,0.59487259,256,2485504,2485759,2485695,0
2486015,426370515162166,3455375,0.57453155,256,2485760,2486015,2485774,0
2486271,426370516064958,3358750,0.58325845,256,2486016,2486271,2486087,0
2486527,426370516910041,3356750,0.59289488,256,2486272,2486527,2486448,0
2486783,426370517855041,3238167,0.62981849,256,2486528,2486783,2486568,0
2487039,426370518731458,3205250,0.61250639,256,2486784,2487039,2486967,0
2487295,426370519634958,3187625,0.65859587,256,2487040,2487295,2487048,0
2487551,426370520495250,3170708,0.60433851,256,2487296,2487551,2487327,0
2487807,426370521343375,3162291,0.58603592,256,2487552,2487807,2487736,0
2488063,426370522217500,3127333,0.58117719,256,2487808,2488063,2488034,0
2488319,426370523115041,3061750,0.6051523,256,2488064,2488319,2488138,0
2488575,426370523938375,3077666,0.60298794,256,2488320,2488575,2488341,0
2488831,426370524848458,3006500,0.59933504,256,2488576,2488831,2488796,0
2489087,426370525704375,2975791,0.64303692,256,2488832,2489087,2489078,0
2489343,426370526609333,2920250,0.62150001,256,2489088,2489343,2489100,0
2489599,426370527575333,2788667,0.58952888,256,2489344,2489599,2489516,0
2489855,426370528391958,2821125,0.61402743,256,2489600,2489855,2489611,0
2490111,426370529308541,2764709,0.61915101,256,2489856,2490111,2489963,0
2490367,426370530144458,2783083,0.61467062,256,2490112,2490367,2490317,0
2490623,426370531016791,2740167,0.59832341,256,2490368,2490623,2490499,0
2490879,426370531905583,2700083,0.5910827,256,2490624,2490879,2490815,0
2491135,426370532765708,2689500,0.60441898,256,2490880,2491135,2490906,0
2491391,426370533685250,2615291,0.61028263,256,2491136,2491391,2491281,0
2491647,426370534554375,2836083,0.66421782,256,2491392,2491647,2491410,0
2491903,426370535413458,2817333,0.64918656,256,2491648,2491903,2491800,0
2492159,426370536323000,2729708,0.62763628,256,2491904,2492159,2491924,0
2492415,426370537237083,2650417,0.59030164,256,2492160,2492415,2492263,0
2492671,426370538104375,2664916,0.65669599,256,2492416,2492671,2492546,0
2492927,426370538986041,2657417,0.59736265,256,2492672,2492927,2492835,0
2493183,426370539867833,2581167,0.62120374,256,2492928,2493183,2493029,0
2493439,426370540787500,2494916,0.60772612,256,2493184,2493439,2493425,0
2493695,426370541705166,2425584,0.60193256,256,2493440,2493695,2493481,0
2493951,426370542628500,2321375,0.61228407,256,2493696,2493951,2493891,0
2494207,426370543531291,2266084,0.62012724,256,2493952,2494207,2493966,0
2494463,426370544390250,5816875,0.62712254,256,2494208,2494463,2494281,0
2494719,426370545279500,4945041,0.59939127,256,2494464,2494719,2494578,0
2494975,426370546383916,3841667,0.62206653,256,2494720,2494975,2494923,0
2495231,426370547740041,3275500,0.62019624,256,2494976,2495231,2495197,0
2495487,426370550044458,1812625,0.62414991,256,2495232,2495487,2495367,0
2495743,426370550058875,2626333,0.62464416,256,2495488,2495743,2495509,0
2495999,426370550073333,3416667,0.59181943,256,2495744,2495999,2495962,0
2496255,426370550592000,3721375,0.63017868,256,2496000,2496255,2496085,0
2496511,426370551493541,6431625,0.61242889,256,2496256,2496511,2496400,0
2496767,426370552409833,5516958,0.59227937,256,2496512,2496767,2496660,0
2497023,426370553319458,4608417,0.59442219,256,2496768,2497023,2496912,0
2497279,426370554242041,3686792,0.63925784,256,2497024,2497279,2497231,0
2497535,426370557941791,1156792,0.61598194,256,2497280,2497535,2497317,0
2497791,426370557957666,2052000,0.60010546,256,2497536,2497791,2497762,0
2498047,426370557972750,2946666,0.61103145,256,2497792,2498047,2497792,0
2498303,426370557987166,3868250,0.61090879,256,2498048,2498303,2498079,0
2498559,426370558797625,3988958,0.61692627,256,2498304,2498559,2498449,0
2498815,426370559754958,3865292,0.59929395,256,2498560,2498815,2498638,0
2499071,426370560539291,3934750,0.64087453,256,2498816,2499071,2498872,0
2499327,426370561373666,3918459,0.6315689,256,2499072,2499327,2499100,0
2499583,426370562251500,3881166,0.63829549,256,2499328,2499583,2499582,0
2499839,426370563115541,3867750,0.62853484,256,2499584,2499839,2499785,0
2500095,426370563979833,3887667,0.60755528,256,2499840,2500095,2499992,0
2500351,426370564894875,3859875,0.60530327,256,2500096,2500351,2500165,0
2500607,426370565768541,3856917,0.62263458,256,2500352,2500607,2500529,0
2500863,426370566688208,3816500,0.60779822,256,2500608,2500863,2500800,0
2501119,426370567611375,3751333,0.60230919,256,2500864,2501119,2500956,0
2501375,426370568505125,3711666,0.59317879,256,2501120,2501375,2501154,0
2501631,426370569452833,3639375,0.63330478,256,2501376,2501631,2501378,0
2501887,426370570274458,3681292,0.64410942,256,2501632,2501887,2501775,0
2502143,426370571179291,3625750,0.59992807,256,2501888,2502143,2502083,0
2502399,426370572033000,3619625,0.6023155,256,2502144,2502399,2502198,0
2502655,426370572949666,3590959,0.6397648,256,2502400,2502655,2502632,0
2502911,426370573807500,3578708,0.63364895,256,2502656,2502911,2502719,0
2503167,426370574705166,3535375,0.60877202,256,2502912,2503167,2502968,0
2503423,426370575603083,3503625,0.62750057,256,2503168,2503423,2503340,0
2503679,426370576501458,3492500,0.63772835,256,2503424,2503679,2503564,0
2503935,426370577448791,3419875,0.61225154,256,2503680,2503935,2503693,0
2504191,426370578386625,3361833,0.64164905,256,2503936,2504191,2503983,0
2504447,426370579293833,3313333,0.64319282,256,2504192,2504447,2504236,0
2504703,426370580120291,3345209,0.62274917,256,2504448,2504703,2504562,0
2504959,426370580961166,3373417,0.63732299,256,2504704,2504959,2504909,0
2505215,426370581781250,3407291,0.574203,256,2504960,2505215,2505132,0
2505471,426370582654500,3404000,0.64122953,256,2505216,2505471,2505392,0
2505727,426370583561291,3353917,0.64987984,256,2505472,2505727,2505685,0
2505983,426370584449833,3342083,0.60605493,256,2505728,2505983,2505837,0
2506239,426370585338125,3336875,0.60210979,256,2505984,2506239,2506218,0
2506495,426370586264208,3268708,0.65296432,256,2506240,2506495,2506301,0
2506751,426370587176958,3213833,0.64018076,256,2506496,2506751,2506720,0
2507007,426370588077458,3170625,0.62623433,256,2506752,2507007,2506952,0
2507263,426370588997833,3093792,0.63829761,256,2507008,2507263,2507086,0
2507519,426370589880625,3070708,0.61976185,256,2507264,2507519,2507469,0
2507775,426370590775750,3038958,0.58714956,256,2507520,2507775,2507579,0
2508031,426370591743000,2960833,0.64076093,256,2507776,2508031,2507886,0
2508287,426370592632541,2937667,0.61442276,256,2508032,2508287,2508215,0
2508543,426370593539083,2923833,0.64467236,256,2508288,2508543,2508411,0
2508799,426370594505375,2830541,0.62364927,256,2508544,2508799,2508705,0
2509055,426370595288458,2938375,0.6551776,256,2508800,2509055,2509033,0
2509311,426370596169500,2938750,0.67610459,256,2509056,2509311,2509061,0
2509567,426370597066416,2997625,0.64185669,256,2509312,2509567,2509531,0
2509823,426370597887541,2963542,0.59322286,256,2509568,2509823,2509671,0
2510079,426370598796708,2925042,0.60819544,256,2509824,2510079,2509835,0
2510335,426370599706625,2882541,0.60853292,256,2510080,2510335,2510172,0
2510591,426370600605916,2883959,0.62492758,256,2510336,2510591,2510455,0
2510847,426370601443125,2928875,0.67894507,256,2510592,2510847,2510670,0
2511103,426370602321833,6016458,0.60293968,256,2510848,2511103,2510874,0
2511359,426370603200041,5150000,0.64961557,256,2511104,2511359,2511141,0
2511615,426370604131000,4220041,0.65605684,256,2511360,2511615,2511445,0
2511871,426370605344208,3007833,0.63862436,256,2511616,2511871,2511769,0
2512127,426370608385708,1017417,0.64265163,256,2511872,2512127,2512100,0
2512383,426370608402125,1988958,0.64809905,256,2512128,2512383,2512177,0
2512639,426370608417333,2894125,0.61548058,256,2512384,2512639,2512614,0
2512895,426370608437708,3808875,0.59944774,256,2512640,2512895,2512746,0
2513151,426370609346666,3836667,0.64472019,256,2512896,2513151,2513083,0
2513407,426370610239041,3876959,0.6103563,256,2513152,2513407,2513170,0
2513663,426370611113416,3958959,0.6762325,256,2513408,2513663,2513542,0
2513919,426370611989125,3983125,0.59521602,256,2513664,2513919,2513768,0
2514175,426370612884208,4017792,0.63039284,256,2513920,2514175,2513973,0
2514431,426370613732625,4081333,0.65093792,256,2514176,2514431,2514183,0
2514687,426370614596333,4140333,0.61951663,256,2514432,2514687,2514506,0
2514943,426370615471708,4182375,0.60176922,256,2514688,2514943,2514706,0
2515199,426370616339500,4219000,0.62346011,256,2514944,2515199,2515153,0
2515455,426370617279125,4195208,0.62318861,256,2515200,2515455,2515354,0
2515711,426370618071416,4370584,0.60593528,256,2515456,2515711,2515509,0
2515967,426370618933666,4401417,0.60674639,256,2515712,2515967,2515743,0
2516223,426370619798375,4397958,0.61005339,256,2515968,2516223,2516139,0
2516479,426370620718583,4331875,0.62176583,256,2516224,2516479,2516319,0
2516735,426370621629875,4328000,0.67761214,256,2516480,2516735,2516606,0
2516991,426370622495416,4310209,0.63351258,256,2516736,2516991,2516970,0
2517247,426370623442625,4228333,0.5999705,256,2516992,2517247,2517040,0
2517503,426370624338750,4223083,0.6318691,256,2517248,2517503,2517349,0
2517759,426370625253750,4184125,0.60372303,256,2517504,2517759,2517572,0
2518015,426370626138833,4150833,0.58486997,256,2517760,2518015,2517928,0
2518271,426370626967958,4172125,0.59024759,256,2518016,2518271,2518099,0
2518527,426370627860500,4149916,0.6188372,256,2518272,2518527,2518420,0
2518783,426370628722625,4144041,0.68728591,256,2518528,2518783,2518577,0
2519039,426370629634333,4093917,0.61264445,256,2518784,2519039,2518860,0
2519295,426370630476875,4110916,0.61710258,256,2519040,2519295,2519209,0
2519551,426370631387875,4034000,0.60008443,256,2519296,2519551,2519360,0
2519807,426370632273416,4025334,0.6453923,256,2519552,2519807,2519761,0
2520063,426370633201583,3976625,0.63490297,256,2519808,2520063,2519931,0
2520319,426370634105833,3985167,0.6416423,256,2520064,2520319,2520262,0
2520575,426370634995875,3938708,0.60697028,256,2520320,2520575,2520435,0
2520831,426370635830458,3992833,0.63129476,256,2520576,2520831,2520723,0
2521087,426370636705666,3951792,0.64913662,256,2520832,2521087,2521021,0
2521343,426370637585083,3927875,0.60271673,256,2521088,2521343,2521302,0
2521599,426370638473083,3931500,0.64973736,256,2521344,2521599,2521379,0
2521855,426370639327416,3935209,0.61284035,256,2521600,2521855,2521740,0
2522111,426370640178458,3939042,0.64470687,256,2521856,2522111,2522057,0
2522367,426370641067833,3921417,0.59847605,256,2522112,2522367,2522228,0
2522623,426370641909708,3967125,0.68487594,256,2522368,2522623,2522573,0
2522879,426370642758666,3990792,0.65457102,256,2522624,2522879,2522634,0
2523135,426370643676833,3968458,0.63492915,256,2522880,2523135,2523095,0
2523391,426370644586833,3918667,0.60867924,256,2523136,2523391,2523370,0
2523647,426370645465458,3908667,0.64038003,256,2523392,2523647,2523424,0
2523903,426370646355916,3907625,0.59896902,256,2523648,2523903,2523733,0
2524159,426370647226541,3834542,0.61138184,256,2523904,2524159,2523938,0
2524415,426370648107291,3802417,0.59470801,256,2524160,2524415,2524345,0
2524671,426370648979750,3788833,0.62856775,256,2524416,2524671,2524618,0
2524927,426370649891166,3736500,0.61344227,256,2524672,2524927,2524746,0
2525183,426370650815000,3684666,0.6257972,256,2524928,2525183,2525107,0
2525439,426370651687083,3692583,0.64044553,256,2525184,2525439,2525223,0
2525695,426370652577875,3692500,0.62097953,256,2525440,2525695,2525488,0
2525951,426370653450958,3680417,0.60027526,256,2525696,2525951,2525892,0
2526207,426370654381958,3617708,0.60962017,256,2525952,2526207,2526008,0
2526463,426370655257375,6506583,0.61720247,256,2526208,2526463,2526347,0
2526719,426370656173750,5592000,0.64102501,256,2526464,2526719,2526538,0
2526975,426370657055583,4711292,0.58298577,256,2526720,2526975,2526939,0
2527231,426370658008125,3759750,0.59691529,256,2526976,2527231,2527134,0
2527487,426370661396833,936250,0.6443855,256,2527232,2527487,2527259,0
2527743,426370661412291,1793542,0.65614144,256,2527488,2527743,2527559,0
2527999,426370661428708,2672167,0.61236989,256,2527744,2527999,2527933,0
2528255,426370661861458,3121083,0.6332931,256,2528000,2528255,2528081,0
2528511,426370662463166,3390584,0.60331849,256,2528256,2528511,2528493,0
2528767,426370663287000,3436125,0.61998326,256,2528512,2528767,2528701,0
2529023,426370664220583,3357750,0.61927423,256,2528768,2529023,2529022,0
2529279,426370665037291,3417875,0.65400459,256,2529024,2529279,2529035,0
2529535,426370665913625,3386291,0.59429185,256,2529280,2529535,2529521,0
2529791,426370666796041,3370750,0.6458288,256,2529536,2529791,2529599,0
2530047,426370667713375,3309875,0.57496355,256,2529792,2530047,2529961,0
2530303,426370668583083,3301083,0.61188899,256,2530048,2530303,2530235,0
2530559,426370669424208,3302875,0.66563199,256,2530304,2530559,2530416,0
2530815,426370670344833,3240792,0.61237411,256,2530560,2530815,2530771,0
2531071,426370671203500,3202083,0.61303204,256,2530816,2531071,2530869,0
2531327,426370672121875,3139916,0.60281846,256,2531072,2531327,2531136,0
2531583,426370672937750,3163875,0.58536498,256,2531328,2531583,2531373,0
2531839,426370673863458,3075875,0.59648675,256,2531584,2531839,2531707,0
2532095,426370674761833,3032208,0.65585927,256,2531840,2532095,2532050,0
2532351,426370675593125,3107416,0.63461657,256,2532096,2532351,2532128,0
2532607,426370676499708,3091667,0.63750405,256,2532352,2532607,2532395,0
2532863,426370677382625,3117625,0.65071636,256,2532608,2532863,2532698,0
2533119,426370678234541,3154959,0.59603534,256,2532864,2533119,2532882,0
2533375,426370679113916,3183042,0.62639294,256,2533120,2533375,2533314,0
2533631,426370679997875,7121833,0.61854913,256,2533376,2533631,2533631,0
2533887,426370680825250,6296416,0.59182307,256,2533632,2533887,2533733,0
2534143,426370681649166,5473667,0.6080745,256,2533888,2534143,2533995,0
2534399,426370682514083,5162875,0.63534921,256,2534144,2534399,2534202,0
2534655,426370683458541,5113875,0.59496119,256,2534400,2534655,2534459,0
2534911,426370684460625,4971500,0.62598071,256,2534656,2534911,2534911,0
2535167,426370685837833,4478208,0.60876253,256,2534912,2535167,2535063,0
2535423,426370687226166,3935375,0.62042115,256,2535168,2535423,2535310,0
2535679,426370687240708,4772917,0.58537973,256,2535424,2535679,2535521,0
2535935,426370687805750,5093666,0.60120333,256,2535680,2535935,2535916,0
2536191,426370688689666,5129875,0.62258164,256,2535936,2536191,2536031,0
2536447,426370689573916,5121000,0.61138218,256,2536192,2536447,2536198,0
2536703,426370690482750,5126041,0.63793373,256,2536448,2536703,2536484,0
2536959,426370691355083,5110417,0.65676825,256,2536704,2536959,2536807,0
2537215,426370692218166,5123209,0.65068601,256,2536960,2537215,2537136,0
2537471,426370693223958,4994542,0.65469798,256,2537216,2537471,2537363,0
2537727,426370694008541,5024959,0.63176897,256,2537472,2537727,2537523,0
2537983,426370694881083,4964583,0.61766377,256,2537728,2537983,2537852,0
2538239,426370695788041,4869167,0.59642016,256,2537984,2538239,2538174,0
2538495,426370696720125,4729041,0.59249444,256,2538240,2538495,2538446,0
2538751,426370697649000,4624458,0.66309834,256,2538496,2538751,2538535,0
2539007,426370698566250,4533625,0.61057383,256,2538752,2539007,2538830,0
2539263,426370699427833,4486333,0.60759245,256,2539008,2539263,2539191,0
2539519,426370700324250,4401791,0.65781552,256,2539264,2539519,2539424,0
2539775,426370701239375,4308833,0.63992472,256,2539520,2539775,2539588,0
2540031,426370702143750,4200458,0.59752637,256,2539776,2540031,2539856,0
2540287,426370702987791,4177375,0.60113956,256,2540032,2540287,2540093,0
2540543,426370703847333,4127167,0.62129579,256,2540288,2540543,2540357,0
2540799,426370704723625,4081208,0.62064396,256,2540544,2540799,2540657,0
2541055,426370705598250,4015458,0.60302827,256,2540800,2541055,2540880,0
2541311,426370706487500,3970166,0.60785975,256,2541056,2541311,2541179,0
2541567,426370707315416,3941542,0.61596974,256,2541312,2541567,2541397,0
2541823,426370708235625,3831250,0.56519687,256,2541568,2541823,2541775,0
2542079,426370709079625,3798833,0.62374666,256,2541824,2542079,2541951,0
2542335,426370709994833,3684375,0.6010083,256,2542080,2542335,2542117,0
2542591,426370710861333,3621042,0.58232311,256,2542336,2542591,2542585,0
2542847,426370711743458,3545833,0.6099363,256,2542592,2542847,2542804,0
2543103,426370712569000,3528166,0.60861314,256,2542848,2543103,2542938,0
2543359,426370713467208,3478000,0.61528807,256,2543104,2543359,2543281,0
2543615,426370714388916,3374750,0.60228561,256,2543360,2543615,2543523,0
2543871,426370715257416,3315709,0.65134198,256,2543616,2543871,2543862,0
2544127,426370716125958,3236917,0.59085038,256,2543872,2544127,2544101,0
2544383,426370717002875,3169250,0.62799196,256,2544128,2544383,2544136,0
2544639,426370717891000,3125250,0.64382915,256,2544384,2544639,2544454,0
2544895,426370718814541,6254917,0.61922696,256,2544640,2544895,2544668,0
2545151,426370719672875,5399708,0.59839023,256,2544896,2545151,2545031,0
2545407,426370720522625,4551125,0.62816033,256,2545152,2545407,2545159,0
2545663,426370721389958,3684875,0.64913908,256,2545408,2545663,2545529,0
2545919,426370723003333,3259167,0.59932455,256,2545664,2545919,2545820,0
2546175,426370725125791,1942917,0.60932984,256,2545920,2546175,2546129,0
2546431,426370725141250,2751666,0.65642894,256,2546176,2546431,2546328,0
2546687,426370725156666,3564000,0.61479246,256,2546432,2546687,2546554,0
2546943,426370725848125,3695875,0.58687898,256,2546688,2546943,2546724,0
2547199,426370726691791,3669459,0.60889053,256,2546944,2547199,2547192,0
2547455,426370727589750,3585458,0.60937281,256,2547200,2547455,2547410,0
2547711,426370728471291,3564959,0.6789547,256,2547456,2547711,2547564,0
2547967,426370729286083,3555208,0.63423499,256,2547712,2547967,2547770,0
2548223,426370730102708,3561792,0.60328595,256,2547968,2548223,2548068,0
2548479,426370730992208,3452208,0.57515766,256,2548224,2548479,2548396,0
2548735,426370731904208,3362542,0.64256733,256,2548480,2548735,2548558,0
2548991,426370732826333,3261792,0.62837244,256,2548736,2548991,2548738,0
2549247,426370733693333,3214625,0.60359799,256,2548992,2549247,2549210,0
2549503,426370734537041,3178125,0.58793211,256,2549248,2549503,2549267,0
2549759,426370735431041,3067625,0.59659302,256,2549504,2549759,2549648,0
2550015,426370736349666,2967375,0.5994441,256,2549760,2550015,2549925,0
2550271,426370737259583,2855542,0.61424866,256,2550016,2550271,2550051,0
2550527,426370738075875,3652750,0.62930165,256,2550272,2550527,2550343,0
2550783,426370738950208,3611917,0.58270619,256,2550528,2550783,2550654,0
2551039,426370739782833,3625292,0.62488011,256,2550784,2551039,2550957,0
2551295,426370740704833,3532125,0.59512176,256,2551040,2551295,2551101,0
2551551,426370741562083,3507333,0.60048011,256,2551296,2551551,2551516,0
2551807,426370742437416,3466959,0.62010245,256,2551552,2551807,2551578,0
2552063,426370743348625,3386500,0.61091659,256,2551808,2552063,2551830,0
2552319,426370744239333,3307208,0.60658991,256,2552064,2552319,2552213,0
2552575,426370745193958,3187917,0.61519844,256,2552320,2552575,2552489,0
2552831,426370746016041,3189459,0.59425728,256,2552576,2552831,2552738,0
2553087,426370746934916,3090292,0.61129457,256,2552832,2553087,2553016,0
2553343,426370747792166,3053167,0.60562089,256,2553088,2553343,2553295,0
2553599,426370748703333,2966167,0.60377393,256,2553344,2553599,2553520,0
2553855,426370749565208,2934042,0.62713047,256,2553600,2553855,2553836,0
2554111,426370750447750,2897875,0.6093607,256,2553856,2554111,2553945,0
2554367,426370751384583,2790083,0.65692913,256,2554112,2554367,2554263,0
2554623,426370752181583,2818458,0.61805452,256,2554368,2554623,2554465,0
2554879,426370753098833,2691292,0.62261602,256,2554624,2554879,2554803,0
2555135,426370754005375,2602083,0.58066394,256,2554880,2555135,2555121,0
2555391,426370754894791,2523375,0.61549548,256,2555136,2555391,2555236,0
2555647,426370755756083,2500208,0.59535012,256,2555392,2555647,2555536,0
2555903,426370756663583,2416750,0.60383213,256,2555648,2555903,2555690,0
2556159,426370757607541,2276584,0.58227665,256,2555904,2556159,2556062,0
2556415,426370758423625,2272041,0.59378722,256,2556160,2556415,2556332,0
2556671,426370759405541,2112792,0.61128015,256,2556416,2556671,2556591,0
2556927,426370760201000,2150875,0.62494963,256,2556672,2556927,2556835,0
2557183,426370761092458,2068708,0.59723363,256,2556928,2557183,2557044,0
2557439,426370761954083,2044000,0.58792185,256,2557184,2557439,2557302,0
2557695,426370762802958,2036250,0.61263605,256,2557440,2557695,2557590,0
2557951,426370763707458,1966458,0.61526841,256,2557696,2557951,2557875,0
2558207,426370764580625,1888458,0.57578576,256,2557952,2558207,2557981,0
2558463,426370765465041,1883750,0.61289621,256,2558208,2558463,2558324,0
2558719,426370766351500,1857250,0.69292101,256,2558464,2558719,2558558,0
2558975,426370767282958,1766917,0.59034389,256,2558720,2558975,2558883,0
2559231,426370768107958,1784000,0.62245042,256,2558976,2559231,2559046,0
2559487,426370769003208,1730250,0.59891146,256,2559232,2559487,2559472,0
2559743,426370769948416,1590292,0.57563206,256,2559488,2559743,2559582,0
2559999,426370770886666,1491250,0.59958757,256,2559744,2559999,2559897,0
2560255,426370771787625,1401125,0.58000046,256,2560000,2560255,2560050,0
2560511,426370772674583,1332750,0.60133077,256,2560256,2560511,2560289,0
2560767,426370773563416,1305167,0.63295032,256,2560512,2560767,2560666,0
2561023,426370774468625,3991083,0.60153947,256,2560768,2561023,2561002,0
2561279,426370775462541,3003125,0.59920349,256,2561024,2561279,2561040,0
2561535,426370778516166,1345042,0.61675831,256,2561280,2561535,2561523,0
2561791,426370778526250,2263666,0.64671385,256,2561536,2561791,2561544,0
2562047,426370778536375,3193000,0.63386269,256,2561792,2562047,2561875,0
2562303,426370779015625,3614375,0.63753856,256,2562048,2562303,2562260,0
2562559,426370779805833,3675292,0.59024547,256,2562304,2562559,2562375,0
2562815,426370780736125,3580500,0.63687953,256,2562560,2562815,2562655,0
2563071,426370781586916,3533584,0.64143286,256,2562816,2563071,2562978,0
2563327,426370782463125,3447500,0.57790313,256,2563072,2563327,2563300,0
2563583,426370783392458,3317375,0.61257362,256,2563328,2563583,2563429,0
2563839,426370784284791,3223875,0.60967855,256,2563584,2563839,2563686,0
2564095,426370785136458,3171292,0.64639082,256,2563840,2564095,2564021,0
2564351,426370785996833,3136667,0.62097451,256,2564096,2564351,2564121,0
2564607,426370786827208,3089583,0.62883106,256,2564352,2564607,2564431,0
2564863,426370787710083,3013875,0.56860543,256,2564608,2564863,2564630,0
2565119,426370788629583,2897833,0.60762078,256,2564864,2565119,2565012,0
2565375,426370789495291,2831750,0.61130886,256,2565120,2565375,2565189,0
2565631,426370790381416,2745375,0.57097002,256,2565376,2565631,2565478,0
2565887,426370791298541,2628542,0.58355571,256,2565632,2565887,2565754,0
2566143,426370792169250,2570375,0.61997599,256,2565888,2566143,2566045,0
2566399,426370793005416,2528500,0.60002854,256,2566144,2566399,2566212,0
2566655,426370793919791,2417542,0.63354144,256,2566400,2566655,2566553,0
2566911,426370794857000,2275916,0.61653147,256,2566656,2566911,2566699,0
2567167,426370795666791,2254042,0.5885259,256,2566912,2567167,2567159,0
2567423,426370796549500,2177916,0.60738056,256,2567168,2567423,2567316,0
2567679,426370797384250,2141250,0.61848223,256,2567424,2567679,2567567,0
2567935,426370798264583,2055167,0.5728344,256,2567680,2567935,2567799,0
2568191,426370799152791,1974000,0.61213227,256,2567936,2568191,2568026,0
2568447,426370800079625,1827833,0.58448847,256,2568192,2568447,2568213,0
2568703,426370801000666,2143750,0.59319544,256,2568448,2568703,2568469,0
2568959,426370801943291,1998542,0.59242797,256,2568704,2568959,2568764,0
2569215,426370802709416,2056334,0.6337925,256,2568960,2569215,2569185,0
2569471,426370803593958,1997375,0.62627704,256,2569216,2569471,2569375,0
2569727,426370804515625,1868958,0.57674917,256,2569472,2569727,2569699,0
2569983,426370805382125,1785208,0.59063498,256,2569728,2569983,2569883,0
2570239,426370806270000,1734416,0.61252297,256,2569984,2570239,2570042,0
2570495,426370807118500,1707916,0.63678324,256,2570240,2570495,2570318,0
2570751,426370807990166,1640084,0.59948209,256,2570496,2570751,2570710,0
2571007,426370808884208,1567667,0.60904724,256,2570752,2571007,2570774,0
2571263,426370809742333,1506875,0.60613878,256,2571008,2571263,2571059,0
2571519,426370810634625,1415500,0.61424834,256,2571264,2571519,2571517,0
2571775,426370811554708,1337833,0.6132524,256,2571520,2571775,2571536,0
2572031,426370812440083,1240333,0.60373505,256,2571776,2572031,2572002,0
2572287,426370813369583,1115500,0.61460563,256,2572032,2572287,2572272,0
2572543,426370814202000,1105875,0.66362755,256,2572288,2572543,2572543,0
2572799,426370815127500,977625,0.65393908,256,2572544,2572799,2572558,0
2573055,426370816000125,949791,0.62217051,256,2572800,2573055,2572917,0
2573311,426370816839333,928792,0.61708042,256,2573056,2573311,2573174,0
2573567,426370817759833,2514625,0.64805175,256,2573312,2573567,2573382,0
2573823,426370820528666,1648667,0.62971467,256,2573568,2573823,2573773,0
2574079,426370820544375,2462375,0.6198063,256,2573824,2574079,2573982,0
2574335,426370820560375,3238333,0.58066036,256,2574080,2574335,2574261,0
2574591,426370821405916,3228625,0.62529003,256,2574336,2574591,2574439,0
2574847,426370822258750,3202333,0.62864922,256,2574592,2574847,2574749,0
2575103,426370823151416,3142042,0.62037311,256,2574848,2575103,2575030,0
2575359,426370823961291,3138875,0.60885206,256,2575104,2575359,2575108,0
2575615,426370824866083,3073708,0.63898438,256,2575360,2575615,2575524,0
2575871,426370825759583,3012667,0.60914251,256,2575616,2575871,2575632,0
2576127,426370826621125,2931750,0.57826217,256,2575872,2576127,2576010,0
2576383,426370827474791,2876750,0.59432828,256,2576128,2576383,2576156,0
2576639,426370828344750,2802333,0.57141594,256,2576384,2576639,2576495,0
2576895,426370829224250,2709333,0.58731305,256,2576640,2576895,2576756,0
2577151,426370830103083,2671250,0.63939749,256,2576896,2577151,2577044,0
2577407,426370831021166,2541209,0.63027226,256,2577152,2577407,2577374,0
2577663,426370831924666,2443875,0.58755874,256,2577408,2577663,2577610,0
2577919,426370832806708,2354375,0.56916369,256,2577664,2577919,2577873,0
2578175,426370833684666,2290500,0.62146377,256,2577920,2578175,2577982,0
2578431,426370834576625,2219375,0.59872554,256,2578176,2578431,2578429,0
2578687,426370835470958,2103000,0.59822397,256,2578432,2578687,2578555,0
2578943,426370836334791,2032167,0.60944565,256,2578688,2578943,2578879,0
2579199,426370837200000,1978333,0.61940373,256,2578944,2579199,2579121,0
2579455,426370838063875,1939625,0.61862896,256,2579200,2579455,2579321,0
2579711,426370838984458,1826500,0.64121584,256,2579456,2579711,2579528,0
2579967,426370839891666,1744375,0.60850876,256,2579712,2579967,2579793,0
2580223,426370840803833,1644167,0.63755647,256,2579968,2580223,2580220,0
2580479,426370841697833,1558708,0.62428661,256,2580224,2580479,2580344,0
2580735,426370842633708,1421125,0.60332944,256,2580480,2580735,2580530,0
2580991,426370843476000,1399833,0.6298314,256,2580736,2580991,2580816,0
2581247,426370844400500,1278708,0.5681895,256,2580992,2581247,2581068,0
2581503,426370845281041,1231084,0.58800449,256,2581248,2581503,2581254,0
2581759,426370846172458,1084333,0.59206189,256,2581504,2581759,2581739,0
2582015,426370846982416,1089084,0.61040398,256,2581760,2582015,2581805,0
2582271,426370847822958,1037167,0.6066355,256,2582016,2582271,2582016,0
2582527,426370848778666,888042,0.63854934,256,2582272,2582527,2582524,0
2582783,426370849669250,1817666,0.65932005,256,2582528,2582783,2582599,0
2583039,426370850536750,1815833,0.59602317,256,2582784,2583039,2582964,0
2583295,426370851433083,1771500,0.60274246,256,2583040,2583295,2583133,0
2583551,426370852289833,1793542,0.59988771,256,2583296,2583551,2583364,0
2583807,426370853209041,1826917,0.6686183,256,2583552,2583807,2583692,0
2584063,426370854107583,1795333,0.60951265,256,2583808,2584063,2584032,0
2584319,426370855003625,1811458,0.61662286,256,2584064,2584319,2584199,0
2584575,426370855914416,1799667,0.64193169,256,2584320,2584575,2584347,0
2584831,426370856785666,1783334,0.58499298,256,2584576,2584831,2584588,0
2585087,426370857662208,1728958,0.6016676,256,2584832,2585087,2585064,0
2585343,426370858489958,1745458,0.61858467,256,2585088,2585343,2585336,0
2585599,426370859406916,1666334,0.58407239,256,2585344,2585599,2585503,0
2585855,426370860310791,1626375,0.59487259,256,2585600,2585855,2585695,0
2586111,426370861202458,1557542,0.58325845,256,2585856,2586111,2586087,0
2586367,426370862106583,1475083,0.57110776,256,2586112,2586367,2586261,0
2586623,426370862952083,1463167,0.62981849,256,2586368,2586623,2586568,0
2586879,426370863905458,1349500,0.57930104,256,2586624,2586879,2586783,0
2587135,426370864775625,1348291,0.65859587,256,2586880,2587135,2587048,0
2587391,426370865677875,1310125,0.60778999,256,2587136,2587391,2587141,0
2587647,426370866537833,13400375,0.60328128,256,2587392,2587647,2587525,0
2587903,426370867378583,12561833,0.58603592,256,2587648,2587903,2587736,0
2588159,426370877750333,2191250,0.6051523,256,2587904,2588159,2588138,0
2588415,426370877775791,2640209,0.60298794,256,2588160,2588415,2588341,0
2588671,426370877796958,3402083,0.59905662,256,2588416,2588671,2588644,0
2588927,426370877818125,4214166,0.60905626,256,2588672,2588927,2588837,0
2589183,426370877839166,5002584,0.64303692,256,2588928,2589183,2589078,0
2589439,426370877860958,5788375,0.60143652,256,2589184,2589439,2589228,0
2589695,426370877882958,6594042,0.61402743,256,2589440,2589695,2589611,0
2589951,426370877904958,7409458,0.59535371,256,2589696,2589951,2589827,0
2590207,426370877926958,9005833,0.61915101,256,2589952,2590207,2589963,0
2590463,426370877948791,10251625,0.61467062,256,2590208,2590463,2590317,0
2590719,426370877970583,11072042,0.59832341,256,2590464,2590719,2590499,0
2590975,426370877992458,11860042,0.60441898,256,2590720,2590975,2590906,0
2591231,426370878819041,11843834,0.60027493,256,2590976,2591231,2591111,0
2591487,426370879675416,11861834,0.66421782,256,2591232,2591487,2591410,0
2591743,426370880575500,11779458,0.61290356,256,2591488,2591743,2591574,0
2591999,426370881487541,11672500,0.64918656,256,2591744,2591999,2591800,0
2592255,426370882381125,11610833,0.59092323,256,2592000,2592255,2592037,0
2592511,426370883250666,11544709,0.60081734,256,2592256,2592511,2592509,0
2592767,426370884140375,11540458,0.65669599,256,2592512,2592767,2592546,0
2593023,426370885022916,11464917,0.61424124,256,2592768,2593023,2593018,0
2593279,426370885949666,11353250,0.62120374,256,2593024,2593279,2593029,0
2593535,426370886829500,11305750,0.60772612,256,2593280,2593535,2593425,0
2593791,426370887771041,11177250,0.57819875,256,2593536,2593791,2593714,0
2594047,426370888677291,11073500,0.62012724,256,2593792,2594047,2593966,0
2594303,426370889567291,11019417,0.62712254,256,2594048,2594303,2594281,0
2594559,426370890432458,14665583,0.60192367,256,2594304,2594559,2594373,0
2594815,426370891302166,13797792,0.59939127,256,2594560,2594815,2594578,0
2595071,426370892238500,12862625,0.62206653,256,2594816,2595071,2594923,0
2595327,426370893149416,11952750,0.62019624,256,2595072,2595327,2595197,0
2595583,426370894106000,11841750,0.62464416,256,2595328,2595583,2595509,0
2595839,426370894955375,11862208,0.61700318,256,2595584,2595839,2595591,0
2596095,426370895800833,11862125,0.63017868,256,2595840,2596095,2596085,0
2596351,426370896632041,11849500,0.57751257,256,2596096,2596351,2596337,0
2596607,426370897536500,11797375,0.61242889,256,2596352,2596607,2596400,0
2596863,426370898429291,11650709,0.59227937,256,2596608,2596863,2596660,0
2597119,426370899361583,11537458,0.59442219,256,2596864,2597119,2596912,0
2597375,426370900326666,11409584,0.63925784,256,2597120,2597375,2597231,0
2597631,426370901240208,11292167,0.60842845,256,2597376,2597631,2597382,0
2597887,426370902169041,11180084,0.61103145,256,2597632,2597887,2597792,0
2598143,426370904855875,9330708,0.61090879,256,2597888,2598143,2598079,0
2598399,426370904865583,10152750,0.59589135,256,2598144,2598399,2598153,0
2598655,426370904875291,10975417,0.61692627,256,2598400,2598655,2598449,0
2598911,426370905726000,10978666,0.64087453,256,2598656,2598911,2598872,0
2599167,426370906551000,10988875,0.6315689,256,2598912,2599167,2599100,0
2599423,426370907400458,10946292,0.5872921,256,2599168,2599423,2599189,0
2599679,426370908304875,10880083,0.63829549,256,2599424,2599679,2599582,0
2599935,426370909127041,10878000,0.62853484,256,2599680,2599935,2599785,0
2600191,426370910048125,10831916,0.60755528,256,2599936,2600191,2599992,0
2600447,426370910946666,10758125,0.60754791,256,2600192,2600447,2600431,0
2600703,426370911818458,10703375,0.62263458,256,2600448,2600703,2600529,0
2600959,426370912752791,10609084,0.60779822,256,2600704,2600959,2600800,0
2601215,426370913659083,10517875,0.59317879,256,2600960,2601215,2601154,0
2601471,426370914578208,10427708,0.63330478,256,2601216,2601471,2601378,0
2601727,426370915477708,10370333,0.63263105,256,2601472,2601727,2601595,0
2601983,426370916333041,10341042,0.64410942,256,2601728,2601983,2601775,0
2602239,426370917227375,10287375,0.6023155,256,2601984,2602239,2602198,0
2602495,426370918082000,10228125,0.59392582,256,2602240,2602495,2602393,0
2602751,426370918963583,10248708,0.6397648,256,2602496,2602751,2602632,0
2603007,426370919859500,10165083,0.60877202,256,2602752,2603007,2602968,0
2603263,426370920766500,10099666,0.61318985,256,2603008,2603263,2603213,0
2603519,426370921650708,10059125,0.62750057,256,2603264,2603519,2603340,0
2603775,426370922538250,10050541,0.63772835,256,2603520,2603775,2603564,0
2604031,426370923517208,9924292,0.64164905,256,2603776,2604031,2603983,0
2604287,426370924445500,9884833,0.64319282,256,2604032,2604287,2604236,0
2604543,426370925317958,9890083,0.60900428,256,2604288,2604543,2604495,0
2604799,426370926179875,9938833,0.63325526,256,2604544,2604799,2604770,0
2605055,426370926975125,10000125,0.63732299,256,2604800,2605055,2604909,0
2605311,426370927810958,10053167,0.59443301,256,2605056,2605311,2605257,0
2605567,426370928703958,10034625,0.64122953,256,2605312,2605567,2605392,0
2605823,426370929626708,9990875,0.64987984,256,2605568,2605823,2605685,0
2606079,426370930506333,9987917,0.60605493,256,2605824,2606079,2605837,0
2606335,426370931411583,9968583,0.65296432,256,2606080,2606335,2606301,0
2606591,426370932336125,9887666,0.62393145,256,2606336,2606591,2606345,0
2606847,426370933208666,9870667,0.64018076,256,2606592,2606847,2606720,0
2607103,426370934128708,9811167,0.63829761,256,2606848,2607103,2607086,0
2607359,426370935027458,9736708,0.59043634,256,2607104,2607359,2607340,0
2607615,426370935937458,9701417,0.61976185,256,2607360,2607615,2607469,0
2607871,426370936838833,9667542,0.63563742,256,2607616,2607871,2607860,0
2608127,426370937759000,9649041,0.64076093,256,2607872,2608127,2607886,0
2608383,426370938659791,9607625,0.61740189,256,2608128,2608383,2608349,0
2608639,426370939569500,9573333,0.64467236,256,2608384,2608639,2608411,0
2608895,426370940442166,9580917,0.62364927,256,2608640,2608895,2608705,0
2609151,426370941350458,12355042,0.67610459,256,2608896,2609151,2609061,0
2609407,426370942194958,11512167,0.61156548,256,2609152,2609407,2609322,0
2609663,426370943085500,10622791,0.64185669,256,2609408,2609663,2609531,0
2609919,426370943942791,9766542,0.60819544,256,2609664,2609919,2609835,0
2610175,426370944810875,9717541,0.60853292,256,2609920,2610175,2610172,0
2610431,426370945770791,9729042,0.60584482,256,2610176,2610431,2610302,0
2610687,426370946602833,9908875,0.67894507,256,2610432,2610687,2610670,0
2610943,426370947468291,10009250,0.60293968,256,2610688,2610943,2610874,0
2611199,426370948355291,10102375,0.64961557,256,2610944,2611199,2611141,0
2611455,426370949294750,10063166,0.65605684,256,2611200,2611455,2611445,0
2611711,426370950191000,10001291,0.60291165,256,2611456,2611711,2611683,0
2611967,426370953631500,7454500,0.63862436,256,2611712,2611967,2611769,0
2612223,426370953642166,8371042,0.64809905,256,2611968,2612223,2612177,0
2612479,426370953666250,9226250,0.63287607,256,2612224,2612479,2612234,0
2612735,426370953692833,10108792,0.61548058,256,2612480,2612735,2612614,0
2612991,426370954480000,10251041,0.59944774,256,2612736,2612991,2612746,0
2613247,426370955381083,10290500,0.64472019,256,2612992,2613247,2613083,0
2613503,426370956250416,10351334,0.60813703,256,2613248,2613503,2613493,0
2613759,426370957158833,10384542,0.6762325,256,2613504,2613759,2613542,0
2614015,426370958030541,10442417,0.63039284,256,2613760,2614015,2613973,0
2614271,426370958918750,10419333,0.65093792,256,2614016,2614271,2614183,0
2614527,426370959748208,10438417,0.61951663,256,2614272,2614527,2614506,0
2614783,426370960655875,10390458,0.60176922,256,2614528,2614783,2614706,0
2615039,426370961487375,10413833,0.58877187,256,2614784,2615039,2614929,0
2615295,426370962402166,10351250,0.62346011,256,2615040,2615295,2615153,0
2615551,426370963298250,10342833,0.62318861,256,2615296,2615551,2615354,0
2615807,426370964101291,10437625,0.60674639,256,2615552,2615807,2615743,0
2616063,426370964974583,10410958,0.59356166,256,2615808,2616063,2616042,0
2616319,426370965831041,10409917,0.62176583,256,2616064,2616319,2616319,0
2616575,426370966782708,10330708,0.66912341,256,2616320,2616575,2616566,0
2616831,426370967669458,10330792,0.67761214,256,2616576,2616831,2616606,0
2617087,426370968585333,10279708,0.63351258,256,2616832,2617087,2616970,0
2617343,426370969483000,10236500,0.63162866,256,2617088,2617343,2617340,0
2617599,426370970402666,10217375,0.6318691,256,2617344,2617599,2617349,0
2617855,426370971300375,10176125,0.5882785,256,2617600,2617855,2617751,0
2618111,426370972131916,10195250,0.59024759,256,2617856,2618111,2618099,0
2618367,426370973010708,10165917,0.58801015,256,2618112,2618367,2618238,0
2618623,426370973888958,10161292,0.68728591,256,2618368,2618623,2618577,0
2618879,426370974783375,10117833,0.61867574,256,2618624,2618879,2618642,0
2619135,426370975653833,10119500,0.60049282,256,2618880,2619135,2619088,0
2619391,426370976523833,10087667,0.61710258,256,2619136,2619391,2619209,0
2619647,426370977457250,10012000,0.6286582,256,2619392,2619647,2619592,0
2619903,426370978324791,10004917,0.6453923,256,2619648,2619903,2619761,0
2620159,426370979252583,9979417,0.63490297,256,2619904,2620159,2619931,0
2620415,426370980142083,9980917,0.6416423,256,2620160,2620415,2620262,0
2620671,426370981012291,9975709,0.62430912,256,2620416,2620671,2620661,0
2620927,426370981864583,9991792,0.63129476,256,2620672,2620927,2620723,0
2621183,426370982750333,9931458,0.64913662,256,2620928,2621183,2621021,0
2621439,426370983609833,9969208,0.64973736,256,2621184,2621439,2621379,0
2621695,426370984509291,13768750,0.57956331,256,2621440,2621695,2621660,0
2621951,426370985326833,12953125,0.61284035,256,2621696,2621951,2621740,0
2622207,426370986204666,12076417,0.64470687,256,2621952,2622207,2622057,0
2622463,426370987079541,11202625,0.63684892,256,2622208,2622463,2622434,0
2622719,426370987956291,10326875,0.68487594,256,2622464,2622719,2622573,0
2622975,426370988806583,10665750,0.60635518,256,2622720,2622975,2622827,0
2623231,426370989725625,11400250,0.63492915,256,2622976,2623231,2623095,0
2623487,426370990641208,11650417,0.64038003,256,2623232,2623487,2623424,0
2623743,426370991519583,11701333,0.60458498,256,2623488,2623743,2623626,0
2623999,426370992410666,11642125,0.61138184,256,2623744,2623999,2623938,0
2624255,426370993284250,11600041,0.59090211,256,2624000,2624255,2624005,0
2624511,426370994129833,11567875,0.62098797,256,2624256,2624511,2624466,0
2624767,426370998200083,8351000,0.62856775,256,2624512,2624767,2624618,0
2625023,426370998209250,9159458,0.59053032,256,2624768,2625023,2624870,0
2625279,426370998218375,10022958,0.64044553,256,2625024,2625279,2625223,0
2625535,426370998227500,10862708,0.62097953,256,2625280,2625535,2625488,0
2625791,426370998595708,11351667,0.61062979,256,2625536,2625791,2625660,0
2626047,426370999509583,11283875,0.60962017,256,2625792,2626047,2626008,0
2626303,426371000419583,11227000,0.60518556,256,2626048,2626303,2626289,0
2626559,426371001303000,11193208,0.64102501,256,2626304,2626559,2626538,0
2626815,426371002182458,11145583,0.62939463,256,2626560,2626815,2626623,0
2627071,426371003116500,11093666,0.58867688,256,2626816,2627071,2627041,0
2627327,426371004024583,11073000,0.6443855,256,2627072,2627327,2627259,0
2627583,426371004927291,11066542,0.65614144,256,2627328,2627583,2627559,0
2627839,426371005774041,11106667,0.62423057,256,2627584,2627839,2627588,0
2628095,426371006669041,11132959,0.6332931,256,2627840,2628095,2628081,0
2628351,426371007551375,11103958,0.58710934,256,2628096,2628351,2628196,0
2628607,426371008460333,11015042,0.60331849,256,2628352,2628607,2628493,0
2628863,426371009359250,10940791,0.61998326,256,2628608,2628863,2628701,0
2629119,426371010282458,10838417,0.65400459,256,2628864,2629119,2629035,0
2629375,426371011077500,10872791,0.6237523,256,2629120,2629375,2629134,0
2629631,426371011963750,10832875,0.6458288,256,2629376,2629631,2629599,0
2629887,426371012818041,10807542,0.59749237,256,2629632,2629887,2629752,0
2630143,426371013758666,10713417,0.597402,256,2629888,2630143,2630061,0
2630399,426371014583583,10710208,0.61188899,256,2630144,2630399,2630235,0
2630655,426371015453416,10670375,0.66563199,256,2630400,2630655,2630416,0
2630911,426371016376250,10571666,0.61303204,256,2630656,2630911,2630869,0
2631167,426371017274916,10490750,0.60281846,256,2630912,2631167,2631136,0
2631423,426371018120291,10476125,0.59442221,256,2631168,2631423,2631299,0
2631679,426371018979333,10410917,0.57155643,256,2631424,2631679,2631591,0
2631935,426371019880833,10322250,0.59648675,256,2631680,2631935,2631707,0
2632191,426371020794833,10256583,0.65585927,256,2631936,2632191,2632050,0
2632447,426371021619250,10262791,0.63750405,256,2632192,2632447,2632395,0
2632703,426371022560000,10136000,0.65071636,256,2632448,2632703,2632698,0
2632959,426371023405625,10113208,0.63831303,256,2632704,2632959,2632704,0
2633215,426371024265666,10065834,0.61297029,256,2632960,2633215,2633178,0
2633471,426371025124291,10023459,0.62639294,256,2633216,2633471,2633314,0
2633727,426371026014833,9954333,0.61854913,256,2633472,2633727,2633631,0
2633983,426371026876083,9888458,0.59637254,256,2633728,2633983,2633899,0
2634239,426371027672250,9930750,0.63534921,256,2633984,2634239,2634202,0
2634495,426371028544375,9912541,0.61000586,256,2634240,2634495,2634365,0
2634751,426371029394958,9922542,0.59199943,256,2634496,2634751,2634650,0
2635007,426371030270541,9865334,0.62598071,256,2634752,2635007,2634911,0
2635263,426371031182000,9804291,0.60876253,256,2635008,2635263,2635063,0
2635519,426371032067083,9735875,0.62042115,256,2635264,2635519,2635310,0
2635775,426371032991833,9665125,0.60044824,256,2635520,2635775,2635687,0
2636031,426371033856666,9642500,0.62258164,256,2635776,2636031,2636031,0
2636287,426371034748791,9615917,0.61672773,256,2636032,2636287,2636177,0
2636543,426371035613875,13030166,0.63793373,256,2636288,2636543,2636484,0
2636799,426371036505041,12140750,0.63242657,256,2636544,2636799,2636650,0
2637055,426371037358875,11288083,0.65676825,256,2636800,2637055,2636807,0
2637311,426371038274708,10373292,0.65068601,256,2637056,2637311,2637136,0
2637567,426371039180583,9485042,0.65469798,256,2637312,2637567,2637363,0
2637823,426371040014208,9375292,0.60124857,256,2637568,2637823,2637715,0
2638079,426371040944125,9353833,0.61766377,256,2637824,2638079,2637852,0
2638335,426371041843583,9341500,0.59642016,256,2638080,2638335,2638174,0
2638591,426371042846166,9238292,0.66309834,256,2638336,2638591,2638535,0
2638847,426371043688750,9302750,0.61057383,256,2638592,2638847,2638830,0
2639103,426371046442125,7407833,0.59880173,256,2638848,2639103,2638927,0
2639359,426371046451250,8208708,0.60759245,256,2639104,2639359,2639191,0
2639615,426371046460375,9012583,0.65781552,256,2639360,2639615,2639424,0
2639871,426371048676291,10971334,0.63380544,256,2639616,2639871,2639704,0
2640127,426371048706375,10952666,0.60113956,256,2639872,2640127,2640093,0
2640383,426371049027583,11404042,0.62129579,256,2640128,2640383,2640357,0
2640639,426371049907125,10526041,0.58529765,256,2640384,2640639,2640639,0
2640895,426371050772291,9661917,0.62064396,256,2640640,2640895,2640657,0
2641151,426371051625166,8916042,0.59992003,256,2640896,2641151,2641119,0
2641407,426371052484833,8912875,0.61596974,256,2641152,2641407,2641397,0
2641663,426371053371291,8849667,0.57658246,256,2641408,2641663,2641494,0
2641919,426371054253875,8824916,0.56519687,256,2641664,2641919,2641775,0
2642175,426371055132791,8819042,0.62374666,256,2641920,2642175,2641951,0
2642431,426371056029500,8767041,0.58368317,256,2642176,2642431,2642310,0
2642687,426371059299541,6335167,0.58232311,256,2642432,2642687,2642585,0
2642943,426371059313958,7210958,0.6099363,256,2642688,2642943,2642804,0
2643199,426371059457208,7906833,0.58881237,256,2642944,2643199,2643112,0
2643455,426371060410125,7859125,0.61528807,256,2643200,2643455,2643281,0
2643711,426371060426750,8678125,0.60228561,256,2643456,2643711,2643523,0
2643967,426371061290500,8617291,0.65134198,256,2643712,2643967,2643862,0
2644223,426371062175875,8536041,0.62799196,256,2643968,2644223,2644136,0
2644479,426371063037125,8475416,0.64382915,256,2644224,2644479,2644454,0
2644735,426371063931958,8405417,0.61922696,256,2644480,2644735,2644668,0
2644991,426371064841541,8293334,0.60329803,256,2644736,2644991,2644799,0
2645247,426371065697125,8242625,0.62816033,256,2644992,2645247,2645159,0
2645503,426371066552625,8184625,0.57488227,256,2645248,2645503,2645390,0
2645759,426371067436041,8117500,0.64913908,256,2645504,2645759,2645529,0
2646015,426371068420750,7945208,0.59932455,256,2645760,2646015,2645820,0
2646271,426371069277166,7918667,0.61677297,256,2646016,2646271,2646227,0
2646527,426371070111750,7897875,0.65642894,256,2646272,2646527,2646328,0
2646783,426371071012125,7814333,0.61479246,256,2646528,2646783,2646554,0
2647039,426371071853333,7765083,0.5812468,256,2646784,2647039,2647029,0
2647295,426371072746291,7680000,0.60889053,256,2647040,2647295,2647192,0
2647551,426371073603291,7624167,0.63722307,256,2647296,2647551,2647528,0
2647807,426371074488750,7556291,0.6789547,256,2647552,2647807,2647564,0
2648063,426371075312750,7533791,0.62730144,256,2647808,2648063,2647963,0
2648319,426371076144250,7510750,0.60328595,256,2648064,2648319,2648068,0
2648575,426371077043083,7459458,0.64256733,256,2648320,2648575,2648558,0
2648831,426371077922791,7497584,0.62837244,256,2648576,2648831,2648738,0
2649087,426371078856833,7451250,0.60233607,256,2648832,2649087,2648842,0
2649343,426371079685958,7483708,0.60359799,256,2649088,2649343,2649210,0
2649599,426371080595416,7423334,0.56453933,256,2649344,2649599,2649549,0
2649855,426371081460541,7371959,0.59659302,256,2649600,2649855,2649648,0
2650111,426371082413833,7229667,0.61424866,256,2649856,2650111,2650051,0
2650367,426371083268541,7192167,0.62930165,256,2650112,2650367,2650343,0
2650623,426371084096833,7180417,0.57240215,256,2650368,2650623,2650581,0
2650879,426371084963875,7115000,0.58270619,256,2650624,2650879,2650654,0
2651135,426371085857750,7057500,0.62488011,256,2650880,2651135,2650957,0
2651391,426371086716500,7027458,0.57593519,256,2651136,2651391,2651231,0
2651647,426371087594791,7019500,0.62010245,256,2651392,2651647,2651578,0
2651903,426371088469500,7006166,0.61091659,256,2651648,2651903,2651830,0
2652159,426371089407666,6916459,0.59584126,256,2651904,2652159,2652094,0
2652415,426371090308375,6865250,0.60658991,256,2652160,2652415,2652213,0
2652671,426371091229958,6793875,0.61519844,256,2652416,2652671,2652489,0
2652927,426371092072250,6796250,0.60823272,256,2652672,2652927,2652905,0
2653183,426371092936041,6719292,0.61129457,256,2652928,2653183,2653016,0
2653439,426371093860583,6593750,0.60562089,256,2653184,2653439,2653295,0
2653695,426371094716083,6541833,0.60377393,256,2653440,2653695,2653520,0
2653951,426371095592750,6497000,0.62713047,256,2653696,2653951,2653836,0
2654207,426371096534666,6364209,0.61624675,256,2653952,2654207,2654195,0
2654463,426371097383083,6305042,0.65692913,256,2654208,2654463,2654263,0
2654719,426371098199666,6289167,0.61805452,256,2654464,2654719,2654465,0
2654975,426371099126583,6135375,0.62261602,256,2654720,2654975,2654803,0
2655231,426371100064958,10188500,0.59726526,256,2654976,2655231,2655187,0
2655487,426371100904000,9351208,0.61549548,256,2655232,2655487,2655236,0
2655743,426371101815166,8441084,0.60383213,256,2655488,2655743,2655690,0
2655999,426371102717166,7540042,0.57401221,256,2655744,2655999,2655755,0
2656255,426371103612750,6645416,0.58227665,256,2656000,2656255,2656062,0
2656511,426371104490083,5769042,0.59378722,256,2656256,2656511,2656332,0
2656767,426371105348541,5666625,0.61128015,256,2656512,2656767,2656591,0
2657023,426371110036375,1826666,0.62494963,256,2656768,2657023,2656835,0
2657279,426371110046208,2654917,0.59723363,256,2657024,2657279,2657044,0
2657535,426371110055958,3502292,0.58792185,256,2657280,2657535,2657302,0
2657791,426371110065750,4346250,0.61263605,256,2657536,2657791,2657590,0
2658047,426371110075458,5158542,0.61526841,256,2657792,2658047,2657875,0
2658303,426371110633875,5405375,0.60018103,256,2658048,2658303,2658300,0
2658559,426371111537041,5363667,0.69292101,256,2658304,2658559,2658558,0
2658815,426371112367791,5408959,0.64495132,256,2658560,2658815,2658566,0
2659071,426371113316250,5317750,0.62245042,256,2658816,2659071,2659046,0
2659327,426371114138083,5292833,0.59416998,256,2659072,2659327,2659117,0
2659583,426371115050875,5222583,0.59891146,256,2659328,2659583,2659472,0
2659839,426371116006166,5087334,0.59348389,256,2659584,2659839,2659762,0
2660095,426371116933583,4992417,0.59958757,256,2659840,2660095,2659897,0
2660351,426371117850833,4893083,0.60133077,256,2660096,2660351,2660289,0
2660607,426371118680958,4901083,0.60591531,256,2660352,2660607,2660582,0
2660863,426371119604833,4843292,0.63295032,256,2660608,2660863,2660666,0
2661119,426371120480708,4810583,0.60153947,256,2660864,2661119,2661002,0
2661375,426371121380500,4756208,0.59158211,256,2661120,2661375,2661373,0
2661631,426371122260041,4715375,0.64671385,256,2661376,2661631,2661544,0
2661887,426371123168208,4634375,0.63386269,256,2661632,2661887,2661875,0
2662143,426371124045041,4617542,0.62934687,256,2661888,2662143,2661943,0
2662399,426371124981375,4535000,0.63753856,256,2662144,2662399,2662260,0
2662655,426371125866041,4486084,0.63687953,256,2662400,2662655,2662655,0
2662911,426371126738291,4452917,0.60181328,256,2662656,2662911,2662774,0
2663167,426371127620000,4391166,0.64143286,256,2662912,2663167,2662978,0
2663423,426371128521250,4306000,0.59617283,256,2663168,2663423,2663399,0
2663679,426371129416875,4234291,0.61257362,256,2663424,2663679,2663429,0
2663935,426371130331666,4232959,0.60967855,256,2663680,2663935,2663686,0
2664191,426371131169583,4283583,0.64639082,256,2663936,2664191,2664021,0
2664447,426371132025958,4288875,0.62883106,256,2664192,2664447,2664431,0
2664703,426371132856458,4289500,0.56860543,256,2664448,2664703,2664630,0
2664959,426371134049750,3937500,0.56441215,256,2664704,2664959,2664810,0
2665215,426371134647375,4190666,0.61130886,256,2664960,2665215,2665189,0
2665471,426371135524125,4109875,0.5750652,256,2665216,2665471,2665347,0
2665727,426371136444250,3993041,0.57097002,256,2665472,2665727,2665478,0
2665983,426371137316375,3920875,0.58718128,256,2665728,2665983,2665933,0
2666239,426371138200791,3836000,0.61997599,256,2665984,2666239,2666045,0
2666495,426371139078250,3757041,0.59411462,256,2666240,2666495,2666458,0
2666751,426371139977791,3669917,0.63354144,256,2666496,2666751,2666553,0
2667007,426371140879583,3584333,0.61077366,256,2666752,2667007,2666792,0
2667263,426371141692458,3565000,0.59877957,256,2667008,2667263,2667263,0
2667519,426371142590083,3460833,0.60738056,256,2667264,2667519,2667316,0
2667775,426371143466041,3389834,0.61848223,256,2667520,2667775,2667567,0
2668031,426371144306291,3334292,0.61213227,256,2667776,2668031,2668026,0
2668287,426371145196875,3243458,0.59928712,256,2668032,2668287,2668032,0
2668543,426371146149208,3093667,0.59319544,256,2668288,2668543,2668469,0
2668799,426371147037958,2989708,0.59242797,256,2668544,2668799,2668764,0
2669055,426371147919791,2908167,0.58565776,256,2668800,2669055,2668869,0
2669311,426371148771458,2883667,0.6337925,256,2669056,2669311,2669185,0
2669567,426371149620666,2848667,0.62627704,256,2669312,2669567,2669375,0
2669823,426371150531583,2735458,0.58328891,256,2669568,2669823,2669794,0
2670079,426371151425250,2644416,0.61252297,256,2669824,2670079,2670042,0
2670335,426371152281916,2619917,0.63678324,256,2670080,2670335,2670318,0
2670591,426371153128458,2572333,0.61420734,256,2670336,2670591,2670414,0
2670847,426371154027208,5608292,0.60904724,256,2670592,2670847,2670774,0
2671103,426371154916666,4734875,0.60613878,256,2670848,2671103,2671059,0
2671359,426371155794291,3872459,0.60333579,256,2671104,2671359,2671168,0
2671615,426371159114958,1629583,0.61424834,256,2671360,2671615,2671517,0
2671871,426371159602666,2038959,0.59625723,256,2671616,2671871,2671789,0
2672127,426371159612791,2900750,0.61436095,256,2671872,2672127,2672096,0
2672383,426371159622916,3801000,0.63025999,256,2672128,2672383,2672376,0
2672639,426371160238125,4032166,0.66362755,256,2672384,2672639,2672543,0
2672895,426371161161250,3914000,0.59566289,256,2672640,2672895,2672887,0
2673151,426371162024333,3871583,0.62217051,256,2672896,2673151,2672917,0
2673407,426371162888958,3848667,0.64805175,256,2673152,2673407,2673382,0
2673663,426371163799250,3830916,0.60259417,256,2673408,2673663,2673615,0
2673919,426371164744625,3703458,0.62971467,256,2673664,2673919,2673773,0
2674175,426371165635333,3654292,0.6198063,256,2673920,2674175,2673982,0
2674431,426371166557583,3535583,0.59285803,256,2674176,2674431,2674411,0
2674687,426371167422291,3510417,0.62529003,256,2674432,2674687,2674439,0
2674943,426371168318750,3438750,0.62864922,256,2674688,2674943,2674749,0
2675199,426371169165458,3437542,0.62037311,256,2674944,2675199,2675030,0
2675455,426371170000666,3400000,0.5705806,256,2675200,2675455,2675385,0
2675711,426371170916208,3421125,0.63898438,256,2675456,2675711,2675524,0
2675967,426371171776250,3453583,0.60579449,256,2675712,2675967,2675865,0
2676223,426371172643500,3494750,0.59432828,256,2675968,2676223,2676156,0
2676479,426371173532083,3500292,0.56983826,256,2676224,2676479,2676319,0
2676735,426371174387416,3562917,0.57141594,256,2676480,2676735,2676495,0
2676991,426371175240458,3584375,0.59258233,256,2676736,2676991,2676966,0
2677247,426371176136416,3524084,0.63939749,256,2676992,2677247,2677044,0
2677503,426371177049875,3441541,0.63027226,256,2677248,2677503,2677374,0
2677759,426371177970625,3334875,0.58755874,256,2677504,2677759,2677610,0
2678015,426371178831208,3306208,0.62146377,256,2677760,2678015,2677982,0
2678271,426371179729333,3241292,0.60246461,256,2678016,2678271,2678132,0
2678527,426371180601416,3183917,0.59872554,256,2678272,2678527,2678429,0
2678783,426371181490791,3103792,0.59822397,256,2678528,2678783,2678555,0
2679039,426371182336208,3078917,0.60944565,256,2678784,2679039,2678879,0
2679295,426371183224208,3035333,0.61940373,256,2679040,2679295,2679121,0
2679551,426371184101541,3002459,0.64121584,256,2679296,2679551,2679528,0
2679807,426371185051916,2900667,0.63227465,256,2679552,2679807,2679572,0
2680063,426371185925875,2847791,0.59243858,256,2679808,2680063,2680049,0
2680319,426371186816166,2795334,0.63755647,256,2680064,2680319,2680220,0
2680575,426371187765166,2672917,0.62428661,256,2680320,2680575,2680344,0
2680831,426371188655625,2617500,0.6298314,256,2680576,2680831,2680816,0
2681087,426371189527583,2576083,0.59429438,256,2680832,2681087,2680834,0
2681343,426371190447666,2635125,0.58800449,256,2681088,2681343,2681254,0
2681599,426371191340666,2442125,0.58821582,256,2681344,2681599,2681558,0
2681855,426371192215875,2348791,0.61040398,256,2681600,2681855,2681805,0
2682111,426371193092291,2293667,0.6066355,256,2681856,2682111,2682016,0
2682367,426371193874125,2328083,0.57977163,256,2682112,2682367,2682353,0
2682623,426371194815416,2220250,0.65932005,256,2682368,2682623,2682599,0
2682879,426371195711458,2160625,0.64431338,256,2682624,2682879,2682638,0
2683135,426371196562291,2164625,0.60274246,256,2682880,2683135,2683133,0
2683391,426371197459958,2087208,0.59988771,256,2683136,2683391,2683364,0
2683647,426371198348291,2049667,0.61212021,256,2683392,2683647,2683568,0
2683903,426371199265333,2040708,0.6686183,256,2683648,2683903,2683692,0
2684159,426371200157041,1949459,0.60951265,256,2683904,2684159,2684032,0
2684415,426371201047333,1911125,0.64193169,256,2684160,2684415,2684347,0
2684671,426371201948458,4166083,0.58499298,256,2684416,2684671,2684588,0
2684927,426371202822375,4262875,0.58175114,256,2684672,2684927,2684783,0
2685183,426371206114250,1930916,0.6016676,256,2684928,2685183,2685064,0
2685439,426371206972833,1948750,0.61858467,256,2685184,2685439,2685336,0
2685695,426371206982541,2810125,0.59487259,256,2685440,2685695,2685695,0
2685951,426371206992250,3649125,0.57453155,256,2685696,2685951,2685774,0
2686207,426371207253000,4195708,0.58325845,256,2685952,2686207,2686087,0
2686463,426371208116041,4156084,0.59289488,256,2686208,2686463,2686448,0
2686719,426371209029125,4067291,0.62981849,256,2686464,2686719,2686568,0
2686975,426371209950541,3992125,0.61250639,256,2686720,2686975,2686967,0
2687231,426371210820041,4010875,0.65859587,256,2686976,2687231,2687048,0
2687487,426371211693583,3977542,0.60433851,256,2687232,2687487,2687327,0
2687743,426371212566000,3938041,0.60328128,256,2687488,2687743,2687525,0
2687999,426371213424041,3928875,0.57827709,256,2687744,2687999,2687900,0
2688255,426371214297375,3869666,0.6051523,256,2688000,2688255,2688138,0
2688511,426371215143250,3856375,0.60298794,256,2688256,2688511,2688341,0
2688767,426371216048041,3745167,0.59905662,256,2688512,2688767,2688644,0
2689023,426371216915166,3720959,0.63687034,256,2688768,2689023,2689020,0
2689279,426371217789333,3646708,0.64303692,256,2689024,2689279,2689078,0
2689535,426371218757875,3493958,0.58952888,256,2689280,2689535,2689516,0
2689791,426371219595291,3488084,0.61402743,256,2689536,2689791,2689611,0
2690047,426371220480791,3451750,0.61915101,256,2689792,2690047,2689963,0
2690303,426371221331333,3398417,0.59337317,256,2690048,2690303,2690301,0
2690559,426371222232125,3351750,0.61467062,256,2690304,2690559,2690317,0
2690815,426371223097666,3321417,0.5910827,256,2690560,2690815,2690815,0
2691071,426371223955333,3293958,0.60441898,256,2690816,2691071,2690906,0
2691327,426371224884750,3177750,0.61028263,256,2691072,2691327,2691281,0
2691583,426371225723708,3194958,0.66421782,256,2691328,2691583,2691410,0
2691839,426371226601500,3143250,0.64918656,256,2691584,2691839,2691800,0
2692095,426371227510375,3038041,0.62763628,256,2691840,2692095,2691924,0
2692351,426371228426250,2931541,0.59030164,256,2692096,2692351,2692263,0
2692607,426371229282875,2920750,0.65669599,256,2692352,2692607,2692546,0
2692863,426371230162458,2885625,0.63442299,256,2692608,2692863,2692633,0
2693119,426371231038833,2816000,0.62120374,256,2692864,2693119,2693029,0
2693375,426371231979458,2698708,0.60691563,256,2693120,2693375,2693171,0
2693631,426371232900750,2609458,0.60772612,256,2693376,2693631,2693425,0
2693887,426371233833041,2486417,0.57819875,256,2693632,2693887,2693714,0
2694143,426371234735333,2407417,0.62012724,256,2693888,2694143,2693966,0
2694399,426371235597875,2390083,0.62712254,256,2694144,2694399,2694281,0
2694655,426371236458541,2321959,0.59939127,256,2694400,2694655,2694578,0
2694911,426371237378833,2211833,0.58902533,256,2694656,2694911,2694885,0
2695167,426371238267958,2148792,0.62206653,256,2694912,2695167,2694923,0
2695423,426371239215250,2058125,0.62414991,256,2695168,2695423,2695367,0
2695679,426371240109833,1996625,0.62464416,256,2695424,2695679,2695509,0
2695935,426371240979125,1936500,0.57558784,256,2695680,2695935,2695683,0
2696191,426371241798541,1905959,0.63017868,256,2695936,2696191,2696085,0
2696447,426371242702125,1793208,0.61242889,256,2696192,2696447,2696400,0
2696703,426371243605583,1680833,0.59227937,256,2696448,2696703,2696660,0
2696959,426371244480666,1619834,0.59442219,256,2696704,2696959,2696912,0
2697215,426371245413458,1481875,0.63125636,256,2696960,2697215,2697204,0
2697471,426371246375500,1348958,0.63925784,256,2697216,2697471,2697231,0
2697727,426371247292166,1221334,0.58870569,256,2697472,2697727,2697567,0
2697983,426371248184708,1147125,0.61103145,256,2697728,2697983,2697792,0
2698239,426371249080375,1063958,0.61090879,256,2697984,2698239,2698079,0
2698495,426371249994250,1529208,0.61692627,256,2698240,2698495,2698449,0
2698751,426371250985500,1763625,0.59929395,256,2698496,2698751,2698638,0
2699007,426371251733583,1830417,0.64087453,256,2698752,2699007,2698872,0
2699263,426371252569208,1844458,0.6315689,256,2699008,2699263,2699100,0
2699519,426371253452375,1812583,0.57421666,256,2699264,2699519,2699302,0
2699775,426371254333625,1839500,0.63829549,256,2699520,2699775,2699582,0
2700031,426371255183000,1877250,0.62853484,256,2699776,2700031,2699785,0
2700287,426371256061250,1897333,0.60530327,256,2700032,2700287,2700165,0
2700543,426371256992750,1846166,0.62263458,256,2700288,2700543,2700529,0
2700799,426371257859291,1807750,0.59656578,256,2700544,2700799,2700663,0
2701055,426371258803500,1717583,0.60779822,256,2700800,2701055,2700800,0
2701311,426371259708416,1625875,0.59317879,256,2701056,2701311,2701154,0
2701567,426371260637833,1517875,0.63330478,256,2701312,2701567,2701378,0
2701823,426371261485416,1510959,0.64410942,256,2701568,2701823,2701775,0
2702079,426371262371666,1483042,0.59444516,256,2701824,2702079,2701939,0
2702335,426371263233375,1496458,0.6023155,256,2702080,2702335,2702198,0
2702591,426371264133041,1443959,0.6196173,256,2702336,2702591,2702563,0
2702847,426371264972458,1498167,0.6397648,256,2702592,2702847,2702632,0
2703103,426371265902083,4745792,0.60877202,256,2702848,2703103,2702968,0
2703359,426371266792041,3858000,0.62750057,256,2703104,2703359,2703340,0
2703615,426371268264208,3728458,0.63772835,256,2703360,2703615,2703564,0
2703871,426371270772583,2099458,0.61225154,256,2703616,2703871,2703693,0
2704127,426371270794375,2934000,0.64164905,256,2703872,2704127,2703983,0
2704383,426371270815166,3806542,0.64319282,256,2704128,2704383,2704236,0
2704639,426371271300000,4210750,0.62274917,256,2704384,2704639,2704562,0
2704895,426371272167250,4251958,0.63325526,256,2704640,2704895,2704770,0
2705151,426371272982583,4306875,0.63732299,256,2704896,2705151,2704909,0
2705407,426371273923041,4267542,0.64122953,256,2705152,2705407,2705392,0
2705663,426371274761250,4286041,0.62660174,256,2705408,2705663,2705570,0
2705919,426371275643083,4277125,0.64987984,256,2705664,2705919,2705685,0
2706175,426371276575000,4172208,0.59472973,256,2705920,2706175,2705983,0
2706431,426371277452458,4156208,0.65296432,256,2706176,2706431,2706301,0
2706687,426371278364541,4090084,0.61340293,256,2706432,2706687,2706526,0
2706943,426371279249000,4013458,0.64018076,256,2706688,2706943,2706720,0
2707199,426371280191583,3914792,0.63829761,256,2706944,2707199,2707086,0
2707455,426371281060708,4330167,0.59043634,256,2707200,2707455,2707340,0
2707711,426371281955375,3814875,0.61976185,256,2707456,2707711,2707469,0
2707967,426371282892250,3771541,0.64076093,256,2707712,2707967,2707886,0
2708223,426371283791375,4038666,0.61442276,256,2707968,2708223,2708215,0
2708479,426371284677041,3680959,0.64467236,256,2708224,2708479,2708411,0
2708735,426371285621666,3597750,0.62364927,256,2708480,2708735,2708705,0
2708991,426371286507250,3557333,0.61673704,256,2708736,2708991,2708920,0
2709247,426371287394416,3591292,0.67610459,256,2708992,2709247,2709061,0
2709503,426371288241166,3586459,0.61156548,256,2709248,2709503,2709322,0
2709759,426371289101166,3751584,0.64185669,256,2709504,2709759,2709531,0
2710015,426371289982666,3519292,0.60819544,256,2709760,2710015,2709835,0
2710271,426371290890500,3505041,0.60853292,256,2710016,2710271,2710172,0
2710527,426371291805583,3496583,0.62492758,256,2710272,2710527,2710455,0
2710783,426371293016291,3487375,0.67894507,256,2710528,2710783,2710670,0
2711039,426371293511875,3612125,0.60293968,256,2710784,2711039,2710874,0
2711295,426371294360125,3714875,0.64961557,256,2711040,2711295,2711141,0
2711551,426371295337750,4251000,0.65605684,256,2711296,2711551,2711445,0
2711807,426371296223375,4100541,0.63862436,256,2711552,2711807,2711769,0
2712063,426371297050208,4803333,0.61520012,256,2711808,2712063,2711924,0
2712319,426371297912041,5600834,0.64809905,256,2712064,2712319,2712177,0
2712575,426371298781583,6079083,0.60094351,256,2712320,2712575,2712345,0
2712831,426371300160458,5547083,0.61548058,256,2712576,2712831,2712614,0
2713087,426371300493500,6074833,0.64472019,256,2712832,2713087,2713083,0
2713343,426371301433583,6001792,0.6103563,256,2713088,2713343,2713170,0
2713599,426371302305166,6025792,0.6762325,256,2713344,2713599,2713542,0
2713855,426371303194916,6163125,0.62823744,256,2713600,2713855,2713626,0
2714111,426371304057791,5961625,0.63039284,256,2713856,2714111,2713973,0
2714367,426371304965916,5873459,0.65093792,256,2714112,2714367,2714183,0
2714623,426371305772458,5908458,0.61951663,256,2714368,2714623,2714506,0
2714879,426371306691416,5826750,0.60176922,256,2714624,2714879,2714706,0
2715135,426371307548541,5787500,0.62239543,256,2714880,2715135,2715087,0
2715391,426371308464083,9554750,0.62346011,256,2715136,2715391,2715153,0
2715647,426371309280958,8739542,0.60631253,256,2715392,2715647,2715412,0
2715903,426371310143041,7878584,0.60674639,256,2715648,2715903,2715743,0
2716159,426371310982916,7039667,0.61005339,256,2715904,2716159,2716139,0
2716415,426371311901958,6121625,0.62176583,256,2716160,2716415,2716319,0
2716671,426371312809250,5681708,0.67761214,256,2716416,2716671,2716606,0
2716927,426371313690083,5626333,0.582646,256,2716672,2716927,2716675,0
2717183,426371314643541,5538000,0.63351258,256,2716928,2717183,2716970,0
2717439,426371317992458,3075708,0.6318691,256,2717184,2717439,2717349,0
2717695,426371318001666,3939959,0.60372303,256,2717440,2717695,2717572,0
2717951,426371318015416,4765625,0.5882785,256,2717696,2717951,2717751,0
2718207,426371318153041,5488709,0.59024759,256,2717952,2718207,2718099,0
2718463,426371319052416,5430459,0.6188372,256,2718208,2718463,2718420,0
2718719,426371319920875,5415333,0.68728591,256,2718464,2718719,2718577,0
2718975,426371320808375,5376708,0.61264445,256,2718720,2718975,2718860,0
2719231,426371321663791,5337959,0.61710258,256,2718976,2719231,2719209,0
2719487,426371322575250,5241333,0.60008443,256,2719232,2719487,2719360,0
2719743,426371323477291,5186750,0.6286582,256,2719488,2719743,2719592,0
2719999,426371324381708,5159583,0.6453923,256,2719744,2719999,2719761,0
2720255,426371325279500,5124375,0.61071043,256,2720000,2720255,2720244,0
2720511,426371326153125,5096875,0.6416423,256,2720256,2720511,2720262,0
2720767,426371327044583,5066458,0.63129476,256,2720512,2720767,2720723,0
2721023,426371327892625,5043250,0.64913662,256,2720768,2721023,2721021,0
2721279,426371328771291,4995584,0.59326676,256,2721024,2721279,2721201,0
2721535,426371329622208,5001625,0.64973736,256,2721280,2721535,2721379,0
2721791,426371330502250,4957750,0.61284035,256,2721536,2721791,2721740,0
2722047,426371331363000,4933916,0.60630711,256,2721792,2722047,2722023,0
2722303,426371332254458,4886292,0.64470687,256,2722048,2722303,2722057,0
2722559,426371333086208,4916542,0.65310893,256,2722304,2722559,2722528,0
2722815,426371333987458,4892042,0.68487594,256,2722560,2722815,2722573,0
2723071,426371334824083,4904667,0.62224034,256,2722816,2723071,2723066,0
2723327,426371335765791,4829125,0.63492915,256,2723072,2723327,2723095,0
2723583,426371336660916,4769459,0.64038003,256,2723328,2723583,2723424,0
2723839,426371337523833,4730875,0.60458498,256,2723584,2723839,2723626,0
2724095,426371338420291,4654334,0.61138184,256,2723840,2724095,2723938,0
2724351,426371339309041,4588292,0.59470801,256,2724096,2724351,2724345,0
2724607,426371340161250,4552625,0.62098797,256,2724352,2724607,2724466,0
2724863,426371341064416,4496709,0.62856775,256,2724608,2724863,2724618,0
2725119,426371341997458,4404542,0.6257972,256,2724864,2725119,2725107,0
2725375,426371342871916,4393750,0.64044553,256,2725120,2725375,2725223,0
2725631,426371343736708,4385833,0.62097953,256,2725376,2725631,2725488,0
2725887,426371344636333,4345792,0.61062979,256,2725632,2725887,2725660,0
2726143,426371345559125,4265500,0.60962017,256,2725888,2726143,2726008,0
2726399,426371346462958,4230375,0.61720247,256,2726144,2726399,2726347,0
2726655,426371347360333,4169625,0.64102501,256,2726400,2726655,2726538,0
2726911,426371348231250,4118458,0.58075952,256,2726656,2726911,2726698,0
2727167,426371349171750,4009541,0.59691529,256,2726912,2727167,2727134,0
2727423,426371350062000,3951458,0.6443855,256,2727168,2727423,2727259,0
2727679,426371350941000,3921708,0.65614144,256,2727424,2727679,2727559,0
2727935,426371351789333,3909208,0.61236989,256,2727680,2727935,2727933,0
2728191,426371352701250,3846541,0.6332931,256,2727936,2728191,2728081,0
2728447,426371353619708,3736292,0.58710934,256,2728192,2728447,2728196,0
2728703,426371354491458,3701583,0.61998326,256,2728448,2728703,2728701,0
2728959,426371355401958,3619583,0.59439807,256,2728704,2728959,2728800,0
2729215,426371356276000,3600791,0.65400459,256,2728960,2729215,2729035,0
2729471,426371357082083,3630208,0.5891788,256,2729216,2729471,2729268,0
2729727,426371357989291,3612417,0.6458288,256,2729472,2729727,2729599,0
2729983,426371358869083,6061625,0.59749237,256,2729728,2729983,2729752,0
2730239,426371359775416,5156792,0.61188899,256,2729984,2730239,2730235,0
2730495,426371360610458,4322792,0.66563199,256,2730240,2730495,2730416,0
2730751,426371361511708,3533625,0.61983034,256,2730496,2730751,2730526,0
2731007,426371364943125,968750,0.61303204,256,2730752,2731007,2730869,0
2731263,426371364962875,1826750,0.60281846,256,2731008,2731263,2731136,0
2731519,426371364985041,2679750,0.59442221,256,2731264,2731519,2731299,0
2731775,426371365036500,3485541,0.59648675,256,2731520,2731775,2731707,0
2732031,426371365941166,3406667,0.61146871,256,2731776,2732031,2732020,0
2732287,426371366796541,3418250,0.65585927,256,2732032,2732287,2732050,0
2732543,426371367703041,3339667,0.63750405,256,2732288,2732543,2732395,0
2732799,426371368581750,3298291,0.65071636,256,2732544,2732799,2732698,0
2733055,426371369408708,3271083,0.59603534,256,2732800,2733055,2732882,0
2733311,426371370281291,3212417,0.61297029,256,2733056,2733311,2733178,0
2733567,426371371158416,3177292,0.62639294,256,2733312,2733567,2733314,0
2733823,426371372034833,3124542,0.61854913,256,2733568,2733823,2733631,0
2734079,426371372847125,3157708,0.6080745,256,2733824,2734079,2733995,0
2734335,426371373682208,3179333,0.63534921,256,2734080,2734335,2734202,0
2734591,426371374565166,3168000,0.61000586,256,2734336,2734591,2734365,0
2734847,426371375434041,3130834,0.59199943,256,2734592,2734847,2734650,0
2735103,426371376317583,3081625,0.62598071,256,2734848,2735103,2734911,0
2735359,426371377242291,2979750,0.62042115,256,2735104,2735359,2735310,0
2735615,426371378119250,2894541,0.6007891,256,2735360,2735615,2735384,0
2735871,426371379018791,2791542,0.60044824,256,2735616,2735871,2735687,0
2736127,426371379883458,2798667,0.62258164,256,2735872,2736127,2736031,0
2736383,426371380778583,2741083,0.61672773,256,2736128,2736383,2736177,0
2736639,426371381656291,2698584,0.63793373,256,2736384,2736639,2736484,0
2736895,426371382548500,2662416,0.65676825,256,2736640,2736895,2736807,0
2737151,426371383402875,2643083,0.65068601,256,2736896,2737151,2737136,0
2737407,426371384294541,2624000,0.65469798,256,2737152,2737407,2737363,0
2737663,426371385201166,2545500,0.63176897,256,2737408,2737663,2737523,0
2737919,426371386064875,2514791,0.61766377,256,2737664,2737919,2737852,0
2738175,426371386954333,2456583,0.59642016,256,2737920,2738175,2738174,0
2738431,426371387905000,2295750,0.58326041,256,2738176,2738431,2738300,0
2738687,426371388825458,2199625,0.66309834,256,2738432,2738687,2738535,0
2738943,426371389721708,2127417,0.61057383,256,2738688,2738943,2738830,0
2739199,426371390616000,2084041,0.60759245,256,2738944,2739199,2739191,0
2739455,426371391500791,1987875,0.65781552,256,2739200,2739455,2739424,0
2739711,426371392416375,4357625,0.63992472,256,2739456,2739711,2739588,0
2739967,426371393294916,3480625,0.59752637,256,2739712,2739967,2739856,0
2740223,426371395120333,3787458,0.60113956,256,2739968,2740223,2740093,0
2740479,426371395129458,4677750,0.62129579,256,2740224,2740479,2740357,0
2740735,426371396808041,3910042,0.62064396,256,2740480,2740735,2740657,0
2740991,426371396822500,4763958,0.60302827,256,2740736,2740991,2740880,0
2741247,426371397750416,4760375,0.60785975,256,2740992,2741247,2741179,0
2741503,426371398499291,4885625,0.61596974,256,2741248,2741503,2741397,0
2741759,426371399397000,4848541,0.57327156,256,2741504,2741759,2741538,0
2742015,426371400273375,4800000,0.62374666,256,2741760,2742015,2741951,0
2742271,426371401185625,4715500,0.6010083,256,2742016,2742271,2742117,0
2742527,426371402046333,4688125,0.58368317,256,2742272,2742527,2742310,0
2742783,426371402918375,4614875,0.58232311,256,2742528,2742783,2742585,0
2743039,426371403788458,4593042,0.6099363,256,2742784,2743039,2742804,0
2743295,426371404616458,4618875,0.61528807,256,2743040,2743295,2743281,0
2743551,426371405562958,4523500,0.60390786,256,2743296,2743551,2743298,0
2743807,426371406461125,4452166,0.60940541,256,2743552,2743807,2743775,0
2744063,426371407308541,4416042,0.65134198,256,2743808,2744063,2743862,0
2744319,426371408221166,4342875,0.62799196,256,2744064,2744319,2744136,0
2744575,426371409102666,4291917,0.64382915,256,2744320,2744575,2744454,0
2744831,426371409994125,4274916,0.61922696,256,2744576,2744831,2744668,0
2745087,426371410860041,4332209,0.59839023,256,2744832,2745087,2745031,0
2745343,426371411732500,4363750,0.62816033,256,2745088,2745343,2745159,0
2745599,426371412573583,4423208,0.64913908,256,2745344,2745599,2745529,0
2745855,426371413507416,4401542,0.59932455,256,2745600,2745855,2745820,0
2746111,426371414453625,4356375,0.58963899,256,2745856,2746111,2745982,0
2746367,426371415289625,4365333,0.65642894,256,2746112,2746367,2746328,0
2746623,426371416148541,4350459,0.61479246,256,2746368,2746623,2746554,0
2746879,426371417052083,4257417,0.58687898,256,2746624,2746879,2746724,0
2747135,426371417883708,4252417,0.5812468,256,2746880,2747135,2747029,0
2747391,426371418776958,4172375,0.60889053,256,2747136,2747391,2747192,0
2747647,426371419647250,4165708,0.6789547,256,2747392,2747647,2747564,0
2747903,426371420499708,4111375,0.63423499,256,2747648,2747903,2747770,0
2748159,426371421309250,4134833,0.62730144,256,2747904,2748159,2747963,0
2748415,426371422189458,4063792,0.57515766,256,2748160,2748415,2748396,0
2748671,426371423067250,4026125,0.64256733,256,2748416,2748671,2748558,0
2748927,426371423969166,3956542,0.62837244,256,2748672,2748927,2748738,0
2749183,426371424879958,3904833,0.5982365,256,2748928,2749183,2748934,0
2749439,426371425727791,3879334,0.60359799,256,2749184,2749439,2749210,0
2749695,426371426620500,3803875,0.59659302,256,2749440,2749695,2749648,0
2749951,426371427509000,3743875,0.5994441,256,2749696,2749951,2749925,0
2750207,426371428420750,3655750,0.61424866,256,2749952,2750207,2750051,0
2750463,426371429280208,3621375,0.62930165,256,2750208,2750463,2750343,0
2750719,426371430147708,3598792,0.58270619,256,2750464,2750719,2750654,0
2750975,426371430998916,3557750,0.62488011,256,2750720,2750975,2750957,0
2751231,426371431895583,3520208,0.59512176,256,2750976,2751231,2751101,0
2751487,426371432759375,3495458,0.58236464,256,2751232,2751487,2751396,0
2751743,426371433585583,3497667,0.62010245,256,2751488,2751743,2751578,0
2751999,426371434536125,3382541,0.61091659,256,2751744,2751999,2751830,0
2752255,426371435442458,3299375,0.60658991,256,2752000,2752255,2752213,0
2752511,426371436366666,3192209,0.61519844,256,2752256,2752511,2752489,0
2752767,426371437215708,3179083,0.59635555,256,2752512,2752767,2752518,0
2753023,426371438110250,3112625,0.61129457,256,2752768,2753023,2753016,0
2753279,426371438952500,3090791,0.56548277,256,2753024,2753279,2753212,0
2753535,426371439894250,3005791,0.60562089,256,2753280,2753535,2753295,0
2753791,426371440764500,2916291,0.600102,256,2753536,2753791,2753607,0
2754047,426371441625083,2910875,0.62713047,256,2753792,2754047,2753836,0
2754303,426371442567125,2821583,0.65692913,256,2754048,2754303,2754263,0
2754559,426371443417791,5247459,0.61805452,256,2754304,2754559,2754465,0
2754815,426371444260583,4406833,0.62261602,256,2754560,2754815,2754803,0
2755071,426371445214000,3454541,0.57629691,256,2754816,2755071,2755030,0
2755327,426371446099041,2649042,0.61549548,256,2755072,2755327,2755236,0
2755583,426371447075416,2444542,0.59535012,256,2755328,2755583,2755536,0
2755839,426371448813750,1589291,0.60383213,256,2755584,2755839,2755690,0
2756095,426371448828166,2431000,0.58227665,256,2755840,2756095,2756062,0
2756351,426371449625000,2495833,0.59378722,256,2756096,2756351,2756332,0
2756607,426371450536833,2456750,0.61128015,256,2756352,2756607,2756591,0
2756863,426371451404041,2474709,0.62494963,256,2756608,2756863,2756835,0
2757119,426371452259875,2439000,0.59723363,256,2756864,2757119,2757044,0
2757375,426371453125750,2394333,0.58792185,256,2757120,2757375,2757302,0
2757631,426371453995875,2352125,0.61263605,256,2757376,2757631,2757590,0
2757887,426371454882458,2329750,0.61526841,256,2757632,2757887,2757875,0
2758143,426371455757750,2251041,0.57622205,256,2757888,2758143,2757946,0
2758399,426371456642458,2215708,0.61289621,256,2758144,2758399,2758324,0
2758655,426371457566958,2195542,0.69292101,256,2758400,2758655,2758558,0
2758911,426371458412375,2170166,0.59693152,256,2758656,2758911,2758667,0
2759167,426371459380041,2047792,0.62245042,256,2758912,2759167,2759046,0
2759423,426371460243500,2004833,0.59387524,256,2759168,2759423,2759402,0
2759679,426371461103166,1972084,0.59891146,256,2759424,2759679,2759472,0
2759935,426371462062125,1854708,0.59958757,256,2759680,2759935,2759897,0
2760191,426371462960833,1762917,0.58000046,256,2759936,2760191,2760050,0
2760447,426371463885625,1664291,0.60133077,256,2760192,2760447,2760289,0
2760703,426371464745458,4399750,0.63295032,256,2760448,2760703,2760666,0
2760959,426371465648375,3498541,0.59501282,256,2760704,2760959,2760790,0
2761215,426371467268041,3017167,0.60153947,256,2760960,2761215,2761002,0
2761471,426371469242958,1950958,0.59158211,256,2761216,2761471,2761373,0
2761727,426371469258875,2880875,0.64671385,256,2761472,2761727,2761544,0
2761983,426371469280125,3823958,0.63386269,256,2761728,2761983,2761875,0
2762239,426371470103583,3897375,0.63145207,256,2761984,2762239,2762172,0
2762495,426371470990500,3866750,0.63753856,256,2762240,2762495,2762260,0
2762751,426371471899208,3796125,0.63687953,256,2762496,2762751,2762655,0
2763007,426371472755208,3779000,0.64143286,256,2762752,2763007,2762978,0
2763263,426371473653083,3706000,0.57706709,256,2763008,2763263,2763164,0
2763519,426371474572583,3611250,0.61257362,256,2763264,2763519,2763429,0
2763775,426371475463875,3512458,0.60967855,256,2763520,2763775,2763686,0
2764031,426371476384458,3441125,0.64639082,256,2763776,2764031,2764021,0
2764287,426371477174083,3502250,0.62269165,256,2764032,2764287,2764092,0
2764543,426371478040041,3441959,0.62883106,256,2764288,2764543,2764431,0
2764799,426371478911875,3382750,0.56860543,256,2764544,2764799,2764630,0
2765055,426371479793250,3345958,0.60762078,256,2764800,2765055,2765012,0
2765311,426371480667125,3281958,0.61130886,256,2765056,2765311,2765189,0
2765567,426371481567375,3201791,0.5750652,256,2765312,2765567,2765347,0
2765823,426371482466708,3111208,0.58355571,256,2765568,2765823,2765754,0
2766079,426371483352791,3060459,0.61997599,256,2765824,2766079,2766045,0
2766335,426371484203208,3024375,0.60002854,256,2766080,2766335,2766212,0
2766591,426371485101541,2968250,0.63354144,256,2766336,2766591,2766553,0
2766847,426371486018708,2853917,0.61653147,256,2766592,2766847,2766699,0
2767103,426371486892750,2794958,0.56357814,256,2766848,2767103,2766908,0
2767359,426371487719666,2793584,0.60738056,256,2767104,2767359,2767316,0
2767615,426371488596041,2740875,0.61848223,256,2767360,2767615,2767567,0
2767871,426371489483666,2717334,0.5728344,256,2767616,2767871,2767799,0
2768127,426371490346833,2640000,0.61213227,256,2767872,2768127,2768026,0
2768383,426371491219875,6013875,0.59197516,256,2768128,2768383,2768185,0
2768639,426371492214833,5020667,0.59319544,256,2768384,2768639,2768469,0
2768895,426371493325208,3921250,0.59242797,256,2768640,2768895,2768764,0
2769151,426371495244041,2003459,0.60667735,256,2768896,2769151,2769149,0
2769407,426371495253166,1995292,0.6337925,256,2769152,2769407,2769185,0
2769663,426371497269083,870667,0.57238294,256,2769408,2769663,2769425,0
2769919,426371497287083,1644417,0.59063498,256,2769664,2769919,2769883,0
2770175,426371497440375,2336958,0.61252297,256,2769920,2770175,2770042,0
2770431,426371498320250,2342166,0.63678324,256,2770176,2770431,2770318,0
2770687,426371499168916,2356042,0.60276169,256,2770432,2770687,2770445,0
2770943,426371500082833,2306125,0.60904724,256,2770688,2770943,2770774,0
2771199,426371500946958,2287458,0.60613878,256,2770944,2771199,2771059,0
2771455,426371501814500,2256041,0.59180814,256,2771200,2771455,2771400,0
2771711,426371502724125,2177333,0.61424834,256,2771456,2771711,2771517,0
2771967,426371503637416,2069500,0.59625723,256,2771712,2771967,2771789,0
2772223,426371504521208,1979292,0.61436095,256,2771968,2772223,2772096,0
2772479,426371505396291,1938084,0.63025999,256,2772224,2772479,2772376,0
2772735,426371506316416,1839500,0.66362755,256,2772480,2772735,2772543,0
2772991,426371507180541,1815167,0.62217051,256,2772736,2772991,2772917,0
2773247,426371508037958,1829875,0.61708042,256,2772992,2773247,2773174,0
2773503,426371508940458,1809333,0.64805175,256,2773248,2773503,2773382,0
2773759,426371509838791,1762875,0.60259417,256,2773504,2773759,2773615,0
2774015,426371510785916,1681792,0.62971467,256,2773760,2774015,2773773,0
2774271,426371511672666,1620375,0.58066036,256,2774016,2774271,2774261,0
2774527,426371512569250,1589500,0.62529003,256,2774272,2774527,2774439,0
2774783,426371513416250,1550125,0.62864922,256,2774528,2774783,2774749,0
2775039,426371514340500,1441458,0.62037311,256,2774784,2775039,2775030,0
2775295,426371515180875,1381458,0.60885206,256,2775040,2775295,2775108,0
2775551,426371516046666,1325292,0.63898438,256,2775296,2775551,2775524,0
2775807,426371516934916,1257125,0.6292772,256,2775552,2775807,2775553,0
2776063,426371517807375,1183250,0.60579449,256,2775808,2776063,2775865,0
2776319,426371518683166,1114917,0.59432828,256,2776064,2776319,2776156,0
2776575,426371519530833,1084875,0.57141594,256,2776320,2776575,2776495,0
2776831,426371520427375,1004791,0.58731305,256,2776576,2776831,2776756,0
2777087,426371521265125,1019583,0.63939749,256,2776832,2777087,2777044,0
2777343,426371522207333,894958,0.58810538,256,2777088,2777343,2777125,0
2777599,426371523121250,1682500,0.63027226,256,2777344,2777599,2777374,0
2777855,426371523968416,1645084,0.58755874,256,2777600,2777855,2777610,0
2778111,426371524863791,1599292,0.62146377,256,2777856,2778111,2777982,0
2778367,426371525751458,1543958,0.60246461,256,2778112,2778367,2778132,0
2778623,426371526647916,1458209,0.59872554,256,2778368,2778623,2778429,0
2778879,426371527500791,1430292,0.60944565,256,2778624,2778879,2778879,0
2779135,426371528391833,1347500,0.61940373,256,2778880,2779135,2779121,0
2779391,426371529239791,1321750,0.61862896,256,2779136,2779391,2779321,0
2779647,426371530128125,1233666,0.64121584,256,2779392,2779647,2779528,0
2779903,426371531072791,1113875,0.60850876,256,2779648,2779903,2779793,0
2780159,426371531960500,1031458,0.59243858,256,2779904,2780159,2780049,0
2780415,426371532881916,931709,0.63755647,256,2780160,2780415,2780220,0
2780671,426371533801875,852208,0.60332944,256,2780416,2780671,2780530,0
2780927,426371534670208,893542,0.6298314,256,2780672,2780927,2780816,0
2781183,426371535591958,848458,0.5681895,256,2780928,2781183,2781068,0
2781439,426371536488583,853292,0.58800449,256,2781184,2781439,2781254,0
2781695,426371537359041,849542,0.58821582,256,2781440,2781695,2781558,0
2781951,426371538220916,886292,0.61040398,256,2781696,2781951,2781805,0
2782207,426371539027416,3251084,0.6066355,256,2781952,2782207,2782016,0
2782463,426371542298625,1289666,0.57977163,256,2782208,2782463,2782353,0
2782719,426371542321625,2121000,0.65932005,256,2782464,2782719,2782599,0
2782975,426371542346333,2954417,0.59602317,256,2782720,2782975,2782964,0
2783231,426371542776083,3404333,0.60274246,256,2782976,2783231,2783133,0
2783487,426371543472375,3553666,0.59988771,256,2783232,2783487,2783364,0
2783743,426371544369375,3582250,0.6686183,256,2783488,2783743,2783692,0
2783999,426371545296083,3498667,0.58048925,256,2783744,2783999,2783772,0
2784255,426371546201375,3441583,0.61662286,256,2784000,2784255,2784199,0
2784511,426371547082625,3389541,0.64193169,256,2784256,2784511,2784347,0
2784767,426371547966416,3331709,0.58499298,256,2784512,2784767,2784588,0
2785023,426371548838375,3287166,0.58960647,256,2784768,2785023,2784954,0
2785279,426371549677291,3235417,0.6016676,256,2785024,2785279,2785064,0
2785535,426371550602041,3153250,0.61858467,256,2785280,2785535,2785336,0
2785791,426371551487875,3100541,0.59487259,256,2785536,2785791,2785695,0
2786047,426371552394750,3014541,0.58018432,256,2785792,2786047,2786035,0
2786303,426371553289333,2921125,0.58325845,256,2786048,2786303,2786087,0
2786559,426371554117500,2910375,0.59289488,256,2786304,2786559,2786448,0
2786815,426371555083000,2766416,0.62981849,256,2786560,2786815,2786568,0
2787071,426371555962500,2723500,0.65859587,256,2786816,2787071,2787048,0
2787327,426371556869166,2671834,0.60778999,256,2787072,2787327,2787141,0
2787583,426371557730916,2647667,0.60367651,256,2787328,2787583,2787363,0
2787839,426371558572250,2626208,0.58603592,256,2787584,2787839,2787736,0
2788095,426371559471250,2547916,0.58117719,256,2787840,2788095,2788034,0
2788351,426371560315583,2533583,0.6051523,256,2788096,2788351,2788138,0
2788607,426371561165041,2501625,0.60204624,256,2788352,2788607,2788401,0
2788863,426371562080833,2415708,0.60905626,256,2788608,2788863,2788837,0
2789119,426371562917708,2388500,0.64303692,256,2788864,2789119,2789078,0
2789375,426371563822500,2307083,0.60143652,256,2789120,2789375,2789228,0
2789631,426371564801375,2153791,0.61402743,256,2789376,2789631,2789611,0
2789887,426371565628250,2158791,0.59535371,256,2789632,2789887,2789827,0
2790143,426371566516666,2096625,0.61915101,256,2789888,2790143,2789963,0
2790399,426371567383708,2055792,0.61467062,256,2790144,2790399,2790317,0
2790655,426371568217958,2046333,0.59832341,256,2790400,2790655,2790499,0
2790911,426371569118666,1994292,0.60441898,256,2790656,2790911,2790906,0
2791167,426371570004666,1934250,0.60027493,256,2790912,2791167,2791111,0
2791423,426371570892375,1891750,0.66421782,256,2791168,2791423,2791410,0
2791679,426371571759041,1865167,0.61290356,256,2791424,2791679,2791574,0
2791935,426371572638333,1855417,0.64918656,256,2791680,2791935,2791800,0
2792191,426371573568458,1826792,0.59092323,256,2791936,2792191,2792037,0
2792447,426371574455583,1844667,0.59101226,256,2792192,2792447,2792425,0
2792703,426371575319250,1959583,0.65669599,256,2792448,2792703,2792546,0
2792959,426371576225541,1934750,0.59736265,256,2792704,2792959,2792835,0
2793215,426371577109250,1960250,0.62120374,256,2792960,2793215,2793029,0
2793471,426371578038291,1863375,0.60772612,256,2793216,2793471,2793425,0
2793727,426371578930875,2011541,0.60193256,256,2793472,2793727,2793481,0
2793983,426371579857791,1674250,0.62012724,256,2793728,2793983,2793966,0
2794239,426371580757250,1592250,0.59574194,256,2793984,2794239,2794049,0
2794495,426371581615458,1572583,0.62712254,256,2794240,2794495,2794281,0
2794751,426371582517458,1473667,0.59939127,256,2794496,2794751,2794578,0
2795007,426371583402416,1571000,0.62206653,256,2794752,2795007,2794923,0
2795263,426371584308791,1689750,0.62019624,256,2795008,2795263,2795197,0
2795519,426371585270166,1739167,0.62464416,256,2795264,2795519,2795509,0
2795775,426371586158583,1861500,0.62092215,256,2795520,2795775,2795542,0
2796031,426371586971833,4302250,0.59613018,256,2795776,2796031,2796021,0
2796287,426371587829458,3446500,0.63017868,256,2796032,2796287,2796085,0
2796543,426371589193291,3206959,0.61242889,256,2796288,2796543,2796400,0
2796799,426371591326083,1982250,0.59227937,256,2796544,2796799,2796660,0
2797055,426371591340458,2915958,0.59442219,256,2796800,2797055,2796912,0
2797311,426371591760250,3467125,0.63925784,256,2797056,2797311,2797231,0
2797567,426371592417916,3777334,0.61598194,256,2797312,2797567,2797317,0
2797823,426371593348375,3808166,0.61103145,256,2797568,2797823,2797792,0
2798079,426371594234791,3875625,0.61090879,256,2797824,2798079,2798079,0
2798335,426371595136458,3958375,0.59589135,256,2798080,2798335,2798153,0
2798591,426371596032666,4078459,0.61692627,256,2798336,2798591,2798449,0
2798847,426371596906916,4218292,0.59929395,256,2798592,2798847,2798638,0
2799103,426371597749583,4391625,0.64087453,256,2798848,2799103,2798872,0
2799359,426371598589125,4520416,0.5872921,256,2799104,2799359,2799189,0
2799615,426371599467916,4662750,0.63829549,256,2799360,2799615,2799582,0
2799871,426371600338541,4734792,0.62853484,256,2799616,2799871,2799785,0
2800127,426371601211125,4862333,0.60755528,256,2799872,2800127,2799992,0
2800383,426371602159625,4882958,0.60530327,256,2800128,2800383,2800165,0
2800639,426371602983541,5020417,0.62263458,256,2800384,2800639,2800529,0
2800895,426371603916625,5063208,0.60779822,256,2800640,2800895,2800800,0
2801151,426371604842041,5132042,0.60230919,256,2800896,2801151,2800956,0
2801407,426371605737458,5256292,0.63330478,256,2801152,2801407,2801378,0
2801663,426371606676666,5324042,0.63263105,256,2801408,2801663,2801595,0
2801919,426371607488875,5539958,0.64410942,256,2801664,2801919,2801775,0
2802175,426371608401333,5644250,0.59992807,256,2801920,2802175,2802083,0
2802431,426371609361750,5680083,0.6023155,256,2802176,2802431,2802198,0
2802687,426371610154958,5932375,0.6397648,256,2802432,2802687,2802632,0
2802943,426371611043625,6065416,0.63364895,256,2802688,2802943,2802719,0
2803199,426371611946875,6164083,0.60877202,256,2802944,2803199,2802968,0
2803455,426371612811958,6327500,0.62750057,256,2803200,2803455,2803340,0
2803711,426371613729125,6475708,0.63772835,256,2803456,2803711,2803564,0
2803967,426371614668500,6557041,0.60141272,256,2803712,2803967,2803780,0
2804223,426371615624000,6649375,0.64164905,256,2803968,2804223,2803983,0
2804479,426371616505916,6782625,0.64319282,256,2804224,2804479,2804236,0
2804735,426371617344333,6959958,0.62274917,256,2804480,2804735,2804562,0
2804991,426371618162000,7124916,0.63732299,256,2804736,2804991,2804909,0
2805247,426371619008791,7234209,0.574203,256,2804992,2805247,2805132,0
2805503,426371619868458,7357708,0.64122953,256,2805248,2805503,2805392,0
2805759,426371620791166,7405959,0.64987984,256,2805504,2805759,2805685,0
2806015,426371621699291,7491709,0.60605493,256,2805760,2806015,2805837,0
2806271,426371622564125,7650708,0.60210979,256,2806016,2806271,2806218,0
2806527,426371623506000,7726583,0.65296432,256,2806272,2806527,2806301,0
2806783,426371624386375,7857750,0.64018076,256,2806528,2806783,2806720,0
2807039,426371625308666,7954542,0.62623433,256,2806784,2807039,2806952,0
2807295,426371626220166,8033250,0.63829761,256,2807040,2807295,2807086,0
2807551,426371627114208,8117167,0.61976185,256,2807296,2807551,2807469,0
2807807,426371628023791,8176834,0.60970642,256,2807552,2807807,2807806,0
2808063,426371628944791,8261000,0.64076093,256,2807808,2808063,2807886,0
2808319,426371629848208,8322250,0.61442276,256,2808064,2808319,2808215,0
2808575,426371630773208,12605042,0.64467236,256,2808320,2808575,2808411,0
2808831,426371631609291,11772292,0.62364927,256,2808576,2808831,2808705,0
2809087,426371632511875,10870875,0.67610459,256,2808832,2809087,2809061,0
2809343,426371633396000,9987750,0.62245495,256,2809088,2809343,2809092,0
2809599,426371634259000,9125708,0.64185669,256,2809344,2809599,2809531,0
2809855,426371635101916,9282084,0.60819544,256,2809600,2809855,2809835,0
2810111,426371636008916,9396459,0.58116441,256,2809856,2810111,2810078,0
2810367,426371636950250,9510625,0.60853292,256,2810112,2810367,2810172,0
2810623,426371637832375,9674125,0.62492758,256,2810368,2810623,2810455,0
2810879,426371642231458,6330333,0.67894507,256,2810624,2810879,2810670,0
2811135,426371642242583,7357708,0.62888831,256,2810880,2811135,2811130,0
2811391,426371642253666,8337459,0.64961557,256,2811136,2811391,2811141,0
2811647,426371642264750,9310541,0.65605684,256,2811392,2811647,2811445,0
2811903,426371642275791,10304167,0.63862436,256,2811648,2811903,2811769,0
2812159,426371643477125,10123333,0.64265163,256,2811904,2812159,2812100,0
2812415,426371643939166,10680709,0.64809905,256,2812160,2812415,2812177,0
2812671,426371644821000,10786791,0.61548058,256,2812416,2812671,2812614,0
2812927,426371645658208,10930833,0.59944774,256,2812672,2812927,2812746,0
2813183,426371646530625,11056375,0.64472019,256,2812928,2813183,2813083,0
2813439,426371647447083,11136292,0.59469784,256,2813184,2813439,2813212,0
2813695,426371648342375,11270500,0.6762325,256,2813440,2813695,2813542,0
2813951,426371649216333,11460292,0.59521602,256,2813696,2813951,2813768,0
2814207,426371650110250,11591625,0.65093792,256,2813952,2814207,2814183,0
2814463,426371650962458,11751000,0.58754861,256,2814208,2814463,2814257,0
2814719,426371651805083,11930458,0.61951663,256,2814464,2814719,2814506,0
2814975,426371652684041,12034334,0.59019091,256,2814720,2814975,2814762,0
2815231,426371653572541,12110584,0.62346011,256,2814976,2815231,2815153,0
2815487,426371654501041,12159584,0.62318861,256,2815232,2815487,2815354,0
2815743,426371655298125,12382166,0.60674639,256,2815488,2815743,2815743,0
2815999,426371656170083,12481208,0.57661574,256,2815744,2815999,2815755,0
2816255,426371657030875,12596291,0.61005339,256,2816000,2816255,2816139,0
2816511,426371657955041,12641917,0.62176583,256,2816256,2816511,2816319,0
2816767,426371658843791,12778584,0.67761214,256,2816512,2816767,2816606,0
2817023,426371659733041,12831584,0.63351258,256,2816768,2817023,2816970,0
2817279,426371660663583,12873125,0.5999705,256,2817024,2817279,2817040,0
2817535,426371661570833,12967292,0.6318691,256,2817280,2817535,2817349,0
2817791,426371662491208,13022333,0.60372303,256,2817536,2817791,2817572,0
2818047,426371663339791,13127750,0.58486997,256,2817792,2818047,2817928,0
2818303,426371664197541,13217584,0.59024759,256,2818048,2818303,2818099,0
2818559,426371665087833,13315292,0.62271564,256,2818304,2818559,2818538,0
2818815,426371665941875,13435916,0.68728591,256,2818560,2818815,2818577,0
2819071,426371666857625,13528333,0.61264445,256,2818816,2819071,2818860,0
2819327,426371667703500,13718208,0.61710258,256,2819072,2819327,2819209,0
2819583,426371668634791,13784834,0.60008443,256,2819328,2819583,2819360,0
2819839,426371669485916,17968959,0.6453923,256,2819584,2819839,2819761,0
2820095,426371670436791,17024125,0.63490297,256,2819840,2820095,2819931,0
2820351,426371671323083,17024958,0.6416423,256,2820096,2820351,2820262,0
2820607,426371672221750,16128208,0.60697028,256,2820352,2820607,2820435,0
2820863,426371673062000,15289166,0.63129476,256,2820608,2820863,2820723,0
2821119,426371673913916,15064084,0.64913662,256,2820864,2821119,2821021,0
2821375,426371674810916,14581834,0.6158969,256,2821120,2821375,2821374,0
2821631,426371675697625,14644125,0.64973736,256,2821376,2821631,2821379,0
2821887,426371676519166,14726417,0.61284035,256,2821632,2821887,2821740,0
2822143,426371677374875,14824166,0.64470687,256,2821888,2822143,2822057,0
2822399,426371678281416,14844667,0.59847605,256,2822144,2822399,2822228,0
2822655,426371679128791,14985125,0.68487594,256,2822400,2822655,2822573,0
2822911,426371679992083,15078125,0.60635518,256,2822656,2822911,2822827,0
2823167,426371680897333,15188333,0.63492915,256,2822912,2823167,2823095,0
2823423,426371681805416,15237834,0.61175058,256,2823168,2823423,2823423,0
2823679,426371682700458,15321708,0.64038003,256,2823424,2823679,2823424,0
2823935,426371686288708,12683042,0.59896902,256,2823680,2823935,2823733,0
2824191,426371686299250,13614708,0.61138184,256,2823936,2824191,2823938,0
2824447,426371686309750,14569375,0.59470801,256,2824192,2824447,2824345,0
2824703,426371686646000,15694166,0.62856775,256,2824448,2824703,2824618,0
2824959,426371687093083,16938000,0.61344227,256,2824704,2824959,2824746,0
2825215,426371688340125,17309458,0.6257972,256,2824960,2825215,2825107,0
2825471,426371688923250,17923208,0.64044553,256,2825216,2825471,2825223,0
2825727,426371689777708,18114708,0.62097953,256,2825472,2825727,2825488,0
2825983,426371690681916,18216292,0.60027526,256,2825728,2825983,2825892,0
2826239,426371691602666,18430167,0.60962017,256,2825984,2826239,2826008,0
2826495,426371692472208,18574708,0.61720247,256,2826240,2826495,2826347,0
2826751,426371693387916,18626542,0.64102501,256,2826496,2826751,2826538,0
2827007,426371694285375,18692833,0.58298577,256,2826752,2827007,2826939,0
2827263,426371695214875,18733083,0.6443855,256,2827008,2827263,2827259,0
2827519,426371696087708,18830792,0.63127731,256,2827264,2827519,2827391,0
2827775,426371696962500,18932166,0.65614144,256,2827520,2827775,2827559,0
2828031,426371697826250,19041500,0.61236989,256,2827776,2828031,2827933,0
2828287,426371698746500,19082666,0.6332931,256,2828032,2828287,2828081,0
2828543,426371699659125,23395041,0.60331849,256,2828288,2828543,2828493,0
2828799,426371700538416,22517542,0.61998326,256,2828544,2828799,2828701,0
2829055,426371701438083,21619042,0.65400459,256,2828800,2829055,2829035,0
2829311,426371702261916,21002584,0.64175703,256,2829056,2829311,2829059,0
2829567,426371703146666,21109375,0.59429185,256,2829312,2829567,2829521,0
2829823,426371704018333,21207958,0.6458288,256,2829568,2829823,2829599,0
2830079,426371704945208,21256458,0.597402,256,2829824,2830079,2830061,0
2830335,426371705825416,21307125,0.61188899,256,2830080,2830335,2830235,0
2830591,426371706647166,21438042,0.66563199,256,2830336,2830591,2830416,0
2830847,426371707562083,21458333,0.61237411,256,2830592,2830847,2830771,0
2831103,426371708428000,21515458,0.61303204,256,2830848,2831103,2830869,0
2831359,426371709343833,21549167,0.60281846,256,2831104,2831359,2831136,0
2831615,426371710161416,21648292,0.58536498,256,2831360,2831615,2831373,0
2831871,426371711068875,21664583,0.59648675,256,2831616,2831871,2831707,0
2832127,426371711985833,21702917,0.65585927,256,2831872,2832127,2832050,0
2832383,426371712818416,21827042,0.63461657,256,2832128,2832383,2832128,0
2832639,426371713736958,21829333,0.63750405,256,2832384,2832639,2832395,0
2832895,426371714584916,21948209,0.65071636,256,2832640,2832895,2832698,0
2833151,426371715469208,21978750,0.59208117,256,2832896,2833151,2832907,0
2833407,426371716329791,22062000,0.62639294,256,2833152,2833407,2833314,0
2833663,426371717227375,22099875,0.61854913,256,2833408,2833663,2833631,0
2833919,426371718044333,22171000,0.59637254,256,2833664,2833919,2833899,0
2834175,426371721070291,20051834,0.6080745,256,2833920,2834175,2833995,0
2834431,426371721080916,20978125,0.63534921,256,2834176,2834431,2834202,0
2834687,426371721091583,21882250,0.59496119,256,2834432,2834687,2834459,0
2834943,426371721489333,22387667,0.62598071,256,2834688,2834943,2834911,0
2835199,426371722323750,22474041,0.60876253,256,2834944,2835199,2835063,0
2835455,426371723271250,22432500,0.62042115,256,2835200,2835455,2835310,0
2835711,426371724168000,22458833,0.60044824,256,2835456,2835711,2835687,0
2835967,426371725014958,22557083,0.60120333,256,2835712,2835967,2835916,0
2836223,426371725911583,22651292,0.62258164,256,2835968,2836223,2836031,0
2836479,426371726786958,22702167,0.59365453,256,2836224,2836479,2836474,0
2836735,426371727694041,22775834,0.63793373,256,2836480,2836735,2836484,0
2836991,426371728557750,22818625,0.65676825,256,2836736,2836991,2836807,0
2837247,426371729434791,22886542,0.65068601,256,2836992,2837247,2837136,0
2837503,426371730341083,22922500,0.65469798,256,2837248,2837503,2837363,0
2837759,426371731222583,22972917,0.63176897,256,2837504,2837759,2837523,0
2838015,426371732130625,22992541,0.61766377,256,2837760,2838015,2837852,0
2838271,426371733048583,22987750,0.59642016,256,2838016,2838271,2838174,0
2838527,426371733953750,23004875,0.59249444,256,2838272,2838527,2838446,0
2838783,426371734880833,22987625,0.66309834,256,2838528,2838783,2838535,0
2839039,426371735782000,23032916,0.61057383,256,2838784,2839039,2838830,0
2839295,426371736654250,23101625,0.60759245,256,2839040,2839295,2839191,0
2839551,426371737549875,23169833,0.65781552,256,2839296,2839551,2839424,0
2839807,426371738473250,23209125,0.63992472,256,2839552,2839807,2839588,0
2840063,426371739369500,23280583,0.59752637,256,2839808,2840063,2839856,0
2840319,426371740208791,23417042,0.60113956,256,2840064,2840319,2840093,0
2840575,426371741069916,23499875,0.62129579,256,2840320,2840575,2840357,0
2840831,426371741969833,23522208,0.62064396,256,2840576,2840831,2840657,0
2841087,426371742810416,23544000,0.60302827,256,2840832,2841087,2840880,0
2841343,426371743682375,23608666,0.60785975,256,2841088,2841343,2841179,0
2841599,426371744541541,23627500,0.61596974,256,2841344,2841599,2841397,0
2841855,426371745472833,23577083,0.56519687,256,2841600,2841855,2841775,0
2842111,426371746292583,23704750,0.62374666,256,2841856,2842111,2841951,0
2842367,426371747218375,23635500,0.6010083,256,2842112,2842367,2842117,0
2842623,426371748084000,23624333,0.58232311,256,2842368,2842623,2842585,0
2842879,426371748962333,23610167,0.6099363,256,2842624,2842879,2842804,0
2843135,426371749794625,23638041,0.60861314,256,2842880,2843135,2842938,0
2843391,426371750703000,23630125,0.61528807,256,2843136,2843391,2843281,0
2843647,426371751621458,23632167,0.60228561,256,2843392,2843647,2843523,0
2843903,426371752494416,23660500,0.65134198,256,2843648,2843903,2843862,0
2844159,426371753351666,23681125,0.62799196,256,2843904,2844159,2844136,0
2844415,426371754226041,23692667,0.58681251,256,2844160,2844415,2844411,0
2844671,426371755114916,27432250,0.64382915,256,2844416,2844671,2844454,0
2844927,426371756038583,26510500,0.60329803,256,2844672,2844927,2844799,0
2845183,426371756890333,25659792,0.62816033,256,2844928,2845183,2845159,0
2845439,426371757748416,24802667,0.57488227,256,2845184,2845439,2845390,0
2845695,426371758644458,23907625,0.64913908,256,2845440,2845695,2845529,0
2845951,426371759578458,23671167,0.59932455,256,2845696,2845951,2845820,0
2846207,426371760501375,23639875,0.60932984,256,2845952,2846207,2846129,0
2846463,426371761317583,23742458,0.65642894,256,2846208,2846463,2846328,0
2846719,426371762182958,23781583,0.61479246,256,2846464,2846719,2846554,0
2846975,426371763057458,23786833,0.58687898,256,2846720,2846975,2846724,0
2847231,426371763913333,23826792,0.60889053,256,2846976,2847231,2847192,0
2847487,426371764797541,23811834,0.60937281,256,2847232,2847487,2847410,0
2847743,426371765683291,23865125,0.6789547,256,2847488,2847743,2847564,0
2847999,426371766507958,23967292,0.63423499,256,2847744,2847999,2847770,0
2848255,426371767330250,24077291,0.60328595,256,2848000,2848255,2848068,0
2848511,426371768206208,24114292,0.57515766,256,2848256,2848511,2848396,0
2848767,426371769111625,24154916,0.64256733,256,2848512,2848767,2848558,0
2849023,426371770044208,24192083,0.6161321,256,2848768,2849023,2848819,0
2849279,426371770910291,24229000,0.60359799,256,2849024,2849279,2849210,0
2849535,426371771769250,24253166,0.56479901,256,2849280,2849535,2849293,0
2849791,426371772652750,24233833,0.59659302,256,2849536,2849791,2849648,0
2850047,426371773579916,24217167,0.5994441,256,2849792,2850047,2849925,0
2850303,426371774488166,24201167,0.61688379,256,2850048,2850303,2850288,0
2850559,426371775289916,24312959,0.62930165,256,2850304,2850559,2850343,0
2850815,426371776162791,24375459,0.58270619,256,2850560,2850815,2850654,0
2851071,426371777005000,24485500,0.62488011,256,2850816,2851071,2850957,0
2851327,426371777910166,24516250,0.59512176,256,2851072,2851327,2851101,0
2851583,426371782554791,20819417,0.62010245,256,2851328,2851583,2851578,0
2851839,426371782575666,21723959,0.61426755,256,2851584,2851839,2851636,0
2852095,426371782597041,22642334,0.59584126,256,2851840,2852095,2852094,0
2852351,426371782618458,23535000,0.60658991,256,2852096,2852351,2852213,0
2852607,426371782640083,24454000,0.61519844,256,2852352,2852607,2852489,0
2852863,426371783246583,24776500,0.59425728,256,2852608,2852863,2852738,0
2853119,426371784132125,24842500,0.61129457,256,2852864,2853119,2853016,0
2853375,426371785024708,24869250,0.60562089,256,2853120,2853375,2853295,0
2853631,426371785905958,24959792,0.60377393,256,2853376,2853631,2853520,0
2853887,426371786781666,25005334,0.62713047,256,2853632,2853887,2853836,0
2854143,426371787689500,29299916,0.6093607,256,2853888,2854143,2853945,0
2854399,426371788575666,28415584,0.65692913,256,2854144,2854399,2854263,0
2854655,426371789395666,27596750,0.61805452,256,2854400,2854655,2854465,0
2854911,426371790326750,26666750,0.62261602,256,2854656,2854911,2854803,0
2855167,426371791222291,25772209,0.58066394,256,2854912,2855167,2855121,0
2855423,426371792114000,25589041,0.61549548,256,2855168,2855423,2855236,0
2855679,426371792999625,26261541,0.59535012,256,2855424,2855679,2855536,0
2855935,426371793906333,26294333,0.60383213,256,2855680,2855935,2855690,0
2856191,426371794803666,26318250,0.58227665,256,2855936,2856191,2856062,0
2856447,426371795668125,26402625,0.59378722,256,2856192,2856447,2856332,0
2856703,426371796554416,26471584,0.61128015,256,2856448,2856703,2856591,0
2856959,426371797435916,26552584,0.62494963,256,2856704,2856959,2856835,0
2857215,426371798299541,26623542,0.59723363,256,2856960,2857215,2857044,0
2857471,426371799169583,26713833,0.58792185,256,2857216,2857471,2857302,0
2857727,426371800045000,26807166,0.61263605,256,2857472,2857727,2857590,0
2857983,426371800929750,26890083,0.61526841,256,2857728,2857983,2857875,0
2858239,426371801807250,26946916,0.55352931,256,2857984,2858239,2858071,0
2858495,426371802686583,27061292,0.61289621,256,2858240,2858495,2858324,0
2858751,426371803559458,27150708,0.69292101,256,2858496,2858751,2858558,0
2859007,426371804516000,27122333,0.59034389,256,2858752,2859007,2858883,0
2859263,426371805330333,27232042,0.62245042,256,2859008,2859263,2859046,0
2859519,426371806243083,27245333,0.59891146,256,2859264,2859519,2859472,0
2859775,426371807161000,27505958,0.59348389,256,2859520,2859775,2859762,0
2860031,426371808114416,27527792,0.59958757,256,2859776,2860031,2859897,0
2860287,426371809020291,27551084,0.58000046,256,2860032,2860287,2860050,0
2860543,426371809888791,27626834,0.60133077,256,2860288,2860543,2860289,0
2860799,426371810774875,27744750,0.63295032,256,2860544,2860799,2860666,0
2861055,426371811683500,27808291,0.60153947,256,2860800,2861055,2861002,0
2861311,426371812572875,27845041,0.58873099,256,2861056,2861311,2861211,0
2861567,426371816873875,24456125,0.64671385,256,2861312,2861567,2861544,0
2861823,426371816884541,25382334,0.6293775,256,2861568,2861823,2861653,0
2862079,426371816895125,26333291,0.63386269,256,2861824,2862079,2861875,0
2862335,426371816905750,27255125,0.63753856,256,2862080,2862335,2862260,0
2862591,426371817053666,28052667,0.60317511,256,2862336,2862591,2862566,0
2862847,426371817932000,28162083,0.63687953,256,2862592,2862847,2862655,0
2863103,426371818797833,28259292,0.64143286,256,2862848,2863103,2862978,0
2863359,426371819685000,28319333,0.57790313,256,2863104,2863359,2863300,0
2863615,426371820601250,28349125,0.61257362,256,2863360,2863615,2863429,0
2863871,426371821521916,28372334,0.60967855,256,2863616,2863871,2863686,0
2864127,426371822343875,28524208,0.64639082,256,2863872,2864127,2864021,0
2864383,426371823243250,28579333,0.61697158,256,2864128,2864383,2864155,0
2864639,426371824055166,28719000,0.62883106,256,2864384,2864639,2864431,0
2864895,426371824950833,28765833,0.56710189,256,2864640,2864895,2864642,0
2865151,426371825841625,28824958,0.60762078,256,2864896,2865151,2865012,0
2865407,426371826701291,28867459,0.61130886,256,2865152,2865407,2865189,0
2865663,426371827609333,28866167,0.57097002,256,2865408,2865663,2865478,0
2865919,426371828524291,28851625,0.58355571,256,2865664,2865919,2865754,0
2866175,426371829377250,28926041,0.61997599,256,2865920,2866175,2866045,0
2866431,426371830241833,28956917,0.60002854,256,2866176,2866431,2866212,0
2866687,426371831145458,29000125,0.63354144,256,2866432,2866687,2866553,0
2866943,426371832068625,29031916,0.61653147,256,2866688,2866943,2866699,0
2867199,426371832897541,29140209,0.5885259,256,2866944,2867199,2867159,0
2867455,426371833773333,29219792,0.60738056,256,2867200,2867455,2867316,0
2867711,426371834667083,29265042,0.61848223,256,2867456,2867711,2867567,0
2867967,426371835504833,29366458,0.5728344,256,2867712,2867967,2867799,0
2868223,426371836375166,29453917,0.61213227,256,2867968,2868223,2868026,0
2868479,426371837309875,29469000,0.59319544,256,2868224,2868479,2868469,0
2868735,426371838230541,29484167,0.57637225,256,2868480,2868735,2868566,0
2868991,426371839124833,29554500,0.59242797,256,2868736,2868991,2868764,0
2869247,426371839945541,29695209,0.6337925,256,2868992,2869247,2869185,0
2869503,426371840817666,29764000,0.62627704,256,2869248,2869503,2869375,0
2869759,426371841724958,29752083,0.57674917,256,2869504,2869759,2869699,0
2870015,426371842682583,29691542,0.59063498,256,2869760,2870015,2869883,0
2870271,426371843482458,29815875,0.61252297,256,2870016,2870271,2870042,0
2870527,426371844332541,29887000,0.63678324,256,2870272,2870527,2870318,0
2870783,426371845192750,34047458,0.60904724,256,2870528,2870783,2870774,0
2871039,426371846115791,33125834,0.60540203,256,2870784,2871039,2870956,0
2871295,426371846993541,32249125,0.60613878,256,2871040,2871295,2871059,0
2871551,426371847863541,31380292,0.61424834,256,2871296,2871551,2871517,0
2871807,426371848770750,30474041,0.59625723,256,2871552,2871807,2871789,0
2872063,426371849680125,30252791,0.60373505,256,2871808,2872063,2872002,0
2872319,426371850600041,30263292,0.61460563,256,2872064,2872319,2872272,0
2872575,426371851416333,30383583,0.66362755,256,2872320,2872575,2872543,0
2872831,426371852332166,30381375,0.59350308,256,2872576,2872831,2872806,0
2873087,426371853208666,30454500,0.62217051,256,2872832,2873087,2872917,0
2873343,426371854076583,30518583,0.61708042,256,2873088,2873343,2873174,0
2873599,426371854970125,30448875,0.64805175,256,2873344,2873599,2873382,0
2873855,426371855904333,30346708,0.62971467,256,2873600,2873855,2873773,0
2874111,426371856810250,30281500,0.6198063,256,2873856,2874111,2873982,0
2874367,426371857711208,30175917,0.58066036,256,2874112,2874367,2874261,0
2874623,426371858634625,30103750,0.62529003,256,2874368,2874623,2874439,0
2874879,426371859482041,30075042,0.62864922,256,2874624,2874879,2874749,0
2875135,426371860364583,30028708,0.62037311,256,2874880,2875135,2875030,0
2875391,426371861182083,30013875,0.5705806,256,2875136,2875391,2875385,0
2875647,426371862089541,29960792,0.63898438,256,2875392,2875647,2875524,0
2875903,426371862972166,29909167,0.60579449,256,2875648,2875903,2875865,0
2876159,426371863825333,29865167,0.59432828,256,2875904,2876159,2876156,0
2876415,426371864707250,29806000,0.56983826,256,2876160,2876415,2876319,0
2876671,426371865564333,29765792,0.57141594,256,2876416,2876671,2876495,0
2876927,426371866423208,29719250,0.5911342,256,2876672,2876927,2876923,0
2877183,426371867323708,29681708,0.63939749,256,2876928,2877183,2877044,0
2877439,426371868246791,29581584,0.63027226,256,2877184,2877439,2877374,0
2877695,426371869141083,29508958,0.58755874,256,2877440,2877695,2877610,0
2877951,426371870027625,29434333,0.56916369,256,2877696,2877951,2877873,0
2878207,426371870896250,29411083,0.62146377,256,2877952,2878207,2877982,0
2878463,426371871779375,29339958,0.59872554,256,2878208,2878463,2878429,0
2878719,426371872688583,29240583,0.59822397,256,2878464,2878719,2878555,0
2878975,426371873534708,29205750,0.60944565,256,2878720,2878975,2878879,0
2879231,426371874395208,29191917,0.61940373,256,2878976,2879231,2879121,0
2879487,426371876854041,27577542,0.61862896,256,2879232,2879487,2879321,0
2879743,426371876864708,28391500,0.64121584,256,2879488,2879743,2879528,0
2879999,426371877531125,28562708,0.60850876,256,2879744,2879999,2879793,0
2880255,426371878047833,28879583,0.63755647,256,2880000,2880255,2880220,0
2880511,426371879206000,28553375,0.62428661,256,2880256,2880511,2880344,0
2880767,426371879857291,28723250,0.60332944,256,2880512,2880767,2880530,0
2881023,426371880702333,31886500,0.6298314,256,2880768,2881023,2880816,0
2881279,426371881641916,30948334,0.58800449,256,2881024,2881279,2881254,0
2881535,426371882529291,30061959,0.5797155,256,2881280,2881535,2881501,0
2881791,426371883399333,29193000,0.59206189,256,2881536,2881791,2881739,0
2882047,426371884211583,28639083,0.61040398,256,2881792,2882047,2881805,0
2882303,426371885064583,28471708,0.57035621,256,2882048,2882303,2882232,0
2882559,426371885990791,28346750,0.6426336,256,2882304,2882559,2882541,0
2882815,426371886886291,28286875,0.65932005,256,2882560,2882815,2882599,0
2883071,426371887763666,28246500,0.59602317,256,2882816,2883071,2882964,0
2883327,426371888655625,28159125,0.60274246,256,2883072,2883327,2883133,0
2883583,426371889525750,28107250,0.61212021,256,2883328,2883583,2883568,0
2883839,426371890423750,28074666,0.6686183,256,2883584,2883839,2883692,0
2884095,426371891332750,27942666,0.60951265,256,2883840,2884095,2884032,0
2884351,426371892238291,27887000,0.64193169,256,2884096,2884351,2884347,0
2884607,426371893256541,27680000,0.58499298,256,2884352,2884607,2884588,0
2884863,426371894099375,27651958,0.58175114,256,2884608,2884863,2884783,0
2885119,426371894876250,27663625,0.6016676,256,2884864,2885119,2885064,0
2885375,426371895714625,27656625,0.61858467,256,2885120,2885375,2885336,0
2885631,426371896634166,27555709,0.58407239,256,2885376,2885631,2885503,0
2885887,426371897536500,27487833,0.59487259,256,2885632,2885887,2885695,0
