seq,detect_timestamp_ns,latency_ns,max_score,window_size_used,first_seq,last_seq,flagged_seq,occupancy_at_decision
255,426331032108375,911791,0.60530327,256,0,255,165,0
511,426331033020166,869292,0.60754791,256,256,511,431,0
767,426331033900708,1397417,0.62263458,256,512,767,529,0
1023,426331034839583,1600167,0.60779822,256,768,1023,800,0
1279,426331035750416,1522250,0.59317879,256,1024,1279,1154,0
1535,426331036685750,1436583,0.63330478,256,1280,1535,1378,0
1791,426331037547750,1429208,0.64410942,256,1536,1791,1775,0
2047,426331038405041,1431042,0.59444516,256,1792,2047,1939,0
2303,426331039320250,1363250,0.6023155,256,2048,2303,2198,0
2559,426331040180000,1341500,0.59879767,256,2304,2559,2557,0
2815,426331041025791,1380667,0.6397648,256,2560,2815,2632,0
3071,426331041958750,1302166,0.60877202,256,2816,3071,2968,0
3327,426331042856541,1545292,0.61318985,256,3072,3327,3213,0
3583,426331043737625,1239916,0.63772835,256,3328,3583,3564,0
3839,426331044645250,1222125,0.61225154,256,3584,3839,3693,0
4095,426331045634833,1082333,0.64164905,256,3840,4095,3983,0
4351,426331046537416,1047667,0.64319282,256,4096,4351,4236,0
4607,426331047380208,1044417,0.62274917,256,4352,4607,4562,0
4863,426331048240916,1074875,0.63325526,256,4608,4863,4770,0
5119,426331049039750,1110416,0.63732299,256,4864,5119,4909,0
5375,426331049913458,1426125,0.59443301,256,5120,5375,5257,0
5631,426331050805125,1393375,0.64122953,256,5376,5631,5392,0
5887,426331051706708,1373500,0.64987984,256,5632,5887,5685,0
6143,426331052606791,1333959,0.59472973,256,5888,6143,5983,0
6399,426331053491875,1326500,0.65296432,256,6144,6399,6301,0
6655,426331054415000,1254958,0.61340293,256,6400,6655,6526,0
6911,426331055297125,1217958,0.64018076,256,6656,6911,6720,0
7167,426331056270041,1104917,0.63829761,256,6912,7167,7086,0
7423,426331057114750,1088083,0.59043634,256,7168,7423,7340,0
7679,426331058015166,1055250,0.61976185,256,7424,7679,7469,0
7935,426331058944750,1016583,0.64076093,256,7680,7935,7886,0
8191,426331059819416,1002750,0.60188761,256,7936,8191,8135,0
8447,426331060720250,977125,0.64467236,256,8192,8447,8411,0
8703,426331061673125,894166,0.61130411,256,8448,8703,8568,0
8959,426331062545208,919958,0.62364927,256,8704,8959,8705,0
9215,426331063461041,888750,0.67610459,256,8960,9215,9061,0
9471,426331064297791,889334,0.61156548,256,9216,9471,9322,0
9727,426331065165000,896375,0.64185669,256,9472,9727,9531,0
9983,426331066032333,865125,0.60819544,256,9728,9983,9835,0
10239,426331066910666,884750,0.60853292,256,9984,10239,10172,0
10495,426331067853666,884417,0.62492758,256,10240,10495,10455,0
10751,426331068681541,954625,0.67894507,256,10496,10751,10670,0
11007,426331069560791,944459,0.60293968,256,10752,11007,10874,0
11263,426331070440000,4264333,0.64961557,256,11008,11263,11141,0
11519,426331071410625,3310583,0.65605684,256,11264,11519,11445,0
11775,426331072247208,3590708,0.63862436,256,11520,11775,11769,0
12031,426331073103958,3588417,0.61520012,256,11776,12031,11924,0
12287,426331073940125,3666916,0.64809905,256,12032,12287,12177,0
12543,426331074862166,3586917,0.61243982,256,12288,12543,12291,0
12799,426331075701041,3594792,0.61548058,256,12544,12799,12614,0
13055,426331076567750,3571625,0.59380359,256,12800,13055,13048,0
13311,426331077455333,3544542,0.64472019,256,13056,13311,13083,0
13567,426331078381875,3479416,0.6762325,256,13312,13567,13542,0
13823,426331079257083,3440500,0.62823744,256,13568,13823,13626,0
14079,426331080131791,3401000,0.63039284,256,13824,14079,13973,0
14335,426331081021291,3360250,0.65093792,256,14080,14335,14183,0
14591,426331081833416,3381292,0.61951663,256,14336,14591,14506,0
14847,426331082734375,3320041,0.60176922,256,14592,14847,14706,0
15103,426331083586666,3282209,0.62239543,256,14848,15103,15087,0
15359,426331084514041,3195500,0.62346011,256,15104,15359,15153,0
15615,426331085354000,3219791,0.60631253,256,15360,15615,15412,0
15871,426331086166625,3273958,0.60674639,256,15616,15871,15743,0
16127,426331087052750,6154666,0.59356166,256,15872,16127,16042,0
16383,426331087942541,5266625,0.62176583,256,16128,16383,16319,0
16639,426331088868625,4429833,0.67761214,256,16384,16639,16606,0
16895,426331089743041,3557042,0.59797442,256,16640,16895,16650,0
17151,426331091565958,2082167,0.63351258,256,16896,17151,16970,0
17407,426331091575083,2921833,0.6318691,256,17152,17407,17349,0
17663,426331093297833,2036000,0.60372303,256,17408,17663,17572,0
17919,426331093374833,2777333,0.5882785,256,17664,17919,17751,0
18175,426331094192666,2795417,0.59024759,256,17920,18175,18099,0
18431,426331095103833,2713792,0.6188372,256,18176,18431,18420,0
18687,426331095967125,2688958,0.68728591,256,18432,18687,18577,0
18943,426331096869291,2610167,0.61264445,256,18688,18943,18860,0
19199,426331097728083,2592708,0.60049282,256,18944,19199,19088,0
19455,426331098617958,2524125,0.61710258,256,19200,19455,19209,0
19711,426331099527041,2451417,0.6286582,256,19456,19711,19592,0
19967,426331100413250,2424000,0.6453923,256,19712,19967,19761,0
20223,426331101348125,2346083,0.58354475,256,19968,20223,20090,0
20479,426331102214708,2328167,0.6416423,256,20224,20479,20262,0
20735,426331103096625,2309916,0.63129476,256,20480,20735,20723,0
20991,426331103944833,2288333,0.62201745,256,20736,20991,20885,0
21247,426331104852500,2174458,0.64913662,256,20992,21247,21021,0
21503,426331105678041,2217334,0.64973736,256,21248,21503,21379,0
21759,426331106581500,2153166,0.61284035,256,21504,21759,21740,0
22015,426331107416916,2142792,0.59641035,256,21760,22015,22001,0
22271,426331108303041,2093584,0.64470687,256,22016,22271,22057,0
22527,426331109133000,2111791,0.63934525,256,22272,22527,22519,0
22783,426331110037375,2066541,0.68487594,256,22528,22783,22573,0
23039,426331110876250,2074625,0.60635518,256,22784,23039,22827,0
23295,426331111824208,2505458,0.63492915,256,23040,23295,23095,0
23551,426331112733500,2387750,0.64038003,256,23296,23551,23424,0
23807,426331113598500,2345000,0.60458498,256,23552,23807,23626,0
24063,426331114536791,3134584,0.61138184,256,23808,24063,23938,0
24319,426331115371333,2763625,0.57218914,256,24064,24319,24261,0
24575,426331116244125,2716916,0.62098797,256,24320,24575,24466,0
24831,426331117110625,3681458,0.62856775,256,24576,24831,24618,0
25087,426331119008333,1786000,0.59053032,256,24832,25087,24870,0
25343,426331119017541,2488625,0.64044553,256,25088,25343,25223,0
25599,426331120900333,5680583,0.62097953,256,25344,25599,25488,0
25855,426331120917333,5755125,0.61062979,256,25600,25855,25660,0
26111,426331126482625,1456083,0.60962017,256,25856,26111,26008,0
26367,426331126497666,2069334,0.61720247,256,26112,26367,26347,0
26623,426331126513541,2907250,0.64102501,256,26368,26623,26538,0
26879,426331126528125,3752000,0.6052075,256,26624,26879,26627,0
27135,426331126542583,4584792,0.59691529,256,26880,27135,27134,0
27391,426331126557291,5433792,0.6443855,256,27136,27391,27259,0
27647,426331127991791,4864625,0.65614144,256,27392,27647,27559,0
27903,426331128006250,5686166,0.57842803,256,27648,27903,27773,0
28159,426331128753083,5817250,0.6332931,256,27904,28159,28081,0
28415,426331129682500,5729375,0.58710934,256,28160,28415,28196,0
28671,426331130535666,5732292,0.60331849,256,28416,28671,28493,0
28927,426331131445541,5659834,0.61998326,256,28672,28927,28701,0
29183,426331132331041,5644167,0.65400459,256,28928,29183,29035,0
29439,426331133129083,5685208,0.5891788,256,29184,29439,29268,0
29695,426331134040125,5653041,0.6458288,256,29440,29695,29599,0
29951,426331134927041,5614000,0.59749237,256,29696,29951,29752,0
30207,426331135838083,5547042,0.597402,256,29952,30207,30061,0
30463,426331136681000,5569083,0.66563199,256,30208,30463,30416,0
30719,426331137561500,5524125,0.61983034,256,30464,30719,30526,0
30975,426331138455708,5463250,0.61303204,256,30720,30975,30869,0
31231,426331139348000,5407666,0.60281846,256,30976,31231,31136,0
31487,426331140202333,5399958,0.59442221,256,31232,31487,31299,0
31743,426331141074250,5350416,0.59648675,256,31488,31743,31707,0
31999,426331141970500,5261250,0.59384777,256,31744,31999,31879,0
32255,426331142849250,5272458,0.65585927,256,32000,32255,32050,0
32511,426331143748166,5227334,0.63750405,256,32256,32511,32395,0
32767,426331144672041,5160750,0.65071636,256,32512,32767,32698,0
33023,426331145485583,5166833,0.59603534,256,32768,33023,32882,0
33279,426331146356375,5137250,0.61297029,256,33024,33279,33178,0
33535,426331147224083,5114083,0.62639294,256,33280,33535,33314,0
33791,426331148082208,5081458,0.61854913,256,33536,33791,33631,0
34047,426331148921833,5084708,0.6080745,256,33792,34047,33995,0
34303,426331149766416,5099500,0.63534921,256,34048,34303,34202,0
34559,426331150618666,5116500,0.61000586,256,34304,34559,34365,0
34815,426331151481750,5082958,0.59199943,256,34560,34815,34650,0
35071,426331152358916,5043542,0.62598071,256,34816,35071,34911,0
35327,426331153271458,4972875,0.62042115,256,35072,35327,35310,0
35583,426331154164291,4891042,0.6007891,256,35328,35583,35384,0
35839,426331155081791,4790000,0.60044824,256,35584,35839,35687,0
36095,426331155924250,4839125,0.62258164,256,35840,36095,36031,0
36351,426331156826375,4790333,0.61672773,256,36096,36351,36177,0
36607,426331157703625,4741041,0.63793373,256,36352,36607,36484,0
36863,426331158595500,4727208,0.65676825,256,36608,36863,36807,0
37119,426331159445833,4684167,0.59189767,256,36864,37119,37104,0
37375,426331160365958,4639792,0.65469798,256,37120,37375,37363,0
37631,426331161243666,4589042,0.63176897,256,37376,37631,37523,0
37887,426331162102583,4578375,0.61766377,256,37632,37887,37852,0
38143,426331162995458,4518167,0.59563738,256,37888,38143,37928,0
38399,426331163967500,4351208,0.59642016,256,38144,38399,38174,0
38655,426331164852791,8168750,0.66309834,256,38400,38655,38535,0
38911,426331165773166,7251709,0.61057383,256,38656,38911,38830,0
39167,426331166670500,6355458,0.59880173,256,38912,39167,38927,0
39423,426331167579041,5447917,0.60759245,256,39168,39423,39191,0
39679,426331168458708,4569250,0.65781552,256,39424,39679,39424,0
39935,426331169362916,4895334,0.63380544,256,39680,39935,39704,0
40191,426331170258166,4003250,0.60113956,256,39936,40191,40093,0
40447,426331171834375,3174041,0.62129579,256,40192,40447,40357,0
40703,426331173006291,2850334,0.62064396,256,40448,40703,40657,0
40959,426331173015541,3666167,0.60302827,256,40704,40959,40880,0
41215,426331173715708,3813042,0.60785975,256,40960,41215,41179,0
41471,426331174552625,3802791,0.61596974,256,41216,41471,41397,0
41727,426331175463875,3722583,0.57658246,256,41472,41727,41494,0
41983,426331176314375,3691125,0.62374666,256,41728,41983,41951,0
42239,426331177238208,3593333,0.6010083,256,41984,42239,42117,0
42495,426331178093208,3562458,0.58368317,256,42240,42495,42310,0
42751,426331178976250,3489375,0.58232311,256,42496,42751,42585,0
43007,426331179825125,3498375,0.6099363,256,42752,43007,42804,0
43263,426331180668208,3486500,0.60607571,256,43008,43263,43247,0
43519,426331181633458,3380375,0.61528807,256,43264,43519,43281,0
43775,426331182526541,3326959,0.60940541,256,43520,43775,43775,0
44031,426331183373333,3293417,0.65134198,256,43776,44031,43862,0
44287,426331184284583,3211792,0.62799196,256,44032,44287,44136,0
44543,426331185154958,3158333,0.64382915,256,44288,44543,44454,0
44799,426331186042083,3110333,0.61922696,256,44544,44799,44668,0
45055,426331186924500,3056458,0.59839023,256,44800,45055,45031,0
45311,426331187782458,3011458,0.62816033,256,45056,45311,45159,0
45567,426331188617416,2994084,0.64913908,256,45312,45567,45529,0
45823,426331189560000,2867500,0.59932455,256,45568,45823,45820,0
46079,426331190524250,2729791,0.58963899,256,45824,46079,45982,0
46335,426331191317666,2767250,0.65642894,256,46080,46335,46328,0
46591,426331192189000,2731416,0.61479246,256,46336,46591,46554,0
46847,426331193095166,2638667,0.58687898,256,46592,46847,46724,0
47103,426331193925291,2617000,0.5812468,256,46848,47103,47029,0
47359,426331194840500,2523666,0.60889053,256,47104,47359,47192,0
47615,426331195708250,2514083,0.6789547,256,47360,47615,47564,0
47871,426331196575416,2458167,0.63423499,256,47616,47871,47770,0
48127,426331197384041,2471250,0.62730144,256,47872,48127,47963,0
48383,426331198240750,2424791,0.57473111,256,48128,48383,48260,0
48639,426331199112666,2386709,0.64256733,256,48384,48639,48558,0
48895,426331200003583,2327667,0.62837244,256,48640,48895,48738,0
49151,426331200937750,2237916,0.5982365,256,48896,49151,48934,0
49407,426331201779166,2218750,0.60359799,256,49152,49407,49210,0
49663,426331202665541,2138917,0.59659302,256,49408,49663,49648,0
49919,426331203555833,2069875,0.58975026,256,49664,49919,49840,0
50175,426331204483208,1959667,0.61424866,256,49920,50175,50051,0
50431,426331205336791,1934250,0.62930165,256,50176,50431,50343,0
50687,426331206188875,1916708,0.58270619,256,50432,50687,50654,0
50943,426331207049458,1863292,0.58112582,256,50688,50943,50827,0
51199,426331207973625,1781666,0.62488011,256,50944,51199,50957,0
51455,426331208797166,1793542,0.58236464,256,51200,51455,51396,0
51711,426331209660458,1754000,0.62010245,256,51456,51711,51578,0
51967,426331210577208,1670917,0.61091659,256,51712,51967,51830,0
52223,426331211492125,1566250,0.60658991,256,51968,52223,52213,0
52479,426331212403083,1468208,0.57312292,256,52224,52479,52448,0
52735,426331213286166,1416042,0.61519844,256,52480,52735,52489,0
52991,426331214152916,1371709,0.60823272,256,52736,52991,52905,0
53247,426331215016875,1323291,0.61129457,256,52992,53247,53016,0
53503,426331215943958,1219500,0.60562089,256,53248,53503,53295,0
53759,426331216861208,3839042,0.60377393,256,53504,53759,53520,0
54015,426331217718458,2997583,0.62713047,256,53760,54015,53836,0
54271,426331218699500,2998541,0.65692913,256,54016,54271,54263,0
54527,426331220902708,1591833,0.61805452,256,54272,54527,54465,0
54783,426331220911875,2382666,0.60662932,256,54528,54783,54587,0
55039,426331221243041,2826334,0.62261602,256,54784,55039,54803,0
55295,426331222141958,2713958,0.61549548,256,55040,55295,55236,0
55551,426331223000833,2666833,0.59535012,256,55296,55551,55536,0
55807,426331223891625,2573583,0.60383213,256,55552,55807,55690,0
56063,426331224802916,2445542,0.58227665,256,55808,56063,56062,0
56319,426331225678875,2343583,0.57086195,256,56064,56319,56064,0
56575,426331226580250,2247000,0.59378722,256,56320,56575,56332,0
56831,426331227451708,2188042,0.62129146,256,56576,56831,56802,0
57087,426331228318083,2114458,0.62494963,256,56832,57087,56835,0
57343,426331229178208,2050833,0.58792185,256,57088,57343,57302,0
57599,426331230079541,1963959,0.61263605,256,57344,57599,57590,0
57855,426331230948541,1923084,0.59954949,256,57600,57855,57720,0
58111,426331231832500,1814041,0.61526841,256,57856,58111,57875,0
58367,426331232722541,1751750,0.61289621,256,58112,58367,58324,0
58623,426331233626750,1709083,0.69292101,256,58368,58623,58558,0
58879,426331234479041,1680000,0.59693152,256,58624,58879,58667,0
59135,426331235369291,1605417,0.62245042,256,58880,59135,59046,0
59391,426331236271625,1488083,0.58982097,256,59136,59391,59381,0
59647,426331237156958,1410208,0.59891146,256,59392,59647,59472,0
59903,426331238106750,1278125,0.59958757,256,59648,59903,59897,0
60159,426331239006875,1158041,0.58000046,256,59904,60159,60050,0
60415,426331239927666,1029250,0.60133077,256,60160,60415,60289,0
60671,426331240783375,1007166,0.63295032,256,60416,60671,60666,0
60927,426331241702166,911875,0.59501282,256,60672,60927,60790,0
61183,426331242562041,876459,0.60153947,256,60928,61183,61002,0
61439,426331243469541,817500,0.59158211,256,61184,61439,61373,0
61695,426331244341166,855000,0.64671385,256,61440,61695,61544,0
61951,426331245234000,852875,0.63386269,256,61696,61951,61875,0
62207,426331246156625,1681041,0.63145207,256,61952,62207,62172,0
62463,426331247043375,1802958,0.63753856,256,62208,62463,62260,0
62719,426331247934083,1718542,0.63687953,256,62464,62719,62655,0
62975,426331248829875,1631125,0.60181328,256,62720,62975,62774,0
63231,426331249720916,1541084,0.64143286,256,62976,63231,62978,0
63487,426331250611541,1447750,0.61257362,256,63232,63487,63429,0
63743,426331251505416,1515959,0.60967855,256,63488,63743,63686,0
63999,426331252449666,1324167,0.59341199,256,63744,63999,63831,0
64255,426331253228416,1406125,0.64639082,256,64000,64255,64021,0
64511,426331254085000,1363250,0.62883106,256,64256,64511,64431,0
64767,426331254960750,1299333,0.56860543,256,64512,64767,64630,0
65023,426331255855750,1237541,0.60762078,256,64768,65023,65012,0
65279,426331256723333,1190500,0.61130886,256,65024,65279,65189,0
65535,426331257603708,1135000,0.5750652,256,65280,65535,65347,0
65791,426331258516416,1033334,0.58355571,256,65536,65791,65754,0
66047,426331259403416,964959,0.61997599,256,65792,66047,66045,0
66303,426331260261208,3614000,0.60002854,256,66048,66303,66212,0
66559,426331261185916,2694125,0.63354144,256,66304,66559,66553,0
66815,426331262461416,2472875,0.61653147,256,66560,66815,66699,0
67071,426331264214833,1531292,0.56357814,256,66816,67071,66908,0
67327,426331264232625,2339250,0.60738056,256,67072,67327,67316,0
67583,426331264703625,2677166,0.61848223,256,67328,67583,67567,0
67839,426331265531791,2676792,0.5728344,256,67584,67839,67799,0
68095,426331266407083,2616833,0.61213227,256,67840,68095,68026,0
68351,426331267273375,2558333,0.59197516,256,68096,68351,68185,0
68607,426331268253125,2397541,0.59319544,256,68352,68607,68469,0
68863,426331269140250,2325500,0.59242797,256,68608,68863,68764,0
69119,426331269973375,2305958,0.59253761,256,68864,69119,69107,0
69375,426331270857125,2289416,0.6337925,256,69120,69375,69185,0
69631,426331271702125,2263750,0.60585419,256,69376,69631,69377,0
69887,426331272613333,2156167,0.59063498,256,69632,69887,69883,0
70143,426331273497833,2098125,0.61252297,256,69888,70143,70042,0
70399,426331274376708,2055750,0.63678324,256,70144,70399,70318,0
70655,426331275209416,2058084,0.61420734,256,70400,70655,70414,0
70911,426331276133083,1969083,0.60904724,256,70656,70911,70774,0
71167,426331277003958,1915458,0.60613878,256,70912,71167,71059,0
71423,426331277856291,2408584,0.60333579,256,71168,71423,71168,0
71679,426331278759583,2325917,0.61424834,256,71424,71679,71517,0
71935,426331279688250,2203833,0.59625723,256,71680,71935,71789,0
72191,426331280560000,2116375,0.61436095,256,71936,72191,72096,0
72447,426331281452291,2048417,0.63025999,256,72192,72447,72376,0
72703,426331282344250,1995375,0.66362755,256,72448,72703,72543,0
72959,426331283229625,1942208,0.62217051,256,72704,72959,72917,0
73215,426331284109375,1876791,0.61708042,256,72960,73215,73174,0
73471,426331284979916,1834000,0.64805175,256,73216,73471,73382,0
73727,426331285899291,1710084,0.60259417,256,73472,73727,73615,0
73983,426331286844500,1566541,0.62971467,256,73728,73983,73773,0
74239,426331287735958,1473500,0.61590293,256,73984,74239,74003,0
74495,426331288601666,1407209,0.62529003,256,74240,74495,74439,0
74751,426331289468875,1355666,0.62864922,256,74496,74751,74749,0
75007,426331290401416,1210709,0.59333768,256,74752,75007,74937,0
75263,426331291253833,1162667,0.62037311,256,75008,75263,75030,0
75519,426331292085125,1135083,0.61166759,256,75264,75519,75516,0
75775,426331292979750,1069625,0.63898438,256,75520,75775,75524,0
76031,426331293861875,1018250,0.60579449,256,75776,76031,75865,0
76287,426331294760500,1089791,0.59432828,256,76032,76287,76156,0
76543,426331295599083,1035125,0.57141594,256,76288,76543,76495,0
76799,426331296465166,967125,0.58731305,256,76544,76799,76756,0
77055,426331297337250,909541,0.63939749,256,76800,77055,77044,0
77311,426331298237416,821542,0.62799182,256,77056,77311,77062,0
77567,426331299167958,823708,0.63027226,256,77312,77567,77374,0
77823,426331300043375,812375,0.58755874,256,77568,77823,77610,0
78079,426331300918625,869250,0.62146377,256,77824,78079,77982,0
78335,426331301813500,831708,0.60246461,256,78080,78335,78132,0
78591,426331302703833,828125,0.59872554,256,78336,78591,78429,0
78847,426331303534166,829375,0.59446178,256,78592,78847,78809,0
79103,426331304453125,822458,0.61647809,256,78848,79103,79082,0
79359,426331305297875,1637666,0.61940373,256,79104,79359,79121,0
79615,426331306192083,1755833,0.64121584,256,79360,79615,79528,0
79871,426331307150166,1646209,0.60850876,256,79616,79871,79793,0
80127,426331308029625,1581375,0.59243858,256,79872,80127,80049,0
80383,426331308934875,3631208,0.63755647,256,80128,80383,80220,0
80639,426331309845250,2722625,0.61990284,256,80384,80639,80394,0
80895,426331312586375,1454125,0.6298314,256,80640,80895,80816,0
81151,426331313587041,1272459,0.5681895,256,80896,81151,81068,0
81407,426331313629458,2045375,0.58800449,256,81152,81407,81254,0
81663,426331313638625,2844291,0.58821582,256,81408,81663,81558,0
81919,426331314278125,3035000,0.61040398,256,81664,81919,81805,0
82175,426331315082541,3045500,0.6066355,256,81920,82175,82016,0
82431,426331315988125,2948333,0.57977163,256,82176,82431,82353,0
82687,426331316893708,2886458,0.65932005,256,82432,82687,82599,0
82943,426331317773583,2826417,0.594451,256,82688,82943,82812,0
83199,426331318672833,2777417,0.60274246,256,82944,83199,83133,0
83455,426331319526125,2748916,0.59988771,256,83200,83455,83364,0
83711,426331320425708,2718167,0.6686183,256,83456,83711,83692,0
83967,426331321357750,2627041,0.60820329,256,83712,83967,83720,0
84223,426331322246125,2559208,0.61662286,256,83968,84223,84199,0
84479,426331323122791,2552292,0.64193169,256,84224,84479,84347,0
84735,426331324020416,2478834,0.58499298,256,84480,84735,84588,0
84991,426331324890458,2426500,0.58960647,256,84736,84991,84954,0
85247,426331325731416,2404834,0.6016676,256,84992,85247,85064,0
85503,426331326637375,4969416,0.61858467,256,85248,85503,85336,0
85759,426331327554000,4082958,0.59487259,256,85504,85759,85695,0
86015,426331331589916,911167,0.57453155,256,85760,86015,85774,0
86271,426331331647416,1668542,0.58325845,256,86016,86271,86087,0
86527,426331331663333,2484125,0.59289488,256,86272,86527,86448,0
86783,426331331708250,3273708,0.62981849,256,86528,86783,86568,0
87039,426331332007541,3812167,0.61250639,256,86784,87039,86967,0
87295,426331332942750,3754000,0.65859587,256,87040,87295,87048,0
87551,426331333771000,3764750,0.60433851,256,87296,87551,87327,0
87807,426331334627083,3740167,0.58603592,256,87552,87807,87736,0
88063,426331335500208,3713750,0.58117719,256,87808,88063,88034,0
88319,426331336385875,3645250,0.6051523,256,88064,88319,88138,0
88575,426331337206583,3678208,0.60298794,256,88320,88575,88341,0
88831,426331338127708,3596208,0.59933504,256,88576,88831,88796,0
89087,426331338982750,3564166,0.64303692,256,88832,89087,89078,0
89343,426331339878458,3508000,0.62150001,256,89088,89343,89100,0
89599,426331340842083,3384000,0.58952888,256,89344,89599,89516,0
89855,426331341671833,3404542,0.61402743,256,89600,89855,89611,0
90111,426331342589166,3340750,0.61915101,256,89856,90111,89963,0
90367,426331343428583,3342875,0.61467062,256,90112,90367,90317,0
90623,426331344286250,3321583,0.59832341,256,90368,90623,90499,0
90879,426331345178833,3280708,0.5910827,256,90624,90879,90815,0
91135,426331346048791,3260542,0.60441898,256,90880,91135,90906,0
91391,426331346970208,3181458,0.61028263,256,91136,91391,91281,0
91647,426331347818916,3195334,0.66421782,256,91392,91647,91410,0
91903,426331348679458,3181500,0.64918656,256,91648,91903,91800,0
92159,426331349591916,3088875,0.62763628,256,91904,92159,91924,0
92415,426331350507083,3007667,0.59030164,256,92160,92415,92263,0
92671,426331351386208,3016083,0.65669599,256,92416,92671,92546,0
92927,426331352267500,2971750,0.59736265,256,92672,92927,92835,0
93183,426331353152208,2919083,0.62120374,256,92928,93183,93029,0
93439,426331354071291,2835209,0.60772612,256,93184,93439,93425,0
93695,426331354981000,2768833,0.60193256,256,93440,93695,93481,0
93951,426331355908375,2671166,0.61228407,256,93696,93951,93891,0
94207,426331356805541,2622000,0.62012724,256,93952,94207,93966,0
94463,426331357678583,2607625,0.62712254,256,94208,94463,94281,0
94719,426331358569041,2546500,0.59939127,256,94464,94719,94578,0
94975,426331359445666,2516292,0.62206653,256,94720,94975,94923,0
95231,426331360365375,2441125,0.62019624,256,94976,95231,95197,0
95487,426331361308416,2344625,0.62414991,256,95232,95487,95367,0
95743,426331362203208,2302750,0.62464416,256,95488,95743,95509,0
95999,426331363029041,2290959,0.59181943,256,95744,95999,95962,0
96255,426331363870000,2256166,0.63017868,256,96000,96255,96085,0
96511,426331364767583,2181500,0.61242889,256,96256,96511,96400,0
96767,426331365687750,2068625,0.59227937,256,96512,96767,96660,0
97023,426331366587375,2001125,0.59442219,256,96768,97023,96912,0
97279,426331367524958,1895542,0.63925784,256,97024,97279,97231,0
97535,426331368467625,1780458,0.61598194,256,97280,97535,97317,0
97791,426331369393416,1680709,0.60010546,256,97536,97791,97762,0
98047,426331370269416,1632042,0.61103145,256,97792,98047,97792,0
98303,426331371176166,1565625,0.61090879,256,98048,98303,98079,0
98559,426331372075250,1509375,0.61692627,256,98304,98559,98449,0
98815,426331372980250,1433000,0.59929395,256,98560,98815,98638,0
99071,426331373806000,4542791,0.64087453,256,98816,99071,98872,0
99327,426331375261208,4141792,0.6315689,256,99072,99327,99100,0
99583,426331378555208,1661125,0.63829549,256,99328,99583,99582,0
99839,426331378564458,2498500,0.62853484,256,99584,99839,99785,0
100095,426331378914000,2990000,0.60755528,256,99840,100095,99992,0
100351,426331379813791,2922375,0.60530327,256,100096,100351,100165,0
100607,426331380686375,2870416,0.62263458,256,100352,100607,100529,0
100863,426331381598333,2790042,0.60779822,256,100608,100863,100800,0
101119,426331382535958,2657917,0.60230919,256,100864,101119,100956,0
101375,426331383422708,2577792,0.59317879,256,101120,101375,101154,0
101631,426331384369000,2454625,0.63330478,256,101376,101631,101378,0
101887,426331385190333,2469375,0.64410942,256,101632,101887,101775,0
102143,426331386096208,2390917,0.59992807,256,101888,102143,102083,0
102399,426331386956625,2342125,0.6023155,256,102144,102399,102198,0
102655,426331387864041,2292875,0.6397648,256,102400,102655,102632,0
102911,426331388729250,2257708,0.63364895,256,102656,102911,102719,0
103167,426331389623083,2186833,0.60877202,256,102912,103167,102968,0
103423,426331390517041,2123834,0.62750057,256,103168,103423,103340,0
103679,426331391420791,2075167,0.63772835,256,103424,103679,103564,0
103935,426331392355000,1984333,0.61225154,256,103680,103935,103693,0
104191,426331393311125,1878625,0.64164905,256,103936,104191,103983,0
104447,426331394214541,1799209,0.64319282,256,104192,104447,104236,0
104703,426331395027000,1822625,0.62274917,256,104448,104703,104562,0
104959,426331395869291,1821917,0.63732299,256,104704,104959,104909,0
105215,426331396704666,1798834,0.574203,256,104960,105215,105132,0
105471,426331397572875,1778416,0.64122953,256,105216,105471,105392,0
105727,426331398481125,1701500,0.64987984,256,105472,105727,105685,0
105983,426331399368000,1658125,0.60605493,256,105728,105983,105837,0
106239,426331400263958,1608542,0.60210979,256,105984,106239,106218,0
106495,426331401189666,1508417,0.65296432,256,106240,106495,106301,0
106751,426331402096458,1425708,0.64018076,256,106496,106751,106720,0
107007,426331402996916,1352459,0.62623433,256,106752,107007,106952,0
107263,426331403918708,1247458,0.63829761,256,107008,107263,107086,0
107519,426331404798875,1195750,0.61976185,256,107264,107519,107469,0
107775,426331405703583,1119042,0.58714956,256,107520,107775,107579,0
108031,426331406656583,1030833,0.64076093,256,107776,108031,107886,0
108287,426331407554000,973000,0.61442276,256,108032,108287,108215,0
108543,426331408452541,920709,0.64467236,256,108288,108543,108411,0
108799,426331409316541,904917,0.62364927,256,108544,108799,108705,0
109055,426331410198041,888792,0.6551776,256,108800,109055,109033,0
109311,426331411082583,877667,0.67610459,256,109056,109311,109061,0
109567,426331411977833,870167,0.64185669,256,109312,109567,109531,0
109823,426331412804291,862209,0.59322286,256,109568,109823,109671,0
110079,426331413708333,889333,0.60819544,256,109824,110079,109835,0
110335,426331414622416,880209,0.60853292,256,110080,110335,110172,0
110591,426331415530375,894750,0.62492758,256,110336,110591,110455,0
110847,426331416364958,954083,0.67894507,256,110592,110847,110670,0
111103,426331417243708,941750,0.60293968,256,110848,111103,110874,0
111359,426331418118125,955000,0.64961557,256,111104,111359,111141,0
111615,426331419049458,896125,0.65605684,256,111360,111615,111445,0
111871,426331419936166,886834,0.63862436,256,111616,111871,111769,0
112127,426331420783750,945208,0.64265163,256,111872,112127,112100,0
112383,426331421607750,1026500,0.64809905,256,112128,112383,112177,0
112639,426331422492250,1027125,0.61548058,256,112384,112639,112614,0
112895,426331423343458,1067375,0.59944774,256,112640,112895,112746,0
113151,426331424236708,1023625,0.64472019,256,112896,113151,113083,0
113407,426331425162166,977167,0.6103563,256,113152,113407,113170,0
113663,426331426035916,1003500,0.6762325,256,113408,113663,113542,0
113919,426331426913958,967250,0.59521602,256,113664,113919,113768,0
114175,426331427800375,956750,0.63039284,256,113920,114175,113973,0
114431,426331428655041,949667,0.65093792,256,114176,114431,114183,0
114687,426331429511541,959209,0.61951663,256,114432,114687,114506,0
114943,426331430387500,942000,0.60176922,256,114688,114943,114706,0
115199,426331431255208,917333,0.62346011,256,114944,115199,115153,0
115455,426331432197250,867458,0.62318861,256,115200,115455,115354,0
115711,426331432987375,983750,0.60593528,256,115456,115711,115509,0
115967,426331433861125,972041,0.60674639,256,115712,115967,115743,0
116223,426331434716416,3193417,0.61005339,256,115968,116223,116139,0
116479,426331437907166,914834,0.62176583,256,116224,116479,116319,0
116735,426331437930625,1792291,0.67761214,256,116480,116735,116606,0
116991,426331437941916,2621209,0.63351258,256,116736,116991,116970,0
117247,426331438433333,2992708,0.5999705,256,116992,117247,117040,0
117503,426331439259958,3049792,0.6318691,256,117248,117503,117349,0
117759,426331440171375,3006583,0.60372303,256,117504,117759,117572,0
118015,426331441046333,2976583,0.58486997,256,117760,118015,117928,0
118271,426331441874916,2991542,0.59024759,256,118016,118271,118099,0
118527,426331442773750,2959083,0.6188372,256,118272,118527,118420,0
118783,426331443635166,2957584,0.68728591,256,118528,118783,118577,0
119039,426331444546125,2890291,0.61264445,256,118784,119039,118860,0
119295,426331445395291,2898792,0.61710258,256,119040,119295,119209,0
119551,426331446315166,2816375,0.60008443,256,119296,119551,119360,0
119807,426331447197791,2800334,0.6453923,256,119552,119807,119761,0
120063,426331448127875,2753958,0.63490297,256,119808,120063,119931,0
120319,426331449020458,2753292,0.6416423,256,120064,120319,120262,0
120575,426331449899291,2780250,0.60697028,256,120320,120575,120435,0
120831,426331450747291,2812292,0.63129476,256,120576,120831,120723,0
121087,426331451616916,2765792,0.64913662,256,120832,121087,121021,0
121343,426331452499708,2702000,0.60271673,256,121088,121343,121302,0
121599,426331453390166,2689750,0.64973736,256,121344,121599,121379,0
121855,426331454230916,2668250,0.61284035,256,121600,121855,121740,0
122111,426331455093125,2634708,0.64470687,256,121856,122111,122057,0
122367,426331455984750,2589750,0.59847605,256,122112,122367,122228,0
122623,426331456829250,2607083,0.68487594,256,122368,122623,122573,0
122879,426331457675833,2618833,0.65457102,256,122624,122879,122634,0
123135,426331458584458,2594875,0.63492915,256,122880,123135,123095,0
123391,426331459507708,2495125,0.60867924,256,123136,123391,123370,0
123647,426331460380250,2477625,0.64038003,256,123392,123647,123424,0
123903,426331461275208,2398000,0.59896902,256,123648,123903,123733,0
124159,426331462148208,2345500,0.61138184,256,123904,124159,123938,0
124415,426331463022875,2283833,0.59470801,256,124160,124415,124345,0
124671,426331463898166,2238709,0.62856775,256,124416,124671,124618,0
124927,426331464793250,2186625,0.61344227,256,124672,124927,124746,0
125183,426331465732166,2077417,0.6257972,256,124928,125183,125107,0
125439,426331466602833,2059417,0.64044553,256,125184,125439,125223,0
125695,426331467488208,2034375,0.62097953,256,125440,125695,125488,0
125951,426331468367916,1987334,0.60027526,256,125696,125951,125892,0
126207,426331469287916,1908167,0.60962017,256,125952,126207,126008,0
126463,426331470166666,1895000,0.61720247,256,126208,126463,126347,0
126719,426331471085750,1801541,0.64102501,256,126464,126719,126538,0
126975,426331471969916,1732209,0.58298577,256,126720,126975,126939,0
127231,426331472923750,1605291,0.59691529,256,126976,127231,127134,0
127487,426331473779916,3325542,0.6443855,256,127232,127487,127259,0
127743,426331474643875,2624250,0.65614144,256,127488,127743,127559,0
127999,426331476634791,1741292,0.61236989,256,127744,127999,127933,0
128255,426331476643875,2551041,0.6332931,256,128000,128255,128081,0
128511,426331477453208,2565625,0.60331849,256,128256,128511,128493,0
128767,426331478205750,2637250,0.61998326,256,128512,128767,128701,0
129023,426331479134791,2515667,0.61927423,256,128768,129023,129022,0
129279,426331479958333,2527250,0.65400459,256,129024,129279,129035,0
129535,426331480836875,2473416,0.59429185,256,129280,129535,129521,0
129791,426331481719208,2440958,0.6458288,256,129536,129791,129599,0
130047,426331482632250,2358958,0.57496355,256,129792,130047,129961,0
130303,426331483494583,2321875,0.61188899,256,130048,130303,130235,0
130559,426331484342750,2300666,0.66563199,256,130304,130559,130416,0
130815,426331485263250,2205958,0.61237411,256,130560,130815,130771,0
131071,426331486128833,2147042,0.61303204,256,130816,131071,130869,0
131327,426331487048875,2057625,0.60281846,256,131072,131327,131136,0
131583,426331487864833,2040500,0.58536498,256,131328,131583,131373,0
131839,426331488776750,1934250,0.59648675,256,131584,131839,131707,0
132095,426331489680708,1861917,0.65585927,256,131840,132095,132050,0
132351,426331490521083,1856375,0.63461657,256,132096,132351,132128,0
132607,426331491415875,1776375,0.63750405,256,132352,132607,132395,0
132863,426331492300916,1726834,0.65071636,256,132608,132863,132698,0
133119,426331493146916,1680709,0.59603534,256,132864,133119,132882,0
133375,426331494033291,1611709,0.62639294,256,133120,133375,133314,0
133631,426331494908250,1556458,0.61854913,256,133376,133631,133631,0
133887,426331495746000,1530958,0.59182307,256,133632,133887,133733,0
134143,426331496560125,1531416,0.6080745,256,133888,134143,133995,0
134399,426331497434791,1499584,0.63534921,256,134144,134399,134202,0
134655,426331498281375,1487083,0.59496119,256,134400,134655,134459,0
134911,426331499151541,1476042,0.62598071,256,134656,134911,134911,0
135167,426331500020625,1378625,0.60876253,256,134912,135167,135063,0
135423,426331500963916,1233417,0.62042115,256,135168,135423,135310,0
135679,426331501884333,1114750,0.58537973,256,135424,135679,135521,0
135935,426331502728416,1096250,0.60120333,256,135680,135935,135916,0
136191,426331503599083,1088458,0.62258164,256,135936,136191,136031,0
136447,426331504499291,992459,0.61138218,256,136192,136447,136198,0
136703,426331505390541,961667,0.63793373,256,136448,136703,136484,0
136959,426331506299750,850791,0.65676825,256,136704,136959,136807,0
137215,426331507137750,840583,0.65068601,256,136960,137215,137136,0
137471,426331508034333,844458,0.65469798,256,137216,137471,137363,0
137727,426331508937125,1706416,0.63176897,256,137472,137727,137523,0
137983,426331509798541,1817584,0.61766377,256,137728,137983,137852,0
138239,426331510711541,1724667,0.59642016,256,137984,138239,138174,0
138495,426331511647916,1580209,0.59249444,256,138240,138495,138446,0
138751,426331512563875,1490208,0.66309834,256,138496,138751,138535,0
139007,426331513477791,1396417,0.61057383,256,138752,139007,138830,0
139263,426331514361166,1317792,0.60759245,256,139008,139263,139191,0
139519,426331515242583,1248042,0.65781552,256,139264,139519,139424,0
139775,426331516158500,1144291,0.63992472,256,139520,139775,139588,0
140031,426331517059625,1040916,0.59752637,256,139776,140031,139856,0
140287,426331517916291,991667,0.60113956,256,140032,140287,140093,0
140543,426331518774166,940417,0.62129579,256,140288,140543,140357,0
140799,426331519650958,942500,0.62064396,256,140544,140799,140657,0
141055,426331520517500,3756250,0.60302827,256,140800,141055,140880,0
141311,426331521386041,2973459,0.60785975,256,141056,141311,141179,0
141567,426331522275916,3037750,0.61596974,256,141312,141567,141397,0
141823,426331523192333,2923292,0.56519687,256,141568,141823,141775,0
142079,426331524459041,2464917,0.62374666,256,141824,142079,141951,0
142335,426331524901833,2829542,0.6010083,256,142080,142335,142117,0
142591,426331525778000,2748666,0.58232311,256,142336,142591,142585,0
142847,426331526650541,2679709,0.6099363,256,142592,142847,142804,0
143103,426331527498875,2628458,0.60861314,256,142848,143103,142938,0
143359,426331528380541,2594625,0.61528807,256,143104,143359,143281,0
143615,426331529312250,2488833,0.60228561,256,143360,143615,143523,0
143871,426331530182333,2418417,0.65134198,256,143616,143871,143862,0
144127,426331531048625,2328708,0.59085038,256,143872,144127,144101,0
144383,426331531928625,2253083,0.62799196,256,144128,144383,144136,0
144639,426331532821083,2172083,0.64382915,256,144384,144639,144454,0
144895,426331533748083,2127958,0.61922696,256,144640,144895,144668,0
145151,426331534604708,2151042,0.59839023,256,144896,145151,145031,0
145407,426331535446291,2118709,0.62816033,256,145152,145407,145159,0
145663,426331536308958,2071958,0.64913908,256,145408,145663,145529,0
145919,426331537239375,1955041,0.59932455,256,145664,145919,145820,0
146175,426331538204250,1819958,0.60932984,256,145920,146175,146129,0
146431,426331539028791,1832250,0.65642894,256,146176,146431,146328,0
146687,426331539878291,1813250,0.61479246,256,146432,146687,146554,0
146943,426331540767750,1744791,0.58687898,256,146688,146943,146724,0
147199,426331541624416,1706459,0.60889053,256,146944,147199,147192,0
147455,426331542505958,1640750,0.60937281,256,147200,147455,147410,0
147711,426331543399458,1604042,0.6789547,256,147456,147711,147564,0
147967,426331544203416,1604125,0.63423499,256,147712,147967,147770,0
148223,426331545022625,1614958,0.60328595,256,147968,148223,148068,0
148479,426331545898833,1540750,0.57515766,256,148224,148479,148396,0
148735,426331546824833,1458292,0.64256733,256,148480,148735,148558,0
148991,426331547751375,1370125,0.62837244,256,148736,148991,148738,0
149247,426331548607166,1359625,0.60359799,256,148992,149247,149210,0
149503,426331549467625,1317666,0.58793211,256,149248,149503,149267,0
149759,426331550357625,1235083,0.59659302,256,149504,149759,149648,0
150015,426331551260250,1157333,0.5994441,256,149760,150015,149925,0
150271,426331552183166,1049834,0.61424866,256,150016,150271,150051,0
150527,426331553000833,1066208,0.62930165,256,150272,150527,150343,0
150783,426331553878291,1022500,0.58270619,256,150528,150783,150654,0
151039,426331554700458,1042500,0.62488011,256,150784,151039,150957,0
151295,426331555612791,947042,0.59512176,256,151040,151295,151101,0
151551,426331556497541,893334,0.60048011,256,151296,151551,151516,0
151807,426331557353291,867792,0.62010245,256,151552,151807,151578,0
152063,426331558266041,1685917,0.61091659,256,151808,152063,151830,0
152319,426331559163208,1761708,0.60658991,256,152064,152319,152213,0
152575,426331560101250,1654125,0.61519844,256,152320,152575,152489,0
152831,426331560935958,1646958,0.59425728,256,152576,152831,152738,0
153087,426331561839833,1566333,0.61129457,256,152832,153087,153016,0
153343,426331562708041,1498584,0.60562089,256,153088,153343,153295,0
153599,426331563607875,1422583,0.60377393,256,153344,153599,153520,0
153855,426331564486333,3472708,0.62713047,256,153600,153855,153836,0
154111,426331565366833,2595625,0.6093607,256,153856,154111,153945,0
154367,426331566708708,3435250,0.65692913,256,154112,154367,154263,0
154623,426331569350083,1715583,0.61805452,256,154368,154623,154465,0
154879,426331569364583,2491333,0.62261602,256,154624,154879,154803,0
155135,426331569379000,3293375,0.58066394,256,154880,155135,155121,0
155391,426331569971833,3506333,0.61549548,256,155136,155391,155236,0
155647,426331570669583,3634125,0.59535012,256,155392,155647,155536,0
155903,426331571582958,3542292,0.60383213,256,155648,155903,155690,0
156159,426331572514791,3415334,0.58227665,256,155904,156159,156062,0
156415,426331573342583,3401250,0.59378722,256,156160,156415,156332,0
156671,426331574272041,3285917,0.61128015,256,156416,156671,156591,0
156927,426331575113083,3275042,0.62494963,256,156672,156927,156835,0
157183,426331576004458,3197875,0.59723363,256,156928,157183,157044,0
157439,426331576884875,3139083,0.58792185,256,157184,157439,157302,0
157695,426331577720333,3131583,0.61263605,256,157440,157695,157590,0
157951,426331578627583,3067042,0.61526841,256,157696,157951,157875,0
158207,426331579493625,2992833,0.57578576,256,157952,158207,157981,0
158463,426331580393708,2965000,0.61289621,256,158208,158463,158324,0
158719,426331581290750,2928125,0.69292101,256,158464,158719,158558,0
158975,426331582195125,2887666,0.59034389,256,158720,158975,158883,0
159231,426331583024416,2882875,0.62245042,256,158976,159231,159046,0
159487,426331583929958,2802750,0.59891146,256,159232,159487,159472,0
159743,426331584881125,2661583,0.57563206,256,159488,159743,159582,0
159999,426331585798500,2587500,0.59958757,256,159744,159999,159897,0
160255,426331586709500,2473708,0.58000046,256,160000,160255,160050,0
160511,426331587609958,2386292,0.60133077,256,160256,160511,160289,0
160767,426331588475916,2385875,0.63295032,256,160512,160767,160666,0
161023,426331589382875,2305666,0.60153947,256,160768,161023,161002,0
161279,426331590260666,2274542,0.59920349,256,161024,161279,161040,0
161535,426331591143125,4530125,0.61675831,256,161280,161535,161523,0
161791,426331592028000,3646791,0.64671385,256,161536,161791,161544,0
162047,426331592938166,2737750,0.63386269,256,161792,162047,161875,0
162303,426331595010875,2281083,0.63753856,256,162048,162303,162260,0
162559,426331595019958,3091125,0.59024547,256,162304,162559,162375,0
162815,426331595704916,3244792,0.63687953,256,162560,162815,162655,0
163071,426331597042166,2700584,0.64143286,256,162816,163071,162978,0
163327,426331597379708,3157583,0.57790313,256,163072,163327,163300,0
163583,426331598314541,3024834,0.61257362,256,163328,163583,163429,0
163839,426331599209375,2915875,0.60967855,256,163584,163839,163686,0
164095,426331600053041,2870125,0.64639082,256,163840,164095,164021,0
164351,426331600919375,2832000,0.62097451,256,164096,164351,164121,0
164607,426331601734708,2809958,0.62883106,256,164352,164607,164431,0
164863,426331602625500,2727375,0.56860543,256,164608,164863,164630,0
165119,426331603547791,2597500,0.60762078,256,164864,165119,165012,0
165375,426331604413958,2530792,0.61130886,256,165120,165375,165189,0
165631,426331605292083,2452292,0.57097002,256,165376,165631,165478,0
165887,426331606219708,2325333,0.58355571,256,165632,165887,165754,0
166143,426331607082250,2267208,0.61997599,256,165888,166143,166045,0
166399,426331607931000,2216625,0.60002854,256,166144,166399,166212,0
166655,426331608833041,2112125,0.63354144,256,166400,166655,166553,0
166911,426331609759083,1975333,0.61653147,256,166656,166911,166699,0
167167,426331610583500,1941291,0.5885259,256,166912,167167,167159,0
167423,426331611474916,1860167,0.60738056,256,167168,167423,167316,0
167679,426331612298833,1826708,0.61848223,256,167424,167679,167567,0
167935,426331613179708,1731042,0.5728344,256,167680,167935,167799,0
168191,426331614065958,1649000,0.61213227,256,167936,168191,168026,0
168447,426331615003583,1495125,0.58448847,256,168192,168447,168213,0
168703,426331615915125,1381291,0.59319544,256,168448,168703,168469,0
168959,426331616834333,3439625,0.59242797,256,168704,168959,168764,0
169215,426331617629083,3765917,0.6337925,256,168960,169215,169185,0
169471,426331618955541,2822500,0.62627704,256,169216,169471,169375,0
169727,426331619414375,3152666,0.57674917,256,169472,169727,169699,0
169983,426331621450250,1912833,0.59063498,256,169728,169983,169883,0
170239,426331621464791,2730292,0.61252297,256,169984,170239,170042,0
170495,426331622026583,2974375,0.63678324,256,170240,170495,170318,0
170751,426331622901125,2910708,0.59948209,256,170496,170751,170710,0
171007,426331623801041,2805417,0.60904724,256,170752,171007,170774,0
171263,426331624664291,2728667,0.60613878,256,171008,171263,171059,0
171519,426331625542125,2653250,0.61424834,256,171264,171519,171517,0
171775,426331626470750,2557333,0.6132524,256,171520,171775,171536,0
172031,426331627353916,2462375,0.60373505,256,171776,172031,172002,0
172287,426331628283916,2338500,0.61460563,256,172032,172287,172272,0
172543,426331629116166,2330375,0.66362755,256,172288,172543,172543,0
172799,426331630032916,2209625,0.65393908,256,172544,172799,172558,0
173055,426331630912208,2179917,0.62217051,256,172800,173055,172917,0
173311,426331631758416,2158500,0.61708042,256,173056,173311,173174,0
173567,426331632671541,2084209,0.64805175,256,173312,173567,173382,0
173823,426331633590708,1986083,0.62971467,256,173568,173823,173773,0
174079,426331634518250,1894000,0.6198063,256,173824,174079,173982,0
174335,426331635420041,1799042,0.58066036,256,174080,174335,174261,0
174591,426331636304416,1754292,0.62529003,256,174336,174591,174439,0
174847,426331637177916,1715125,0.62864922,256,174592,174847,174749,0
175103,426331638057416,1663625,0.62037311,256,174848,175103,175030,0
175359,426331638880500,1632041,0.60885206,256,175104,175359,175108,0
175615,426331639771208,1583167,0.63898438,256,175360,175615,175524,0
175871,426331640668875,1526333,0.60914251,256,175616,175871,175632,0
176127,426331641536500,1455125,0.57826217,256,175872,176127,176010,0
176383,426331642394583,1413125,0.59432828,256,176128,176383,176156,0
176639,426331643245208,1375792,0.57141594,256,176384,176639,176495,0
176895,426331644143750,4137500,0.58731305,256,176640,176895,176756,0
177151,426331645025625,3257541,0.63939749,256,176896,177151,177044,0
177407,426331648235250,998791,0.63027226,256,177152,177407,177374,0
177663,426331648253708,1781042,0.58755874,256,177408,177663,177610,0
177919,426331648263208,2566292,0.56916369,256,177664,177919,177873,0
178175,426331648603541,3115084,0.62146377,256,177920,178175,177982,0
178431,426331649488916,3037375,0.59872554,256,178176,178431,178429,0
178687,426331650382875,2919500,0.59822397,256,178432,178687,178555,0
178943,426331651252250,2850541,0.60944565,256,178688,178943,178879,0
179199,426331652109000,2801666,0.61940373,256,178944,179199,179121,0
179455,426331652977833,2752292,0.61862896,256,179200,179455,179321,0
179711,426331653894791,2644875,0.64121584,256,179456,179711,179528,0
179967,426331654818708,2533375,0.60850876,256,179712,179967,179793,0
180223,426331655714291,2445167,0.63755647,256,179968,180223,180220,0
180479,426331656620625,2362583,0.62428661,256,180224,180479,180344,0
180735,426331657550833,2224583,0.60332944,256,180480,180735,180530,0
180991,426331658388000,2220708,0.6298314,256,180736,180991,180816,0
181247,426331659315375,2084000,0.5681895,256,180992,181247,181068,0
181503,426331660214458,1983667,0.58800449,256,181248,181503,181254,0
181759,426331661086750,1898500,0.59206189,256,181504,181759,181739,0
182015,426331661908333,1885292,0.61040398,256,181760,182015,181805,0
182271,426331662743791,1844875,0.6066355,256,182016,182271,182016,0
182527,426331663693083,1689333,0.63854934,256,182272,182527,182524,0
182783,426331664583833,1625333,0.65932005,256,182528,182783,182599,0
183039,426331665460041,1551917,0.59602317,256,182784,183039,182964,0
183295,426331666354625,1476500,0.60274246,256,183040,183295,183133,0
183551,426331667212041,1411750,0.59988771,256,183296,183551,183364,0
183807,426331668125416,1374167,0.6686183,256,183552,183807,183692,0
184063,426331669028250,1260833,0.60951265,256,183808,184063,184032,0
184319,426331669925541,1178834,0.61662286,256,184064,184319,184199,0
184575,426331670825708,1105542,0.64193169,256,184320,184575,184347,0
184831,426331671709208,1028542,0.58499298,256,184576,184831,184588,0
185087,426331672564208,957875,0.6016676,256,184832,185087,185064,0
185343,426331673397750,946166,0.61858467,256,185088,185343,185336,0
185599,426331674324250,845416,0.58407239,256,185344,185599,185503,0
185855,426331675229083,1687792,0.59487259,256,185600,185855,185695,0
186111,426331676122291,1755792,0.58325845,256,185856,186111,186087,0
186367,426331677033291,1641417,0.57110776,256,186112,186367,186261,0
186623,426331677867333,1627250,0.62981849,256,186368,186623,186568,0
186879,426331678815916,1493792,0.57930104,256,186624,186879,186783,0
187135,426331679681916,1461625,0.65859587,256,186880,187135,187048,0
187391,426331680598750,1397083,0.60778999,256,187136,187391,187141,0
187647,426331681457750,1334458,0.60328128,256,187392,187647,187525,0
187903,426331682297875,1327083,0.58603592,256,187648,187903,187736,0
188159,426331683160416,1283459,0.6051523,256,187904,188159,188138,0
188415,426331684041708,1259750,0.60298794,256,188160,188415,188341,0
188671,426331684928458,1213042,0.59905662,256,188416,188671,188644,0
188927,426331685788541,1184834,0.60905626,256,188672,188927,188837,0
189183,426331686659041,1108250,0.64303692,256,188928,189183,189078,0
189439,426331687581583,995667,0.60143652,256,189184,189439,189228,0
189695,426331688520208,873792,0.61402743,256,189440,189695,189611,0
189951,426331689346750,880375,0.59535371,256,189696,189951,189827,0
190207,426331690252458,839875,0.61915101,256,189952,190207,189963,0
190463,426331691113708,863333,0.61467062,256,190208,190463,190317,0
190719,426331691933333,874333,0.59832341,256,190464,190719,190499,0
190975,426331692866916,953459,0.60441898,256,190720,190975,190906,0
191231,426331693736625,897750,0.60027493,256,190976,191231,191111,0
191487,426331694604166,3009292,0.66421782,256,191232,191487,191410,0
191743,426331697667208,1042500,0.61290356,256,191488,191743,191574,0
191999,426331697695500,1813666,0.64918656,256,191744,191999,191800,0
192255,426331697704833,2620417,0.59092323,256,192000,192255,192037,0
192511,426331698168750,2957208,0.60081734,256,192256,192511,192509,0
192767,426331699064000,2942500,0.65669599,256,192512,192767,192546,0
193023,426331699931458,2880750,0.61424124,256,192768,193023,193018,0
193279,426331700862583,2766458,0.62120374,256,193024,193279,193029,0
193535,426331701749333,2707333,0.60772612,256,193280,193535,193425,0
193791,426331702690458,2574583,0.57819875,256,193536,193791,193714,0
194047,426331703599750,2472625,0.62012724,256,193792,194047,193966,0
194303,426331704477541,2419667,0.62712254,256,194048,194303,194281,0
194559,426331705345208,2370083,0.60192367,256,194304,194559,194373,0
194815,426331706217208,2303375,0.59939127,256,194560,194815,194578,0
195071,426331707150000,2184791,0.62206653,256,194816,195071,194923,0
195327,426331708072500,2112125,0.62019624,256,195072,195327,195197,0
195583,426331709004916,2006959,0.62464416,256,195328,195583,195509,0
195839,426331709881958,1956208,0.61700318,256,195584,195839,195591,0
196095,426331710717583,1903333,0.63017868,256,195840,196095,196085,0
196351,426331711554125,1853083,0.57751257,256,196096,196351,196337,0
196607,426331712448666,1749459,0.61242889,256,196352,196607,196400,0
196863,426331713353375,1644875,0.59227937,256,196608,196863,196660,0
197119,426331714274500,1520375,0.59442219,256,196864,197119,196912,0
197375,426331715247666,1377625,0.63925784,256,197120,197375,197231,0
197631,426331716161625,1262583,0.60842845,256,197376,197631,197382,0
197887,426331717085750,1150208,0.61103145,256,197632,197887,197792,0
198143,426331717948041,1095542,0.61090879,256,197888,198143,198079,0
198399,426331718898125,946291,0.59589135,256,198144,198399,198153,0
198655,426331719774875,880500,0.61692627,256,198400,198655,198449,0
198911,426331720631208,839750,0.64087453,256,198656,198911,198872,0
199167,426331721465458,833125,0.6315689,256,198912,199167,199100,0
199423,426331722325541,795792,0.5872921,256,199168,199423,199189,0
199679,426331723240125,898250,0.63829549,256,199424,199679,199582,0
199935,426331724047000,932833,0.62853484,256,199680,199935,199785,0
200191,426331724956958,917417,0.60755528,256,199936,200191,199992,0
200447,426331725857833,858583,0.60754791,256,200192,200447,200431,0
200703,426331726717916,856792,0.62263458,256,200448,200703,200529,0
200959,426331727670625,885041,0.60779822,256,200704,200959,200800,0
201215,426331728572000,850125,0.59317879,256,200960,201215,201154,0
201471,426331729487666,832375,0.63330478,256,201216,201471,201378,0
201727,426331730385875,855750,0.63263105,256,201472,201727,201595,0
201983,426331731242875,844083,0.64410942,256,201728,201983,201775,0
202239,426331732139458,845208,0.6023155,256,201984,202239,202198,0
202495,426331733000625,820041,0.59392582,256,202240,202495,202393,0
202751,426331733877333,920167,0.6397648,256,202496,202751,202632,0
203007,426331734774708,839750,0.60877202,256,202752,203007,202968,0
203263,426331735674916,1309167,0.61318985,256,203008,203263,203213,0
203519,426331736569625,1254833,0.62750057,256,203264,203519,203340,0
203775,426331737447333,1236875,0.63772835,256,203520,203775,203564,0
204031,426331738430208,1101583,0.64164905,256,203776,204031,203983,0
204287,426331739354250,1018958,0.64319282,256,204032,204287,204236,0
204543,426331740230166,972000,0.60900428,256,204288,204543,204495,0
204799,426331741086750,2589583,0.63325526,256,204544,204799,204770,0
205055,426331743677583,930333,0.63732299,256,204800,205055,204909,0
205311,426331743692250,1727541,0.59443301,256,205056,205311,205257,0
205567,426331743708958,2545625,0.64122953,256,205312,205567,205392,0
205823,426331744551166,2552334,0.64987984,256,205568,205823,205685,0
206079,426331745416041,2530834,0.60605493,256,205824,206079,205837,0
206335,426331746314250,2493833,0.65296432,256,206080,206335,206301,0
206591,426331747246458,2379875,0.62393145,256,206336,206591,206345,0
206847,426331748126791,2315542,0.64018076,256,206592,206847,206720,0
207103,426331749039666,2245500,0.63829761,256,206848,207103,207086,0
207359,426331749940166,2154667,0.59043634,256,207104,207359,207340,0
207615,426331750850875,2080750,0.61976185,256,207360,207615,207469,0
207871,426331751752500,2028250,0.63563742,256,207616,207871,207860,0
208127,426331752673250,1957375,0.64076093,256,207872,208127,207886,0
208383,426331753571333,1906083,0.61740189,256,208128,208383,208349,0
208639,426331754487791,1839125,0.64467236,256,208384,208639,208411,0
208895,426331755355250,1826458,0.62364927,256,208640,208895,208705,0
209151,426331756261375,1807750,0.67610459,256,208896,209151,209061,0
209407,426331757105541,1800084,0.61156548,256,209152,209407,209322,0
209663,426331757998791,1773959,0.64185669,256,209408,209663,209531,0
209919,426331758855833,1752583,0.60819544,256,209664,209919,209835,0
210175,426331759729916,1708667,0.60853292,256,209920,210175,210172,0
210431,426331760677458,1611417,0.60584482,256,210176,210431,210302,0
210687,426331761507250,1665666,0.67894507,256,210432,210687,210670,0
210943,426331762398291,1622125,0.60293968,256,210688,210943,210874,0
211199,426331763276916,1619042,0.64961557,256,210944,211199,211141,0
211455,426331764205083,1529625,0.65605684,256,211200,211455,211445,0
211711,426331765100791,1464167,0.60291165,256,211456,211711,211683,0
211967,426331765961708,1606583,0.63862436,256,211712,211967,211769,0
212223,426331766792416,2009375,0.64809905,256,211968,212223,212177,0
212479,426331767656500,1997458,0.63287607,256,212224,212479,212234,0
212735,426331768527625,1978958,0.61548058,256,212480,212735,212614,0
212991,426331769387625,1959291,0.59944774,256,212736,212991,212746,0
213247,426331770281041,1921709,0.64472019,256,212992,213247,213083,0
213503,426331771164541,1885042,0.60813703,256,213248,213503,213493,0
213759,426331772069958,1833500,0.6762325,256,213504,213759,213542,0
214015,426331772945708,1813958,0.63039284,256,213760,214015,213973,0
214271,426331773842208,1769458,0.65093792,256,214016,214271,214183,0
214527,426331774657208,1774250,0.61951663,256,214272,214527,214506,0
214783,426331775587958,1682167,0.60176922,256,214528,214783,214706,0
215039,426331776406500,1691791,0.58877187,256,214784,215039,214929,0
215295,426331777311875,1619916,0.62346011,256,215040,215295,215153,0
215551,426331778211750,1571000,0.62318861,256,215296,215551,215354,0
215807,426331779012416,1636667,0.60674639,256,215552,215807,215743,0
216063,426331779881416,1596792,0.59356166,256,215808,216063,216042,0
216319,426331780745708,1565583,0.62176583,256,216064,216319,216319,0
216575,426331781693541,1459667,0.66912341,256,216320,216575,216566,0
216831,426331782580333,1445542,0.67761214,256,216576,216831,216606,0
217087,426331783499916,1359250,0.63351258,256,216832,217087,216970,0
217343,426331784398791,1287500,0.63162866,256,217088,217343,217340,0
217599,426331785314458,1238292,0.6318691,256,217344,217599,217349,0
217855,426331786217041,1156334,0.5882785,256,217600,217855,217751,0
218111,426331787046541,1163542,0.59024759,256,217856,218111,218099,0
218367,426331787921958,1099708,0.58801015,256,218112,218367,218238,0
218623,426331788803083,3742000,0.68728591,256,218368,218623,218577,0
218879,426331789779375,2767791,0.61867574,256,218624,218879,218642,0
219135,426331790733000,3055750,0.60049282,256,218880,219135,219088,0
219391,426331792884291,1724750,0.61710258,256,219136,219391,219209,0
219647,426331792937250,2565250,0.6286582,256,219392,219647,219592,0
219903,426331793229583,3041500,0.6453923,256,219648,219903,219761,0
220159,426331794172541,2980542,0.63490297,256,219904,220159,219931,0
220415,426331795059041,2945334,0.6416423,256,220160,220415,220262,0
220671,426331795923416,2921750,0.62430912,256,220416,220671,220661,0
220927,426331796778750,2916375,0.63129476,256,220672,220927,220723,0
221183,426331797664000,2832041,0.64913662,256,220928,221183,221021,0
221439,426331798516333,2856625,0.64973736,256,221184,221439,221379,0
221695,426331799419166,2773209,0.57956331,256,221440,221695,221660,0
221951,426331800242041,2770167,0.61284035,256,221696,221951,221740,0
222207,426331801119125,2742000,0.64470687,256,221952,222207,222057,0
222463,426331801998791,2704750,0.63684892,256,222208,222463,222434,0
222719,426331802869541,2724542,0.68487594,256,222464,222719,222573,0
222975,426331803719708,2711042,0.60635518,256,222720,222975,222827,0
223231,426331804646541,2661500,0.63492915,256,222976,223231,223095,0
223487,426331805562000,2592833,0.64038003,256,223232,223487,223424,0
223743,426331806428541,2548500,0.60458498,256,223488,223743,223626,0
223999,426331807325416,2468500,0.61138184,256,223744,223999,223938,0
224255,426331808187708,2417667,0.59090211,256,224000,224255,224005,0
224511,426331809037541,2394000,0.62098797,256,224256,224511,224466,0
224767,426331809930916,2356167,0.62856775,256,224512,224767,224618,0
225023,426331810851416,2239292,0.59053032,256,224768,225023,224870,0
225279,426331811769208,2191417,0.64044553,256,225024,225279,225223,0
225535,426331812620833,2181042,0.62097953,256,225280,225535,225488,0
225791,426331813500125,2161916,0.61062979,256,225536,225791,225660,0
226047,426331814419125,2072541,0.60962017,256,225792,226047,226008,0
226303,426331815336041,2005667,0.60518556,256,226048,226303,226289,0
226559,426331816215041,1981417,0.64102501,256,226304,226559,226538,0
226815,426331817097625,1926708,0.62939463,256,226560,226815,226623,0
227071,426331818032500,1813750,0.58867688,256,226816,227071,227041,0
227327,426331818946500,1726291,0.6443855,256,227072,227327,227259,0
227583,426331819846833,1671750,0.65614144,256,227328,227583,227559,0
227839,426331820685250,1661791,0.62423057,256,227584,227839,227588,0
228095,426331821587125,1614708,0.6332931,256,227840,228095,228081,0
228351,426331822475750,1545250,0.58710934,256,228096,228351,228196,0
228607,426331823379666,1463792,0.60331849,256,228352,228607,228493,0
228863,426331824287416,1367667,0.61998326,256,228608,228863,228701,0
229119,426331825180541,1297750,0.65400459,256,228864,229119,229035,0
229375,426331825988708,1309417,0.6237523,256,229120,229375,229134,0
229631,426331826880125,1265833,0.6458288,256,229376,229631,229599,0
229887,426331827734250,1244833,0.59749237,256,229632,229887,229752,0
230143,426331828684541,1121417,0.597402,256,229888,230143,230061,0
230399,426331829497125,1121500,0.61188899,256,230144,230399,230235,0
230655,426331830366791,1081709,0.66563199,256,230400,230655,230416,0
230911,426331831287416,974625,0.61303204,256,230656,230911,230869,0
231167,426331832185375,887833,0.60281846,256,230912,231167,231136,0
231423,426331833046250,853416,0.59442221,256,231168,231423,231299,0
231679,426331833896416,853084,0.57155643,256,231424,231679,231591,0
231935,426331834794958,1465625,0.59648675,256,231680,231935,231707,0
232191,426331835705291,4011584,0.65585927,256,231936,232191,232050,0
232447,426331836535125,3183083,0.63750405,256,232192,232447,232395,0
232703,426331837771875,2935458,0.65071636,256,232448,232703,232698,0
232959,426331839749708,1789208,0.63831303,256,232704,232959,232704,0
233215,426331839764541,2602250,0.61297029,256,232960,233215,233178,0
233471,426331840041708,3137167,0.62639294,256,233216,233471,233314,0
233727,426331840922958,3071000,0.61854913,256,233472,233727,233631,0
233983,426331841765500,3036875,0.59637254,256,233728,233983,233899,0
234239,426331842584333,3051833,0.63534921,256,233984,234239,234202,0
234495,426331843452000,3023541,0.61000586,256,234240,234495,234365,0
234751,426331844313083,2973667,0.59199943,256,234496,234751,234650,0
235007,426331845188625,2909875,0.62598071,256,234752,235007,234911,0
235263,426331846106875,2810083,0.60876253,256,235008,235263,235063,0
235519,426331846987541,2716417,0.62042115,256,235264,235519,235310,0
235775,426331847899208,2595167,0.60044824,256,235520,235775,235687,0
236031,426331848768750,2564125,0.62258164,256,235776,236031,236031,0
236287,426331849659500,2534166,0.61672773,256,236032,236287,236177,0
236543,426331850526833,2474125,0.63793373,256,236288,236543,236484,0
236799,426331851421833,2422333,0.63242657,256,236544,236799,236650,0
237055,426331852266958,2373458,0.65676825,256,236800,237055,236807,0
237311,426331853194250,2291333,0.65068601,256,237056,237311,237136,0
237567,426331854098541,2206917,0.65469798,256,237312,237567,237363,0
237823,426331854933708,2174167,0.60124857,256,237568,237823,237715,0
238079,426331855850791,2060917,0.61766377,256,237824,238079,237852,0
238335,426331856759333,1956417,0.59642016,256,238080,238335,238174,0
238591,426331857663166,1865167,0.66309834,256,238336,238591,238535,0
238847,426331858594166,1757917,0.61057383,256,238592,238847,238830,0
239103,426331859521166,1629084,0.59880173,256,238848,239103,238927,0
239359,426331860399583,1559042,0.60759245,256,239104,239359,239191,0
239615,426331861299583,1474667,0.65781552,256,239360,239615,239424,0
239871,426331862197791,1363292,0.63380544,256,239616,239871,239704,0
240127,426331863088291,1283084,0.60113956,256,239872,240127,240093,0
240383,426331863937500,1236333,0.62129579,256,240128,240383,240357,0
240639,426331864830250,1174708,0.58529765,256,240384,240639,240639,0
240895,426331865679916,1141792,0.62064396,256,240640,240895,240657,0
241151,426331866536333,1075625,0.59992003,256,240896,241151,241119,0
241407,426331867395958,1050917,0.61596974,256,241152,241407,241397,0
241663,426331868283375,959916,0.57658246,256,241408,241663,241494,0
241919,426331869167208,878417,0.56519687,256,241664,241919,241775,0
242175,426331870053125,1712208,0.62374666,256,241920,242175,241951,0
242431,426331870949625,1795875,0.58368317,256,242176,242431,242310,0
242687,426331871823000,1740625,0.58232311,256,242432,242687,242585,0
242943,426331872693333,1717417,0.6099363,256,242688,242943,242804,0
243199,426331873516166,1713584,0.58881237,256,242944,243199,243112,0
243455,426331874442500,1648208,0.61528807,256,243200,243455,243281,0
243711,426331875322833,1605292,0.60228561,256,243456,243711,243523,0
243967,426331876204583,1552917,0.65134198,256,243712,243967,243862,0
244223,426331877073833,1499375,0.62799196,256,243968,244223,244136,0
244479,426331877955166,1444875,0.64382915,256,244224,244479,244454,0
244735,426331878848375,1386416,0.61922696,256,244480,244735,244668,0
244991,426331879754625,1298083,0.60329803,256,244736,244991,244799,0
245247,426331880614583,1259458,0.62816033,256,244992,245247,245159,0
245503,426331881464583,1217125,0.57488227,256,245248,245503,245390,0
245759,426331882352208,1150750,0.64913908,256,245504,245759,245529,0
246015,426331883338083,989750,0.59932455,256,245760,246015,245820,0
246271,426331884190458,975000,0.61677297,256,246016,246271,246227,0
246527,426331885034750,957208,0.65642894,256,246272,246527,246328,0
246783,426331885924041,893709,0.61479246,256,246528,246783,246554,0
247039,426331886764750,857166,0.5812468,256,246784,247039,247029,0
247295,426331887660416,841417,0.60889053,256,247040,247295,247192,0
247551,426331888510000,3658750,0.63722307,256,247296,247551,247528,0
247807,426331889407708,2836833,0.6789547,256,247552,247807,247564,0
248063,426331892249458,1035833,0.62730144,256,247808,248063,247963,0
248319,426331892264083,1825208,0.60328595,256,248064,248319,248068,0
248575,426331892278500,2601625,0.64256733,256,248320,248575,248558,0
248831,426331892836291,2860292,0.62837244,256,248576,248831,248738,0
249087,426331893768958,2763458,0.60233607,256,248832,249087,248842,0
249343,426331894599333,2734958,0.60359799,256,249088,249343,249210,0
249599,426331895506083,2613375,0.56453933,256,249344,249599,249549,0
249855,426331896376041,2534125,0.59659302,256,249600,249855,249648,0
250111,426331897320750,2424333,0.61424866,256,249856,250111,250051,0
250367,426331898180041,2347500,0.62930165,256,250112,250367,250343,0
250623,426331899010750,2322583,0.57240215,256,250368,250623,250581,0
250879,426331899881708,2258167,0.58270619,256,250624,250879,250654,0
251135,426331900774666,2184875,0.62488011,256,250880,251135,250957,0
251391,426331901630250,2126333,0.57593519,256,251136,251391,251231,0
251647,426331902513625,2052333,0.62010245,256,251392,251647,251578,0
251903,426331903390875,1988625,0.61091659,256,251648,251903,251830,0
252159,426331904315958,1856667,0.59584126,256,251904,252159,252094,0
252415,426331905218041,1747750,0.60658991,256,252160,252415,252213,0
252671,426331906146708,1624583,0.61519844,256,252416,252671,252489,0
252927,426331906994416,1585959,0.60823272,256,252672,252927,252905,0
253183,426331907867583,1495750,0.61129457,256,252928,253183,253016,0
253439,426331908766125,1392166,0.60562089,256,253184,253439,253295,0
253695,426331909635041,1319000,0.60377393,256,253440,253695,253520,0
253951,426331910510500,1272625,0.62713047,256,253696,253951,253836,0
254207,426331911448375,1146916,0.61624675,256,253952,254207,254195,0
254463,426331912295458,1092958,0.65692913,256,254208,254463,254263,0
254719,426331913117541,1049334,0.61805452,256,254464,254719,254465,0
254975,426331914046875,902750,0.62261602,256,254720,254975,254803,0
255231,426331914976583,1659333,0.59726526,256,254976,255231,255187,0
255487,426331915815375,1837791,0.61549548,256,255232,255487,255236,0
255743,426331916734208,1747833,0.60383213,256,255488,255743,255690,0
255999,426331917626708,1665917,0.57401221,256,255744,255999,255755,0
256255,426331918529625,1568416,0.58227665,256,256000,256255,256062,0
256511,426331919413708,1505000,0.59378722,256,256256,256511,256332,0
256767,426331920272625,1469500,0.61128015,256,256512,256767,256591,0
257023,426331921165500,1412541,0.62494963,256,256768,257023,256835,0
257279,426331922023458,1351042,0.59723363,256,257024,257279,257044,0
257535,426331922901458,1317375,0.58792185,256,257280,257535,257302,0
257791,426331923762541,1296334,0.61263605,256,257536,257791,257590,0
258047,426331924649250,1224500,0.61526841,256,257792,258047,257875,0
258303,426331925554916,1131209,0.60018103,256,258048,258303,258300,0
258559,426331926439458,1106750,0.69292101,256,258304,258559,258558,0
258815,426331927284666,1136875,0.64495132,256,258560,258815,258566,0
259071,426331928225750,1048208,0.62245042,256,258816,259071,259046,0
259327,426331929065958,1010792,0.59416998,256,259072,259327,259117,0
259583,426331929957916,953834,0.59891146,256,259328,259583,259472,0
259839,426331930922583,834458,0.59348389,256,259584,259839,259762,0
260095,426331931844416,1699334,0.59958757,256,259840,260095,259897,0
260351,426331932763833,1763542,0.60133077,256,260096,260351,260289,0
260607,426331933598666,4024459,0.60591531,256,260352,260607,260582,0
260863,426331934517875,3106958,0.63295032,256,260608,260863,260666,0
261119,426331935537916,2087959,0.60153947,256,260864,261119,261002,0
261375,426331937110875,1645458,0.59158211,256,261120,261375,261373,0
261631,426331937172250,2175541,0.64671385,256,261376,261631,261544,0
261887,426331938770958,1409542,0.63386269,256,261632,261887,261875,0
262143,426331938975541,2047084,0.62934687,256,261888,262143,261943,0
262399,426331939888666,1989542,0.63753856,256,262144,262399,262260,0
262655,426331940786250,1996291,0.63687953,256,262400,262655,262655,0
262911,426331941640833,1966292,0.60181328,256,262656,262911,262774,0
263167,426331942538958,1872375,0.64143286,256,262912,263167,262978,0
263423,426331943430333,1765875,0.59617283,256,263168,263423,263399,0
263679,426331944345666,1640292,0.61257362,256,263424,263679,263429,0
263935,426331945250791,1542209,0.60967855,256,263680,263935,263686,0
264191,426331946095833,1518667,0.64639082,256,263936,264191,264021,0
264447,426331946937166,1478625,0.62883106,256,264192,264447,264431,0
264703,426331947764791,1435167,0.56860543,256,264448,264703,264630,0
264959,426331948697458,1300750,0.56441215,256,264704,264959,264810,0
265215,426331949559291,1253750,0.61130886,256,264960,265215,265189,0
265471,426331950447791,1158625,0.5750652,256,265216,265471,265347,0
265727,426331951371291,1040042,0.57097002,256,265472,265727,265478,0
265983,426331952229458,974167,0.58718128,256,265728,265983,265933,0
266239,426331953115166,892917,0.61997599,256,265984,266239,266045,0
266495,426331953989416,811417,0.59411462,256,266240,266495,266458,0
266751,426331954904250,858291,0.63354144,256,266496,266751,266553,0
267007,426331955785416,810167,0.61077366,256,266752,267007,266792,0
267263,426331956606250,803083,0.59877957,256,267008,267263,267263,0
267519,426331957522125,1712333,0.60738056,256,267264,267519,267316,0
267775,426331958377000,1827916,0.61848223,256,267520,267775,267567,0
268031,426331959221958,1798500,0.61213227,256,267776,268031,268026,0
268287,426331960112375,1722125,0.59928712,256,268032,268287,268032,0
268543,426331961063083,1590750,0.59319544,256,268288,268543,268469,0
268799,426331961948791,1518750,0.59242797,256,268544,268799,268764,0
269055,426331962831416,1453500,0.58565776,256,268800,269055,268869,0
269311,426331963695666,1440917,0.6337925,256,269056,269311,269185,0
269567,426331964540375,1431500,0.62627704,256,269312,269567,269375,0
269823,426331965457375,1327833,0.58328891,256,269568,269823,269794,0
270079,426331966351291,1714209,0.61252297,256,269824,270079,270042,0
270335,426331967196208,2415000,0.63678324,256,270080,270335,270318,0
270591,426331968045000,2365166,0.61420734,256,270336,270591,270414,0
270847,426331968939541,2286584,0.60904724,256,270592,270847,270774,0
271103,426331969823875,2197000,0.60613878,256,270848,271103,271059,0
271359,426331970705333,2095750,0.60333579,256,271104,271359,271168,0
271615,426331971612083,2010292,0.61424834,256,271360,271615,271517,0
271871,426331972500333,1930083,0.59625723,256,271616,271871,271789,0
272127,426331973412958,1821625,0.61436095,256,271872,272127,272096,0
272383,426331974297791,1763209,0.63025999,256,272128,272383,272376,0
272639,426331975147250,1732083,0.66362755,256,272384,272639,272543,0
272895,426331976071166,1609209,0.59566289,256,272640,272895,272887,0
273151,426331976940041,1567542,0.62217051,256,272896,273151,272917,0
273407,426331977808708,1533583,0.64805175,256,273152,273407,273382,0
273663,426331978724291,1418584,0.60259417,256,273408,273663,273615,0
273919,426331979659041,1281625,0.62971467,256,273664,273919,273773,0
274175,426331980550375,1211666,0.6198063,256,273920,274175,273982,0
274431,426331981464708,1079292,0.59285803,256,274176,274431,274411,0
274687,426331982334916,1017334,0.62529003,256,274432,274687,274439,0
274943,426331983233791,924667,0.62864922,256,274688,274943,274749,0
275199,426331984081625,895958,0.62037311,256,274944,275199,275030,0
275455,426331984928666,824542,0.5705806,256,275200,275455,275385,0
275711,426331985826083,866042,0.63898438,256,275456,275711,275524,0
275967,426331986688208,810333,0.60579449,256,275712,275967,275865,0
276223,426331987550083,810750,0.59432828,256,275968,276223,276156,0
276479,426331988454000,1701208,0.56983826,256,276224,276479,276319,0
276735,426331989301791,1818000,0.57141594,256,276480,276735,276495,0
276991,426331990158666,1766625,0.59258233,256,276736,276991,276966,0
277247,426331991058208,1686083,0.63939749,256,276992,277247,277044,0
277503,426331991962958,1589042,0.63027226,256,277248,277503,277374,0
277759,426331992887666,1457167,0.58755874,256,277504,277759,277610,0
278015,426331993748625,1397916,0.62146377,256,277760,278015,277982,0
278271,426331994651375,1304000,0.60246461,256,278016,278271,278132,0
278527,426331995513708,1238917,0.59872554,256,278272,278527,278429,0
278783,426331996416083,1133417,0.59822397,256,278528,278783,278555,0
279039,426331997262750,3604875,0.60944565,256,278784,279039,278879,0
279295,426331998348125,3401666,0.61940373,256,279040,279295,279121,0
279551,426332000903166,1671459,0.64121584,256,279296,279551,279528,0
279807,426332000917625,2472333,0.63227465,256,279552,279807,279572,0
280063,426332000932041,3254959,0.59243858,256,279808,280063,280049,0
280319,426332001723958,3268333,0.63755647,256,280064,280319,280220,0
280575,426332002674416,3161834,0.62428661,256,280320,280575,280344,0
280831,426332003576291,3028209,0.6298314,256,280576,280831,280816,0
281087,426332004449833,2959542,0.59429438,256,280832,281087,280834,0
281343,426332005351000,2862916,0.58800449,256,281088,281343,281254,0
281599,426332006260125,2738750,0.58821582,256,281344,281599,281558,0
281855,426332007129458,2663917,0.61040398,256,281600,281855,281805,0
282111,426332007935583,2649708,0.6066355,256,281856,282111,282016,0
282367,426332008789083,2589333,0.57977163,256,282112,282367,282353,0
282623,426332009727375,2466500,0.65932005,256,282368,282623,282599,0
282879,426332010628833,2381000,0.64431338,256,282624,282879,282638,0
283135,426332011481208,2350625,0.60274246,256,282880,283135,283133,0
283391,426332012364916,2266250,0.59988771,256,283136,283391,283364,0
283647,426332013259416,2199875,0.61212021,256,283392,283647,283568,0
283903,426332014174625,2121166,0.6686183,256,283648,283903,283692,0
284159,426332015060958,2029542,0.60951265,256,283904,284159,284032,0
284415,426332015962916,1977584,0.64193169,256,284160,284415,284347,0
284671,426332016856708,2078500,0.58499298,256,284416,284671,284588,0
284927,426332017738625,2021000,0.58175114,256,284672,284927,284783,0
285183,426332018569875,1986625,0.6016676,256,284928,285183,285064,0
285439,426332019463750,1905833,0.61858467,256,285184,285439,285336,0
285695,426332020358375,1841416,0.59487259,256,285440,285695,285695,0
285951,426332021247416,1774500,0.57453155,256,285696,285951,285774,0
286207,426332022172000,1645625,0.58325845,256,285952,286207,286087,0
286463,426332023027791,1587209,0.59289488,256,286208,286463,286448,0
286719,426332023943958,1477167,0.62981849,256,286464,286719,286568,0
286975,426332024855625,1387625,0.61250639,256,286720,286975,286967,0
287231,426332025744708,1356250,0.65859587,256,286976,287231,287048,0
287487,426332026621291,1319875,0.60433851,256,287232,287487,287327,0
287743,426332027483666,1263584,0.60328128,256,287488,287743,287525,0
287999,426332028339416,1229709,0.57827709,256,287744,287999,287900,0
288255,426332029213666,1164125,0.6051523,256,288000,288255,288138,0
288511,426332030056333,1153750,0.60298794,256,288256,288511,288341,0
288767,426332030963375,1044250,0.59905662,256,288512,288767,288644,0
289023,426332031823791,2140500,0.63687034,256,288768,289023,289020,0
289279,426332032855958,2756458,0.64303692,256,289024,289279,289078,0
289535,426332034036916,2349667,0.58952888,256,289280,289535,289516,0
289791,426332035059125,2148583,0.61402743,256,289536,289791,289611,0
290047,426332035700208,2346667,0.61915101,256,289792,290047,289963,0
290303,426332036244125,2603333,0.59337317,256,290048,290303,290301,0
290559,426332037155125,2518375,0.61467062,256,290304,290559,290317,0
290815,426332038004666,2506792,0.5910827,256,290560,290815,290815,0
291071,426332038870750,2462250,0.60441898,256,290816,291071,290906,0
291327,426332039798750,2350208,0.61028263,256,291072,291327,291281,0
291583,426332040637166,2366750,0.66421782,256,291328,291583,291410,0
291839,426332041507250,2306625,0.64918656,256,291584,291839,291800,0
292095,426332042428166,2194500,0.62763628,256,291840,292095,291924,0
292351,426332043340625,2084750,0.59030164,256,292096,292351,292263,0
292607,426332044191791,2082875,0.65669599,256,292352,292607,292546,0
292863,426332045076250,2028416,0.63442299,256,292608,292863,292633,0
293119,426332045957083,1964125,0.62120374,256,292864,293119,293029,0
293375,426332046894750,1836833,0.60691563,256,293120,293375,293171,0
293631,426332047811500,1743833,0.60772612,256,293376,293631,293425,0
293887,426332048741666,1617084,0.57819875,256,293632,293887,293714,0
294143,426332049652333,1536917,0.62012724,256,293888,294143,293966,0
294399,426332050509375,1506708,0.62712254,256,294144,294399,294281,0
294655,426332051373666,1447125,0.59939127,256,294400,294655,294578,0
294911,426332052289541,1345542,0.58902533,256,294656,294911,294885,0
295167,426332053186208,1265042,0.62206653,256,294912,295167,294923,0
295423,426332054129291,1169875,0.62414991,256,295168,295423,295367,0
295679,426332055029041,1088709,0.62464416,256,295424,295679,295509,0
295935,426332055885375,1029541,0.57558784,256,295680,295935,295683,0
296191,426332056709791,1003959,0.63017868,256,295936,296191,296085,0
296447,426332057616375,889458,0.61242889,256,296192,296447,296400,0
296703,426332058511166,824417,0.59227937,256,296448,296703,296660,0
296959,426332059389833,848208,0.59442219,256,296704,296959,296912,0
297215,426332060338208,835083,0.63125636,256,296960,297215,297204,0
297471,426332061290208,853083,0.63925784,256,297216,297471,297231,0
297727,426332062210458,1699833,0.58870569,256,297472,297727,297567,0
297983,426332063095958,1796542,0.61103145,256,297728,297983,297792,0
298239,426332063996041,1717084,0.61090879,256,297984,298239,298079,0
298495,426332064899916,1618500,0.61692627,256,298240,298495,298449,0
298751,426332065816541,1510542,0.59929395,256,298496,298751,298638,0
299007,426332066659541,1476667,0.64087453,256,298752,299007,298872,0
299263,426332067478458,1465750,0.6315689,256,299008,299263,299100,0
299519,426332068358625,1381708,0.57421666,256,299264,299519,299302,0
299775,426332069234541,1349875,0.63829549,256,299520,299775,299582,0
300031,426332070093125,1334791,0.62853484,256,299776,300031,299785,0
300287,426332070984083,1275333,0.60530327,256,300032,300287,300165,0
300543,426332071906333,1172667,0.62263458,256,300288,300543,300529,0
300799,426332072772708,1132042,0.59656578,256,300544,300799,300663,0
301055,426332073708208,1019208,0.60779822,256,300800,301055,300800,0
301311,426332074604208,937042,0.59317879,256,301056,301311,301154,0
301567,426332075555583,858583,0.63330478,256,301312,301567,301378,0
301823,426332076405500,885791,0.64410942,256,301568,301823,301775,0
302079,426332077303666,906000,0.59444516,256,301824,302079,301939,0
302335,426332078158666,896417,0.6023155,256,302080,302335,302198,0
302591,426332079051958,2502500,0.6196173,256,302336,302591,302563,0
302847,426332081588833,1408042,0.6397648,256,302592,302847,302632,0
303103,426332081695291,2127292,0.60877202,256,302848,303103,302968,0
303359,426332081871208,2778833,0.62750057,256,303104,303359,303340,0
303615,426332082614166,2892500,0.63772835,256,303360,303615,303564,0
303871,426332083527875,2831875,0.61225154,256,303616,303871,303693,0
304127,426332084507250,2690750,0.64164905,256,303872,304127,303983,0
304383,426332085408791,2636000,0.64319282,256,304128,304383,304236,0
304639,426332086221750,2655791,0.62274917,256,304384,304639,304562,0
304895,426332087073791,2651500,0.63325526,256,304640,304895,304770,0
305151,426332087906541,2643084,0.63732299,256,304896,305151,304909,0
305407,426332088779375,2605833,0.64122953,256,305152,305407,305392,0
305663,426332089677666,2547709,0.62660174,256,305408,305663,305570,0
305919,426332090558916,2531709,0.64987984,256,305664,305919,305685,0
306175,426332091476458,2449292,0.59472973,256,305920,306175,305983,0
306431,426332092374208,2401375,0.65296432,256,306176,306431,306301,0
306687,426332093292041,2311000,0.61340293,256,306432,306687,306526,0
306943,426332094176375,2255166,0.64018076,256,306688,306943,306720,0
307199,426332095119416,4251334,0.63829761,256,306944,307199,307086,0
307455,426332096003458,3371583,0.59043634,256,307200,307455,307340,0
307711,426332099364541,871042,0.61976185,256,307456,307711,307469,0
307967,426332099378208,1720167,0.64076093,256,307712,307967,307886,0
308223,426332099392041,2552167,0.61442276,256,307968,308223,308215,0
308479,426332099673750,3122625,0.64467236,256,308224,308479,308411,0
308735,426332100517083,3120833,0.62364927,256,308480,308735,308705,0
308991,426332101396625,3099833,0.61673704,256,308736,308991,308920,0
309247,426332102309125,3067583,0.67610459,256,308992,309247,309061,0
309503,426332103170291,3030667,0.61156548,256,309248,309503,309322,0
309759,426332104025208,3041333,0.64185669,256,309504,309759,309531,0
310015,426332104902791,3004667,0.60819544,256,309760,310015,309835,0
310271,426332105790083,2956083,0.60853292,256,310016,310271,310172,0
310527,426332106722041,2886209,0.62492758,256,310272,310527,310455,0
310783,426332107550666,2925250,0.67894507,256,310528,310783,310670,0
311039,426332108428791,2908125,0.60293968,256,310784,311039,310874,0
311295,426332109279875,2910666,0.64961557,256,311040,311295,311141,0
311551,426332110244708,2796875,0.65605684,256,311296,311551,311445,0
311807,426332111120291,2770125,0.63862436,256,311552,311807,311769,0
312063,426332111973458,2767375,0.61520012,256,311808,312063,311924,0
312319,426332112824333,2817250,0.64809905,256,312064,312319,312177,0
312575,426332113697625,2793708,0.60094351,256,312320,312575,312345,0
312831,426332114546291,2782834,0.61548058,256,312576,312831,312614,0
313087,426332115420958,2765625,0.64472019,256,312832,313087,313083,0
313343,426332116347208,2679167,0.6103563,256,313088,313343,313170,0
313599,426332117229375,2667958,0.6762325,256,313344,313599,313542,0
313855,426332118116458,2618375,0.62823744,256,313600,313855,313626,0
314111,426332118979833,2593833,0.63039284,256,313856,314111,313973,0
314367,426332119885375,2515916,0.65093792,256,314112,314367,314183,0
314623,426332120690750,2549208,0.61951663,256,314368,314623,314506,0
314879,426332121613166,2455750,0.60176922,256,314624,314879,314706,0
315135,426332122453458,2438833,0.62239543,256,314880,315135,315087,0
315391,426332123381375,2352458,0.62346011,256,315136,315391,315153,0
315647,426332124209083,2379750,0.60631253,256,315392,315647,315412,0
315903,426332125053791,5116709,0.60674639,256,315648,315903,315743,0
316159,426332125900541,4277417,0.61005339,256,315904,316159,316139,0
316415,426332126817833,3361375,0.62176583,256,316160,316415,316319,0
316671,426332130204458,1139625,0.67761214,256,316416,316671,316606,0
316927,426332130218958,1941000,0.582646,256,316672,316927,316675,0
317183,426332130234000,2761833,0.63351258,256,316928,317183,316970,0
317439,426332130440291,3418834,0.6318691,256,317184,317439,317349,0
317695,426332131349083,3381292,0.60372303,256,317440,317695,317572,0
317951,426332132241250,3339750,0.5882785,256,317696,317951,317751,0
318207,426332133064416,3338417,0.59024759,256,317952,318207,318099,0
318463,426332133968458,3264458,0.6188372,256,318208,318463,318420,0
318719,426332134837625,3239833,0.68728591,256,318464,318719,318577,0
318975,426332135721291,3175292,0.61264445,256,318720,318975,318860,0
319231,426332136584833,3149958,0.61710258,256,318976,319231,319209,0
319487,426332137495458,3064458,0.60008443,256,319232,319487,319360,0
319743,426332138395458,3005042,0.6286582,256,319488,319743,319592,0
319999,426332139294125,3000500,0.6453923,256,319744,319999,319761,0
320255,426332140201541,2955834,0.61071043,256,320000,320255,320244,0
320511,426332141067666,2933250,0.6416423,256,320256,320511,320262,0
320767,426332141971666,2886375,0.63129476,256,320512,320767,320723,0
321023,426332142806083,2875208,0.64913662,256,320768,321023,321021,0
321279,426332143703708,2785542,0.59326676,256,321024,321279,321201,0
321535,426332144539250,2815625,0.64973736,256,321280,321535,321379,0
321791,426332145418958,2769000,0.61284035,256,321536,321791,321740,0
322047,426332146284291,2735959,0.60630711,256,321792,322047,322023,0
322303,426332147174208,2686458,0.64470687,256,322048,322303,322057,0
322559,426332147991166,2720375,0.65310893,256,322304,322559,322528,0
322815,426332148895333,2694667,0.68487594,256,322560,322815,322573,0
323071,426332149743333,2691167,0.62224034,256,322816,323071,323066,0
323327,426332150691333,2600250,0.63492915,256,323072,323327,323095,0
323583,426332151575583,2554833,0.64038003,256,323328,323583,323424,0
323839,426332152441416,2510500,0.60458498,256,323584,323839,323626,0
324095,426332153338916,2423084,0.61138184,256,323840,324095,323938,0
324351,426332154228166,2351042,0.59470801,256,324096,324351,324345,0
324607,426332155079791,2324000,0.62098797,256,324352,324607,324466,0
324863,426332155968000,2272500,0.62856775,256,324608,324863,324618,0
325119,426332156910833,2166292,0.6257972,256,324864,325119,325107,0
325375,426332157786416,2154584,0.64044553,256,325120,325375,325223,0
325631,426332158657833,2138375,0.62097953,256,325376,325631,325488,0
325887,426332159547583,2096583,0.61062979,256,325632,325887,325660,0
326143,426332160480375,1992375,0.60962017,256,325888,326143,326008,0
326399,426332161371583,1975125,0.61720247,256,326144,326399,326347,0
326655,426332162266125,1898416,0.64102501,256,326400,326655,326538,0
326911,426332163147625,1834958,0.58075952,256,326656,326911,326698,0
327167,426332164081416,1715584,0.59691529,256,326912,327167,327134,0
327423,426332164974208,1665125,0.6443855,256,327168,327423,327259,0
327679,426332165860791,1624625,0.65614144,256,327424,327679,327559,0
327935,426332166703416,1615000,0.61236989,256,327680,327935,327933,0
328191,426332167621250,1533083,0.6332931,256,327936,328191,328081,0
328447,426332168538166,1431334,0.58710934,256,328192,328447,328196,0
328703,426332169400375,1385625,0.61998326,256,328448,328703,328701,0
328959,426332170306583,1287875,0.59439807,256,328704,328959,328800,0
329215,426332171192000,1239083,0.65400459,256,328960,329215,329035,0
329471,426332172005041,1242250,0.5891788,256,329216,329471,329268,0
329727,426332172905583,1191750,0.6458288,256,329472,329727,329599,0
329983,426332173794833,3700583,0.59749237,256,329728,329983,329752,0
330239,426332177598291,1009084,0.61188899,256,329984,330239,330235,0
330495,426332177608291,1839542,0.66563199,256,330240,330495,330416,0
330751,426332177617500,2673458,0.61983034,256,330496,330751,330526,0
331007,426332177626625,3494958,0.61303204,256,330752,331007,330869,0
331263,426332178206708,3758042,0.60281846,256,331008,331263,331136,0
331519,426332179059958,3745208,0.59442221,256,331264,331519,331299,0
331775,426332179943958,3676583,0.59648675,256,331520,331775,331707,0
332031,426332180843833,3599917,0.61146871,256,331776,332031,332020,0
332287,426332181712458,3628333,0.65585927,256,332032,332287,332050,0
332543,426332182601333,3567625,0.63750405,256,332288,332543,332395,0
332799,426332183504666,3523709,0.65071636,256,332544,332799,332698,0
333055,426332184345583,3511292,0.59603534,256,332800,333055,332882,0
333311,426332185219375,3470000,0.61297029,256,333056,333311,333178,0
333567,426332186081125,3453916,0.62639294,256,333312,333567,333314,0
333823,426332186957250,3401958,0.61854913,256,333568,333823,333631,0
334079,426332187777208,3419500,0.6080745,256,333824,334079,333995,0
334335,426332188608708,3450125,0.63534921,256,334080,334335,334202,0
334591,426332189473041,3462334,0.61000586,256,334336,334591,334365,0
334847,426332190353041,3401542,0.59199943,256,334592,334847,334650,0
335103,426332191227166,3404917,0.62598071,256,334848,335103,334911,0
335359,426332192155250,3278041,0.62042115,256,335104,335359,335310,0
335615,426332193049458,3349542,0.6007891,256,335360,335615,335384,0
335871,426332193921416,3270125,0.60044824,256,335616,335871,335687,0
336127,426332194799041,3350792,0.62258164,256,335872,336127,336031,0
336383,426332195689875,3299708,0.61672773,256,336128,336383,336177,0
336639,426332196576958,3244208,0.63793373,256,336384,336639,336484,0
336895,426332197462875,3563833,0.65676825,256,336640,336895,336807,0
337151,426332198322958,3589333,0.65068601,256,336896,337151,337136,0
337407,426332199206625,3567791,0.65469798,256,337152,337407,337363,0
337663,426332200112875,3486458,0.63176897,256,337408,337663,337523,0
337919,426332200987125,3451083,0.61766377,256,337664,337919,337852,0
338175,426332201865333,3413917,0.59642016,256,337920,338175,338174,0
338431,426332202817750,3259916,0.58326041,256,338176,338431,338300,0
338687,426332203729250,3194041,0.66309834,256,338432,338687,338535,0
338943,426332204646666,3134250,0.61057383,256,338688,338943,338830,0
339199,426332205531000,3672125,0.60759245,256,338944,339199,339191,0
339455,426332206427291,3955917,0.65781552,256,339200,339455,339424,0
339711,426332207340333,4197417,0.63992472,256,339456,339711,339588,0
339967,426332208238083,4288583,0.59752637,256,339712,339967,339856,0
340223,426332209097958,4246292,0.60113956,256,339968,340223,340093,0
340479,426332209960333,4193083,0.62129579,256,340224,340479,340357,0
340735,426332210840958,4146208,0.62064396,256,340480,340735,340657,0
340991,426332211718541,4062084,0.60302827,256,340736,340991,340880,0
341247,426332212583708,4033375,0.60785975,256,340992,341247,341179,0
341503,426332213421791,4024125,0.61596974,256,341248,341503,341397,0
341759,426332214315041,3904250,0.57327156,256,341504,341759,341538,0
342015,426332215191000,3826625,0.62374666,256,341760,342015,341951,0
342271,426332216103916,3713459,0.6010083,256,342016,342271,342117,0
342527,426332216963333,3656667,0.58368317,256,342272,342527,342310,0
342783,426332217842375,3555916,0.58232311,256,342528,342783,342585,0
343039,426332218713750,3512916,0.6099363,256,342784,343039,342804,0
343295,426332219530750,3530208,0.61528807,256,343040,343295,343281,0
343551,426332220489083,3400625,0.60390786,256,343296,343551,343298,0
343807,426332221375541,3315334,0.60940541,256,343552,343807,343775,0
344063,426332222212291,3255792,0.65134198,256,343808,344063,343862,0
344319,426332223133666,5624375,0.62799196,256,344064,344319,344136,0
344575,426332224019375,4742583,0.64382915,256,344320,344575,344454,0
344831,426332224910500,3852541,0.61922696,256,344576,344831,344668,0
345087,426332228820291,956875,0.59839023,256,344832,345087,345031,0
345343,426332228837291,1850875,0.62816033,256,345088,345343,345159,0
345599,426332228852333,2626708,0.64913908,256,345344,345599,345529,0
345855,426332228866791,3411625,0.59932455,256,345600,345855,345820,0
346111,426332229500666,3581667,0.58963899,256,345856,346111,345982,0
346367,426332230208833,3681292,0.65642894,256,346112,346367,346328,0
346623,426332231061750,3637708,0.61479246,256,346368,346623,346554,0
346879,426332231955583,3539208,0.58687898,256,346624,346879,346724,0
347135,426332232792333,3494500,0.5812468,256,346880,347135,347029,0
347391,426332233701625,3376375,0.60889053,256,347136,347391,347192,0
347647,426332234557541,3364625,0.6789547,256,347392,347647,347564,0
347903,426332235428500,3275625,0.63423499,256,347648,347903,347770,0
348159,426332236231708,3284208,0.62730144,256,347904,348159,347963,0
348415,426332237097208,3212667,0.57515766,256,348160,348415,348396,0
348671,426332237985208,3142458,0.64256733,256,348416,348671,348558,0
348927,426332238890500,3038458,0.62837244,256,348672,348927,348738,0
349183,426332239800541,5814542,0.5982365,256,348928,349183,348934,0
349439,426332240648833,4968000,0.60359799,256,349184,349439,349210,0
349695,426332241540333,4077542,0.59659302,256,349440,349695,349648,0
349951,426332242428250,3836333,0.5994441,256,349696,349951,349925,0
350207,426332245680333,1369542,0.61424866,256,349952,350207,350051,0
350463,426332245702583,2167208,0.62930165,256,350208,350463,350343,0
350719,426332245726041,2955209,0.58270619,256,350464,350719,350654,0
350975,426332245910375,3561791,0.62488011,256,350720,350975,350957,0
351231,426332246822125,3592000,0.59512176,256,350976,351231,351101,0
351487,426332247673541,3611417,0.58236464,256,351232,351487,351396,0
351743,426332248514041,3633500,0.62010245,256,351488,351743,351578,0
351999,426332249462000,3483291,0.61091659,256,351744,351999,351830,0
352255,426332250420625,3316333,0.60658991,256,352000,352255,352213,0
352511,426332251313708,3211292,0.61519844,256,352256,352511,352489,0
352767,426332252127250,3215250,0.59635555,256,352512,352767,352518,0
353023,426332253030250,3124416,0.61129457,256,352768,353023,353016,0
353279,426332253880791,3077917,0.56548277,256,353024,353279,353212,0
353535,426332254833041,2926459,0.60562089,256,353280,353535,353295,0
353791,426332255706250,5744833,0.600102,256,353536,353791,353607,0
354047,426332256556208,4898375,0.62713047,256,353792,354047,353836,0
354303,426332257492833,3962958,0.65692913,256,354048,354303,354263,0
354559,426332258308916,3147959,0.61805452,256,354304,354559,354465,0
354815,426332261525208,892458,0.62261602,256,354560,354815,354803,0
355071,426332261541208,1671833,0.57629691,256,354816,355071,355030,0
355327,426332261557125,2471250,0.61549548,256,355072,355327,355236,0
355583,426332262184541,2673042,0.59535012,256,355328,355583,355536,0
355839,426332262777958,2900958,0.60383213,256,355584,355839,355690,0
356095,426332263698125,2785708,0.58227665,256,355840,356095,356062,0
356351,426332264553958,2734083,0.59378722,256,356096,356351,356332,0
356607,426332265452708,2648333,0.61128015,256,356352,356607,356591,0
356863,426332266311750,2622583,0.62494963,256,356608,356863,356835,0
357119,426332267182666,2566334,0.59723363,256,356864,357119,357044,0
357375,426332268041166,2576417,0.58792185,256,357120,357375,357302,0
357631,426332268917208,2532750,0.61263605,256,357376,357631,357590,0
357887,426332269803875,6095000,0.61526841,256,357632,357887,357875,0
358143,426332270691291,5209625,0.57622205,256,357888,358143,357946,0
358399,426332271566375,4335625,0.61289621,256,358144,358399,358324,0
358655,426332275986708,1009500,0.69292101,256,358400,358655,358558,0
358911,426332276001125,1829625,0.59693152,256,358656,358911,358667,0
359167,426332276015583,2661333,0.62245042,256,358912,359167,359046,0
359423,426332276030291,3458709,0.59387524,256,359168,359423,359402,0
359679,426332276044750,4265000,0.59891146,256,359424,359679,359472,0
359935,426332276978875,4165166,0.59958757,256,359680,359935,359897,0
360191,426332277882208,4068792,0.58000046,256,359936,360191,360050,0
360447,426332278798208,3969542,0.60133077,256,360192,360447,360289,0
360703,426332279655125,3974541,0.63295032,256,360448,360703,360666,0
360959,426332280563250,3894458,0.59501282,256,360704,360959,360790,0
361215,426332281429000,3870125,0.60153947,256,360960,361215,361002,0
361471,426332282334583,3794083,0.59158211,256,361216,361471,361373,0
361727,426332283200333,3784667,0.64671385,256,361472,361727,361544,0
361983,426332284113916,3754834,0.63386269,256,361728,361983,361875,0
362239,426332285006458,3664750,0.63145207,256,361984,362239,362172,0
362495,426332285906833,3612000,0.63753856,256,362240,362495,362260,0
362751,426332286808416,3540375,0.63687953,256,362496,362751,362655,0
363007,426332287677458,3505583,0.64143286,256,362752,363007,362978,0
363263,426332288583708,3417250,0.57706709,256,363008,363263,363164,0
363519,426332289495916,3330375,0.61257362,256,363264,363519,363429,0
363775,426332290381458,3243083,0.60967855,256,363520,363775,363686,0
364031,426332291278208,3185167,0.64639082,256,363776,364031,364021,0
364287,426332292094000,3220083,0.62269165,256,364032,364287,364092,0
364543,426332292947791,3171292,0.62883106,256,364288,364543,364431,0
364799,426332293829750,3100500,0.56860543,256,364544,364799,364630,0
365055,426332294710958,3056542,0.60762078,256,364800,365055,365012,0
365311,426332295579625,2997291,0.61130886,256,365056,365311,365189,0
365567,426332296486208,2909250,0.5750652,256,365312,365567,365347,0
365823,426332297395125,2806416,0.58355571,256,365568,365823,365754,0
366079,426332298287750,3073500,0.61997599,256,365824,366079,366045,0
366335,426332300230416,2027042,0.60002854,256,366080,366335,366212,0
366591,426332300239541,2859667,0.63354144,256,366336,366591,366553,0
366847,426332300936833,2979375,0.61653147,256,366592,366847,366699,0
367103,426332301797583,2928417,0.56357814,256,366848,367103,366908,0
367359,426332302639750,2908625,0.60738056,256,367104,367359,367316,0
367615,426332303523125,2835708,0.61848223,256,367360,367615,367567,0
367871,426332304399083,2774333,0.5728344,256,367616,367871,367799,0
368127,426332305266333,2727083,0.61213227,256,367872,368127,368026,0
368383,426332306134208,2670125,0.59197516,256,368128,368383,368185,0
368639,426332307109416,2552042,0.59319544,256,368384,368639,368469,0
368895,426332308021666,2426375,0.59242797,256,368640,368895,368764,0
369151,426332310447708,3843917,0.60667735,256,368896,369151,369149,0
369407,426332310456875,3840291,0.6337925,256,369152,369407,369185,0
369663,426332310603791,3694625,0.57238294,256,369408,369663,369425,0
369919,426332314445208,1587333,0.59063498,256,369664,369919,369883,0
370175,426332314454500,2632916,0.61252297,256,369920,370175,370042,0
370431,426332314463625,2891583,0.63678324,256,370176,370431,370318,0
370687,426332314472791,3611042,0.60276169,256,370432,370687,370445,0
370943,426332315010708,4039292,0.60904724,256,370688,370943,370774,0
371199,426332316084000,3837083,0.60613878,256,370944,371199,371059,0
371455,426332317301791,3414084,0.59180814,256,371200,371455,371400,0
371711,426332317640625,3918666,0.61424834,256,371456,371711,371517,0
371967,426332318564958,3837042,0.59625723,256,371712,371967,371789,0
372223,426332319451750,3736041,0.61436095,256,371968,372223,372096,0
372479,426332320316500,3720041,0.63025999,256,372224,372479,372376,0
372735,426332321230583,3637583,0.66362755,256,372480,372735,372543,0
372991,426332322106250,3615041,0.62217051,256,372736,372991,372917,0
373247,426332322956833,3577333,0.61708042,256,372992,373247,373174,0
373503,426332323865666,3495209,0.64805175,256,373248,373503,373382,0
373759,426332324757000,3411333,0.60259417,256,373504,373759,373615,0
374015,426332325726250,3260083,0.62971467,256,373760,374015,373773,0
374271,426332326599291,3170750,0.58066036,256,374016,374271,374261,0
374527,426332327485791,3098042,0.62529003,256,374272,374527,374439,0
374783,426332328330875,3060000,0.62864922,256,374528,374783,374749,0
375039,426332329261458,2940667,0.62037311,256,374784,375039,375030,0
375295,426332330097291,2889792,0.60885206,256,375040,375295,375108,0
375551,426332330965041,6035917,0.63898438,256,375296,375551,375524,0
375807,426332331861250,5141291,0.6292772,256,375552,375807,375553,0
376063,426332332734125,4287541,0.60579449,256,375808,376063,375865,0
376319,426332337032916,1249000,0.59432828,256,376064,376319,376156,0
376575,426332337071625,2015291,0.57141594,256,376320,376575,376495,0
376831,426332337080791,2827292,0.58731305,256,376576,376831,376756,0
377087,426332337090041,3668209,0.63939749,256,376832,377087,377044,0
377343,426332337208458,4351958,0.58810538,256,377088,377343,377125,0
377599,426332338038250,4351833,0.63027226,256,377344,377599,377374,0
377855,426332338895916,4301084,0.58755874,256,377600,377855,377610,0
378111,426332339792000,4230000,0.62146377,256,377856,378111,377982,0
378367,426332340666166,4192042,0.60246461,256,378112,378367,378132,0
378623,426332341565958,4095875,0.59872554,256,378368,378623,378429,0
378879,426332342419166,4061500,0.60944565,256,378624,378879,378879,0
379135,426332343317208,3994417,0.61940373,256,378880,379135,379121,0
379391,426332344163708,3983958,0.61862896,256,379136,379391,379321,0
379647,426332345052500,3904500,0.64121584,256,379392,379647,379528,0
379903,426332346001333,3803500,0.60850876,256,379648,379903,379793,0
380159,426332346891875,3728041,0.59243858,256,379904,380159,380049,0
380415,426332347800958,3658292,0.63755647,256,380160,380415,380220,0
380671,426332348734458,3550167,0.60332944,256,380416,380671,380530,0
380927,426332349587875,3548458,0.6298314,256,380672,380927,380816,0
381183,426332350511666,3441250,0.5681895,256,380928,381183,381068,0
381439,426332351418583,3352792,0.58800449,256,381184,381439,381254,0
381695,426332352285958,3288083,0.58821582,256,381440,381695,381558,0
381951,426332353130625,3275166,0.61040398,256,381696,381951,381805,0
382207,426332353953041,3274209,0.6066355,256,381952,382207,382016,0
382463,426332354866916,3163709,0.57977163,256,382208,382463,382353,0
382719,426332355744791,3143042,0.65932005,256,382464,382719,382599,0
382975,426332356629291,3078125,0.59602317,256,382720,382975,382964,0
383231,426332357516000,3038833,0.60274246,256,382976,383231,383133,0
383487,426332358399958,2965042,0.59988771,256,383232,383487,383364,0
383743,426332359293083,2971125,0.6686183,256,383488,383743,383692,0
383999,426332360226291,2837334,0.58048925,256,383744,383999,383772,0
384255,426332361127000,2779083,0.61662286,256,384000,384255,384199,0
384511,426332362003958,2751750,0.64193169,256,384256,384511,384347,0
384767,426332362893291,2690834,0.58499298,256,384512,384767,384588,0
385023,426332363780375,2617625,0.58960647,256,384768,385023,384954,0
385279,426332364596958,2628500,0.6016676,256,385024,385279,385064,0
385535,426332365527375,2555875,0.61858467,256,385280,385535,385336,0
385791,426332366425333,2509458,0.59487259,256,385536,385791,385695,0
386047,426332367327208,2431125,0.58018432,256,385792,386047,386035,0
386303,426332368209416,2366000,0.58325845,256,386048,386303,386087,0
386559,426332369050083,2355083,0.59289488,256,386304,386559,386448,0
386815,426332370009250,2226375,0.62981849,256,386560,386815,386568,0
387071,426332370869583,2212208,0.65859587,256,386816,387071,387048,0
387327,426332371786958,2174958,0.60778999,256,387072,387327,387141,0
387583,426332372660708,2129125,0.60367651,256,387328,387583,387363,0
387839,426332373495125,2128291,0.58603592,256,387584,387839,387736,0
388095,426332374361125,2104458,0.58117719,256,387840,388095,388034,0
388351,426332375225083,2086083,0.6051523,256,388096,388351,388138,0
388607,426332376095000,2046541,0.60204624,256,388352,388607,388401,0
388863,426332376997583,1990750,0.60905626,256,388608,388863,388837,0
389119,426332377831625,1976250,0.64303692,256,388864,389119,389078,0
389375,426332378746833,1888042,0.60143652,256,389120,389375,389228,0
389631,426332379713750,4143750,0.61402743,256,389376,389631,389611,0
389887,426332380536458,3324833,0.59535371,256,389632,389887,389827,0
390143,426332382292500,2494333,0.61915101,256,389888,390143,389963,0
390399,426332382301666,3315625,0.61467062,256,390144,390399,390317,0
390655,426332383981875,2456208,0.59832341,256,390400,390655,390499,0
390911,426332384047958,3222083,0.60441898,256,390656,390911,390906,0
391167,426332384928000,3157291,0.60027493,256,390912,391167,391111,0
391423,426332385809083,3117417,0.66421782,256,391168,391423,391410,0
391679,426332386675625,3077750,0.61290356,256,391424,391679,391574,0
391935,426332387555125,3009791,0.64918656,256,391680,391935,391800,0
392191,426332388495875,2875500,0.59092323,256,391936,392191,392037,0
392447,426332389378250,2811041,0.59101226,256,392192,392447,392425,0
392703,426332390237916,2823625,0.65669599,256,392448,392703,392546,0
392959,426332391144083,2712250,0.59736265,256,392704,392959,392835,0
393215,426332392036916,2636709,0.62120374,256,392960,393215,393029,0
393471,426332392958083,2545750,0.60772612,256,393216,393471,393425,0
393727,426332393854166,2458042,0.60193256,256,393472,393727,393481,0
393983,426332394780125,2340250,0.62012724,256,393728,393983,393966,0
394239,426332395676375,2272041,0.59574194,256,393984,394239,394049,0
394495,426332396537416,2236334,0.62712254,256,394240,394495,394281,0
394751,426332397442083,2142750,0.59939127,256,394496,394751,394578,0
395007,426332398323416,2076667,0.62206653,256,394752,395007,394923,0
395263,426332399262791,1985375,0.62019624,256,395008,395263,395197,0
395519,426332400194708,1869792,0.62464416,256,395264,395519,395509,0
395775,426332401087375,1805625,0.62092215,256,395520,395775,395542,0
396031,426332401898625,1781208,0.59613018,256,395776,396031,396021,0
396287,426332402748666,1710417,0.63017868,256,396032,396287,396085,0
396543,426332403623791,1633542,0.61242889,256,396288,396543,396400,0
396799,426332404550125,1498916,0.59227937,256,396544,396799,396660,0
397055,426332405463291,1406500,0.59442219,256,396800,397055,396912,0
397311,426332406412750,1261750,0.63925784,256,397056,397311,397231,0
397567,426332407349041,1141875,0.61598194,256,397312,397567,397317,0
397823,426332408275166,1005625,0.61103145,256,397568,397823,397792,0
398079,426332409148250,936916,0.61090879,256,397824,398079,398079,0
398335,426332410064166,836959,0.59589135,256,398080,398335,398153,0
398591,426332410957375,1654750,0.61692627,256,398336,398591,398449,0
398847,426332411825833,1810375,0.59929395,256,398592,398847,398638,0
399103,426332412674791,1807250,0.64087453,256,398848,399103,398872,0
399359,426332413534000,1762125,0.5872921,256,399104,399359,399189,0
399615,426332414397583,1753333,0.63829549,256,399360,399615,399582,0
399871,426332415263500,1757125,0.62853484,256,399616,399871,399785,0
400127,426332416130041,1768084,0.60755528,256,399872,400127,399992,0
400383,426332417059041,1707167,0.60530327,256,400128,400383,400165,0
400639,426332417909625,1692791,0.62263458,256,400384,400639,400529,0
400895,426332418833000,1623250,0.60779822,256,400640,400895,400800,0
401151,426332419761666,1532584,0.60230919,256,400896,401151,400956,0
401407,426332420658125,1468083,0.63330478,256,401152,401407,401378,0
401663,426332421596416,1385167,0.63263105,256,401408,401663,401595,0
401919,426332422410583,1429458,0.64410942,256,401664,401919,401775,0
402175,426332423334875,1347583,0.59992807,256,401920,402175,402083,0
402431,426332424189791,1326459,0.6023155,256,402176,402431,402198,0
402687,426332425085666,1321625,0.6397648,256,402432,402687,402632,0
402943,426332425963458,1615458,0.63364895,256,402688,402943,402719,0
403199,426332426863333,1554875,0.60877202,256,402944,403199,402968,0
403455,426332427725458,1520042,0.62750057,256,403200,403455,403340,0
403711,426332428653791,2569375,0.63772835,256,403456,403711,403564,0
403967,426332429585375,1640541,0.60141272,256,403712,403967,403780,0
404223,426332431610083,1576417,0.64164905,256,403968,404223,403983,0
404479,426332431630333,2117042,0.64319282,256,404224,404479,404236,0
404735,426332432362541,2186500,0.62274917,256,404480,404735,404562,0
404991,426332433152541,2245167,0.63732299,256,404736,404991,404909,0
405247,426332433917333,2302833,0.574203,256,404992,405247,405132,0
405503,426332434789458,2275000,0.64122953,256,405248,405503,405392,0
405759,426332435718208,2182583,0.64987984,256,405504,405759,405685,0
406015,426332436615125,2136166,0.60605493,256,405760,406015,405837,0
406271,426332437481958,2107167,0.60210979,256,406016,406271,406218,0
406527,426332438425500,2001500,0.65296432,256,406272,406527,406301,0
406783,426332439330083,1918042,0.64018076,256,406528,406783,406720,0
407039,426332440239750,1843416,0.62623433,256,406784,407039,406952,0
407295,426332441142125,1756750,0.63829761,256,407040,407295,407086,0
407551,426332442029416,1704750,0.61976185,256,407296,407551,407469,0
407807,426332442929416,1647917,0.60970642,256,407552,407807,407806,0
408063,426332443874666,1559875,0.64076093,256,407808,408063,407886,0
408319,426332444786958,1488167,0.61442276,256,408064,408319,408215,0
408575,426332445692750,1438291,0.64467236,256,408320,408575,408411,0
408831,426332446533750,1455333,0.62364927,256,408576,408831,408705,0
409087,426332447441166,1399250,0.67610459,256,408832,409087,409061,0
409343,426332448321416,1404292,0.62245495,256,409088,409343,409092,0
409599,426332449177125,1405083,0.64185669,256,409344,409599,409531,0
409855,426332450013250,1395500,0.60819544,256,409600,409855,409835,0
410111,426332450923666,1318292,0.58116441,256,409856,410111,410078,0
410367,426332451887208,1206708,0.60853292,256,410112,410367,410172,0
410623,426332452728458,1222458,0.62492758,256,410368,410623,410455,0
410879,426332453575750,1240500,0.67894507,256,410624,410879,410670,0
411135,426332454470625,1209916,0.62888831,256,410880,411135,411130,0
411391,426332455367541,1158125,0.64961557,256,411136,411391,411141,0
411647,426332456271916,1104542,0.65605684,256,411392,411647,411445,0
411903,426332457147625,1084708,0.63862436,256,411648,411903,411769,0
412159,426332457986916,1125500,0.64265163,256,411904,412159,412100,0
412415,426332458857000,1129750,0.64809905,256,412160,412415,412177,0
412671,426332459724666,1112125,0.61548058,256,412416,412671,412614,0
412927,426332460579083,1110250,0.59944774,256,412672,412927,412746,0
413183,426332461455875,1090666,0.64472019,256,412928,413183,413083,0
413439,426332462376250,1027500,0.59469784,256,413184,413439,413212,0
413695,426332463255958,1015458,0.6762325,256,413440,413695,413542,0
413951,426332464128000,976250,0.59521602,256,413696,413951,413768,0
414207,426332465023541,920500,0.65093792,256,413952,414207,414183,0
414463,426332465891000,881000,0.58754861,256,414208,414463,414257,0
414719,426332466724333,880417,0.61951663,256,414464,414719,414506,0
414975,426332467600041,847750,0.59019091,256,414720,414975,414762,0
415231,426332468487375,1370208,0.62346011,256,414976,415231,415153,0
415487,426332469425125,1292750,0.62318861,256,415232,415487,415354,0
415743,426332470213500,1402875,0.60674639,256,415488,415743,415743,0
415999,426332471072625,1400500,0.57661574,256,415744,415999,415755,0
416255,426332471945375,1392083,0.61005339,256,416000,416255,416139,0
416511,426332472878416,1313459,0.62176583,256,416256,416511,416319,0
416767,426332473764500,1329833,0.67761214,256,416512,416767,416606,0
417023,426332474649833,1281875,0.63351258,256,416768,417023,416970,0
417279,426332475579416,1203542,0.5999705,256,417024,417279,417040,0
417535,426332476491416,1176334,0.6318691,256,417280,417535,417349,0
417791,426332477415333,1126083,0.60372303,256,417536,417791,417572,0
418047,426332478301875,1082250,0.58486997,256,417792,418047,417928,0
418303,426332479114291,3582917,0.59024759,256,418048,418303,418099,0
418559,426332480265750,3395208,0.62271564,256,418304,418559,418538,0
418815,426332482728416,1780292,0.68728591,256,418560,418815,418577,0
419071,426332482743333,2597958,0.61264445,256,418816,419071,418860,0
419327,426332482758125,3416291,0.61710258,256,419072,419327,419209,0
419583,426332483546375,3446916,0.60008443,256,419328,419583,419360,0
419839,426332484403958,3448375,0.6453923,256,419584,419839,419761,0
420095,426332485347250,3369958,0.63490297,256,419840,420095,419931,0
420351,426332486234166,3346125,0.6416423,256,420096,420351,420262,0
420607,426332487122125,3274833,0.60697028,256,420352,420607,420435,0
420863,426332487974041,3291792,0.63129476,256,420608,420863,420723,0
421119,426332488822708,3266583,0.64913662,256,420864,421119,421021,0
421375,426332489719125,3206666,0.6158969,256,421120,421375,421374,0
421631,426332490616750,3162750,0.64973736,256,421376,421631,421379,0
421887,426332491437750,3164250,0.61284035,256,421632,421887,421740,0
422143,426332492294375,3154750,0.64470687,256,421888,422143,422057,0
422399,426332493199833,3083250,0.59847605,256,422144,422399,422228,0
422655,426332494042875,3135291,0.68487594,256,422400,422655,422573,0
422911,426332494907583,3096792,0.60635518,256,422656,422911,422827,0
423167,426332495826000,3061958,0.63492915,256,422912,423167,423095,0
423423,426332496721250,2995291,0.61175058,256,423168,423423,423423,0
423679,426332497613166,2950375,0.64038003,256,423424,423679,423424,0
423935,426332498505125,2870375,0.59896902,256,423680,423935,423733,0
424191,426332499383541,2804334,0.61138184,256,423936,424191,423938,0
424447,426332500232333,2780583,0.59470801,256,424192,424447,424345,0
424703,426332501124083,2722792,0.62856775,256,424448,424703,424618,0
424959,426332502007166,2672167,0.61344227,256,424704,424959,424746,0
425215,426332502954208,2570667,0.6257972,256,424960,425215,425107,0
425471,426332503834708,2532417,0.64044553,256,425216,425471,425223,0
425727,426332504697583,2532542,0.62097953,256,425472,425727,425488,0
425983,426332505593166,2454792,0.60027526,256,425728,425983,425892,0
426239,426332506523833,2373958,0.60962017,256,425984,426239,426008,0
426495,426332507397833,2367625,0.61720247,256,426240,426495,426347,0
426751,426332508303041,2289417,0.64102501,256,426496,426751,426538,0
427007,426332509199500,2210333,0.58298577,256,426752,427007,426939,0
427263,426332510138875,2099750,0.6443855,256,427008,427263,427259,0
427519,426332511009041,2067417,0.63127731,256,427264,427519,427391,0
427775,426332511876541,2036667,0.65614144,256,427520,427775,427559,0
428031,426332512756291,1994500,0.61236989,256,427776,428031,427933,0
428287,426332513659041,1922250,0.6332931,256,428032,428287,428081,0
428543,426332514570958,1833875,0.60331849,256,428288,428543,428493,0
428799,426332515451250,1768416,0.61998326,256,428544,428799,428701,0
429055,426332516354833,1679083,0.65400459,256,428800,429055,429035,0
429311,426332517184833,1678167,0.64175703,256,429056,429311,429059,0
429567,426332518067541,1621292,0.59429185,256,429312,429567,429521,0
429823,426332518938291,1599834,0.6458288,256,429568,429823,429599,0
430079,426332519861583,1506958,0.597402,256,429824,430079,430061,0
430335,426332520717625,1472416,0.61188899,256,430080,430335,430235,0
430591,426332521558791,1461459,0.66563199,256,430336,430591,430416,0
430847,426332522483916,1338209,0.61237411,256,430592,430847,430771,0
431103,426332523346041,1279125,0.61303204,256,430848,431103,430869,0
431359,426332524255500,1198666,0.60281846,256,431104,431359,431136,0
431615,426332525068250,1194625,0.58536498,256,431360,431615,431373,0
431871,426332525993250,1083416,0.59648675,256,431616,431871,431707,0
432127,426332526900750,1007250,0.65585927,256,431872,432127,432050,0
432383,426332527742333,1024208,0.63461657,256,432128,432383,432128,0
432639,426332528776750,3565708,0.63750405,256,432384,432639,432395,0
432895,426332532379583,950333,0.65071636,256,432640,432895,432698,0
433151,426332532397666,1720792,0.59208117,256,432896,433151,432907,0
433407,426332532406791,2550834,0.62639294,256,433152,433407,433314,0
433663,426332532416041,3391084,0.61854913,256,433408,433663,433631,0
433919,426332532960916,3667875,0.59637254,256,433664,433919,433899,0
434175,426332533777291,3690084,0.6080745,256,433920,434175,433995,0
434431,426332534630041,3715875,0.63534921,256,434176,434431,434202,0
434687,426332535498833,3692083,0.59496119,256,434432,434687,434459,0
434943,426332536376750,3646958,0.62598071,256,434688,434943,434911,0
435199,426332537245250,3631375,0.60876253,256,434944,435199,435063,0
435455,426332538187291,3507375,0.62042115,256,435200,435455,435310,0
435711,426332539080416,3432042,0.60044824,256,435456,435711,435687,0
435967,426332539928916,3433334,0.60120333,256,435712,435967,435916,0
436223,426332540827333,3427875,0.62258164,256,435968,436223,436031,0
436479,426332541712750,3367625,0.59365453,256,436224,436479,436474,0
436735,426332542613291,3342750,0.63793373,256,436480,436735,436484,0
436991,426332543486250,3287958,0.65676825,256,436736,436991,436807,0
437247,426332544353375,3269666,0.65068601,256,436992,437247,437136,0
437503,426332545250375,3219375,0.65469798,256,437248,437503,437363,0
437759,426332546138625,3170250,0.63176897,256,437504,437759,437523,0
438015,426332547034333,3102625,0.61766377,256,437760,438015,437852,0
438271,426332547958583,3004250,0.59642016,256,438016,438271,438174,0
438527,426332548873000,2917416,0.59249444,256,438272,438527,438446,0
438783,426332549762208,2856375,0.66309834,256,438528,438783,438535,0
439039,426332550698708,2764958,0.61057383,256,438784,439039,438830,0
439295,426332551557583,2738750,0.60759245,256,439040,439295,439191,0
439551,426332552468416,2648250,0.65781552,256,439296,439551,439424,0
439807,426332553389625,2559125,0.63992472,256,439552,439807,439588,0
440063,426332554282750,2488083,0.59752637,256,439808,440063,439856,0
440319,426332555118375,2486500,0.60113956,256,440064,440319,440093,0
440575,426332555989666,2597750,0.62129579,256,440320,440575,440357,0
440831,426332556886375,2407416,0.62064396,256,440576,440831,440657,0
441087,426332557729791,2370750,0.60302827,256,440832,441087,440880,0
441343,426332558616416,2356209,0.60785975,256,441088,441343,441179,0
441599,426332559452625,2330291,0.61596974,256,441344,441599,441397,0
441855,426332560382708,2229625,0.56519687,256,441600,441855,441775,0
442111,426332561204958,2242042,0.62374666,256,441856,442111,441951,0
442367,426332562134958,2135208,0.6010083,256,442112,442367,442117,0
442623,426332563000583,2075875,0.58232311,256,442368,442623,442585,0
442879,426332563877958,2034000,0.6099363,256,442624,442879,442804,0
443135,426332564710958,2033000,0.60861314,256,442880,443135,442938,0
443391,426332565621625,1981750,0.61528807,256,443136,443391,443281,0
443647,426332566543458,1893167,0.60228561,256,443392,443647,443523,0
443903,426332567416083,1848000,0.65134198,256,443648,443903,443862,0
444159,426332568267916,1808500,0.62799196,256,443904,444159,444136,0
444415,426332569140041,1757375,0.58681251,256,444160,444415,444411,0
444671,426332570033125,1706291,0.64382915,256,444416,444671,444454,0
444927,426332570952875,1601541,0.60329803,256,444672,444927,444799,0
445183,426332571799541,1588167,0.62816033,256,444928,445183,445159,0
445439,426332572669625,1527833,0.57488227,256,445184,445439,445390,0
445695,426332573542541,1478875,0.64913908,256,445440,445695,445529,0
445951,426332574475750,1356583,0.59932455,256,445696,445951,445820,0
446207,426332575417500,1237958,0.60932984,256,445952,446207,446129,0
446463,426332576231208,1268958,0.65642894,256,446208,446463,446328,0
446719,426332577100916,1229500,0.61479246,256,446464,446719,446554,0
446975,426332577976333,1171042,0.58687898,256,446720,446975,446724,0
447231,426332578836000,1135958,0.60889053,256,446976,447231,447192,0
447487,426332579713083,1065917,0.60937281,256,447232,447487,447410,0
447743,426332580596625,1034708,0.6789547,256,447488,447743,447564,0
447999,426332581425583,1022250,0.63423499,256,447744,447999,447770,0
448255,426332582246041,1022542,0.60328595,256,448000,448255,448068,0
448511,426332583130208,943333,0.57515766,256,448256,448511,448396,0
448767,426332584028875,954791,0.64256733,256,448512,448767,448558,0
449023,426332584969541,856167,0.6161321,256,448768,449023,448819,0
449279,426332585830000,812666,0.60359799,256,449024,449279,449210,0
449535,426332586687375,829208,0.56479901,256,449280,449535,449293,0
449791,426332587562916,800917,0.59659302,256,449536,449791,449648,0
450047,426332588490916,2435584,0.5994441,256,449792,450047,449925,0
450303,426332591037666,1232375,0.61688379,256,450048,450303,450288,0
450559,426332591047125,2034916,0.62930165,256,450304,450559,450343,0
450815,426332591139000,2749916,0.58270619,256,450560,450815,450654,0
451071,426332591998708,2709917,0.62488011,256,450816,451071,450957,0
451327,426332592834875,2673708,0.59512176,256,451072,451327,451101,0
451583,426332593702000,2621333,0.62010245,256,451328,451583,451578,0
451839,426332594573125,2555666,0.61426755,256,451584,451839,451636,0
452095,426332595495916,2435625,0.59584126,256,451840,452095,452094,0
452351,426332596397166,2321250,0.60658991,256,452096,452351,452213,0
452607,426332597317041,4598959,0.61519844,256,452352,452607,452489,0
452863,426332598165875,3934666,0.59425728,256,452608,452863,452738,0
453119,426332599052208,3049542,0.61129457,256,452864,453119,453016,0
453375,426332602232500,1093500,0.60562089,256,453120,453375,453295,0
453631,426332602252583,1890875,0.60377393,256,453376,453631,453520,0
453887,426332602261875,2727291,0.62713047,256,453632,453887,453836,0
454143,426332602611208,3220417,0.6093607,256,453888,454143,453945,0
454399,426332603497166,3147625,0.65692913,256,454144,454399,454263,0
454655,426332604310041,3156500,0.61805452,256,454400,454655,454465,0
454911,426332605240916,3028334,0.62261602,256,454656,454911,454803,0
455167,426332606141458,2948458,0.58066394,256,454912,455167,455121,0
455423,426332607038791,2862125,0.61549548,256,455168,455423,455236,0
455679,426332607894458,2833708,0.59535012,256,455424,455679,455536,0
455935,426332608820583,2724458,0.60383213,256,455680,455935,455690,0
456191,426332609726000,2609250,0.58227665,256,455936,456191,456062,0
456447,426332610582666,2579334,0.59378722,256,456192,456447,456332,0
456703,426332611472708,2509125,0.61128015,256,456448,456703,456591,0
456959,426332612354833,2446000,0.62494963,256,456704,456959,456835,0
457215,426332613222458,2388083,0.59723363,256,456960,457215,457044,0
457471,426332614093541,2348834,0.58792185,256,457216,457471,457302,0
457727,426332614957208,2314667,0.61263605,256,457472,457727,457590,0
457983,426332615839416,2261542,0.61526841,256,457728,457983,457875,0
458239,426332616723416,2175667,0.55352931,256,457984,458239,458071,0
458495,426332617601333,2163542,0.61289621,256,458240,458495,458324,0
458751,426332618475416,2158417,0.69292101,256,458496,458751,458558,0
459007,426332619431041,2044709,0.59034389,256,458752,459007,458883,0
459263,426332620246250,2054708,0.62245042,256,459008,459263,459046,0
459519,426332621153875,1999000,0.59891146,256,459264,459519,459472,0
459775,426332622076625,1877916,0.59348389,256,459520,459775,459762,0
460031,426332623027125,4544541,0.59958757,256,459776,460031,459897,0
460287,426332623937875,3646625,0.58000046,256,460032,460287,460050,0
460543,426332627447166,983584,0.60133077,256,460288,460543,460289,0
460799,426332627491625,1802708,0.63295032,256,460544,460799,460666,0
461055,426332627506083,2637000,0.60153947,256,460800,461055,461002,0
461311,426332627547000,3432500,0.58873099,256,461056,461311,461211,0
461567,426332628349541,3453209,0.64671385,256,461312,461567,461544,0
461823,426332629247666,3398000,0.6293775,256,461568,461823,461653,0
462079,426332630147208,3372167,0.63386269,256,461824,462079,461875,0
462335,426332631049875,3298958,0.63753856,256,462080,462335,462260,0
462591,426332631962500,3206416,0.60317511,256,462336,462591,462566,0
462847,426332632848166,3175042,0.63687953,256,462592,462847,462655,0
463103,426332633714083,3128250,0.64143286,256,462848,463103,462978,0
463359,426332634602375,3071625,0.57790313,256,463104,463359,463300,0
463615,426332635517250,2971041,0.61257362,256,463360,463615,463429,0
463871,426332636431666,2877542,0.60967855,256,463616,463871,463686,0
464127,426332637267750,2878833,0.64639082,256,463872,464127,464021,0
464383,426332638144083,2828250,0.61697158,256,464128,464383,464155,0
464639,426332638970541,2810584,0.62883106,256,464384,464639,464431,0
464895,426332639869166,2727917,0.56710189,256,464640,464895,464642,0
465151,426332640760458,2662167,0.60762078,256,464896,465151,465012,0
465407,426332641615250,2622000,0.61130886,256,465152,465407,465189,0
465663,426332642524666,2561584,0.57097002,256,465408,465663,465478,0
465919,426332643436000,2432791,0.58355571,256,465664,465919,465754,0
466175,426332644288125,2412708,0.61997599,256,465920,466175,466045,0
466431,426332645159166,2352375,0.60002854,256,466176,466431,466212,0
466687,426332646063958,2279458,0.63354144,256,466432,466687,466553,0
466943,426332646976500,2188333,0.61653147,256,466688,466943,466699,0
467199,426332647817125,2143791,0.5885259,256,466944,467199,467159,0
467455,426332648689833,2095083,0.60738056,256,467200,467455,467316,0
467711,426332649538416,2064125,0.61848223,256,467456,467711,467567,0
467967,426332650421208,2000458,0.5728344,256,467712,467967,467799,0
468223,426332651297458,1947833,0.61213227,256,467968,468223,468026,0
468479,426332652233500,1819791,0.59319544,256,468224,468479,468469,0
468735,426332653146208,1712833,0.57637225,256,468480,468735,468566,0
468991,426332654040666,4321667,0.59242797,256,468736,468991,468764,0
469247,426332654856041,3567292,0.6337925,256,468992,469247,469185,0
469503,426332658360666,926500,0.62627704,256,469248,469503,469375,0
469759,426332658370041,1726292,0.57674917,256,469504,469759,469699,0
470015,426332658379375,2521958,0.59063498,256,469760,470015,469883,0
470271,426332658388625,3360541,0.61252297,256,470016,470271,470042,0
470527,426332659253833,3323625,0.63678324,256,470272,470527,470318,0
470783,426332660112083,3300708,0.60904724,256,470528,470783,470774,0
471039,426332661028958,3214958,0.60540203,256,470784,471039,470956,0
471295,426332661897875,3151958,0.60613878,256,471040,471295,471059,0
471551,426332662767375,3108208,0.61424834,256,471296,471551,471517,0
471807,426332663684666,3040459,0.59625723,256,471552,471807,471789,0
472063,426332664595541,2928792,0.60373505,256,471808,472063,472002,0
472319,426332665511375,2842250,0.61460563,256,472064,472319,472272,0
472575,426332666329375,2867166,0.66362755,256,472320,472575,472543,0
472831,426332667250291,2778709,0.59350308,256,472576,472831,472806,0
473087,426332668125083,2754750,0.62217051,256,472832,473087,472917,0
473343,426332668994041,2731959,0.61708042,256,473088,473343,473174,0
473599,426332669887750,2663666,0.64805175,256,473344,473599,473382,0
473855,426332670818041,2560584,0.62971467,256,473600,473855,473773,0
474111,426332671731375,2486041,0.6198063,256,473856,474111,473982,0
474367,426332672625916,2377417,0.58066036,256,474112,474367,474261,0
474623,426332673548125,2298291,0.62529003,256,474368,474623,474439,0
474879,426332674391791,2279334,0.62864922,256,474624,474879,474749,0
475135,426332675277041,2219709,0.62037311,256,474880,475135,475030,0
475391,426332676097375,2196041,0.5705806,256,475136,475391,475385,0
475647,426332677005375,2142583,0.63898438,256,475392,475647,475524,0
475903,426332677881708,2074292,0.60579449,256,475648,475903,475865,0
476159,426332678741250,2034291,0.59432828,256,475904,476159,476156,0
476415,426332679619541,1956959,0.56983826,256,476160,476415,476319,0
476671,426332680480291,1911417,0.57141594,256,476416,476671,476495,0
476927,426332681340208,1867125,0.5911342,256,476672,476927,476923,0
477183,426332682241833,1820792,0.63939749,256,476928,477183,477044,0
477439,426332683161250,1724125,0.63027226,256,477184,477439,477374,0
477695,426332684061875,1634333,0.58755874,256,477440,477695,477610,0
477951,426332684942583,1571458,0.56916369,256,477696,477951,477873,0
478207,426332685813041,1539917,0.62146377,256,477952,478207,477982,0
478463,426332686699416,1473042,0.59872554,256,478208,478463,478429,0
478719,426332687599833,1383917,0.59822397,256,478464,478719,478555,0
478975,426332688455083,1332417,0.60944565,256,478720,478975,478879,0
479231,426332689311583,1316083,0.61940373,256,478976,479231,479121,0
479487,426332690210916,1251834,0.61862896,256,479232,479487,479321,0
479743,426332691137458,1147708,0.64121584,256,479488,479743,479528,0
479999,426332692039208,1076292,0.60850876,256,479744,479999,479793,0
480255,426332692925125,1022875,0.63755647,256,480000,480255,480220,0
480511,426332693844750,932916,0.62428661,256,480256,480511,480344,0
480767,426332694777083,825000,0.60332944,256,480512,480767,480530,0
481023,426332695624250,853708,0.6298314,256,480768,481023,480816,0
481279,426332696540041,826917,0.58800449,256,481024,481279,481254,0
481535,426332697436583,799792,0.5797155,256,481280,481535,481501,0
481791,426332698311875,1387375,0.59206189,256,481536,481791,481739,0
482047,426332699110541,1393500,0.61040398,256,481792,482047,481805,0
482303,426332699973000,1317791,0.57035621,256,482048,482303,482232,0
482559,426332700911791,1172042,0.6426336,256,482304,482559,482541,0
482815,426332701796125,1112583,0.65932005,256,482560,482815,482599,0
483071,426332702681333,1064458,0.59602317,256,482816,483071,482964,0
483327,426332703580125,3594666,0.60274246,256,483072,483327,483133,0
483583,426332706895416,1232375,0.61212021,256,483328,483583,483568,0
483839,426332706904958,2097833,0.6686183,256,483584,483839,483692,0
484095,426332706914166,2889792,0.60951265,256,483840,484095,484032,0
484351,426332707142166,3528834,0.64193169,256,484096,484351,484347,0
484607,426332708031125,3472833,0.58499298,256,484352,484607,484588,0
484863,426332708927083,3408042,0.58175114,256,484608,484863,484783,0
485119,426332709773041,3366792,0.6016676,256,484864,485119,485064,0
485375,426332710623041,3363667,0.61858467,256,485120,485375,485336,0
485631,426332711543666,3280000,0.58407239,256,485376,485631,485503,0
485887,426332712455166,3210167,0.59487259,256,485632,485887,485695,0
486143,426332713351125,3152875,0.58325845,256,485888,486143,486087,0
486399,426332714231916,3084917,0.57110776,256,486144,486399,486261,0
486655,426332715087916,3066500,0.62981849,256,486400,486655,486568,0
486911,426332716038250,2940166,0.60212846,256,486656,486911,486884,0
487167,426332716904375,2961666,0.65859587,256,486912,487167,487048,0
487423,426332717805000,2901125,0.60433851,256,487168,487423,487327,0
487679,426332718656666,2871417,0.60328128,256,487424,487679,487525,0
487935,426332719518333,2855333,0.58603592,256,487680,487935,487736,0
488191,426332720405208,2802917,0.6051523,256,487936,488191,488138,0
488447,426332721249291,2807792,0.60298794,256,488192,488447,488341,0
488703,426332722162416,2711959,0.59905662,256,488448,488703,488644,0
488959,426332723012541,2714709,0.61451882,256,488704,488959,488947,0
489215,426332723875750,2679291,0.64303692,256,488960,489215,489078,0
489471,426332724819166,2561084,0.60143652,256,489216,489471,489228,0
489727,426332725715833,2510375,0.61402743,256,489472,489727,489611,0
489983,426332726589708,2481625,0.61915101,256,489728,489983,489963,0
490239,426332727462916,2461292,0.61489867,256,489984,490239,489986,0
490495,426332728327791,2433334,0.61467062,256,490240,490495,490317,0
490751,426332729172541,2442167,0.59832341,256,490496,490751,490499,0
491007,426332730059250,2392250,0.60441898,256,490752,491007,490906,0
491263,426332730980208,2308917,0.60027493,256,491008,491263,491111,0
491519,426332731806875,2358958,0.66421782,256,491264,491519,491410,0
491775,426332732710833,2301542,0.61290356,256,491520,491775,491574,0
492031,426332733612041,2475042,0.64918656,256,491776,492031,491800,0
492287,426332734504583,3155458,0.59092323,256,492032,492287,492037,0
492543,426332735384291,3103542,0.6548657,256,492288,492543,492531,0
492799,426332736278916,3115167,0.65669599,256,492544,492799,492546,0
493055,426332737136750,3075041,0.62120374,256,492800,493055,493029,0
493311,426332738104500,2943791,0.60691563,256,493056,493311,493171,0
493567,426332738979041,2915417,0.60772612,256,493312,493567,493425,0
493823,426332739917291,2800709,0.57819875,256,493568,493823,493714,0
494079,426332740820166,2761709,0.62012724,256,493824,494079,493966,0
494335,426332741698458,2731250,0.62712254,256,494080,494335,494281,0
494591,426332742562708,2708583,0.60192367,256,494336,494591,494373,0
494847,426332743447708,2639125,0.58488348,256,494592,494847,494651,0
495103,426332744378041,2549084,0.62206653,256,494848,495103,494923,0
495359,426332745302375,2492291,0.62019624,256,495104,495359,495197,0
495615,426332746221291,2430792,0.62464416,256,495360,495615,495509,0
495871,426332747094791,4677542,0.57558784,256,495616,495871,495683,0
496127,426332747942666,3831459,0.63017868,256,495872,496127,496085,0
496383,426332750862333,2012833,0.59797292,256,496128,496383,496376,0
496639,426332750871500,2819458,0.61242889,256,496384,496639,496400,0
496895,426332750880625,3631666,0.59227937,256,496640,496895,496660,0
497151,426332752093833,3229750,0.59442219,256,496896,497151,496912,0
497407,426332752466833,3715667,0.63925784,256,497152,497407,497231,0
497663,426332753386958,3616292,0.58870569,256,497408,497663,497567,0
497919,426332754310041,3519334,0.61103145,256,497664,497919,497792,0
498175,426332755171708,3497958,0.61090879,256,497920,498175,498079,0
498431,426332756115625,3369125,0.58031878,256,498176,498431,498311,0
498687,426332757005583,3312750,0.61692627,256,498432,498687,498449,0
498943,426332757846375,3308875,0.64087453,256,498688,498943,498872,0
499199,426332758694541,3296375,0.6315689,256,498944,499199,499100,0
499455,426332759546041,3253959,0.57421666,256,499200,499455,499302,0
499711,426332760444458,3220667,0.63829549,256,499456,499711,499582,0
499967,426332761276166,3218167,0.62853484,256,499712,499967,499785,0
500223,426332762154125,3226500,0.60755528,256,499968,500223,499992,0
500479,426332763070375,3153625,0.60754791,256,500224,500479,500431,0
500735,426332763940041,3128417,0.62263458,256,500480,500735,500529,0
500991,426332764889750,3029416,0.60779822,256,500736,500991,500800,0
501247,426332765787375,2958250,0.59317879,256,500992,501247,501154,0
501503,426332766733541,2858917,0.63330478,256,501248,501503,501378,0
501759,426332767592333,2847750,0.63263105,256,501504,501759,501595,0
502015,426332768447958,2851792,0.64410942,256,501760,502015,501775,0
502271,426332769365000,2778041,0.6023155,256,502016,502271,502198,0
502527,426332770225916,2742459,0.59392582,256,502272,502527,502393,0
502783,426332771081041,2788917,0.6397648,256,502528,502783,502632,0
503039,426332771989666,2729000,0.60877202,256,502784,503039,502968,0
503295,426332772879375,2678708,0.61318985,256,503040,503295,503213,0
503551,426332773784416,2643000,0.62750057,256,503296,503551,503340,0
503807,426332774674333,2639833,0.63772835,256,503552,503807,503564,0
504063,426332775656208,2511917,0.64164905,256,503808,504063,503983,0
504319,426332776586250,2459125,0.64319282,256,504064,504319,504236,0
504575,426332777432041,2446542,0.62274917,256,504320,504575,504562,0
504831,426332778283958,2472250,0.63325526,256,504576,504831,504770,0
505087,426332779097583,2486792,0.63732299,256,504832,505087,504909,0
505343,426332779944291,2506084,0.59443301,256,505088,505343,505257,0
505599,426332780830083,2477792,0.64122953,256,505344,505599,505392,0
505855,426332781754750,2430208,0.64987984,256,505600,505855,505685,0
506111,426332782656708,2383708,0.59472973,256,505856,506111,505983,0
506367,426332783539125,2380708,0.65296432,256,506112,506367,506301,0
506623,426332784469708,2292625,0.61340293,256,506368,506623,506526,0
506879,426332785353083,2255333,0.64018076,256,506624,506879,506720,0
507135,426332786283416,2185959,0.63829761,256,506880,507135,507086,0
507391,426332787158041,2143125,0.59043634,256,507136,507391,507340,0
507647,426332788048416,2111875,0.61976185,256,507392,507647,507469,0
507903,426332788980666,2057584,0.64076093,256,507648,507903,507886,0
508159,426332789885416,2029417,0.60188761,256,507904,508159,508135,0
508415,426332790793958,1980167,0.64467236,256,508160,508415,508411,0
508671,426332791702208,1947125,0.61130411,256,508416,508671,508568,0
508927,426332792577750,1957208,0.62364927,256,508672,508927,508705,0
509183,426332793496125,1935875,0.67610459,256,508928,509183,509061,0
509439,426332794329791,1956334,0.61156548,256,509184,509439,509322,0
509695,426332795208833,1963083,0.64185669,256,509440,509695,509531,0
509951,426332796064666,1960042,0.60819544,256,509696,509951,509835,0
510207,426332796941041,4028334,0.60853292,256,509952,510207,510172,0
510463,426332797893916,3144375,0.62492758,256,510208,510463,510455,0
510719,426332800931625,986250,0.67894507,256,510464,510719,510670,0
510975,426332800987750,1795000,0.60293968,256,510720,510975,510874,0
511231,426332800996916,2679917,0.64961557,256,510976,511231,511141,0
511487,426332801430375,3124458,0.65605684,256,511232,511487,511445,0
511743,426332802314041,3100250,0.60291165,256,511488,511743,511683,0
511999,426332803168916,3140375,0.63862436,256,511744,511999,511769,0
512255,426332803996500,3230708,0.64809905,256,512000,512255,512177,0
512511,426332804852875,3243458,0.61243982,256,512256,512511,512291,0
512767,426332805751791,3222042,0.61548058,256,512512,512767,512614,0
513023,426332806622791,3204500,0.58987834,256,512768,513023,512950,0
513279,426332807495833,3233792,0.64472019,256,513024,513279,513083,0
513535,426332808397791,3192250,0.60813703,256,513280,513535,513493,0
513791,426332809295375,3173625,0.6762325,256,513536,513791,513542,0
514047,426332810149166,3183417,0.63039284,256,513792,514047,513973,0
514303,426332811069416,3138834,0.65093792,256,514048,514303,514183,0
514559,426332811864583,3191417,0.61951663,256,514304,514559,514506,0
514815,426332812799458,3120833,0.60176922,256,514560,514815,514706,0
515071,426332813617791,3139459,0.58877187,256,514816,515071,514929,0
515327,426332814552916,3059709,0.62346011,256,515072,515327,515153,0
515583,426332815411750,3124208,0.62318861,256,515328,515583,515354,0
515839,426332816233750,3170833,0.60674639,256,515584,515839,515743,0
516095,426332817089208,3136042,0.59356166,256,515840,516095,516042,0
516351,426332817975250,3087750,0.62176583,256,516096,516351,516319,0
516607,426332818909500,3018000,0.67761214,256,516352,516607,516606,0
516863,426332819799583,2983250,0.65186202,256,516608,516863,516616,0
517119,426332820724875,2885583,0.63351258,256,516864,517119,516970,0
517375,426332821619916,2833959,0.6318691,256,517120,517375,517349,0
517631,426332822521333,2789667,0.61632936,256,517376,517631,517400,0
517887,426332823433291,2695167,0.5882785,256,517632,517887,517751,0
518143,426332824252958,2713708,0.59024759,256,517888,518143,518099,0
518399,426332825153250,2649041,0.59034687,256,518144,518399,518390,0
518655,426332826034333,2627042,0.68728591,256,518400,518655,518577,0
518911,426332826918750,2558708,0.61264445,256,518656,518911,518860,0
519167,426332827789708,2532292,0.60049282,256,518912,519167,519088,0
519423,426332828645916,2494584,0.61710258,256,519168,519423,519209,0
519679,426332829571625,2398875,0.6286582,256,519424,519679,519592,0
519935,426332830460083,2363542,0.6453923,256,519680,519935,519761,0
520191,426332831381125,2310041,0.61664735,256,519936,520191,519945,0
520447,426332832269250,2276791,0.6416423,256,520192,520447,520262,0
520703,426332833150083,2239667,0.62430912,256,520448,520703,520661,0
520959,426332833993416,2226292,0.63129476,256,520704,520959,520723,0
521215,426332834903250,2114166,0.64913662,256,520960,521215,521021,0
521471,426332835737625,2196041,0.64973736,256,521216,521471,521379,0
521727,426332836625958,2099250,0.58835701,256,521472,521727,521724,0
521983,426332837456333,2088917,0.61284035,256,521728,521983,521740,0
522239,426332838360333,2044875,0.64470687,256,521984,522239,522057,0
522495,426332839203208,2025875,0.63684892,256,522240,522495,522434,0
522751,426332840089541,2042542,0.68487594,256,522496,522751,522573,0
523007,426332840923666,2040834,0.60635518,256,522752,523007,522827,0
523263,426332841862791,1973750,0.63492915,256,523008,523263,523095,0
523519,426332842774583,1900708,0.64038003,256,523264,523519,523424,0
523775,426332843637583,3708875,0.60458498,256,523520,523775,523626,0
524031,426332844534375,2815458,0.61138184,256,523776,524031,523938,0
524287,426332847389041,1514459,0.57218914,256,524032,524287,524261,0
524543,426332847408166,2346709,0.62098797,256,524288,524543,524466,0
524799,426332847837041,2798459,0.62856775,256,524544,524799,524618,0
525055,426332848090541,3381875,0.59053032,256,524800,525055,524870,0
525311,426332848988625,3380166,0.64044553,256,525056,525311,525223,0
525567,426332849836833,3393208,0.62097953,256,525312,525567,525488,0
525823,426332850707000,3396041,0.61062979,256,525568,525823,525660,0
526079,426332851647625,3309916,0.60962017,256,525824,526079,526008,0
526335,426332852559208,3267333,0.60518556,256,526080,526335,526289,0
526591,426332853442625,3252791,0.64102501,256,526336,526591,526538,0
526847,426332854312625,3239375,0.62939463,256,526592,526847,526623,0
527103,426332855271583,3120875,0.58867688,256,526848,527103,527041,0
527359,426332856161208,3088750,0.6443855,256,527104,527359,527259,0
527615,426332857059041,3062875,0.65614144,256,527360,527615,527559,0
527871,426332857899416,3060834,0.57842803,256,527616,527871,527773,0
528127,426332858810166,3028792,0.6332931,256,527872,528127,528081,0
528383,426332859680375,3003916,0.58710934,256,528128,528383,528196,0
528639,426332860586083,2943042,0.60331849,256,528384,528639,528493,0
528895,426332861498250,2864958,0.61998326,256,528640,528895,528701,0
529151,426332862394125,2816541,0.65400459,256,528896,529151,529035,0
529407,426332863176291,2867917,0.61290691,256,529152,529407,529154,0
529663,426332864083250,2843291,0.6458288,256,529408,529663,529599,0
529919,426332864961875,2799583,0.59749237,256,529664,529919,529752,0
530175,426332865875666,2739917,0.597402,256,529920,530175,530061,0
530431,426332866723041,2751459,0.66563199,256,530176,530431,530416,0
530687,426332867593291,2720459,0.61983034,256,530432,530687,530526,0
530943,426332868512791,2626792,0.61303204,256,530688,530943,530869,0
531199,426332869401250,2581791,0.60281846,256,530944,531199,531136,0
531455,426332870235416,2594084,0.59442221,256,531200,531455,531299,0
531711,426332871114125,2530291,0.59648675,256,531456,531711,531707,0
531967,426332872029416,2428542,0.59384777,256,531712,531967,531879,0
532223,426332872910458,2413167,0.65585927,256,531968,532223,532050,0
532479,426332873769958,2457750,0.63750405,256,532224,532479,532395,0
532735,426332874697500,2336875,0.65071636,256,532480,532735,532698,0
532991,426332875537000,2323875,0.60724357,256,532736,532991,532742,0
533247,426332876385875,2325625,0.61297029,256,532992,533247,533178,0
533503,426332877252291,2292084,0.62639294,256,533248,533503,533314,0
533759,426332878142750,2233333,0.61854913,256,533504,533759,533631,0
534015,426332878974166,2244292,0.6080745,256,533760,534015,533995,0
534271,426332879799000,2287791,0.63534921,256,534016,534271,534202,0
534527,426332880666541,2821209,0.61000586,256,534272,534527,534365,0
534783,426332881541416,6455167,0.59199943,256,534528,534783,534650,0
535039,426332883272041,4758542,0.62598071,256,534784,535039,534911,0
535295,426332883579166,4452709,0.60876253,256,535040,535295,535063,0
535551,426332888088541,1404209,0.62042115,256,535296,535551,535310,0
535807,426332888107250,2205708,0.60044824,256,535552,535807,535687,0
536063,426332888116333,3077042,0.62258164,256,535808,536063,536031,0
536319,426332888125458,3942583,0.61672773,256,536064,536319,536177,0
536575,426332888134541,4760667,0.63793373,256,536320,536575,536484,0
536831,426332888638166,5138542,0.65676825,256,536576,536831,536807,0
537087,426332889484166,5108625,0.58900255,256,536832,537087,536941,0
537343,426332890405250,5054958,0.65068601,256,537088,537343,537136,0
537599,426332891293583,5000042,0.65469798,256,537344,537599,537363,0
537855,426332892145875,4981708,0.61766377,256,537600,537855,537852,0
538111,426332893064375,4893500,0.59563738,256,537856,538111,537928,0
538367,426332893991958,4791875,0.59642016,256,538112,538367,538174,0
538623,426332894904208,4726667,0.66309834,256,538368,538623,538535,0
538879,426332895810958,4665542,0.61057383,256,538624,538879,538830,0
539135,426332896739250,4578083,0.59880173,256,538880,539135,538927,0
539391,426332897629791,8730625,0.60759245,256,539136,539391,539191,0
539647,426332898512791,8402500,0.65781552,256,539392,539647,539424,0
539903,426332899410166,7509209,0.63380544,256,539648,539903,539704,0
540159,426332900307291,6613209,0.60113956,256,539904,540159,540093,0
540415,426332901145958,5775625,0.62129579,256,540160,540415,540357,0
540671,426332905262833,1659792,0.62064396,256,540416,540671,540657,0
540927,426332905284833,2778083,0.60302827,256,540672,540927,540880,0
541183,426332905299250,3277625,0.60785975,256,540928,541183,541179,0
541439,426332905498166,3927875,0.61596974,256,541184,541439,541397,0
541695,426332905507333,4746042,0.57658246,256,541440,541695,541494,0
541951,426332907009916,4068459,0.62374666,256,541696,541951,541951,0
542207,426332907269916,4652250,0.6010083,256,541952,542207,542117,0
542463,426332908145791,4595000,0.58368317,256,542208,542463,542310,0
542719,426332909041416,4506459,0.58232311,256,542464,542719,542585,0
542975,426332909918291,4485125,0.6099363,256,542720,542975,542804,0
543231,426332910718833,4506125,0.58881237,256,542976,543231,543112,0
543487,426332911679250,4403291,0.61528807,256,543232,543487,543281,0
543743,426332912553958,4364250,0.60228561,256,543488,543743,543523,0
543999,426332913413291,4858625,0.65134198,256,543744,543999,543862,0
544255,426332914311416,5542084,0.62799196,256,544000,544255,544136,0
544511,426332915182625,6258166,0.64382915,256,544256,544511,544454,0
544767,426332916115833,6894333,0.61922696,256,544512,544767,544668,0
545023,426332916963416,7634625,0.60329803,256,544768,545023,544799,0
545279,426332917837500,7784625,0.62816033,256,545024,545279,545159,0
545535,426332918678666,7734042,0.64913908,256,545280,545535,545529,0
545791,426332919582750,7957916,0.5909622,256,545536,545791,545680,0
546047,426332920547125,7792333,0.59932455,256,545792,546047,545820,0
546303,426332921389333,7781375,0.61677297,256,546048,546303,546227,0
546559,426332922246541,7743167,0.65642894,256,546304,546559,546328,0
546815,426332923137250,7649333,0.58687898,256,546560,546815,546724,0
547071,426332923974916,7597667,0.5812468,256,546816,547071,547029,0
547327,426332924890250,7488916,0.60889053,256,547072,547327,547192,0
547583,426332925744208,7459167,0.6789547,256,547328,547583,547564,0
547839,426332926626083,7383417,0.63423499,256,547584,547839,547770,0
548095,426332927421458,7390208,0.62730144,256,547840,548095,547963,0
548351,426332928288083,11222458,0.57473111,256,548096,548351,548260,0
548607,426332929169416,10344584,0.64256733,256,548352,548607,548558,0
548863,426332930050500,9464541,0.62837244,256,548608,548863,548738,0
549119,426332930988416,8527667,0.5982365,256,548864,549119,548934,0
549375,426332931817500,7699583,0.60359799,256,549120,549375,549210,0
549631,426332932732625,6918708,0.56453933,256,549376,549631,549549,0
549887,426332933581916,6861042,0.59659302,256,549632,549887,549648,0
550143,426332934528291,6724917,0.61424866,256,549888,550143,550051,0
550399,426332939510166,2545459,0.62930165,256,550144,550399,550343,0
550655,426332939519375,3350583,0.58270619,256,550400,550655,550654,0
550911,426332939528666,4127709,0.58112582,256,550656,550911,550827,0
551167,426332939537958,4949167,0.62488011,256,550912,551167,550957,0
551423,426332939547333,5745708,0.58236464,256,551168,551423,551396,0
551679,426332939722291,6370542,0.62010245,256,551424,551679,551578,0
551935,426332940617625,6282583,0.61091659,256,551680,551935,551830,0
552191,426332941549666,6149792,0.59584126,256,551936,552191,552094,0
552447,426332942452208,6035083,0.60658991,256,552192,552447,552213,0
552703,426332943353833,5944875,0.61519844,256,552448,552703,552489,0
552959,426332944221958,5885792,0.60823272,256,552704,552959,552905,0
553215,426332945060916,5822917,0.61129457,256,552960,553215,553016,0
553471,426332945988083,5699125,0.60562089,256,553216,553471,553295,0
553727,426332946864458,5609750,0.60377393,256,553472,553727,553520,0
553983,426332947729375,5585416,0.62713047,256,553728,553983,553836,0
554239,426332948661666,5453875,0.61624675,256,553984,554239,554195,0
554495,426332949514583,5399000,0.65692913,256,554240,554495,554263,0
554751,426332950326833,5380417,0.60662932,256,554496,554751,554587,0
555007,426332951274291,5205834,0.62261602,256,554752,555007,554803,0
555263,426332952186458,5100625,0.61549548,256,555008,555263,555236,0
555519,426332953043916,5031000,0.59284452,256,555264,555519,555433,0
555775,426332953950666,4943542,0.60383213,256,555520,555775,555690,0
556031,426332954855666,4813334,0.57129647,256,555776,556031,555940,0
556287,426332955725833,4719542,0.58227665,256,556032,556287,556062,0
556543,426332956632208,4616542,0.59378722,256,556288,556543,556332,0
556799,426332957498583,4546292,0.61128015,256,556544,556799,556591,0
557055,426332958366583,4476208,0.62494963,256,556800,557055,556835,0
557311,426332959223750,4404958,0.58792185,256,557056,557311,557302,0
557567,426332960116500,4323875,0.58728021,256,557312,557567,557397,0
557823,426332960979041,4289167,0.61263605,256,557568,557823,557590,0
558079,426332961879291,4168542,0.61526841,256,557824,558079,557875,0
558335,426332962769291,4084834,0.61289621,256,558080,558335,558324,0
558591,426332963660833,4031708,0.69292101,256,558336,558591,558558,0
558847,426332964503791,4023500,0.62522518,256,558592,558847,558601,0
559103,426332965434041,3921584,0.62245042,256,558848,559103,559046,0
559359,426332966281416,3859167,0.59416998,256,559104,559359,559117,0
559615,426332967189250,3765666,0.59891146,256,559360,559615,559472,0
559871,426332968160166,3599167,0.59348389,256,559616,559871,559762,0
560127,426332969057708,3497083,0.59958757,256,559872,560127,559897,0
560383,426332969978166,3357625,0.60133077,256,560128,560383,560289,0
560639,426332970820125,3342041,0.60591531,256,560384,560639,560582,0
560895,426332971752625,3240916,0.63295032,256,560640,560895,560666,0
561151,426332972610166,3186959,0.60153947,256,560896,561151,561002,0
561407,426332973519458,3087833,0.59158211,256,561152,561407,561373,0
561663,426332974394375,3049708,0.64671385,256,561408,561663,561544,0
561919,426332975296125,2960333,0.63386269,256,561664,561919,561875,0
562175,426332976184708,2886625,0.63145207,256,561920,562175,562172,0
562431,426332977091000,2819625,0.63753856,256,562176,562431,562260,0
562687,426332977986083,2728500,0.63687953,256,562432,562687,562655,0
562943,426332978867916,2665959,0.60181328,256,562688,562943,562774,0
563199,426332979731250,2588083,0.64143286,256,562944,563199,562978,0
563455,426332980646416,2483125,0.61257362,256,563200,563455,563429,0
563711,426332981554916,2348959,0.60967855,256,563456,563711,563686,0
563967,426332982454625,2254000,0.59341199,256,563712,563967,563831,0
564223,426332983302166,2244625,0.64639082,256,563968,564223,564021,0
564479,426332984161875,2182333,0.62883106,256,564224,564479,564431,0
564735,426332984978125,2147416,0.56860543,256,564480,564735,564630,0
564991,426332985899958,2026792,0.60529077,256,564736,564991,564974,0
565247,426332986763041,1977792,0.61130886,256,564992,565247,565189,0
565503,426332987652375,1874125,0.5750652,256,565248,565503,565347,0
565759,426332988577958,1742667,0.58355571,256,565504,565759,565754,0
566015,426332989451958,1657917,0.58718128,256,565760,566015,565933,0
566271,426332990320250,1596583,0.61997599,256,566016,566271,566045,0
566527,426332991208791,1507667,0.59411462,256,566272,566527,566458,0
566783,426332992097375,1412375,0.63354144,256,566528,566783,566553,0
567039,426332993001458,1305708,0.61077366,256,566784,567039,566792,0
567295,426332993813208,1282833,0.59877957,256,567040,567295,567263,0
567551,426332994725291,1161084,0.60738056,256,567296,567551,567316,0
567807,426332995583291,1105792,0.61848223,256,567552,567807,567567,0
568063,426332996437958,1046208,0.61213227,256,567808,568063,568026,0
568319,426332997334000,945500,0.59197516,256,568064,568319,568185,0
568575,426332998275000,809833,0.59319544,256,568320,568575,568469,0
568831,426332999185916,841959,0.59242797,256,568576,568831,568764,0
569087,426333000039250,834666,0.58565776,256,568832,569087,568869,0
569343,426333000888583,861875,0.6337925,256,569088,569343,569185,0
569599,426333001750916,856542,0.62627704,256,569344,569599,569375,0
569855,426333002649000,1155250,0.58328891,256,569600,569855,569794,0
570111,426333003568375,1004541,0.61252297,256,569856,570111,570042,0
570367,426333004419625,977166,0.63678324,256,570112,570367,570318,0
570623,426333005256833,948958,0.61420734,256,570368,570623,570414,0
570879,426333006180875,833833,0.60904724,256,570624,570879,570774,0
571135,426333007042083,807667,0.60613878,256,570880,571135,571059,0
571391,426333007920708,839375,0.60333579,256,571136,571391,571168,0
571647,426333008817708,879292,0.61424834,256,571392,571647,571517,0
571903,426333009710458,850792,0.59625723,256,571648,571903,571789,0
572159,426333010624458,820708,0.61436095,256,571904,572159,572096,0
572415,426333011510375,822375,0.63025999,256,572160,572415,572376,0
572671,426333012376958,838500,0.66362755,256,572416,572671,572543,0
572927,426333013288041,850459,0.62217051,256,572672,572927,572917,0
573183,426333014131375,866833,0.61708042,256,572928,573183,573174,0
573439,426333015037000,840375,0.64805175,256,573184,573439,573382,0
573695,426333015933208,848458,0.60259417,256,573440,573695,573615,0
573951,426333016860750,825083,0.62971467,256,573696,573951,573773,0
574207,426333017773500,819291,0.6198063,256,573952,574207,573982,0
574463,426333018674541,1607459,0.62529003,256,574208,574463,574439,0
574719,426333019540500,2332416,0.60866964,256,574464,574719,574643,0
574975,426333020442666,3013792,0.62864922,256,574720,574975,574749,0
575231,426333021298833,3512375,0.62037311,256,574976,575231,575030,0
575487,426333022125750,3466416,0.5705806,256,575232,575487,575385,0
575743,426333023031458,3399375,0.63898438,256,575488,575743,575524,0
575999,426333023914166,3291959,0.60579449,256,575744,575999,575865,0
576255,426333024763000,3238166,0.59432828,256,576000,576255,576156,0
576511,426333025653958,3133958,0.57141594,256,576256,576511,576495,0
576767,426333026515583,3064333,0.58731305,256,576512,576767,576756,0
577023,426333027373625,3020166,0.59258233,256,576768,577023,576966,0
577279,426333028293291,2909959,0.63939749,256,577024,577279,577044,0
577535,426333029186833,2812333,0.63027226,256,577280,577535,577374,0
577791,426333030101375,2689833,0.58755874,256,577536,577791,577610,0
578047,426333030967500,2636750,0.62146377,256,577792,578047,577982,0
578303,426333031866666,2540709,0.60246461,256,578048,578303,578132,0
578559,426333032743500,2458916,0.59872554,256,578304,578559,578429,0
578815,426333033600416,2391167,0.59446178,256,578560,578815,578809,0
579071,426333034490083,2298500,0.60944565,256,578816,579071,578879,0
579327,426333035349583,2271917,0.61940373,256,579072,579327,579121,0
579583,426333036223250,2189416,0.64121584,256,579328,579583,579528,0
579839,426333037199250,2061750,0.60850876,256,579584,579839,579793,0
580095,426333038047833,1998042,0.59243858,256,579840,580095,580049,0
580351,426333038959375,1889500,0.63755647,256,580096,580351,580220,0
580607,426333039901375,1751833,0.61990284,256,580352,580607,580394,0
580863,426333040784125,1686458,0.6298314,256,580608,580863,580816,0
581119,426333041679250,1588333,0.5681895,256,580864,581119,581068,0
581375,426333042570125,1492916,0.58800449,256,581120,581375,581254,0
581631,426333043473750,1377125,0.58821582,256,581376,581631,581558,0
581887,426333044337833,1319417,0.61040398,256,581632,581887,581805,0
582143,426333045121375,1326791,0.6066355,256,581888,582143,582016,0
582399,426333046025541,1215625,0.57977163,256,582144,582399,582353,0
582655,426333046947583,1128333,0.65932005,256,582400,582655,582599,0
582911,426333047820875,1054291,0.594451,256,582656,582911,582812,0
583167,426333048688083,1013083,0.60274246,256,582912,583167,583133,0
583423,426333049565250,937625,0.59988771,256,583168,583423,583364,0
583679,426333050469500,865208,0.61212021,256,583424,583679,583568,0
583935,426333051411041,871000,0.6686183,256,583680,583935,583692,0
584191,426333052290291,827917,0.60951265,256,583936,584191,584032,0
584447,426333053176750,893375,0.64193169,256,584192,584447,584347,0
584703,426333054074916,833917,0.58499298,256,584448,584703,584588,0
584959,426333054971833,842375,0.58960647,256,584704,584959,584954,0
585215,426333055771500,865500,0.6016676,256,584960,585215,585064,0
585471,426333056687291,875584,0.61858467,256,585216,585471,585336,0
585727,426333057588458,866417,0.59487259,256,585472,585727,585695,0
585983,426333058483083,1066250,0.57453155,256,585728,585983,585774,0
586239,426333059369583,970833,0.58325845,256,585984,586239,586087,0
586495,426333060210958,939750,0.59289488,256,586240,586495,586448,0
586751,426333061165041,834000,0.62981849,256,586496,586751,586568,0
587007,426333062052500,855875,0.61250639,256,586752,587007,586967,0
587263,426333062944458,896083,0.65859587,256,587008,587263,587048,0
587519,426333063824416,853834,0.60433851,256,587264,587519,587327,0
587775,426333064683791,837875,0.60328128,256,587520,587775,587525,0
588031,426333065567041,848709,0.57827709,256,587776,588031,587900,0
588287,426333066449458,845250,0.6051523,256,588032,588287,588138,0
588543,426333067250833,890417,0.60298794,256,588288,588543,588341,0
588799,426333068174208,832042,0.59933504,256,588544,588799,588796,0
589055,426333069033000,859125,0.6392072,256,588800,589055,589053,0
589311,426333069924583,843458,0.64303692,256,589056,589311,589078,0
589567,426333070888291,852000,0.58952888,256,589312,589567,589516,0
589823,426333071715958,866875,0.61402743,256,589568,589823,589611,0
590079,426333072625958,851167,0.61915101,256,589824,590079,589963,0
590335,426333073456625,831250,0.61467062,256,590080,590335,590317,0
590591,426333074352833,848500,0.60362462,256,590336,590591,590357,0
590847,426333075240416,1067542,0.5910827,256,590592,590847,590815,0
591103,426333076096375,1050791,0.60441898,256,590848,591103,590906,0
591359,426333077028916,968000,0.61028263,256,591104,591359,591281,0
591615,426333077855625,1005291,0.66421782,256,591360,591615,591410,0
591871,426333078729333,974500,0.64918656,256,591616,591871,591800,0
592127,426333079640583,888542,0.62763628,256,591872,592127,591924,0
592383,426333080534708,842125,0.59030164,256,592128,592383,592263,0
592639,426333081421125,920708,0.65669599,256,592384,592639,592546,0
592895,426333082304375,872416,0.59736265,256,592640,592895,592835,0
593151,426333083192166,3987459,0.62120374,256,592896,593151,593029,0
593407,426333087132500,1017250,0.60691563,256,593152,593407,593171,0
593663,426333087147375,1823666,0.60772612,256,593408,593663,593425,0
593919,426333087186500,2589541,0.61228407,256,593664,593919,593891,0
594175,426333087201416,3395875,0.62012724,256,593920,594175,593966,0
594431,426333087735875,3701375,0.62712254,256,594176,594431,594281,0
594687,426333088602208,3650167,0.59939127,256,594432,594687,594578,0
594943,426333089503083,3571208,0.62206653,256,594688,594943,594923,0
595199,426333090388375,3505000,0.62019624,256,594944,595199,595197,0
595455,426333091348083,3384000,0.62414991,256,595200,595455,595367,0
595711,426333092234958,3333583,0.62464416,256,595456,595711,595509,0
595967,426333093094833,3264750,0.59181943,256,595712,595967,595962,0
596223,426333093915750,3228750,0.63017868,256,595968,596223,596085,0
596479,426333094819541,3117792,0.61242889,256,596224,596479,596400,0
596735,426333095730750,3002583,0.59227937,256,596480,596735,596660,0
596991,426333096634750,2907750,0.59442219,256,596736,596991,596912,0
597247,426333097557750,2784333,0.63925784,256,596992,597247,597231,0
597503,426333098519333,2630208,0.61598194,256,597248,597503,597317,0
597759,426333099418041,2533000,0.58870569,256,597504,597759,597567,0
598015,426333100316875,5429041,0.61103145,256,597760,598015,597792,0
598271,426333101209375,4538625,0.61090879,256,598016,598271,598079,0
598527,426333102127416,3621834,0.61692627,256,598272,598527,598449,0
598783,426333105655791,998292,0.59929395,256,598528,598783,598638,0
599039,426333105665125,1806500,0.64087453,256,598784,599039,598872,0
599295,426333105674291,2583209,0.6315689,256,599040,599295,599100,0
599551,426333105683458,3373667,0.58586341,256,599296,599551,599543,0
599807,426333106447791,3453459,0.63829549,256,599552,599807,599582,0
600063,426333107296291,3449959,0.60755528,256,599808,600063,599992,0
600319,426333108211000,3358833,0.60530327,256,600064,600319,600165,0
600575,426333109106291,3281417,0.62263458,256,600320,600575,600529,0
600831,426333109994625,3226500,0.60779822,256,600576,600831,600800,0
601087,426333110925875,3112416,0.60230919,256,600832,601087,600956,0
601343,426333111832916,3006917,0.59317879,256,601088,601343,601154,0
601599,426333112757208,2915125,0.63330478,256,601344,601599,601378,0
601855,426333113602875,2894875,0.64410942,256,601600,601855,601775,0
602111,426333114500666,2830250,0.59992807,256,601856,602111,602083,0
602367,426333115366208,2774458,0.6023155,256,602112,602367,602198,0
602623,426333116265125,2718375,0.6196173,256,602368,602623,602563,0
602879,426333117117875,2706166,0.6397648,256,602624,602879,602632,0
603135,426333118024000,2625916,0.60877202,256,602880,603135,602968,0
603391,426333118919833,2562292,0.62750057,256,603136,603391,603340,0
603647,426333119828916,2502334,0.63772835,256,603392,603647,603564,0
603903,426333120743833,2442708,0.61225154,256,603648,603903,603693,0
604159,426333121710541,2318792,0.64164905,256,603904,604159,603983,0
604415,426333122597833,2259375,0.64319282,256,604160,604415,604236,0
604671,426333123422916,2272459,0.62274917,256,604416,604671,604562,0
604927,426333124277625,2274208,0.63732299,256,604672,604927,604909,0
605183,426333125114125,2243916,0.574203,256,604928,605183,605132,0
605439,426333125983125,2219416,0.64122953,256,605184,605439,605392,0
605695,426333126888666,2147125,0.64987984,256,605440,605695,605685,0
605951,426333127773208,2115750,0.60605493,256,605696,605951,605837,0
606207,426333128663041,2057000,0.59472973,256,605952,606207,605983,0
606463,426333129586916,1980167,0.65296432,256,606208,606463,606301,0
606719,426333130496333,1890667,0.61340293,256,606464,606719,606526,0
606975,426333131385750,1838083,0.64018076,256,606720,606975,606720,0
607231,426333132324000,1717083,0.63829761,256,606976,607231,607086,0
607487,426333133194583,1685833,0.61976185,256,607232,607487,607469,0
607743,426333134091958,1617958,0.58714956,256,607488,607743,607579,0
607999,426333135029583,1540625,0.64076093,256,607744,607999,607886,0
608255,426333135906333,1516125,0.61442276,256,608000,608255,608215,0
608511,426333136839250,1427250,0.64467236,256,608256,608511,608411,0
608767,426333137720458,1394958,0.62364927,256,608512,608767,608705,0
609023,426333138615250,1367541,0.64039392,256,608768,609023,609012,0
609279,426333139516541,1329167,0.67610459,256,609024,609279,609061,0
609535,426333140358041,1320917,0.64185669,256,609280,609535,609531,0
609791,426333141215666,1315084,0.63188469,256,609536,609791,609553,0
610047,426333142110750,1257250,0.60819544,256,609792,610047,609835,0
610303,426333143008583,1215250,0.60853292,256,610048,610303,610172,0
610559,426333143935500,1147250,0.62492758,256,610304,610559,610455,0
610815,426333144803333,1141667,0.67894507,256,610560,610815,610670,0
611071,426333145662208,1120625,0.60293968,256,610816,611071,610874,0
611327,426333146500041,1147459,0.64961557,256,611072,611327,611141,0
611583,426333147438708,1055917,0.65605684,256,611328,611583,611445,0
611839,426333148351875,997250,0.63862436,256,611584,611839,611769,0
612095,426333149211625,1007958,0.61520012,256,611840,612095,611924,0
612351,426333150024958,1080958,0.64809905,256,612096,612351,612177,0
612607,426333150895625,1058250,0.58713887,256,612352,612607,612534,0
612863,426333151745000,1054500,0.61548058,256,612608,612863,612614,0
613119,426333152640541,1007750,0.64472019,256,612864,613119,613083,0
613375,426333153563958,929000,0.6103563,256,613120,613375,613170,0
613631,426333154437458,924250,0.6762325,256,613376,613631,613542,0
613887,426333155311875,878291,0.59521602,256,613632,613887,613768,0
614143,426333156200583,898208,0.63039284,256,613888,614143,613973,0
614399,426333157088125,864291,0.65093792,256,614144,614399,614183,0
614655,426333157908791,909625,0.61951663,256,614400,614655,614506,0
614911,426333158801916,878167,0.60176922,256,614656,614911,614706,0
615167,426333159660166,876750,0.62346011,256,614912,615167,615153,0
615423,426333160601208,858625,0.62318861,256,615168,615423,615354,0
615679,426333161393458,937958,0.60593528,256,615424,615679,615509,0
615935,426333162263666,919667,0.60674639,256,615680,615935,615743,0
616191,426333163113250,902583,0.61005339,256,615936,616191,616139,0
616447,426333164033708,874458,0.62176583,256,616192,616447,616319,0
616703,426333164927708,1607667,0.67761214,256,616448,616703,616606,0
616959,426333165834208,1742792,0.58217656,256,616704,616959,616868,0
617215,426333166762750,1679666,0.63351258,256,616960,617215,616970,0
617471,426333167648500,1674958,0.6318691,256,617216,617471,617349,0
617727,426333168582958,1597250,0.60372303,256,617472,617727,617572,0
617983,426333169460833,1571042,0.5882785,256,617728,617983,617751,0
618239,426333170270750,1603958,0.59024759,256,617984,618239,618099,0
618495,426333171173291,1566167,0.6188372,256,618240,618495,618420,0
618751,426333172039500,1558125,0.68728591,256,618496,618751,618577,0
619007,426333172932375,1514083,0.61264445,256,618752,619007,618860,0
619263,426333173790208,1519125,0.61710258,256,619008,619263,619209,0
619519,426333174712416,1434667,0.60008443,256,619264,619519,619360,0
619775,426333175595125,1428458,0.6453923,256,619520,619775,619761,0
620031,426333176535083,1380125,0.63490297,256,619776,620031,619931,0
620287,426333177419875,1386291,0.6416423,256,620032,620287,620262,0
620543,426333178280500,1373041,0.60697028,256,620288,620543,620435,0
620799,426333179169375,1361333,0.63129476,256,620544,620799,620723,0
621055,426333180007291,1360334,0.64913662,256,620800,621055,621021,0
621311,426333180917333,1288000,0.60271673,256,621056,621311,621302,0
621567,426333181771708,1323750,0.64973736,256,621312,621567,621379,0
621823,426333182643458,1780292,0.61284035,256,621568,621823,621740,0
622079,426333183495541,1890709,0.64470687,256,621824,622079,622057,0
622335,426333184369250,1874083,0.59847605,256,622080,622335,622228,0
622591,426333185227125,4005708,0.68487594,256,622336,622591,622573,0
622847,426333186094833,3141708,0.65457102,256,622592,622847,622634,0
623103,426333187270208,1967500,0.63492915,256,622848,623103,623095,0
623359,426333187900416,2145459,0.60637673,256,623104,623359,623184,0
623615,426333189209916,1410250,0.64038003,256,623360,623615,623424,0
623871,426333189979750,1481958,0.60458498,256,623616,623871,623626,0
624127,426333190558583,1742500,0.61138184,256,623872,624127,623938,0
624383,426333191434541,1698125,0.59470801,256,624128,624383,624345,0
624639,426333192305041,1686167,0.62856775,256,624384,624639,624618,0
624895,426333193185250,1666708,0.61952238,256,624640,624895,624649,0
625151,426333194147541,1572459,0.6257972,256,624896,625151,625107,0
625407,426333195032625,1566791,0.64044553,256,625152,625407,625223,0
625663,426333195876583,1597167,0.62097953,256,625408,625663,625488,0
625919,426333196756791,1576042,0.60027526,256,625664,625919,625892,0
626175,426333197697416,1495125,0.60962017,256,625920,626175,626008,0
626431,426333198577583,1508458,0.61720247,256,626176,626431,626347,0
626687,426333199486875,1451791,0.64102501,256,626432,626687,626538,0
626943,426333200362583,1415125,0.58298577,256,626688,626943,626939,0
627199,426333201292625,1323166,0.59691529,256,626944,627199,627134,0
627455,426333202190458,1290875,0.6443855,256,627200,627455,627259,0
627711,426333203065125,1292333,0.65614144,256,627456,627711,627559,0
627967,426333203907458,1324333,0.61236989,256,627712,627967,627933,0
628223,426333204828708,1250375,0.6332931,256,627968,628223,628081,0
628479,426333205769791,1140459,0.58076314,256,628224,628479,628452,0
628735,426333206621666,1128417,0.61998326,256,628480,628735,628701,0
628991,426333207524750,1059208,0.59439807,256,628736,628991,628800,0
629247,426333208396250,1042375,0.65400459,256,628992,629247,629035,0
629503,426333209227958,1043375,0.5924986,256,629248,629503,629492,0
629759,426333210121666,1030417,0.6458288,256,629504,629759,629599,0
630015,426333211021291,977667,0.57496355,256,629760,630015,629961,0
630271,426333211903958,942167,0.61188899,256,630016,630271,630235,0
630527,426333212741041,951625,0.66563199,256,630272,630527,630416,0
630783,426333213650125,896083,0.61237411,256,630528,630783,630771,0
631039,426333214515791,871375,0.61303204,256,630784,631039,630869,0
631295,426333215437250,854083,0.60281846,256,631040,631295,631136,0
631551,426333216283250,856916,0.59442221,256,631296,631551,631299,0
631807,426333217176583,842750,0.59648675,256,631552,631807,631707,0
632063,426333218071375,854458,0.65585927,256,631808,632063,632050,0
632319,426333218926500,1744208,0.63461657,256,632064,632319,632128,0
632575,426333219821458,1810792,0.63750405,256,632320,632575,632395,0
632831,426333220711083,1758750,0.65071636,256,632576,632831,632698,0
633087,426333221549166,1721500,0.59603534,256,632832,633087,632882,0
633343,426333222442666,1652542,0.62639294,256,633088,633343,633314,0
633599,426333223297666,1623167,0.6146565,256,633344,633599,633353,0
633855,426333224147583,1565458,0.61854913,256,633600,633855,633631,0
634111,426333224981333,1539958,0.6080745,256,633856,634111,633995,0
634367,426333225829041,1549959,0.63534921,256,634112,634367,634202,0
634623,426333226679208,1530875,0.59496119,256,634368,634623,634459,0
634879,426333227561333,1451208,0.59199943,256,634624,634879,634650,0
635135,426333228418375,1420333,0.62598071,256,634880,635135,634911,0
635391,426333229369125,1289291,0.62042115,256,635136,635391,635310,0
635647,426333230282958,1155583,0.58537973,256,635392,635647,635521,0
635903,426333231144833,1097458,0.60044824,256,635648,635903,635687,0
636159,426333232003541,1100167,0.62258164,256,635904,636159,636031,0
636415,426333232910625,1029000,0.61672773,256,636160,636415,636177,0
636671,426333233800166,986250,0.63793373,256,636416,636671,636484,0
636927,426333234691166,908250,0.65676825,256,636672,636927,636807,0
637183,426333235525500,891500,0.65068601,256,636928,637183,637136,0
637439,426333236416208,865833,0.65469798,256,637184,637439,637363,0
637695,426333237342958,1736250,0.63176897,256,637440,637695,637523,0
637951,426333238197791,1839542,0.61766377,256,637696,637951,637852,0
638207,426333239102125,1754625,0.59642016,256,637952,638207,638174,0
638463,426333240040500,1595500,0.59249444,256,638208,638463,638446,0
638719,426333240933958,1519083,0.66309834,256,638464,638719,638535,0
638975,426333241864416,1408125,0.61057383,256,638720,638975,638830,0
639231,426333242743208,1346083,0.60759245,256,638976,639231,639191,0
639487,426333243647416,1240250,0.65781552,256,639232,639487,639424,0
639743,426333244554000,1148833,0.63992472,256,639488,639743,639588,0
639999,426333245465375,1034708,0.59752637,256,639744,639999,639856,0
640255,426333246310541,1001459,0.60113956,256,640000,640255,640093,0
640511,426333247164541,958959,0.62129579,256,640256,640511,640357,0
640767,426333248058416,900500,0.62064396,256,640512,640767,640657,0
641023,426333248915375,838458,0.60302827,256,640768,641023,640880,0
641279,426333249787125,861958,0.60785975,256,641024,641279,641179,0
641535,426333250632958,821292,0.61596974,256,641280,641535,641397,0
641791,426333251538916,822917,0.57327156,256,641536,641791,641538,0
642047,426333252413458,1622083,0.62374666,256,641792,642047,641951,0
642303,426333253311250,1727125,0.6010083,256,642048,642303,642117,0
642559,426333254170416,1667250,0.58368317,256,642304,642559,642310,0
642815,426333255033791,1607125,0.6099363,256,642560,642815,642804,0
643071,426333255905000,1547708,0.60861314,256,642816,643071,642938,0
643327,426333256783333,1503083,0.61528807,256,643072,643327,643281,0
643583,426333257704958,1400833,0.60228561,256,643328,643583,643523,0
643839,426333258572791,1347917,0.60940541,256,643584,643839,643775,0
644095,426333259452833,1250917,0.65134198,256,643840,644095,643862,0
644351,426333260352625,1162958,0.62799196,256,644096,644351,644136,0
644607,426333261219708,1115833,0.64382915,256,644352,644607,644454,0
644863,426333262132958,1003208,0.61922696,256,644608,644863,644668,0
645119,426333262983708,960917,0.59839023,256,644864,645119,645031,0
645375,426333263846458,883833,0.62816033,256,645120,645375,645159,0
645631,426333264712875,815041,0.64913908,256,645376,645631,645529,0
645887,426333265630708,824542,0.59932455,256,645632,645887,645820,0
646143,426333266577166,824167,0.60932984,256,645888,646143,646129,0
646399,426333267431625,1642458,0.65642894,256,646144,646399,646328,0
646655,426333268270458,1798083,0.61479246,256,646400,646655,646554,0
646911,426333269157291,1707042,0.58687898,256,646656,646911,646724,0
647167,426333270005083,1655917,0.59428629,256,646912,647167,647161,0
647423,426333270935500,1512416,0.60937281,256,647168,647423,647410,0
647679,426333271783250,1506791,0.6789547,256,647424,647679,647564,0
647935,426333272616166,1440250,0.63423499,256,647680,647935,647770,0
648191,426333273416750,1451625,0.62730144,256,647936,648191,647963,0
648447,426333274305458,1348375,0.57515766,256,648192,648447,648396,0
648703,426333275213208,1266833,0.64256733,256,648448,648703,648558,0
648959,426333276127666,1155209,0.62837244,256,648704,648959,648738,0
649215,426333277012916,1097459,0.60359799,256,648960,649215,649210,0
649471,426333277860625,1039958,0.58793211,256,649216,649471,649267,0
649727,426333278744458,946333,0.59659302,256,649472,649727,649648,0
649983,426333279661166,829667,0.5994441,256,649728,649983,649925,0
650239,426333280564333,1621208,0.61424866,256,649984,650239,650051,0
650495,426333281425458,1786458,0.62930165,256,650240,650495,650343,0
650751,426333282274208,1742292,0.58270619,256,650496,650751,650654,0
651007,426333283120166,2197209,0.62488011,256,650752,651007,650957,0
651263,426333284034833,2884833,0.59512176,256,651008,651263,651101,0
651519,426333284881291,5523250,0.60048011,256,651264,651519,651516,0
651775,426333285745958,4662750,0.62010245,256,651520,651775,651578,0
652031,426333286692916,4181209,0.61091659,256,651776,652031,651830,0
652287,426333290402791,1264084,0.60658991,256,652032,652287,652213,0
652543,426333290417250,2059750,0.61519844,256,652288,652543,652489,0
652799,426333290431708,2834958,0.59425728,256,652544,652799,652738,0
653055,426333290456875,3620625,0.61129457,256,652800,653055,653016,0
653311,426333291109416,3757792,0.60562089,256,653056,653311,653295,0
653567,426333292022208,3637167,0.60377393,256,653312,653567,653520,0
653823,426333292932166,3524334,0.60232928,256,653568,653823,653818,0
654079,426333293770041,3519709,0.62713047,256,653824,654079,653836,0
654335,426333294684291,3410375,0.65692913,256,654080,654335,654263,0
654591,426333295521833,3367542,0.61805452,256,654336,654591,654465,0
654847,426333296408083,3257250,0.62261602,256,654592,654847,654803,0
655103,426333297319375,3133833,0.57629691,256,654848,655103,655030,0
655359,426333298221208,3033375,0.61549548,256,655104,655359,655236,0
655615,426333299071500,2983541,0.59535012,256,655360,655615,655536,0
655871,426333299980416,2875500,0.60383213,256,655616,655871,655690,0
656127,426333300889791,2748042,0.58227665,256,655872,656127,656062,0
656383,426333301758500,3497166,0.59378722,256,656128,656383,656332,0
656639,426333302676083,4185875,0.61128015,256,656384,656639,656591,0
656895,426333303521583,4971667,0.62494963,256,656640,656895,656835,0
657151,426333304419208,4861917,0.59723363,256,656896,657151,657044,0
657407,426333305266500,4812166,0.58792185,256,657152,657407,657302,0
657663,426333306125000,4755958,0.61263605,256,657408,657663,657590,0
657919,426333307025000,4685416,0.61526841,256,657664,657919,657875,0
658175,426333307902250,4583083,0.57622205,256,657920,658175,657946,0
658431,426333308790416,4514542,0.61289621,256,658176,658431,658324,0
658687,426333309693458,4482333,0.69292101,256,658432,658687,658558,0
658943,426333310575250,4419375,0.59034389,256,658688,658943,658883,0
659199,426333311429958,4383917,0.62245042,256,658944,659199,659046,0
659455,426333312347833,4249917,0.59387524,256,659200,659455,659402,0
659711,426333313271500,4119208,0.59891146,256,659456,659711,659472,0
659967,426333314191958,4027083,0.59958757,256,659712,659967,659897,0
660223,426333315100708,3893542,0.58000046,256,659968,660223,660050,0
660479,426333316131250,3647291,0.60133077,256,660224,660479,660289,0
660735,426333316869791,3824959,0.63295032,256,660480,660735,660666,0
660991,426333317769041,3667834,0.59501282,256,660736,660991,660790,0
661247,426333318640541,3605584,0.60153947,256,660992,661247,661002,0
661503,426333319538416,3520000,0.59158211,256,661248,661503,661373,0
661759,426333320714500,3159625,0.64671385,256,661504,661759,661544,0
662015,426333321320875,3424875,0.63386269,256,661760,662015,661875,0
662271,426333322209666,3345250,0.63753856,256,662016,662271,662260,0
662527,426333323119083,3232542,0.59024547,256,662272,662527,662375,0
662783,426333324026458,3154375,0.63687953,256,662528,662783,662655,0
663039,426333324897916,3082125,0.64143286,256,662784,663039,662978,0
663295,426333325783208,2984125,0.57706709,256,663040,663295,663164,0
663551,426333326715083,2848083,0.61257362,256,663296,663551,663429,0
663807,426333327589958,2751875,0.60967855,256,663552,663807,663686,0
664063,426333328468958,2682333,0.64639082,256,663808,664063,664021,0
664319,426333329322291,2662334,0.62269165,256,664064,664319,664092,0
664575,426333330164125,2612125,0.62883106,256,664320,664575,664431,0
664831,426333331048708,2516250,0.56860543,256,664576,664831,664630,0
665087,426333331954625,2410041,0.60762078,256,664832,665087,665012,0
665343,426333332813291,2342167,0.61130886,256,665088,665343,665189,0
665599,426333333701666,2256042,0.5750652,256,665344,665599,665347,0
665855,426333334608708,2141500,0.58355571,256,665600,665855,665754,0
666111,426333335472750,2093458,0.61997599,256,665856,666111,666045,0
666367,426333336334166,2018292,0.60002854,256,666112,666367,666212,0
666623,426333337242166,1919084,0.63354144,256,666368,666623,666553,0
666879,426333338158166,1799375,0.61653147,256,666624,666879,666699,0
667135,426333338998625,1739458,0.56357814,256,666880,667135,666908,0
667391,426333339864708,1667792,0.60738056,256,667136,667391,667316,0
667647,426333340728416,1598500,0.61848223,256,667392,667647,667567,0
667903,426333341599583,1524500,0.5728344,256,667648,667903,667799,0
668159,426333342471958,1448500,0.61213227,256,667904,668159,668026,0
668415,426333343375750,1326375,0.59197516,256,668160,668415,668185,0
668671,426333344339791,1158500,0.59319544,256,668416,668671,668469,0
668927,426333345228958,1078625,0.59242797,256,668672,668927,668764,0
669183,426333346034833,1079833,0.60667735,256,668928,669183,669149,0
669439,426333346915625,1020041,0.6337925,256,669184,669439,669185,0
669695,426333347805166,922250,0.56935957,256,669440,669695,669609,0
669951,426333348677333,925792,0.59063498,256,669696,669951,669883,0
670207,426333349592666,843000,0.61252297,256,669952,670207,670042,0
670463,426333350429416,836459,0.63678324,256,670208,670463,670318,0
670719,426333351295166,834625,0.59948209,256,670464,670719,670710,0
670975,426333352202041,837542,0.60904724,256,670720,670975,670774,0
671231,426333353091166,804042,0.60613878,256,670976,671231,671059,0
671487,426333353940916,801584,0.59180814,256,671232,671487,671400,0
671743,426333354853375,1714750,0.61424834,256,671488,671743,671517,0
671999,426333355761833,1743042,0.59625723,256,671744,671999,671789,0
672255,426333356672791,1628750,0.61436095,256,672000,672255,672096,0
672511,426333357510666,1644584,0.63025999,256,672256,672511,672376,0
672767,426333358447416,1522334,0.66362755,256,672512,672767,672543,0
673023,426333359314291,1491625,0.62217051,256,672768,673023,672917,0
673279,426333360171833,1463250,0.61708042,256,673024,673279,673174,0
673535,426333361066958,1382833,0.64805175,256,673280,673535,673382,0
673791,426333361987291,1263000,0.62971467,256,673536,673791,673773,0
674047,426333362919250,1145333,0.6198063,256,673792,674047,673982,0
674303,426333363811000,1042291,0.58066036,256,674048,674303,674261,0
674559,426333364718166,952750,0.62529003,256,674304,674559,674439,0
674815,426333365562375,917083,0.62864922,256,674560,674815,674749,0
675071,426333366457625,836750,0.62037311,256,674816,675071,675030,0
675327,426333367306000,1621041,0.60885206,256,675072,675327,675108,0
675583,426333368183666,1778375,0.63898438,256,675328,675583,675524,0
675839,426333369083500,1692250,0.60914251,256,675584,675839,675632,0
676095,426333369944375,1612250,0.60579449,256,675840,676095,675865,0
676351,426333370806583,1539583,0.59432828,256,676096,676351,676156,0
676607,426333371655166,1485542,0.57141594,256,676352,676607,676495,0
676863,426333372550125,1383916,0.58731305,256,676608,676863,676756,0
677119,426333373430041,1336459,0.63939749,256,676864,677119,677044,0
677375,426333374331041,1230625,0.63027226,256,677120,677375,677374,0
677631,426333375231375,1127458,0.5942791,256,677376,677631,677391,0
677887,426333376094250,1060583,0.58388281,256,677632,677887,677657,0
678143,426333376999916,951084,0.62146377,256,677888,678143,677982,0
678399,426333377892458,874583,0.59878781,256,678144,678399,678146,0
678655,426333378772791,825000,0.59872554,256,678400,678655,678429,0
678911,426333379654958,1639542,0.60944565,256,678656,678911,678879,0
679167,426333380516833,1790417,0.61940373,256,678912,679167,679121,0
679423,426333381383458,1741667,0.61862896,256,679168,679423,679321,0
679679,426333382282583,1644208,0.64121584,256,679424,679679,679528,0
679935,426333383196833,1562125,0.60850876,256,679680,679935,679793,0
680191,426333384123833,1418208,0.59243858,256,679936,680191,680049,0
680447,426333385015958,1331167,0.63755647,256,680192,680447,680220,0
680703,426333385946750,1200916,0.60332944,256,680448,680703,680530,0
680959,426333386800041,1176709,0.6298314,256,680704,680959,680816,0
681215,426333387716125,1055083,0.5681895,256,680960,681215,681068,0
681471,426333388603708,960042,0.58800449,256,681216,681471,681254,0
681727,426333389490083,855250,0.58821582,256,681472,681727,681558,0
681983,426333390321166,832042,0.61040398,256,681728,681983,681805,0
682239,426333391163125,822250,0.6066355,256,681984,682239,682016,0
682495,426333392115666,807542,0.57977163,256,682240,682495,682353,0
682751,426333392981625,957375,0.65932005,256,682496,682751,682599,0
683007,426333393841583,895750,0.59602317,256,682752,683007,682964,0
683263,426333394739333,837583,0.60274246,256,683008,683263,683133,0
683519,426333395602041,1640167,0.59988771,256,683264,683519,683364,0
683775,426333396514708,1781000,0.6686183,256,683520,683775,683692,0
684031,426333397438000,1638125,0.56468519,256,683776,684031,683867,0
684287,426333398330083,1570250,0.61662286,256,684032,684287,684199,0
684543,426333399211333,1504917,0.64193169,256,684288,684543,684347,0
684799,426333400095708,1423042,0.58499298,256,684544,684799,684588,0
685055,426333400971083,1338708,0.58960647,256,684800,685055,684954,0
685311,426333401804083,1308583,0.6016676,256,685056,685311,685064,0
685567,426333402742666,1214209,0.61858467,256,685312,685567,685336,0
685823,426333403634375,1141958,0.59487259,256,685568,685823,685695,0
686079,426333404519083,1071125,0.58018432,256,685824,686079,686035,0
686335,426333405439791,946334,0.58325845,256,686080,686335,686087,0
686591,426333406273041,924667,0.62981849,256,686336,686591,686568,0
686847,426333407213791,856209,0.57930104,256,686592,686847,686783,0
687103,426333408075416,866250,0.65859587,256,686848,687103,687048,0
687359,426333408992291,1650834,0.60778999,256,687104,687359,687141,0
687615,426333409839625,1793333,0.60367651,256,687360,687615,687363,0
687871,426333410702375,1734250,0.58603592,256,687616,687871,687736,0
688127,426333411575083,1671833,0.58117719,256,687872,688127,688034,0
688383,426333412446166,1632417,0.6051523,256,688128,688383,688138,0
688639,426333413306750,1576166,0.60204624,256,688384,688639,688401,0
688895,426333414194333,1516000,0.60905626,256,688640,688895,688837,0
689151,426333415047833,1475250,0.64303692,256,688896,689151,689078,0
689407,426333415974500,1345333,0.60143652,256,689152,689407,689228,0
689663,426333416925375,1211416,0.61402743,256,689408,689663,689611,0
689919,426333417741000,1220125,0.59535371,256,689664,689919,689827,0
690175,426333418661958,1129000,0.61915101,256,689920,690175,689963,0
690431,426333419521750,1094833,0.61467062,256,690176,690431,690317,0
690687,426333420357416,1087709,0.59832341,256,690432,690687,690499,0
690943,426333421263875,1006750,0.60441898,256,690688,690943,690906,0
691199,426333422118791,968000,0.60027493,256,690944,691199,691111,0
691455,426333423024625,907541,0.66421782,256,691200,691455,691410,0
691711,426333423892041,874500,0.61290356,256,691456,691711,691574,0
691967,426333424777375,829208,0.64918656,256,691712,691967,691800,0
692223,426333425692583,1632000,0.59092323,256,691968,692223,692037,0
692479,426333426579083,1754333,0.59101226,256,692224,692479,692425,0
692735,426333427449166,1760792,0.65669599,256,692480,692735,692546,0
692991,426333428339250,1675791,0.59736265,256,692736,692991,692835,0
693247,426333429252291,1565292,0.62120374,256,692992,693247,693029,0
693503,426333430166083,1491792,0.60772612,256,693248,693503,693425,0
693759,426333431103875,1350750,0.57819875,256,693504,693759,693714,0
694015,426333431997041,1263250,0.62012724,256,693760,694015,693966,0
694271,426333432894375,1200708,0.59574194,256,694016,694271,694049,0
694527,426333433754916,1161709,0.62712254,256,694272,694527,694281,0
694783,426333434628666,1099334,0.59939127,256,694528,694783,694578,0
695039,426333435542750,998291,0.62206653,256,694784,695039,694923,0
695295,426333436450541,930834,0.62019624,256,695040,695295,695197,0
695551,426333437425208,849833,0.62464416,256,695296,695551,695509,0
695807,426333438300416,841667,0.61700318,256,695552,695807,695591,0
696063,426333439119416,809750,0.59613018,256,695808,696063,696021,0
696319,426333439966583,827875,0.63017868,256,696064,696319,696085,0
696575,426333440851000,834458,0.61242889,256,696320,696575,696400,0
696831,426333441756791,1588625,0.59227937,256,696576,696831,696660,0
697087,426333442679958,1700625,0.59442219,256,696832,697087,696912,0
697343,426333443644250,1557333,0.63925784,256,697088,697343,697231,0
697599,426333444569541,1422875,0.60842845,256,697344,697599,697382,0
697855,426333445478541,1325959,0.61103145,256,697600,697855,697792,0
698111,426333446344750,1277208,0.61090879,256,697856,698111,698079,0
698367,426333447278166,1147667,0.59589135,256,698112,698367,698153,0
698623,426333448166583,1067042,0.61692627,256,698368,698623,698449,0
698879,426333449037041,1021250,0.64087453,256,698624,698879,698872,0
699135,426333449885833,988542,0.6315689,256,698880,699135,699100,0
699391,426333450729625,921791,0.5872921,256,699136,699391,699189,0
699647,426333451608041,876542,0.63829549,256,699392,699647,699582,0
699903,426333452470416,830042,0.62853484,256,699648,699903,699785,0
700159,426333453340833,898250,0.60755528,256,699904,700159,699992,0
700415,426333454254916,855834,0.60530327,256,700160,700415,700165,0
700671,426333455120416,855125,0.62263458,256,700416,700671,700529,0
700927,426333456069000,1198833,0.60779822,256,700672,700927,700800,0
701183,426333456974041,1110542,0.60230919,256,700928,701183,700956,0
701439,426333457861750,1064833,0.63330478,256,701184,701439,701378,0
701695,426333458807083,948292,0.63263105,256,701440,701695,701595,0
701951,426333459629458,969208,0.64410942,256,701696,701951,701775,0
702207,426333460520958,899167,0.6023155,256,701952,702207,702198,0
702463,426333461394375,826166,0.59392582,256,702208,702463,702393,0
702719,426333462286000,1668083,0.6397648,256,702464,702719,702632,0
702975,426333463182083,1699083,0.61741068,256,702720,702975,702751,0
703231,426333464071541,1633042,0.61318985,256,702976,703231,703213,0
703487,426333464960500,1576500,0.62750057,256,703232,703487,703340,0
703743,426333465844916,1558000,0.63772835,256,703488,703743,703564,0
703999,426333466822916,1428750,0.64164905,256,703744,703999,703983,0
704255,426333467772750,1327416,0.64319282,256,704000,704255,704236,0
704511,426333468640041,1272292,0.60900428,256,704256,704511,704495,0
704767,426333469480875,1279708,0.62274917,256,704512,704767,704562,0
705023,426333470302625,1281125,0.63732299,256,704768,705023,704909,0
705279,426333471145291,1273334,0.59443301,256,705024,705279,705257,0
705535,426333472011375,1242541,0.64122953,256,705280,705535,705392,0
705791,426333472929458,1163958,0.64987984,256,705536,705791,705685,0
706047,426333473825000,1118083,0.60605493,256,705792,706047,705837,0
706303,426333474723875,1056500,0.65296432,256,706048,706303,706301,0
706559,426333475642666,974292,0.63426197,256,706304,706559,706311,0
706815,426333476533541,920042,0.64018076,256,706560,706815,706720,0
707071,426333477433083,835208,0.62623433,256,706816,707071,706952,0
707327,426333478339875,873875,0.63829761,256,707072,707327,707086,0
707583,426333479253916,1680917,0.61976185,256,707328,707583,707469,0
707839,426333480157041,1811667,0.61656514,256,707584,707839,707835,0
708095,426333481071291,1777792,0.64076093,256,707840,708095,707886,0
708351,426333481955666,1750084,0.61740189,256,708096,708351,708349,0
708607,426333482889791,1702417,0.64467236,256,708352,708607,708411,0
708863,426333483743333,1744250,0.62364927,256,708608,708863,708705,0
709119,426333484663791,1699209,0.67610459,256,708864,709119,709061,0
709375,426333485508916,1726959,0.61156548,256,709120,709375,709322,0
709631,426333486399416,1722334,0.64185669,256,709376,709631,709531,0
709887,426333487245708,1718375,0.60819544,256,709632,709887,709835,0
710143,426333488154000,1664583,0.58116441,256,709888,710143,710078,0
710399,426333489080833,1625500,0.60853292,256,710144,710399,710172,0
710655,426333489922416,1683542,0.65325771,256,710400,710655,710628,0
710911,426333490789416,1685084,0.67894507,256,710656,710911,710670,0
711167,426333491681291,1698500,0.64961557,256,710912,711167,711141,0
711423,426333492598833,1632000,0.62749321,256,711168,711423,711374,0
711679,426333493499333,1591917,0.65605684,256,711424,711679,711445,0
711935,426333494355625,1634166,0.63862436,256,711680,711935,711769,0
712191,426333495209375,1687375,0.64809905,256,711936,712191,712177,0
712447,426333496048541,1729834,0.63287607,256,712192,712447,712234,0
712703,426333496933250,1719583,0.61548058,256,712448,712703,712614,0
712959,426333497785250,1739416,0.59944774,256,712704,712959,712746,0
713215,426333498680750,1721000,0.64472019,256,712960,713215,713083,0
713471,426333499567166,1700584,0.59119149,256,713216,713471,713246,0
713727,426333500468583,1688792,0.6762325,256,713472,713727,713542,0
713983,426333501335666,1700042,0.63039284,256,713728,713983,713973,0
714239,426333502228541,1663750,0.65093792,256,713984,714239,714183,0
714495,426333503092791,1646417,0.58754861,256,714240,714495,714257,0
714751,426333503965250,1637791,0.61951663,256,714496,714751,714506,0
715007,426333504799583,1647292,0.59019091,256,714752,715007,714762,0
715263,426333505724666,1572792,0.62346011,256,715008,715263,715153,0
715519,426333506630541,3721375,0.62318861,256,715264,715519,715354,0
715775,426333507421583,2932167,0.60674639,256,715520,715775,715743,0
716031,426333508406125,1948750,0.57655639,256,715776,716031,715823,0
716287,426333510377083,904208,0.61005339,256,716032,716287,716139,0
716543,426333510391541,1753959,0.64976743,256,716288,716543,716528,0
716799,426333510971000,2086250,0.67761214,256,716544,716799,716606,0
717055,426333511893166,2011709,0.63351258,256,716800,717055,716970,0
717311,426333512788291,1977292,0.60263866,256,717056,717311,717303,0
717567,426333513696500,1949083,0.6318691,256,717312,717567,717349,0
717823,426333514611166,1897750,0.60372303,256,717568,717823,717572,0
718079,426333515463208,1889417,0.58486997,256,717824,718079,717928,0
718335,426333516322958,1876708,0.59024759,256,718080,718335,718099,0
718591,426333517192875,1873083,0.68728591,256,718336,718591,718577,0
718847,426333518086333,1833583,0.61867574,256,718592,718847,718642,0
719103,426333518980500,1796166,0.61264445,256,718848,719103,718860,0
719359,426333519842708,1791625,0.61710258,256,719104,719359,719209,0
719615,426333520760583,1707792,0.6286582,256,719360,719615,719592,0
719871,426333521617416,1717500,0.6453923,256,719616,719871,719761,0
720127,426333522575291,1644959,0.63490297,256,719872,720127,719931,0
720383,426333523467958,1641583,0.6416423,256,720128,720383,720262,0
720639,426333524339833,1615292,0.60697028,256,720384,720639,720435,0
720895,426333525184750,1644916,0.63129476,256,720640,720895,720723,0
721151,426333526050000,1607333,0.64913662,256,720896,721151,721021,0
721407,426333526922916,1630542,0.64973736,256,721152,721407,721379,0
721663,426333527830625,1570500,0.57956331,256,721408,721663,721660,0
721919,426333528649458,1589000,0.61284035,256,721664,721919,721740,0
722175,426333529508500,1598625,0.64470687,256,721920,722175,722057,0
722431,426333530403166,1547334,0.59847605,256,722176,722431,722228,0
722687,426333531258291,1604000,0.68487594,256,722432,722687,722573,0
722943,426333532130208,1600542,0.60635518,256,722688,722943,722827,0
723199,426333533046500,1570250,0.63492915,256,722944,723199,723095,0
723455,426333533956375,1522125,0.64038003,256,723200,723455,723424,0
723711,426333534845833,1481542,0.60458498,256,723456,723711,723626,0
723967,426333535728250,1449500,0.61138184,256,723712,723967,723938,0
724223,426333536601958,1404375,0.59090211,256,723968,724223,724005,0
724479,426333537440000,1423750,0.62098797,256,724224,724479,724466,0
724735,426333538355916,1358084,0.62856775,256,724480,724735,724618,0
724991,426333539213000,1359833,0.61344227,256,724736,724991,724746,0
725247,426333540159250,1297750,0.64044553,256,724992,725247,725223,0
725503,426333541047125,1275875,0.62097953,256,725248,725503,725488,0
725759,426333541905041,1282334,0.61062979,256,725504,725759,725660,0
726015,426333542813041,1239459,0.60962017,256,725760,726015,726008,0
726271,426333543725333,1183875,0.60111605,256,726016,726271,726149,0
726527,426333544594333,1203917,0.61720247,256,726272,726527,726347,0
726783,426333545527375,1123833,0.64102501,256,726528,726783,726538,0
727039,426333546421708,1069250,0.58298577,256,726784,727039,726939,0
727295,426333547343333,996125,0.6443855,256,727040,727295,727259,0
727551,426333548244625,944875,0.63127731,256,727296,727551,727391,0
727807,426333549088916,958459,0.65614144,256,727552,727807,727559,0
728063,426333549974125,938833,0.61891241,256,727808,728063,728054,0
728319,426333550869083,891250,0.6332931,256,728064,728319,728081,0
728575,426333551797333,1743750,0.60331849,256,728320,728575,728493,0
728831,426333552666208,1867458,0.61998326,256,728576,728831,728701,0
729087,426333553589000,1781208,0.65400459,256,728832,729087,729035,0
729343,426333554380208,1830292,0.6237523,256,729088,729343,729134,0
729599,426333555264416,1816292,0.6458288,256,729344,729599,729599,0
729855,426333556145916,1789125,0.60521927,256,729600,729855,729608,0
730111,426333557076291,1726875,0.597402,256,729856,730111,730061,0
730367,426333557924708,1701917,0.61188899,256,730112,730367,730235,0
730623,426333558761833,1719167,0.66563199,256,730368,730623,730416,0
730879,426333559706583,1613833,0.61303204,256,730624,730879,730869,0
731135,426333560572833,1579458,0.59416986,256,730880,731135,731039,0
731391,426333561452541,1554209,0.60281846,256,731136,731391,731136,0
731647,426333562293791,1519250,0.57155643,256,731392,731647,731591,0
731903,426333563207500,1431250,0.59648675,256,731648,731903,731707,0
732159,426333564121375,1388666,0.65585927,256,731904,732159,732050,0
732415,426333564953208,1412583,0.63750405,256,732160,732415,732395,0
732671,426333565872958,1321292,0.58455642,256,732416,732671,732649,0
732927,426333566710375,1341708,0.65071636,256,732672,732927,732698,0
733183,426333567589083,1284542,0.61297029,256,732928,733183,733178,0
733439,426333568451791,1258417,0.62639294,256,733184,733439,733314,0
733695,426333569333333,1203458,0.61854913,256,733440,733695,733631,0
733951,426333570182166,1183625,0.59637254,256,733696,733951,733899,0
734207,426333570993083,1225917,0.63534921,256,733952,734207,734202,0
734463,426333571848666,1242417,0.61000586,256,734208,734463,734365,0
734719,426333572719916,1244834,0.59199943,256,734464,734719,734650,0
734975,426333573586750,1185000,0.62598071,256,734720,734975,734911,0
735231,426333574474958,1137042,0.60876253,256,734976,735231,735063,0
735487,426333575389833,1032000,0.62042115,256,735232,735487,735310,0
735743,426333576291291,954250,0.60044824,256,735488,735743,735687,0
735999,426333577148000,2815750,0.60120333,256,735744,735999,735916,0
736255,426333578060541,1905084,0.62258164,256,736000,736255,736031,0
736511,426333578919666,1047042,0.63793373,256,736256,736511,736484,0
736767,426333579822708,884875,0.63242657,256,736512,736767,736650,0
737023,426333580678250,852250,0.65676825,256,736768,737023,736807,0
737279,426333581567416,1727625,0.65068601,256,737024,737279,737136,0
737535,426333582483791,2438834,0.65469798,256,737280,737535,737363,0
737791,426333583348791,3201625,0.60124857,256,737536,737791,737715,0
738047,426333584244958,3753000,0.61766377,256,737792,738047,737852,0
738303,426333585175416,3630334,0.59642016,256,738048,738303,738174,0
738559,426333586055875,3569666,0.66309834,256,738304,738559,738535,0
738815,426333586983250,3431041,0.56907406,256,738560,738815,738736,0
739071,426333587930125,3311916,0.61057383,256,738816,739071,738830,0
739327,426333588789541,3277084,0.60759245,256,739072,739327,739191,0
739583,426333589711166,3149709,0.65781552,256,739328,739583,739424,0
739839,426333590610791,3057042,0.63992472,256,739584,739839,739588,0
740095,426333591493375,2968875,0.60113956,256,739840,740095,740093,0
740351,426333592350750,2929583,0.59723792,256,740096,740351,740167,0
740607,426333593220000,2870833,0.62129579,256,740352,740607,740357,0
740863,426333594080083,2849000,0.62064396,256,740608,740863,740657,0
741119,426333594941083,2771375,0.60302827,256,740864,741119,740880,0
741375,426333595807708,2754583,0.60785975,256,741120,741375,741179,0
741631,426333596684125,2678583,0.61596974,256,741376,741631,741397,0
741887,426333597599916,2558417,0.56519687,256,741632,741887,741775,0
742143,426333598449333,2537208,0.62374666,256,741888,742143,741951,0
742399,426333599369958,2404042,0.58368317,256,742144,742399,742310,0
742655,426333600212375,2350625,0.58232311,256,742400,742655,742585,0
742911,426333601108041,2280584,0.6099363,256,742656,742911,742804,0
743167,426333601923083,2257167,0.60861314,256,742912,743167,742938,0
743423,426333602838166,2191959,0.61528807,256,743168,743423,743281,0
743679,426333603723666,2130667,0.60228561,256,743424,743679,743523,0
743935,426333604615250,2021958,0.65134198,256,743680,743935,743862,0
744191,426333605489375,1953291,0.62799196,256,743936,744191,744136,0
744447,426333606362291,1885917,0.58681251,256,744192,744447,744411,0
744703,426333607233625,1833791,0.64382915,256,744448,744703,744454,0
744959,426333608171291,1697917,0.60329803,256,744704,744959,744799,0
745215,426333609032833,1642250,0.62816033,256,744960,745215,745159,0
745471,426333609869875,1586166,0.57488227,256,745216,745471,745390,0
745727,426333610750666,1494084,0.64913908,256,745472,745727,745529,0
745983,426333611709000,1336250,0.59932455,256,745728,745983,745820,0
746239,426333612614333,1237792,0.61677297,256,745984,746239,746227,0
746495,426333613454083,1215083,0.65642894,256,746240,746495,746328,0
746751,426333614322333,1146708,0.61479246,256,746496,746751,746554,0
747007,426333615187333,1068708,0.57780175,256,746752,747007,747005,0
747263,426333616064750,1006333,0.60889053,256,747008,747263,747192,0
747519,426333616918416,956375,0.60937281,256,747264,747519,747410,0
747775,426333617814958,875917,0.6789547,256,747520,747775,747564,0
748031,426333618622916,856542,0.62730144,256,747776,748031,747963,0
748287,426333619447166,840084,0.60328595,256,748032,748287,748068,0
748543,426333620354708,1688875,0.62217247,256,748288,748543,748533,0
748799,426333621239666,1771375,0.64256733,256,748544,748799,748558,0
749055,426333622175166,1672250,0.6161321,256,748800,749055,748819,0
749311,426333623014500,1632250,0.60359799,256,749056,749311,749210,0
749567,426333623904291,1535292,0.56453933,256,749312,749567,749549,0
749823,426333624779708,1436458,0.59659302,256,749568,749823,749648,0
750079,426333625727250,1314208,0.61424866,256,749824,750079,750051,0
750335,426333626625250,1210875,0.61688379,256,750080,750335,750288,0
750591,426333627411291,1233709,0.62930165,256,750336,750591,750343,0
750847,426333628283291,1171750,0.58270619,256,750592,750847,750654,0
751103,426333629145041,4154959,0.62488011,256,750848,751103,750957,0
751359,426333630028708,3275167,0.57593519,256,751104,751359,751231,0
751615,426333633341416,858250,0.62010245,256,751360,751615,751578,0
751871,426333633360875,1649958,0.61426755,256,751616,751871,751636,0
752127,426333633375500,2437333,0.59584126,256,751872,752127,752094,0
752383,426333633611666,2988584,0.60658991,256,752128,752383,752213,0
752639,426333634536708,2861333,0.61519844,256,752384,752639,752489,0
752895,426333635386208,2799958,0.59425728,256,752640,752895,752738,0
753151,426333636262791,2742000,0.61129457,256,752896,753151,753016,0
753407,426333637169041,2624709,0.60562089,256,753152,753407,753295,0
753663,426333638023833,2555583,0.60377393,256,753408,753663,753520,0
753919,426333638914125,2489041,0.62713047,256,753664,753919,753836,0
754175,426333639842916,2655042,0.6093607,256,753920,754175,753945,0
754431,426333640702708,2330833,0.65692913,256,754176,754431,754263,0
754687,426333641504208,2299458,0.61805452,256,754432,754687,754465,0
754943,426333642434291,2138875,0.62261602,256,754688,754943,754803,0
755199,426333643376125,1988625,0.59726526,256,754944,755199,755187,0
755455,426333644242500,1928875,0.61549548,256,755200,755455,755236,0
755711,426333645114958,1855167,0.60383213,256,755456,755711,755690,0
755967,426333646046583,1703292,0.57401221,256,755712,755967,755755,0
756223,426333646941500,1592708,0.58227665,256,755968,756223,756062,0
756479,426333647800541,1526625,0.59378722,256,756224,756479,756332,0
756735,426333648685833,1441958,0.61128015,256,756480,756735,756591,0
756991,426333649550333,1376000,0.62494963,256,756736,756991,756835,0
757247,426333650415583,1292167,0.59723363,256,756992,757247,757044,0
757503,426333651289458,1231875,0.58792185,256,757248,757503,757302,0
757759,426333652172583,1178208,0.61263605,256,757504,757759,757590,0
758015,426333653061791,1073459,0.61526841,256,757760,758015,757875,0
758271,426333653943625,967500,0.57187917,256,758016,758271,758258,0
758527,426333654836250,927125,0.63655577,256,758272,758527,758520,0
758783,426333655685125,919041,0.69292101,256,758528,758783,758558,0
759039,426333656646916,1687167,0.59034389,256,758784,759039,758883,0
759295,426333657454666,1781375,0.62245042,256,759040,759295,759046,0
759551,426333658381625,1676208,0.59891146,256,759296,759551,759472,0
759807,426333659310083,1527083,0.59348389,256,759552,759807,759762,0
760063,426333660247125,1397625,0.59958757,256,759808,760063,759897,0
760319,426333661159750,1266625,0.60133077,256,760064,760319,760289,0
760575,426333662001208,1220208,0.59212213,256,760320,760575,760573,0
760831,426333662923958,1141583,0.63295032,256,760576,760831,760666,0
761087,426333663807000,1065833,0.60153947,256,760832,761087,761002,0
761343,426333664693750,990083,0.58873099,256,761088,761343,761211,0
761599,426333665562166,938417,0.64671385,256,761344,761599,761544,0
761855,426333666489666,1610292,0.6293775,256,761600,761855,761653,0
762111,426333667355875,1791708,0.63386269,256,761856,762111,761875,0
762367,426333668268166,2067375,0.63753856,256,762112,762367,762260,0
762623,426333669184416,1976000,0.61157715,256,762368,762623,762614,0
762879,426333670047833,1923500,0.63687953,256,762624,762879,762655,0
763135,426333670941125,1818041,0.64143286,256,762880,763135,762978,0
763391,426333671836291,1724042,0.57790313,256,763136,763391,763300,0
763647,426333672719416,1632792,0.61257362,256,763392,763647,763429,0
763903,426333673645625,1504166,0.60967855,256,763648,763903,763686,0
764159,426333674490916,1475750,0.64639082,256,763904,764159,764021,0
764415,426333675348333,1421875,0.61029215,256,764160,764415,764207,0
764671,426333676199375,1361500,0.62883106,256,764416,764671,764431,0
764927,426333677086000,1271708,0.56441215,256,764672,764927,764810,0
765183,426333677966333,1200917,0.60762078,256,764928,765183,765012,0
765439,426333678845375,1119166,0.61130886,256,765184,765439,765189,0
765695,426333679756875,1001833,0.57097002,256,765440,765695,765478,0
765951,426333680656875,899208,0.58718128,256,765696,765951,765933,0
766207,426333681502791,857959,0.61997599,256,765952,766207,766045,0
766463,426333682391583,824250,0.60002854,256,766208,766463,766212,0
766719,426333683282625,1719291,0.63354144,256,766464,766719,766553,0
766975,426333684182666,1771084,0.61077366,256,766720,766975,766792,0
767231,426333685028916,1706959,0.5885259,256,766976,767231,767159,0
767487,426333685906708,1640792,0.60738056,256,767232,767487,767316,0
767743,426333686758750,1577958,0.61848223,256,767488,767743,767567,0
767999,426333687622250,1515791,0.6022365,256,767744,767999,767968,0
768255,426333688514750,1431500,0.61213227,256,768000,768255,768026,0
768511,426333689459916,1269209,0.59319544,256,768256,768511,768469,0
768767,426333690365750,1172833,0.59242797,256,768512,768767,768764,0
769023,426333691238250,1088000,0.58565776,256,768768,769023,768869,0
769279,426333692077500,1074833,0.6337925,256,769024,769279,769185,0
769535,426333692936208,1032458,0.62627704,256,769280,769535,769375,0
769791,426333693874416,879417,0.57674917,256,769536,769791,769699,0
770047,426333694758958,801750,0.61252297,256,769792,770047,770042,0
770303,426333695605000,1597125,0.59082476,256,770048,770303,770232,0
770559,426333696462000,1759000,0.63678324,256,770304,770559,770318,0
770815,426333697353083,1671875,0.60904724,256,770560,770815,770774,0
771071,426333698249708,1572958,0.60613878,256,770816,771071,771059,0
771327,426333699118541,1489500,0.60333579,256,771072,771327,771168,0
771583,426333699997041,1436959,0.61424834,256,771328,771583,771517,0
771839,426333700886958,1354250,0.59625723,256,771584,771839,771789,0
772095,426333701826250,1193250,0.60373505,256,771840,772095,772002,0
772351,426333702705333,1132292,0.61460563,256,772096,772351,772272,0
772607,426333703552833,1112667,0.66362755,256,772352,772607,772543,0
772863,426333704446541,1011375,0.59350308,256,772608,772863,772806,0
773119,426333705342916,942542,0.62217051,256,772864,773119,772917,0
773375,426333706199791,913667,0.61708042,256,773120,773375,773174,0
773631,426333707109083,825625,0.64805175,256,773376,773631,773382,0
773887,426333708042416,833750,0.62971467,256,773632,773887,773773,0
774143,426333708953000,832000,0.6198063,256,773888,774143,773982,0
774399,426333709846958,795125,0.58066036,256,774144,774399,774261,0
774655,426333710740000,835791,0.62529003,256,774400,774655,774439,0
774911,426333711616958,1712125,0.62864922,256,774656,774911,774749,0
775167,426333712492208,1813208,0.62037311,256,774912,775167,775030,0
775423,426333713330000,1755000,0.5705806,256,775168,775423,775385,0
775679,426333714222208,1685625,0.63898438,256,775424,775679,775524,0
775935,426333715099125,1607333,0.60579449,256,775680,775935,775865,0
776191,426333715956416,1541375,0.59432828,256,775936,776191,776156,0
776447,426333716843625,1433666,0.56983826,256,776192,776447,776319,0
776703,426333717703708,1366667,0.57141594,256,776448,776703,776495,0
776959,426333718551041,1310834,0.5911342,256,776704,776959,776923,0
777215,426333719460041,1236417,0.63939749,256,776960,777215,777044,0
777471,426333720377625,1111583,0.63027226,256,777216,777471,777374,0
777727,426333721273250,1010666,0.58755874,256,777472,777727,777610,0
777983,426333722134333,968583,0.62146377,256,777728,777983,777982,0
778239,426333723031291,882417,0.60246461,256,777984,778239,778132,0
778495,426333723924000,1599583,0.59872554,256,778240,778495,778429,0
778751,426333724810000,1721583,0.59822397,256,778496,778751,778555,0
779007,426333725660291,1663000,0.60944565,256,778752,779007,778879,0
779263,426333726533750,1607958,0.61940373,256,779008,779263,779121,0
779519,426333727434000,1517416,0.61862896,256,779264,779519,779321,0
779775,426333728358333,1406250,0.64121584,256,779520,779775,779528,0
780031,426333729246291,1323167,0.60850876,256,779776,780031,779793,0
780287,426333730142541,1238792,0.63755647,256,780032,780287,780220,0
780543,426333731081458,1104083,0.62428661,256,780288,780543,780344,0
780799,426333731971750,1000166,0.57821061,256,780544,780799,780769,0
781055,426333732844500,956583,0.6298314,256,780800,781055,780816,0
781311,426333733737166,859250,0.58800449,256,781056,781311,781254,0
781567,426333734677541,1665459,0.58821582,256,781312,781567,781558,0
781823,426333735539791,1796750,0.61040398,256,781568,781823,781805,0
782079,426333736342666,1824959,0.6066355,256,781824,782079,782016,0
782335,426333737194000,1789500,0.57035621,256,782080,782335,782232,0
782591,426333738126500,1676166,0.64955942,256,782336,782591,782580,0
782847,426333739021833,1621333,0.65932005,256,782592,782847,782599,0
783103,426333739884958,1611500,0.59602317,256,782848,783103,782964,0
783359,426333740768500,1545583,0.60274246,256,783104,783359,783133,0
783615,426333741657291,1511709,0.61212021,256,783360,783615,783568,0
783871,426333742578958,1442542,0.6686183,256,783616,783871,783692,0
784127,426333743465083,1369667,0.60951265,256,783872,784127,784032,0
784383,426333744365458,1338167,0.64193169,256,784128,784383,784347,0
784639,426333745272875,1259916,0.58499298,256,784384,784639,784588,0
784895,426333746161083,1191792,0.58175114,256,784640,784895,784783,0
785151,426333746982791,1192334,0.6016676,256,784896,785151,785064,0
785407,426333747848083,1161042,0.61858467,256,785152,785407,785336,0
785663,426333748755916,1108000,0.59030133,256,785408,785663,785641,0
785919,426333749650166,1054000,0.59487259,256,785664,785919,785695,0
786175,426333750553583,970458,0.58325845,256,785920,786175,786087,0
786431,426333751438083,906792,0.57110776,256,786176,786431,786261,0
786687,426333752321083,847500,0.62981849,256,786432,786687,786568,0
786943,426333753247833,1627458,0.60212846,256,786688,786943,786884,0
787199,426333754148125,1795625,0.65859587,256,786944,787199,787048,0
787455,426333755013833,1771958,0.60433851,256,787200,787455,787327,0
787711,426333755874375,1706666,0.60328128,256,787456,787711,787525,0
787967,426333756742916,1665000,0.58603592,256,787712,787967,787736,0
788223,426333757616750,1597958,0.6051523,256,787968,788223,788138,0
788479,426333758457708,1580375,0.60298794,256,788224,788479,788341,0
788735,426333759377333,1460208,0.59905662,256,788480,788735,788644,0
788991,426333760234541,1428917,0.61451882,256,788736,788991,788947,0
789247,426333761093375,1390625,0.64303692,256,788992,789247,789078,0
789503,426333762053083,1228458,0.5877867,256,789248,789503,789433,0
789759,426333762903333,1204208,0.61402743,256,789504,789759,789611,0
790015,426333763806250,1138291,0.61915101,256,789760,790015,789963,0
790271,426333764654375,1095000,0.57221192,256,790016,790271,790226,0
790527,426333765529333,1050500,0.61467062,256,790272,790527,790317,0
790783,426333766394750,1013291,0.57762067,256,790528,790783,790641,0
791039,426333767275125,942750,0.60441898,256,790784,791039,790906,0
791295,426333768196791,852417,0.61028263,256,791040,791295,791281,0
791551,426333769021333,870333,0.66421782,256,791296,791551,791410,0
791807,426333769907666,876584,0.64918656,256,791552,791807,791800,0
792063,426333770846458,815500,0.62763628,256,791808,792063,791924,0
792319,426333771738833,817542,0.59030164,256,792064,792319,792263,0
792575,426333772582333,859042,0.65669599,256,792320,792575,792546,0
792831,426333773505541,887334,0.63442299,256,792576,792831,792633,0
793087,426333774336250,888500,0.62120374,256,792832,793087,793029,0
793343,426333775317166,858125,0.60691563,256,793088,793343,793171,0
793599,426333776195791,876375,0.60772612,256,793344,793599,793425,0
793855,426333777151625,855500,0.57819875,256,793600,793855,793714,0
794111,426333778043333,860875,0.62012724,256,793856,794111,793966,0
794367,426333778912416,864584,0.62712254,256,794112,794367,794281,0
794623,426333779784791,891667,0.60192367,256,794368,794623,794373,0
794879,426333780677458,1682208,0.58488348,256,794624,794879,794651,0
795135,426333781571500,1781458,0.62206653,256,794880,795135,794923,0
795391,426333782548041,1936500,0.62414991,256,795136,795391,795367,0
795647,426333783427458,2015833,0.62464416,256,795392,795647,795509,0
795903,426333784300333,1943000,0.57558784,256,795648,795903,795683,0
796159,426333785128208,1904625,0.63017868,256,795904,796159,796085,0
796415,426333786004583,1827375,0.61242889,256,796160,796415,796400,0
796671,426333786890291,1731542,0.59227937,256,796416,796671,796660,0
796927,426333787796250,1628791,0.59442219,256,796672,796927,796912,0
797183,426333788728833,1487417,0.58007661,256,796928,797183,796931,0
797439,426333789699875,1345083,0.63925784,256,797184,797439,797231,0
797695,426333790591416,1250959,0.58870569,256,797440,797695,797567,0
797951,426333791512250,1129833,0.61103145,256,797696,797951,797792,0
798207,426333792402416,1065709,0.61090879,256,797952,798207,798079,0
798463,426333793322208,961250,0.61692627,256,798208,798463,798449,0
798719,426333794219375,868583,0.59929395,256,798464,798719,798638,0
798975,426333795059041,846167,0.64087453,256,798720,798975,798872,0
799231,426333795888500,823833,0.6315689,256,798976,799231,799100,0
799487,426333796765416,819834,0.57421666,256,799232,799487,799302,0
799743,426333797652250,852833,0.63829549,256,799488,799743,799582,0
799999,426333798493583,844333,0.62853484,256,799744,799999,799785,0
800255,426333799379750,1716791,0.60530327,256,800000,800255,800165,0
800511,426333800299458,1804792,0.60754791,256,800256,800511,800431,0
800767,426333801174500,1776541,0.62263458,256,800512,800767,800529,0
801023,426333802134375,1664416,0.60779822,256,800768,801023,800800,0
801279,426333803033583,1599333,0.59317879,256,801024,801279,801154,0
801535,426333803956083,1518208,0.63330478,256,801280,801535,801378,0
801791,426333804820250,1516875,0.64410942,256,801536,801791,801775,0
802047,426333805674875,1510458,0.59444516,256,801792,802047,801939,0
802303,426333806595416,1436875,0.6023155,256,802048,802303,802198,0
802559,426333807449833,1426042,0.59879767,256,802304,802559,802557,0
802815,426333808298166,1474959,0.6397648,256,802560,802815,802632,0
803071,426333809234708,1383625,0.60877202,256,802816,803071,802968,0
803327,426333810120208,1345542,0.61318985,256,803072,803327,803213,0
803583,426333811010208,1324833,0.63772835,256,803328,803583,803564,0
803839,426333811925375,1297375,0.61225154,256,803584,803839,803693,0
804095,426333812914833,1165208,0.64164905,256,803840,804095,803983,0
804351,426333813806833,1144333,0.64319282,256,804096,804351,804236,0
804607,426333814643041,1152292,0.62274917,256,804352,804607,804562,0
804863,426333815512291,1170209,0.63325526,256,804608,804863,804770,0
805119,426333816313000,1196458,0.63732299,256,804864,805119,804909,0
805375,426333817181291,1202417,0.59443301,256,805120,805375,805257,0
805631,426333818071458,1153208,0.64122953,256,805376,805631,805392,0
805887,426333818974541,1138084,0.64987984,256,805632,805887,805685,0
806143,426333819880666,1083542,0.59472973,256,805888,806143,805983,0
806399,426333820768041,1080584,0.65296432,256,806144,806399,806301,0
806655,426333821705250,986583,0.61340293,256,806400,806655,806526,0
806911,426333822580375,960458,0.64018076,256,806656,806911,806720,0
807167,426333823541250,889375,0.63829761,256,806912,807167,807086,0
807423,426333824388750,867375,0.59043634,256,807168,807423,807340,0
807679,426333825283458,865167,0.61976185,256,807424,807679,807469,0
807935,426333826232791,877584,0.64076093,256,807680,807935,807886,0
808191,426333827094041,868500,0.60188761,256,807936,808191,808135,0
808447,426333827983625,862541,0.64467236,256,808192,808447,808411,0
808703,426333828930750,1689750,0.61130411,256,808448,808703,808568,0
808959,426333829819750,1836750,0.62364927,256,808704,808959,808705,0
809215,426333830740375,1794000,0.67610459,256,808960,809215,809061,0
809471,426333831565250,1802500,0.61156548,256,809216,809471,809322,0
809727,426333832439208,1790667,0.64185669,256,809472,809727,809531,0
809983,426333833297000,1776916,0.60819544,256,809728,809983,809835,0
810239,426333834169500,1743083,0.60853292,256,809984,810239,810172,0
810495,426333835131208,1632583,0.62492758,256,810240,810495,810455,0
810751,426333835948625,1688833,0.67894507,256,810496,810751,810670,0
811007,426333836825125,1653708,0.60293968,256,810752,811007,810874,0
811263,426333837703041,1644250,0.64961557,256,811008,811263,811141,0
811519,426333838627041,1666000,0.65605684,256,811264,811519,811445,0
811775,426333840378208,932250,0.63862436,256,811520,811775,811769,0
812031,426333840387375,1776375,0.61520012,256,811776,812031,811924,0
812287,426333841213208,1859958,0.64809905,256,812032,812287,812177,0
812543,426333842098541,1821084,0.61243982,256,812288,812543,812291,0
812799,426333842964208,1793583,0.61548058,256,812544,812799,812614,0
813055,426333843832750,1772916,0.59380359,256,812800,813055,813048,0
813311,426333844722041,1745750,0.64472019,256,813056,813311,813083,0
813567,426333845650125,1676000,0.6762325,256,813312,813567,813542,0
813823,426333846529916,1647959,0.62823744,256,813568,813823,813626,0
814079,426333847386875,1640291,0.63039284,256,813824,814079,813973,0
814335,426333848303958,1542625,0.65093792,256,814080,814335,814183,0
814591,426333849110083,1583375,0.61951663,256,814336,814591,814506,0
814847,426333850016625,1507791,0.60176922,256,814592,814847,814706,0
815103,426333850854416,1479459,0.62239543,256,814848,815103,815087,0
815359,426333851790125,1386083,0.62346011,256,815104,815359,815153,0
815615,426333852629833,1407417,0.60631253,256,815360,815615,815412,0
815871,426333853441833,1463500,0.60674639,256,815616,815871,815743,0
816127,426333854313958,1410083,0.59356166,256,815872,816127,816042,0
816383,426333855215666,1343667,0.62176583,256,816128,816383,816319,0
816639,426333856139500,1293083,0.67761214,256,816384,816639,816606,0
816895,426333857003916,1259250,0.59797442,256,816640,816895,816650,0
817151,426333857972500,1145083,0.63351258,256,816896,817151,816970,0
817407,426333858835041,1132459,0.6318691,256,817152,817407,817349,0
817663,426333859743208,1069833,0.60372303,256,817408,817663,817572,0
817919,426333860653750,988750,0.5882785,256,817664,817919,817751,0
818175,426333861487416,983084,0.59024759,256,817920,818175,818099,0
818431,426333862382291,924792,0.6188372,256,818176,818431,818420,0
818687,426333863249958,885542,0.68728591,256,818432,818687,818577,0
818943,426333864149833,857875,0.61264445,256,818688,818943,818860,0
819199,426333865015458,865375,0.60049282,256,818944,819199,819088,0
819455,426333865886750,1353125,0.61710258,256,819200,819455,819209,0
819711,426333866794916,1284500,0.6286582,256,819456,819711,819592,0
819967,426333867680166,1259167,0.6453923,256,819712,819967,819761,0
820223,426333868626833,1162375,0.58354475,256,819968,820223,820090,0
820479,426333869481208,1162750,0.6416423,256,820224,820479,820262,0
820735,426333870366125,1128416,0.63129476,256,820480,820735,820723,0
820991,426333871207541,1111875,0.62201745,256,820736,820991,820885,0
821247,426333872117041,1007292,0.64913662,256,820992,821247,821021,0
821503,426333872953416,1036625,0.64973736,256,821248,821503,821379,0
821759,426333873846791,978417,0.61284035,256,821504,821759,821740,0
822015,426333874678583,969250,0.59641035,256,821760,822015,822001,0
822271,426333875574958,919250,0.64470687,256,822016,822271,822057,0
822527,426333876400375,945333,0.63934525,256,822272,822527,822519,0
822783,426333877304875,911208,0.68487594,256,822528,822783,822573,0
823039,426333878145000,919333,0.60635518,256,822784,823039,822827,0
823295,426333879104375,880500,0.63492915,256,823040,823295,823095,0
823551,426333879990708,1674583,0.64038003,256,823296,823551,823424,0
823807,426333880858000,1792625,0.60458498,256,823552,823807,823626,0
824063,426333881750000,1725625,0.61138184,256,823808,824063,823938,0
824319,426333882656458,1636667,0.57218914,256,824064,824319,824261,0
824575,426333883522500,1594666,0.62098797,256,824320,824575,824466,0
824831,426333884386041,1576459,0.62856775,256,824576,824831,824618,0
825087,426333885320166,1458167,0.59053032,256,824832,825087,824870,0
825343,426333886199500,1443041,0.64044553,256,825088,825343,825223,0
825599,426333887053166,1438834,0.62097953,256,825344,825599,825488,0
825855,426333887952250,1391875,0.61062979,256,825600,825855,825660,0
826111,426333888874291,1306542,0.60962017,256,825856,826111,826008,0
826367,426333889779458,1258958,0.61720247,256,826112,826367,826347,0
826623,426333890663708,1204958,0.64102501,256,826368,826623,826538,0
826879,426333891550916,1144042,0.6052075,256,826624,826879,826627,0
827135,426333892496500,1034958,0.59691529,256,826880,827135,827134,0
827391,426333893403208,962833,0.6443855,256,827136,827391,827259,0
827647,426333894266458,946750,0.65614144,256,827392,827647,827559,0
827903,426333895116125,896500,0.57842803,256,827648,827903,827773,0
828159,426333896025833,1742167,0.6332931,256,827904,828159,828081,0
828415,426333896946541,2424334,0.58710934,256,828160,828415,828196,0
828671,426333897803791,2519084,0.60331849,256,828416,828671,828493,0
828927,426333898714208,2437667,0.61998326,256,828672,828927,828701,0
829183,426333899611916,2396709,0.65400459,256,828928,829183,829035,0
829439,426333900402875,2438250,0.5891788,256,829184,829439,829268,0
829695,426333901309250,2410541,0.6458288,256,829440,829695,829599,0
829951,426333902193416,2374875,0.59749237,256,829696,829951,829752,0
830207,426333903093375,2317833,0.597402,256,829952,830207,830061,0
830463,426333903950791,2318500,0.66563199,256,830208,830463,830416,0
830719,426333904824041,2275250,0.61983034,256,830464,830719,830526,0
830975,426333905735666,2201750,0.61303204,256,830720,830975,830869,0
831231,426333906610791,2157542,0.60281846,256,830976,831231,831136,0
831487,426333907471250,2150750,0.59442221,256,831232,831487,831299,0
831743,426333908352666,4311334,0.59648675,256,831488,831743,831707,0
831999,426333909246125,3419541,0.59384777,256,831744,831999,831879,0
832255,426333910120166,2546584,0.65585927,256,832000,832255,832050,0
832511,426333912740416,1082542,0.63750405,256,832256,832511,832395,0
832767,426333912750291,1899334,0.65071636,256,832512,832767,832698,0
833023,426333912759375,2693791,0.59603534,256,832768,833023,832882,0
833279,426333913631458,2632708,0.61297029,256,833024,833279,833178,0
833535,426333914497958,2588042,0.62639294,256,833280,833535,833314,0
833791,426333915353125,2539750,0.61854913,256,833536,833791,833631,0
834047,426333916203333,2500042,0.6080745,256,833792,834047,833995,0
834303,426333917025125,2516958,0.63534921,256,834048,834303,834202,0
834559,426333917889750,2503000,0.61000586,256,834304,834559,834365,0
834815,426333918767291,2426167,0.59199943,256,834560,834815,834650,0
835071,426333919622750,2390875,0.62598071,256,834816,835071,834911,0
835327,426333920545500,2277041,0.62042115,256,835072,835327,835310,0
835583,426333921438125,2191583,0.6007891,256,835328,835583,835384,0
835839,426333922351083,2059125,0.60044824,256,835584,835839,835687,0
836095,426333923196375,2088375,0.62258164,256,835840,836095,836031,0
836351,426333924104541,2008292,0.61672773,256,836096,836351,836177,0
836607,426333924973041,1949792,0.63793373,256,836352,836607,836484,0
836863,426333925867958,1908375,0.65676825,256,836608,836863,836807,0
837119,426333926738541,1822792,0.59189767,256,836864,837119,837104,0
837375,426333927624583,1795833,0.65469798,256,837120,837375,837363,0
837631,426333928523625,1707791,0.63176897,256,837376,837631,837523,0
837887,426333929386625,1656333,0.61766377,256,837632,837887,837852,0
838143,426333930266916,1583625,0.59563738,256,837888,838143,837928,0
838399,426333931234250,1402250,0.59642016,256,838144,838399,838174,0
838655,426333932126708,1333708,0.66309834,256,838400,838655,838535,0
838911,426333933051125,1237333,0.61057383,256,838656,838911,838830,0
839167,426333933944458,1152875,0.59880173,256,838912,839167,838927,0
839423,426333934847666,1048292,0.60759245,256,839168,839423,839191,0
839679,426333935735166,976917,0.65781552,256,839424,839679,839424,0
839935,426333936643208,864417,0.63380544,256,839680,839935,839704,0
840191,426333937536125,944958,0.60113956,256,839936,840191,840093,0
840447,426333938382041,928917,0.62129579,256,840192,840447,840357,0
840703,426333939239166,938042,0.62064396,256,840448,840703,840657,0
840959,426333940119500,879541,0.60302827,256,840704,840959,840880,0
841215,426333940986791,875500,0.60785975,256,840960,841215,841179,0
841471,426333941829958,849542,0.61596974,256,841216,841471,841397,0
841727,426333942738541,1653875,0.57658246,256,841472,841727,841494,0
841983,426333943585750,2412625,0.62374666,256,841728,841983,841951,0
842239,426333944505916,3070584,0.6010083,256,841984,842239,842117,0
842495,426333945355541,3799959,0.58368317,256,842240,842495,842310,0
842751,426333946247750,4484250,0.58232311,256,842496,842751,842585,0
843007,426333947099000,5235291,0.6099363,256,842752,843007,842804,0
843263,426333947944333,5836375,0.60607571,256,843008,843263,843247,0
843519,426333948905833,5705000,0.61528807,256,843264,843519,843281,0
843775,426333949792791,5630834,0.60940541,256,843520,843775,843775,0
844031,426333950628708,5584750,0.65134198,256,843776,844031,843862,0
844287,426333951550833,5479458,0.62799196,256,844032,844287,844136,0
844543,426333952422458,5402167,0.64382915,256,844288,844543,844454,0
844799,426333953317958,5325250,0.61922696,256,844544,844799,844668,0
845055,426333954196541,5251459,0.59839023,256,844800,845055,845031,0
845311,426333955056375,5192000,0.62816033,256,845056,845311,845159,0
845567,426333955890833,5140542,0.64913908,256,845312,845567,845529,0
845823,426333956834458,4998458,0.59932455,256,845568,845823,845820,0
846079,426333957784208,4848042,0.58963899,256,845824,846079,845982,0
846335,426333958593333,4848792,0.65642894,256,846080,846335,846328,0
846591,426333959454083,4811500,0.61479246,256,846336,846591,846554,0
846847,426333960360291,4697584,0.58687898,256,846592,846847,846724,0
847103,426333961201166,4649042,0.5812468,256,846848,847103,847029,0
847359,426333962116166,4526959,0.60889053,256,847104,847359,847192,0
847615,426333962970166,4504792,0.6789547,256,847360,847615,847564,0
847871,426333963835333,4436875,0.63423499,256,847616,847871,847770,0
848127,426333964652666,4417084,0.62730144,256,847872,848127,847963,0
848383,426333965503416,4352625,0.57473111,256,848128,848383,848260,0
848639,426333966385166,4293209,0.64256733,256,848384,848639,848558,0
848895,426333967278750,4212791,0.62837244,256,848640,848895,848738,0
849151,426333968221125,4090166,0.5982365,256,848896,849151,848934,0
849407,426333969042750,4064333,0.60359799,256,849152,849407,849210,0
849663,426333969948458,3958042,0.59659302,256,849408,849663,849648,0
849919,426333970817958,3881542,0.58975026,256,849664,849919,849840,0
850175,426333971764541,3744917,0.61424866,256,849920,850175,850051,0
850431,426333972611750,3701500,0.62930165,256,850176,850431,850343,0
850687,426333973460333,3675667,0.58270619,256,850432,850687,850654,0
850943,426333974318666,3610292,0.58112582,256,850688,850943,850827,0
851199,426333975245458,3496417,0.62488011,256,850944,851199,850957,0
851455,426333976078250,3487000,0.58236464,256,851200,851455,851396,0
851711,426333976943000,3429083,0.62010245,256,851456,851711,851578,0
851967,426333977854666,3326167,0.61091659,256,851712,851967,851830,0
852223,426333978758500,3220166,0.60658991,256,851968,852223,852213,0
852479,426333979680250,3079750,0.57312292,256,852224,852479,852448,0
852735,426333980547000,3030250,0.61519844,256,852480,852735,852489,0
852991,426333981430541,2948875,0.60823272,256,852736,852991,852905,0
853247,426333982293000,2882125,0.61129457,256,852992,853247,853016,0
853503,426333983221083,2748208,0.60562089,256,853248,853503,853295,0
853759,426333984105875,2658208,0.60377393,256,853504,853759,853520,0
854015,426333984962333,2621500,0.62713047,256,853760,854015,853836,0
854271,426333985884041,2519917,0.65692913,256,854016,854271,854263,0
854527,426333986732000,2457083,0.61805452,256,854272,854527,854465,0
854783,426333987559166,2412917,0.60662932,256,854528,854783,854587,0
855039,426333988543958,2214083,0.62261602,256,854784,855039,854803,0
855295,426333989423583,2133458,0.61549548,256,855040,855295,855236,0
855551,426333990262375,2085000,0.59535012,256,855296,855551,855536,0
855807,426333991170000,2000750,0.60383213,256,855552,855807,855690,0
856063,426333992073208,1890458,0.58227665,256,855808,856063,856062,0
856319,426333992943916,1784500,0.57086195,256,856064,856319,856064,0
856575,426333993852208,1675292,0.59378722,256,856320,856575,856332,0
856831,426333994724458,1609375,0.62129146,256,856576,856831,856802,0
857087,426333995591625,1539875,0.62494963,256,856832,857087,856835,0
857343,426333996452666,1474084,0.58792185,256,857088,857343,857302,0
857599,426333997358750,1371875,0.61263605,256,857344,857599,857590,0
857855,426333998214333,1353792,0.59954949,256,857600,857855,857720,0
858111,426333999102708,1246792,0.61526841,256,857856,858111,857875,0
858367,426333999984458,1157875,0.61289621,256,858112,858367,858324,0
858623,426334000908250,1104166,0.69292101,256,858368,858623,858558,0
858879,426334001736583,1097417,0.59693152,256,858624,858879,858667,0
859135,426334002644125,1017333,0.62245042,256,858880,859135,859046,0
859391,426334003541000,899916,0.58982097,256,859136,859391,859381,0
859647,426334004444000,1731000,0.59891146,256,859392,859647,859472,0
859903,426334005386875,1765083,0.59958757,256,859648,859903,859897,0
860159,426334006284375,1652166,0.58000046,256,859904,860159,860050,0
860415,426334007205166,1522334,0.60133077,256,860160,860415,860289,0
860671,426334008044541,1517167,0.63295032,256,860416,860671,860666,0
860927,426334008969458,1398000,0.59501282,256,860672,860927,860790,0
861183,426334009824625,1362125,0.60153947,256,860928,861183,861002,0
861439,426334010737500,1254541,0.59158211,256,861184,861439,861373,0
861695,426334011616333,1212500,0.64671385,256,861440,861695,861544,0
861951,426334012504458,1165542,0.63386269,256,861696,861951,861875,0
862207,426334013432625,1031458,0.63145207,256,861952,862207,862172,0
862463,426334014314208,982042,0.63753856,256,862208,862463,862260,0
862719,426334015210625,889750,0.63687953,256,862464,862719,862655,0
862975,426334016086125,839791,0.60181328,256,862720,862975,862774,0
863231,426334016986083,834583,0.64143286,256,862976,863231,862978,0
863487,426334017882916,821417,0.61257362,256,863232,863487,863429,0
863743,426334018782625,797958,0.60967855,256,863488,863743,863686,0
863999,426334019686083,821292,0.59341199,256,863744,863999,863831,0
864255,426334020519000,1650541,0.64639082,256,864000,864255,864021,0
864511,426334021355333,1812125,0.62883106,256,864256,864511,864431,0
864767,426334022222208,1733292,0.56860543,256,864512,864767,864630,0
865023,426334023132000,1629250,0.60762078,256,864768,865023,865012,0
865279,426334023989750,1571083,0.61130886,256,865024,865279,865189,0
865535,426334024877541,1478167,0.5750652,256,865280,865535,865347,0
865791,426334025798666,1338459,0.58355571,256,865536,865791,865754,0
866047,426334026675000,1272083,0.61997599,256,865792,866047,866045,0
866303,426334027542833,1209708,0.60002854,256,866048,866303,866212,0
866559,426334028430500,1134500,0.63354144,256,866304,866559,866553,0
866815,426334029350125,1001291,0.61653147,256,866560,866815,866699,0
867071,426334030225541,919417,0.56357814,256,866816,867071,866908,0
867327,426334031034666,910667,0.60738056,256,867072,867327,867316,0
867583,426334031939416,822834,0.61848223,256,867328,867583,867567,0
867839,426334032802083,848375,0.5728344,256,867584,867839,867799,0
868095,426334033677208,3398958,0.61213227,256,867840,868095,868026,0
868351,426334035375333,2615250,0.59197516,256,868096,868351,868185,0
868607,426334036395791,2401209,0.59319544,256,868352,868607,868469,0
868863,426334036404875,3178541,0.59242797,256,868608,868863,868764,0
869119,426334037298166,3087875,0.59253761,256,868864,869119,869107,0
869375,426334038124458,3107417,0.6337925,256,869120,869375,869185,0
869631,426334038974333,3054000,0.60585419,256,869376,869631,869377,0
869887,426334039892458,2916000,0.59063498,256,869632,869887,869883,0
870143,426334040777166,2831125,0.61252297,256,869888,870143,870042,0
870399,426334041645458,2783000,0.63678324,256,870144,870399,870318,0
870655,426334042476875,2761000,0.61420734,256,870400,870655,870414,0
870911,426334043403958,2642458,0.60904724,256,870656,870911,870774,0
871167,426334044284666,2560792,0.60613878,256,870912,871167,871059,0
871423,426334045134375,2499958,0.60333579,256,871168,871423,871168,0
871679,426334046038041,2416084,0.61424834,256,871424,871679,871517,0
871935,426334046956708,2305417,0.59625723,256,871680,871935,871789,0
872191,426334047839000,2206916,0.61436095,256,871936,872191,872096,0
872447,426334048722583,2144292,0.63025999,256,872192,872447,872376,0
872703,426334049623125,2058375,0.66362755,256,872448,872703,872543,0
872959,426334050503958,2003667,0.62217051,256,872704,872959,872917,0
873215,426334051365666,1963459,0.61708042,256,872960,873215,873174,0
873471,426334052265375,1902833,0.64805175,256,873216,873471,873382,0
873727,426334053168541,1793375,0.60259417,256,873472,873727,873615,0
873983,426334054104666,1669834,0.62971467,256,873728,873983,873773,0
874239,426334055003333,1563542,0.61590293,256,873984,874239,874003,0
874495,426334055875208,1486167,0.62529003,256,874240,874495,874439,0
874751,426334056749458,1427958,0.62864922,256,874496,874751,874749,0
875007,426334057660250,1314541,0.59333768,256,874752,875007,874937,0
875263,426334058517458,1280500,0.62037311,256,875008,875263,875030,0
875519,426334059362708,1230958,0.61166759,256,875264,875519,875516,0
875775,426334060257208,1170458,0.63898438,256,875520,875775,875524,0
876031,426334061147375,1065333,0.60579449,256,875776,876031,875865,0
876287,426334062011291,988834,0.59432828,256,876032,876287,876156,0
876543,426334062874625,909791,0.57141594,256,876288,876543,876495,0
876799,426334063733833,862917,0.58731305,256,876544,876799,876756,0
877055,426334064607041,1646500,0.63939749,256,876800,877055,877044,0
877311,426334065508000,1733041,0.62799182,256,877056,877311,877062,0
877567,426334066442875,1596916,0.63027226,256,877312,877567,877374,0
877823,426334067308500,1531625,0.58755874,256,877568,877823,877610,0
878079,426334068190583,1453292,0.62146377,256,877824,878079,877982,0
878335,426334069088333,1354833,0.60246461,256,878080,878335,878132,0
878591,426334069973791,1257917,0.59872554,256,878336,878591,878429,0
878847,426334070818416,1220709,0.59446178,256,878592,878847,878809,0
879103,426334071725708,1108083,0.61647809,256,878848,879103,879082,0
879359,426334072581750,1074875,0.61940373,256,879104,879359,879121,0
879615,426334073457250,1000083,0.64121584,256,879360,879615,879528,0
879871,426334074424250,859416,0.60850876,256,879616,879871,879793,0
880127,426334075279083,821500,0.59243858,256,879872,880127,880049,0
880383,426334076202500,807000,0.63755647,256,880128,880383,880220,0
880639,426334077117916,830042,0.61990284,256,880384,880639,880394,0
880895,426334077986708,837042,0.6298314,256,880640,880895,880816,0
881151,426334078918416,813334,0.5681895,256,880896,881151,881068,0
881407,426334079806875,812208,0.58800449,256,881152,881407,881254,0
881663,426334080698291,819875,0.58821582,256,881408,881663,881558,0
881919,426334081541416,831125,0.61040398,256,881664,881919,881805,0
882175,426334082355291,821000,0.6066355,256,881920,882175,882016,0
882431,426334083256583,803583,0.57977163,256,882176,882431,882353,0
882687,426334084165541,852417,0.65932005,256,882432,882687,882599,0
882943,426334085047875,814583,0.594451,256,882688,882943,882812,0
883199,426334085937666,1708834,0.60274246,256,882944,883199,883133,0
883455,426334086814125,1793833,0.59988771,256,883200,883455,883364,0
883711,426334087696291,1750875,0.6686183,256,883456,883711,883692,0
883967,426334088634708,1631583,0.60820329,256,883712,883967,883720,0
884223,426334089520833,1538625,0.61662286,256,883968,884223,884199,0
884479,426334090395708,1513875,0.64193169,256,884224,884479,884347,0
884735,426334091300166,1407125,0.58499298,256,884480,884735,884588,0
884991,426334092162583,1339250,0.58960647,256,884736,884991,884954,0
885247,426334093004125,1305708,0.6016676,256,884992,885247,885064,0
885503,426334093918208,1222417,0.61858467,256,885248,885503,885336,0
885759,426334094819000,1149583,0.59487259,256,885504,885759,885695,0
886015,426334095711958,1069375,0.57453155,256,885760,886015,885774,0
886271,426334096603291,979625,0.58325845,256,886016,886271,886087,0
886527,426334097446375,954791,0.59289488,256,886272,886527,886448,0
886783,426334098404666,823125,0.62981849,256,886528,886783,886568,0
887039,426334099277708,1716708,0.61250639,256,886784,887039,886967,0
887295,426334100199416,1792042,0.65859587,256,887040,887295,887048,0
887551,426334101048791,1752667,0.60433851,256,887296,887551,887327,0
887807,426334101904208,1715125,0.58603592,256,887552,887807,887736,0
888063,426334102768500,1667375,0.58117719,256,887808,888063,888034,0
888319,426334103668958,1575708,0.6051523,256,888064,888319,888138,0
888575,426334104501875,1564708,0.60298794,256,888320,888575,888341,0
888831,426334105399750,1471125,0.59933504,256,888576,888831,888796,0
889087,426334106254375,1421666,0.64303692,256,888832,889087,889078,0
889343,426334107166208,1351333,0.62150001,256,889088,889343,889100,0
889599,426334108122041,1203250,0.58952888,256,889344,889599,889516,0
889855,426334108942000,1212000,0.61402743,256,889600,889855,889611,0
890111,426334109860458,1124208,0.61915101,256,889856,890111,889963,0
890367,426334110697458,1139375,0.61467062,256,890112,890367,890317,0
890623,426334111571083,1057208,0.59832341,256,890368,890623,890499,0
890879,426334112454041,1007667,0.5910827,256,890624,890879,890815,0
891135,426334113326250,964791,0.60441898,256,890880,891135,890906,0
891391,426334114235375,876500,0.61028263,256,891136,891391,891281,0
891647,426334115100541,844500,0.66421782,256,891392,891647,891410,0
891903,426334115952958,1706667,0.64918656,256,891648,891903,891800,0
892159,426334116865000,1775208,0.62763628,256,891904,892159,891924,0
892415,426334117771000,1676916,0.59030164,256,892160,892415,892263,0
892671,426334118657916,1657500,0.65669599,256,892416,892671,892546,0
892927,426334119543458,1582917,0.59736265,256,892672,892927,892835,0
893183,426334120421833,1521875,0.62120374,256,892928,893183,893029,0
893439,426334121353958,1398875,0.60772612,256,893184,893439,893425,0
893695,426334122268791,1300750,0.60193256,256,893440,893695,893481,0
893951,426334123183333,1199125,0.61228407,256,893696,893951,893891,0
894207,426334124072583,1121750,0.62012724,256,893952,894207,893966,0
894463,426334124946875,1089916,0.62712254,256,894208,894463,894281,0
894719,426334125835791,1007209,0.59939127,256,894464,894719,894578,0
894975,426334126722208,930792,0.62206653,256,894720,894975,894923,0
895231,426334127640208,1618167,0.62019624,256,894976,895231,895197,0
895487,426334128575416,1735375,0.62414991,256,895232,895487,895367,0
895743,426334129479041,1686750,0.62464416,256,895488,895743,895509,0
895999,426334130320375,1653708,0.59181943,256,895744,895999,895962,0
896255,426334131139875,1639791,0.63017868,256,896000,896255,896085,0
896511,426334132042833,1553167,0.61242889,256,896256,896511,896400,0
896767,426334132961833,1453917,0.59227937,256,896512,896767,896660,0
897023,426334133860458,1388167,0.59442219,256,896768,897023,896912,0
897279,426334134794375,1288041,0.63925784,256,897024,897279,897231,0
897535,426334135741833,1163375,0.61598194,256,897280,897535,897317,0
897791,426334136664333,1073292,0.60010546,256,897536,897791,897762,0
898047,426334137544500,1015458,0.61103145,256,897792,898047,897792,0
898303,426334138456541,933292,0.61090879,256,898048,898303,898079,0
898559,426334139348208,891167,0.61692627,256,898304,898559,898449,0
898815,426334140258416,839459,0.59929395,256,898560,898815,898638,0
899071,426334141074250,869958,0.64087453,256,898816,899071,898872,0
899327,426334141912791,841459,0.6315689,256,899072,899327,899100,0
899583,426334142802958,1644750,0.63829549,256,899328,899583,899582,0
899839,426334143665750,1799083,0.62853484,256,899584,899839,899785,0
900095,426334144528416,1796542,0.60755528,256,899840,900095,899992,0
900351,426334145443875,1708041,0.60530327,256,900096,900351,900165,0
900607,426334146315500,1657291,0.62263458,256,900352,900607,900529,0
900863,426334147227875,1575333,0.60779822,256,900608,900863,900800,0
901119,426334148157916,1469625,0.60230919,256,900864,901119,900956,0
901375,426334149050541,1375375,0.59317879,256,901120,901375,901154,0
901631,426334150007750,1252958,0.63330478,256,901376,901631,901378,0
901887,426334150808416,1288875,0.64410942,256,901632,901887,901775,0
902143,426334151715541,1204000,0.59992807,256,901888,902143,902083,0
902399,426334152574750,1161916,0.6023155,256,902144,902399,902198,0
902655,426334153501333,1089667,0.6397648,256,902400,902655,902632,0
902911,426334154347708,1079833,0.63364895,256,902656,902911,902719,0
903167,426334155252125,997458,0.60877202,256,902912,903167,902968,0
903423,426334156137791,936875,0.62750057,256,903168,903423,903340,0
903679,426334157046583,886333,0.63772835,256,903424,903679,903564,0
903935,426334157982625,888541,0.61225154,256,903680,903935,903693,0
904191,426334158933583,978750,0.64164905,256,903936,904191,903983,0
904447,426334159842291,900250,0.64319282,256,904192,904447,904236,0
904703,426334160652208,918417,0.62274917,256,904448,904703,904562,0
904959,426334161506083,915583,0.63732299,256,904704,904959,904909,0
905215,426334162341916,900125,0.574203,256,904960,905215,905132,0
905471,426334163196541,895584,0.64122953,256,905216,905471,905392,0
905727,426334164106166,860167,0.64987984,256,905472,905727,905685,0
905983,426334164995333,871875,0.60605493,256,905728,905983,905837,0
906239,426334165884416,872750,0.60210979,256,905984,906239,906218,0
906495,426334166808458,863292,0.65296432,256,906240,906495,906301,0
906751,426334167712291,833959,0.64018076,256,906496,906751,906720,0
907007,426334168618708,847042,0.62623433,256,906752,907007,906952,0
907263,426334169539708,823958,0.63829761,256,907008,907263,907086,0
907519,426334170419916,843792,0.61976185,256,907264,907519,907469,0
907775,426334171323041,1641834,0.58714956,256,907520,907775,907579,0
908031,426334172284333,1764375,0.64076093,256,907776,908031,907886,0
908287,426334173175708,1730500,0.61442276,256,908032,908287,908215,0
908543,426334174080625,1704250,0.64467236,256,908288,908543,908411,0
908799,426334174931750,1727291,0.62364927,256,908544,908799,908705,0
909055,426334175822500,1729958,0.6551776,256,908800,909055,909033,0
909311,426334176707125,1720625,0.67610459,256,909056,909311,909061,0
909567,426334177604791,1709917,0.64185669,256,909312,909567,909531,0
909823,426334178426250,1732000,0.59322286,256,909568,909823,909671,0
910079,426334179335666,1684417,0.60819544,256,909824,910079,909835,0
910335,426334180244583,1640542,0.60853292,256,910080,910335,910172,0
910591,426334181167416,1611584,0.62492758,256,910336,910591,910455,0
910847,426334181978208,1685958,0.67894507,256,910592,910847,910670,0
911103,426334182863375,1662875,0.60293968,256,910848,911103,910874,0
911359,426334183740625,1936666,0.64961557,256,911104,911359,911141,0
911615,426334184677750,1876583,0.65605684,256,911360,911615,911445,0
911871,426334185559708,1878375,0.63862436,256,911616,911871,911769,0
912127,426334186410375,1923958,0.64265163,256,911872,912127,912100,0
912383,426334187236708,1992750,0.64809905,256,912128,912383,912177,0
912639,426334188110166,1997584,0.61548058,256,912384,912639,912614,0
912895,426334188981250,1998333,0.59944774,256,912640,912895,912746,0
913151,426334189852250,1996041,0.64472019,256,912896,913151,913083,0
913407,426334190784333,1935500,0.6103563,256,913152,913407,913170,0
913663,426334191662625,1964750,0.6762325,256,913408,913663,913542,0
913919,426334192543583,1920958,0.59521602,256,913664,913919,913768,0
914175,426334193434208,1907708,0.63039284,256,913920,914175,913973,0
914431,426334194275083,1898208,0.65093792,256,914176,914431,914183,0
914687,426334195144583,1869833,0.61951663,256,914432,914687,914506,0
914943,426334196018083,1831083,0.60176922,256,914688,914943,914706,0
915199,426334196875500,1788708,0.62346011,256,914944,915199,915153,0
915455,426334197825625,1680166,0.62318861,256,915200,915455,915354,0
915711,426334198621125,1767333,0.60593528,256,915456,915711,915509,0
915967,426334199483208,1744917,0.60674639,256,915712,915967,915743,0
916223,426334200335583,1734625,0.61005339,256,915968,916223,916139,0
916479,426334201254583,1638125,0.62176583,256,916224,916479,916319,0
916735,426334202184833,1595750,0.67761214,256,916480,916735,916606,0
916991,426334203054958,1544375,0.63351258,256,916736,916991,916970,0
917247,426334203976500,1457208,0.5999705,256,916992,917247,917040,0
917503,426334204885583,1414125,0.6318691,256,917248,917503,917349,0
917759,426334205796833,1340625,0.60372303,256,917504,917759,917572,0
918015,426334206669250,1294708,0.58486997,256,917760,918015,917928,0
918271,426334207509125,1273750,0.59024759,256,918016,918271,918099,0
918527,426334208395250,1243916,0.6188372,256,918272,918527,918420,0
918783,426334209262500,1205291,0.68728591,256,918528,918783,918577,0
919039,426334210168541,1125000,0.61264445,256,918784,919039,918860,0
919295,426334211012416,1116792,0.61710258,256,919040,919295,919209,0
919551,426334211938125,1000708,0.60008443,256,919296,919551,919360,0
919807,426334212815166,971792,0.6453923,256,919552,919807,919761,0
920063,426334213745083,901917,0.63490297,256,919808,920063,919931,0
920319,426334214648250,1684000,0.6416423,256,920064,920319,920262,0
920575,426334215523666,1625417,0.60697028,256,920320,920575,920435,0
920831,426334216369583,1639958,0.63129476,256,920576,920831,920723,0
921087,426334217244250,1585041,0.64913662,256,920832,921087,921021,0
921343,426334218123708,1533125,0.60271673,256,921088,921343,921302,0
921599,426334219005375,1520500,0.64973736,256,921344,921599,921379,0
921855,426334219851958,1493792,0.61284035,256,921600,921855,921740,0
922111,426334220716833,1457500,0.64470687,256,921856,922111,922057,0
922367,426334221602416,1417417,0.59847605,256,922112,922367,922228,0
922623,426334222453125,1438791,0.68487594,256,922368,922623,922573,0
922879,426334223297833,1441958,0.65457102,256,922624,922879,922634,0
923135,426334224208875,1406125,0.63492915,256,922880,923135,923095,0
923391,426334225137333,1296750,0.60867924,256,923136,923391,923370,0
923647,426334226014625,1268625,0.64038003,256,923392,923647,923424,0
923903,426334226898375,1204458,0.59896902,256,923648,923903,923733,0
924159,426334227771958,1148083,0.61138184,256,923904,924159,923938,0
924415,426334228645166,1079125,0.59470801,256,924160,924415,924345,0
924671,426334229523458,1037292,0.62856775,256,924416,924671,924618,0
924927,426334230416083,980583,0.61344227,256,924672,924927,924746,0
925183,426334231351291,883500,0.6257972,256,924928,925183,925107,0
925439,426334232225500,856416,0.64044553,256,925184,925439,925223,0
925695,426334233108583,871417,0.62097953,256,925440,925695,925488,0
925951,426334233990791,873834,0.60027526,256,925696,925951,925892,0
926207,426334234912541,882834,0.60962017,256,925952,926207,926008,0
926463,426334235790875,912375,0.61720247,256,926208,926463,926347,0
926719,426334236715541,869125,0.64102501,256,926464,926719,926538,0
926975,426334237592041,1706250,0.58298577,256,926720,926975,926939,0
927231,426334238537625,1759833,0.59691529,256,926976,927231,927134,0
927487,426334239404166,1764250,0.6443855,256,927232,927487,927259,0
927743,426334240264666,1760834,0.65614144,256,927488,927743,927559,0
927999,426334241140333,1755000,0.61236989,256,927744,927999,927933,0
928255,426334242057416,1679417,0.6332931,256,928000,928255,928081,0
928511,426334243000083,1580333,0.60331849,256,928256,928511,928493,0
928767,426334243829458,1597375,0.61998326,256,928512,928767,928701,0
929023,426334244766958,1491792,0.61927423,256,928768,929023,929022,0
929279,426334245593041,1524834,0.65400459,256,929024,929279,929035,0
929535,426334246454916,1501709,0.59429185,256,929280,929535,929521,0
929791,426334247341666,1481167,0.6458288,256,929536,929791,929599,0
930047,426334248253916,1425167,0.57496355,256,929792,930047,929961,0
930303,426334249141250,1391125,0.61188899,256,930048,930303,930235,0
930559,426334249973958,1396458,0.66563199,256,930304,930559,930416,0
930815,426334250900083,1317833,0.61237411,256,930560,930815,930771,0
931071,426334251742791,1285959,0.61303204,256,930816,931071,930869,0
931327,426334252667041,1229084,0.60281846,256,931072,931327,931136,0
931583,426334253501291,1212834,0.58536498,256,931328,931583,931373,0
931839,426334254399708,1143125,0.59648675,256,931584,931839,931707,0
932095,426334255299750,1090000,0.65585927,256,931840,932095,932050,0
932351,426334256135916,1105584,0.63461657,256,932096,932351,932128,0
932607,426334257028916,1048417,0.63750405,256,932352,932607,932395,0
932863,426334257917666,1014542,0.65071636,256,932608,932863,932698,0
933119,426334258765000,990875,0.59603534,256,932864,933119,932882,0
933375,426334259663041,934792,0.62639294,256,933120,933375,933314,0
933631,426334260532625,902208,0.61854913,256,933376,933631,933631,0
933887,426334261372958,888333,0.59182307,256,933632,933887,933733,0
934143,426334262189458,910708,0.6080745,256,933888,934143,933995,0
934399,426334263051375,921125,0.63534921,256,934144,934399,934202,0
934655,426334263911583,907167,0.59496119,256,934400,934655,934459,0
934911,426334264773833,876167,0.62598071,256,934656,934911,934911,0
935167,426334265650500,832708,0.60876253,256,934912,935167,935063,0
935423,426334266580958,821542,0.62042115,256,935168,935423,935310,0
935679,426334267503000,1649583,0.58537973,256,935424,935679,935521,0
935935,426334268345750,1848583,0.60120333,256,935680,935935,935916,0
936191,426334269223208,1846958,0.62258164,256,935936,936191,936031,0
936447,426334270128000,1787375,0.61138218,256,936192,936447,936198,0
936703,426334271010625,1778833,0.63793373,256,936448,936703,936484,0
936959,426334271896875,1721833,0.65676825,256,936704,936959,936807,0
937215,426334272754041,1711209,0.65068601,256,936960,937215,937136,0
937471,426334273659083,1652625,0.65469798,256,937216,937471,937363,0
937727,426334274553208,1594708,0.63176897,256,937472,937727,937523,0
937983,426334275423666,1560709,0.61766377,256,937728,937983,937852,0
938239,426334276339666,1475959,0.59642016,256,937984,938239,938174,0
938495,426334277262875,1365833,0.59249444,256,938240,938495,938446,0
938751,426334278187791,1288459,0.66309834,256,938496,938751,938535,0
939007,426334279104500,1210708,0.61057383,256,938752,939007,938830,0
939263,426334279971791,1168292,0.60759245,256,939008,939263,939191,0
939519,426334280858250,1120125,0.65781552,256,939264,939519,939424,0
939775,426334281779958,1026167,0.63992472,256,939520,939775,939588,0
940031,426334282686583,939375,0.59752637,256,939776,940031,939856,0
940287,426334283546208,920750,0.60113956,256,940032,940287,940093,0
940543,426334284396458,891208,0.62129579,256,940288,940543,940357,0
940799,426334285282333,869333,0.62064396,256,940544,940799,940657,0
941055,426334286133916,827209,0.60302827,256,940800,941055,940880,0
941311,426334287007125,855583,0.60785975,256,941056,941311,941179,0
941567,426334287841166,810875,0.61596974,256,941312,941567,941397,0
941823,426334288774875,839458,0.56519687,256,941568,941823,941775,0
942079,426334289613875,1717625,0.62374666,256,941824,942079,941951,0
942335,426334290532041,1776750,0.6010083,256,942080,942335,942117,0
942591,426334291405083,1727958,0.58232311,256,942336,942591,942585,0
942847,426334292283291,1677334,0.6099363,256,942592,942847,942804,0
943103,426334293117541,1657917,0.60861314,256,942848,943103,942938,0
943359,426334294012833,1628500,0.61528807,256,943104,943359,943281,0
943615,426334294934250,1539083,0.60228561,256,943360,943615,943523,0
943871,426334295802375,1493750,0.65134198,256,943616,943871,943862,0
944127,426334296675875,1421416,0.59085038,256,943872,944127,944101,0
944383,426334297548708,1381375,0.62799196,256,944128,944383,944136,0
944639,426334298439041,1327625,0.64382915,256,944384,944639,944454,0
944895,426334299366583,1213750,0.61922696,256,944640,944895,944668,0
945151,426334300219583,1200458,0.59839023,256,944896,945151,945031,0
945407,426334301066458,1156292,0.62816033,256,945152,945407,945159,0
945663,426334301939416,1103792,0.64913908,256,945408,945663,945529,0
945919,426334302864666,1000292,0.59932455,256,945664,945919,945820,0
946175,426334303823208,864875,0.60932984,256,945920,946175,946129,0
946431,426334304641291,890167,0.65642894,256,946176,946431,946328,0
946687,426334305514791,857292,0.61479246,256,946432,946687,946554,0
946943,426334306387375,832291,0.58687898,256,946688,946943,946724,0
947199,426334307233541,857042,0.60889053,256,946944,947199,947192,0
947455,426334308124666,808209,0.60937281,256,947200,947455,947410,0
947711,426334309002666,1672167,0.6789547,256,947456,947711,947564,0
947967,426334309823458,3513667,0.63423499,256,947712,947967,947770,0
948223,426334310639583,2746833,0.60328595,256,947968,948223,948068,0
948479,426334311537083,1850417,0.57515766,256,948224,948479,948396,0
948735,426334312781666,1799250,0.64256733,256,948480,948735,948558,0
948991,426334313437291,1553625,0.62837244,256,948736,948991,948738,0
949247,426334314363250,1454208,0.60359799,256,948992,949247,949210,0
949503,426334315082583,1565667,0.58793211,256,949248,949503,949267,0
949759,426334315966916,1487959,0.59659302,256,949504,949759,949648,0
950015,426334316883583,1384750,0.5994441,256,949760,950015,949925,0
950271,426334317806833,1275750,0.61424866,256,950016,950271,950051,0
950527,426334318629791,1293667,0.62930165,256,950272,950527,950343,0
950783,426334319492375,1255208,0.58270619,256,950528,950783,950654,0
951039,426334320322750,1266041,0.62488011,256,950784,951039,950957,0
951295,426334321228875,1180291,0.59512176,256,951040,951295,951101,0
951551,426334322107458,1135792,0.60048011,256,951296,951551,951516,0
951807,426334322975000,1103291,0.62010245,256,951552,951807,951578,0
952063,426334323891833,1014708,0.61091659,256,951808,952063,951830,0
952319,426334324790750,926666,0.60658991,256,952064,952319,952213,0
952575,426334325723166,834084,0.61519844,256,952320,952575,952489,0
952831,426334326563583,843083,0.59425728,256,952576,952831,952738,0
953087,426334327461333,819667,0.61129457,256,952832,953087,953016,0
953343,426334328329166,801584,0.60562089,256,953088,953343,953295,0
953599,426334329247041,1059417,0.60377393,256,953344,953599,953520,0
953855,426334330116125,1018708,0.62713047,256,953600,953855,953836,0
954111,426334330995875,991625,0.6093607,256,953856,954111,953945,0
954367,426334331923708,889708,0.65692913,256,954112,954367,954263,0
954623,426334332731083,890833,0.61805452,256,954368,954623,954465,0
954879,426334333639208,1629792,0.62261602,256,954624,954879,954803,0
955135,426334334554458,1719583,0.58066394,256,954880,955135,955121,0
955391,426334335437500,1625041,0.61549548,256,955136,955391,955236,0
955647,426334336283166,1581125,0.59535012,256,955392,955647,955536,0
955903,426334337205125,1461125,0.60383213,256,955648,955903,955690,0
956159,426334338144625,1315583,0.58227665,256,955904,956159,956062,0
956415,426334338965125,1266541,0.59378722,256,956160,956415,956332,0
956671,426334339882250,1149083,0.61128015,256,956416,956671,956591,0
956927,426334340737708,1096917,0.62494963,256,956672,956927,956835,0
957183,426334341628250,992375,0.59723363,256,956928,957183,957044,0
957439,426334342498625,936416,0.58792185,256,957184,957439,957302,0
957695,426334343352666,884500,0.61263605,256,957440,957695,957590,0
957951,426334344240875,861333,0.61526841,256,957696,957951,957875,0
958207,426334345116333,792375,0.57578576,256,957952,958207,957981,0
958463,426334346010458,1477542,0.61289621,256,958208,958463,958324,0
958719,426334346893125,1446125,0.69292101,256,958464,958719,958558,0
958975,426334347824666,1331709,0.59034389,256,958720,958975,958883,0
959231,426334348658333,1313000,0.62245042,256,958976,959231,959046,0
959487,426334349550875,1238500,0.59891146,256,959232,959487,959472,0
959743,426334350484916,1090500,0.57563206,256,959488,959743,959582,0
959999,426334351425791,967042,0.59958757,256,959744,959999,959897,0
960255,426334352334291,826709,0.58000046,256,960000,960255,960050,0
960511,426334353214041,855042,0.60133077,256,960256,960511,960289,0
960767,426334354113416,1653084,0.63295032,256,960512,960767,960666,0
961023,426334355015083,1767833,0.60153947,256,960768,961023,961002,0
961279,426334355885583,1738708,0.59920349,256,961024,961279,961040,0
961535,426334356763208,1667208,0.61675831,256,961280,961535,961523,0
961791,426334357651875,1640833,0.64671385,256,961536,961791,961544,0
962047,426334358563041,1602375,0.63386269,256,961792,962047,961875,0
962303,426334359435333,1562875,0.63753856,256,962048,962303,962260,0
962559,426334360356291,1470292,0.59024547,256,962304,962559,962375,0
962815,426334361273958,1404500,0.63687953,256,962560,962815,962655,0
963071,426334362118500,1368916,0.64143286,256,962816,963071,962978,0
963327,426334363007583,1295417,0.57790313,256,963072,963327,963300,0
963583,426334363936333,1189208,0.61257362,256,963328,963583,963429,0
963839,426334364826458,1104542,0.60967855,256,963584,963839,963686,0
964095,426334365673958,1077500,0.64639082,256,963840,964095,964021,0
964351,426334366546833,1050833,0.62097451,256,964096,964351,964121,0
964607,426334367354250,1055791,0.62883106,256,964352,964607,964431,0
964863,426334368251625,974291,0.56860543,256,964608,964863,964630,0
965119,426334369162125,894000,0.60762078,256,964864,965119,965012,0
965375,426334370033125,828500,0.61130886,256,965120,965375,965189,0
965631,426334370918208,812208,0.57097002,256,965376,965631,965478,0
965887,426334371838125,797708,0.58355571,256,965632,965887,965754,0
966143,426334372702541,846959,0.61997599,256,965888,966143,966045,0
966399,426334373546375,1629083,0.60002854,256,966144,966399,966212,0
966655,426334374454625,1753666,0.63354144,256,966400,966655,966553,0
966911,426334375378750,1640375,0.61653147,256,966656,966911,966699,0
967167,426334376207875,1622416,0.5885259,256,966912,967167,967159,0
967423,426334377092666,1560625,0.60738056,256,967168,967423,967316,0
967679,426334377924250,1532625,0.61848223,256,967424,967679,967567,0
967935,426334378807500,1474333,0.5728344,256,967680,967935,967799,0
968191,426334379695166,1403917,0.61213227,256,967936,968191,968026,0
968447,426334380623000,1285958,0.58448847,256,968192,968447,968213,0
968703,426334381545708,1175250,0.59319544,256,968448,968703,968469,0
968959,426334382470000,1071666,0.59242797,256,968704,968959,968764,0
969215,426334383254000,1140333,0.6337925,256,968960,969215,969185,0
969471,426334384129208,1098250,0.62627704,256,969216,969471,969375,0
969727,426334385044875,994666,0.57674917,256,969472,969727,969699,0
969983,426334385911375,1208291,0.59063498,256,969728,969983,969883,0
970239,426334386801791,1162000,0.61252297,256,969984,970239,970042,0
970495,426334387647333,1146458,0.63678324,256,970240,970495,970318,0
970751,426334388525833,1104167,0.59948209,256,970496,970751,970710,0
971007,426334389426000,1017583,0.60904724,256,970752,971007,970774,0
971263,426334390286000,972416,0.60613878,256,971008,971263,971059,0
971519,426334391183000,901625,0.61424834,256,971264,971519,971517,0
971775,426334392097000,855041,0.6132524,256,971520,971775,971536,0
972031,426334392979625,829333,0.60373505,256,971776,972031,972002,0
972287,426334393913291,825125,0.61460563,256,972032,972287,972272,0
972543,426334394743458,859000,0.66362755,256,972288,972543,972543,0
972799,426334395657208,830208,0.65393908,256,972544,972799,972558,0
973055,426334396540208,868208,0.62217051,256,972800,973055,972917,0
973311,426334397381625,845958,0.61708042,256,973056,973311,973174,0
973567,426334398287291,845667,0.64805175,256,973312,973567,973382,0
973823,426334399217958,816833,0.62971467,256,973568,973823,973773,0
974079,426334400137625,844458,0.6198063,256,973824,974079,973982,0
974335,426334401038750,1703958,0.58066036,256,974080,974335,974261,0
974591,426334401924208,1812125,0.62529003,256,974336,974591,974439,0
974847,426334402796708,1738542,0.62864922,256,974592,974847,974749,0
975103,426334403682458,1666333,0.62037311,256,974848,975103,975030,0
975359,426334404502250,1618583,0.60885206,256,975104,975359,975108,0
975615,426334405396625,1543958,0.63898438,256,975360,975615,975524,0
975871,426334406295416,1453250,0.60914251,256,975616,975871,975632,0
976127,426334407167041,1370334,0.57826217,256,975872,976127,976010,0
976383,426334408018416,1306417,0.59432828,256,976128,976383,976156,0
976639,426334408868375,1253708,0.57141594,256,976384,976639,976495,0
976895,426334409774958,1129417,0.58731305,256,976640,976895,976756,0
977151,426334410649125,1093416,0.63939749,256,976896,977151,977044,0
977407,426334411562708,980750,0.63027226,256,977152,977407,977374,0
977663,426334412460500,889625,0.58755874,256,977408,977663,977610,0
977919,426334413340833,1293458,0.56916369,256,977664,977919,977873,0
978175,426334414220083,1256958,0.62146377,256,977920,978175,977982,0
978431,426334415110333,1197792,0.59872554,256,978176,978431,978429,0
978687,426334416006625,1098291,0.59822397,256,978432,978687,978555,0
978943,426334416875916,1047250,0.60944565,256,978688,978943,978879,0
979199,426334417731500,1024708,0.61940373,256,978944,979199,979121,0
979455,426334418600125,992500,0.61862896,256,979200,979455,979321,0
979711,426334419514333,904958,0.64121584,256,979456,979711,979528,0
979967,426334420440375,852041,0.60850876,256,979712,979967,979793,0
980223,426334421344833,835417,0.63755647,256,979968,980223,980220,0
980479,426334422248750,832583,0.62428661,256,980224,980479,980344,0
980735,426334423178750,857708,0.60332944,256,980480,980735,980530,0
980991,426334424015000,858333,0.6298314,256,980736,980991,980816,0
981247,426334424954375,1604250,0.5681895,256,980992,981247,981068,0
981503,426334425832625,1729083,0.58800449,256,981248,981503,981254,0
981759,426334426721291,1631625,0.59206189,256,981504,981759,981739,0
982015,426334427529208,1623375,0.61040398,256,981760,982015,981805,0
982271,426334428381083,1567875,0.6066355,256,982016,982271,982016,0
982527,426334429312750,1429708,0.63854934,256,982272,982527,982524,0
982783,426334430205291,1361584,0.65932005,256,982528,982783,982599,0
983039,426334431081458,1283708,0.59602317,256,982784,983039,982964,0
983295,426334431969625,1221958,0.60274246,256,983040,983295,983133,0
983551,426334432838166,1148792,0.59988771,256,983296,983551,983364,0
983807,426334433752041,1093459,0.6686183,256,983552,983807,983692,0
984063,426334434652291,996417,0.60951265,256,983808,984063,984032,0
984319,426334435567958,895292,0.61662286,256,984064,984319,984199,0
984575,426334436454791,841042,0.64193169,256,984320,984575,984347,0
984831,426334437331208,828458,0.58499298,256,984576,984831,984588,0
985087,426334438184500,828666,0.6016676,256,984832,985087,985064,0
985343,426334439021625,1596708,0.61858467,256,985088,985343,985336,0
985599,426334439956791,1683084,0.58407239,256,985344,985599,985503,0
985855,426334440853833,1612000,0.59487259,256,985600,985855,985695,0
986111,426334441738333,1533250,0.58325845,256,985856,986111,986087,0
986367,426334442663541,1406584,0.57110776,256,986112,986367,986261,0
986623,426334443498791,1381042,0.62981849,256,986368,986623,986568,0
986879,426334444438625,1249750,0.57930104,256,986624,986879,986783,0
987135,426334445317916,1208709,0.65859587,256,986880,987135,987048,0
987391,426334446218000,1153708,0.60778999,256,987136,987391,987141,0
987647,426334447073208,1110625,0.60328128,256,987392,987647,987525,0
987903,426334447916833,1072250,0.58603592,256,987648,987903,987736,0
988159,426334448781916,1033792,0.6051523,256,987904,988159,988138,0
988415,426334449672500,965583,0.60298794,256,988160,988415,988341,0
988671,426334450549041,902667,0.59905662,256,988416,988671,988644,0
988927,426334451411375,853583,0.60905626,256,988672,988927,988837,0
989183,426334452275000,822916,0.64303692,256,988928,989183,989078,0
989439,426334453204416,819500,0.60143652,256,989184,989439,989228,0
989695,426334454149000,1598875,0.61402743,256,989440,989695,989611,0
989951,426334454969000,1829458,0.59535371,256,989696,989951,989827,0
990207,426334455872458,1773625,0.61915101,256,989952,990207,989963,0
990463,426334456734750,1754041,0.61467062,256,990208,990463,990317,0
990719,426334457567791,1778042,0.59832341,256,990464,990719,990499,0
990975,426334458499333,1683417,0.60441898,256,990720,990975,990906,0
991231,426334459359791,1656417,0.60027493,256,990976,991231,991111,0
991487,426334460224541,1684167,0.66421782,256,991232,991487,991410,0
991743,426334461116000,1624666,0.61290356,256,991488,991743,991574,0
991999,426334462030375,1543833,0.64918656,256,991744,991999,991800,0
992255,426334462922000,1481041,0.59092323,256,992000,992255,992037,0
992511,426334463790916,1433125,0.60081734,256,992256,992511,992509,0
992767,426334464685708,1428542,0.65669599,256,992512,992767,992546,0
993023,426334465555875,1391041,0.61424124,256,992768,993023,993018,0
993279,426334466497041,1285584,0.62120374,256,993024,993279,993029,0
993535,426334467373958,1253250,0.60772612,256,993280,993535,993425,0
993791,426334468312500,1143875,0.57819875,256,993536,993791,993714,0
994047,426334469225416,1051625,0.62012724,256,993792,994047,993966,0
994303,426334470102291,1020417,0.62712254,256,994048,994303,994281,0
994559,426334470968833,1003417,0.60192367,256,994304,994559,994373,0
994815,426334471847750,947250,0.59939127,256,994560,994815,994578,0
995071,426334472785083,843750,0.62206653,256,994816,995071,994923,0
995327,426334473693708,878250,0.62019624,256,995072,995327,995197,0
995583,426334474630833,874500,0.62464416,256,995328,995583,995509,0
995839,426334475499833,858542,0.61700318,256,995584,995839,995591,0
996095,426334476331333,833250,0.63017868,256,995840,996095,996085,0
996351,426334477175708,1615708,0.57751257,256,996096,996351,996337,0
996607,426334478079625,1719083,0.61242889,256,996352,996607,996400,0
996863,426334478973458,1640583,0.59227937,256,996608,996863,996660,0
997119,426334479897625,1548916,0.59442219,256,996864,997119,996912,0
997375,426334480868791,1457917,0.63925784,256,997120,997375,997231,0
997631,426334481783333,1330500,0.60842845,256,997376,997631,997382,0
997887,426334482713041,1226167,0.61103145,256,997632,997887,997792,0
998143,426334483573833,1200083,0.61090879,256,997888,998143,998079,0
998399,426334484514750,1087750,0.59589135,256,998144,998399,998153,0
998655,426334485406833,1004875,0.61692627,256,998400,998655,998449,0
998911,426334486254791,975167,0.64087453,256,998656,998911,998872,0
999167,426334487089416,943500,0.6315689,256,998912,999167,999100,0
999423,426334487945416,880834,0.5872921,256,999168,999423,999189,0
999679,426334488839166,1668334,0.63829549,256,999424,999679,999582,0
999935,426334489679291,1825125,0.62853484,256,999680,999935,999785,0
1000191,426334490576208,1822708,0.60755528,256,999936,1000191,999992,0
1000447,426334491476750,1761083,0.60754791,256,1000192,1000447,1000431,0
1000703,426334492339333,1732208,0.62263458,256,1000448,1000703,1000529,0
1000959,426334493283000,1642333,0.60779822,256,1000704,1000959,1000800,0
1001215,426334494206458,1551000,0.59317879,256,1000960,1001215,1001154,0
1001471,426334495109500,1496166,0.63330478,256,1001216,1001471,1001378,0
1001727,426334496016750,1435083,0.63263105,256,1001472,1001727,1001595,0
1001983,426334496877666,1421042,0.64410942,256,1001728,1001983,1001775,0
1002239,426334497762500,1386875,0.6023155,256,1001984,1002239,1002198,0
1002495,426334498617916,1352542,0.59392582,256,1002240,1002495,1002393,0
1002751,426334499501041,1378292,0.6397648,256,1002496,1002751,1002632,0
1003007,426334500397333,1328792,0.60877202,256,1002752,1003007,1002968,0
1003263,426334501303583,1269000,0.61318985,256,1003008,1003263,1003213,0
1003519,426334502191500,1232416,0.62750057,256,1003264,1003519,1003340,0
1003775,426334503061916,1248500,0.63772835,256,1003520,1003775,1003564,0
1004031,426334504059000,1134208,0.64164905,256,1003776,1004031,1003983,0
1004287,426334504979625,1071541,0.64319282,256,1004032,1004287,1004236,0
1004543,426334505854916,1047959,0.60900428,256,1004288,1004543,1004495,0
1004799,426334506699375,1080916,0.63325526,256,1004544,1004799,1004770,0
1005055,426334507501291,1109542,0.63732299,256,1004800,1005055,1004909,0
1005311,426334508347708,1119208,0.59443301,256,1005056,1005311,1005257,0
1005567,426334509229791,1095292,0.64122953,256,1005312,1005567,1005392,0
1005823,426334510169708,1028833,0.64987984,256,1005568,1005823,1005685,0
1006079,426334511036208,1031792,0.60605493,256,1005824,1006079,1005837,0
1006335,426334511938083,1012542,0.65296432,256,1006080,1006335,1006301,0
1006591,426334512877375,919333,0.62393145,256,1006336,1006591,1006345,0
1006847,426334513741375,888000,0.64018076,256,1006592,1006847,1006720,0
1007103,426334514664666,859542,0.63829761,256,1006848,1007103,1007086,0
1007359,426334515564041,837042,0.59043634,256,1007104,1007359,1007340,0
1007615,426334516472208,885417,0.61976185,256,1007360,1007615,1007469,0
1007871,426334517374208,1755333,0.63563742,256,1007616,1007871,1007860,0
1008127,426334518299583,1837750,0.64076093,256,1007872,1008127,1007886,0
1008383,426334519196791,1804917,0.61740189,256,1008128,1008383,1008349,0
1008639,426334520122666,1762625,0.64467236,256,1008384,1008639,1008411,0
1008895,426334520976208,1784250,0.62364927,256,1008640,1008895,1008705,0
1009151,426334521891000,1777291,0.67610459,256,1008896,1009151,1009061,0
1009407,426334522730250,1798125,0.61156548,256,1009152,1009407,1009322,0
1009663,426334523613083,1789875,0.64185669,256,1009408,1009663,1009531,0
1009919,426334524487250,1776916,0.60819544,256,1009664,1009919,1009835,0
1010175,426334525346125,1778000,0.60853292,256,1009920,1010175,1010172,0
1010431,426334526299500,1694250,0.60584482,256,1010176,1010431,1010302,0
1010687,426334527129791,1775042,0.67894507,256,1010432,1010687,1010670,0
1010943,426334528002125,1765125,0.60293968,256,1010688,1010943,1010874,0
1011199,426334528888166,1787084,0.64961557,256,1010944,1011199,1011141,0
1011455,426334529824041,1712292,0.65605684,256,1011200,1011455,1011445,0
1011711,426334530715083,1688292,0.60291165,256,1011456,1011711,1011683,0
1011967,426334531591875,1718916,0.63862436,256,1011712,1011967,1011769,0
1012223,426334532400250,1805166,0.64809905,256,1011968,1012223,1012177,0
1012479,426334533274375,1810125,0.63287607,256,1012224,1012479,1012234,0
1012735,426334534148166,4241792,0.61548058,256,1012480,1012735,1012614,0
1012991,426334535013833,3388667,0.59944774,256,1012736,1012991,1012746,0
1013247,426334536006500,3373708,0.64472019,256,1012992,1013247,1013083,0
1013503,426334538497208,1747208,0.60813703,256,1013248,1013503,1013493,0
1013759,426334538525125,2603583,0.6762325,256,1013504,1013759,1013542,0
1014015,426334538577750,3427833,0.63039284,256,1013760,1014015,1013973,0
1014271,426334539460875,3414291,0.65093792,256,1014016,1014271,1014183,0
1014527,426334540277583,3442458,0.61951663,256,1014272,1014527,1014506,0
1014783,426334541195750,3382208,0.60176922,256,1014528,1014783,1014706,0
1015039,426334542020666,3400792,0.58877187,256,1014784,1015039,1014929,0
1015295,426334542923625,3350958,0.62346011,256,1015040,1015295,1015153,0
1015551,426334543835833,3320833,0.62318861,256,1015296,1015551,1015354,0
1015807,426334544629000,3414416,0.60674639,256,1015552,1015807,1015743,0
1016063,426334545498541,3395167,0.59356166,256,1015808,1016063,1016042,0
1016319,426334546381583,3364292,0.62176583,256,1016064,1016319,1016319,0
1016575,426334547314916,3297959,0.66912341,256,1016320,1016575,1016566,0
1016831,426334548200125,3308916,0.67761214,256,1016576,1016831,1016606,0
1017087,426334549119416,3240375,0.63351258,256,1016832,1017087,1016970,0
1017343,426334550018000,3201458,0.63162866,256,1017088,1017343,1017340,0
1017599,426334550934166,3172959,0.6318691,256,1017344,1017599,1017349,0
1017855,426334551839250,3117708,0.5882785,256,1017600,1017855,1017751,0
1018111,426334552670708,3143375,0.59024759,256,1017856,1018111,1018099,0
1018367,426334553542625,3109875,0.58801015,256,1018112,1018367,1018238,0
1018623,426334554428083,3108125,0.68728591,256,1018368,1018623,1018577,0
1018879,426334555311458,3069042,0.61867574,256,1018624,1018879,1018642,0
1019135,426334556189500,3056583,0.60049282,256,1018880,1019135,1019088,0
1019391,426334557063041,3032375,0.61710258,256,1019136,1019391,1019209,0
1019647,426334557984208,2966000,0.6286582,256,1019392,1019647,1019592,0
1019903,426334558854666,2942584,0.6453923,256,1019648,1019903,1019761,0
1020159,426334559785666,2916792,0.63490297,256,1019904,1020159,1019931,0
1020415,426334560672083,2912375,0.6416423,256,1020160,1020415,1020262,0
1020671,426334561543500,2904291,0.62430912,256,1020416,1020671,1020661,0
1020927,426334562411625,2897833,0.63129476,256,1020672,1020927,1020723,0
1021183,426334563291416,2837084,0.64913662,256,1020928,1021183,1021021,0
1021439,426334564149000,2869416,0.64973736,256,1021184,1021439,1021379,0
1021695,426334565035541,2836667,0.57956331,256,1021440,1021695,1021660,0
1021951,426334565865500,2855375,0.61284035,256,1021696,1021951,1021740,0
1022207,426334566738125,2838916,0.64470687,256,1021952,1022207,1022057,0
1022463,426334567624208,2819042,0.63684892,256,1022208,1022463,1022434,0
1022719,426334568495416,2847917,0.68487594,256,1022464,1022719,1022573,0
1022975,426334569344333,2850208,0.60635518,256,1022720,1022975,1022827,0
1023231,426334570259375,2832791,0.63492915,256,1022976,1023231,1023095,0
1023487,426334571172125,2782416,0.64038003,256,1023232,1023487,1023424,0
1023743,426334572054916,2746667,0.60458498,256,1023488,1023743,1023626,0
1023999,426334572940291,2708042,0.61138184,256,1023744,1023999,1023938,0
1024255,426334573810875,2657791,0.59090211,256,1024000,1024255,1024005,0
1024511,426334574659125,2662583,0.62098797,256,1024256,1024511,1024466,0
1024767,426334575556166,2638334,0.62856775,256,1024512,1024767,1024618,0
1025023,426334576478458,2543833,0.59053032,256,1024768,1025023,1024870,0
1025279,426334577389875,2527791,0.64044553,256,1025024,1025279,1025223,0
1025535,426334578252625,2524500,0.62097953,256,1025280,1025535,1025488,0
1025791,426334579116416,2534417,0.61062979,256,1025536,1025791,1025660,0
1026047,426334580038916,2473625,0.60962017,256,1025792,1026047,1026008,0
1026303,426334580959625,2437291,0.60518556,256,1026048,1026303,1026289,0
1026559,426334581833500,2412500,0.64102501,256,1026304,1026559,1026538,0
1026815,426334582717291,2630000,0.62939463,256,1026560,1026815,1026623,0
1027071,426334583645000,2706958,0.58867688,256,1026816,1027071,1027041,0
1027327,426334584557500,2623708,0.6443855,256,1027072,1027327,1027259,0
1027583,426334585462416,2552625,0.65614144,256,1027328,1027583,1027559,0
1027839,426334586300333,2543542,0.62423057,256,1027584,1027839,1027588,0
1028095,426334587207041,2502417,0.6332931,256,1027840,1028095,1028081,0
1028351,426334588096416,2417292,0.58710934,256,1028096,1028351,1028196,0
1028607,426334588996125,2344041,0.60331849,256,1028352,1028607,1028493,0
1028863,426334589900250,2259125,0.61998326,256,1028608,1028863,1028701,0
1029119,426334590808041,2179792,0.65400459,256,1028864,1029119,1029035,0
1029375,426334591604458,2199833,0.6237523,256,1029120,1029375,1029134,0
1029631,426334592501333,2159333,0.6458288,256,1029376,1029631,1029599,0
1029887,426334593373208,2106125,0.59749237,256,1029632,1029887,1029752,0
1030143,426334594297333,2019625,0.597402,256,1029888,1030143,1030061,0
1030399,426334595127000,2016375,0.61188899,256,1030144,1030399,1030235,0
1030655,426334595995458,1971667,0.66563199,256,1030400,1030655,1030416,0
1030911,426334596931083,1846292,0.61303204,256,1030656,1030911,1030869,0
1031167,426334597816375,1776291,0.60281846,256,1030912,1031167,1031136,0
1031423,426334598662708,1752542,0.59442221,256,1031168,1031423,1031299,0
1031679,426334599520083,1686458,0.57155643,256,1031424,1031679,1031591,0
1031935,426334600418166,1599584,0.59648675,256,1031680,1031935,1031707,0
1032191,426334601333916,1531459,0.65585927,256,1031936,1032191,1032050,0
1032447,426334602160625,1535791,0.63750405,256,1032192,1032447,1032395,0
1032703,426334603092791,1417042,0.65071636,256,1032448,1032703,1032698,0
1032959,426334603942083,1389458,0.63831303,256,1032704,1032959,1032704,0
1033215,426334604802583,1337792,0.61297029,256,1032960,1033215,1033178,0
1033471,426334605661958,1291958,0.62639294,256,1033216,1033471,1033314,0
1033727,426334606549833,1211000,0.61854913,256,1033472,1033727,1033631,0
1033983,426334607378291,1195834,0.59637254,256,1033728,1033983,1033899,0
1034239,426334608201791,1215750,0.63534921,256,1033984,1034239,1034202,0
1034495,426334609070958,1189292,0.61000586,256,1034240,1034495,1034365,0
1034751,426334609930250,1154125,0.59199943,256,1034496,1034751,1034650,0
1035007,426334610806166,1080667,0.62598071,256,1034752,1035007,1034911,0
1035263,426334611714166,996459,0.60876253,256,1035008,1035263,1035063,0
1035519,426334612600125,906416,0.62042115,256,1035264,1035519,1035310,0
1035775,426334613522416,1701750,0.60044824,256,1035520,1035775,1035687,0
1036031,426334614392625,1861166,0.62258164,256,1035776,1036031,1036031,0
1036287,426334615280750,1845500,0.61672773,256,1036032,1036287,1036177,0
1036543,426334616153708,1807125,0.63793373,256,1036288,1036543,1036484,0
1036799,426334617034916,1796292,0.63242657,256,1036544,1036799,1036650,0
1037055,426334617885500,1755208,0.65676825,256,1036800,1037055,1036807,0
1037311,426334618820916,1682209,0.65068601,256,1037056,1037311,1037136,0
1037567,426334619707833,1646500,0.65469798,256,1037312,1037567,1037363,0
1037823,426334620553500,1622750,0.60124857,256,1037568,1037823,1037715,0
1038079,426334621476875,1530291,0.61766377,256,1037824,1038079,1037852,0
1038335,426334622378250,1457333,0.59642016,256,1038080,1038335,1038174,0
1038591,426334623285833,1387708,0.66309834,256,1038336,1038591,1038535,0
1038847,426334624214875,1296375,0.61057383,256,1038592,1038847,1038830,0
1039103,426334625139416,1217167,0.59880173,256,1038848,1039103,1038927,0
1039359,426334626018458,1155417,0.60759245,256,1039104,1039359,1039191,0
1039615,426334626926416,1077792,0.65781552,256,1039360,1039615,1039424,0
1039871,426334627818041,1013709,0.63380544,256,1039616,1039871,1039704,0
1040127,426334628706958,949750,0.60113956,256,1039872,1040127,1040093,0
1040383,426334629555916,934917,0.62129579,256,1040128,1040383,1040357,0
1040639,426334630441291,902167,0.58529765,256,1040384,1040639,1040639,0
1040895,426334631307416,876875,0.62064396,256,1040640,1040895,1040657,0
1041151,426334632148875,865166,0.59992003,256,1040896,1041151,1041119,0
1041407,426334633014333,1118042,0.61596974,256,1041152,1041407,1041397,0
1041663,426334633901583,1025917,0.57658246,256,1041408,1041663,1041494,0
1041919,426334634786833,943292,0.56519687,256,1041664,1041919,1041775,0
1042175,426334635661500,884375,0.62374666,256,1041920,1042175,1041951,0
1042431,426334636569625,841750,0.58368317,256,1042176,1042431,1042310,0
1042687,426334637439958,914583,0.58232311,256,1042432,1042687,1042585,0
1042943,426334638314333,891917,0.6099363,256,1042688,1042943,1042804,0
1043199,426334639139750,891166,0.58881237,256,1042944,1043199,1043112,0
1043455,426334640063000,1473375,0.61528807,256,1043200,1043455,1043281,0
1043711,426334640950791,1416959,0.60228561,256,1043456,1043711,1043523,0
1043967,426334641821250,1372083,0.65134198,256,1043712,1043967,1043862,0
1044223,426334642698750,1313875,0.62799196,256,1043968,1044223,1044136,0
1044479,426334643571416,1266334,0.64382915,256,1044224,1044479,1044454,0
1044735,426334644467291,1211209,0.61922696,256,1044480,1044735,1044668,0
1044991,426334645382000,1108833,0.60329803,256,1044736,1044991,1044799,0
1045247,426334646230958,1075875,0.62816033,256,1044992,1045247,1045159,0
1045503,426334647097583,1026708,0.57488227,256,1045248,1045503,1045390,0
1045759,426334647963833,962500,0.64913908,256,1045504,1045759,1045529,0
1046015,426334648949083,840625,0.59932455,256,1045760,1046015,1045820,0
1046271,426334649812750,1603708,0.61677297,256,1046016,1046271,1046227,0
1046527,426334650647041,1796000,0.65642894,256,1046272,1046527,1046328,0
1046783,426334651557833,1681458,0.61479246,256,1046528,1046783,1046554,0
1047039,426334652393083,1630500,0.5812468,256,1046784,1047039,1047029,0
1047295,426334653285125,1543458,0.60889053,256,1047040,1047295,1047192,0
1047551,426334654149750,1478000,0.63722307,256,1047296,1047551,1047528,0
1047807,426334655037083,1419083,0.6789547,256,1047552,1047807,1047564,0
1048063,426334655844375,1394625,0.62730144,256,1047808,1048063,1047963,0
1048319,426334656678833,1361417,0.60328595,256,1048064,1048319,1048068,0
1048575,426334657589625,1243000,0.64256733,256,1048320,1048575,1048558,0
1048831,426334658457250,1198958,0.62837244,256,1048576,1048831,1048738,0
1049087,426334659388041,1096417,0.60233607,256,1048832,1049087,1048842,0
1049343,426334660224375,1067125,0.60359799,256,1049088,1049343,1049210,0
1049599,426334661126083,962583,0.56453933,256,1049344,1049599,1049549,0
1049855,426334661992833,878792,0.59659302,256,1049600,1049855,1049648,0
1050111,426334662944208,850667,0.61424866,256,1049856,1050111,1050051,0
1050367,426334663801250,827291,0.62930165,256,1050112,1050367,1050343,0
1050623,426334664627583,819125,0.57240215,256,1050368,1050623,1050581,0
1050879,426334665494333,848000,0.58270619,256,1050624,1050879,1050654,0
1051135,426334666383666,840167,0.62488011,256,1050880,1051135,1050957,0
1051391,426334667265541,1267292,0.57593519,256,1051136,1051391,1051231,0
1051647,426334668131416,1203792,0.62010245,256,1051392,1051647,1051578,0
1051903,426334669020208,1109500,0.61091659,256,1051648,1051903,1051830,0
1052159,426334669937208,989833,0.59584126,256,1051904,1052159,1052094,0
1052415,426334670844583,881958,0.60658991,256,1052160,1052415,1052213,0
1052671,426334671762333,1634750,0.61519844,256,1052416,1052671,1052489,0
1052927,426334672612041,1782375,0.60823272,256,1052672,1052927,1052905,0
1053183,426334673491208,1686083,0.61129457,256,1052928,1053183,1053016,0
1053439,426334674386583,1594500,0.60562089,256,1053184,1053439,1053295,0
1053695,426334675259208,1506417,0.60377393,256,1053440,1053695,1053520,0
1053951,426334676127791,1483750,0.62713047,256,1053696,1053951,1053836,0
1054207,426334677074041,1353417,0.61624675,256,1053952,1054207,1054195,0
1054463,426334677919958,1295208,0.65692913,256,1054208,1054463,1054263,0
1054719,426334678734375,1271125,0.61805452,256,1054464,1054719,1054465,0
1054975,426334679659916,1125584,0.62261602,256,1054720,1054975,1054803,0
1055231,426334680599958,978458,0.59726526,256,1054976,1055231,1055187,0
1055487,426334681439666,940625,0.61549548,256,1055232,1055487,1055236,0
1055743,426334682350666,828959,0.60383213,256,1055488,1055743,1055690,0
1055999,426334683248791,1720209,0.57401221,256,1055744,1055999,1055755,0
1056255,426334684151500,1756083,0.58227665,256,1056000,1056255,1056062,0
1056511,426334685033500,1679000,0.59378722,256,1056256,1056511,1056332,0
1056767,426334685898041,1624709,0.61128015,256,1056512,1056767,1056591,0
1057023,426334686784875,1540458,0.62494963,256,1056768,1057023,1056835,0
1057279,426334687636708,1474083,0.59723363,256,1057024,1057279,1057044,0
1057535,426334688524583,1393083,0.58792185,256,1057280,1057535,1057302,0
1057791,426334689394708,1351875,0.61263605,256,1057536,1057791,1057590,0
1058047,426334690272541,1275125,0.61526841,256,1057792,1058047,1057875,0
1058303,426334691176500,1170875,0.60018103,256,1058048,1058303,1058300,0
1058559,426334692060333,1129708,0.69292101,256,1058304,1058559,1058558,0
1058815,426334692900875,1143166,0.64495132,256,1058560,1058815,1058566,0
1059071,426334693845125,1034916,0.62245042,256,1058816,1059071,1059046,0
1059327,426334694670416,1001750,0.59416998,256,1059072,1059327,1059117,0
1059583,426334695583458,908167,0.59891146,256,1059328,1059583,1059472,0
1059839,426334696548625,809333,0.59348389,256,1059584,1059839,1059762,0
1060095,426334697473208,834917,0.59958757,256,1059840,1060095,1059897,0
1060351,426334698387166,790709,0.60133077,256,1060096,1060351,1060289,0
1060607,426334699212958,1614167,0.60591531,256,1060352,1060607,1060582,0
1060863,426334700134708,1729792,0.63295032,256,1060608,1060863,1060666,0
1061119,426334701014750,1649833,0.60153947,256,1060864,1061119,1061002,0
1061375,426334701910416,1561750,0.59158211,256,1061120,1061375,1061373,0
1061631,426334702792708,1515042,0.64671385,256,1061376,1061631,1061544,0
1061887,426334703707500,1404500,0.63386269,256,1061632,1061887,1061875,0
1062143,426334704585583,1353625,0.62934687,256,1061888,1062143,1061943,0
1062399,426334705502083,1267167,0.63753856,256,1062144,1062399,1062260,0
1062655,426334706412958,1165875,0.63687953,256,1062400,1062655,1062655,0
1062911,426334707256375,1145000,0.60181328,256,1062656,1062911,1062774,0
1063167,426334708163000,1038208,0.64143286,256,1062912,1063167,1062978,0
1063423,426334709047708,945708,0.59617283,256,1063168,1063423,1063399,0
1063679,426334709947541,822084,0.61257362,256,1063424,1063679,1063429,0
1063935,426334710877666,845000,0.60967855,256,1063680,1063935,1063686,0
1064191,426334711716791,1684709,0.64639082,256,1063936,1064191,1064021,0
1064447,426334712555625,3801458,0.62883106,256,1064192,1064447,1064431,0
1064703,426334713392958,2965792,0.56860543,256,1064448,1064703,1064630,0
1064959,426334715228333,2309167,0.56441215,256,1064704,1064959,1064810,0
1065215,426334715237416,3138417,0.61130886,256,1064960,1065215,1065189,0
1065471,426334716513125,2675083,0.5750652,256,1065216,1065471,1065347,0
1065727,426334716983000,3021666,0.57097002,256,1065472,1065727,1065478,0
1065983,426334717847583,2978750,0.58718128,256,1065728,1065983,1065933,0
1066239,426334718735083,2918583,0.61997599,256,1065984,1066239,1066045,0
1066495,426334719615791,2848959,0.59411462,256,1066240,1066495,1066458,0
1066751,426334720518000,2779708,0.63354144,256,1066496,1066751,1066553,0
1067007,426334721406625,2694125,0.61077366,256,1066752,1067007,1066792,0
1067263,426334722237041,2668542,0.59877957,256,1067008,1067263,1067263,0
1067519,426334723119541,2604959,0.60738056,256,1067264,1067519,1067316,0
1067775,426334724002000,2552583,0.61848223,256,1067520,1067775,1067567,0
1068031,426334724851750,2514250,0.61213227,256,1067776,1068031,1068026,0
1068287,426334725724333,2454250,0.59928712,256,1068032,1068287,1068032,0
1068543,426334726683166,2319625,0.59319544,256,1068288,1068543,1068469,0
1068799,426334727569500,2239125,0.59242797,256,1068544,1068799,1068764,0
1069055,426334728451333,2177625,0.58565776,256,1068800,1069055,1068869,0
1069311,426334729305541,2175500,0.6337925,256,1069056,1069311,1069185,0
1069567,426334730159375,2207708,0.62627704,256,1069312,1069567,1069375,0
1069823,426334731076125,2056000,0.58328891,256,1069568,1069823,1069794,0
1070079,426334731971416,1979542,0.61252297,256,1069824,1070079,1070042,0
1070335,426334732832791,1963250,0.63678324,256,1070080,1070335,1070318,0
1070591,426334733662666,1941000,0.61420734,256,1070336,1070591,1070414,0
1070847,426334734559333,1853750,0.60904724,256,1070592,1070847,1070774,0
1071103,426334735451791,1757417,0.60613878,256,1070848,1071103,1071059,0
1071359,426334736324500,1668958,0.60333579,256,1071104,1071359,1071168,0
1071615,426334737225291,1589792,0.61424834,256,1071360,1071615,1071517,0
1071871,426334738100875,1526583,0.59625723,256,1071616,1071871,1071789,0
1072127,426334739026958,1386167,0.61436095,256,1071872,1072127,1072096,0
1072383,426334739912500,1320750,0.63025999,256,1072128,1072383,1072376,0
1072639,426334740772708,1276750,0.66362755,256,1072384,1072639,1072543,0
1072895,426334741691083,1163500,0.59566289,256,1072640,1072895,1072887,0
1073151,426334742554208,1128625,0.62217051,256,1072896,1073151,1072917,0
1073407,426334743425666,1090625,0.64805175,256,1073152,1073407,1073382,0
1073663,426334744328166,986625,0.60259417,256,1073408,1073663,1073615,0
1073919,426334745280458,833917,0.62971467,256,1073664,1073919,1073773,0
1074175,426334746174833,838125,0.6198063,256,1073920,1074175,1073982,0
1074431,426334747084791,817459,0.59285803,256,1074176,1074431,1074411,0
1074687,426334747951541,832917,0.62529003,256,1074432,1074687,1074439,0
1074943,426334748856375,815625,0.62864922,256,1074688,1074943,1074749,0
1075199,426334749699083,1649333,0.62037311,256,1074944,1075199,1075030,0
1075455,426334750547250,1779750,0.5705806,256,1075200,1075455,1075385,0
1075711,426334751449083,1710250,0.63898438,256,1075456,1075711,1075524,0
1075967,426334752314583,1632875,0.60579449,256,1075712,1075967,1075865,0
1076223,426334753176958,1565208,0.59432828,256,1075968,1076223,1076156,0
1076479,426334754069625,1457958,0.56983826,256,1076224,1076479,1076319,0
1076735,426334754919750,1396333,0.57141594,256,1076480,1076735,1076495,0
1076991,426334755793958,1329125,0.59258233,256,1076736,1076991,1076966,0
1077247,426334756687958,1259625,0.63939749,256,1076992,1077247,1077044,0
1077503,426334757591791,1156834,0.63027226,256,1077248,1077503,1077374,0
1077759,426334758503125,1034125,0.58755874,256,1077504,1077759,1077610,0
1078015,426334759364958,985625,0.62146377,256,1077760,1078015,1077982,0
1078271,426334760263458,886083,0.60246461,256,1078016,1078271,1078132,0
1078527,426334761140500,839666,0.59872554,256,1078272,1078527,1078429,0
1078783,426334762027166,793542,0.59822397,256,1078528,1078783,1078555,0
1079039,426334762876416,825334,0.60944565,256,1078784,1079039,1078879,0
1079295,426334763751416,869542,0.61940373,256,1079040,1079295,1079121,0
1079551,426334764640416,849834,0.64121584,256,1079296,1079551,1079528,0
1079807,426334765582083,865750,0.63227465,256,1079552,1079807,1079572,0
1080063,426334766459833,823708,0.59243858,256,1079808,1080063,1080049,0
1080319,426334767344083,1363667,0.63755647,256,1080064,1080319,1080220,0
1080575,426334768299000,1228708,0.62428661,256,1080320,1080575,1080344,0
1080831,426334769198666,1165834,0.6298314,256,1080576,1080831,1080816,0
1081087,426334770060333,1135292,0.59429438,256,1080832,1081087,1080834,0
1081343,426334770978708,1030750,0.58800449,256,1081088,1081343,1081254,0
1081599,426334771888625,932833,0.58821582,256,1081344,1081599,1081558,0
1081855,426334772753416,885084,0.61040398,256,1081600,1081855,1081805,0
1082111,426334773540041,914125,0.6066355,256,1081856,1082111,1082016,0
1082367,426334774424458,850625,0.57977163,256,1082112,1082367,1082353,0
1082623,426334775354458,843750,0.65932005,256,1082368,1082623,1082599,0
1082879,426334776248083,863375,0.64431338,256,1082624,1082879,1082638,0
1083135,426334777103458,870708,0.60274246,256,1082880,1083135,1083133,0
1083391,426334777984916,1721667,0.59988771,256,1083136,1083391,1083364,0
1083647,426334778883916,1914750,0.61212021,256,1083392,1083647,1083568,0
1083903,426334779790541,1860500,0.6686183,256,1083648,1083903,1083692,0
1084159,426334780687541,1776667,0.60951265,256,1083904,1084159,1084032,0
1084415,426334781583708,1747083,0.64193169,256,1084160,1084415,1084347,0
1084671,426334782492916,1669667,0.58499298,256,1084416,1084671,1084588,0
1084927,426334783353458,1619417,0.58175114,256,1084672,1084927,1084783,0
1085183,426334784189166,1597917,0.6016676,256,1084928,1085183,1085064,0
1085439,426334785080208,1541333,0.61858467,256,1085184,1085439,1085336,0
1085695,426334785988041,1486084,0.59487259,256,1085440,1085695,1085695,0
1085951,426334786864791,1438667,0.57453155,256,1085696,1085951,1085774,0
1086207,426334787791458,1333708,0.58325845,256,1085952,1086207,1086087,0
1086463,426334788653041,1289709,0.59289488,256,1086208,1086463,1086448,0
1086719,426334789563458,1211042,0.62981849,256,1086464,1086719,1086568,0
1086975,426334790475375,1144750,0.61250639,256,1086720,1086975,1086967,0
1087231,426334791356958,1149583,0.65859587,256,1086976,1087231,1087048,0
1087487,426334792238375,1098291,0.60433851,256,1087232,1087487,1087327,0
1087743,426334793100000,1062875,0.60328128,256,1087488,1087743,1087525,0
1087999,426334793957541,1045625,0.57827709,256,1087744,1087999,1087900,0
1088255,426334794831333,1000000,0.6051523,256,1088000,1088255,1088138,0
1088511,426334795680875,1008083,0.60298794,256,1088256,1088511,1088341,0
1088767,426334796589708,909333,0.59905662,256,1088512,1088767,1088644,0
1089023,426334797450708,910000,0.63687034,256,1088768,1089023,1089020,0
1089279,426334798319083,866042,0.64303692,256,1089024,1089279,1089078,0
1089535,426334799305125,819708,0.58952888,256,1089280,1089535,1089516,0
1089791,426334800119708,837792,0.61402743,256,1089536,1089791,1089611,0
1090047,426334801022541,871084,0.61915101,256,1089792,1090047,1089963,0
1090303,426334801858833,835208,0.59337317,256,1090048,1090303,1090301,0
1090559,426334802773375,1658833,0.61467062,256,1090304,1090559,1090317,0
1090815,426334803624666,1853792,0.5910827,256,1090560,1090815,1090815,0
1091071,426334804482250,1840000,0.60441898,256,1090816,1091071,1090906,0
1091327,426334805423041,1733375,0.61028263,256,1091072,1091327,1091281,0
1091583,426334806266416,1768500,0.66421782,256,1091328,1091583,1091410,0
1091839,426334807135416,1734334,0.64918656,256,1091584,1091839,1091800,0
1092095,426334808044833,1652625,0.62763628,256,1091840,1092095,1091924,0
1092351,426334808964375,1564583,0.59030164,256,1092096,1092351,1092263,0
1092607,426334809814041,1577834,0.65669599,256,1092352,1092607,1092546,0
1092863,426334810695833,1564208,0.63442299,256,1092608,1092863,1092633,0
1093119,426334811569541,1506917,0.62120374,256,1092864,1093119,1093029,0
1093375,426334812519041,1397750,0.60691563,256,1093120,1093375,1093171,0
1093631,426334813445333,1321250,0.60772612,256,1093376,1093631,1093425,0
1093887,426334814371250,1224750,0.57819875,256,1093632,1093887,1093714,0
1094143,426334815271208,1173208,0.62012724,256,1093888,1094143,1093966,0
1094399,426334816129083,1174667,0.62712254,256,1094144,1094399,1094281,0
1094655,426334816990500,1136208,0.59939127,256,1094400,1094655,1094578,0
1094911,426334817910916,1053500,0.58902533,256,1094656,1094911,1094885,0
1095167,426334818806708,995917,0.62206653,256,1094912,1095167,1094923,0
1095423,426334819756875,906333,0.62414991,256,1095168,1095423,1095367,0
1095679,426334820649750,871666,0.62464416,256,1095424,1095679,1095509,0
1095935,426334821502583,844583,0.57558784,256,1095680,1095935,1095683,0
1096191,426334822328083,835042,0.63017868,256,1095936,1096191,1096085,0
1096447,426334823219916,1621209,0.61242889,256,1096192,1096447,1096400,0
1096703,426334824129708,1733875,0.59227937,256,1096448,1096703,1096660,0
1096959,426334825010500,1681916,0.59442219,256,1096704,1096959,1096912,0
1097215,426334825951041,1554917,0.63125636,256,1096960,1097215,1097204,0
1097471,426334826915166,1430417,0.63925784,256,1097216,1097471,1097231,0
1097727,426334827829458,1346833,0.58870569,256,1097472,1097727,1097567,0
1097983,426334828725333,1277958,0.61103145,256,1097728,1097983,1097792,0
1098239,426334829631583,1203542,0.61090879,256,1097984,1098239,1098079,0
1098495,426334830520083,1167625,0.61692627,256,1098240,1098495,1098449,0
1098751,426334831659875,4249583,0.59929395,256,1098496,1098751,1098638,0
1099007,426334833960958,2941875,0.64087453,256,1098752,1099007,1098872,0
1099263,426334833976583,3741125,0.6315689,256,1099008,1099263,1099100,0
1099519,426334833991041,4520417,0.57421666,256,1099264,1099519,1099302,0
1099775,426334834871291,4485750,0.63829549,256,1099520,1099775,1099582,0
1100031,426334835714125,4478541,0.62853484,256,1099776,1100031,1099785,0
1100287,426334836597375,4429083,0.60530327,256,1100032,1100287,1100165,0
1100543,426334837523083,4327250,0.62263458,256,1100288,1100543,1100529,0
1100799,426334838393916,4281792,0.59656578,256,1100544,1100799,1100663,0
1101055,426334839321416,4177084,0.60779822,256,1100800,1101055,1100800,0
1101311,426334840223541,4073375,0.59317879,256,1101056,1101311,1101154,0
1101567,426334841167833,3957000,0.63330478,256,1101312,1101567,1101378,0
1101823,426334842025333,3942375,0.64410942,256,1101568,1101823,1101775,0
1102079,426334842913875,3878125,0.59444516,256,1101824,1102079,1101939,0
1102335,426334843776000,3828833,0.6023155,256,1102080,1102335,1102198,0
1102591,426334844674083,3774375,0.6196173,256,1102336,1102591,1102563,0
1102847,426334845511583,3789625,0.6397648,256,1102592,1102847,1102632,0
1103103,426334846442041,3675709,0.60877202,256,1102848,1103103,1102968,0
1103359,426334847329708,3621208,0.62750057,256,1103104,1103359,1103340,0
1103615,426334848231583,3568167,0.63772835,256,1103360,1103615,1103564,0
1103871,426334849151458,3499875,0.61225154,256,1103616,1103871,1103693,0
1104127,426334850127000,3368208,0.64164905,256,1103872,1104127,1103983,0
1104383,426334851031541,3300750,0.64319282,256,1104128,1104383,1104236,0
1104639,426334851838750,3323666,0.62274917,256,1104384,1104639,1104562,0
1104895,426334852687500,3322916,0.63325526,256,1104640,1104895,1104770,0
1105151,426334853521583,3308125,0.63732299,256,1104896,1105151,1104909,0
1105407,426334854394791,3275792,0.64122953,256,1105152,1105407,1105392,0
1105663,426334855305250,3181541,0.62660174,256,1105408,1105663,1105570,0
1105919,426334856179833,3178792,0.64987984,256,1105664,1105919,1105685,0
1106175,426334857104166,3089084,0.59472973,256,1105920,1106175,1105983,0
1106431,426334857982375,3058916,0.65296432,256,1106176,1106431,1106301,0
1106687,426334858900458,2961417,0.61340293,256,1106432,1106687,1106526,0
1106943,426334859793166,2892875,0.64018076,256,1106688,1106943,1106720,0
1107199,426334860728500,2788333,0.63829761,256,1106944,1107199,1107086,0
1107455,426334861603708,2731708,0.59043634,256,1107200,1107455,1107340,0
1107711,426334862486500,2688583,0.61976185,256,1107456,1107711,1107469,0
1107967,426334863430041,2603209,0.64076093,256,1107712,1107967,1107886,0
1108223,426334864318500,2558416,0.61442276,256,1107968,1108223,1108215,0
1108479,426334865212000,2515541,0.64467236,256,1108224,1108479,1108411,0
1108735,426334866137750,2432416,0.62364927,256,1108480,1108735,1108705,0
1108991,426334867016166,2428542,0.61673704,256,1108736,1108991,1108920,0
1109247,426334867924125,2402916,0.67610459,256,1108992,1109247,1109061,0
1109503,426334868782000,2369333,0.61156548,256,1109248,1109503,1109322,0
1109759,426334869652833,2368083,0.64185669,256,1109504,1109759,1109531,0
1110015,426334870518375,2326333,0.60819544,256,1109760,1110015,1109835,0
1110271,426334871398916,2291959,0.60853292,256,1110016,1110271,1110172,0
1110527,426334872338916,2212667,0.62492758,256,1110272,1110527,1110455,0
1110783,426334873169500,2252250,0.67894507,256,1110528,1110783,1110670,0
1111039,426334874047333,2222875,0.60293968,256,1110784,1111039,1110874,0
1111295,426334874899208,2248125,0.64961557,256,1111040,1111295,1111141,0
1111551,426334875865500,2147708,0.65605684,256,1111296,1111551,1111445,0
1111807,426334876740833,2147458,0.63862436,256,1111552,1111807,1111769,0
1112063,426334877587625,2131916,0.61520012,256,1111808,1112063,1111924,0
1112319,426334878440666,2188334,0.64809905,256,1112064,1112319,1112177,0
1112575,426334879317625,2155375,0.60094351,256,1112320,1112575,1112345,0
1112831,426334880168708,2182500,0.61548058,256,1112576,1112831,1112614,0
1113087,426334881038250,2126416,0.64472019,256,1112832,1113087,1113083,0
1113343,426334881976458,2038750,0.6103563,256,1113088,1113343,1113170,0
1113599,426334882845666,2033125,0.6762325,256,1113344,1113599,1113542,0
1113855,426334883739166,1976125,0.62823744,256,1113600,1113855,1113626,0
1114111,426334884593291,1959875,0.63039284,256,1113856,1114111,1113973,0
1114367,426334885524375,1868625,0.65093792,256,1114112,1114367,1114183,0
1114623,426334886315000,1908708,0.61951663,256,1114368,1114623,1114506,0
1114879,426334887225833,1831708,0.60176922,256,1114624,1114879,1114706,0
1115135,426334888084750,1795083,0.62239543,256,1114880,1115135,1115087,0
1115391,426334889009750,1703333,0.62346011,256,1115136,1115391,1115153,0
1115647,426334889819791,1764084,0.60631253,256,1115392,1115647,1115412,0
1115903,426334890696708,1761667,0.60674639,256,1115648,1115903,1115743,0
1116159,426334891522875,1776791,0.61005339,256,1115904,1116159,1116139,0
1116415,426334892439791,1674209,0.62176583,256,1116160,1116415,1116319,0
1116671,426334893335125,1661750,0.67761214,256,1116416,1116671,1116606,0
1116927,426334894223833,1599875,0.582646,256,1116672,1116927,1116675,0
1117183,426334895189250,1472208,0.63351258,256,1116928,1117183,1116970,0
1117439,426334896047250,1485541,0.6318691,256,1117184,1117439,1117349,0
1117695,426334896966875,1504083,0.60372303,256,1117440,1117695,1117572,0
1117951,426334897860708,1306708,0.5882785,256,1117696,1117951,1117751,0
1118207,426334898682250,1315875,0.59024759,256,1117952,1118207,1118099,0
1118463,426334899590166,1253834,0.6188372,256,1118208,1118463,1118420,0
1118719,426334900449500,1231541,0.68728591,256,1118464,1118719,1118577,0
1118975,426334901340916,1153625,0.61264445,256,1118720,1118975,1118860,0
1119231,426334902199125,1145875,0.61710258,256,1118976,1119231,1119209,0
1119487,426334903110958,1046333,0.60008443,256,1119232,1119487,1119360,0
1119743,426334904012208,982708,0.6286582,256,1119488,1119743,1119592,0
1119999,426334904914541,953959,0.6453923,256,1119744,1119999,1119761,0
1120255,426334905816250,987833,0.61071043,256,1120000,1120255,1120244,0
1120511,426334906689458,1254458,0.6416423,256,1120256,1120511,1120262,0
1120767,426334907582541,878250,0.63129476,256,1120512,1120767,1120723,0
1121023,426334908429333,854375,0.64913662,256,1120768,1121023,1121021,0
1121279,426334909305666,832209,0.59326676,256,1121024,1121279,1121201,0
1121535,426334910157791,890584,0.64973736,256,1121280,1121535,1121379,0
1121791,426334911042583,871042,0.61284035,256,1121536,1121791,1121740,0
1122047,426334911897541,876292,0.60630711,256,1121792,1122047,1122023,0
1122303,426334912792500,871583,0.64470687,256,1122048,1122303,1122057,0
1122559,426334913605750,908250,0.65310893,256,1122304,1122559,1122528,0
1122815,426334914519875,921416,0.68487594,256,1122560,1122815,1122573,0
1123071,426334915364416,950125,0.62224034,256,1122816,1123071,1123066,0
1123327,426334916304166,886959,0.63492915,256,1123072,1123327,1123095,0
1123583,426334917193166,875000,0.64038003,256,1123328,1123583,1123424,0
1123839,426334918068750,1665583,0.60458498,256,1123584,1123839,1123626,0
1124095,426334918967250,1783500,0.61138184,256,1123840,1124095,1123938,0
1124351,426334919849708,1740917,0.59470801,256,1124096,1124351,1124345,0
1124607,426334920700750,1735666,0.62098797,256,1124352,1124607,1124466,0
1124863,426334921586500,1716750,0.62856775,256,1124608,1124863,1124618,0
1125119,426334922536416,1619375,0.6257972,256,1124864,1125119,1125107,0
1125375,426334923401875,1624416,0.64044553,256,1125120,1125375,1125223,0
1125631,426334924276791,1630334,0.62097953,256,1125376,1125631,1125488,0
1125887,426334925164291,1608375,0.61062979,256,1125632,1125887,1125660,0
1126143,426334926095458,1531875,0.60962017,256,1125888,1126143,1126008,0
1126399,426334926993958,1528958,0.61720247,256,1126144,1126399,1126347,0
1126655,426334927886000,1489541,0.64102501,256,1126400,1126655,1126538,0
1126911,426334928769125,1450000,0.58075952,256,1126656,1126911,1126698,0
1127167,426334929697750,1371375,0.59691529,256,1126912,1127167,1127134,0
1127423,426334930597583,1328458,0.6443855,256,1127168,1127423,1127259,0
1127679,426334931476708,1319917,0.65614144,256,1127424,1127679,1127559,0
1127935,426334932336958,1308042,0.61236989,256,1127680,1127935,1127933,0
1128191,426334933230208,1274917,0.6332931,256,1127936,1128191,1128081,0
1128447,426334934161750,1177208,0.58710934,256,1128192,1128447,1128196,0
1128703,426334935022208,1165833,0.61998326,256,1128448,1128703,1128701,0
1128959,426334935930000,1088083,0.59439807,256,1128704,1128959,1128800,0
1129215,426334936811958,1070042,0.65400459,256,1128960,1129215,1129035,0
1129471,426334937626541,1083584,0.5891788,256,1129216,1129471,1129268,0
1129727,426334938536583,1061167,0.6458288,256,1129472,1129727,1129599,0
1129983,426334939410625,1048125,0.59749237,256,1129728,1129983,1129752,0
1130239,426334940312041,997875,0.61188899,256,1129984,1130239,1130235,0
1130495,426334941144625,1010916,0.66563199,256,1130240,1130495,1130416,0
1130751,426334942045333,996458,0.61983034,256,1130496,1130751,1130526,0
1131007,426334942927875,905458,0.61303204,256,1130752,1131007,1130869,0
1131263,426334943830125,890833,0.60281846,256,1131008,1131263,1131136,0
1131519,426334944677500,861041,0.59442221,256,1131264,1131519,1131299,0
1131775,426334945563541,824334,0.59648675,256,1131520,1131775,1131707,0
1132031,426334946466250,842958,0.61146871,256,1131776,1132031,1132020,0
1132287,426334947332000,1735541,0.65585927,256,1132032,1132287,1132050,0
1132543,426334948220791,1801625,0.63750405,256,1132288,1132543,1132395,0
1132799,426334949112791,1781334,0.65071636,256,1132544,1132799,1132698,0
1133055,426334949962041,1753875,0.59603534,256,1132800,1133055,1132882,0
1133311,426334950821875,1727333,0.61297029,256,1133056,1133311,1133178,0
1133567,426334951698916,1699209,0.62639294,256,1133312,1133567,1133314,0
1133823,426334952557250,1655083,0.61854913,256,1133568,1133823,1133631,0
1134079,426334953385083,1670625,0.6080745,256,1133824,1134079,1133995,0
1134335,426334954226791,1694125,0.63534921,256,1134080,1134335,1134202,0
1134591,426334955083708,1735708,0.61000586,256,1134336,1134591,1134365,0
1134847,426334955979875,1624375,0.59199943,256,1134592,1134847,1134650,0
1135103,426334956848125,1609208,0.62598071,256,1134848,1135103,1134911,0
1135359,426334957765250,1525458,0.62042115,256,1135104,1135359,1135310,0
1135615,426334958666500,1448125,0.6007891,256,1135360,1135615,1135384,0
1135871,426334959556291,1377625,0.60044824,256,1135616,1135871,1135687,0
1136127,426334960415791,1399875,0.62258164,256,1135872,1136127,1136031,0
1136383,426334961313875,1355583,0.61672773,256,1136128,1136383,1136177,0
1136639,426334962190958,1320208,0.63793373,256,1136384,1136639,1136484,0
1136895,426334963088250,1271833,0.65676825,256,1136640,1136895,1136807,0
1137151,426334963942250,1258458,0.65068601,256,1136896,1137151,1137136,0
1137407,426334964827208,1238375,0.65469798,256,1137152,1137407,1137363,0
1137663,426334965730166,1163542,0.63176897,256,1137408,1137663,1137523,0
1137919,426334966612541,1113250,0.61766377,256,1137664,1137919,1137852,0
1138175,426334967483833,1077917,0.59642016,256,1137920,1138175,1138174,0
1138431,426334968431625,934708,0.58326041,256,1138176,1138431,1138300,0
1138687,426334969361583,851500,0.66309834,256,1138432,1138687,1138535,0
1138943,426334970256041,832917,0.61057383,256,1138688,1138943,1138830,0
1139199,426334971154458,841875,0.60759245,256,1138944,1139199,1139191,0
1139455,426334972044583,862375,0.65781552,256,1139200,1139455,1139424,0
1139711,426334972955708,841208,0.63992472,256,1139456,1139711,1139588,0
1139967,426334973837958,828375,0.59752637,256,1139712,1139967,1139856,0
1140223,426334974713791,851209,0.60113956,256,1139968,1140223,1140093,0
1140479,426334975579000,1693708,0.62129579,256,1140224,1140479,1140357,0
1140735,426334976456833,1837625,0.62064396,256,1140480,1140735,1140657,0
1140991,426334977331166,1749417,0.60302827,256,1140736,1140991,1140880,0
1141247,426334978197458,1726458,0.60785975,256,1140992,1141247,1141179,0
1141503,426334979040458,1677125,0.61596974,256,1141248,1141503,1141397,0
1141759,426334979930333,1594208,0.57327156,256,1141504,1141759,1141538,0
1142015,426334980808000,1524291,0.62374666,256,1141760,1142015,1141951,0
1142271,426334981717083,1406583,0.6010083,256,1142016,1142271,1142117,0
1142527,426334982571875,1365000,0.58368317,256,1142272,1142527,1142310,0
1142783,426334983459500,1255166,0.58232311,256,1142528,1142783,1142585,0
1143039,426334984331916,1228584,0.6099363,256,1142784,1143039,1142804,0
1143295,426334985151250,1220291,0.61528807,256,1143040,1143295,1143281,0
1143551,426334986107500,1089250,0.60390786,256,1143296,1143551,1143298,0
1143807,426334986992583,1017375,0.60940541,256,1143552,1143807,1143775,0
1144063,426334987830208,963667,0.65134198,256,1143808,1144063,1143862,0
1144319,426334988750625,845916,0.62799196,256,1144064,1144319,1144136,0
1144575,426334989637666,818209,0.64382915,256,1144320,1144575,1144454,0
1144831,426334990531833,1612417,0.61922696,256,1144576,1144831,1144668,0
1145087,426334991398208,1790792,0.59839023,256,1144832,1145087,1145031,0
1145343,426334992260458,1697625,0.62816033,256,1145088,1145343,1145159,0
1145599,426334993114791,1643250,0.64913908,256,1145344,1145599,1145529,0
1145855,426334994039833,1512125,0.59932455,256,1145600,1145855,1145820,0
1146111,426334994989541,1365167,0.58963899,256,1145856,1146111,1145982,0
1146367,426334995823916,1338209,0.65642894,256,1146112,1146367,1146328,0
1146623,426334996675958,1299125,0.61479246,256,1146368,1146623,1146554,0
1146879,426334997574500,1191250,0.58687898,256,1146624,1146879,1146724,0
1147135,426334998417041,1144250,0.5812468,256,1146880,1147135,1147029,0
1147391,426334999320541,1047209,0.60889053,256,1147136,1147391,1147192,0
1147647,426335000186375,1021833,0.6789547,256,1147392,1147647,1147564,0
1147903,426335001037750,944958,0.63423499,256,1147648,1147903,1147770,0
1148159,426335001850875,942041,0.62730144,256,1147904,1148159,1147963,0
1148415,426335002719708,864583,0.57515766,256,1148160,1148415,1148396,0
1148671,426335003608833,830958,0.64256733,256,1148416,1148671,1148558,0
1148927,426335004512333,1719500,0.62837244,256,1148672,1148927,1148738,0
1149183,426335005425375,1784958,0.5982365,256,1148928,1149183,1148934,0
1149439,426335006267083,1746708,0.60359799,256,1149184,1149439,1149210,0
1149695,426335007160875,1657333,0.59659302,256,1149440,1149695,1149648,0
1149951,426335008039166,1582209,0.5994441,256,1149696,1149951,1149925,0
1150207,426335008952041,1467750,0.61424866,256,1149952,1150207,1150051,0
1150463,426335009808708,1425083,0.62930165,256,1150208,1150463,1150343,0
1150719,426335010682791,1372125,0.58270619,256,1150464,1150719,1150654,0
1150975,426335011526208,1323125,0.62488011,256,1150720,1150975,1150957,0
1151231,426335012432875,1227833,0.59512176,256,1150976,1151231,1151101,0
1151487,426335013289166,1188417,0.58236464,256,1151232,1151487,1151396,0
1151743,426335014127750,1163333,0.62010245,256,1151488,1151743,1151578,0
1151999,426335015076208,1026792,0.61091659,256,1151744,1151999,1151830,0
1152255,426335015975458,919542,0.60658991,256,1152000,1152255,1152213,0
1152511,426335016893541,815042,0.61519844,256,1152256,1152511,1152489,0
1152767,426335017754083,1453542,0.59635555,256,1152512,1152767,1152518,0
1153023,426335018651083,1379000,0.61129457,256,1152768,1153023,1153016,0
1153279,426335019490625,1351208,0.56548277,256,1153024,1153279,1153212,0
1153535,426335020425291,1238125,0.60562089,256,1153280,1153535,1153295,0
1153791,426335021296375,1177166,0.600102,256,1153536,1153791,1153607,0
1154047,426335022150708,1172042,0.62713047,256,1153792,1154047,1153836,0
1154303,426335023101083,1067625,0.65692913,256,1154048,1154303,1154263,0
1154559,426335023919583,1060958,0.61805452,256,1154304,1154559,1154465,0
1154815,426335024795583,993000,0.62261602,256,1154560,1154815,1154803,0
1155071,426335025742458,849500,0.57629691,256,1154816,1155071,1155030,0
1155327,426335026625333,1587500,0.61549548,256,1155072,1155327,1155236,0
1155583,426335027480541,1760000,0.59535012,256,1155328,1155583,1155536,0
1155839,426335028389208,1648458,0.60383213,256,1155584,1155839,1155690,0
1156095,426335029311833,1508917,0.58227665,256,1155840,1156095,1156062,0
1156351,426335030155208,1446208,0.59378722,256,1156096,1156351,1156332,0
1156607,426335031070416,1321834,0.61128015,256,1156352,1156607,1156591,0
1156863,426335031925291,1274625,0.62494963,256,1156608,1156863,1156835,0
1157119,426335032815500,1168791,0.59723363,256,1156864,1157119,1157044,0
1157375,426335033662583,1121875,0.58792185,256,1157120,1157375,1157302,0
1157631,426335034534958,1048125,0.61263605,256,1157376,1157631,1157590,0
1157887,426335035426083,998667,0.61526841,256,1157632,1157887,1157875,0
1158143,426335036301166,898125,0.57622205,256,1157888,1158143,1157946,0
1158399,426335037179208,842208,0.61289621,256,1158144,1158399,1158324,0
1158655,426335038107041,1650709,0.69292101,256,1158400,1158655,1158558,0
1158911,426335038946875,1840708,0.59693152,256,1158656,1158911,1158667,0
1159167,426335039844916,1783334,0.62245042,256,1158912,1159167,1159046,0
1159423,426335040784291,1654042,0.59387524,256,1159168,1159423,1159402,0
1159679,426335041639958,1621000,0.59891146,256,1159424,1159679,1159472,0
1159935,426335042594250,1504958,0.59958757,256,1159680,1159935,1159897,0
1160191,426335043499541,1408334,0.58000046,256,1159936,1160191,1160050,0
1160447,426335044421083,1306958,0.60133077,256,1160192,1160447,1160289,0
1160703,426335045284625,1295958,0.63295032,256,1160448,1160703,1160666,0
1160959,426335046184333,1230708,0.59501282,256,1160704,1160959,1160790,0
1161215,426335047037958,1226292,0.60153947,256,1160960,1161215,1161002,0
1161471,426335047950250,1127958,0.59158211,256,1161216,1161471,1161373,0
1161727,426335048820166,1115042,0.64671385,256,1161472,1161727,1161544,0
1161983,426335049728333,1086250,0.63386269,256,1161728,1161983,1161875,0
1162239,426335050635541,991334,0.63145207,256,1161984,1162239,1162172,0
1162495,426335051523000,942916,0.63753856,256,1162240,1162495,1162260,0
1162751,426335052433666,865500,0.63687953,256,1162496,1162751,1162655,0
1163007,426335053286708,844083,0.64143286,256,1162752,1163007,1162978,0
1163263,426335054194541,1646292,0.57706709,256,1163008,1163263,1163164,0
1163519,426335055106916,1729459,0.61257362,256,1163264,1163519,1163429,0
1163775,426335055987583,1643917,0.60967855,256,1163520,1163775,1163686,0
1164031,426335056887916,1580834,0.64639082,256,1163776,1164031,1164021,0
1164287,426335057713750,1603583,0.62269165,256,1164032,1164287,1164092,0
1164543,426335058572291,1553875,0.62883106,256,1164288,1164543,1164431,0
1164799,426335059449791,1484125,0.56860543,256,1164544,1164799,1164630,0
1165055,426335060326416,1445250,0.60762078,256,1164800,1165055,1165012,0
1165311,426335061199791,1389167,0.61130886,256,1165056,1165311,1165189,0
1165567,426335062101000,1304208,0.5750652,256,1165312,1165567,1165347,0
1165823,426335063008791,1203167,0.58355571,256,1165568,1165823,1165754,0
1166079,426335063884291,1153292,0.61997599,256,1165824,1166079,1166045,0
1166335,426335064740625,1109875,0.60002854,256,1166080,1166335,1166212,0
1166591,426335065638750,1064416,0.63354144,256,1166336,1166591,1166553,0
1166847,426335066562750,944000,0.61653147,256,1166592,1166847,1166699,0
1167103,426335067411583,898708,0.56357814,256,1166848,1167103,1166908,0
1167359,426335068255833,884583,0.60738056,256,1167104,1167359,1167316,0
1167615,426335069133416,827542,0.61848223,256,1167360,1167615,1167567,0
1167871,426335070025791,825375,0.5728344,256,1167616,1167871,1167799,0
1168127,426335070881833,833500,0.61213227,256,1167872,1168127,1168026,0
1168383,426335071750041,803709,0.59197516,256,1168128,1168383,1168185,0
1168639,426335072730333,808625,0.59319544,256,1168384,1168639,1168469,0
1168895,426335073640583,819500,0.59242797,256,1168640,1168895,1168764,0
1169151,426335074453500,824458,0.60667735,256,1168896,1169151,1169149,0
1169407,426335075332416,1631459,0.6337925,256,1169152,1169407,1169185,0
1169663,426335076205958,1746083,0.57238294,256,1169408,1169663,1169425,0
1169919,426335077100083,1643875,0.59063498,256,1169664,1169919,1169883,0
1170175,426335077975875,1557666,0.61252297,256,1169920,1170175,1170042,0
1170431,426335078852500,1510375,0.63678324,256,1170176,1170431,1170318,0
1170687,426335079717083,1455125,0.60276169,256,1170432,1170687,1170445,0
1170943,426335080620750,1345750,0.60904724,256,1170688,1170943,1170774,0
1171199,426335081479041,1290500,0.60613878,256,1170944,1171199,1171059,0
1171455,426335082355500,1208166,0.59180814,256,1171200,1171455,1171400,0
1171711,426335083255125,1130875,0.61424834,256,1171456,1171711,1171517,0
1171967,426335084184416,1119917,0.59625723,256,1171712,1171967,1171789,0
1172223,426335085054708,1708708,0.61436095,256,1171968,1172223,1172096,0
1172479,426335085939750,1659125,0.63025999,256,1172224,1172479,1172376,0
1172735,426335086846125,1564416,0.66362755,256,1172480,1172735,1172543,0
1172991,426335087716500,1523041,0.62217051,256,1172736,1172991,1172917,0
1173247,426335088582083,1475333,0.61708042,256,1172992,1173247,1173174,0
1173503,426335089480875,1406416,0.64805175,256,1173248,1173503,1173382,0
1173759,426335090375583,1307375,0.60259417,256,1173504,1173759,1173615,0
1174015,426335091328375,1165333,0.62971467,256,1173760,1174015,1173773,0
1174271,426335092213833,1073333,0.58066036,256,1174016,1174271,1174261,0
1174527,426335093102375,1016791,0.62529003,256,1174272,1174527,1174439,0
1174783,426335093954500,954208,0.62864922,256,1174528,1174783,1174749,0
1175039,426335094877500,854750,0.62037311,256,1174784,1175039,1175030,0
1175295,426335095728000,1716916,0.60885206,256,1175040,1175295,1175108,0
1175551,426335096592375,1820000,0.63898438,256,1175296,1175551,1175524,0
1175807,426335097470083,1756792,0.6292772,256,1175552,1175807,1175553,0
1176063,426335098343166,1668000,0.60579449,256,1175808,1176063,1175865,0
1176319,426335099223833,1575458,0.59432828,256,1176064,1176319,1176156,0
1176575,426335100067458,1517250,0.57141594,256,1176320,1176575,1176495,0
1176831,426335100951625,1428375,0.58731305,256,1176576,1176831,1176756,0
1177087,426335101797583,1406792,0.63939749,256,1176832,1177087,1177044,0
1177343,426335102731958,1268292,0.58810538,256,1177088,1177343,1177125,0
1177599,426335103658916,1144375,0.63027226,256,1177344,1177599,1177374,0
1177855,426335104505166,1092959,0.58755874,256,1177600,1177855,1177610,0
1178111,426335105408416,996959,0.62146377,256,1177856,1178111,1177982,0
1178367,426335106289833,924125,0.60246461,256,1178112,1178367,1178132,0
1178623,426335107184166,813667,0.59872554,256,1178368,1178623,1178429,0
1178879,426335108045083,826458,0.60944565,256,1178624,1178879,1178879,0
1179135,426335108929250,825500,0.61940373,256,1178880,1179135,1179121,0
1179391,426335109784708,849958,0.61862896,256,1179136,1179391,1179321,0
1179647,426335110672333,815958,0.64121584,256,1179392,1179647,1179528,0
1179903,426335111614708,853667,0.60850876,256,1179648,1179903,1179793,0
1180159,426335112505000,829250,0.59243858,256,1179904,1180159,1180049,0
1180415,426335113427958,828958,0.63755647,256,1180160,1180415,1180220,0
1180671,426335114338833,2191250,0.60332944,256,1180416,1180671,1180530,0
1180927,426335115622125,1506458,0.6298314,256,1180672,1180927,1180816,0
1181183,426335116600500,1196500,0.5681895,256,1180928,1181183,1181068,0
1181439,426335117149083,1463083,0.58800449,256,1181184,1181439,1181254,0
1181695,426335117899125,1521833,0.58821582,256,1181440,1181695,1181558,0
1181951,426335118749000,1501833,0.61040398,256,1181696,1181951,1181805,0
1182207,426335119569666,1495125,0.6066355,256,1181952,1182207,1182016,0
1182463,426335120486791,1394625,0.57977163,256,1182208,1182463,1182353,0
1182719,426335121370416,1356417,0.65932005,256,1182464,1182719,1182599,0
1182975,426335122250041,1301709,0.59602317,256,1182720,1182975,1182964,0
1183231,426335123130375,1261125,0.60274246,256,1182976,1183231,1183133,0
1183487,426335124006791,1205042,0.59988771,256,1183232,1183487,1183364,0
1183743,426335124913500,1192875,0.6686183,256,1183488,1183743,1183692,0
1183999,426335125830250,1078000,0.58048925,256,1183744,1183999,1183772,0
1184255,426335126742625,1016875,0.61662286,256,1184000,1184255,1184199,0
1184511,426335127614250,985541,0.64193169,256,1184256,1184511,1184347,0
1184767,426335128503541,930959,0.58499298,256,1184512,1184767,1184588,0
1185023,426335129378916,879375,0.58960647,256,1184768,1185023,1184954,0
1185279,426335130230000,832416,0.6016676,256,1185024,1185279,1185064,0
1185535,426335131141250,879583,0.61858467,256,1185280,1185535,1185336,0
1185791,426335132025916,1753000,0.59487259,256,1185536,1185791,1185695,0
1186047,426335132943416,1785000,0.58018432,256,1185792,1186047,1186035,0
1186303,426335133834541,1681584,0.58325845,256,1186048,1186303,1186087,0
1186559,426335134668458,1660250,0.59289488,256,1186304,1186559,1186448,0
1186815,426335135616000,1527708,0.62981849,256,1186560,1186815,1186568,0
1187071,426335136491291,1482667,0.65859587,256,1186816,1187071,1187048,0
1187327,426335137406000,1417875,0.60778999,256,1187072,1187327,1187141,0
1187583,426335138269958,1370167,0.60367651,256,1187328,1187583,1187363,0
1187839,426335139114791,1332292,0.58603592,256,1187584,1187839,1187736,0
1188095,426335139977708,1281167,0.58117719,256,1187840,1188095,1188034,0
1188351,426335140848958,1243792,0.6051523,256,1188096,1188351,1188138,0
1188607,426335141704000,1195000,0.60204624,256,1188352,1188607,1188401,0
1188863,426335142627083,1095667,0.60905626,256,1188608,1188863,1188837,0
1189119,426335143457125,1066958,0.64303692,256,1188864,1189119,1189078,0
1189375,426335144380958,960417,0.60143652,256,1189120,1189375,1189228,0
1189631,426335145336750,837250,0.61402743,256,1189376,1189631,1189611,0
1189887,426335146155458,851792,0.59535371,256,1189632,1189887,1189827,0
1190143,426335147049375,1634708,0.61915101,256,1189888,1190143,1189963,0
1190399,426335147917208,1774208,0.61467062,256,1190144,1190399,1190317,0
1190655,426335148757375,1757583,0.59832341,256,1190400,1190655,1190499,0
1190911,426335149659750,1691375,0.60441898,256,1190656,1190911,1190906,0
1191167,426335150545916,1624584,0.60027493,256,1190912,1191167,1191111,0
1191423,426335151431041,1579584,0.66421782,256,1191168,1191423,1191410,0
1191679,426335152291875,1546791,0.61290356,256,1191424,1191679,1191574,0
1191935,426335153176416,1475125,0.64918656,256,1191680,1191935,1191800,0
1192191,426335154114000,1340666,0.59092323,256,1191936,1192191,1192037,0
1192447,426335154987166,1282709,0.59101226,256,1192192,1192447,1192425,0
1192703,426335155860958,1290292,0.65669599,256,1192448,1192703,1192546,0
1192959,426335156760208,1187208,0.59736265,256,1192704,1192959,1192835,0
1193215,426335157664833,1094750,0.62120374,256,1192960,1193215,1193029,0
1193471,426335158579375,1006208,0.60772612,256,1193216,1193471,1193425,0
1193727,426335159476416,933375,0.60193256,256,1193472,1193727,1193481,0
1193983,426335160399208,813292,0.62012724,256,1193728,1193983,1193966,0
1194239,426335161298583,863500,0.59574194,256,1193984,1194239,1194049,0
1194495,426335162158916,877125,0.62712254,256,1194240,1194495,1194281,0
1194751,426335163053666,825250,0.59939127,256,1194496,1194751,1194578,0
1195007,426335163941750,868958,0.62206653,256,1194752,1195007,1194923,0
1195263,426335164850083,862208,0.62019624,256,1195008,1195263,1195197,0
1195519,426335165810208,1644125,0.62464416,256,1195264,1195519,1195509,0
1195775,426335166693500,1776416,0.62092215,256,1195520,1195775,1195542,0
1196031,426335167514625,1743708,0.59613018,256,1195776,1196031,1196021,0
1196287,426335168367458,1673000,0.63017868,256,1196032,1196287,1196085,0
1196543,426335169243958,1598625,0.61242889,256,1196288,1196543,1196400,0
1196799,426335170167666,1466000,0.59227937,256,1196544,1196799,1196660,0
1197055,426335171073125,1370750,0.59442219,256,1196800,1197055,1196912,0
1197311,426335172034291,1223834,0.63925784,256,1197056,1197311,1197231,0
1197567,426335172956583,1107417,0.61598194,256,1197312,1197567,1197317,0
1197823,426335173893208,981667,0.61103145,256,1197568,1197823,1197792,0
1198079,426335174764791,905042,0.61090879,256,1197824,1198079,1198079,0
1198335,426335175677291,827042,0.59589135,256,1198080,1198335,1198153,0
1198591,426335176567041,1589334,0.61692627,256,1198336,1198591,1198449,0
1198847,426335177448333,2285667,0.59929395,256,1198592,1198847,1198638,0
1199103,426335178290458,3022875,0.64087453,256,1198848,1199103,1198872,0
1199359,426335179126833,3551667,0.5872921,256,1199104,1199359,1199189,0
1199615,426335180006458,3526375,0.63829549,256,1199360,1199615,1199582,0
1199871,426335180875791,3489334,0.62853484,256,1199616,1199871,1199785,0
1200127,426335181742250,3499208,0.60755528,256,1199872,1200127,1199992,0
1200383,426335182678583,3415625,0.60530327,256,1200128,1200383,1200165,0
1200639,426335183512625,3425750,0.62263458,256,1200384,1200639,1200529,0
1200895,426335184448458,3342042,0.60779822,256,1200640,1200895,1200800,0
1201151,426335185376791,3247959,0.60230919,256,1200896,1201151,1200956,0
1201407,426335186272500,3183250,0.63330478,256,1201152,1201407,1201378,0
1201663,426335187225791,3084917,0.63263105,256,1201408,1201663,1201595,0
1201919,426335188029083,3135167,0.64410942,256,1201664,1201919,1201775,0
1202175,426335188943625,3073208,0.59992807,256,1201920,1202175,1202083,0
1202431,426335189790500,3063750,0.6023155,256,1202176,1202431,1202198,0
1202687,426335190705375,3031083,0.6397648,256,1202432,1202687,1202632,0
1202943,426335191576541,3009250,0.63364895,256,1202688,1202943,1202719,0
1203199,426335192480666,2960667,0.60877202,256,1202944,1203199,1202968,0
1203455,426335193351208,2950458,0.62750057,256,1203200,1203455,1203340,0
1203711,426335194280958,2907625,0.63772835,256,1203456,1203711,1203564,0
1203967,426335195194541,2850125,0.60141272,256,1203712,1203967,1203780,0
1204223,426335196153125,2769666,0.64164905,256,1203968,1204223,1203983,0
1204479,426335197039875,2724291,0.64319282,256,1204224,1204479,1204236,0
1204735,426335197864708,2754500,0.62274917,256,1204480,1204735,1204562,0
1204991,426335198703916,2783625,0.63732299,256,1204736,1204991,1204909,0
1205247,426335199536625,2788041,0.574203,256,1204992,1205247,1205132,0
1205503,426335200411708,2787750,0.64122953,256,1205248,1205503,1205392,0
1205759,426335201327708,2729917,0.64987984,256,1205504,1205759,1205685,0
1206015,426335202230458,2693750,0.60605493,256,1205760,1206015,1205837,0
1206271,426335203097083,2689792,0.60210979,256,1206016,1206271,1206218,0
1206527,426335204039250,2613583,0.65296432,256,1206272,1206527,1206301,0
1206783,426335204927375,2562166,0.64018076,256,1206528,1206783,1206720,0
1207039,426335205840875,2504250,0.62623433,256,1206784,1207039,1206952,0
1207295,426335206748000,2433416,0.63829761,256,1207040,1207295,1207086,0
1207551,426335207646000,2399750,0.61976185,256,1207296,1207551,1207469,0
1207807,426335208552583,2347417,0.60970642,256,1207552,1207807,1207806,0
1208063,426335209479583,2302583,0.64076093,256,1207808,1208063,1207886,0
1208319,426335210385333,2259625,0.61442276,256,1208064,1208319,1208215,0
1208575,426335211305500,2218958,0.64467236,256,1208320,1208575,1208411,0
1208831,426335212142666,2263334,0.62364927,256,1208576,1208831,1208705,0
1209087,426335213054166,2218584,0.67610459,256,1208832,1209087,1209061,0
1209343,426335213937666,2234875,0.62245495,256,1209088,1209343,1209092,0
1209599,426335214811708,2235583,0.64185669,256,1209344,1209599,1209531,0
1209855,426335215630750,2269458,0.60819544,256,1209600,1209855,1209835,0
1210111,426335216540208,2221917,0.58116441,256,1209856,1210111,1210078,0
1210367,426335217485708,2157375,0.60853292,256,1210112,1210367,1210172,0
1210623,426335218348916,2167417,0.62492758,256,1210368,1210623,1210455,0
1210879,426335219184458,2219292,0.67894507,256,1210624,1210879,1210670,0
1211135,426335220084458,2206792,0.62888831,256,1210880,1211135,1211130,0
1211391,426335220984541,2177334,0.64961557,256,1211136,1211391,1211141,0
1211647,426335221888416,2136125,0.65605684,256,1211392,1211647,1211445,0
1211903,426335222757625,2155750,0.63862436,256,1211648,1211903,1211769,0
1212159,426335223602958,2215375,0.64265163,256,1211904,1212159,1212100,0
1212415,426335224463666,2255792,0.64809905,256,1212160,1212415,1212177,0
1212671,426335225343708,2239042,0.61548058,256,1212416,1212671,1212614,0
1212927,426335226197916,2252334,0.59944774,256,1212672,1212927,1212746,0
1213183,426335227068041,2256084,0.64472019,256,1212928,1213183,1213083,0
1213439,426335227982291,2216167,0.59469784,256,1213184,1213439,1213212,0
1213695,426335228878250,2216125,0.6762325,256,1213440,1213695,1213542,0
1213951,426335229747833,2207375,0.59521602,256,1213696,1213951,1213768,0
1214207,426335230638083,2184458,0.65093792,256,1213952,1214207,1214183,0
1214463,426335231489791,2179375,0.58754861,256,1214208,1214463,1214257,0
1214719,426335232345250,2190541,0.61951663,256,1214464,1214719,1214506,0
1214975,426335233224750,2164333,0.59019091,256,1214720,1214975,1214762,0
1215231,426335234114916,2116417,0.62346011,256,1214976,1215231,1215153,0
1215487,426335235041125,2046833,0.62318861,256,1215232,1215487,1215354,0
1215743,426335235851541,2142375,0.60674639,256,1215488,1215743,1215743,0
1215999,426335236692541,2158375,0.57661574,256,1215744,1215999,1215755,0
1216255,426335237569791,2138209,0.61005339,256,1216000,1216255,1216139,0
1216511,426335238490791,2071084,0.62176583,256,1216256,1216511,1216319,0
1216767,426335239374583,2084625,0.67761214,256,1216512,1216767,1216606,0
1217023,426335240264750,2032375,0.63351258,256,1216768,1217023,1216970,0
1217279,426335241204541,1956209,0.5999705,256,1217024,1217279,1217040,0
1217535,426335242103958,1941917,0.6318691,256,1217280,1217535,1217349,0
1217791,426335243026541,1883417,0.60372303,256,1217536,1217791,1217572,0
1218047,426335243867750,1889541,0.58486997,256,1217792,1218047,1217928,0
1218303,426335244732583,1868417,0.59024759,256,1218048,1218303,1218099,0
1218559,426335245615083,1847625,0.62271564,256,1218304,1218559,1218538,0
1218815,426335246475458,1838000,0.68728591,256,1218560,1218815,1218577,0
1219071,426335247382500,1784333,0.61264445,256,1218816,1219071,1218860,0
1219327,426335248233125,1798458,0.61710258,256,1219072,1219327,1219209,0
1219583,426335249161625,1706000,0.60008443,256,1219328,1219583,1219360,0
1219839,426335250019250,1726041,0.6453923,256,1219584,1219839,1219761,0
1220095,426335250961750,1653875,0.63490297,256,1219840,1220095,1219931,0
1220351,426335251859000,1649750,0.6416423,256,1220096,1220351,1220262,0
1220607,426335252738500,1607708,0.60697028,256,1220352,1220607,1220435,0
1220863,426335253596041,1641875,0.63129476,256,1220608,1220863,1220723,0
1221119,426335254440291,1627292,0.64913662,256,1220864,1221119,1221021,0
1221375,426335255337541,1593959,0.6158969,256,1221120,1221375,1221374,0
1221631,426335256230541,1571042,0.64973736,256,1221376,1221631,1221379,0
1221887,426335257051583,1590833,0.61284035,256,1221632,1221887,1221740,0
1222143,426335257918333,1588917,0.64470687,256,1221888,1222143,1222057,0
1222399,426335258813958,1547708,0.59847605,256,1222144,1222399,1222228,0
1222655,426335259671708,1605708,0.68487594,256,1222400,1222655,1222573,0
1222911,426335260541583,1576208,0.60635518,256,1222656,1222911,1222827,0
1223167,426335261435000,1576458,0.63492915,256,1222912,1223167,1223095,0
1223423,426335262340333,1520625,0.61175058,256,1223168,1223423,1223423,0
1223679,426335263230166,1493292,0.64038003,256,1223424,1223679,1223424,0
1223935,426335264122375,1445041,0.59896902,256,1223680,1223935,1223733,0
1224191,426335265008083,1388500,0.61138184,256,1223936,1224191,1223938,0
1224447,426335265855083,1386625,0.59470801,256,1224192,1224447,1224345,0
1224703,426335266746708,1341958,0.62856775,256,1224448,1224703,1224618,0
1224959,426335267625333,1315292,0.61344227,256,1224704,1224959,1224746,0
1225215,426335268559833,1250542,0.6257972,256,1224960,1225215,1225107,0
1225471,426335269452625,1229958,0.64044553,256,1225216,1225471,1225223,0
1225727,426335270307125,1255541,0.62097953,256,1225472,1225727,1225488,0
1225983,426335271206166,1202917,0.60027526,256,1225728,1225983,1225892,0
1226239,426335272141041,1144167,0.60962017,256,1225984,1226239,1226008,0
1226495,426335273012125,1156333,0.61720247,256,1226240,1226495,1226347,0
1226751,426335273937625,1078833,0.64102501,256,1226496,1226751,1226538,0
1227007,426335274824583,1026333,0.58298577,256,1226752,1227007,1226939,0
1227263,426335275754458,950125,0.6443855,256,1227008,1227263,1227259,0
1227519,426335276628208,934583,0.63127731,256,1227264,1227519,1227391,0
1227775,426335277502958,924958,0.65614144,256,1227520,1227775,1227559,0
1228031,426335278363125,920416,0.61236989,256,1227776,1228031,1227933,0
1228287,426335279283458,1723083,0.6332931,256,1228032,1228287,1228081,0
1228543,426335280188291,1808834,0.60331849,256,1228288,1228543,1228493,0
1228799,426335281068916,1748292,0.61998326,256,1228544,1228799,1228701,0
1229055,426335281980250,1641500,0.65400459,256,1228800,1229055,1229035,0
1229311,426335282795583,1660000,0.64175703,256,1229056,1229311,1229059,0
1229567,426335283682500,1600958,0.59429185,256,1229312,1229567,1229521,0
1229823,426335284547541,1583667,0.6458288,256,1229568,1229823,1229599,0
1230079,426335285479125,1488500,0.597402,256,1229824,1230079,1230061,0
1230335,426335286338500,1448375,0.61188899,256,1230080,1230335,1230235,0
1230591,426335287179166,1429584,0.66563199,256,1230336,1230591,1230416,0
1230847,426335288098416,1322709,0.61237411,256,1230592,1230847,1230771,0
1231103,426335288962708,1255792,0.61303204,256,1230848,1231103,1230869,0
1231359,426335289878875,1170666,0.60281846,256,1231104,1231359,1231136,0
1231615,426335290699875,1156041,0.58536498,256,1231360,1231615,1231373,0
1231871,426335291609166,1050459,0.59648675,256,1231616,1231871,1231707,0
1232127,426335292521333,973958,0.65585927,256,1231872,1232127,1232050,0
1232383,426335293356458,974125,0.63461657,256,1232128,1232383,1232128,0
1232639,426335294274250,856625,0.63750405,256,1232384,1232639,1232395,0
1232895,426335295128875,850208,0.65071636,256,1232640,1232895,1232698,0
1233151,426335296004708,850667,0.59208117,256,1232896,1233151,1232907,0
1233407,426335296863916,1721834,0.62639294,256,1233152,1233407,1233314,0
1233663,426335297779208,1771875,0.61854913,256,1233408,1233663,1233631,0
1233919,426335298581833,1770042,0.59637254,256,1233664,1233919,1233899,0
1234175,426335299403083,1769833,0.6080745,256,1233920,1234175,1233995,0
1234431,426335300258500,1760625,0.63534921,256,1234176,1234431,1234202,0
1234687,426335301119958,1731417,0.59496119,256,1234432,1234687,1234459,0
1234943,426335301987625,1665291,0.62598071,256,1234688,1234943,1234911,0
1235199,426335302861500,1614750,0.60876253,256,1234944,1235199,1235063,0
1235455,426335303804208,1470333,0.62042115,256,1235200,1235455,1235310,0
1235711,426335304698791,1365209,0.60044824,256,1235456,1235711,1235687,0
1235967,426335305542833,1344875,0.60120333,256,1235712,1235967,1235916,0
1236223,426335306450791,1301250,0.62258164,256,1235968,1236223,1236031,0
1236479,426335307324375,1235875,0.59365453,256,1236224,1236479,1236474,0
1236735,426335308226666,1197750,0.63793373,256,1236480,1236735,1236484,0
1236991,426335309086500,1129708,0.65676825,256,1236736,1236991,1236807,0
1237247,426335309961083,1082250,0.65068601,256,1236992,1237247,1237136,0
1237503,426335310871791,1001917,0.65469798,256,1237248,1237503,1237363,0
1237759,426335311767958,920167,0.63176897,256,1237504,1237759,1237523,0
1238015,426335312643458,855625,0.61766377,256,1237760,1238015,1237852,0
1238271,426335313574625,839083,0.59642016,256,1238016,1238271,1238174,0
1238527,426335314504291,819542,0.59249444,256,1238272,1238527,1238446,0
1238783,426335315374083,851792,0.66309834,256,1238528,1238783,1238535,0
1239039,426335316316458,1722042,0.61057383,256,1238784,1239039,1238830,0
1239295,426335317179458,1851167,0.60759245,256,1239040,1239295,1239191,0
1239551,426335318080458,1774167,0.65781552,256,1239296,1239551,1239424,0
1239807,426335319007250,1686666,0.63992472,256,1239552,1239807,1239588,0
1240063,426335319900875,1617333,0.59752637,256,1239808,1240063,1239856,0
1240319,426335320730416,1624167,0.60113956,256,1240064,1240319,1240093,0
1240575,426335321608708,1573917,0.62129579,256,1240320,1240575,1240357,0
1240831,426335322512916,1534792,0.62064396,256,1240576,1240831,1240657,0
1241087,426335323343875,1510333,0.60302827,256,1240832,1241087,1240880,0
1241343,426335324222083,1504833,0.60785975,256,1241088,1241343,1241179,0
1241599,426335325072500,1468458,0.61596974,256,1241344,1241599,1241397,0
1241855,426335326010500,1361416,0.56519687,256,1241600,1241855,1241775,0
1242111,426335326818833,1387417,0.62374666,256,1241856,1242111,1241951,0
1242367,426335327752541,1277625,0.6010083,256,1242112,1242367,1242117,0
1242623,426335328610750,1259083,0.58232311,256,1242368,1242623,1242585,0
1242879,426335329495666,1184542,0.6099363,256,1242624,1242879,1242804,0
1243135,426335330330041,1172959,0.60861314,256,1242880,1243135,1242938,0
1243391,426335331244333,1128125,0.61528807,256,1243136,1243391,1243281,0
1243647,426335332162666,1052834,0.60228561,256,1243392,1243647,1243523,0
1243903,426335333038875,993958,0.65134198,256,1243648,1243903,1243862,0
1244159,426335333887833,4140000,0.62799196,256,1243904,1244159,1244136,0
1244415,426335338064375,870375,0.58681251,256,1244160,1244415,1244411,0
1244671,426335338078916,1696500,0.64382915,256,1244416,1244671,1244454,0
1244927,426335338096958,2464875,0.60329803,256,1244672,1244927,1244799,0
1245183,426335338111916,3253709,0.62816033,256,1244928,1245183,1245159,0
1245439,426335338332625,3825000,0.57488227,256,1245184,1245439,1245390,0
1245695,426335339158083,3804000,0.64913908,256,1245440,1245695,1245529,0
1245951,426335340093583,3658667,0.59932455,256,1245696,1245951,1245820,0
1246207,426335341041458,3506417,0.60932984,256,1245952,1246207,1246129,0
1246463,426335341854583,3517250,0.65642894,256,1246208,1246463,1246328,0
1246719,426335342723416,3458584,0.61479246,256,1246464,1246719,1246554,0
1246975,426335343603291,3375667,0.58687898,256,1246720,1246975,1246724,0
1247231,426335344445625,3338541,0.60889053,256,1246976,1247231,1247192,0
1247487,426335345327291,3240875,0.60937281,256,1247232,1247487,1247410,0
1247743,426335346214125,3178708,0.6789547,256,1247488,1247743,1247564,0
1247999,426335347060416,3124750,0.63423499,256,1247744,1247999,1247770,0
1248255,426335347856041,3128875,0.60328595,256,1248000,1248255,1248068,0
1248511,426335348746916,3024834,0.57515766,256,1248256,1248511,1248396,0
1248767,426335349656416,2930459,0.64256733,256,1248512,1248767,1248558,0
1249023,426335350577500,2839125,0.6161321,256,1248768,1249023,1248819,0
1249279,426335351443958,2782333,0.60359799,256,1249024,1249279,1249210,0
1249535,426335352306208,2710625,0.56479901,256,1249280,1249535,1249293,0
1249791,426335353188416,2607459,0.59659302,256,1249536,1249791,1249648,0
1250047,426335354115833,2492750,0.5994441,256,1249792,1250047,1249925,0
1250303,426335355030166,2383167,0.61688379,256,1250048,1250303,1250288,0
1250559,426335355822583,2396000,0.62930165,256,1250304,1250559,1250343,0
1250815,426335356693583,2379958,0.58270619,256,1250560,1250815,1250654,0
1251071,426335357546458,2346875,0.62488011,256,1250816,1251071,1250957,0
1251327,426335358450583,2232667,0.59512176,256,1251072,1251327,1251101,0
1251583,426335359318166,2183792,0.62010245,256,1251328,1251583,1251578,0
1251839,426335360192041,2119250,0.61426755,256,1251584,1251839,1251636,0
1252095,426335361112041,1994667,0.59584126,256,1251840,1252095,1252094,0
1252351,426335362015750,1882208,0.60658991,256,1252096,1252351,1252213,0
1252607,426335362950125,1756375,0.61519844,256,1252352,1252607,1252489,0
1252863,426335363791166,1696542,0.59425728,256,1252608,1252863,1252738,0
1253119,426335364664458,1638833,0.61129457,256,1252864,1253119,1253016,0
1253375,426335365562125,1524916,0.60562089,256,1253120,1253375,1253295,0
1253631,426335366438041,1446167,0.60377393,256,1253376,1253631,1253520,0
1253887,426335367322291,1390667,0.62713047,256,1253632,1253887,1253836,0
1254143,426335368236041,1288250,0.6093607,256,1253888,1254143,1253945,0
1254399,426335369114166,1196084,0.65692913,256,1254144,1254399,1254263,0
1254655,426335369926833,1185083,0.61805452,256,1254400,1254655,1254465,0
1254911,426335370869666,1010084,0.62261602,256,1254656,1254911,1254803,0
1255167,426335371755500,919958,0.58066394,256,1254912,1255167,1255121,0
1255423,426335372651333,824417,0.61549548,256,1255168,1255423,1255236,0
1255679,426335373505416,1669625,0.59535012,256,1255424,1255679,1255536,0
1255935,426335374435708,1704833,0.60383213,256,1255680,1255935,1255690,0
1256191,426335375354083,1567042,0.58227665,256,1255936,1256191,1256062,0
1256447,426335376195916,1521125,0.59378722,256,1256192,1256447,1256332,0
1256703,426335377086958,1425917,0.61128015,256,1256448,1256703,1256591,0
1256959,426335377974333,1333750,0.62494963,256,1256704,1256959,1256835,0
1257215,426335378844250,1248250,0.59723363,256,1256960,1257215,1257044,0
1257471,426335379707500,1195208,0.58792185,256,1257216,1257471,1257302,0
1257727,426335380585416,1124834,0.61263605,256,1257472,1257727,1257590,0
1257983,426335381452166,1066250,0.61526841,256,1257728,1257983,1257875,0
1258239,426335382339875,955541,0.55352931,256,1257984,1258239,1258071,0
1258495,426335383219250,920750,0.61289621,256,1258240,1258495,1258324,0
1258751,426335384097583,897375,0.69292101,256,1258496,1258751,1258558,0
1259007,426335385049250,826416,0.59034389,256,1258752,1259007,1258883,0
1259263,426335385870458,849500,0.62245042,256,1259008,1259263,1259046,0
1259519,426335386775916,886375,0.59891146,256,1259264,1259519,1259472,0
1259775,426335387689000,1646833,0.59348389,256,1259520,1259775,1259762,0
1260031,426335388658125,1704833,0.59958757,256,1259776,1260031,1259897,0
1260287,426335389552583,1615250,0.58000046,256,1260032,1260287,1260050,0
1260543,426335390413000,1567666,0.60133077,256,1260288,1260543,1260289,0
1260799,426335391303375,1543541,0.63295032,256,1260544,1260799,1260666,0
1261055,426335392215708,1475542,0.60153947,256,1260800,1261055,1261002,0
1261311,426335393100958,1418000,0.58873099,256,1261056,1261311,1261211,0
1261567,426335393974000,1366958,0.64671385,256,1261312,1261567,1261544,0
1261823,426335394866416,1322000,0.6293775,256,1261568,1261823,1261653,0
1262079,426335395758458,1299458,0.63386269,256,1261824,1262079,1261875,0
1262335,426335396662375,1226166,0.63753856,256,1262080,1262335,1262260,0
1262591,426335397590750,1127833,0.60317511,256,1262336,1262591,1262566,0
1262847,426335398475375,1100125,0.63687953,256,1262592,1262847,1262655,0
1263103,426335399330750,1061041,0.64143286,256,1262848,1263103,1262978,0
1263359,426335400217916,995209,0.57790313,256,1263104,1263359,1263300,0
1263615,426335401131333,902333,0.61257362,256,1263360,1263615,1263429,0
1263871,426335402059875,1703125,0.60967855,256,1263616,1263871,1263686,0
1264127,426335402875708,1877625,0.64639082,256,1263872,1264127,1264021,0
1264383,426335403758041,1830292,0.61697158,256,1264128,1264383,1264155,0
1264639,426335404586250,1807916,0.62883106,256,1264384,1264639,1264431,0
1264895,426335405489125,1717500,0.56710189,256,1264640,1264895,1264642,0
1265151,426335406382208,1652292,0.60762078,256,1264896,1265151,1265012,0
1265407,426335407241041,1615250,0.61130886,256,1265152,1265407,1265189,0
1265663,426335408145625,1531291,0.57097002,256,1265408,1265663,1265478,0
1265919,426335409062708,1418750,0.58355571,256,1265664,1265919,1265754,0
1266175,426335409912083,1403125,0.61997599,256,1265920,1266175,1266045,0
1266431,426335410786833,1352375,0.60002854,256,1266176,1266431,1266212,0
1266687,426335411684708,1267208,0.63354144,256,1266432,1266687,1266553,0
1266943,426335412607000,1174625,0.61653147,256,1266688,1266943,1266699,0
1267199,426335413442916,1142292,0.5885259,256,1266944,1267199,1267159,0
1267455,426335414320041,1093667,0.60738056,256,1267200,1267455,1267316,0
1267711,426335415158583,1078292,0.61848223,256,1267456,1267711,1267567,0
1267967,426335416033916,1020959,0.5728344,256,1267712,1267967,1267799,0
1268223,426335416913416,969250,0.61213227,256,1267968,1268223,1268026,0
1268479,426335417843708,849208,0.59319544,256,1268224,1268479,1268469,0
1268735,426335418762583,842458,0.57637225,256,1268480,1268735,1268566,0
1268991,426335419656625,848916,0.59242797,256,1268736,1268991,1268764,0
1269247,426335420490875,866833,0.6337925,256,1268992,1269247,1269185,0
1269503,426335421342833,863125,0.62627704,256,1269248,1269503,1269375,0
1269759,426335422255416,1687125,0.57674917,256,1269504,1269759,1269699,0
1270015,426335423153875,1740500,0.59063498,256,1269760,1270015,1269883,0
1270271,426335424011500,1711750,0.61252297,256,1270016,1270271,1270042,0
1270527,426335424872458,1660458,0.63678324,256,1270272,1270527,1270318,0
1270783,426335425734166,1612042,0.60904724,256,1270528,1270783,1270774,0
1271039,426335426654958,1484875,0.60540203,256,1270784,1271039,1270956,0
1271295,426335427509083,1415917,0.60613878,256,1271040,1271295,1271059,0
1271551,426335428388291,1352000,0.61424834,256,1271296,1271551,1271517,0
1271807,426335429308875,1255166,0.59625723,256,1271552,1271807,1271789,0
1272063,426335430211125,1133666,0.60373505,256,1271808,1272063,1272002,0
1272319,426335431121541,1037625,0.61460563,256,1272064,1272319,1272272,0
1272575,426335431961791,1028792,0.66362755,256,1272320,1272575,1272543,0
1272831,426335432882125,904625,0.59350308,256,1272576,1272831,1272806,0
1273087,426335433758041,867542,0.62217051,256,1272832,1273087,1272917,0
1273343,426335434605000,854041,0.61708042,256,1273088,1273343,1273174,0
1273599,426335435512750,1014625,0.64805175,256,1273344,1273599,1273382,0
1273855,426335436438166,886750,0.62971467,256,1273600,1273855,1273773,0
1274111,426335437353208,876500,0.6198063,256,1273856,1274111,1273982,0
1274367,426335438242250,812250,0.58066036,256,1274112,1274367,1274261,0
1274623,426335439164625,1400916,0.62529003,256,1274368,1274623,1274439,0
1274879,426335440021000,1366666,0.62864922,256,1274624,1274879,1274749,0
1275135,426335440899416,1322167,0.62037311,256,1274880,1275135,1275030,0
1275391,426335441715333,1304958,0.5705806,256,1275136,1275391,1275385,0
1275647,426335442622375,1255583,0.63898438,256,1275392,1275647,1275524,0
1275903,426335443498250,1187875,0.60579449,256,1275648,1275903,1275865,0
1276159,426335444368666,1124959,0.59432828,256,1275904,1276159,1276156,0
1276415,426335445244875,1065208,0.56983826,256,1276160,1276415,1276319,0
1276671,426335446099625,1022958,0.57141594,256,1276416,1276671,1276495,0
1276927,426335446968208,970583,0.5911342,256,1276672,1276927,1276923,0
1277183,426335447858041,928542,0.63939749,256,1276928,1277183,1277044,0
1277439,426335448777291,831167,0.63027226,256,1277184,1277439,1277374,0
1277695,426335449677083,1601542,0.58755874,256,1277440,1277695,1277610,0
1277951,426335450559125,1724166,0.56916369,256,1277696,1277951,1277873,0
1278207,426335451433500,1664041,0.62146377,256,1277952,1278207,1277982,0
1278463,426335452312958,1582083,0.59872554,256,1278208,1278463,1278429,0
1278719,426335453213708,1474458,0.59822397,256,1278464,1278719,1278555,0
1278975,426335454075875,1408458,0.60944565,256,1278720,1278975,1278879,0
1279231,426335454938791,1355875,0.61940373,256,1278976,1279231,1279121,0
1279487,426335455833083,1277583,0.61862896,256,1279232,1279487,1279321,0
1279743,426335456755291,1156459,0.64121584,256,1279488,1279743,1279528,0
1279999,426335457660916,1062542,0.60850876,256,1279744,1279999,1279793,0
1280255,426335458555541,977584,0.63755647,256,1280000,1280255,1280220,0
1280511,426335459455583,886458,0.62428661,256,1280256,1280511,1280344,0
1280767,426335460387958,835667,0.60332944,256,1280512,1280767,1280530,0
1281023,426335461238833,850417,0.6298314,256,1280768,1281023,1280816,0
1281279,426335462157250,807625,0.58800449,256,1281024,1281279,1281254,0
1281535,426335463055708,793667,0.5797155,256,1281280,1281535,1281501,0
1281791,426335463930291,1600459,0.59206189,256,1281536,1281791,1281739,0
1282047,426335464734875,1819208,0.61040398,256,1281792,1282047,1281805,0
1282303,426335465601875,1743541,0.57035621,256,1282048,1282303,1282232,0
1282559,426335466532708,1603500,0.6426336,256,1282304,1282559,1282541,0
1282815,426335467423416,1543625,0.65932005,256,1282560,1282815,1282599,0
1283071,426335468299708,1496083,0.59602317,256,1282816,1283071,1282964,0
1283327,426335469207416,1386125,0.60274246,256,1283072,1283327,1283133,0
1283583,426335470062208,1343625,0.61212021,256,1283328,1283583,1283568,0
1283839,426335470965250,1300875,0.6686183,256,1283584,1283839,1283692,0
1284095,426335471854833,1195125,0.60951265,256,1283840,1284095,1284032,0
1284351,426335472779583,1102792,0.64193169,256,1284096,1284351,1284347,0
1284607,426335473650708,1057042,0.58499298,256,1284352,1284607,1284588,0
1284863,426335474559375,946666,0.58175114,256,1284608,1284863,1284783,0
1285119,426335475407125,890000,0.6016676,256,1284864,1285119,1285064,0
1285375,426335476242625,889416,0.61858467,256,1285120,1285375,1285336,0
1285631,426335477157083,841583,0.58407239,256,1285376,1285631,1285503,0
1285887,426335478070500,861041,0.59487259,256,1285632,1285887,1285695,0
1286143,426335478983625,830500,0.58325845,256,1285888,1286143,1286087,0
1286399,426335479843458,837167,0.57110776,256,1286144,1286399,1286261,0
1286655,426335480702375,858041,0.62981849,256,1286400,1286655,1286568,0
1286911,426335481670708,818958,0.60212846,256,1286656,1286911,1286884,0
1287167,426335482521291,917334,0.65859587,256,1286912,1287167,1287048,0
1287423,426335483426541,859375,0.60433851,256,1287168,1287423,1287327,0
1287679,426335484274083,871083,0.60328128,256,1287424,1287679,1287525,0
1287935,426335485149083,1491000,0.58603592,256,1287680,1287935,1287736,0
1288191,426335486022375,2015916,0.6051523,256,1287936,1288191,1288138,0
1288447,426335486866000,2028833,0.60298794,256,1288192,1288447,1288341,0
1288703,426335487780500,1925666,0.59905662,256,1288448,1288703,1288644,0
1288959,426335488627875,1935708,0.61451882,256,1288704,1288959,1288947,0
1289215,426335489505708,1887125,0.64303692,256,1288960,1289215,1289078,0
1289471,426335490447625,1774541,0.60143652,256,1289216,1289471,1289228,0
1289727,426335491355208,1704375,0.61402743,256,1289472,1289727,1289611,0
1289983,426335492205666,1709459,0.61915101,256,1289728,1289983,1289963,0
1290239,426335493079916,1685417,0.61489867,256,1289984,1290239,1289986,0
1290495,426335493949833,1654000,0.61467062,256,1290240,1290495,1290317,0
1290751,426335494787916,1674042,0.59832341,256,1290496,1290751,1290499,0
1291007,426335495683250,1630125,0.60441898,256,1290752,1291007,1290906,0
1291263,426335496592958,1552750,0.60027493,256,1291008,1291263,1291111,0
1291519,426335497436833,1587542,0.66421782,256,1291264,1291519,1291410,0
1291775,426335498326291,1527375,0.61290356,256,1291520,1291775,1291574,0
1292031,426335499239041,1444334,0.64918656,256,1291776,1292031,1291800,0
1292287,426335500136125,1378750,0.59092323,256,1292032,1292287,1292037,0
1292543,426335500994958,1342542,0.6548657,256,1292288,1292543,1292531,0
1292799,426335501892875,1349250,0.65669599,256,1292544,1292799,1292546,0
1293055,426335502754666,1305250,0.62120374,256,1292800,1293055,1293029,0
1293311,426335503726166,1180959,0.60691563,256,1293056,1293311,1293171,0
1293567,426335504596708,1153083,0.60772612,256,1293312,1293567,1293425,0
1293823,426335505536083,1036375,0.57819875,256,1293568,1293823,1293714,0
1294079,426335506431208,981708,0.62012724,256,1293824,1294079,1293966,0
1294335,426335507311083,962792,0.62712254,256,1294080,1294335,1294281,0
1294591,426335508179083,934875,0.60192367,256,1294336,1294591,1294373,0
1294847,426335509068500,872750,0.58488348,256,1294592,1294847,1294651,0
1295103,426335509997625,849416,0.62206653,256,1294848,1295103,1294923,0
1295359,426335510917583,1733958,0.62019624,256,1295104,1295359,1295197,0
1295615,426335511830666,1777167,0.62464416,256,1295360,1295615,1295509,0
1295871,426335512714291,1715625,0.57558784,256,1295616,1295871,1295683,0
1296127,426335513554375,1683416,0.63017868,256,1295872,1296127,1296085,0
1296383,426335514417583,1637917,0.59797292,256,1296128,1296383,1296376,0
1296639,426335515302916,1580042,0.61242889,256,1296384,1296639,1296400,0
1296895,426335516200916,1494459,0.59227937,256,1296640,1296895,1296660,0
1297151,426335517138541,1376584,0.59442219,256,1296896,1297151,1296912,0
1297407,426335518081791,1289125,0.63925784,256,1297152,1297407,1297231,0
1297663,426335519018541,1172250,0.58870569,256,1297408,1297663,1297567,0
1297919,426335519932083,1086417,0.61103145,256,1297664,1297919,1297792,0
1298175,426335520791791,1059709,0.61090879,256,1297920,1298175,1298079,0
1298431,426335521749125,923208,0.58031878,256,1298176,1298431,1298311,0
1298687,426335522625000,880375,0.61692627,256,1298432,1298687,1298449,0
1298943,426335523464958,871917,0.64087453,256,1298688,1298943,1298872,0
1299199,426335524312958,861625,0.6315689,256,1298944,1299199,1299100,0
1299455,426335525161333,823375,0.57421666,256,1299200,1299455,1299302,0
1299711,426335526055083,882792,0.63829549,256,1299456,1299711,1299582,0
1299967,426335526897083,871750,0.62853484,256,1299712,1299967,1299785,0
1300223,426335527783833,881958,0.60755528,256,1299968,1300223,1299992,0
1300479,426335528700750,864708,0.60754791,256,1300224,1300479,1300431,0
1300735,426335529562875,1670083,0.62263458,256,1300480,1300735,1300529,0
1300991,426335530518875,1728833,0.60779822,256,1300736,1300991,1300800,0
1301247,426335531407708,1653833,0.59317879,256,1300992,1301247,1301154,0
1301503,426335532365708,1527125,0.63330478,256,1301248,1301503,1301378,0
1301759,426335533228125,1481750,0.63263105,256,1301504,1301759,1301595,0
1302015,426335534085166,1468334,0.64410942,256,1301760,1302015,1301775,0
1302271,426335534987166,1382834,0.6023155,256,1302016,1302271,1302198,0
1302527,426335535840291,1338334,0.59392582,256,1302272,1302527,1302393,0
1302783,426335536718916,1338917,0.6397648,256,1302528,1302783,1302632,0
1303039,426335537622166,1263750,0.60877202,256,1302784,1303039,1302968,0
1303295,426335538505458,1202625,0.61318985,256,1303040,1303295,1303213,0
1303551,426335539410583,1138208,0.62750057,256,1303296,1303551,1303340,0
1303807,426335540299291,1113042,0.63772835,256,1303552,1303807,1303564,0
1304063,426335541298416,961209,0.64164905,256,1303808,1304063,1303983,0
1304319,426335542217708,885750,0.64319282,256,1304064,1304319,1304236,0
1304575,426335543068083,857833,0.62274917,256,1304320,1304575,1304562,0
1304831,426335543913916,888417,0.63325526,256,1304576,1304831,1304770,0
1305087,426335544715458,893833,0.63732299,256,1304832,1305087,1304909,0
1305343,426335545568416,884209,0.59443301,256,1305088,1305343,1305257,0
1305599,426335546464000,848833,0.64122953,256,1305344,1305599,1305392,0
1305855,426335547381166,872000,0.64987984,256,1305600,1305855,1305685,0
1306111,426335548286250,1328125,0.59472973,256,1305856,1306111,1305983,0
1306367,426335549159916,1310542,0.65296432,256,1306112,1306367,1306301,0
1306623,426335550098083,1187125,0.61340293,256,1306368,1306623,1306526,0
1306879,426335550976458,1136083,0.64018076,256,1306624,1306879,1306720,0
1307135,426335551909125,1036166,0.63829761,256,1306880,1307135,1307086,0
1307391,426335552784791,974417,0.59043634,256,1307136,1307391,1307340,0
1307647,426335553689791,915125,0.61976185,256,1307392,1307647,1307469,0
1307903,426335554605833,864458,0.64076093,256,1307648,1307903,1307886,0
1308159,426335555514416,868750,0.60188761,256,1307904,1308159,1308135,0
1308415,426335556422250,858625,0.64467236,256,1308160,1308415,1308411,0
1308671,426335557328500,900958,0.61130411,256,1308416,1308671,1308568,0
1308927,426335558207333,906667,0.62364927,256,1308672,1308927,1308705,0
1309183,426335559121541,919292,0.67610459,256,1308928,1309183,1309061,0
1309439,426335559971000,920708,0.61156548,256,1309184,1309439,1309322,0
1309695,426335560836416,943834,0.64185669,256,1309440,1309695,1309531,0
1309951,426335561695375,935375,0.60819544,256,1309696,1309951,1309835,0
1310207,426335562561833,939083,0.60853292,256,1309952,1310207,1310172,0
1310463,426335563523000,894000,0.62492758,256,1310208,1310463,1310455,0
1310719,426335564341083,981167,0.67894507,256,1310464,1310719,1310670,0
1310975,426335565229583,952333,0.60293968,256,1310720,1310975,1310874,0
1311231,426335566107458,963708,0.64961557,256,1310976,1311231,1311141,0
1311487,426335567043500,898875,0.65605684,256,1311232,1311487,1311445,0
1311743,426335567938875,871250,0.60291165,256,1311488,1311743,1311683,0
1311999,426335568797583,908958,0.63862436,256,1311744,1311999,1311769,0
1312255,426335569632250,969041,0.64809905,256,1312000,1312255,1312177,0
1312511,426335570480291,973125,0.61243982,256,1312256,1312511,1312291,0
1312767,426335571383416,926875,0.61548058,256,1312512,1312767,1312614,0
1313023,426335572241458,894250,0.58987834,256,1312768,1313023,1312950,0
1313279,426335573123333,882042,0.64472019,256,1313024,1313279,1313083,0
1313535,426335574030125,866375,0.60813703,256,1313280,1313535,1313493,0
1313791,426335574939833,1694958,0.6762325,256,1313536,1313791,1313542,0
1314047,426335575781250,1888541,0.63039284,256,1313792,1314047,1313973,0
1314303,426335576690500,1855375,0.65093792,256,1314048,1314303,1314183,0
1314559,426335577496083,1893083,0.61951663,256,1314304,1314559,1314506,0
1314815,426335578420750,1837833,0.60176922,256,1314560,1314815,1314706,0
1315071,426335579248208,1860250,0.58877187,256,1314816,1315071,1314929,0
1315327,426335580181791,1778334,0.62346011,256,1315072,1315327,1315153,0
1315583,426335581032375,1813416,0.62318861,256,1315328,1315583,1315354,0
1315839,426335581849208,1894167,0.60674639,256,1315584,1315839,1315743,0
1316095,426335582728500,1855500,0.59356166,256,1315840,1316095,1316042,0
1316351,426335583595708,1847875,0.62176583,256,1316096,1316351,1316319,0
1316607,426335584539208,1780333,0.67761214,256,1316352,1316607,1316606,0
1316863,426335585435000,1767500,0.65186202,256,1316608,1316863,1316616,0
1317119,426335586354458,1699375,0.63351258,256,1316864,1317119,1316970,0
1317375,426335587254750,1662333,0.6318691,256,1317120,1317375,1317349,0
1317631,426335588140375,1650791,0.61632936,256,1317376,1317631,1317400,0
1317887,426335589063291,1575042,0.5882785,256,1317632,1317887,1317751,0
1318143,426335589872375,1621916,0.59024759,256,1317888,1318143,1318099,0
1318399,426335590774666,1564792,0.59034687,256,1318144,1318399,1318390,0
1318655,426335591649125,1565750,0.68728591,256,1318400,1318655,1318577,0
1318911,426335592546750,1502208,0.61264445,256,1318656,1318911,1318860,0
1319167,426335593425583,1490750,0.60049282,256,1318912,1319167,1319088,0
1319423,426335594266041,1492667,0.61710258,256,1319168,1319423,1319209,0
1319679,426335595211708,1397958,0.6286582,256,1319424,1319679,1319592,0
1319935,426335596093583,1390083,0.6453923,256,1319680,1319935,1319761,0
1320191,426335597007791,1364417,0.61664735,256,1319936,1320191,1319945,0
1320447,426335597890958,1355583,0.6416423,256,1320192,1320447,1320262,0
1320703,426335598781291,1337292,0.62430912,256,1320448,1320703,1320661,0
1320959,426335599620041,1346334,0.63129476,256,1320704,1320959,1320723,0
1321215,426335600521583,1272000,0.64913662,256,1320960,1321215,1321021,0
1321471,426335601362708,1319833,0.64973736,256,1321216,1321471,1321379,0
1321727,426335602251541,1291125,0.58835701,256,1321472,1321727,1321724,0
1321983,426335603087166,1294667,0.61284035,256,1321728,1321983,1321740,0
1322239,426335603972791,1280667,0.64470687,256,1321984,1322239,1322057,0
1322495,426335604832958,1276875,0.63684892,256,1322240,1322495,1322434,0
1322751,426335605720750,1286083,0.68487594,256,1322496,1322751,1322573,0
1323007,426335606551916,1318709,0.60635518,256,1322752,1323007,1322827,0
1323263,426335607496416,1261709,0.63492915,256,1323008,1323263,1323095,0
1323519,426335608407166,1221500,0.64038003,256,1323264,1323519,1323424,0
1323775,426335609261583,1200958,0.60458498,256,1323520,1323775,1323626,0
1324031,426335610165791,1134417,0.61138184,256,1323776,1324031,1323938,0
1324287,426335611038541,1090792,0.57218914,256,1324032,1324287,1324261,0
1324543,426335611885291,1093792,0.62098797,256,1324288,1324543,1324466,0
1324799,426335612804541,1038375,0.62856775,256,1324544,1324799,1324618,0
1325055,426335613689625,991541,0.59053032,256,1324800,1325055,1324870,0
1325311,426335614615875,964083,0.64044553,256,1325056,1325311,1325223,0
1325567,426335615469333,2965500,0.62097953,256,1325312,1325567,1325488,0
1325823,426335616443500,2949666,0.61062979,256,1325568,1325823,1325660,0
1326079,426335618467291,1791542,0.60962017,256,1325824,1326079,1326008,0
1326335,426335618482875,2646541,0.60518556,256,1326080,1326335,1326289,0
1326591,426335619064750,2921750,0.64102501,256,1326336,1326591,1326538,0
1326847,426335619930041,2907459,0.62939463,256,1326592,1326847,1326623,0
1327103,426335620899875,2794750,0.58867688,256,1326848,1327103,1327041,0
1327359,426335621782833,2770792,0.6443855,256,1327104,1327359,1327259,0
1327615,426335622683833,2743500,0.65614144,256,1327360,1327615,1327559,0
1327871,426335623513083,2743250,0.57842803,256,1327616,1327871,1327773,0
1328127,426335624440375,2706666,0.6332931,256,1327872,1328127,1328081,0
1328383,426335625313625,2667166,0.58710934,256,1328128,1328383,1328196,0
1328639,426335626217291,2611459,0.60331849,256,1328384,1328639,1328493,0
1328895,426335627128625,2541250,0.61998326,256,1328640,1328895,1328701,0
1329151,426335628019583,2506250,0.65400459,256,1328896,1329151,1329035,0
1329407,426335628804083,2560583,0.61290691,256,1329152,1329407,1329154,0
1329663,426335629709416,2537084,0.6458288,256,1329408,1329663,1329599,0
1329919,426335630589708,2499625,0.59749237,256,1329664,1329919,1329752,0
1330175,426335631507875,2432708,0.597402,256,1329920,1330175,1330061,0
1330431,426335632346250,2452875,0.66563199,256,1330176,1330431,1330416,0
1330687,426335633220500,5862250,0.61983034,256,1330432,1330687,1330526,0
1330943,426335634137416,4949625,0.61303204,256,1330688,1330943,1330869,0
1331199,426335635033500,4054583,0.60281846,256,1330944,1331199,1331136,0
1331455,426335637336750,2825208,0.59442221,256,1331200,1331455,1331299,0
1331711,426335637345875,3638375,0.59648675,256,1331456,1331711,1331707,0
1331967,426335639111041,2688084,0.59384777,256,1331712,1331967,1331879,0
1332223,426335639126083,3553583,0.65585927,256,1331968,1332223,1332050,0
1332479,426335639400625,4145000,0.63750405,256,1332224,1332479,1332395,0
1332735,426335640325291,4067209,0.65071636,256,1332480,1332735,1332698,0
1332991,426335641158500,4067416,0.60724357,256,1332736,1332991,1332742,0
1333247,426335642014916,4048667,0.61297029,256,1332992,1333247,1333178,0
1333503,426335642882291,4014292,0.62639294,256,1333248,1333503,1333314,0
1333759,426335643773958,3954833,0.61854913,256,1333504,1333759,1333631,0
1334015,426335644600833,3968333,0.6080745,256,1333760,1334015,1333995,0
1334271,426335645419958,4003250,0.63534921,256,1334016,1334271,1334202,0
1334527,426335646311416,3992625,0.61000586,256,1334272,1334527,1334365,0
1334783,426335647166625,3968416,0.59199943,256,1334528,1334783,1334650,0
1335039,426335648045625,3932208,0.62598071,256,1334784,1335039,1334911,0
1335295,426335648964666,3850959,0.60876253,256,1335040,1335295,1335063,0
1335551,426335649829083,3799583,0.62042115,256,1335296,1335551,1335310,0
1335807,426335650745333,3699708,0.60044824,256,1335552,1335807,1335687,0
1336063,426335651632500,3686083,0.62258164,256,1335808,1336063,1336031,0
1336319,426335652492875,3690000,0.61672773,256,1336064,1336319,1336177,0
1336575,426335653373708,3635958,0.63793373,256,1336320,1336575,1336484,0
1336831,426335654265000,3615791,0.65676825,256,1336576,1336831,1336807,0
1337087,426335655111625,3588708,0.58900255,256,1336832,1337087,1336941,0
1337343,426335656023958,3540625,0.65068601,256,1337088,1337343,1337136,0
1337599,426335656924625,3478833,0.65469798,256,1337344,1337599,1337363,0
1337855,426335657778708,3446917,0.61766377,256,1337600,1337855,1337852,0
1338111,426335658701833,3357083,0.59563738,256,1337856,1338111,1337928,0
1338367,426335659607541,3271209,0.59642016,256,1338112,1338367,1338174,0
1338623,426335660535625,3185291,0.66309834,256,1338368,1338623,1338535,0
1338879,426335661438416,3124042,0.61057383,256,1338624,1338879,1338830,0
1339135,426335662350000,3042375,0.59880173,256,1338880,1339135,1338927,0
1339391,426335663244708,2969708,0.60759245,256,1339136,1339391,1339191,0
1339647,426335664142958,2907292,0.65781552,256,1339392,1339647,1339424,0
1339903,426335665036291,2874959,0.63380544,256,1339648,1339903,1339704,0
1340159,426335665921291,2826417,0.60113956,256,1339904,1340159,1340093,0
1340415,426335666767500,2804208,0.62129579,256,1340160,1340415,1340357,0
1340671,426335667644500,2790750,0.62064396,256,1340416,1340671,1340657,0
1340927,426335668526666,2724000,0.60302827,256,1340672,1340927,1340880,0
1341183,426335669375916,2709709,0.60785975,256,1340928,1341183,1341179,0
1341439,426335670232750,2700416,0.61596974,256,1341184,1341439,1341397,0
1341695,426335671126083,2624792,0.57658246,256,1341440,1341695,1341494,0
1341951,426335672011750,2563833,0.62374666,256,1341696,1341951,1341951,0
1342207,426335672895333,2512500,0.6010083,256,1341952,1342207,1342117,0
1342463,426335673762125,2465041,0.58368317,256,1342208,1342463,1342310,0
1342719,426335674666666,2368709,0.58232311,256,1342464,1342719,1342585,0
1342975,426335675512416,2383542,0.6099363,256,1342720,1342975,1342804,0
1343231,426335676343791,2365709,0.58881237,256,1342976,1343231,1343112,0
1343487,426335677297750,2277958,0.61528807,256,1343232,1343487,1343281,0
1343743,426335678179333,2226792,0.60228561,256,1343488,1343743,1343523,0
1343999,426335679042791,2182750,0.65134198,256,1343744,1343999,1343862,0
1344255,426335679938083,2108000,0.62799196,256,1344000,1344255,1344136,0
1344511,426335680809000,2056708,0.64382915,256,1344256,1344511,1344454,0
1344767,426335681691916,2011000,0.61922696,256,1344512,1344767,1344668,0
1345023,426335682590416,1937750,0.60329803,256,1344768,1345023,1344799,0
1345279,426335683463166,1878667,0.62816033,256,1345024,1345279,1345159,0
1345535,426335684300458,1851333,0.64913908,256,1345280,1345535,1345529,0
1345791,426335685206583,1753750,0.5909622,256,1345536,1345791,1345680,0
1346047,426335686168833,1619958,0.59932455,256,1345792,1346047,1345820,0
1346303,426335687009166,1607584,0.61677297,256,1346048,1346303,1346227,0
1346559,426335687864333,1592792,0.65642894,256,1346304,1346559,1346328,0
1346815,426335688756791,1520250,0.58687898,256,1346560,1346815,1346724,0
1347071,426335689599375,1471291,0.5812468,256,1346816,1347071,1347029,0
1347327,426335690515291,1384542,0.60889053,256,1347072,1347327,1347192,0
1347583,426335691372250,1374375,0.6789547,256,1347328,1347583,1347564,0
1347839,426335692236833,1332042,0.63423499,256,1347584,1347839,1347770,0
1348095,426335693051416,1337792,0.62730144,256,1347840,1348095,1347963,0
1348351,426335693906750,1287750,0.57473111,256,1348096,1348351,1348260,0
1348607,426335694790166,1227292,0.64256733,256,1348352,1348607,1348558,0
1348863,426335695675083,1192625,0.62837244,256,1348608,1348863,1348738,0
1349119,426335696613416,1096417,0.5982365,256,1348864,1349119,1348934,0
1349375,426335697448125,1087166,0.60359799,256,1349120,1349375,1349210,0
1349631,426335698346750,993916,0.56453933,256,1349376,1349631,1349549,0
1349887,426335699207791,944625,0.59659302,256,1349632,1349887,1349648,0
1350143,426335700159750,837750,0.61424866,256,1349888,1350143,1350051,0
1350399,426335701021000,837416,0.62930165,256,1350144,1350399,1350343,0
1350655,426335701874208,840875,0.58270619,256,1350400,1350655,1350654,0
1350911,426335702710250,818500,0.58112582,256,1350656,1350911,1350827,0
1351167,426335703632125,849000,0.62488011,256,1350912,1351167,1350957,0
1351423,426335704464041,848292,0.58236464,256,1351168,1351423,1351396,0
1351679,426335705335875,844250,0.62010245,256,1351424,1351679,1351578,0
1351935,426335706248541,851584,0.61091659,256,1351680,1351935,1351830,0
1352191,426335707157916,832125,0.59584126,256,1351936,1352191,1352094,0
1352447,426335708085125,817750,0.60658991,256,1352192,1352447,1352213,0
1352703,426335708983166,849459,0.61519844,256,1352448,1352703,1352489,0
1352959,426335709857791,838625,0.60823272,256,1352704,1352959,1352905,0
1353215,426335710683750,820125,0.61129457,256,1352960,1353215,1353016,0
1353471,426335711613875,819000,0.60562089,256,1353216,1353471,1353295,0
1353727,426335712489333,825500,0.60377393,256,1353472,1353727,1353520,0
1353983,426335713364583,1387958,0.62713047,256,1353728,1353983,1353836,0
1354239,426335714289458,1292000,0.61624675,256,1353984,1354239,1354195,0
1354495,426335715138458,1266708,0.65692913,256,1354240,1354495,1354263,0
1354751,426335715951541,1266125,0.60662932,256,1354496,1354751,1354587,0
1355007,426335716894500,1120166,0.62261602,256,1354752,1355007,1354803,0
1355263,426335717814458,1026500,0.61549548,256,1355008,1355263,1355236,0
1355519,426335718668958,986167,0.59284452,256,1355264,1355519,1355433,0
1355775,426335719575125,913708,0.60383213,256,1355520,1355775,1355690,0
1356031,426335720487500,817625,0.57129647,256,1355776,1356031,1355940,0
1356287,426335721356625,820375,0.58227665,256,1356032,1356287,1356062,0
1356543,426335722256958,842417,0.59378722,256,1356288,1356543,1356332,0
1356799,426335723124458,835750,0.61128015,256,1356544,1356799,1356591,0
1357055,426335723992083,840542,0.62494963,256,1356800,1357055,1356835,0
1357311,426335724852916,821875,0.58792185,256,1357056,1357311,1357302,0
1357567,426335725748166,836500,0.58728021,256,1357312,1357567,1357397,0
1357823,426335726607458,839917,0.61263605,256,1357568,1357823,1357590,0
1358079,426335727505833,848708,0.61526841,256,1357824,1358079,1357875,0
1358335,426335728396875,942958,0.61289621,256,1358080,1358335,1358324,0
1358591,426335729290166,892250,0.69292101,256,1358336,1358591,1358558,0
1358847,426335730133416,882792,0.62522518,256,1358592,1358847,1358601,0
1359103,426335731055791,840167,0.62245042,256,1358848,1359103,1359046,0
1359359,426335731907541,796292,0.59416998,256,1359104,1359359,1359117,0
1359615,426335732818333,888208,0.59891146,256,1359360,1359615,1359472,0
1359871,426335733775291,1640209,0.59348389,256,1359616,1359871,1359762,0
1360127,426335734682875,2325333,0.59958757,256,1359872,1360127,1359897,0
1360383,426335735611750,2976083,0.60133077,256,1360128,1360383,1360289,0
1360639,426335736447791,3740625,0.60591531,256,1360384,1360639,1360582,0
1360895,426335737374250,4409500,0.63295032,256,1360640,1360895,1360666,0
1361151,426335738235208,4411208,0.60153947,256,1360896,1361151,1361002,0
1361407,426335739146416,4322292,0.59158211,256,1361152,1361407,1361373,0
1361663,426335740024791,4309667,0.64671385,256,1361408,1361663,1361544,0
1361919,426335740926333,4233125,0.63386269,256,1361664,1361919,1361875,0
1362175,426335741814833,4187458,0.63145207,256,1361920,1362175,1362172,0
1362431,426335742712333,4143000,0.63753856,256,1362176,1362431,1362260,0
1362687,426335743604500,4087000,0.63687953,256,1362432,1362687,1362655,0
1362943,426335744487416,4039042,0.60181328,256,1362688,1362943,1362774,0
1363199,426335745362625,3980041,0.64143286,256,1362944,1363199,1362978,0
1363455,426335746267791,3900875,0.61257362,256,1363200,1363455,1363429,0
1363711,426335747180750,3785916,0.60967855,256,1363456,1363711,1363686,0
1363967,426335748072750,3721250,0.59341199,256,1363712,1363967,1363831,0
1364223,426335748921708,3731042,0.64639082,256,1363968,1364223,1364021,0
1364479,426335749788291,3666084,0.62883106,256,1364224,1364479,1364431,0
1364735,426335750604125,3661041,0.56860543,256,1364480,1364735,1364630,0
1364991,426335751531291,3554500,0.60529077,256,1364736,1364991,1364974,0
1365247,426335752387125,3534000,0.61130886,256,1364992,1365247,1365189,0
1365503,426335753273875,3465708,0.5750652,256,1365248,1365503,1365347,0
1365759,426335754206791,3344875,0.58355571,256,1365504,1365759,1365754,0
1366015,426335755071541,3294750,0.58718128,256,1365760,1366015,1365933,0
1366271,426335755947708,3255042,0.61997599,256,1366016,1366271,1366045,0
1366527,426335756833583,3179125,0.59411462,256,1366272,1366527,1366458,0
1366783,426335757716208,3115167,0.63354144,256,1366528,1366783,1366553,0
1367039,426335758619166,3020250,0.61077366,256,1366784,1367039,1366792,0
1367295,426335759437791,3020709,0.59877957,256,1367040,1367295,1367263,0
1367551,426335760354958,2919542,0.60738056,256,1367296,1367551,1367316,0
1367807,426335761211708,2882000,0.61848223,256,1367552,1367807,1367567,0
1368063,426335762065791,2843834,0.61213227,256,1367808,1368063,1368026,0
1368319,426335762952833,2764500,0.59197516,256,1368064,1368319,1368185,0
1368575,426335763906083,2630042,0.59319544,256,1368320,1368575,1368469,0
1368831,426335764811541,2541625,0.59242797,256,1368576,1368831,1368764,0
1369087,426335765664583,2498500,0.58565776,256,1368832,1369087,1368869,0
1369343,426335766520166,2484792,0.6337925,256,1369088,1369343,1369185,0
1369599,426335767376375,2466750,0.62627704,256,1369344,1369599,1369375,0
1369855,426335768283958,2369333,0.58328891,256,1369600,1369855,1369794,0
1370111,426335769186791,2288292,0.61252297,256,1369856,1370111,1370042,0
1370367,426335770041166,2273500,0.63678324,256,1370112,1370367,1370318,0
1370623,426335770882125,2248750,0.61420734,256,1370368,1370623,1370414,0
1370879,426335771799708,2174500,0.60904724,256,1370624,1370879,1370774,0
1371135,426335772668083,2116458,0.60613878,256,1370880,1371135,1371059,0
1371391,426335773552458,2040875,0.60333579,256,1371136,1371391,1371168,0
1371647,426335774436791,1994792,0.61424834,256,1371392,1371647,1371517,0
1371903,426335775340583,1918042,0.59625723,256,1371648,1371903,1371789,0
1372159,426335776249250,1825666,0.61436095,256,1371904,1372159,1372096,0
1372415,426335777131958,1772250,0.63025999,256,1372160,1372415,1372376,0
1372671,426335778002541,1742209,0.66362755,256,1372416,1372671,1372543,0
1372927,426335778918625,1653916,0.62217051,256,1372672,1372927,1372917,0
1373183,426335779762708,1657083,0.61708042,256,1372928,1373183,1373174,0
1373439,426335780660291,1607959,0.64805175,256,1373184,1373439,1373382,0
1373695,426335781556708,1527583,0.60259417,256,1373440,1373695,1373615,0
1373951,426335782487666,1422125,0.62971467,256,1373696,1373951,1373773,0
1374207,426335783395291,1387500,0.6198063,256,1373952,1374207,1373982,0
1374463,426335784301333,1293375,0.62529003,256,1374208,1374463,1374439,0
1374719,426335785163250,1262916,0.60866964,256,1374464,1374719,1374643,0
1374975,426335786068958,1168208,0.62864922,256,1374720,1374975,1374749,0
1375231,426335786925208,1150250,0.62037311,256,1374976,1375231,1375030,0
1375487,426335787755916,1130500,0.5705806,256,1375232,1375487,1375385,0
1375743,426335788657083,1082667,0.63898438,256,1375488,1375743,1375524,0
1375999,426335789538791,1001750,0.60579449,256,1375744,1375999,1375865,0
1376255,426335790390291,964209,0.59432828,256,1376000,1376255,1376156,0
1376511,426335791273750,888000,0.57141594,256,1376256,1376511,1376495,0
1376767,426335792144958,847292,0.58731305,256,1376512,1376767,1376756,0
1377023,426335792998125,838625,0.59258233,256,1376768,1377023,1376966,0
1377279,426335793921083,860667,0.63939749,256,1377024,1377279,1377044,0
1377535,426335794810375,811208,0.63027226,256,1377280,1377535,1377374,0
1377791,426335795729583,835208,0.58755874,256,1377536,1377791,1377610,0
1378047,426335796589291,843334,0.62146377,256,1377792,1378047,1377982,0
1378303,426335797494083,830167,0.60246461,256,1378048,1378303,1378132,0
1378559,426335798369083,806333,0.59872554,256,1378304,1378559,1378429,0
1378815,426335799230833,832708,0.59446178,256,1378560,1378815,1378809,0
1379071,426335800120166,813959,0.60944565,256,1378816,1379071,1378879,0
1379327,426335801000500,866958,0.61940373,256,1379072,1379327,1379121,0
1379583,426335801846666,837042,0.64121584,256,1379328,1379583,1379528,0
1379839,426335802817875,870916,0.60850876,256,1379584,1379839,1379793,0
1380095,426335803675333,834875,0.59243858,256,1379840,1380095,1380049,0
1380351,426335804577833,839750,0.63755647,256,1380096,1380351,1380220,0
1380607,426335805525500,847000,0.61990284,256,1380352,1380607,1380394,0
1380863,426335806408333,850750,0.6298314,256,1380608,1380863,1380816,0
1381119,426335807304125,829000,0.5681895,256,1380864,1381119,1381068,0
1381375,426335808216083,838458,0.58800449,256,1381120,1381375,1381254,0
1381631,426335809095708,817917,0.58821582,256,1381376,1381631,1381558,0
1381887,426335809963250,830875,0.61040398,256,1381632,1381887,1381805,0
1382143,426335810749083,840667,0.6066355,256,1381888,1382143,1382016,0
1382399,426335811657250,825791,0.57977163,256,1382144,1382399,1382353,0
1382655,426335812568833,852958,0.65932005,256,1382400,1382655,1382599,0
1382911,426335813448583,817833,0.594451,256,1382656,1382911,1382812,0
1383167,426335814318583,850083,0.60274246,256,1382912,1383167,1383133,0
1383423,426335815185125,803541,0.59988771,256,1383168,1383423,1383364,0
1383679,426335816099041,917000,0.61212021,256,1383424,1383679,1383568,0
1383935,426335817029166,866375,0.6686183,256,1383680,1383935,1383692,0
1384191,426335817929750,822583,0.60951265,256,1383936,1384191,1384032,0
1384447,426335818807666,900667,0.64193169,256,1384192,1384447,1384347,0
1384703,426335819701875,838333,0.58499298,256,1384448,1384703,1384588,0
1384959,426335820589083,811458,0.58960647,256,1384704,1384959,1384954,0
1385215,426335821396875,812958,0.6016676,256,1384960,1385215,1385064,0
1385471,426335822315250,833875,0.61858467,256,1385216,1385471,1385336,0
1385727,426335823208958,833875,0.59487259,256,1385472,1385727,1385695,0
1385983,426335824092666,832625,0.57453155,256,1385728,1385983,1385774,0
1386239,426335824993666,817792,0.58325845,256,1385984,1386239,1386087,0
1386495,426335825837250,811666,0.59289488,256,1386240,1386495,1386448,0
1386751,426335826799083,842583,0.62981849,256,1386496,1386751,1386568,0
1387007,426335827679083,827667,0.61250639,256,1386752,1387007,1386967,0
1387263,426335828576708,896000,0.65859587,256,1387008,1387263,1387048,0
1387519,426335829453458,825250,0.60433851,256,1387264,1387519,1387327,0
1387775,426335830302208,823708,0.60328128,256,1387520,1387775,1387525,0
1388031,426335831190250,843916,0.57827709,256,1387776,1388031,1387900,0
1388287,426335832078333,841417,0.6051523,256,1388032,1388287,1388138,0
1388543,426335832886291,856875,0.60298794,256,1388288,1388543,1388341,0
1388799,426335833799375,908916,0.59933504,256,1388544,1388799,1388796,0
1389055,426335834657541,877167,0.6392072,256,1388800,1389055,1389053,0
1389311,426335835549333,816833,0.64303692,256,1389056,1389311,1389078,0
1389567,426335836521125,861791,0.58952888,256,1389312,1389567,1389516,0
1389823,426335837342458,885417,0.61402743,256,1389568,1389823,1389611,0
1390079,426335838255416,867542,0.61915101,256,1389824,1390079,1389963,0
1390335,426335839087333,869750,0.61467062,256,1390080,1390335,1390317,0
1390591,426335839978000,864250,0.60362462,256,1390336,1390591,1390357,0
1390847,426335840862791,854834,0.5910827,256,1390592,1390847,1390815,0
1391103,426335841726708,848958,0.60441898,256,1390848,1391103,1390906,0
1391359,426335842659416,1517375,0.61028263,256,1391104,1391359,1391281,0
1391615,426335843487750,1539041,0.66421782,256,1391360,1391615,1391410,0
1391871,426335844348750,1502333,0.64918656,256,1391616,1391871,1391800,0
1392127,426335845271416,1385417,0.62763628,256,1391872,1392127,1391924,0
1392383,426335846160500,1294333,0.59030164,256,1392128,1392383,1392263,0
1392639,426335847047916,1283084,0.65669599,256,1392384,1392639,1392546,0
1392895,426335847933875,1214125,0.59736265,256,1392640,1392895,1392835,0
1393151,426335848813041,1144000,0.62120374,256,1392896,1393151,1393029,0
1393407,426335849756208,1018958,0.60691563,256,1393152,1393407,1393171,0
1393663,426335850642708,965333,0.60772612,256,1393408,1393663,1393425,0
1393919,426335851582416,821500,0.61228407,256,1393664,1393919,1393891,0
1394175,426335852489041,846292,0.62012724,256,1393920,1394175,1393966,0
1394431,426335853351625,839458,0.62712254,256,1394176,1394431,1394281,0
1394687,426335854221333,815708,0.59939127,256,1394432,1394687,1394578,0
1394943,426335855130916,846834,0.62206653,256,1394688,1394943,1394923,0
1395199,426335856013916,813709,0.62019624,256,1394944,1395199,1395197,0
1395455,426335856971541,863459,0.62414991,256,1395200,1395455,1395367,0
1395711,426335857870875,850708,0.62464416,256,1395456,1395711,1395509,0
1395967,426335858713291,815167,0.59181943,256,1395712,1395967,1395962,0
1396223,426335859539291,793584,0.63017868,256,1395968,1396223,1396085,0
1396479,426335860440416,840375,0.61242889,256,1396224,1396479,1396400,0
1396735,426335861349458,838792,0.59227937,256,1396480,1396735,1396660,0
1396991,426335862257000,849291,0.59442219,256,1396736,1396991,1396912,0
1397247,426335863183583,1452125,0.63925784,256,1396992,1397247,1397231,0
1397503,426335864164250,1290666,0.61598194,256,1397248,1397503,1397317,0
1397759,426335865049416,1206375,0.58870569,256,1397504,1397759,1397567,0
1398015,426335865945958,1118208,0.61103145,256,1397760,1398015,1397792,0
1398271,426335866845500,1028083,0.61090879,256,1398016,1398271,1398079,0
1398527,426335867754083,938333,0.61692627,256,1398272,1398527,1398449,0
1398783,426335868648125,853208,0.59929395,256,1398528,1398783,1398638,0
1399039,426335869493666,824167,0.64087453,256,1398784,1399039,1398872,0
1399295,426335870307083,807542,0.6315689,256,1399040,1399295,1399100,0
1399551,426335871213458,821000,0.58586341,256,1399296,1399551,1399543,0
1399807,426335872073291,997167,0.63829549,256,1399552,1399807,1399582,0
1400063,426335872918333,994792,0.60755528,256,1399808,1400063,1399992,0
1400319,426335873834583,911625,0.60530327,256,1400064,1400319,1400165,0
1400575,426335874737750,839166,0.62263458,256,1400320,1400575,1400529,0
1400831,426335875620375,878750,0.60779822,256,1400576,1400831,1400800,0
1401087,426335876555958,858875,0.60230919,256,1400832,1401087,1400956,0
1401343,426335877451291,1587584,0.59317879,256,1401088,1401343,1401154,0
1401599,426335878384750,1747541,0.63330478,256,1401344,1401599,1401378,0
1401855,426335879221958,1731583,0.64410942,256,1401600,1401855,1401775,0
1402111,426335880118875,1688958,0.59992807,256,1401856,1402111,1402083,0
1402367,426335880991291,1652667,0.6023155,256,1402112,1402367,1402198,0
1402623,426335881897375,1606291,0.6196173,256,1402368,1402623,1402563,0
1402879,426335882741750,1634875,0.6397648,256,1402624,1402879,1402632,0
1403135,426335883646375,1722666,0.60877202,256,1402880,1403135,1402968,0
1403391,426335884549291,1673584,0.62750057,256,1403136,1403391,1403340,0
1403647,426335885451250,1646583,0.63772835,256,1403392,1403647,1403564,0
1403903,426335886374208,1603292,0.61225154,256,1403648,1403903,1403693,0
1404159,426335887338458,1498000,0.64164905,256,1403904,1404159,1403983,0
1404415,426335888240791,1453875,0.64319282,256,1404160,1404415,1404236,0
1404671,426335889055750,1496166,0.62274917,256,1404416,1404671,1404562,0
1404927,426335889908333,1526375,0.63732299,256,1404672,1404927,1404909,0
1405183,426335890739333,1520917,0.574203,256,1404928,1405183,1405132,0
1405439,426335891611083,1536042,0.64122953,256,1405184,1405439,1405392,0
1405695,426335892510625,1468916,0.64987984,256,1405440,1405695,1405685,0
1405951,426335893391833,1464333,0.60605493,256,1405696,1405951,1405837,0
1406207,426335894289708,1431750,0.59472973,256,1405952,1406207,1405983,0
1406463,426335895216500,1372000,0.65296432,256,1406208,1406463,1406301,0
1406719,426335896121958,1314375,0.61340293,256,1406464,1406719,1406526,0
1406975,426335897015958,1267708,0.64018076,256,1406720,1406975,1406720,0
1407231,426335897952041,1182000,0.63829761,256,1406976,1407231,1407086,0
1407487,426335898820916,1173500,0.61976185,256,1407232,1407487,1407469,0
1407743,426335899714208,1130875,0.58714956,256,1407488,1407743,1407579,0
1407999,426335900656291,1070084,0.64076093,256,1407744,1407999,1407886,0
1408255,426335901533000,1055875,0.61442276,256,1408000,1408255,1408215,0
1408511,426335902463250,988291,0.64467236,256,1408256,1408511,1408411,0
1408767,426335903340083,986042,0.62364927,256,1408512,1408767,1408705,0
1409023,426335904227625,983083,0.64039392,256,1408768,1409023,1409012,0
1409279,426335905135375,958958,0.67610459,256,1409024,1409279,1409061,0
1409535,426335905993416,961834,0.64185669,256,1409280,1409535,1409531,0
1409791,426335906849375,978916,0.63188469,256,1409536,1409791,1409553,0
1410047,426335907738208,947208,0.60819544,256,1409792,1410047,1409835,0
1410303,426335908636333,924500,0.60853292,256,1410048,1410303,1410172,0
1410559,426335909565791,867875,0.62492758,256,1410304,1410559,1410455,0
1410815,426335910397708,906083,0.67894507,256,1410560,1410815,1410670,0
1411071,426335911293333,857542,0.60293968,256,1410816,1411071,1410874,0
1411327,426335912127666,889125,0.64961557,256,1411072,1411327,1411141,0
1411583,426335913068500,897833,0.65605684,256,1411328,1411583,1411445,0
1411839,426335913962625,892333,0.63862436,256,1411584,1411839,1411769,0
1412095,426335914811250,941166,0.61520012,256,1411840,1412095,1411924,0
1412351,426335915644875,1015750,0.64809905,256,1412096,1412351,1412177,0
1412607,426335916521333,1018208,0.58713887,256,1412352,1412607,1412534,0
1412863,426335917370833,1035500,0.61548058,256,1412608,1412863,1412614,0
1413119,426335918263166,1018292,0.64472019,256,1412864,1413119,1413083,0
1413375,426335919186833,971250,0.6103563,256,1413120,1413375,1413170,0
1413631,426335920055750,999666,0.6762325,256,1413376,1413631,1413542,0
1413887,426335920925833,970125,0.59521602,256,1413632,1413887,1413768,0
1414143,426335921826875,944875,0.63039284,256,1413888,1414143,1413973,0
1414399,426335922709416,919709,0.65093792,256,1414144,1414399,1414183,0
1414655,426335923529208,962792,0.61951663,256,1414400,1414655,1414506,0
1414911,426335924421375,923208,0.60176922,256,1414656,1414911,1414706,0
1415167,426335925286416,902042,0.62346011,256,1414912,1415167,1415153,0
1415423,426335926232541,872334,0.62318861,256,1415168,1415423,1415354,0
1415679,426335927024750,978833,0.60593528,256,1415424,1415679,1415509,0
1415935,426335927888666,986792,0.60674639,256,1415680,1415935,1415743,0
1416191,426335928738583,997792,0.61005339,256,1415936,1416191,1416139,0
1416447,426335929664583,927917,0.62176583,256,1416192,1416447,1416319,0
1416703,426335930560833,928125,0.67761214,256,1416448,1416703,1416606,0
1416959,426335931445000,873416,0.58217656,256,1416704,1416959,1416868,0
1417215,426335932393500,1753083,0.63351258,256,1416960,1417215,1416970,0
1417471,426335933263916,1913917,0.6318691,256,1417216,1417471,1417349,0
1417727,426335934202333,1817333,0.60372303,256,1417472,1417727,1417572,0
1417983,426335935092583,1746750,0.5882785,256,1417728,1417983,1417751,0
1418239,426335935900250,1766458,0.59024759,256,1417984,1418239,1418099,0
1418495,426335936803041,1704000,0.6188372,256,1418240,1418495,1418420,0
1418751,426335937655208,1694208,0.68728591,256,1418496,1418751,1418577,0
1419007,426335938568625,1610541,0.61264445,256,1418752,1419007,1418860,0
1419263,426335939425666,1584334,0.61710258,256,1419008,1419263,1419209,0
1419519,426335940333000,1496708,0.60008443,256,1419264,1419519,1419360,0
1419775,426335941218583,1450417,0.6453923,256,1419520,1419775,1419761,0
1420031,426335942150166,1379250,0.63490297,256,1419776,1420031,1419931,0
1420287,426335943043750,1359916,0.6416423,256,1420032,1420287,1420262,0
1420543,426335943906041,1319959,0.60697028,256,1420288,1420543,1420435,0
1420799,426335944797083,1289792,0.63129476,256,1420544,1420799,1420723,0
1421055,426335945627500,1267166,0.64913662,256,1420800,1421055,1421021,0
1421311,426335946534208,1176375,0.60271673,256,1421056,1421311,1421302,0
1421567,426335947391416,1186000,0.64973736,256,1421312,1421567,1421379,0
1421823,426335948249958,1151208,0.61284035,256,1421568,1421823,1421740,0
1422079,426335949124125,1112125,0.64470687,256,1421824,1422079,1422057,0
1422335,426335950007250,1063750,0.59847605,256,1422080,1422335,1422228,0
1422591,426335950856833,1077708,0.68487594,256,1422336,1422591,1422573,0
1422847,426335951718458,1085250,0.65457102,256,1422592,1422847,1422634,0
1423103,426335952587291,1092500,0.63492915,256,1422848,1423103,1423095,0
1423359,426335953531458,981208,0.60637673,256,1423104,1423359,1423184,0
1423615,426335954434833,929875,0.64038003,256,1423360,1423615,1423424,0
1423871,426335955312541,868834,0.60458498,256,1423616,1423871,1423626,0
1424127,426335956182208,824333,0.61138184,256,1423872,1424127,1423938,0
1424383,426335957057916,836334,0.59470801,256,1424128,1424383,1424345,0
1424639,426335957929666,1149625,0.62856775,256,1424384,1424639,1424618,0
1424895,426335958822833,1093625,0.61952238,256,1424640,1424895,1424649,0
1425151,426335959757166,995834,0.6257972,256,1424896,1425151,1425107,0
1425407,426335960645166,955875,0.64044553,256,1425152,1425407,1425223,0
1425663,426335961499166,957459,0.62097953,256,1425408,1425663,1425488,0
1425919,426335962384208,914833,0.60027526,256,1425664,1425919,1425892,0
1426175,426335963320583,884250,0.60962017,256,1425920,1426175,1426008,0
1426431,426335964208666,906084,0.61720247,256,1426176,1426431,1426347,0
1426687,426335965098083,875750,0.64102501,256,1426432,1426687,1426538,0
1426943,426335965993916,836625,0.58298577,256,1426688,1426943,1426939,0
1427199,426335966922875,1609916,0.59691529,256,1426944,1427199,1427134,0
1427455,426335967813791,1774834,0.6443855,256,1427200,1427455,1427259,0
1427711,426335968695791,1761209,0.65614144,256,1427456,1427711,1427559,0
1427967,426335969535666,1786084,0.61236989,256,1427712,1427967,1427933,0
1428223,426335970451666,1720459,0.6332931,256,1427968,1428223,1428081,0
1428479,426335971381875,1631083,0.58076314,256,1428224,1428479,1428452,0
1428735,426335972235958,1615958,0.61998326,256,1428480,1428735,1428701,0
1428991,426335973157916,1528084,0.59439807,256,1428736,1428991,1428800,0
1429247,426335974018625,1512541,0.65400459,256,1428992,1429247,1429035,0
1429503,426335974852166,1525292,0.5924986,256,1429248,1429503,1429492,0
1429759,426335975745625,1504750,0.6458288,256,1429504,1429759,1429599,0
1430015,426335976647166,1465167,0.57496355,256,1429760,1430015,1429961,0
1430271,426335977533625,1427000,0.61188899,256,1430016,1430271,1430235,0
1430527,426335978367666,1465750,0.66563199,256,1430272,1430527,1430416,0
1430783,426335979279083,1362917,0.61237411,256,1430528,1430783,1430771,0
1431039,426335980143875,1321666,0.61303204,256,1430784,1431039,1430869,0
1431295,426335981063541,1255292,0.60281846,256,1431040,1431295,1431136,0
1431551,426335981899791,1252334,0.59442221,256,1431296,1431551,1431299,0
1431807,426335982802541,1167959,0.59648675,256,1431552,1431807,1431707,0
1432063,426335983689041,1109000,0.65585927,256,1431808,1432063,1432050,0
1432319,426335984553333,1119125,0.63461657,256,1432064,1432319,1432128,0
1432575,426335985527250,980958,0.63750405,256,1432320,1432575,1432395,0
1432831,426335986338458,1006458,0.65071636,256,1432576,1432831,1432698,0
1433087,426335987173000,971750,0.59603534,256,1432832,1433087,1432882,0
1433343,426335988066333,901250,0.62639294,256,1433088,1433343,1433314,0
1433599,426335988924916,860042,0.6146565,256,1433344,1433599,1433353,0
1433855,426335989768916,813250,0.61854913,256,1433600,1433855,1433631,0
1434111,426335990613541,1734000,0.6080745,256,1433856,1434111,1433995,0
1434367,426335991455958,1910917,0.63534921,256,1434112,1434367,1434202,0
1434623,426335992305750,1915916,0.59496119,256,1434368,1434623,1434459,0
1434879,426335993178875,1866250,0.59199943,256,1434624,1434879,1434650,0
1435135,426335994047666,1851792,0.62598071,256,1434880,1435135,1434911,0
1435391,426335994995083,1732458,0.62042115,256,1435136,1435391,1435310,0
1435647,426335995903458,1632458,0.58537973,256,1435392,1435647,1435521,0
1435903,426335996759500,1607458,0.60044824,256,1435648,1435903,1435687,0
1436159,426335997618958,1623875,0.62258164,256,1435904,1436159,1436031,0
1436415,426335998516833,1578000,0.61672773,256,1436160,1436415,1436177,0
1436671,426335999421125,1549000,0.63793373,256,1436416,1436671,1436484,0
1436927,426336000310000,1494875,0.65676825,256,1436672,1436927,1436807,0
1437183,426336001150125,1499541,0.65068601,256,1436928,1437183,1437136,0
1437439,426336002050958,1451542,0.65469798,256,1437184,1437439,1437363,0
1437695,426336002963708,1360500,0.63176897,256,1437440,1437695,1437523,0
1437951,426336003828958,1329167,0.61766377,256,1437696,1437951,1437852,0
1438207,426336004728791,1261667,0.59642016,256,1437952,1438207,1438174,0
1438463,426336005666166,1132209,0.59249444,256,1438208,1438463,1438446,0
1438719,426336006565416,1078459,0.66309834,256,1438464,1438719,1438535,0
1438975,426336007488250,998166,0.61057383,256,1438720,1438975,1438830,0
1439231,426336008370500,945916,0.60759245,256,1438976,1439231,1439191,0
1439487,426336009267291,875959,0.65781552,256,1439232,1439487,1439424,0
1439743,426336010167625,1718916,0.63992472,256,1439488,1439743,1439588,0
1439999,426336011080750,1772500,0.59752637,256,1439744,1439999,1439856,0
1440255,426336011936791,1763959,0.60113956,256,1440000,1440255,1440093,0
1440511,426336012788250,1735458,0.62129579,256,1440256,1440511,1440357,0
1440767,426336013673666,1708500,0.62064396,256,1440512,1440767,1440657,0
1441023,426336014538791,1650209,0.60302827,256,1440768,1441023,1440880,0
1441279,426336015417416,1635542,0.60785975,256,1441024,1441279,1441179,0
1441535,426336016271291,1599375,0.61596974,256,1441280,1441535,1441397,0
1441791,426336017162458,1537000,0.57327156,256,1441536,1441791,1441538,0
1442047,426336018042125,1486125,0.62374666,256,1441792,1442047,1441951,0
1442303,426336018926250,1424750,0.6010083,256,1442048,1442303,1442117,0
1442559,426336019796666,1384125,0.58368317,256,1442304,1442559,1442310,0
1442815,426336020659500,1344583,0.6099363,256,1442560,1442815,1442804,0
1443071,426336021536541,1297459,0.60861314,256,1442816,1443071,1442938,0
1443327,426336022396500,1300208,0.61528807,256,1443072,1443327,1443281,0
1443583,426336023340083,1193208,0.60228561,256,1443328,1443583,1443523,0
1443839,426336024196750,1152791,0.60940541,256,1443584,1443839,1443775,0
1444095,426336025078000,1081916,0.65134198,256,1443840,1444095,1443862,0
1444351,426336025973541,1021292,0.62799196,256,1444096,1444351,1444136,0
1444607,426336026845541,982875,0.64382915,256,1444352,1444607,1444454,0
1444863,426336027753666,896750,0.61922696,256,1444608,1444863,1444668,0
1445119,426336028599500,884625,0.59839023,256,1444864,1445119,1445031,0
1445375,426336029463583,826000,0.62816033,256,1445120,1445375,1445159,0
1445631,426336030331375,819375,0.64913908,256,1445376,1445631,1445529,0
1445887,426336031257083,839042,0.59932455,256,1445632,1445887,1445820,0
1446143,426336032205500,831291,0.60932984,256,1445888,1446143,1446129,0
1446399,426336033050500,1650125,0.65642894,256,1446144,1446399,1446328,0
1446655,426336033897875,1813625,0.61479246,256,1446400,1446655,1446554,0
1446911,426336034791083,1705875,0.58687898,256,1446656,1446911,1446724,0
1447167,426336035628666,1667500,0.59428629,256,1446912,1447167,1447161,0
1447423,426336036550000,1532166,0.60937281,256,1447168,1447423,1447410,0
1447679,426336037411750,1510125,0.6789547,256,1447424,1447679,1447564,0
1447935,426336038250500,1445208,0.63423499,256,1447680,1447935,1447770,0
1448191,426336039047875,1462041,0.62730144,256,1447936,1448191,1447963,0
1448447,426336039930458,1358167,0.57515766,256,1448192,1448447,1448396,0
1448703,426336040844208,1266958,0.64256733,256,1448448,1448703,1448558,0
1448959,426336041752083,1174750,0.62837244,256,1448704,1448959,1448738,0
1449215,426336042640458,1112500,0.60359799,256,1448960,1449215,1449210,0
1449471,426336043478916,1069500,0.58793211,256,1449216,1449471,1449267,0
1449727,426336044372083,964667,0.59659302,256,1449472,1449727,1449648,0
1449983,426336045280291,866417,0.5994441,256,1449728,1449983,1449925,0
1450239,426336046197875,1601291,0.61424866,256,1449984,1450239,1450051,0
1450495,426336047046916,1799667,0.62930165,256,1450240,1450495,1450343,0
1450751,426336047898125,1776208,0.58270619,256,1450496,1450751,1450654,0
1451007,426336048750625,1751416,0.62488011,256,1450752,1451007,1450957,0
1451263,426336049644083,1685708,0.59512176,256,1451008,1451263,1451101,0
1451519,426336050517791,1638375,0.60048011,256,1451264,1451519,1451516,0
1451775,426336051366291,1631542,0.62010245,256,1451520,1451775,1451578,0
1452031,426336052303333,1522625,0.61091659,256,1451776,1452031,1451830,0
1452287,426336053191791,1445500,0.60658991,256,1452032,1452287,1452213,0
1452543,426336054120541,1349459,0.61519844,256,1452288,1452543,1452489,0
1452799,426336054960375,1328083,0.59425728,256,1452544,1452799,1452738,0
1453055,426336055872416,1240375,0.61129457,256,1452800,1453055,1453016,0
1453311,426336056727041,1204084,0.60562089,256,1453056,1453311,1453295,0
1453567,426336057648125,1097708,0.60377393,256,1453312,1453567,1453520,0
1453823,426336058528625,1029083,0.60232928,256,1453568,1453823,1453818,0
1454079,426336059395708,1012000,0.62713047,256,1453824,1454079,1453836,0
1454335,426336060319416,919959,0.65692913,256,1454080,1454335,1454263,0
1454591,426336061138208,914333,0.61805452,256,1454336,1454591,1454465,0
1454847,426336062038708,816750,0.62261602,256,1454592,1454847,1454803,0
1455103,426336062940416,806375,0.57629691,256,1454848,1455103,1455030,0
1455359,426336063845583,838125,0.61549548,256,1455104,1455359,1455236,0
1455615,426336064693791,833167,0.59535012,256,1455360,1455615,1455536,0
1455871,426336065601333,1622042,0.60383213,256,1455616,1455871,1455690,0
1456127,426336066521166,1682125,0.58227665,256,1455872,1456127,1456062,0
1456383,426336067388333,1605958,0.59378722,256,1456128,1456383,1456332,0
1456639,426336068302125,1483083,0.61128015,256,1456384,1456639,1456591,0
1456895,426336069147083,1454167,0.62494963,256,1456640,1456895,1456835,0
1457151,426336070045666,1333167,0.59723363,256,1456896,1457151,1457044,0
1457407,426336070870500,1315875,0.58792185,256,1457152,1457407,1457302,0
1457663,426336071758750,1230833,0.61263605,256,1457408,1457663,1457590,0
1457919,426336072650625,1164125,0.61526841,256,1457664,1457919,1457875,0
1458175,426336073525708,1061375,0.57622205,256,1457920,1458175,1457946,0
1458431,426336074410458,1006667,0.61289621,256,1458176,1458431,1458324,0
1458687,426336075314875,960375,0.69292101,256,1458432,1458687,1458558,0
1458943,426336076197291,891625,0.59034389,256,1458688,1458943,1458883,0
1459199,426336077059625,850916,0.62245042,256,1458944,1459199,1459046,0
1459455,426336077968000,818125,0.59387524,256,1459200,1459455,1459402,0
1459711,426336078878916,834792,0.59891146,256,1459456,1459711,1459472,0
1459967,426336079816416,841792,0.59958757,256,1459712,1459967,1459897,0
1460223,426336080725750,1591250,0.58000046,256,1459968,1460223,1460050,0
1460479,426336081621416,1713750,0.60133077,256,1460224,1460479,1460289,0
1460735,426336082492500,1675708,0.63295032,256,1460480,1460735,1460666,0
1460991,426336083397416,1581000,0.59501282,256,1460736,1460991,1460790,0
1461247,426336084269291,1534917,0.60153947,256,1460992,1461247,1461002,0
1461503,426336085162083,1440000,0.59158211,256,1461248,1461503,1461373,0
1461759,426336086038625,1407541,0.64671385,256,1461504,1461759,1461544,0
1462015,426336086949083,1347792,0.63386269,256,1461760,1462015,1461875,0
1462271,426336087831000,1273125,0.63753856,256,1462016,1462271,1462260,0
1462527,426336088737541,1172292,0.59024547,256,1462272,1462527,1462375,0
1462783,426336089655416,1074334,0.63687953,256,1462528,1462783,1462655,0
1463039,426336090518333,1011625,0.64143286,256,1462784,1463039,1462978,0
1463295,426336091417666,912417,0.57706709,256,1463040,1463295,1463164,0
1463551,426336092340583,821708,0.61257362,256,1463296,1463551,1463429,0
1463807,426336093213875,818625,0.60967855,256,1463552,1463807,1463686,0
1464063,426336094095083,817042,0.64639082,256,1463808,1464063,1464021,0
1464319,426336094950500,878500,0.62269165,256,1464064,1464319,1464092,0
1464575,426336095783666,855250,0.62883106,256,1464320,1464575,1464431,0
1464831,426336096667666,846792,0.56860543,256,1464576,1464831,1464630,0
1465087,426336097585458,1710458,0.60762078,256,1464832,1465087,1465012,0
1465343,426336098438750,1836875,0.61130886,256,1465088,1465343,1465189,0
1465599,426336099328041,1767042,0.5750652,256,1465344,1465599,1465347,0
1465855,426336100237333,1670125,0.58355571,256,1465600,1465855,1465754,0
1466111,426336101089416,1644584,0.61997599,256,1465856,1466111,1466045,0
1466367,426336101949916,1597667,0.60002854,256,1466112,1466367,1466212,0
1466623,426336102864375,1516458,0.63354144,256,1466368,1466623,1466553,0
1466879,426336103781166,1419584,0.61653147,256,1466624,1466879,1466699,0
1467135,426336104621500,1392291,0.56357814,256,1466880,1467135,1466908,0
1467391,426336105482833,1350833,0.60738056,256,1467136,1467391,1467316,0
1467647,426336106351458,1285208,0.61848223,256,1467392,1467647,1467567,0
1467903,426336107223958,1248917,0.5728344,256,1467648,1467903,1467799,0
1468159,426336108102791,1185625,0.61213227,256,1467904,1468159,1468026,0
1468415,426336109001208,1094417,0.59197516,256,1468160,1468415,1468185,0
1468671,426336109957250,963375,0.59319544,256,1468416,1468671,1468469,0
1468927,426336110859958,880833,0.59242797,256,1468672,1468927,1468764,0
1469183,426336111657166,916584,0.60667735,256,1468928,1469183,1469149,0
1469439,426336112548166,874459,0.6337925,256,1469184,1469439,1469185,0
1469695,426336113443958,1654208,0.56935957,256,1469440,1469695,1469609,0
1469951,426336114302875,1795958,0.59063498,256,1469696,1469951,1469883,0
1470207,426336115197791,1733334,0.61252297,256,1469952,1470207,1470042,0
1470463,426336116056666,1707917,0.63678324,256,1470208,1470463,1470318,0
1470719,426336116925583,1674792,0.59948209,256,1470464,1470719,1470710,0
1470975,426336117829166,1589375,0.60904724,256,1470720,1470975,1470774,0
1471231,426336118693000,3880958,0.60613878,256,1470976,1471231,1471059,0
1471487,426336119580958,2994958,0.59180814,256,1471232,1471487,1471400,0
1471743,426336120608958,1968042,0.61424834,256,1471488,1471743,1471517,0
1471999,426336122597583,1401083,0.59625723,256,1471744,1471999,1471789,0
1472255,426336122613000,2191833,0.61436095,256,1472000,1472255,1472096,0
1472511,426336123167583,2488750,0.63025999,256,1472256,1472511,1472376,0
1472767,426336124066458,2421542,0.66362755,256,1472512,1472767,1472543,0
1473023,426336124934666,2411000,0.62217051,256,1472768,1473023,1472917,0
1473279,426336125796583,2395083,0.61708042,256,1473024,1473279,1473174,0
1473535,426336126691583,2332458,0.64805175,256,1473280,1473535,1473382,0
1473791,426336127607416,2277042,0.62971467,256,1473536,1473791,1473773,0
1474047,426336128539625,2132250,0.6198063,256,1473792,1474047,1473982,0
1474303,426336129442541,2029042,0.58066036,256,1474048,1474303,1474261,0
1474559,426336130335333,1974042,0.62529003,256,1474304,1474559,1474439,0
1474815,426336131177291,1960167,0.62864922,256,1474560,1474815,1474749,0
1475071,426336132079916,1893792,0.62037311,256,1474816,1475071,1475030,0
1475327,426336132950791,1822084,0.60885206,256,1475072,1475327,1475108,0
1475583,426336133804083,6961000,0.63898438,256,1475328,1475583,1475524,0
1475839,426336134703083,6068000,0.60914251,256,1475584,1475839,1475632,0
1476095,426336136396875,4375458,0.60579449,256,1475840,1476095,1475865,0
1476351,426336136438625,4334791,0.59432828,256,1476096,1476351,1476156,0
1476607,426336137276875,4542375,0.57141594,256,1476352,1476607,1476495,0
1476863,426336138362875,5051375,0.58731305,256,1476608,1476863,1476756,0
1477119,426336139050625,5921458,0.63939749,256,1476864,1477119,1477044,0
1477375,426336139950333,6606292,0.63027226,256,1477120,1477375,1477374,0
1477631,426336140855583,7313375,0.5942791,256,1477376,1477631,1477391,0
1477887,426336141719625,8008750,0.58388281,256,1477632,1477887,1477657,0
1478143,426336142630041,7870584,0.62146377,256,1477888,1478143,1477982,0
1478399,426336143522750,8223083,0.59878781,256,1478144,1478399,1478146,0
1478655,426336144403833,8129000,0.59872554,256,1478400,1478655,1478429,0
1478911,426336145277000,8048500,0.60944565,256,1478656,1478911,1478879,0
1479167,426336146150750,7989291,0.61940373,256,1478912,1479167,1479121,0
1479423,426336147003750,7956041,0.61862896,256,1479168,1479423,1479321,0
1479679,426336147900875,7854083,0.64121584,256,1479424,1479679,1479528,0
1479935,426336148839791,7738209,0.60850876,256,1479680,1479935,1479793,0
1480191,426336149793791,7570334,0.59243858,256,1479936,1480191,1480049,0
1480447,426336150641041,7544334,0.63755647,256,1480192,1480447,1480220,0
1480703,426336151650625,7336416,0.60332944,256,1480448,1480703,1480530,0
1480959,426336152417041,7395959,0.6298314,256,1480704,1480959,1480816,0
1481215,426336153359291,7248209,0.5681895,256,1480960,1481215,1481068,0
1481471,426336154230833,7178417,0.58800449,256,1481216,1481471,1481254,0
1481727,426336155122458,7072667,0.58821582,256,1481472,1481727,1481558,0
1481983,426336155953083,7052000,0.61040398,256,1481728,1481983,1481805,0
1482239,426336156786791,7011167,0.6066355,256,1481984,1482239,1482016,0
1482495,426336157734166,6863917,0.57977163,256,1482240,1482495,1482353,0
1482751,426336158612041,6815584,0.65932005,256,1482496,1482751,1482599,0
1483007,426336159470916,6751792,0.59602317,256,1482752,1483007,1482964,0
1483263,426336160363375,6690458,0.60274246,256,1483008,1483263,1483133,0
1483519,426336161216250,6633458,0.59988771,256,1483264,1483519,1483364,0
1483775,426336162139541,6581042,0.6686183,256,1483520,1483775,1483692,0
1484031,426336163070125,6433166,0.56468519,256,1483776,1484031,1483867,0
1484287,426336163962708,6360833,0.61662286,256,1484032,1484287,1484199,0
1484543,426336164838625,6315375,0.64193169,256,1484288,1484543,1484347,0
1484799,426336165732666,6227000,0.58499298,256,1484544,1484799,1484588,0
1485055,426336166604583,6146500,0.58960647,256,1484800,1485055,1484954,0
1485311,426336167432125,6120458,0.6016676,256,1485056,1485311,1485064,0
1485567,426336168356791,6027084,0.61858467,256,1485312,1485567,1485336,0
1485823,426336169267583,5946792,0.59487259,256,1485568,1485823,1485695,0
1486079,426336170144000,5883666,0.58018432,256,1485824,1486079,1486035,0
1486335,426336171050833,5770875,0.58325845,256,1486080,1486335,1486087,0
1486591,426336171896791,5732167,0.62981849,256,1486336,1486591,1486568,0
1486847,426336172856583,5589333,0.57930104,256,1486592,1486847,1486783,0
1487103,426336173711958,5564292,0.65859587,256,1486848,1487103,1487048,0
1487359,426336174620000,5506000,0.60778999,256,1487104,1487359,1487141,0
1487615,426336175471708,5459083,0.60367651,256,1487360,1487615,1487363,0
1487871,426336176342583,5406208,0.58603592,256,1487616,1487871,1487736,0
1488127,426336177197583,5361917,0.58117719,256,1487872,1488127,1488034,0
1488383,426336178062541,5331000,0.6051523,256,1488128,1488383,1488138,0
1488639,426336178925500,5272000,0.60204624,256,1488384,1488639,1488401,0
1488895,426336179826791,5189959,0.60905626,256,1488640,1488895,1488837,0
1489151,426336180667583,5591167,0.64303692,256,1488896,1489151,1489078,0
1489407,426336181599666,5491042,0.60143652,256,1489152,1489407,1489228,0
1489663,426336182544666,5380667,0.61402743,256,1489408,1489663,1489611,0
1489919,426336183367041,5415792,0.59535371,256,1489664,1489919,1489827,0
1490175,426336184283750,5346041,0.61915101,256,1489920,1490175,1489963,0
1490431,426336185131791,5346250,0.61467062,256,1490176,1490431,1490317,0
1490687,426336185987875,5338666,0.59832341,256,1490432,1490687,1490499,0
1490943,426336186889541,5277000,0.60441898,256,1490688,1490943,1490906,0
1491199,426336187768625,5242708,0.60027493,256,1490944,1491199,1491111,0
1491455,426336188636458,5245708,0.66421782,256,1491200,1491455,1491410,0
1491711,426336189528625,5192791,0.61290356,256,1491456,1491711,1491574,0
1491967,426336190407125,5154250,0.64918656,256,1491712,1491967,1491800,0
1492223,426336191324666,5067417,0.59092323,256,1491968,1492223,1492037,0
1492479,426336192217875,4990250,0.59101226,256,1492224,1492479,1492425,0
1492735,426336193073958,5037625,0.65669599,256,1492480,1492735,1492546,0
1492991,426336193972541,4953917,0.59736265,256,1492736,1492991,1492835,0
1493247,426336194874583,4885542,0.62120374,256,1492992,1493247,1493029,0
1493503,426336195791500,4823416,0.60772612,256,1493248,1493503,1493425,0
1493759,426336196718875,4725250,0.57819875,256,1493504,1493759,1493714,0
1494015,426336197622708,4651333,0.62012724,256,1493760,1494015,1493966,0
1494271,426336198517875,4608500,0.59574194,256,1494016,1494271,1494049,0
1494527,426336199380750,4591666,0.62712254,256,1494272,1494527,1494281,0
1494783,426336200248250,4549083,0.59939127,256,1494528,1494783,1494578,0
1495039,426336201165750,4474791,0.62206653,256,1494784,1495039,1494923,0
1495295,426336202077416,4426875,0.62019624,256,1495040,1495295,1495197,0
1495551,426336203064708,4284292,0.62464416,256,1495296,1495551,1495509,0
1495807,426336203907833,4281667,0.61700318,256,1495552,1495807,1495591,0
1496063,426336204754250,4238666,0.59613018,256,1495808,1496063,1496021,0
1496319,426336205597791,4208792,0.63017868,256,1496064,1496319,1496085,0
1496575,426336206478125,4142958,0.61242889,256,1496320,1496575,1496400,0
1496831,426336207380916,4055875,0.59227937,256,1496576,1496831,1496660,0
1497087,426336208313791,3956167,0.59442219,256,1496832,1497087,1496912,0
1497343,426336209266791,3850459,0.63925784,256,1497088,1497343,1497231,0
1497599,426336210183791,3754584,0.60842845,256,1497344,1497599,1497382,0
1497855,426336211092250,3663833,0.61103145,256,1497600,1497855,1497792,0
1498111,426336211967083,3632917,0.61090879,256,1497856,1498111,1498079,0
1498367,426336212929208,3491417,0.59589135,256,1498112,1498367,1498153,0
1498623,426336213797750,3454791,0.61692627,256,1498368,1498623,1498449,0
1498879,426336214658750,3431541,0.64087453,256,1498624,1498879,1498872,0
1499135,426336215505666,3425542,0.6315689,256,1498880,1499135,1499100,0
1499391,426336216356958,3377417,0.5872921,256,1499136,1499391,1499189,0
1499647,426336217227625,3364333,0.63829549,256,1499392,1499647,1499582,0
1499903,426336218089041,3336417,0.62853484,256,1499648,1499903,1499785,0
1500159,426336218962416,3337250,0.60755528,256,1499904,1500159,1499992,0
1500415,426336219875666,3263625,0.60530327,256,1500160,1500415,1500165,0
1500671,426336220747791,3248000,0.62263458,256,1500416,1500671,1500529,0
1500927,426336221694250,3140583,0.60779822,256,1500672,1500927,1500800,0
1501183,426336222597125,3084458,0.60230919,256,1500928,1501183,1500956,0
1501439,426336223485833,3042167,0.63330478,256,1501184,1501439,1501378,0
1501695,426336224421000,2952250,0.63263105,256,1501440,1501695,1501595,0
1501951,426336225252000,2986625,0.64410942,256,1501696,1501951,1501775,0
1502207,426336226151791,2927292,0.6023155,256,1501952,1502207,1502198,0
1502463,426336227016875,2892416,0.59392582,256,1502208,1502463,1502393,0
1502719,426336227906000,2894750,0.6397648,256,1502464,1502719,1502632,0
1502975,426336228803833,2837458,0.61741068,256,1502720,1502975,1502751,0
1503231,426336229691083,2812583,0.61318985,256,1502976,1503231,1503213,0
1503487,426336230583875,2771833,0.62750057,256,1503232,1503487,1503340,0
1503743,426336231461833,2782042,0.63772835,256,1503488,1503743,1503564,0
1503999,426336232455916,2665375,0.64164905,256,1503744,1503999,1503983,0
1504255,426336233389583,2593667,0.64319282,256,1504000,1504255,1504236,0
1504511,426336234260000,2585458,0.60900428,256,1504256,1504511,1504495,0
1504767,426336235126208,2567917,0.62274917,256,1504512,1504767,1504562,0
1505023,426336235920291,2616625,0.63732299,256,1504768,1505023,1504909,0
1505279,426336236757041,2631417,0.59443301,256,1505024,1505279,1505257,0
1505535,426336237619625,2635041,0.64122953,256,1505280,1505535,1505392,0
1505791,426336238551416,2566042,0.64987984,256,1505536,1505791,1505685,0
1506047,426336239436875,2553750,0.60605493,256,1505792,1506047,1505837,0
1506303,426336240339083,2508583,0.65296432,256,1506048,1506303,1506301,0
1506559,426336241257541,2453250,0.63426197,256,1506304,1506559,1506311,0
1506815,426336242148541,2399667,0.64018076,256,1506560,1506815,1506720,0
1507071,426336243057041,2353959,0.62623433,256,1506816,1507071,1506952,0
1507327,426336243956875,2284916,0.63829761,256,1507072,1507327,1507086,0
1507583,426336244868750,2241500,0.61976185,256,1507328,1507583,1507469,0
1507839,426336245798333,2171125,0.61656514,256,1507584,1507839,1507835,0
1508095,426336246692250,2163291,0.64076093,256,1507840,1508095,1507886,0
1508351,426336247574291,2138792,0.61740189,256,1508096,1508351,1508349,0
1508607,426336248510666,2083209,0.64467236,256,1508352,1508607,1508411,0
1508863,426336249365291,2104084,0.62364927,256,1508608,1508863,1508705,0
1509119,426336250289625,2065375,0.67610459,256,1508864,1509119,1509061,0
1509375,426336251132541,2100750,0.61156548,256,1509120,1509375,1509322,0
1509631,426336252017041,2101667,0.64185669,256,1509376,1509631,1509531,0
1509887,426336252864041,2097250,0.60819544,256,1509632,1509887,1509835,0
1510143,426336253770583,2054667,0.58116441,256,1509888,1510143,1510078,0
1510399,426336254695875,2003125,0.60853292,256,1510144,1510399,1510172,0
1510655,426336255547208,2053333,0.65325771,256,1510400,1510655,1510628,0
1510911,426336256417291,2060875,0.67894507,256,1510656,1510911,1510670,0
1511167,426336257289916,2078084,0.64961557,256,1510912,1511167,1511141,0
1511423,426336258227958,1989542,0.62749321,256,1511168,1511423,1511374,0
1511679,426336259126208,1963750,0.65605684,256,1511424,1511679,1511445,0
1511935,426336259968125,2021125,0.63862436,256,1511680,1511935,1511769,0
1512191,426336260831291,2052792,0.64809905,256,1511936,1512191,1512177,0
1512447,426336261666083,2108250,0.63287607,256,1512192,1512447,1512234,0
1512703,426336262565500,2076958,0.61548058,256,1512448,1512703,1512614,0
1512959,426336263411875,2103333,0.59944774,256,1512704,1512959,1512746,0
1513215,426336264303375,2086666,0.64472019,256,1512960,1513215,1513083,0
1513471,426336265193083,2054292,0.59119149,256,1513216,1513471,1513246,0
1513727,426336266105375,2034250,0.6762325,256,1513472,1513727,1513542,0
1513983,426336266959083,2057750,0.63039284,256,1513728,1513983,1513973,0
1514239,426336267841500,2029583,0.65093792,256,1513984,1514239,1514183,0
1514495,426336268703958,2025083,0.58754861,256,1514240,1514495,1514257,0
1514751,426336269578958,2003458,0.61951663,256,1514496,1514751,1514506,0
1515007,426336270418875,2011541,0.59019091,256,1514752,1515007,1514762,0
1515263,426336271346125,1940000,0.62346011,256,1515008,1515263,1515153,0
1515519,426336272239125,1909750,0.62318861,256,1515264,1515519,1515354,0
1515775,426336273050250,1996583,0.60674639,256,1515520,1515775,1515743,0
1516031,426336273915583,1997500,0.57655639,256,1515776,1516031,1515823,0
1516287,426336274772791,1989709,0.61005339,256,1516032,1516287,1516139,0
1516543,426336275714791,1906834,0.64976743,256,1516288,1516543,1516528,0
1516799,426336276582500,1931291,0.67761214,256,1516544,1516799,1516606,0
1517055,426336277514166,1843334,0.63351258,256,1516800,1517055,1516970,0
1517311,426336278399916,1818000,0.60263866,256,1517056,1517311,1517303,0
1517567,426336279330208,1760208,0.6318691,256,1517312,1517567,1517349,0
1517823,426336280236375,1722541,0.60372303,256,1517568,1517823,1517572,0
1518079,426336281093333,1706042,0.58486997,256,1517824,1518079,1517928,0
1518335,426336281941916,1700750,0.59024759,256,1518080,1518335,1518099,0
1518591,426336282812666,1693417,0.68728591,256,1518336,1518591,1518577,0
1518847,426336283713666,1655834,0.61867574,256,1518592,1518847,1518642,0
1519103,426336284591291,1637084,0.61264445,256,1518848,1519103,1518860,0
1519359,426336285458791,1621959,0.61710258,256,1519104,1519359,1519209,0
1519615,426336286385125,1524416,0.6286582,256,1519360,1519615,1519592,0
1519871,426336287245125,1537000,0.6453923,256,1519616,1519871,1519761,0
1520127,426336288200083,1469792,0.63490297,256,1519872,1520127,1519931,0
1520383,426336289083208,1464333,0.6416423,256,1520128,1520383,1520262,0
1520639,426336289953750,1445000,0.60697028,256,1520384,1520639,1520435,0
1520895,426336290812500,1475333,0.63129476,256,1520640,1520895,1520723,0
1521151,426336291671625,1440708,0.64913662,256,1520896,1521151,1521021,0
1521407,426336292543958,1457250,0.64973736,256,1521152,1521407,1521379,0
1521663,426336293451333,1401042,0.57956331,256,1521408,1521663,1521660,0
1521919,426336294273083,1420125,0.61284035,256,1521664,1521919,1521740,0
1522175,426336295128625,1417875,0.64470687,256,1521920,1522175,1522057,0
1522431,426336296032708,1378125,0.59847605,256,1522176,1522431,1522228,0
1522687,426336296893583,1417375,0.68487594,256,1522432,1522687,1522573,0
1522943,426336297737166,1426417,0.60635518,256,1522688,1522943,1522827,0
1523199,426336298671708,1385833,0.63492915,256,1522944,1523199,1523095,0
1523455,426336299575625,1341000,0.64038003,256,1523200,1523455,1523424,0
1523711,426336300473583,1290875,0.60458498,256,1523456,1523711,1523626,0
1523967,426336301344000,1254958,0.61138184,256,1523712,1523967,1523938,0
1524223,426336302216708,1220333,0.59090211,256,1523968,1524223,1524005,0
1524479,426336303052083,1232375,0.62098797,256,1524224,1524479,1524466,0
1524735,426336303974916,1157334,0.62856775,256,1524480,1524735,1524618,0
1524991,426336304838000,1147541,0.61344227,256,1524736,1524991,1524746,0
1525247,426336305787458,1084208,0.64044553,256,1524992,1525247,1525223,0
1525503,426336306661958,1075292,0.62097953,256,1525248,1525503,1525488,0
1525759,426336307536458,1066083,0.61062979,256,1525504,1525759,1525660,0
1526015,426336308436750,1024541,0.60962017,256,1525760,1526015,1526008,0
1526271,426336309341875,983166,0.60111605,256,1526016,1526271,1526149,0
1526527,426336310219500,973500,0.61720247,256,1526272,1526527,1526347,0
1526783,426336311130666,922292,0.64102501,256,1526528,1526783,1526538,0
1527039,426336312055083,857708,0.58298577,256,1526784,1527039,1526939,0
1527295,426336312957500,1728916,0.6443855,256,1527040,1527295,1527259,0
1527551,426336313850458,1808917,0.63127731,256,1527296,1527551,1527391,0
1527807,426336314716708,1795250,0.65614144,256,1527552,1527807,1527559,0
1528063,426336315601250,1761833,0.61891241,256,1527808,1528063,1528054,0
1528319,426336316497333,1682042,0.6332931,256,1528064,1528319,1528081,0
1528575,426336317412375,1591000,0.60331849,256,1528320,1528575,1528493,0
1528831,426336318296500,1523333,0.61998326,256,1528576,1528831,1528701,0
1529087,426336319213625,1421583,0.65400459,256,1528832,1529087,1529035,0
1529343,426336320009041,1451459,0.6237523,256,1529088,1529343,1529134,0
1529599,426336320885291,1413875,0.6458288,256,1529344,1529599,1529599,0
1529855,426336321770666,1372417,0.60521927,256,1529600,1529855,1529608,0
1530111,426336322695958,1282667,0.597402,256,1529856,1530111,1530061,0
1530367,426336323554000,1231625,0.61188899,256,1530112,1530367,1530235,0
1530623,426336324378166,1245084,0.66563199,256,1530368,1530623,1530416,0
1530879,426336325314750,1122500,0.61303204,256,1530624,1530879,1530869,0
1531135,426336326208708,1037500,0.59416986,256,1530880,1531135,1531039,0
1531391,426336327088583,981417,0.60281846,256,1531136,1531391,1531136,0
1531647,426336327922458,943958,0.57155643,256,1531392,1531647,1531591,0
1531903,426336328818375,847916,0.59648675,256,1531648,1531903,1531707,0
1532159,426336329736708,1428792,0.65585927,256,1531904,1532159,1532050,0
1532415,426336330572625,1452958,0.63750405,256,1532160,1532415,1532395,0
1532671,426336331495958,1351833,0.58455642,256,1532416,1532671,1532649,0
1532927,426336332333375,1377750,0.65071636,256,1532672,1532927,1532698,0
1533183,426336333217041,1320875,0.61297029,256,1532928,1533183,1533178,0
1533439,426336334067333,1302958,0.62639294,256,1533184,1533439,1533314,0
1533695,426336334968875,1237083,0.61854913,256,1533440,1533695,1533631,0
1533951,426336335813291,1219042,0.59637254,256,1533696,1533951,1533899,0
1534207,426336336620583,1270167,0.63534921,256,1533952,1534207,1534202,0
1534463,426336337477666,1284917,0.61000586,256,1534208,1534463,1534365,0
1534719,426336338337000,1271750,0.59199943,256,1534464,1534719,1534650,0
1534975,426336339214958,1231083,0.62598071,256,1534720,1534975,1534911,0
1535231,426336340095416,1193917,0.60876253,256,1534976,1535231,1535063,0
1535487,426336341009208,1092000,0.62042115,256,1535232,1535487,1535310,0
1535743,426336341904875,1014625,0.60044824,256,1535488,1535743,1535687,0
1535999,426336342778875,986375,0.60120333,256,1535744,1535999,1535916,0
1536255,426336343677458,976500,0.62258164,256,1536000,1536255,1536031,0
1536511,426336344544708,936042,0.63793373,256,1536256,1536511,1536484,0
1536767,426336345446583,904125,0.63242657,256,1536512,1536767,1536650,0
1537023,426336346304416,866625,0.65676825,256,1536768,1537023,1536807,0
1537279,426336347179166,1636292,0.65068601,256,1537024,1537279,1537136,0
1537535,426336348107708,1749417,0.65469798,256,1537280,1537535,1537363,0
1537791,426336348967500,1719208,0.60124857,256,1537536,1537791,1537715,0
1538047,426336349882916,1634250,0.61766377,256,1537792,1538047,1537852,0
1538303,426336350803666,1535417,0.59642016,256,1538048,1538303,1538174,0
1538559,426336351681541,1513125,0.66309834,256,1538304,1538559,1538535,0
1538815,426336352603458,1394208,0.56907406,256,1538560,1538815,1538736,0
1539071,426336353552416,1292209,0.61057383,256,1538816,1539071,1538830,0
1539327,426336354416583,1272917,0.60759245,256,1539072,1539327,1539191,0
1539583,426336355328458,1175125,0.65781552,256,1539328,1539583,1539424,0
1539839,426336356225958,1112750,0.63992472,256,1539584,1539839,1539588,0
1540095,426336357115666,1040917,0.60113956,256,1539840,1540095,1540093,0
1540351,426336357969958,1031500,0.59723792,256,1540096,1540351,1540167,0
1540607,426336358826791,1003500,0.62129579,256,1540352,1540607,1540357,0
1540863,426336359693250,980833,0.62064396,256,1540608,1540863,1540657,0
1541119,426336360555208,937042,0.60302827,256,1540864,1541119,1540880,0
1541375,426336361432541,914459,0.60785975,256,1541120,1541375,1541179,0
1541631,426336362295250,873000,0.61596974,256,1541376,1541631,1541397,0
1541887,426336363210333,824000,0.56519687,256,1541632,1541887,1541775,0
1542143,426336364069000,843083,0.62374666,256,1541888,1542143,1541951,0
1542399,426336364980708,1638208,0.58368317,256,1542144,1542399,1542310,0
1542655,426336365829666,1777000,0.58232311,256,1542400,1542655,1542585,0
1542911,426336366721208,1708458,0.6099363,256,1542656,1542911,1542804,0
1543167,426336367550916,1671625,0.60861314,256,1542912,1543167,1542938,0
1543423,426336368462583,1605375,0.61528807,256,1543168,1543423,1543281,0
1543679,426336369348375,1544291,0.60228561,256,1543424,1543679,1543523,0
1543935,426336370229333,1448792,0.65134198,256,1543680,1543935,1543862,0
1544191,426336371088791,1388084,0.62799196,256,1543936,1544191,1544136,0
1544447,426336371994000,1287458,0.58681251,256,1544192,1544447,1544411,0
1544703,426336372849875,1252875,0.64382915,256,1544448,1544703,1544454,0
1544959,426336373786791,1113292,0.60329803,256,1544704,1544959,1544799,0
1545215,426336374660208,1047333,0.62816033,256,1544960,1545215,1545159,0
1545471,426336375487541,994834,0.57488227,256,1545216,1545471,1545390,0
1545727,426336376375000,915833,0.64913908,256,1545472,1545727,1545529,0
1545983,426336377348916,1597250,0.59932455,256,1545728,1545983,1545820,0
1546239,426336378232166,1764500,0.61677297,256,1545984,1546239,1546227,0
1546495,426336379077208,1756917,0.65642894,256,1546240,1546495,1546328,0
1546751,426336379938958,1724250,0.61479246,256,1546496,1546751,1546554,0
1547007,426336380793750,1675791,0.57780175,256,1546752,1547007,1547005,0
1547263,426336381688291,1605334,0.60889053,256,1547008,1547263,1547192,0
1547519,426336382541208,1578500,0.60937281,256,1547264,1547519,1547410,0
1547775,426336383438750,1517583,0.6789547,256,1547520,1547775,1547564,0
1548031,426336384244666,1785834,0.62730144,256,1547776,1548031,1547963,0
1548287,426336385077833,1751500,0.60328595,256,1548032,1548287,1548068,0
1548543,426336385969291,1640542,0.62217247,256,1548288,1548543,1548533,0
1548799,426336386862916,1571917,0.64256733,256,1548544,1548799,1548558,0
1549055,426336387815958,1448792,0.6161321,256,1548800,1549055,1548819,0
1549311,426336388637500,1436583,0.60359799,256,1549056,1549311,1549210,0
1549567,426336389521333,1346125,0.56453933,256,1549312,1549567,1549549,0
1549823,426336390417333,1224125,0.59659302,256,1549568,1549823,1549648,0
1550079,426336391350125,1106125,0.61424866,256,1549824,1550079,1550051,0
1550335,426336392241541,1014500,0.61688379,256,1550080,1550335,1550288,0
1550591,426336393021166,1045542,0.62930165,256,1550336,1550591,1550343,0
1550847,426336393902375,976541,0.58270619,256,1550592,1550847,1550654,0
1551103,426336394781250,920958,0.62488011,256,1550848,1551103,1550957,0
1551359,426336395646625,857416,0.57593519,256,1551104,1551359,1551231,0
1551615,426336396532125,1316166,0.62010245,256,1551360,1551615,1551578,0
1551871,426336397400500,1266333,0.61426755,256,1551616,1551871,1551636,0
1552127,426336398340000,1119375,0.59584126,256,1551872,1552127,1552094,0
1552383,426336399237916,1005959,0.60658991,256,1552128,1552383,1552213,0
1552639,426336400151375,903083,0.61519844,256,1552384,1552639,1552489,0
1552895,426336400999791,861417,0.59425728,256,1552640,1552895,1552738,0
1553151,426336401882958,817583,0.61129457,256,1552896,1553151,1553016,0
1553407,426336402795083,828917,0.60562089,256,1553152,1553407,1553295,0
1553663,426336403649416,806042,0.60377393,256,1553408,1553663,1553520,0
1553919,426336404526958,860708,0.62713047,256,1553664,1553919,1553836,0
1554175,426336405473291,866292,0.6093607,256,1553920,1554175,1553945,0
1554431,426336406325375,826625,0.65692913,256,1554176,1554431,1554263,0
1554687,426336407131833,845292,0.61805452,256,1554432,1554687,1554465,0
1554943,426336408051708,1013292,0.62261602,256,1554688,1554943,1554803,0
1555199,426336408989583,869958,0.59726526,256,1554944,1555199,1555187,0
1555455,426336409855458,823625,0.61549548,256,1555200,1555455,1555236,0
1555711,426336410734791,1625750,0.60383213,256,1555456,1555711,1555690,0
1555967,426336411660500,1706541,0.57401221,256,1555712,1555967,1555755,0
1556223,426336412554708,1618625,0.58227665,256,1555968,1556223,1556062,0
1556479,426336413403916,1581917,0.59378722,256,1556224,1556479,1556332,0
1556735,426336414315333,1491375,0.61128015,256,1556480,1556735,1556591,0
1556991,426336415177041,1452084,0.62494963,256,1556736,1556991,1556835,0
1557247,426336416042583,1387333,0.59723363,256,1556992,1557247,1557044,0
1557503,426336416906916,1359500,0.58792185,256,1557248,1557503,1557302,0
1557759,426336417791708,1320250,0.61263605,256,1557504,1557759,1557590,0
1558015,426336418686875,1246750,0.61526841,256,1557760,1558015,1557875,0
1558271,426336419558333,1168917,0.57187917,256,1558016,1558271,1558258,0
1558527,426336420468791,1124417,0.63655577,256,1558272,1558527,1558520,0
1558783,426336421295083,1174125,0.69292101,256,1558528,1558783,1558558,0
1559039,426336422273291,1037500,0.59034389,256,1558784,1559039,1558883,0
1559295,426336423089250,1042208,0.62245042,256,1559040,1559295,1559046,0
1559551,426336424009541,962834,0.59891146,256,1559296,1559551,1559472,0
1559807,426336424938625,848333,0.59348389,256,1559552,1559807,1559762,0
1560063,426336425886666,861459,0.59958757,256,1559808,1560063,1559897,0
1560319,426336426770375,812750,0.60133077,256,1560064,1560319,1560289,0
1560575,426336427627833,855208,0.59212213,256,1560320,1560575,1560573,0
1560831,426336428535541,864000,0.63295032,256,1560576,1560831,1560666,0
1561087,426336429422416,869209,0.60153947,256,1560832,1561087,1561002,0
1561343,426336430318000,838750,0.58873099,256,1561088,1561343,1561211,0
1561599,426336431189041,854667,0.64671385,256,1561344,1561599,1561544,0
1561855,426336432108666,1256084,0.6293775,256,1561600,1561855,1561653,0
1562111,426336432976583,1248250,0.63386269,256,1561856,1562111,1561875,0
1562367,426336433882125,1187666,0.63753856,256,1562112,1562367,1562260,0
1562623,426336434802833,1091250,0.61157715,256,1562368,1562623,1562614,0
1562879,426336435672000,1066291,0.63687953,256,1562624,1562879,1562655,0
1563135,426336436545500,1015708,0.64143286,256,1562880,1563135,1562978,0
1563391,426336437465291,909000,0.57790313,256,1563136,1563391,1563300,0
1563647,426336438338875,858500,0.61257362,256,1563392,1563647,1563429,0
1563903,426336439270000,1656333,0.60967855,256,1563648,1563903,1563686,0
1564159,426336440112333,1829000,0.64639082,256,1563904,1564159,1564021,0
1564415,426336440964500,1776458,0.61029215,256,1564160,1564415,1564207,0
1564671,426336441823666,1700334,0.62883106,256,1564416,1564671,1564431,0
1564927,426336442702250,1618333,0.56441215,256,1564672,1564927,1564810,0
1565183,426336443589208,1541417,0.60762078,256,1564928,1565183,1565012,0
1565439,426336444457541,1463125,0.61130886,256,1565184,1565439,1565189,0
1565695,426336445366083,1347750,0.57097002,256,1565440,1565695,1565478,0
1565951,426336446275666,1235584,0.58718128,256,1565696,1565951,1565933,0
1566207,426336447122625,1196750,0.61997599,256,1565952,1566207,1566045,0
1566463,426336448020958,1095958,0.60002854,256,1566208,1566463,1566212,0
1566719,426336448905208,1017792,0.63354144,256,1566464,1566719,1566553,0
1566975,426336449808708,914042,0.61077366,256,1566720,1566975,1566792,0
1567231,426336450655375,843208,0.5885259,256,1566976,1567231,1567159,0
1567487,426336451531125,1600458,0.60738056,256,1567232,1567487,1567316,0
1567743,426336452378541,1759500,0.61848223,256,1567488,1567743,1567567,0
1567999,426336453236791,1695792,0.6022365,256,1567744,1567999,1567968,0
1568255,426336454132041,1608959,0.61213227,256,1568000,1568255,1568026,0
1568511,426336455084458,1453125,0.59319544,256,1568256,1568511,1568469,0
1568767,426336455988083,1332458,0.59242797,256,1568512,1568767,1568764,0
1569023,426336456864125,1254750,0.58565776,256,1568768,1569023,1568869,0
1569279,426336457701833,1239167,0.6337925,256,1569024,1569279,1569185,0
1569535,426336458562333,1195375,0.62627704,256,1569280,1569535,1569375,0
1569791,426336459484291,1061625,0.57674917,256,1569536,1569791,1569699,0
1570047,426336460377083,965667,0.61252297,256,1569792,1570047,1570042,0
1570303,426336461224291,936125,0.59082476,256,1570048,1570303,1570232,0
1570559,426336462077916,886750,0.63678324,256,1570304,1570559,1570318,0
1570815,426336462959625,819500,0.60904724,256,1570560,1570815,1570774,0
1571071,426336463875583,1605625,0.60613878,256,1570816,1571071,1571059,0
1571327,426336464730333,1756792,0.60333579,256,1571072,1571327,1571168,0
1571583,426336465611208,1699042,0.61424834,256,1571328,1571583,1571517,0
1571839,426336466505916,1617417,0.59625723,256,1571584,1571839,1571789,0
1572095,426336467445625,1454250,0.60373505,256,1571840,1572095,1572002,0
1572351,426336468322833,1401917,0.61460563,256,1572096,1572351,1572272,0
1572607,426336469176708,1375000,0.66362755,256,1572352,1572607,1572543,0
1572863,426336470072125,1267750,0.59350308,256,1572608,1572863,1572806,0
1573119,426336470968958,1200792,0.62217051,256,1572864,1573119,1572917,0
1573375,426336471825791,1170459,0.61708042,256,1573120,1573375,1573174,0
1573631,426336472734416,1062417,0.64805175,256,1573376,1573631,1573382,0
1573887,426336473666416,935959,0.62971467,256,1573632,1573887,1573773,0
1574143,426336474557000,863083,0.6198063,256,1573888,1574143,1573982,0
1574399,426336475467916,786750,0.58066036,256,1574144,1574399,1574261,0
1574655,426336476353000,1641041,0.62529003,256,1574400,1574655,1574439,0
1574911,426336477242916,1740792,0.62864922,256,1574656,1574911,1574749,0
1575167,426336478106458,1688625,0.62037311,256,1574912,1575167,1575030,0
1575423,426336478958250,1620666,0.5705806,256,1575168,1575423,1575385,0
1575679,426336479848625,1550500,0.63898438,256,1575424,1575679,1575524,0
1575935,426336480716000,1477375,0.60579449,256,1575680,1575935,1575865,0
1576191,426336481578333,1404708,0.59432828,256,1575936,1576191,1576156,0
1576447,426336482453625,1312541,0.56983826,256,1576192,1576447,1576319,0
1576703,426336483320500,1255500,0.57141594,256,1576448,1576703,1576495,0
1576959,426336484173875,1547500,0.5911342,256,1576704,1576959,1576923,0
1577215,426336485074875,1500958,0.63939749,256,1576960,1577215,1577044,0
1577471,426336485995750,1401583,0.63027226,256,1577216,1577471,1577374,0
1577727,426336486892083,1319542,0.58755874,256,1577472,1577727,1577610,0
1577983,426336487756916,1289667,0.62146377,256,1577728,1577983,1577982,0
1578239,426336488648416,1223792,0.60246461,256,1577984,1578239,1578132,0
1578495,426336489544250,1150333,0.59872554,256,1578240,1578495,1578429,0
1578751,426336490438958,1070583,0.59822397,256,1578496,1578751,1578555,0
1579007,426336491271833,1041792,0.60944565,256,1578752,1579007,1578879,0
1579263,426336492158291,1000625,0.61940373,256,1579008,1579263,1579121,0
1579519,426336493055791,942834,0.61862896,256,1579264,1579519,1579321,0
1579775,426336493978708,844667,0.64121584,256,1579520,1579775,1579528,0
1580031,426336494867500,845000,0.60850876,256,1579776,1580031,1579793,0
1580287,426336495762541,850834,0.63755647,256,1580032,1580287,1580220,0
1580543,426336496695916,843584,0.62428661,256,1580288,1580543,1580344,0
1580799,426336497591333,806708,0.57821061,256,1580544,1580799,1580769,0
1581055,426336498453875,846375,0.6298314,256,1580800,1581055,1580816,0
1581311,426336499359125,835333,0.58800449,256,1581056,1581311,1581254,0
1581567,426336500287791,1726000,0.58821582,256,1581312,1581567,1581558,0
1581823,426336501166375,1815791,0.61040398,256,1581568,1581823,1581805,0
1582079,426336501961083,1847833,0.6066355,256,1581824,1582079,1582016,0
1582335,426336502826625,1795625,0.57035621,256,1582080,1582335,1582232,0
1582591,426336503762458,1675917,0.64955942,256,1582336,1582591,1582580,0
1582847,426336504640958,1646917,0.65932005,256,1582592,1582847,1582599,0
1583103,426336505508875,1631458,0.59602317,256,1582848,1583103,1582964,0
1583359,426336506390333,1561000,0.60274246,256,1583104,1583359,1583133,0
1583615,426336507265416,1537792,0.61212021,256,1583360,1583615,1583568,0
1583871,426336508190583,1473875,0.6686183,256,1583616,1583871,1583692,0
1584127,426336509084666,1388459,0.60951265,256,1583872,1584127,1584032,0
1584383,426336509989208,1350000,0.64193169,256,1584128,1584383,1584347,0
1584639,426336510909416,1256000,0.58499298,256,1584384,1584639,1584588,0
1584895,426336511776041,1226084,0.58175114,256,1584640,1584895,1584783,0
1585151,426336512594916,1214542,0.6016676,256,1584896,1585151,1585064,0
1585407,426336513457541,1194542,0.61858467,256,1585152,1585407,1585336,0
1585663,426336514378166,1122875,0.59030133,256,1585408,1585663,1585641,0
1585919,426336515285500,1053875,0.59487259,256,1585664,1585919,1585695,0
1586175,426336516177250,995041,0.58325845,256,1585920,1586175,1586087,0
1586431,426336517061583,925042,0.57110776,256,1586176,1586431,1586261,0
1586687,426336517940458,877958,0.62981849,256,1586432,1586687,1586568,0
1586943,426336518865083,821708,0.60212846,256,1586688,1586943,1586884,0
1587199,426336519757458,1667625,0.65859587,256,1586944,1587199,1587048,0
1587455,426336520641416,1778792,0.60433851,256,1587200,1587455,1587327,0
1587711,426336521493291,1731750,0.60328128,256,1587456,1587711,1587525,0
1587967,426336522377750,1679291,0.58603592,256,1587712,1587967,1587736,0
1588223,426336523233666,1631625,0.6051523,256,1587968,1588223,1588138,0
1588479,426336524066708,1620375,0.60298794,256,1588224,1588479,1588341,0
1588735,426336524999291,1489292,0.59905662,256,1588480,1588735,1588644,0
1588991,426336525862625,1456958,0.61451882,256,1588736,1588991,1588947,0
1589247,426336526716916,1404834,0.64303692,256,1588992,1589247,1589078,0
1589503,426336527690625,1243125,0.5877867,256,1589248,1589503,1589433,0
1589759,426336528523666,1231834,0.61402743,256,1589504,1589759,1589611,0
1590015,426336529423291,1169625,0.61915101,256,1589760,1590015,1589963,0
1590271,426336530259333,1139917,0.57221192,256,1590016,1590271,1590226,0
1590527,426336531146916,1080042,0.61467062,256,1590272,1590527,1590317,0
1590783,426336532014333,1041750,0.57762067,256,1590528,1590783,1590641,0
1591039,426336532884166,988542,0.60441898,256,1590784,1591039,1590906,0
1591295,426336533802500,902083,0.61028263,256,1591040,1591295,1591281,0
1591551,426336534644750,906583,0.66421782,256,1591296,1591551,1591410,0
1591807,426336535543166,845959,0.64918656,256,1591552,1591807,1591800,0
1592063,426336536442166,821250,0.62763628,256,1591808,1592063,1591924,0
1592319,426336537352583,821833,0.59030164,256,1592064,1592319,1592263,0
1592575,426336538206458,844042,0.65669599,256,1592320,1592575,1592546,0
1592831,426336539110000,867250,0.63442299,256,1592576,1592831,1592633,0
1593087,426336539969583,837000,0.62120374,256,1592832,1593087,1593029,0
1593343,426336540938250,844041,0.60691563,256,1593088,1593343,1593171,0
1593599,426336541824791,1666667,0.60772612,256,1593344,1593599,1593425,0
1593855,426336542756000,1704750,0.57819875,256,1593600,1593855,1593714,0
1594111,426336543668958,1618958,0.62012724,256,1593856,1594111,1593966,0
1594367,426336544529958,1587250,0.62712254,256,1594112,1594367,1594281,0
1594623,426336545399666,1539000,0.60192367,256,1594368,1594623,1594373,0
1594879,426336546293541,1449334,0.58488348,256,1594624,1594879,1594651,0
1595135,426336547200375,1359416,0.62206653,256,1594880,1595135,1594923,0
1595391,426336548174000,1235583,0.62414991,256,1595136,1595391,1595367,0
1595647,426336549046291,1195167,0.62464416,256,1595392,1595647,1595509,0
1595903,426336549924375,1111166,0.57558784,256,1595648,1595903,1595683,0
1596159,426336550746833,1070917,0.63017868,256,1595904,1596159,1596085,0
1596415,426336551607833,1012750,0.61242889,256,1596160,1596415,1596400,0
1596671,426336552508791,903000,0.59227937,256,1596416,1596671,1596660,0
1596927,426336553406250,830583,0.59442219,256,1596672,1596927,1596912,0
1597183,426336554354041,809750,0.58007661,256,1596928,1597183,1596931,0
1597439,426336555328791,866209,0.63925784,256,1597184,1597439,1597231,0
1597695,426336556215208,834792,0.58870569,256,1597440,1597695,1597567,0
1597951,426336557137125,846416,0.61103145,256,1597696,1597951,1597792,0
1598207,426336558024666,1098667,0.61090879,256,1597952,1598207,1598079,0
1598463,426336558940291,1006625,0.61692627,256,1598208,1598463,1598449,0
1598719,426336559842083,936208,0.59929395,256,1598464,1598719,1598638,0
1598975,426336560684500,928000,0.64087453,256,1598720,1598975,1598872,0
1599231,426336561508166,927417,0.6315689,256,1598976,1599231,1599100,0
1599487,426336562389333,870875,0.57421666,256,1599232,1599487,1599302,0
1599743,426336563280208,876250,0.63829549,256,1599488,1599743,1599582,0
1599999,426336564107708,894375,0.62853484,256,1599744,1599999,1599785,0
1600255,426336564997125,884375,0.60530327,256,1600000,1600255,1600165,0
1600511,426336565911416,1624459,0.60754791,256,1600256,1600511,1600431,0
1600767,426336566796041,1778000,0.62263458,256,1600512,1600767,1600529,0
1601023,426336567733416,1696292,0.60779822,256,1600768,1601023,1600800,0
1601279,426336568643083,1617333,0.59317879,256,1601024,1601279,1601154,0
1601535,426336569577875,1523625,0.63330478,256,1601280,1601535,1601378,0
1601791,426336570435000,1532500,0.64410942,256,1601536,1601791,1601775,0
1602047,426336571288541,1526875,0.59444516,256,1601792,1602047,1601939,0
1602303,426336572202541,1448500,0.6023155,256,1602048,1602303,1602198,0
1602559,426336573070833,1429208,0.59879767,256,1602304,1602559,1602557,0
1602815,426336573923375,1462833,0.6397648,256,1602560,1602815,1602632,0
1603071,426336574846833,1395208,0.60877202,256,1602816,1603071,1602968,0
1603327,426336575734083,1341000,0.61318985,256,1603072,1603327,1603213,0
1603583,426336576618041,1333459,0.63772835,256,1603328,1603583,1603564,0
1603839,426336577532958,1304958,0.61225154,256,1603584,1603839,1603693,0
1604095,426336578524708,1170708,0.64164905,256,1603840,1604095,1603983,0
1604351,426336579422916,1137667,0.64319282,256,1604096,1604351,1604236,0
1604607,426336580266791,1143750,0.62274917,256,1604352,1604607,1604562,0
1604863,426336581141583,1147125,0.63325526,256,1604608,1604863,1604770,0
1605119,426336581928375,1186750,0.63732299,256,1604864,1605119,1604909,0
1605375,426336582807333,1317917,0.59443301,256,1605120,1605375,1605257,0
1605631,426336583686250,1281916,0.64122953,256,1605376,1605631,1605392,0
1605887,426336584587041,1261250,0.64987984,256,1605632,1605887,1605685,0
1606143,426336585489875,1217333,0.59472973,256,1605888,1606143,1605983,0
1606399,426336586385833,1200375,0.65296432,256,1606144,1606399,1606301,0
1606655,426336587300541,1125125,0.61340293,256,1606400,1606655,1606526,0
1606911,426336588186958,1089667,0.64018076,256,1606656,1606911,1606720,0
1607167,426336589158333,984333,0.63829761,256,1606912,1607167,1607086,0
1607423,426336590013958,946208,0.59043634,256,1607168,1607423,1607340,0
1607679,426336590897791,935292,0.61976185,256,1607424,1607679,1607469,0
1607935,426336591827625,901875,0.64076093,256,1607680,1607935,1607886,0
1608191,426336592716291,870625,0.60188761,256,1607936,1608191,1608135,0
1608447,426336593592500,871625,0.64467236,256,1608192,1608447,1608411,0
1608703,426336594543791,1732084,0.61130411,256,1608448,1608703,1608568,0
1608959,426336595425541,1876084,0.62364927,256,1608704,1608959,1608705,0
1609215,426336596350625,1842541,0.67610459,256,1608960,1609215,1609061,0
1609471,426336597176208,1872375,0.61156548,256,1609216,1609471,1609322,0
1609727,426336598051791,1878042,0.64185669,256,1609472,1609727,1609531,0
1609983,426336598919291,1861209,0.60819544,256,1609728,1609983,1609835,0
1610239,426336599801083,1846333,0.60853292,256,1609984,1610239,1610172,0
1610495,426336600747625,1775166,0.62492758,256,1610240,1610495,1610455,0
1610751,426336601568250,1853666,0.67894507,256,1610496,1610751,1610670,0
1611007,426336602447666,1836042,0.60293968,256,1610752,1611007,1610874,0
1611263,426336603319125,1858666,0.64961557,256,1611008,1611263,1611141,0
1611519,426336604243833,1808583,0.65605684,256,1611264,1611519,1611445,0
1611775,426336605148208,1769125,0.63862436,256,1611520,1611775,1611769,0
1612031,426336605988375,1812250,0.61520012,256,1611776,1612031,1611924,0
1612287,426336606829958,1893750,0.64809905,256,1612032,1612287,1612177,0
1612543,426336607718625,1869458,0.61243982,256,1612288,1612543,1612291,0
1612799,426336608578916,1876292,0.61548058,256,1612544,1612799,1612614,0
1613055,426336609451833,1873000,0.59380359,256,1612800,1613055,1613048,0
1613311,426336610342833,1865042,0.64472019,256,1613056,1613311,1613083,0
1613567,426336611261750,1823625,0.6762325,256,1613312,1613567,1613542,0
1613823,426336612141250,1810291,0.62823744,256,1613568,1613823,1613626,0
1614079,426336613020958,1800292,0.63039284,256,1613824,1614079,1613973,0
1614335,426336613900250,1774333,0.65093792,256,1614080,1614335,1614183,0
1614591,426336614715708,1820417,0.61951663,256,1614336,1614591,1614506,0
1614847,426336615629833,1771625,0.60176922,256,1614592,1614847,1614706,0
1615103,426336616472500,1757291,0.62239543,256,1614848,1615103,1615087,0
1615359,426336617402375,1689791,0.62346011,256,1615104,1615359,1615153,0
1615615,426336618236916,1742959,0.60631253,256,1615360,1615615,1615412,0
1615871,426336619056416,1814000,0.60674639,256,1615616,1615871,1615743,0
1616127,426336619929541,1771125,0.59356166,256,1615872,1616127,1616042,0
1616383,426336620823083,1736917,0.62176583,256,1616128,1616383,1616319,0
1616639,426336621756416,1701042,0.67761214,256,1616384,1616639,1616606,0
1616895,426336622621333,3703208,0.59797442,256,1616640,1616895,1616650,0
1617151,426336623585416,2740625,0.63351258,256,1616896,1617151,1616970,0
1617407,426336624626916,1700167,0.6318691,256,1617152,1617407,1617349,0
1617663,426336626341708,911042,0.60372303,256,1617408,1617663,1617572,0
1617919,426336626386708,1728375,0.5882785,256,1617664,1617919,1617751,0
1618175,426336627081583,1841375,0.59024759,256,1617920,1618175,1618099,0
1618431,426336627995500,1764166,0.6188372,256,1618176,1618431,1618420,0
1618687,426336628850750,1748625,0.68728591,256,1618432,1618687,1618577,0
1618943,426336629751250,3600791,0.61264445,256,1618688,1618943,1618860,0
1619199,426336630611333,2742083,0.60049282,256,1618944,1619199,1619088,0
1619455,426336633316833,1430417,0.61710258,256,1619200,1619455,1619209,0
1619711,426336633331333,2274083,0.6286582,256,1619456,1619711,1619592,0
1619967,426336633346416,3143042,0.6453923,256,1619712,1619967,1619761,0
1620223,426336634253708,3113417,0.58354475,256,1619968,1620223,1620090,0
1620479,426336635094875,3149166,0.6416423,256,1620224,1620479,1620262,0
1620735,426336635982916,3139334,0.63129476,256,1620480,1620735,1620723,0
1620991,426336636814875,3151583,0.62201745,256,1620736,1620991,1620885,0
1621247,426336637734708,3058667,0.64913662,256,1620992,1621247,1621021,0
1621503,426336638558291,3134625,0.64973736,256,1621248,1621503,1621379,0
1621759,426336639472666,3066000,0.61284035,256,1621504,1621759,1621740,0
1622015,426336640310125,3078000,0.59641035,256,1621760,1622015,1622001,0
1622271,426336641201750,3062041,0.64470687,256,1622016,1622271,1622057,0
1622527,426336642013958,3102958,0.63934525,256,1622272,1622527,1622519,0
1622783,426336642927916,3077417,0.68487594,256,1622528,1622783,1622573,0
1623039,426336643756916,3119875,0.60635518,256,1622784,1623039,1622827,0
1623295,426336644731166,3030000,0.63492915,256,1623040,1623295,1623095,0
1623551,426336645602083,3030917,0.64038003,256,1623296,1623551,1623424,0
1623807,426336646475083,2998625,0.60458498,256,1623552,1623807,1623626,0
1624063,426336647364166,2935667,0.61138184,256,1623808,1624063,1623938,0
1624319,426336648261583,2876417,0.57218914,256,1624064,1624319,1624261,0
1624575,426336649125291,2852709,0.62098797,256,1624320,1624575,1624466,0
1624831,426336650005041,2844542,0.62856775,256,1624576,1624831,1624618,0
1625087,426336650949291,2740042,0.59053032,256,1624832,1625087,1624870,0
1625343,426336651813291,2769875,0.64044553,256,1625088,1625343,1625223,0
1625599,426336652670916,2784250,0.62097953,256,1625344,1625599,1625488,0
1625855,426336653569541,2750334,0.61062979,256,1625600,1625855,1625660,0
1626111,426336654491500,2693041,0.60962017,256,1625856,1626111,1626008,0
1626367,426336655397666,2658334,0.61720247,256,1626112,1626367,1626347,0
1626623,426336656284000,2628875,0.64102501,256,1626368,1626623,1626538,0
1626879,426336657181208,2584250,0.6052075,256,1626624,1626879,1626627,0
1627135,426336658115208,2491667,0.59691529,256,1626880,1627135,1627134,0
1627391,426336658996041,2474334,0.6443855,256,1627136,1627391,1627259,0
1627647,426336659886541,2449584,0.65614144,256,1627392,1627647,1627559,0
1627903,426336660743166,2414042,0.57842803,256,1627648,1627903,1627773,0
1628159,426336661633583,2414083,0.6332931,256,1627904,1628159,1628081,0
1628415,426336662567041,2318334,0.58710934,256,1628160,1628415,1628196,0
1628671,426336663417083,2303958,0.60331849,256,1628416,1628671,1628493,0
1628927,426336664334041,2219334,0.61998326,256,1628672,1628927,1628701,0
1629183,426336665221708,2194625,0.65400459,256,1628928,1629183,1629035,0
1629439,426336666039208,2206708,0.5891788,256,1629184,1629439,1629268,0
1629695,426336666923625,2205791,0.6458288,256,1629440,1629695,1629599,0
1629951,426336667805041,2169417,0.59749237,256,1629696,1629951,1629752,0
1630207,426336668705666,2103542,0.597402,256,1629952,1630207,1630061,0
1630463,426336669561750,2103833,0.66563199,256,1630208,1630463,1630416,0
1630719,426336670445833,2065333,0.61983034,256,1630464,1630719,1630526,0
1630975,426336671352083,1994542,0.61303204,256,1630720,1630975,1630869,0
1631231,426336672232416,1947959,0.60281846,256,1630976,1631231,1631136,0
1631487,426336673084416,1947584,0.59442221,256,1631232,1631487,1631299,0
1631743,426336673969791,1879750,0.59648675,256,1631488,1631743,1631707,0
1631999,426336674859041,1808334,0.59384777,256,1631744,1631999,1631879,0
1632255,426336675742250,1807625,0.65585927,256,1632000,1632255,1632050,0
1632511,426336676629791,1773459,0.63750405,256,1632256,1632511,1632395,0
1632767,426336677535458,1721292,0.65071636,256,1632512,1632767,1632698,0
1633023,426336678362625,1714041,0.59603534,256,1632768,1633023,1632882,0
1633279,426336679251833,1663333,0.61297029,256,1633024,1633279,1633178,0
1633535,426336680111083,1653625,0.62639294,256,1633280,1633535,1633314,0
1633791,426336680970458,1622125,0.61854913,256,1633536,1633791,1633631,0
1634047,426336681809583,1607417,0.6080745,256,1633792,1634047,1633995,0
1634303,426336682639208,1655083,0.63534921,256,1634048,1634303,1634202,0
1634559,426336683500791,1655000,0.61000586,256,1634304,1634559,1634365,0
1634815,426336684370041,1621000,0.59199943,256,1634560,1634815,1634650,0
1635071,426336685247958,1584875,0.62598071,256,1634816,1635071,1634911,0
1635327,426336686159375,1506958,0.62042115,256,1635072,1635327,1635310,0
1635583,426336687058208,1422375,0.6007891,256,1635328,1635583,1635384,0
1635839,426336687960958,1333167,0.60044824,256,1635584,1635839,1635687,0
1636095,426336688818625,1359416,0.62258164,256,1635840,1636095,1636031,0
1636351,426336689713125,1321708,0.61672773,256,1636096,1636351,1636177,0
1636607,426336690594000,1274750,0.63793373,256,1636352,1636607,1636484,0
1636863,426336691483000,1253541,0.65676825,256,1636608,1636863,1636807,0
1637119,426336692342583,1204833,0.59189767,256,1636864,1637119,1637104,0
1637375,426336693240583,1185542,0.65469798,256,1637120,1637375,1637363,0
1637631,426336694132083,1125875,0.63176897,256,1637376,1637631,1637523,0
1637887,426336695005000,1093000,0.61766377,256,1637632,1637887,1637852,0
1638143,426336695884000,1052250,0.59563738,256,1637888,1638143,1637928,0
1638399,426336696835708,911875,0.59642016,256,1638144,1638399,1638174,0
1638655,426336697754166,862125,0.66309834,256,1638400,1638655,1638535,0
1638911,426336698653708,836375,0.61057383,256,1638656,1638911,1638830,0
1639167,426336699561250,826416,0.59880173,256,1638912,1639167,1638927,0
1639423,426336700458333,1695250,0.60759245,256,1639168,1639423,1639191,0
1639679,426336701346958,1790250,0.65781552,256,1639424,1639679,1639424,0
1639935,426336702255083,1690583,0.63380544,256,1639680,1639935,1639704,0
1640191,426336703151333,1600667,0.60113956,256,1639936,1640191,1640093,0
1640447,426336703978791,1580917,0.62129579,256,1640192,1640447,1640357,0
1640703,426336704857500,1536125,0.62064396,256,1640448,1640703,1640657,0
1640959,426336705726875,1463000,0.60302827,256,1640704,1640959,1640880,0
1641215,426336706612708,1417917,0.60785975,256,1640960,1641215,1641179,0
1641471,426336707438583,1394917,0.61596974,256,1641216,1641471,1641397,0
1641727,426336708356208,1289458,0.57658246,256,1641472,1641727,1641494,0
1641983,426336709201541,1242042,0.62374666,256,1641728,1641983,1641951,0
1642239,426336710126625,1121333,0.6010083,256,1641984,1642239,1642117,0
1642495,426336710977791,1073667,0.58368317,256,1642240,1642495,1642310,0
1642751,426336711863333,972125,0.58232311,256,1642496,1642751,1642585,0
1643007,426336712726791,934292,0.6099363,256,1642752,1643007,1642804,0
1643263,426336713555875,919750,0.60607571,256,1643008,1643263,1643247,0
1643519,426336714517041,868084,0.61528807,256,1643264,1643519,1643281,0
1643775,426336715403083,818625,0.60940541,256,1643520,1643775,1643775,0
1644031,426336716242958,829875,0.65134198,256,1643776,1644031,1643862,0
1644287,426336717158083,829125,0.62799196,256,1644032,1644287,1644136,0
1644543,426336718042125,845708,0.64382915,256,1644288,1644543,1644454,0
1644799,426336718934333,853083,0.61922696,256,1644544,1644799,1644668,0
1645055,426336719803916,1648209,0.59839023,256,1644800,1645055,1645031,0
1645311,426336720669791,1767750,0.62816033,256,1645056,1645311,1645159,0
1645567,426336721506000,1716083,0.64913908,256,1645312,1645567,1645529,0
1645823,426336722439208,1582708,0.59932455,256,1645568,1645823,1645820,0
1646079,426336723395458,1431042,0.58963899,256,1645824,1646079,1645982,0
1646335,426336724203875,1429000,0.65642894,256,1646080,1646335,1646328,0
1646591,426336725070875,1379500,0.61479246,256,1646336,1646591,1646554,0
1646847,426336725979791,1266500,0.58687898,256,1646592,1646847,1646724,0
1647103,426336726817333,1212042,0.5812468,256,1646848,1647103,1647029,0
1647359,426336727728625,1100416,0.60889053,256,1647104,1647359,1647192,0
1647615,426336728596916,1072709,0.6789547,256,1647360,1647615,1647564,0
1647871,426336729459708,994125,0.63423499,256,1647616,1647871,1647770,0
1648127,426336730265708,987500,0.62730144,256,1647872,1648127,1647963,0
1648383,426336731128916,920625,0.57473111,256,1648128,1648383,1648260,0
1648639,426336732003500,864916,0.64256733,256,1648384,1648639,1648558,0
1648895,426336732888625,861291,0.62837244,256,1648640,1648895,1648738,0
1649151,426336733827708,837167,0.5982365,256,1648896,1649151,1648934,0
1649407,426336734655625,815500,0.60359799,256,1649152,1649407,1649210,0
1649663,426336735563541,824917,0.59659302,256,1649408,1649663,1649648,0
1649919,426336736443416,1622334,0.58975026,256,1649664,1649919,1649840,0
1650175,426336737373333,2273042,0.61424866,256,1649920,1650175,1650051,0
1650431,426336738229583,2998125,0.62930165,256,1650176,1650431,1650343,0
1650687,426336739080083,3730083,0.58270619,256,1650432,1650687,1650654,0
1650943,426336739938041,4413334,0.58112582,256,1650688,1650943,1650827,0
1651199,426336740840708,4340833,0.62488011,256,1650944,1651199,1650957,0
1651455,426336741686333,4309750,0.58236464,256,1651200,1651455,1651396,0
1651711,426336742546708,4258625,0.62010245,256,1651456,1651711,1651578,0
1651967,426336743464166,4148250,0.61091659,256,1651712,1651967,1651830,0
1652223,426336744379416,4027292,0.60658991,256,1651968,1652223,1652213,0
1652479,426336745302708,3893792,0.57312292,256,1652224,1652479,1652448,0
1652735,426336746160041,3847125,0.61519844,256,1652480,1652735,1652489,0
1652991,426336747040541,3774834,0.60823272,256,1652736,1652991,1652905,0
1653247,426336747914083,3690750,0.61129457,256,1652992,1653247,1653016,0
1653503,426336748818166,3591750,0.60562089,256,1653248,1653503,1653295,0
1653759,426336749703916,3492709,0.60377393,256,1653504,1653759,1653520,0
1654015,426336750571125,3454625,0.62713047,256,1653760,1654015,1653836,0
1654271,426336751499875,3346208,0.65692913,256,1654016,1654271,1654263,0
1654527,426336752344458,3301208,0.61805452,256,1654272,1654527,1654465,0
1654783,426336753171833,3260208,0.60662932,256,1654528,1654783,1654587,0
1655039,426336754130958,3084083,0.62261602,256,1654784,1655039,1654803,0
1655295,426336755024416,2975875,0.61549548,256,1655040,1655295,1655236,0
1655551,426336755882458,2928208,0.59535012,256,1655296,1655551,1655536,0
1655807,426336756793708,2823125,0.60383213,256,1655552,1655807,1655690,0
1656063,426336757697833,2703250,0.58227665,256,1655808,1656063,1656062,0
1656319,426336758572416,2601167,0.57086195,256,1656064,1656319,1656064,0
1656575,426336759473458,2505250,0.59378722,256,1656320,1656575,1656332,0
1656831,426336760339625,2441041,0.62129146,256,1656576,1656831,1656802,0
1657087,426336761216125,2357708,0.62494963,256,1656832,1657087,1656835,0
1657343,426336762077750,2302000,0.58792185,256,1657088,1657343,1657302,0
1657599,426336762949875,2234000,0.61263605,256,1657344,1657599,1657590,0
1657855,426336763826416,2193584,0.59954949,256,1657600,1657855,1657720,0
1658111,426336764715583,2079667,0.61526841,256,1657856,1658111,1657875,0
1658367,426336765592208,2011958,0.61289621,256,1658112,1658367,1658324,0
1658623,426336766519500,1949291,0.69292101,256,1658368,1658623,1658558,0
1658879,426336767357583,1923042,0.59693152,256,1658624,1658879,1658667,0
1659135,426336768264291,1845209,0.62245042,256,1658880,1659135,1659046,0
1659391,426336769160125,1732500,0.58982097,256,1659136,1659391,1659381,0
1659647,426336770051000,1651666,0.59891146,256,1659392,1659647,1659472,0
1659903,426336770996833,1523375,0.59958757,256,1659648,1659903,1659897,0
1660159,426336771896500,1404500,0.58000046,256,1659904,1660159,1660050,0
1660415,426336772817625,1273791,0.60133077,256,1660160,1660415,1660289,0
1660671,426336773664041,1267334,0.63295032,256,1660416,1660671,1660666,0
1660927,426336774583541,1159209,0.59501282,256,1660672,1660927,1660790,0
1661183,426336775442541,1152000,0.60153947,256,1660928,1661183,1661002,0
1661439,426336776354833,1010917,0.59158211,256,1661184,1661439,1661373,0
1661695,426336777221250,977833,0.64671385,256,1661440,1661695,1661544,0
1661951,426336778123041,919000,0.63386269,256,1661696,1661951,1661875,0
1662207,426336779038416,830667,0.63145207,256,1661952,1662207,1662172,0
1662463,426336779922250,1669416,0.63753856,256,1662208,1662463,1662260,0
1662719,426336780819708,1769833,0.63687953,256,1662464,1662719,1662655,0
1662975,426336781707250,1687416,0.60181328,256,1662720,1662975,1662774,0
1663231,426336782594666,1595709,0.64143286,256,1662976,1663231,1662978,0
1663487,426336783496541,1508084,0.61257362,256,1663232,1663487,1663429,0
1663743,426336784398166,1377875,0.60967855,256,1663488,1663743,1663686,0
1663999,426336785295875,1285666,0.59341199,256,1663744,1663999,1663831,0
1664255,426336786128375,1299500,0.64639082,256,1664000,1664255,1664021,0
1664511,426336786969500,1242291,0.62883106,256,1664256,1664511,1664431,0
1664767,426336787845625,1151541,0.56860543,256,1664512,1664767,1664630,0
1665023,426336788741458,1065667,0.60762078,256,1664768,1665023,1665012,0
1665279,426336789604333,1000042,0.61130886,256,1665024,1665279,1665189,0
1665535,426336790490041,907834,0.5750652,256,1665280,1665535,1665347,0
1665791,426336791411833,848833,0.58355571,256,1665536,1665791,1665754,0
1666047,426336792290958,829083,0.61997599,256,1665792,1666047,1666045,0
1666303,426336793151375,818250,0.60002854,256,1666048,1666303,1666212,0
1666559,426336794045166,822334,0.63354144,256,1666304,1666559,1666553,0
1666815,426336794971500,1708916,0.61653147,256,1666560,1666815,1666699,0
1667071,426336795835250,1809333,0.56357814,256,1666816,1667071,1666908,0
1667327,426336796644583,1796125,0.60738056,256,1667072,1667327,1667316,0
1667583,426336797568375,1661291,0.61848223,256,1667328,1667583,1667567,0
1667839,426336798416416,1617542,0.5728344,256,1667584,1667839,1667799,0
1668095,426336799293083,1530333,0.61213227,256,1667840,1668095,1668026,0
1668351,426336800151250,1456416,0.59197516,256,1668096,1668351,1668185,0
1668607,426336801145750,1264416,0.59319544,256,1668352,1668607,1668469,0
1668863,426336802025291,1186584,0.59242797,256,1668608,1668863,1668764,0
1669119,426336802861041,1141792,0.59253761,256,1668864,1669119,1669107,0
1669375,426336803737625,1107333,0.6337925,256,1669120,1669375,1669185,0
1669631,426336804595708,1043875,0.60585419,256,1669376,1669631,1669377,0
1669887,426336805502500,933041,0.59063498,256,1669632,1669887,1669883,0
1670143,426336806391416,849084,0.61252297,256,1669888,1670143,1670042,0
1670399,426336807254416,863209,0.63678324,256,1670144,1670399,1670318,0
1670655,426336808089500,866208,0.61420734,256,1670400,1670655,1670414,0
1670911,426336809018708,858167,0.60904724,256,1670656,1670911,1670774,0
1671167,426336809887791,836625,0.60613878,256,1670912,1671167,1671059,0
1671423,426336810741166,831334,0.60333579,256,1671168,1671423,1671168,0
1671679,426336811648375,1647000,0.61424834,256,1671424,1671679,1671517,0
1671935,426336812570083,2298875,0.59625723,256,1671680,1671935,1671789,0
1672191,426336813446208,3007708,0.61436095,256,1671936,1672191,1672096,0
1672447,426336814331791,3499792,0.63025999,256,1672192,1672447,1672376,0
1672703,426336815230375,3439791,0.66362755,256,1672448,1672703,1672543,0
1672959,426336816117208,3414500,0.62217051,256,1672704,1672959,1672917,0
1673215,426336816979000,3379000,0.61708042,256,1672960,1673215,1673174,0
1673471,426336817877791,3327792,0.64805175,256,1673216,1673471,1673382,0
1673727,426336818789583,3239000,0.60259417,256,1673472,1673727,1673615,0
1673983,426336819727250,3124375,0.62971467,256,1673728,1673983,1673773,0
1674239,426336820622833,3041083,0.61590293,256,1673984,1674239,1674003,0
1674495,426336821486666,2993750,0.62529003,256,1674240,1674495,1674439,0
1674751,426336822357041,2963042,0.62864922,256,1674496,1674751,1674749,0
1675007,426336823279916,2852709,0.59333768,256,1674752,1675007,1674937,0
1675263,426336824134541,2832042,0.62037311,256,1675008,1675263,1675030,0
1675519,426336824976625,2807500,0.61166759,256,1675264,1675519,1675516,0
1675775,426336825869083,2766208,0.63898438,256,1675520,1675775,1675524,0
1676031,426336826772458,2665625,0.60579449,256,1675776,1676031,1675865,0
1676287,426336827622041,2628000,0.59432828,256,1676032,1676287,1676156,0
1676543,426336828485208,2568042,0.57141594,256,1676288,1676543,1676495,0
1676799,426336829357333,2513500,0.58731305,256,1676544,1676799,1676756,0
1677055,426336830222458,2486000,0.63939749,256,1676800,1677055,1677044,0
1677311,426336831124458,2407250,0.62799182,256,1677056,1677311,1677062,0
1677567,426336832050625,2307791,0.63027226,256,1677312,1677567,1677374,0
1677823,426336832926375,2242375,0.58755874,256,1677568,1677823,1677610,0
1678079,426336833801375,2198083,0.62146377,256,1677824,1678079,1677982,0
1678335,426336834702166,2128917,0.60246461,256,1678080,1678335,1678132,0
1678591,426336835593583,2058625,0.59872554,256,1678336,1678591,1678429,0
1678847,426336836424125,2041000,0.59446178,256,1678592,1678847,1678809,0
1679103,426336837344166,1943042,0.61647809,256,1678848,1679103,1679082,0
1679359,426336838195833,1942500,0.61940373,256,1679104,1679359,1679121,0
1679615,426336839074208,1876875,0.64121584,256,1679360,1679615,1679528,0
1679871,426336840034375,1764750,0.60850876,256,1679616,1679871,1679793,0
1680127,426336840893458,1722167,0.59243858,256,1679872,1680127,1680049,0
1680383,426336841823458,1601917,0.63755647,256,1680128,1680383,1680220,0
1680639,426336842735250,1527333,0.61990284,256,1680384,1680639,1680394,0
1680895,426336843613041,1499375,0.6298314,256,1680640,1680895,1680816,0
1681151,426336844533625,1396333,0.5681895,256,1680896,1681151,1681068,0
1681407,426336845415250,1323833,0.58800449,256,1681152,1681407,1681254,0
1681663,426336846318166,1225292,0.58821582,256,1681408,1681663,1681558,0
1681919,426336847156125,1224625,0.61040398,256,1681664,1681919,1681805,0
1682175,426336847966583,1227208,0.6066355,256,1681920,1682175,1682016,0
1682431,426336848877875,1122166,0.57977163,256,1682176,1682431,1682353,0
1682687,426336849781000,1074041,0.65932005,256,1682432,1682687,1682599,0
1682943,426336850656333,1012667,0.594451,256,1682688,1682943,1682812,0
1683199,426336851542166,980000,0.60274246,256,1682944,1683199,1683133,0
1683455,426336852411625,927166,0.59988771,256,1683200,1683455,1683364,0
1683711,426336853308250,898791,0.6686183,256,1683456,1683711,1683692,0
1683967,426336854241541,830959,0.60820329,256,1683712,1683967,1683720,0
1684223,426336855132416,819875,0.61662286,256,1683968,1684223,1684199,0
1684479,426336856017541,863292,0.64193169,256,1684224,1684479,1684347,0
1684735,426336856904875,826208,0.58499298,256,1684480,1684735,1684588,0
1684991,426336857789958,808875,0.58960647,256,1684736,1684991,1684954,0
1685247,426336858616375,1673250,0.6016676,256,1684992,1685247,1685064,0
1685503,426336859532791,1769250,0.61858467,256,1685248,1685503,1685336,0
1685759,426336860430791,1691709,0.59487259,256,1685504,1685759,1685695,0
1686015,426336861332333,1608167,0.57453155,256,1685760,1686015,1685774,0
1686271,426336862219291,1510125,0.58325845,256,1686016,1686271,1686087,0
1686527,426336863072125,1475000,0.59289488,256,1686272,1686527,1686448,0
1686783,426336864020416,1331292,0.62981849,256,1686528,1686783,1686568,0
1687039,426336864892291,1273959,0.61250639,256,1686784,1687039,1686967,0
1687295,426336865800833,1233500,0.65859587,256,1687040,1687295,1687048,0
1687551,426336866657375,1199333,0.60433851,256,1687296,1687551,1687327,0
1687807,426336867515625,1158916,0.58603592,256,1687552,1687807,1687736,0
1688063,426336868385416,1104709,0.58117719,256,1687808,1688063,1688034,0
1688319,426336869275666,1017917,0.6051523,256,1688064,1688319,1688138,0
1688575,426336870100458,1016167,0.60298794,256,1688320,1688575,1688341,0
1688831,426336871012375,927125,0.59933504,256,1688576,1688831,1688796,0
1689087,426336871868333,874167,0.64303692,256,1688832,1689087,1689078,0
1689343,426336872761375,849666,0.62150001,256,1689088,1689343,1689100,0
1689599,426336873729250,829125,0.58952888,256,1689344,1689599,1689516,0
1689855,426336874555958,874167,0.61402743,256,1689600,1689855,1689611,0
1690111,426336875489833,847000,0.61915101,256,1689856,1690111,1689963,0
1690367,426336876300333,858500,0.61467062,256,1690112,1690367,1690317,0
1690623,426336877176333,1602917,0.59832341,256,1690368,1690623,1690499,0
1690879,426336878070291,2315334,0.5910827,256,1690624,1690879,1690815,0
1691135,426336878932291,3028334,0.60441898,256,1690880,1691135,1690906,0
1691391,426336879854750,3663958,0.61028263,256,1691136,1691391,1691281,0
1691647,426336880705000,4407833,0.66421782,256,1691392,1691647,1691410,0
1691903,426336881580208,4814417,0.64918656,256,1691648,1691903,1691800,0
1692159,426336882479333,4746667,0.62763628,256,1691904,1692159,1691924,0
1692415,426336883385375,4666666,0.59030164,256,1692160,1692415,1692263,0
1692671,426336884262875,4675208,0.65669599,256,1692416,1692671,1692546,0
1692927,426336885156916,4620959,0.59736265,256,1692672,1692927,1692835,0
1693183,426336886042041,4561209,0.62120374,256,1692928,1693183,1693029,0
1693439,426336886966583,4469458,0.60772612,256,1693184,1693439,1693425,0
1693695,426336887868541,4408917,0.60193256,256,1693440,1693695,1693481,0
1693951,426336888794500,4308166,0.61228407,256,1693696,1693951,1693891,0
1694207,426336889689791,4256834,0.62012724,256,1693952,1694207,1693966,0
1694463,426336890555375,4253541,0.62712254,256,1694208,1694463,1694281,0
1694719,426336891444416,4189709,0.59939127,256,1694464,1694719,1694578,0
1694975,426336892335083,4138083,0.62206653,256,1694720,1694975,1694923,0
1695231,426336893247666,4070417,0.62019624,256,1694976,1695231,1695197,0
1695487,426336894219458,3947708,0.62414991,256,1695232,1695487,1695367,0
1695743,426336895092375,3927041,0.62464416,256,1695488,1695743,1695509,0
1695999,426336895915333,3917083,0.59181943,256,1695744,1695999,1695962,0
1696255,426336896770125,3876750,0.63017868,256,1696000,1696255,1696085,0
1696511,426336897651416,3810834,0.61242889,256,1696256,1696511,1696400,0
1696767,426336898570250,3709041,0.59227937,256,1696512,1696767,1696660,0
1697023,426336899481708,3628000,0.59442219,256,1696768,1697023,1696912,0
1697279,426336900410833,3520167,0.63925784,256,1697024,1697279,1697231,0
1697535,426336901355583,3401875,0.61598194,256,1697280,1697535,1697317,0
1697791,426336902282375,3302416,0.60010546,256,1697536,1697791,1697762,0
1698047,426336903154750,3257541,0.61103145,256,1697792,1698047,1697792,0
1698303,426336904064000,3184666,0.61090879,256,1698048,1698303,1698079,0
1698559,426336904961041,3122000,0.61692627,256,1698304,1698559,1698449,0
1698815,426336905876916,3035292,0.59929395,256,1698560,1698815,1698638,0
1699071,426336906685583,3070208,0.64087453,256,1698816,1699071,1698872,0
1699327,426336907534291,3034959,0.6315689,256,1699072,1699327,1699100,0
1699583,426336908410750,2994958,0.63829549,256,1699328,1699583,1699582,0
1699839,426336909277958,2983833,0.62853484,256,1699584,1699839,1699785,0
1700095,426336910152166,2981167,0.60755528,256,1699840,1700095,1699992,0
1700351,426336911065541,2925250,0.60530327,256,1700096,1700351,1700165,0
1700607,426336911940458,2895292,0.62263458,256,1700352,1700607,1700529,0
1700863,426336912854791,2828459,0.60779822,256,1700608,1700863,1700800,0
1701119,426336913775875,2742791,0.60230919,256,1700864,1701119,1700956,0
1701375,426336914675291,2674750,0.59317879,256,1701120,1701375,1701154,0
1701631,426336915625333,2579792,0.63330478,256,1701376,1701631,1701378,0
1701887,426336916437833,2621958,0.64410942,256,1701632,1701887,1701775,0
1702143,426336917346958,2567000,0.59992807,256,1701888,1702143,1702083,0
1702399,426336918199291,2555667,0.6023155,256,1702144,1702399,1702198,0
1702655,426336919109291,2523917,0.6397648,256,1702400,1702655,1702632,0
1702911,426336919979708,2523167,0.63364895,256,1702656,1702911,1702719,0
1703167,426336920878875,2466375,0.60877202,256,1702912,1703167,1702968,0
1703423,426336921782291,2418625,0.62750057,256,1703168,1703423,1703340,0
1703679,426336922668875,2410000,0.63772835,256,1703424,1703679,1703564,0
1703935,426336923618333,2322208,0.61225154,256,1703680,1703935,1703693,0
1704191,426336924552541,2267084,0.64164905,256,1703936,1704191,1703983,0
1704447,426336925460083,2202917,0.64319282,256,1704192,1704447,1704236,0
1704703,426336926279500,2246583,0.62274917,256,1704448,1704703,1704562,0
1704959,426336927119291,2278000,0.63732299,256,1704704,1704959,1704909,0
1705215,426336927963125,2273500,0.574203,256,1704960,1705215,1705132,0
1705471,426336928831541,2275709,0.64122953,256,1705216,1705471,1705392,0
1705727,426336929729458,2231750,0.64987984,256,1705472,1705727,1705685,0
1705983,426336930633208,2192917,0.60605493,256,1705728,1705983,1705837,0
1706239,426336931509833,2181667,0.60210979,256,1705984,1706239,1706218,0
1706495,426336932449208,2103292,0.65296432,256,1706240,1706495,1706301,0
1706751,426336933343000,2060250,0.64018076,256,1706496,1706751,1706720,0
1707007,426336934248250,1999916,0.62623433,256,1706752,1707007,1706952,0
1707263,426336935168333,1927292,0.63829761,256,1707008,1707263,1707086,0
1707519,426336936042958,1902167,0.61976185,256,1707264,1707519,1707469,0
1707775,426336936962041,1843584,0.58714956,256,1707520,1707775,1707579,0
1708031,426336937905666,1782875,0.64076093,256,1707776,1708031,1707886,0
1708287,426336938797500,3740875,0.61442276,256,1708032,1708287,1708215,0
1708543,426336939708333,3248792,0.64467236,256,1708288,1708543,1708411,0
1708799,426336942432000,1407250,0.62364927,256,1708544,1708799,1708705,0
1709055,426336942442375,2281208,0.6551776,256,1708800,1709055,1709033,0
1709311,426336942451500,3158375,0.67610459,256,1709056,1709311,1709061,0
1709567,426336943234875,3261291,0.64185669,256,1709312,1709567,1709531,0
1709823,426336944053333,3284292,0.59322286,256,1709568,1709823,1709671,0
1710079,426336944956625,3244458,0.60819544,256,1709824,1710079,1709835,0
1710335,426336945879291,3192542,0.60853292,256,1710080,1710335,1710172,0
1710591,426336946779916,3174959,0.62492758,256,1710336,1710591,1710455,0
1710847,426336947608083,3226375,0.67894507,256,1710592,1710847,1710670,0
1711103,426336948489625,3211791,0.60293968,256,1710848,1711103,1710874,0
1711359,426336949370750,3219708,0.64961557,256,1711104,1711359,1711141,0
1711615,426336950309791,3156042,0.65605684,256,1711360,1711615,1711445,0
1711871,426336951194125,3152250,0.63862436,256,1711616,1711871,1711769,0
1712127,426336952028541,3206792,0.64265163,256,1711872,1712127,1712100,0
1712383,426336952858083,3279042,0.64809905,256,1712128,1712383,1712177,0
1712639,426336953739666,3275875,0.61548058,256,1712384,1712639,1712614,0
1712895,426336954592375,3294250,0.59944774,256,1712640,1712895,1712746,0
1713151,426336955488125,3264125,0.64472019,256,1712896,1713151,1713083,0
1713407,426336956405875,3221583,0.6103563,256,1713152,1713407,1713170,0
1713663,426336957287000,3245708,0.6762325,256,1713408,1713663,1713542,0
1713919,426336958159833,3216208,0.59521602,256,1713664,1713919,1713768,0
1714175,426336959047291,3193042,0.63039284,256,1713920,1714175,1713973,0
1714431,426336959896541,3200250,0.65093792,256,1714176,1714431,1714183,0
1714687,426336960767000,3187750,0.61951663,256,1714432,1714687,1714506,0
1714943,426336961643000,3171416,0.60176922,256,1714688,1714943,1714706,0
1715199,426336962500125,3148708,0.62346011,256,1714944,1715199,1715153,0
1715455,426336963444041,3064875,0.62318861,256,1715200,1715455,1715354,0
1715711,426336964231000,3177791,0.60593528,256,1715456,1715711,1715509,0
1715967,426336965101791,3167834,0.60674639,256,1715712,1715967,1715743,0
1716223,426336965963583,3163292,0.61005339,256,1715968,1716223,1716139,0
1716479,426336966886875,3091791,0.62176583,256,1716224,1716479,1716319,0
1716735,426336967791958,3087875,0.67761214,256,1716480,1716735,1716606,0
1716991,426336968665208,3052792,0.63351258,256,1716736,1716991,1716970,0
1717247,426336969604583,2975500,0.5999705,256,1716992,1717247,1717040,0
1717503,426336970504083,2958708,0.6318691,256,1717248,1717503,1717349,0
1717759,426336971418125,2904625,0.60372303,256,1717504,1717759,1717572,0
1718015,426336972306333,2862375,0.58486997,256,1717760,1718015,1717928,0
1718271,426336973125833,2893792,0.59024759,256,1718016,1718271,1718099,0
1718527,426336974025416,2854417,0.6188372,256,1718272,1718527,1718420,0
1718783,426336974888250,2878583,0.68728591,256,1718528,1718783,1718577,0
1719039,426336975799750,2791416,0.61264445,256,1718784,1719039,1718860,0
1719295,426336976637208,2812625,0.61710258,256,1719040,1719295,1719209,0
1719551,426336977557958,2727167,0.60008443,256,1719296,1719551,1719360,0
1719807,426336978444583,2714500,0.6453923,256,1719552,1719807,1719761,0
1720063,426336979371625,2664625,0.63490297,256,1719808,1720063,1719931,0
1720319,426336980268916,2669625,0.6416423,256,1720064,1720319,1720262,0
1720575,426336981154208,2620500,0.60697028,256,1720320,1720575,1720435,0
1720831,426336982002000,2659125,0.63129476,256,1720576,1720831,1720723,0
1721087,426336982869083,2635042,0.64913662,256,1720832,1721087,1721021,0
1721343,426336983750875,2569666,0.60271673,256,1721088,1721343,1721302,0
1721599,426336984642416,2542334,0.64973736,256,1721344,1721599,1721379,0
1721855,426336985478208,2529250,0.61284035,256,1721600,1721855,1721740,0
1722111,426336986348708,2494750,0.64470687,256,1721856,1722111,1722057,0
1722367,426336987224916,2456250,0.59847605,256,1722112,1722367,1722228,0
1722623,426336988071416,2486000,0.68487594,256,1722368,1722623,1722573,0
1722879,426336988919833,2496167,0.65457102,256,1722624,1722879,1722634,0
1723135,426336989826791,2466792,0.63492915,256,1722880,1723135,1723095,0
1723391,426336990758875,2353583,0.60867924,256,1723136,1723391,1723370,0
1723647,426336991633333,2350708,0.64038003,256,1723392,1723647,1723424,0
1723903,426336992523125,2272750,0.59896902,256,1723648,1723903,1723733,0
1724159,426336993400291,2219417,0.61138184,256,1723904,1724159,1723938,0
1724415,426336994271208,2164208,0.59470801,256,1724160,1724415,1724345,0
1724671,426336995145375,2116458,0.62856775,256,1724416,1724671,1724618,0
1724927,426336996038125,2058916,0.61344227,256,1724672,1724927,1724746,0
1725183,426336996971208,1963625,0.6257972,256,1724928,1725183,1725107,0
1725439,426336997851166,1930792,0.64044553,256,1725184,1725439,1725223,0
1725695,426336998728291,1921125,0.62097953,256,1725440,1725695,1725488,0
1725951,426336999614791,1868750,0.60027526,256,1725696,1725951,1725892,0
1726207,426337000546708,1765958,0.60962017,256,1725952,1726207,1726008,0
1726463,426337001419666,1766250,0.61720247,256,1726208,1726463,1726347,0
1726719,426337002338791,1668542,0.64102501,256,1726464,1726719,1726538,0
1726975,426337003223166,1612959,0.58298577,256,1726720,1726975,1726939,0
1727231,426337004168791,1488917,0.59691529,256,1726976,1727231,1727134,0
1727487,426337005031250,1475416,0.6443855,256,1727232,1727487,1727259,0
1727743,426337005892666,1446292,0.65614144,256,1727488,1727743,1727559,0
1727999,426337006766583,1426333,0.61236989,256,1727744,1727999,1727933,0
1728255,426337007683291,1337459,0.6332931,256,1728000,1728255,1728081,0
1728511,426337008623958,1225125,0.60331849,256,1728256,1728511,1728493,0
1728767,426337009469416,1194500,0.61998326,256,1728512,1728767,1728701,0
1729023,426337010385458,1094625,0.61927423,256,1728768,1729023,1729022,0
1729279,426337011203000,1104541,0.65400459,256,1729024,1729279,1729035,0
1729535,426337012079666,1048459,0.59429185,256,1729280,1729535,1729521,0
1729791,426337012973083,991958,0.6458288,256,1729536,1729791,1729599,0
1730047,426337013876000,920041,0.57496355,256,1729792,1730047,1729961,0
1730303,426337014740791,893250,0.61188899,256,1730048,1730303,1730235,0
1730559,426337015599416,851084,0.66563199,256,1730304,1730559,1730416,0
1730815,426337016508333,1724792,0.61237411,256,1730560,1730815,1730771,0
1731071,426337017374250,1841708,0.61303204,256,1730816,1731071,1730869,0
1731327,426337018286041,1787750,0.60281846,256,1731072,1731327,1731136,0
1731583,426337019108541,1790917,0.58536498,256,1731328,1731583,1731373,0
1731839,426337020023208,1704167,0.59648675,256,1731584,1731839,1731707,0
1732095,426337020922625,1655000,0.65585927,256,1731840,1732095,1732050,0
1732351,426337021756208,1688833,0.63461657,256,1732096,1732351,1732128,0
1732607,426337022658625,1610166,0.63750405,256,1732352,1732607,1732395,0
1732863,426337023545125,1588750,0.65071636,256,1732608,1732863,1732698,0
1733119,426337024397666,1562000,0.59603534,256,1732864,1733119,1732882,0
1733375,426337025298208,1502250,0.62639294,256,1733120,1733375,1733314,0
1733631,426337026160666,1477459,0.61854913,256,1733376,1733631,1733631,0
1733887,426337026996500,1470958,0.59182307,256,1733632,1733887,1733733,0
1734143,426337027812916,1509167,0.6080745,256,1733888,1734143,1733995,0
1734399,426337028675666,1519334,0.63534921,256,1734144,1734399,1734202,0
1734655,426337029529666,1511000,0.59496119,256,1734400,1734655,1734459,0
1734911,426337030408916,1461625,0.62598071,256,1734656,1734911,1734911,0
1735167,426337031272041,1439750,0.60876253,256,1734912,1735167,1735063,0
1735423,426337032206458,1321542,0.62042115,256,1735168,1735423,1735310,0
1735679,426337033130958,1314750,0.58537973,256,1735424,1735679,1735521,0
1735935,426337033974833,1306042,0.60120333,256,1735680,1735935,1735916,0
1736191,426337034856083,1280708,0.62258164,256,1735936,1736191,1736031,0
1736447,426337035744375,1199500,0.61138218,256,1736192,1736447,1736198,0
1736703,426337036632541,1177125,0.63793373,256,1736448,1736703,1736484,0
1736959,426337037528125,1080750,0.65676825,256,1736704,1736959,1736807,0
1737215,426337038393291,1047709,0.65068601,256,1736960,1737215,1737136,0
1737471,426337039299500,961833,0.65469798,256,1737216,1737471,1737363,0
1737727,426337040179583,900000,0.63176897,256,1737472,1737727,1737523,0
1737983,426337041050250,840958,0.61766377,256,1737728,1737983,1737852,0
1738239,426337041973000,847333,0.59642016,256,1737984,1738239,1738174,0
1738495,426337042888500,814916,0.59249444,256,1738240,1738495,1738446,0
1738751,426337043805375,1511833,0.66309834,256,1738496,1738751,1738535,0
1739007,426337044725958,1426458,0.61057383,256,1738752,1739007,1738830,0
1739263,426337045594541,1384084,0.60759245,256,1739008,1739263,1739191,0
1739519,426337046486250,1328416,0.65781552,256,1739264,1739519,1739424,0
1739775,426337047406541,1238042,0.63992472,256,1739520,1739775,1739588,0
1740031,426337048306041,1154792,0.59752637,256,1739776,1740031,1739856,0
1740287,426337049158916,1139542,0.60113956,256,1740032,1740287,1740093,0
1740543,426337050013208,1112917,0.62129579,256,1740288,1740543,1740357,0
1740799,426337050899166,1076584,0.62064396,256,1740544,1740799,1740657,0
1741055,426337051760333,1040292,0.60302827,256,1740800,1741055,1740880,0
1741311,426337052638375,1022041,0.60785975,256,1741056,1741311,1741179,0
1741567,426337053465500,1019083,0.61596974,256,1741312,1741567,1741397,0
1741823,426337054407708,902083,0.56519687,256,1741568,1741823,1741775,0
1742079,426337055250125,885875,0.62374666,256,1741824,1742079,1741951,0
1742335,426337056154875,833958,0.6010083,256,1742080,1742335,1742117,0
1742591,426337057018708,1294292,0.58232311,256,1742336,1742591,1742585,0
1742847,426337057903416,1230167,0.6099363,256,1742592,1742847,1742804,0
1743103,426337058755375,1205208,0.60861314,256,1742848,1743103,1742938,0
1743359,426337059626333,1196750,0.61528807,256,1743104,1743359,1743281,0
1743615,426337060563916,1101542,0.60228561,256,1743360,1743615,1743523,0
1743871,426337061427666,1059334,0.65134198,256,1743616,1743871,1743862,0
1744127,426337062296083,993292,0.59085038,256,1743872,1744127,1744101,0
1744383,426337063173708,945125,0.62799196,256,1744128,1744383,1744136,0
1744639,426337064055500,901916,0.64382915,256,1744384,1744639,1744454,0
1744895,426337064985666,1593959,0.61922696,256,1744640,1744895,1744668,0
1745151,426337065844458,2323458,0.59839023,256,1744896,1745151,1745031,0
1745407,426337066688166,3041250,0.62816033,256,1745152,1745407,1745159,0
1745663,426337067554041,3714917,0.64913908,256,1745408,1745663,1745529,0
1745919,426337068490125,4339000,0.59932455,256,1745664,1745919,1745820,0
1746175,426337069447125,4988791,0.60932984,256,1745920,1746175,1746129,0
1746431,426337070267041,5332167,0.65642894,256,1746176,1746431,1746328,0
1746687,426337071129166,5287417,0.61479246,256,1746432,1746687,1746554,0
1746943,426337072006666,5190500,0.58687898,256,1746688,1746943,1746724,0
1747199,426337072860250,5137500,0.60889053,256,1746944,1747199,1747192,0
1747455,426337073746583,5039458,0.60937281,256,1747200,1747455,1747410,0
1747711,426337074631708,4985708,0.6789547,256,1747456,1747711,1747564,0
1747967,426337075446125,4964166,0.63423499,256,1747712,1747967,1747770,0
1748223,426337076270541,4943542,0.60328595,256,1747968,1748223,1748068,0
1748479,426337077149083,4849500,0.57515766,256,1748224,1748479,1748396,0
1748735,426337078064208,4748250,0.64256733,256,1748480,1748735,1748558,0
1748991,426337078988125,4653208,0.62837244,256,1748736,1748991,1748738,0
1749247,426337079865958,4964125,0.60359799,256,1748992,1749247,1749210,0
1749503,426337080709500,5103625,0.58793211,256,1749248,1749503,1749267,0
1749759,426337081591708,5018333,0.59659302,256,1749504,1749759,1749648,0
1750015,426337082519750,4917708,0.5994441,256,1749760,1750015,1749925,0
1750271,426337083437916,4801584,0.61424866,256,1750016,1750271,1750051,0
1750527,426337084246125,4824708,0.62930165,256,1750272,1750527,1750343,0
1750783,426337085124833,4777417,0.58270619,256,1750528,1750783,1750654,0
1751039,426337085943250,4796625,0.62488011,256,1750784,1751039,1750957,0
1751295,426337086865000,4698166,0.59512176,256,1751040,1751295,1751101,0
1751551,426337087740458,4657958,0.60048011,256,1751296,1751551,1751516,0
1751807,426337088606833,4619833,0.62010245,256,1751552,1751807,1751578,0
1752063,426337089529083,4526625,0.61091659,256,1751808,1752063,1751830,0
1752319,426337090414333,4464417,0.60658991,256,1752064,1752319,1752213,0
1752575,426337091349833,4361750,0.61519844,256,1752320,1752575,1752489,0
1752831,426337092189125,4328041,0.59425728,256,1752576,1752831,1752738,0
1753087,426337093103250,4249625,0.61129457,256,1752832,1753087,1753016,0
1753343,426337093959375,4199375,0.60562089,256,1753088,1753343,1753295,0
1753599,426337094869916,4099417,0.60377393,256,1753344,1753599,1753520,0
1753855,426337095729750,4076958,0.62713047,256,1753600,1753855,1753836,0
1754111,426337096622583,4026500,0.6093607,256,1753856,1754111,1753945,0
1754367,426337097552916,3922292,0.65692913,256,1754112,1754367,1754263,0
1754623,426337098338291,3951084,0.61805452,256,1754368,1754623,1754465,0
1754879,426337099253041,3831584,0.62261602,256,1754624,1754879,1754803,0
1755135,426337100174125,3725125,0.58066394,256,1754880,1755135,1755121,0
1755391,426337101054833,3656458,0.61549548,256,1755136,1755391,1755236,0
1755647,426337101904750,3634875,0.59535012,256,1755392,1755647,1755536,0
1755903,426337102833083,3532333,0.60383213,256,1755648,1755903,1755690,0
1756159,426337103765625,3401458,0.58227665,256,1755904,1756159,1756062,0
1756415,426337104600125,3369125,0.59378722,256,1756160,1756415,1756332,0
1756671,426337105509750,3279458,0.61128015,256,1756416,1756671,1756591,0
1756927,426337106366250,3259000,0.62494963,256,1756672,1756927,1756835,0
1757183,426337107257500,3173708,0.59723363,256,1756928,1757183,1757044,0
1757439,426337108126666,3136709,0.58792185,256,1757184,1757439,1757302,0
1757695,426337108998416,3092292,0.61263605,256,1757440,1757695,1757590,0
1757951,426337109869291,3071334,0.61526841,256,1757696,1757951,1757875,0
1758207,426337110751250,2972916,0.57578576,256,1757952,1758207,1757981,0
1758463,426337111639000,2959458,0.61289621,256,1758208,1758463,1758324,0
1758719,426337112527541,3336709,0.69292101,256,1758464,1758719,1758558,0
1758975,426337113453625,3306333,0.59034389,256,1758720,1758975,1758883,0
1759231,426337114286041,3326042,0.62245042,256,1758976,1759231,1759046,0
1759487,426337115171875,3262375,0.59891146,256,1759232,1759487,1759472,0
1759743,426337116125833,3125375,0.57563206,256,1759488,1759743,1759582,0
1759999,426337117040833,3047542,0.59958757,256,1759744,1759999,1759897,0
1760255,426337117949500,2939291,0.58000046,256,1760000,1760255,1760050,0
1760511,426337118838541,2865709,0.60133077,256,1760256,1760511,1760289,0
1760767,426337119721125,2842583,0.63295032,256,1760512,1760767,1760666,0
1761023,426337120629583,2781417,0.60153947,256,1760768,1761023,1761002,0
1761279,426337121508083,2739875,0.59920349,256,1761024,1761279,1761040,0
1761535,426337122393791,2673959,0.61675831,256,1761280,1761535,1761523,0
1761791,426337123272208,2651500,0.64671385,256,1761536,1761791,1761544,0
1762047,426337124186541,2609834,0.63386269,256,1761792,1762047,1761875,0
1762303,426337125062125,2561958,0.63753856,256,1762048,1762303,1762260,0
1762559,426337125978750,4650791,0.59024547,256,1762304,1762559,1762375,0
1762815,426337126908666,3972375,0.63687953,256,1762560,1762815,1762655,0
1763071,426337127744291,3463542,0.64143286,256,1762816,1763071,1762978,0
1763327,426337128639208,2569792,0.57790313,256,1763072,1763327,1763300,0
1763583,426337131448625,925458,0.61257362,256,1763328,1763583,1763429,0
1763839,426337131463041,1734459,0.60967855,256,1763584,1763839,1763686,0
1764095,426337131477500,2532291,0.64639082,256,1763840,1764095,1764021,0
1764351,426337132163416,2687750,0.62097451,256,1764096,1764351,1764121,0
1764607,426337132992458,2670000,0.62883106,256,1764352,1764607,1764431,0
1764863,426337133883416,2602042,0.56860543,256,1764608,1764863,1764630,0
1765119,426337134791583,2517125,0.60762078,256,1764864,1765119,1765012,0
1765375,426337135663375,2461375,0.61130886,256,1765120,1765375,1765189,0
1765631,426337136542750,2408750,0.57097002,256,1765376,1765631,1765478,0
1765887,426337137465083,2292500,0.58355571,256,1765632,1765887,1765754,0
1766143,426337138326833,2263958,0.61997599,256,1765888,1766143,1766045,0
1766399,426337139186833,2214333,0.60002854,256,1766144,1766399,1766212,0
1766655,426337140086250,2139500,0.63354144,256,1766400,1766655,1766553,0
1766911,426337141012291,2023834,0.61653147,256,1766656,1766911,1766699,0
1767167,426337141842958,2004667,0.5885259,256,1766912,1767167,1767159,0
1767423,426337142720208,1957083,0.60738056,256,1767168,1767423,1767316,0
1767679,426337143552333,1939042,0.61848223,256,1767424,1767679,1767567,0
1767935,426337144433125,1870541,0.5728344,256,1767680,1767935,1767799,0
1768191,426337145339916,1787834,0.61213227,256,1767936,1768191,1768026,0
1768447,426337146255250,1669666,0.58448847,256,1768192,1768447,1768213,0
1768703,426337147175375,1567708,0.59319544,256,1768448,1768703,1768469,0
1768959,426337148088041,1471875,0.59242797,256,1768704,1768959,1768764,0
1769215,426337148884625,1519708,0.6337925,256,1768960,1769215,1769185,0
1769471,426337149768625,1472916,0.62627704,256,1769216,1769471,1769375,0
1769727,426337150664291,1386000,0.57674917,256,1769472,1769727,1769699,0
1769983,426337151534708,1328000,0.59063498,256,1769728,1769983,1769883,0
1770239,426337152432666,1273959,0.61252297,256,1769984,1770239,1770042,0
1770495,426337153281375,1259041,0.63678324,256,1770240,1770495,1770318,0
1770751,426337154151750,1212375,0.59948209,256,1770496,1770751,1770710,0
1771007,426337155051250,1135041,0.60904724,256,1770752,1771007,1770774,0
1771263,426337155920833,1072667,0.60613878,256,1771008,1771263,1771059,0
1771519,426337156798291,1021375,0.61424834,256,1771264,1771519,1771517,0
1771775,426337157719708,948125,0.6132524,256,1771520,1771775,1771536,0
1772031,426337158602958,876667,0.60373505,256,1771776,1772031,1772002,0
1772287,426337159531958,842083,0.61460563,256,1772032,1772287,1772272,0
1772543,426337160371875,860500,0.66362755,256,1772288,1772543,1772543,0
1772799,426337161292541,1702959,0.65393908,256,1772544,1772799,1772558,0
1773055,426337162163041,1827000,0.62217051,256,1772800,1773055,1772917,0
1773311,426337163007500,1813666,0.61708042,256,1773056,1773311,1773174,0
1773567,426337163911958,1720167,0.64805175,256,1773312,1773567,1773382,0
1773823,426337164838250,1592083,0.62971467,256,1773568,1773823,1773773,0
1774079,426337165763541,1476292,0.6198063,256,1773824,1774079,1773982,0
1774335,426337166667208,1360583,0.58066036,256,1774080,1774335,1774261,0
1774591,426337167546875,1296958,0.62529003,256,1774336,1774591,1774439,0
1774847,426337168422125,1222583,0.62864922,256,1774592,1774847,1774749,0
1775103,426337169311291,1152500,0.62037311,256,1774848,1775103,1775030,0
1775359,426337170134083,1109167,0.60885206,256,1775104,1775359,1775108,0
1775615,426337171023291,1030875,0.63898438,256,1775360,1775615,1775524,0
1775871,426337171918416,947959,0.60914251,256,1775616,1775871,1775632,0
1776127,426337172801541,852959,0.57826217,256,1775872,1776127,1776010,0
1776383,426337173645208,853083,0.59432828,256,1776128,1776383,1776156,0
1776639,426337174493750,1586041,0.57141594,256,1776384,1776639,1776495,0
1776895,426337175399833,1723167,0.58731305,256,1776640,1776895,1776756,0
1777151,426337176272208,1705208,0.63939749,256,1776896,1777151,1777044,0
1777407,426337177193625,1581833,0.63027226,256,1777152,1777407,1777374,0
1777663,426337178085166,1519375,0.58755874,256,1777408,1777663,1777610,0
1777919,426337178970208,1445917,0.56916369,256,1777664,1777919,1777873,0
1778175,426337179852416,1399667,0.62146377,256,1777920,1778175,1777982,0
1778431,426337180731500,1348041,0.59872554,256,1778176,1778431,1778429,0
1778687,426337181639958,1236958,0.59822397,256,1778432,1778687,1778555,0
1778943,426337182499833,1195792,0.60944565,256,1778688,1778943,1778879,0
1779199,426337183357000,1171708,0.61940373,256,1778944,1779199,1779121,0
1779455,426337184233625,1141041,0.61862896,256,1779200,1779455,1779321,0
1779711,426337185141791,1048417,0.64121584,256,1779456,1779711,1779528,0
1779967,426337186064875,959125,0.60850876,256,1779712,1779967,1779793,0
1780223,426337186964625,892125,0.63755647,256,1779968,1780223,1780220,0
1780479,426337187865541,1648375,0.62428661,256,1780224,1780479,1780344,0
1780735,426337188803666,1709542,0.60332944,256,1780480,1780735,1780530,0
1780991,426337189639541,1723500,0.6298314,256,1780736,1780991,1780816,0
1781247,426337190565875,1609875,0.5681895,256,1780992,1781247,1781068,0
1781503,426337191458250,1533083,0.58800449,256,1781248,1781503,1781254,0
1781759,426337192336125,1471041,0.59206189,256,1781504,1781759,1781739,0
1782015,426337193146416,1491084,0.61040398,256,1781760,1782015,1781805,0
1782271,426337193989625,1455083,0.6066355,256,1782016,1782271,1782016,0
1782527,426337194941166,1323125,0.63854934,256,1782272,1782527,1782524,0
1782783,426337195842875,1260750,0.65932005,256,1782528,1782783,1782599,0
1783039,426337196703416,1222750,0.59602317,256,1782784,1783039,1782964,0
1783295,426337197594166,1179500,0.60274246,256,1783040,1783295,1783133,0
1783551,426337198460958,1127458,0.59988771,256,1783296,1783551,1783364,0
1783807,426337199371541,1115834,0.6686183,256,1783552,1783807,1783692,0
1784063,426337200269541,1022167,0.60951265,256,1783808,1784063,1784032,0
1784319,426337201171458,969583,0.61662286,256,1784064,1784319,1784199,0
1784575,426337202066625,913000,0.64193169,256,1784320,1784575,1784347,0
1784831,426337202970750,851583,0.58499298,256,1784576,1784831,1784588,0
1785087,426337203820041,836584,0.6016676,256,1784832,1785087,1785064,0
1785343,426337204653875,846708,0.61858467,256,1785088,1785343,1785336,0
1785599,426337205574375,859083,0.58407239,256,1785344,1785599,1785503,0
1785855,426337206485125,1727708,0.59487259,256,1785600,1785855,1785695,0
1786111,426337207364750,1799166,0.58325845,256,1785856,1786111,1786087,0
1786367,426337208273041,1674584,0.57110776,256,1786112,1786367,1786261,0
1786623,426337209117791,1641542,0.62981849,256,1786368,1786623,1786568,0
1786879,426337210065125,1507958,0.57930104,256,1786624,1786879,1786783,0
1787135,426337210932000,1482458,0.65859587,256,1786880,1787135,1787048,0
1787391,426337211840875,1414583,0.60778999,256,1787136,1787391,1787141,0
1787647,426337212705125,1350708,0.60328128,256,1787392,1787647,1787525,0
1787903,426337213547416,1327417,0.58603592,256,1787648,1787903,1787736,0
1788159,426337214406375,1291375,0.6051523,256,1787904,1788159,1788138,0
1788415,426337215301041,1217709,0.60298794,256,1788160,1788415,1788341,0
1788671,426337216171791,1152459,0.59905662,256,1788416,1788671,1788644,0
1788927,426337217049333,1101333,0.60905626,256,1788672,1788927,1788837,0
1789183,426337217904750,1055041,0.64303692,256,1788928,1789183,1789078,0
1789439,426337218830125,938458,0.60143652,256,1789184,1789439,1789228,0
1789695,426337219764375,859833,0.61402743,256,1789440,1789695,1789611,0
1789951,426337220605250,840125,0.59535371,256,1789696,1789951,1789827,0
1790207,426337221507375,1638958,0.61915101,256,1789952,1790207,1789963,0
1790463,426337222351333,2395292,0.61467062,256,1790208,1790463,1790317,0
1790719,426337223183625,3159875,0.59832341,256,1790464,1790719,1790499,0
1790975,426337224111750,3302583,0.60441898,256,1790720,1790975,1790906,0
1791231,426337224984750,3253708,0.60027493,256,1790976,1791231,1791111,0
1791487,426337225842416,3290709,0.66421782,256,1791232,1791487,1791410,0
1791743,426337226739750,3234916,0.61290356,256,1791488,1791743,1791574,0
1791999,426337227656833,3152875,0.64918656,256,1791744,1791999,1791800,0
1792255,426337228541291,3096584,0.59092323,256,1792000,1792255,1792037,0
1792511,426337229428541,3033375,0.60081734,256,1792256,1792511,1792509,0
1792767,426337230314125,3043583,0.65669599,256,1792512,1792767,1792546,0
1793023,426337231186708,2998042,0.61424124,256,1792768,1793023,1793018,0
1793279,426337232132541,2883542,0.62120374,256,1793024,1793279,1793029,0
1793535,426337233002958,2879458,0.60772612,256,1793280,1793535,1793425,0
1793791,426337233939666,2763959,0.57819875,256,1793536,1793791,1793714,0
1794047,426337234852166,2666584,0.62012724,256,1793792,1794047,1793966,0
1794303,426337235730416,2639417,0.62712254,256,1794048,1794303,1794281,0
1794559,426337236613208,2608750,0.60192367,256,1794304,1794559,1794373,0
1794815,426337237475375,2567875,0.59939127,256,1794560,1794815,1794578,0
1795071,426337238407000,2478500,0.62206653,256,1794816,1795071,1794923,0
1795327,426337239320500,2423500,0.62019624,256,1795072,1795327,1795197,0
1795583,426337240256583,2344625,0.62464416,256,1795328,1795583,1795509,0
1795839,426337241129833,2314875,0.61700318,256,1795584,1795839,1795591,0
1796095,426337241960500,2290458,0.63017868,256,1795840,1796095,1796085,0
1796351,426337242802166,2247042,0.57751257,256,1796096,1796351,1796337,0
1796607,426337243701416,2162875,0.61242889,256,1796352,1796607,1796400,0
1796863,426337244604000,2085125,0.59227937,256,1796608,1796863,1796660,0
1797119,426337245532291,1981875,0.59442219,256,1796864,1797119,1796912,0
1797375,426337246497500,1871000,0.63925784,256,1797120,1797375,1797231,0
1797631,426337247405916,1779375,0.60842845,256,1797376,1797631,1797382,0
1797887,426337248345000,1671208,0.61103145,256,1797632,1797887,1797792,0
1798143,426337249198875,1649083,0.61090879,256,1797888,1798143,1798079,0
1798399,426337250139250,1527041,0.59589135,256,1798144,1798399,1798153,0
1798655,426337251014958,1476000,0.61692627,256,1798400,1798655,1798449,0
1798911,426337251885666,1444625,0.64087453,256,1798656,1798911,1798872,0
1799167,426337252729791,1429167,0.6315689,256,1798912,1799167,1799100,0
1799423,426337253585875,1386458,0.5872921,256,1799168,1799423,1799189,0
1799679,426337254472166,1359500,0.63829549,256,1799424,1799679,1799582,0
1799935,426337255309916,1350750,0.62853484,256,1799680,1799935,1799785,0
1800191,426337256211875,1344541,0.60755528,256,1799936,1800191,1799992,0
1800447,426337257115125,1277083,0.60754791,256,1800192,1800447,1800431,0
1800703,426337257978583,1256958,0.62263458,256,1800448,1800703,1800529,0
1800959,426337258917166,1175000,0.60779822,256,1800704,1800959,1800800,0
1801215,426337259830791,1091792,0.59317879,256,1800960,1801215,1801154,0
1801471,426337260755708,1004792,0.63330478,256,1801216,1801471,1801378,0
1801727,426337261641916,967875,0.63263105,256,1801472,1801727,1801595,0
1801983,426337262505000,967041,0.64410942,256,1801728,1801983,1801775,0
1802239,426337263397541,929459,0.6023155,256,1801984,1802239,1802198,0
1802495,426337264249583,890542,0.59392582,256,1802240,1802495,1802393,0
1802751,426337265146291,945542,0.6397648,256,1802496,1802751,1802632,0
1803007,426337266022500,899083,0.60877202,256,1802752,1803007,1802968,0
1803263,426337266929000,858583,0.61318985,256,1803008,1803263,1803213,0
1803519,426337267822041,1711792,0.62750057,256,1803264,1803519,1803340,0
1803775,426337268701416,1856375,0.63772835,256,1803520,1803775,1803564,0
1804031,426337269695250,1703958,0.64164905,256,1803776,1804031,1803983,0
1804287,426337270614458,1630625,0.64319282,256,1804032,1804287,1804236,0
1804543,426337271485541,1581667,0.60900428,256,1804288,1804543,1804495,0
1804799,426337272333375,1591000,0.63325526,256,1804544,1804799,1804770,0
1805055,426337273154541,1582125,0.63732299,256,1804800,1805055,1804909,0
1805311,426337273977208,1596000,0.59443301,256,1805056,1805311,1805257,0
1805567,426337274864625,1530458,0.64122953,256,1805312,1805567,1805392,0
1805823,426337275796500,1443625,0.64987984,256,1805568,1805823,1805685,0
1806079,426337276668458,1410542,0.60605493,256,1805824,1806079,1805837,0
1806335,426337277581708,1366917,0.65296432,256,1806080,1806335,1806301,0
1806591,426337278509375,1256833,0.62393145,256,1806336,1806591,1806345,0
1806847,426337279385791,1209250,0.64018076,256,1806592,1806847,1806720,0
1807103,426337280301458,1126750,0.63829761,256,1806848,1807103,1807086,0
1807359,426337281203500,1032708,0.59043634,256,1807104,1807359,1807340,0
1807615,426337282109708,975458,0.61976185,256,1807360,1807615,1807469,0
1807871,426337283011208,912250,0.63563742,256,1807616,1807871,1807860,0
1808127,426337283928833,1077750,0.64076093,256,1807872,1808127,1807886,0
1808383,426337284834125,1806125,0.61740189,256,1808128,1808383,1808349,0
1808639,426337285740916,2503417,0.64467236,256,1808384,1808639,1808411,0
1808895,426337286610000,3235458,0.62364927,256,1808640,1808895,1808705,0
1809151,426337287513958,3627958,0.67610459,256,1808896,1809151,1809061,0
1809407,426337288364250,3647833,0.61156548,256,1809152,1809407,1809322,0
1809663,426337289248625,3633791,0.64185669,256,1809408,1809663,1809531,0
1809919,426337290115666,3612625,0.60819544,256,1809664,1809919,1809835,0
1810175,426337290979041,3608625,0.60853292,256,1809920,1810175,1810172,0
1810431,426337291930000,3542250,0.60584482,256,1810176,1810431,1810302,0
1810687,426337292766916,3612834,0.67894507,256,1810432,1810687,1810670,0
1810943,426337293642708,3605750,0.60293968,256,1810688,1810943,1810874,0
1811199,426337294520875,3620375,0.64961557,256,1810944,1811199,1811141,0
1811455,426337295467375,3536250,0.65605684,256,1811200,1811455,1811445,0
1811711,426337296359000,3512958,0.60291165,256,1811456,1811711,1811683,0
1811967,426337297218625,3537791,0.63862436,256,1811712,1811967,1811769,0
1812223,426337298038666,3639334,0.64809905,256,1811968,1812223,1812177,0
1812479,426337298907208,3642667,0.63287607,256,1812224,1812479,1812234,0
1812735,426337299785208,3641667,0.61548058,256,1812480,1812735,1812614,0
1812991,426337300639458,3643125,0.59944774,256,1812736,1812991,1812746,0
1813247,426337301536208,3628833,0.64472019,256,1812992,1813247,1813083,0
1813503,426337302424625,3611375,0.60813703,256,1813248,1813503,1813493,0
1813759,426337303324916,3587000,0.6762325,256,1813504,1813759,1813542,0
1814015,426337304193833,3592167,0.63039284,256,1813760,1814015,1813973,0
1814271,426337305085500,3569416,0.65093792,256,1814016,1814271,1814183,0
1814527,426337305912166,3583125,0.61951663,256,1814272,1814527,1814506,0
1814783,426337306826041,3530750,0.60176922,256,1814528,1814783,1814706,0
1815039,426337307667625,3529958,0.58877187,256,1814784,1815039,1814929,0
1815295,426337308567750,3485375,0.62346011,256,1815040,1815295,1815153,0
1815551,426337309471791,3457084,0.62318861,256,1815296,1815551,1815354,0
1815807,426337310257583,3564375,0.60674639,256,1815552,1815807,1815743,0
1816063,426337311131541,3533792,0.59356166,256,1815808,1816063,1816042,0
1816319,426337312012916,3505959,0.62176583,256,1816064,1816319,1816319,0
1816575,426337312952583,3432375,0.66912341,256,1816320,1816575,1816566,0
1816831,426337313832708,3446625,0.67761214,256,1816576,1816831,1816606,0
1817087,426337314753541,3373042,0.63351258,256,1816832,1817087,1816970,0
1817343,426337315653708,3324500,0.63162866,256,1817088,1817343,1817340,0
1817599,426337316565083,3305917,0.6318691,256,1817344,1817599,1817349,0
1817855,426337317474333,3247792,0.5882785,256,1817600,1817855,1817751,0
1818111,426337318296958,3274917,0.59024759,256,1817856,1818111,1818099,0
1818367,426337319177791,3227000,0.58801015,256,1818112,1818367,1818238,0
1818623,426337320059833,3226083,0.68728591,256,1818368,1818623,1818577,0
1818879,426337320947458,3183958,0.61867574,256,1818624,1818879,1818642,0
1819135,426337321827583,3648542,0.60049282,256,1818880,1819135,1819088,0
1819391,426337322691916,4378084,0.61710258,256,1819136,1819391,1819209,0
1819647,426337323625708,5044458,0.6286582,256,1819392,1819647,1819592,0
1819903,426337324490708,5786125,0.6453923,256,1819648,1819903,1819761,0
1820159,426337325421958,6487333,0.63490297,256,1819904,1820159,1819931,0
1820415,426337326320208,7198000,0.6416423,256,1820160,1820415,1820262,0
1820671,426337327177750,7723333,0.62430912,256,1820416,1820671,1820661,0
1820927,426337328029208,7714208,0.63129476,256,1820672,1820927,1820723,0
1821183,426337328918916,7633459,0.64913662,256,1820928,1821183,1821021,0
1821439,426337329770291,7647209,0.64973736,256,1821184,1821439,1821379,0
1821695,426337330675666,7571167,0.57956331,256,1821440,1821695,1821660,0
1821951,426337331503125,7574500,0.61284035,256,1821696,1821951,1821740,0
1822207,426337332368625,7557291,0.64470687,256,1821952,1822207,1822057,0
1822463,426337333246125,7522791,0.63684892,256,1822208,1822463,1822434,0
1822719,426337334113625,7543041,0.68487594,256,1822464,1822719,1822573,0
1822975,426337334982500,7519708,0.60635518,256,1822720,1822975,1822827,0
1823231,426337335884375,7486666,0.63492915,256,1822976,1823231,1823095,0
1823487,426337336809000,7408083,0.64038003,256,1823232,1823487,1823424,0
1823743,426337337686708,7360708,0.60458498,256,1823488,1823743,1823626,0
1823999,426337338573375,7298375,0.61138184,256,1823744,1823999,1823938,0
1824255,426337339444708,7232458,0.59090211,256,1824000,1824255,1824005,0
1824511,426337340304791,7195334,0.62098797,256,1824256,1824511,1824466,0
1824767,426337341202500,7146333,0.62856775,256,1824512,1824767,1824618,0
1825023,426337342109041,7053667,0.59053032,256,1824768,1825023,1824870,0
1825279,426337343015416,7022042,0.64044553,256,1825024,1825279,1825223,0
1825535,426337343877125,7000208,0.62097953,256,1825280,1825535,1825488,0
1825791,426337344748416,6983625,0.61062979,256,1825536,1825791,1825660,0
1826047,426337345688041,6877417,0.60962017,256,1825792,1826047,1826008,0
1826303,426337346586375,6831375,0.60518556,256,1826048,1826303,1826289,0
1826559,426337347462916,6799209,0.64102501,256,1826304,1826559,1826538,0
1826815,426337348351708,6737917,0.62939463,256,1826560,1826815,1826623,0
1827071,426337349276958,6644500,0.58867688,256,1826816,1827071,1827041,0
1827327,426337350211416,6537834,0.6443855,256,1827072,1827327,1827259,0
1827583,426337351096416,6491042,0.65614144,256,1827328,1827583,1827559,0
1827839,426337351936541,6477542,0.62423057,256,1827584,1827839,1827588,0
1828095,426337352837500,6435666,0.6332931,256,1827840,1828095,1828081,0
1828351,426337353727625,6355166,0.58710934,256,1828096,1828351,1828196,0
1828607,426337354635333,6266125,0.60331849,256,1828352,1828607,1828493,0
1828863,426337355526583,6190708,0.61998326,256,1828608,1828863,1828701,0
1829119,426337356440291,6103334,0.65400459,256,1828864,1829119,1829035,0
1829375,426337357239125,6127291,0.6237523,256,1829120,1829375,1829134,0
1829631,426337358140583,6068125,0.6458288,256,1829376,1829631,1829599,0
1829887,426337358988083,6063542,0.59749237,256,1829632,1829887,1829752,0
1830143,426337359927083,5993208,0.597402,256,1829888,1830143,1830061,0
1830399,426337360752125,6004166,0.61188899,256,1830144,1830399,1830235,0
1830655,426337361624125,5976916,0.66563199,256,1830400,1830655,1830416,0
1830911,426337362545375,5892500,0.61303204,256,1830656,1830911,1830869,0
1831167,426337363439458,5825833,0.60281846,256,1830912,1831167,1831136,0
1831423,426337364291333,5835292,0.59442221,256,1831168,1831423,1831299,0
1831679,426337365144208,5788500,0.57155643,256,1831424,1831679,1831591,0
1831935,426337366051916,5706250,0.59648675,256,1831680,1831935,1831707,0
1832191,426337366969041,5662375,0.65585927,256,1831936,1832191,1832050,0
1832447,426337367786583,5701667,0.63750405,256,1832192,1832447,1832395,0
1832703,426337368726291,5591750,0.65071636,256,1832448,1832703,1832698,0
1832959,426337369581083,5593250,0.63831303,256,1832704,1832959,1832704,0
1833215,426337370444750,5557541,0.61297029,256,1832960,1833215,1833178,0
1833471,426337371296750,5545208,0.62639294,256,1833216,1833471,1833314,0
1833727,426337372178208,5489875,0.61854913,256,1833472,1833727,1833631,0
1833983,426337373011458,5502583,0.59637254,256,1833728,1833983,1833899,0
1834239,426337373849291,5509959,0.63534921,256,1833984,1834239,1834202,0
1834495,426337374709125,5527625,0.61000586,256,1834240,1834495,1834365,0
1834751,426337375563375,5513875,0.59199943,256,1834496,1834751,1834650,0
1835007,426337376439916,5464000,0.62598071,256,1834752,1835007,1834911,0
1835263,426337377346708,5402500,0.60876253,256,1835008,1835263,1835063,0
1835519,426337378243916,5319125,0.62042115,256,1835264,1835519,1835310,0
1835775,426337379173041,5210625,0.60044824,256,1835520,1835775,1835687,0
1836031,426337380037250,6076875,0.62258164,256,1835776,1836031,1836031,0
1836287,426337380923666,6807709,0.61672773,256,1836032,1836287,1836177,0
1836543,426337381780666,7551292,0.63793373,256,1836288,1836543,1836484,0
1836799,426337382669875,7847416,0.63242657,256,1836544,1836799,1836650,0
1837055,426337383525250,7813041,0.65676825,256,1836800,1837055,1836807,0
1837311,426337384442500,7774791,0.65068601,256,1837056,1837311,1837136,0
1837567,426337385348583,7708000,0.65469798,256,1837312,1837567,1837363,0
1837823,426337386181458,7703292,0.60124857,256,1837568,1837823,1837715,0
1838079,426337387107291,7620167,0.61766377,256,1837824,1838079,1837852,0
1838335,426337388020291,7532667,0.59642016,256,1838080,1838335,1838174,0
1838591,426337388918166,7468542,0.66309834,256,1838336,1838591,1838535,0
1838847,426337389848958,7379708,0.61057383,256,1838592,1838847,1838830,0
1839103,426337390767291,7288375,0.59880173,256,1838848,1839103,1838927,0
1839359,426337391643166,7244042,0.60759245,256,1839104,1839359,1839191,0
1839615,426337392557458,7158542,0.65781552,256,1839360,1839615,1839424,0
1839871,426337393462958,7073958,0.63380544,256,1839616,1839871,1839704,0
1840127,426337394341041,7017125,0.60113956,256,1839872,1840127,1840093,0
1840383,426337395199333,6985708,0.62129579,256,1840128,1840383,1840357,0
1840639,426337396067500,6966208,0.58529765,256,1840384,1840639,1840639,0
1840895,426337396932250,6951291,0.62064396,256,1840640,1840895,1840657,0
1841151,426337397791541,6905125,0.59992003,256,1840896,1841151,1841119,0
1841407,426337398672666,6890917,0.61596974,256,1841152,1841407,1841397,0
1841663,426337399541166,6833084,0.57658246,256,1841408,1841663,1841494,0
1841919,426337400422541,6779875,0.56519687,256,1841664,1841919,1841775,0
1842175,426337401294625,6742250,0.62374666,256,1841920,1842175,1841951,0
1842431,426337402204500,6649041,0.58368317,256,1842176,1842431,1842310,0
1842687,426337403067375,6593875,0.58232311,256,1842432,1842687,1842585,0
1842943,426337403947666,6567459,0.6099363,256,1842688,1842943,1842804,0
1843199,426337404773666,6555209,0.58881237,256,1842944,1843199,1843112,0
1843455,426337405703583,6492333,0.61528807,256,1843200,1843455,1843281,0
1843711,426337406580416,6443250,0.60228561,256,1843456,1843711,1843523,0
1843967,426337407455791,6387459,0.65134198,256,1843712,1843967,1843862,0
1844223,426337408332458,6342583,0.62799196,256,1843968,1844223,1844136,0
1844479,426337409202750,6297250,0.64382915,256,1844224,1844479,1844454,0
1844735,426337410096125,6236458,0.61922696,256,1844480,1844735,1844668,0
1844991,426337411009125,6147125,0.60329803,256,1844736,1844991,1844799,0
1845247,426337411863708,6107792,0.62816033,256,1844992,1845247,1845159,0
1845503,426337412725458,6051417,0.57488227,256,1845248,1845503,1845390,0
1845759,426337413598791,5990292,0.64913908,256,1845504,1845759,1845529,0
1846015,426337414584166,5833584,0.59932455,256,1845760,1846015,1845820,0
1846271,426337415446875,5811083,0.61677297,256,1846016,1846271,1846227,0
1846527,426337416283125,5799833,0.65642894,256,1846272,1846527,1846328,0
1846783,426337417180083,5727875,0.61479246,256,1846528,1846783,1846554,0
1847039,426337418022500,5696958,0.5812468,256,1846784,1847039,1847029,0
1847295,426337418913250,5647166,0.60889053,256,1847040,1847295,1847192,0
1847551,426337419764000,5619291,0.63722307,256,1847296,1847551,1847528,0
1847807,426337420668666,5547959,0.6789547,256,1847552,1847807,1847564,0
1848063,426337421475791,5548750,0.62730144,256,1847808,1848063,1847963,0
1848319,426337422324041,5522000,0.60328595,256,1848064,1848319,1848068,0
1848575,426337423214875,5445041,0.64256733,256,1848320,1848575,1848558,0
1848831,426337424087416,5410417,0.62837244,256,1848576,1848831,1848738,0
1849087,426337425018083,5334042,0.60233607,256,1848832,1849087,1848842,0
1849343,426337425858666,5323084,0.60359799,256,1849088,1849343,1849210,0
1849599,426337426753166,5237959,0.56453933,256,1849344,1849599,1849549,0
1849855,426337427628250,5157708,0.59659302,256,1849600,1849855,1849648,0
1850111,426337428580875,5053875,0.61424866,256,1849856,1850111,1850051,0
1850367,426337429430458,5019250,0.62930165,256,1850112,1850367,1850343,0
1850623,426337430266958,5014083,0.57240215,256,1850368,1850623,1850581,0
1850879,426337431129750,4982708,0.58270619,256,1850624,1850879,1850654,0
1851135,426337432019375,4937500,0.62488011,256,1850880,1851135,1850957,0
1851391,426337432880375,4897750,0.57593519,256,1851136,1851391,1851231,0
1851647,426337433767750,4839458,0.62010245,256,1851392,1851647,1851578,0
1851903,426337434641375,4791833,0.61091659,256,1851648,1851903,1851830,0
1852159,426337435588375,4671625,0.59584126,256,1851904,1852159,1852094,0
1852415,426337436469791,4598625,0.60658991,256,1852160,1852415,1852213,0
1852671,426337437396291,7216625,0.61519844,256,1852416,1852671,1852489,0
1852927,426337438245625,6369000,0.60823272,256,1852672,1852927,1852905,0
1853183,426337439106708,5508958,0.61129457,256,1852928,1853183,1853016,0
1853439,426337440020958,4595792,0.60562089,256,1853184,1853439,1853295,0
1853695,426337440885083,4295458,0.60377393,256,1853440,1853695,1853520,0
1853951,426337444714416,1315292,0.62713047,256,1853696,1853951,1853836,0
1854207,426337444723625,2149291,0.61624675,256,1853952,1854207,1854195,0
1854463,426337444732875,2941208,0.65692913,256,1854208,1854463,1854263,0
1854719,426337444742041,3745084,0.61805452,256,1854464,1854719,1854465,0
1854975,426337445300375,3985000,0.62261602,256,1854720,1854975,1854803,0
1855231,426337446222666,3880209,0.59726526,256,1854976,1855231,1855187,0
1855487,426337447066333,3863375,0.61549548,256,1855232,1855487,1855236,0
1855743,426337447983458,3766542,0.60383213,256,1855488,1855743,1855690,0
1855999,426337448880583,3682208,0.57401221,256,1855744,1855999,1855755,0
1856255,426337449787458,3575542,0.58227665,256,1856000,1856255,1856062,0
1856511,426337450665541,3516084,0.59378722,256,1856256,1856511,1856332,0
1856767,426337451530000,3477291,0.61128015,256,1856512,1856767,1856591,0
1857023,426337452420625,3399875,0.62494963,256,1856768,1857023,1856835,0
1857279,426337453278041,3354750,0.59723363,256,1857024,1857279,1857044,0
1857535,426337454149791,3322125,0.58792185,256,1857280,1857535,1857302,0
1857791,426337455021166,3289917,0.61263605,256,1857536,1857791,1857590,0
1858047,426337455896750,3234416,0.61526841,256,1857792,1858047,1857875,0
1858303,426337456797916,3137375,0.60018103,256,1858048,1858303,1858300,0
1858559,426337457712250,3077791,0.69292101,256,1858304,1858559,1858558,0
1858815,426337458545583,3109083,0.64495132,256,1858560,1858815,1858566,0
1859071,426337459487291,3021250,0.62245042,256,1858816,1859071,1859046,0
1859327,426337460306458,3008667,0.59416998,256,1859072,1859327,1859117,0
1859583,426337461219416,2935542,0.59891146,256,1859328,1859583,1859472,0
1859839,426337462177541,2797375,0.59348389,256,1859584,1859839,1859762,0
1860095,426337463093458,2713542,0.59958757,256,1859840,1860095,1859897,0
1860351,426337464020375,2581916,0.60133077,256,1860096,1860351,1860289,0
1860607,426337464862125,2579541,0.60591531,256,1860352,1860607,1860582,0
1860863,426337465775166,2521459,0.63295032,256,1860608,1860863,1860666,0
1861119,426337466651375,2469250,0.60153947,256,1860864,1861119,1861002,0
1861375,426337467543166,2409375,0.59158211,256,1861120,1861375,1861373,0
1861631,426337468437541,2361000,0.64671385,256,1861376,1861631,1861544,0
1861887,426337469348000,2271416,0.63386269,256,1861632,1861887,1861875,0
1862143,426337470223291,2247750,0.62934687,256,1861888,1862143,1861943,0
1862399,426337471133166,2183292,0.63753856,256,1862144,1862399,1862260,0
1862655,426337472055041,2097667,0.63687953,256,1862400,1862655,1862655,0
1862911,426337472896708,2098917,0.60181328,256,1862656,1862911,1862774,0
1863167,426337473792625,2022083,0.64143286,256,1862912,1863167,1862978,0
1863423,426337474691375,1938041,0.59617283,256,1863168,1863423,1863399,0
1863679,426337475589875,1842958,0.61257362,256,1863424,1863679,1863429,0
1863935,426337476503958,1756042,0.60967855,256,1863680,1863935,1863686,0
1864191,426337477339958,1765625,0.64639082,256,1863936,1864191,1864021,0
1864447,426337478199250,1730333,0.62883106,256,1864192,1864447,1864431,0
1864703,426337479021791,1705625,0.56860543,256,1864448,1864703,1864630,0
1864959,426337479958583,1583750,0.56441215,256,1864704,1864959,1864810,0
1865215,426337480823458,1561167,0.61130886,256,1864960,1865215,1865189,0
1865471,426337481695875,1499708,0.5750652,256,1865216,1865471,1865347,0
1865727,426337482620500,1387541,0.57097002,256,1865472,1865727,1865478,0
1865983,426337483486125,1337208,0.58718128,256,1865728,1865983,1865933,0
1866239,426337484372750,1321666,0.61997599,256,1865984,1866239,1866045,0
1866495,426337485625000,844000,0.59411462,256,1866240,1866495,1866458,0
1866751,426337486146958,1153250,0.63354144,256,1866496,1866751,1866553,0
1867007,426337487045500,1063625,0.61077366,256,1866752,1867007,1866792,0
1867263,426337487860208,1050625,0.59877957,256,1867008,1867263,1867263,0
1867519,426337488754708,975917,0.60738056,256,1867264,1867519,1867316,0
1867775,426337489630208,922333,0.61848223,256,1867520,1867775,1867567,0
1868031,426337490469666,888792,0.61213227,256,1867776,1868031,1868026,0
1868287,426337491362666,813042,0.59928712,256,1868032,1868287,1868032,0
1868543,426337492312708,883125,0.59319544,256,1868288,1868543,1868469,0
1868799,426337493205583,817833,0.59242797,256,1868544,1868799,1868764,0
1869055,426337494088458,1708667,0.58565776,256,1868800,1869055,1868869,0
1869311,426337494949416,1839334,0.6337925,256,1869056,1869311,1869185,0
1869567,426337495800291,1806542,0.62627704,256,1869312,1869567,1869375,0
1869823,426337496718375,1677291,0.58328891,256,1869568,1869823,1869794,0
1870079,426337497599583,1600542,0.61252297,256,1869824,1870079,1870042,0
1870335,426337498450375,1570583,0.63678324,256,1870080,1870335,1870318,0
1870591,426337499315125,1505541,0.61420734,256,1870336,1870591,1870414,0
1870847,426337500194041,1442167,0.60904724,256,1870592,1870847,1870774,0
1871103,426337501080833,1348500,0.60613878,256,1870848,1871103,1871059,0
1871359,426337501963041,1238375,0.60333579,256,1871104,1871359,1871168,0
1871615,426337502870916,1166417,0.61424834,256,1871360,1871615,1871517,0
1871871,426337503735458,1106583,0.59625723,256,1871616,1871871,1871789,0
1872127,426337504656750,972625,0.61436095,256,1871872,1872127,1872096,0
1872383,426337505542958,908542,0.63025999,256,1872128,1872383,1872376,0
1872639,426337506397583,883042,0.66362755,256,1872384,1872639,1872543,0
1872895,426337507336583,1395000,0.59566289,256,1872640,1872895,1872887,0
1873151,426337508186208,1398833,0.62217051,256,1872896,1873151,1872917,0
1873407,426337509054750,1381791,0.64805175,256,1873152,1873407,1873382,0
1873663,426337509960333,1299250,0.60259417,256,1873408,1873663,1873615,0
1873919,426337510907500,1168500,0.62971467,256,1873664,1873919,1873773,0
1874175,426337511800666,1111000,0.6198063,256,1873920,1874175,1873982,0
1874431,426337512727625,985958,0.59285803,256,1874176,1874431,1874411,0
1874687,426337513601041,952875,0.62529003,256,1874432,1874687,1874439,0
1874943,426337514488916,876625,0.62864922,256,1874688,1874943,1874749,0
1875199,426337515343166,862209,0.62037311,256,1874944,1875199,1875030,0
1875455,426337516183833,826000,0.5705806,256,1875200,1875455,1875385,0
1875711,426337517089041,848750,0.63898438,256,1875456,1875711,1875524,0
1875967,426337517939958,799500,0.60579449,256,1875712,1875967,1875865,0
1876223,426337518803250,818916,0.59432828,256,1875968,1876223,1876156,0
1876479,426337519703083,823875,0.56983826,256,1876224,1876479,1876319,0
1876735,426337520560041,810625,0.57141594,256,1876480,1876735,1876495,0
1876991,426337521407666,838917,0.59258233,256,1876736,1876991,1876966,0
1877247,426337522307250,830125,0.63939749,256,1876992,1877247,1877044,0
1877503,426337523222875,1511125,0.63027226,256,1877248,1877503,1877374,0
1877759,426337524136875,1398458,0.58755874,256,1877504,1877759,1877610,0
1878015,426337525004166,1331667,0.62146377,256,1877760,1878015,1877982,0
1878271,426337525901875,1238833,0.60246461,256,1878016,1878271,1878132,0
1878527,426337526770541,1165959,0.59872554,256,1878272,1878527,1878429,0
1878783,426337527668041,1047792,0.59822397,256,1878528,1878783,1878555,0
1879039,426337528509291,1001084,0.60944565,256,1878784,1879039,1878879,0
1879295,426337529390041,946000,0.61940373,256,1879040,1879295,1879121,0
1879551,426337530279083,871667,0.64121584,256,1879296,1879551,1879528,0
1879807,426337531228416,1579625,0.63227465,256,1879552,1879807,1879572,0
1880063,426337532099083,1748167,0.59243858,256,1879808,1880063,1880049,0
1880319,426337532990375,1680541,0.63755647,256,1880064,1880319,1880220,0
1880575,426337533936916,1562709,0.62428661,256,1880320,1880575,1880344,0
1880831,426337534829541,1496917,0.6298314,256,1880576,1880831,1880816,0
1881087,426337535698000,1449166,0.59429438,256,1880832,1881087,1880834,0
1881343,426337536611375,1355958,0.58800449,256,1881088,1881343,1881254,0
1881599,426337537514875,1263208,0.58821582,256,1881344,1881599,1881558,0
1881855,426337538392333,1196417,0.61040398,256,1881600,1881855,1881805,0
1882111,426337539173875,1234416,0.6066355,256,1881856,1882111,1882016,0
1882367,426337540043166,1183292,0.57977163,256,1882112,1882367,1882353,0
1882623,426337540993166,1064292,0.65932005,256,1882368,1882623,1882599,0
1882879,426337541880000,1009541,0.64431338,256,1882624,1882879,1882638,0
1883135,426337542739375,1000208,0.60274246,256,1882880,1883135,1883133,0
1883391,426337543623791,939375,0.59988771,256,1883136,1883391,1883364,0
1883647,426337544513750,894666,0.61212021,256,1883392,1883647,1883568,0
1883903,426337545427291,1666875,0.6686183,256,1883648,1883903,1883692,0
1884159,426337546316208,1754292,0.60951265,256,1883904,1884159,1884032,0
1884415,426337547218708,1699917,0.64193169,256,1884160,1884415,1884347,0
1884671,426337548106500,1615375,0.58499298,256,1884416,1884671,1884588,0
1884927,426337548986833,1535458,0.58175114,256,1884672,1884927,1884783,0
1885183,426337549823500,1490750,0.6016676,256,1884928,1885183,1885064,0
1885439,426337550709375,1424208,0.61858467,256,1885184,1885439,1885336,0
1885695,426337551615750,1343625,0.59487259,256,1885440,1885695,1885695,0
1885951,426337552512750,1279416,0.57453155,256,1885696,1885951,1885774,0
1886207,426337553427416,1153584,0.58325845,256,1885952,1886207,1886087,0
1886463,426337554300458,1082292,0.59289488,256,1886208,1886463,1886448,0
1886719,426337555190541,1002584,0.62981849,256,1886464,1886719,1886568,0
1886975,426337556111291,901667,0.61250639,256,1886720,1886975,1886967,0
1887231,426337557001291,886125,0.65859587,256,1886976,1887231,1887048,0
1887487,426337557871625,821541,0.60433851,256,1887232,1887487,1887327,0
1887743,426337558726000,837375,0.60328128,256,1887488,1887743,1887525,0
1887999,426337559591208,1510083,0.57827709,256,1887744,1887999,1887900,0
1888255,426337560472541,1458917,0.6051523,256,1888000,1888255,1888138,0
1888511,426337561316958,1458458,0.60298794,256,1888256,1888511,1888341,0
1888767,426337562212083,1386708,0.59905662,256,1888512,1888767,1888644,0
1889023,426337563084666,1367917,0.63687034,256,1888768,1889023,1889020,0
1889279,426337563954625,1323208,0.64303692,256,1889024,1889279,1889078,0
1889535,426337564924750,1188125,0.58952888,256,1889280,1889535,1889516,0
1889791,426337565752125,1202833,0.61402743,256,1889536,1889791,1889611,0
1890047,426337566651916,1166042,0.61915101,256,1889792,1890047,1889963,0
1890303,426337567496458,1142458,0.59337317,256,1890048,1890303,1890301,0
1890559,426337568401500,1090083,0.61467062,256,1890304,1890559,1890317,0
1890815,426337569260000,1093208,0.5910827,256,1890560,1890815,1890815,0
1891071,426337570127291,1061792,0.60441898,256,1890816,1891071,1890906,0
1891327,426337571059166,978334,0.61028263,256,1891072,1891327,1891281,0
1891583,426337571893708,1037583,0.66421782,256,1891328,1891583,1891410,0
1891839,426337572766250,970416,0.64918656,256,1891584,1891839,1891800,0
1892095,426337573691958,871625,0.62763628,256,1891840,1892095,1891924,0
1892351,426337574591166,1627500,0.59030164,256,1892096,1892351,1892263,0
1892607,426337575449666,1832709,0.65669599,256,1892352,1892607,1892546,0
1892863,426337576339791,1798167,0.63442299,256,1892608,1892863,1892633,0
1893119,426337577205375,1750750,0.62120374,256,1892864,1893119,1893029,0
1893375,426337578146333,1646917,0.60691563,256,1893120,1893375,1893171,0
1893631,426337579066958,1570000,0.60772612,256,1893376,1893631,1893425,0
1893887,426337579997250,1457875,0.57819875,256,1893632,1893887,1893714,0
1894143,426337580903625,1402166,0.62012724,256,1893888,1894143,1893966,0
1894399,426337581767625,1396333,0.62712254,256,1894144,1894399,1894281,0
1894655,426337582629583,1369917,0.59939127,256,1894400,1894655,1894578,0
1894911,426337583550791,1271750,0.58902533,256,1894656,1894911,1894885,0
1895167,426337584443708,1339625,0.62206653,256,1894912,1895167,1894923,0
1895423,426337585385916,1995834,0.62414991,256,1895168,1895423,1895367,0
1895679,426337586282250,2668375,0.62464416,256,1895424,1895679,1895509,0
1895935,426337587143291,3375000,0.57558784,256,1895680,1895935,1895683,0
1896191,426337587966500,4128125,0.63017868,256,1895936,1896191,1896085,0
1896447,426337588852958,4590333,0.61242889,256,1896192,1896447,1896400,0
1896703,426337589756458,4495333,0.59227937,256,1896448,1896703,1896660,0
1896959,426337590644083,4448583,0.59442219,256,1896704,1896959,1896912,0
1897215,426337591587208,4319958,0.63125636,256,1896960,1897215,1897204,0
1897471,426337592540041,4207000,0.63925784,256,1897216,1897471,1897231,0
1897727,426337593459166,4113834,0.58870569,256,1897472,1897727,1897567,0
1897983,426337594365750,4032000,0.61103145,256,1897728,1897983,1897792,0
1898239,426337595256708,3988875,0.61090879,256,1897984,1898239,1898079,0
1898495,426337596168625,3898291,0.61692627,256,1898240,1898495,1898449,0
1898751,426337597065625,3838666,0.59929395,256,1898496,1898751,1898638,0
1899007,426337597906833,3832500,0.64087453,256,1898752,1899007,1898872,0
1899263,426337598737750,3826125,0.6315689,256,1899008,1899263,1899100,0
1899519,426337599624875,3758291,0.57421666,256,1899264,1899519,1899302,0
1899775,426337600489000,3762333,0.63829549,256,1899520,1899775,1899582,0
1900031,426337601350333,3756500,0.62853484,256,1899776,1900031,1899785,0
1900287,426337602230958,3727792,0.60530327,256,1900032,1900287,1900165,0
1900543,426337603156666,3656584,0.62263458,256,1900288,1900543,1900529,0
1900799,426337604028500,3636708,0.59656578,256,1900544,1900799,1900663,0
1901055,426337604961250,3550541,0.60779822,256,1900800,1901055,1900800,0
1901311,426337605858458,3475333,0.59317879,256,1901056,1901311,1901154,0
1901567,426337606807083,3380667,0.63330478,256,1901312,1901567,1901378,0
1901823,426337607655875,3387375,0.64410942,256,1901568,1901823,1901775,0
1902079,426337608534833,3355750,0.59444516,256,1901824,1902079,1901939,0
1902335,426337609413708,3327125,0.6023155,256,1902080,1902335,1902198,0
1902591,426337610308333,3287958,0.6196173,256,1902336,1902591,1902563,0
1902847,426337611141875,3327708,0.6397648,256,1902592,1902847,1902632,0
1903103,426337612081875,3237708,0.60877202,256,1902848,1903103,1902968,0
1903359,426337612967458,3198250,0.62750057,256,1903104,1903359,1903340,0
1903615,426337613866125,3168166,0.63772835,256,1903360,1903615,1903564,0
1903871,426337614784833,3135833,0.61225154,256,1903616,1903871,1903693,0
1904127,426337615757708,3024375,0.64164905,256,1903872,1904127,1903983,0
1904383,426337616669458,2983125,0.64319282,256,1904128,1904383,1904236,0
1904639,426337617488416,3011875,0.62274917,256,1904384,1904639,1904562,0
1904895,426337618331375,3038250,0.63325526,256,1904640,1904895,1904770,0
1905151,426337619160250,3042666,0.63732299,256,1904896,1905151,1904909,0
1905407,426337620044708,3025458,0.64122953,256,1905152,1905407,1905392,0
1905663,426337620937791,2969667,0.62660174,256,1905408,1905663,1905570,0
1905919,426337621825541,2970875,0.64987984,256,1905664,1905919,1905685,0
1906175,426337622732166,2925750,0.59472973,256,1905920,1906175,1905983,0
1906431,426337623628166,2897209,0.65296432,256,1906176,1906431,1906301,0
1906687,426337624533875,2840833,0.61340293,256,1906432,1906687,1906526,0
1906943,426337625423375,2787666,0.64018076,256,1906688,1906943,1906720,0
1907199,426337626375958,2697083,0.63829761,256,1906944,1907199,1907086,0
1907455,426337627243500,2657458,0.59043634,256,1907200,1907455,1907340,0
1907711,426337628122375,2643375,0.61976185,256,1907456,1907711,1907469,0
1907967,426337629062833,3870958,0.64076093,256,1907712,1907967,1907886,0
1908223,426337629959416,2976125,0.61442276,256,1907968,1908223,1908215,0
1908479,426337630842791,3409584,0.64467236,256,1908224,1908479,1908411,0
1908735,426337632118583,2161542,0.62364927,256,1908480,1908735,1908705,0
1908991,426337632963916,2190167,0.61673704,256,1908736,1908991,1908920,0
1909247,426337634267375,1784958,0.67610459,256,1908992,1909247,1909061,0
1909503,426337634410958,2491750,0.61156548,256,1909248,1909503,1909322,0
1909759,426337635280333,2505375,0.64185669,256,1909504,1909759,1909531,0
1910015,426337636155375,2500166,0.60819544,256,1909760,1910015,1909835,0
1910271,426337637035625,2479041,0.60853292,256,1910016,1910271,1910172,0
1910527,426337637974375,2412083,0.62492758,256,1910272,1910527,1910455,0
1910783,426337638808750,2464708,0.67894507,256,1910528,1910783,1910670,0
1911039,426337639685208,2454792,0.60293968,256,1910784,1911039,1910874,0
1911295,426337640532541,2495584,0.64961557,256,1911040,1911295,1911141,0
1911551,426337641495250,2412291,0.65605684,256,1911296,1911551,1911445,0
1911807,426337642376708,2406875,0.63862436,256,1911552,1911807,1911769,0
1912063,426337643217416,2439042,0.61520012,256,1911808,1912063,1911924,0
1912319,426337644068791,2519709,0.64809905,256,1912064,1912319,1912177,0
1912575,426337644955291,2497500,0.60094351,256,1912320,1912575,1912345,0
1912831,426337645807791,2505125,0.61548058,256,1912576,1912831,1912614,0
1913087,426337646676333,2509583,0.64472019,256,1912832,1913087,1913083,0
1913343,426337647609208,2447917,0.6103563,256,1913088,1913343,1913170,0
1913599,426337648484916,2456792,0.6762325,256,1913344,1913599,1913542,0
1913855,426337649371541,2424667,0.62823744,256,1913600,1913855,1913626,0
1914111,426337650232625,2429458,0.63039284,256,1913856,1914111,1913973,0
1914367,426337651140166,2388667,0.65093792,256,1914112,1914367,1914183,0
1914623,426337651958083,2419167,0.61951663,256,1914368,1914623,1914506,0
1914879,426337652867166,2373167,0.60176922,256,1914624,1914879,1914706,0
1915135,426337653708250,2361583,0.62239543,256,1914880,1915135,1915087,0
1915391,426337654640500,2300541,0.62346011,256,1915136,1915391,1915153,0
1915647,426337655458416,2380292,0.60631253,256,1915392,1915647,1915412,0
1915903,426337656308083,2416583,0.60674639,256,1915648,1915903,1915743,0
1916159,426337657169708,2406792,0.61005339,256,1915904,1916159,1916139,0
1916415,426337658067333,2362000,0.62176583,256,1916160,1916415,1916319,0
1916671,426337658974625,2356708,0.67761214,256,1916416,1916671,1916606,0
1916927,426337659854708,2310250,0.582646,256,1916672,1916927,1916675,0
1917183,426337660816500,2206958,0.63351258,256,1916928,1917183,1916970,0
1917439,426337661682041,2216334,0.6318691,256,1917184,1917439,1917349,0
1917695,426337662607708,2159583,0.60372303,256,1917440,1917695,1917572,0
1917951,426337663501000,2115416,0.5882785,256,1917696,1917951,1917751,0
1918207,426337664323708,2133375,0.59024759,256,1917952,1918207,1918099,0
1918463,426337665228291,2083750,0.6188372,256,1918208,1918463,1918420,0
1918719,426337666092500,2072125,0.68728591,256,1918464,1918719,1918577,0
1918975,426337666976083,2005500,0.61264445,256,1918720,1918975,1918860,0
1919231,426337667837333,1988375,0.61710258,256,1918976,1919231,1919209,0
1919487,426337668758208,1879250,0.60008443,256,1919232,1919487,1919360,0
1919743,426337669653791,1817584,0.6286582,256,1919488,1919743,1919592,0
1919999,426337670542208,1800292,0.6453923,256,1919744,1919999,1919761,0
1920255,426337671454833,1744875,0.61071043,256,1920000,1920255,1920244,0
1920511,426337672324583,1712125,0.6416423,256,1920256,1920511,1920262,0
1920767,426337673223083,1670292,0.63129476,256,1920512,1920767,1920723,0
1921023,426337674061875,1646125,0.64913662,256,1920768,1921023,1921021,0
1921279,426337674949791,1570917,0.59326676,256,1921024,1921279,1921201,0
1921535,426337675791666,1596209,0.64973736,256,1921280,1921535,1921379,0
1921791,426337676671958,1547500,0.61284035,256,1921536,1921791,1921740,0
1922047,426337677532708,1521708,0.60630711,256,1921792,1922047,1922023,0
1922303,426337678434916,1465000,0.64470687,256,1922048,1922303,1922057,0
1922559,426337679260291,1477500,0.65310893,256,1922304,1922559,1922528,0
1922815,426337680157541,1463292,0.68487594,256,1922560,1922815,1922573,0
1923071,426337680994875,1471833,0.62224034,256,1922816,1923071,1923066,0
1923327,426337681951250,1375625,0.63492915,256,1923072,1923327,1923095,0
1923583,426337682831333,1331542,0.64038003,256,1923328,1923583,1923424,0
1923839,426337683703166,1278125,0.60458498,256,1923584,1923839,1923626,0
1924095,426337684602458,1189833,0.61138184,256,1923840,1924095,1923938,0
1924351,426337685484958,1134417,0.59470801,256,1924096,1924351,1924345,0
1924607,426337686344000,1096000,0.62098797,256,1924352,1924607,1924466,0
1924863,426337687228541,1049500,0.62856775,256,1924608,1924863,1924618,0
1925119,426337688175833,946708,0.6257972,256,1924864,1925119,1925107,0
1925375,426337689042791,927209,0.64044553,256,1925120,1925375,1925223,0
1925631,426337689919666,911209,0.62097953,256,1925376,1925631,1925488,0
1925887,426337690800833,884500,0.61062979,256,1925632,1925887,1925660,0
1926143,426337691737083,873917,0.60962017,256,1925888,1926143,1926008,0
1926399,426337692626375,887791,0.61720247,256,1926144,1926399,1926347,0
1926655,426337693538000,1016125,0.64102501,256,1926400,1926655,1926538,0
1926911,426337694403041,971292,0.58075952,256,1926656,1926911,1926698,0
1927167,426337695335875,860583,0.59691529,256,1926912,1927167,1927134,0
1927423,426337696234166,893500,0.6443855,256,1927168,1927423,1927259,0
1927679,426337697112416,907875,0.65614144,256,1927424,1927679,1927559,0
1927935,426337697962666,910917,0.61236989,256,1927680,1927935,1927933,0
1928191,426337698866416,879125,0.6332931,256,1927936,1928191,1928081,0
1928447,426337699794541,835834,0.58710934,256,1928192,1928447,1928196,0
1928703,426337700672250,862375,0.61998326,256,1928448,1928703,1928701,0
1928959,426337701566166,855209,0.59439807,256,1928704,1928959,1928800,0
1929215,426337702444791,1639042,0.65400459,256,1928960,1929215,1929035,0
1929471,426337703252916,2446959,0.5891788,256,1929216,1929471,1929268,0
1929727,426337704166291,3149042,0.6458288,256,1929472,1929727,1929599,0
1929983,426337705043041,3686500,0.59749237,256,1929728,1929983,1929752,0
1930239,426337705952125,3621750,0.61188899,256,1929984,1930239,1930235,0
1930495,426337706788750,3621208,0.66563199,256,1930240,1930495,1930416,0
1930751,426337707674041,3579834,0.61983034,256,1930496,1930751,1930526,0
1931007,426337708566875,3515000,0.61303204,256,1930752,1931007,1930869,0
1931263,426337709465291,3457625,0.60281846,256,1931008,1931263,1931136,0
1931519,426337710331750,3434041,0.59442221,256,1931264,1931519,1931299,0
1931775,426337711206750,3382541,0.59648675,256,1931520,1931775,1931707,0
1932031,426337712098291,3311000,0.61146871,256,1931776,1932031,1932020,0
1932287,426337712967291,3322125,0.65585927,256,1932032,1932287,1932050,0
1932543,426337713856125,3271500,0.63750405,256,1932288,1932543,1932395,0
1932799,426337714745833,3252625,0.65071636,256,1932544,1932799,1932698,0
1933055,426337715586333,3234417,0.59603534,256,1932800,1933055,1932882,0
1933311,426337716464708,3193667,0.61297029,256,1933056,1933311,1933178,0
1933567,426337717338291,3166042,0.62639294,256,1933312,1933567,1933314,0
1933823,426337718193791,3132292,0.61854913,256,1933568,1933823,1933631,0
1934079,426337719027208,3131542,0.6080745,256,1933824,1934079,1933995,0
1934335,426337719855500,3160000,0.63534921,256,1934080,1934335,1934202,0
1934591,426337720723833,3157875,0.61000586,256,1934336,1934591,1934365,0
1934847,426337721606750,3127791,0.59199943,256,1934592,1934847,1934650,0
1935103,426337722487500,3068208,0.62598071,256,1934848,1935103,1934911,0
1935359,426337723408333,2984000,0.62042115,256,1935104,1935359,1935310,0
1935615,426337724288208,2929125,0.6007891,256,1935360,1935615,1935384,0
1935871,426337725182291,2844250,0.60044824,256,1935616,1935871,1935687,0
1936127,426337726042375,2872750,0.62258164,256,1935872,1936127,1936031,0
1936383,426337726945666,2839792,0.61672773,256,1936128,1936383,1936177,0
1936639,426337727827000,2784916,0.63793373,256,1936384,1936639,1936484,0
1936895,426337728714625,2752666,0.65676825,256,1936640,1936895,1936807,0
1937151,426337729571375,2743166,0.65068601,256,1936896,1937151,1937136,0
1937407,426337730468458,2710708,0.65469798,256,1937152,1937407,1937363,0
1937663,426337731363833,2645458,0.63176897,256,1937408,1937663,1937523,0
1937919,426337732236125,2594833,0.61766377,256,1937664,1937919,1937852,0
1938175,426337733124416,2548125,0.59642016,256,1937920,1938175,1938174,0
1938431,426337734067000,2414041,0.58326041,256,1938176,1938431,1938300,0
1938687,426337734987916,2341875,0.66309834,256,1938432,1938687,1938535,0
1938943,426337735895791,2269000,0.61057383,256,1938688,1938943,1938830,0
1939199,426337736786166,2218375,0.60759245,256,1938944,1939199,1939191,0
1939455,426337737675333,2158500,0.65781552,256,1939200,1939455,1939424,0
1939711,426337738584833,2084833,0.63992472,256,1939456,1939711,1939588,0
1939967,426337739473791,2003500,0.59752637,256,1939712,1939967,1939856,0
1940223,426337740354250,1955791,0.60113956,256,1939968,1940223,1940093,0
1940479,426337741214333,1935792,0.62129579,256,1940224,1940479,1940357,0
1940735,426337742093416,1904292,0.62064396,256,1940480,1940735,1940657,0
1940991,426337742962416,1850209,0.60302827,256,1940736,1940991,1940880,0
1941247,426337743836541,1839584,0.60785975,256,1940992,1941247,1941179,0
1941503,426337744678333,1809167,0.61596974,256,1941248,1941503,1941397,0
1941759,426337745570708,1744958,0.57327156,256,1941504,1941759,1941538,0
1942015,426337746443250,1708583,0.62374666,256,1941760,1942015,1941951,0
1942271,426337747360166,1628375,0.6010083,256,1942016,1942271,1942117,0
1942527,426337748208583,1589083,0.58368317,256,1942272,1942527,1942310,0
1942783,426337749097500,1497541,0.58232311,256,1942528,1942783,1942585,0
1943039,426337750338541,1111584,0.6099363,256,1942784,1943039,1942804,0
1943295,426337750789583,1507958,0.61528807,256,1943040,1943295,1943281,0
1943551,426337751738375,1405916,0.60390786,256,1943296,1943551,1943298,0
1943807,426337752628625,1338041,0.60940541,256,1943552,1943807,1943775,0
1944063,426337753465333,1307667,0.65134198,256,1943808,1944063,1943862,0
1944319,426337754383500,1224375,0.62799196,256,1944064,1944319,1944136,0
1944575,426337755277041,1161959,0.64382915,256,1944320,1944575,1944454,0
1944831,426337756165333,1105500,0.61922696,256,1944576,1944831,1944668,0
1945087,426337757024541,1069875,0.59839023,256,1944832,1945087,1945031,0
1945343,426337757904375,1003166,0.62816033,256,1945088,1945343,1945159,0
1945599,426337758772583,952958,0.64913908,256,1945344,1945599,1945529,0
1945855,426337759665583,880583,0.59932455,256,1945600,1945855,1945820,0
1946111,426337760630875,813458,0.58963899,256,1945856,1946111,1945982,0
1946367,426337761465625,848083,0.65642894,256,1946112,1946367,1946328,0
1946623,426337762315125,1729875,0.61479246,256,1946368,1946623,1946554,0
1946879,426337763208416,1797500,0.58687898,256,1946624,1946879,1946724,0
1947135,426337764066166,1761875,0.5812468,256,1946880,1947135,1947029,0
1947391,426337764969750,1661416,0.60889053,256,1947136,1947391,1947192,0
1947647,426337765815916,1686792,0.6789547,256,1947392,1947647,1947564,0
1947903,426337766673958,1618458,0.63423499,256,1947648,1947903,1947770,0
1948159,426337767495583,1617625,0.62730144,256,1947904,1948159,1947963,0
1948415,426337768354666,1576167,0.57515766,256,1948160,1948415,1948396,0
1948671,426337769246666,1516584,0.64256733,256,1948416,1948671,1948558,0
1948927,426337770160625,1423541,0.62837244,256,1948672,1948927,1948738,0
1949183,426337771062041,1401250,0.5982365,256,1948928,1949183,1948934,0
1949439,426337771899083,1350833,0.60359799,256,1949184,1949439,1949210,0
1949695,426337772792666,1270625,0.59659302,256,1949440,1949695,1949648,0
1949951,426337773669666,1215709,0.5994441,256,1949696,1949951,1949925,0
1950207,426337774608208,1091833,0.61424866,256,1949952,1950207,1950051,0
1950463,426337775449208,1087625,0.62930165,256,1950208,1950463,1950343,0
1950719,426337776314708,1052250,0.58270619,256,1950464,1950719,1950654,0
1950975,426337777175958,1007792,0.62488011,256,1950720,1950975,1950957,0
1951231,426337778069166,950959,0.59512176,256,1950976,1951231,1951101,0
1951487,426337778931875,913833,0.58236464,256,1951232,1951487,1951396,0
1951743,426337779770458,915625,0.62010245,256,1951488,1951743,1951578,0
1951999,426337780705666,835084,0.61091659,256,1951744,1951999,1951830,0
1952255,426337781610291,1632250,0.60658991,256,1952000,1952255,1952213,0
1952511,426337782536541,1708459,0.61519844,256,1952256,1952511,1952489,0
1952767,426337783394208,1670792,0.59635555,256,1952512,1952767,1952518,0
1953023,426337784281500,1585416,0.61129457,256,1952768,1953023,1953016,0
1953279,426337785128291,1533584,0.56548277,256,1953024,1953279,1953212,0
1953535,426337786062208,1397708,0.60562089,256,1953280,1953535,1953295,0
1953791,426337786951708,1292875,0.600102,256,1953536,1953791,1953607,0
1954047,426337787788708,1284000,0.62713047,256,1953792,1954047,1953836,0
1954303,426337788749416,1139459,0.65692913,256,1954048,1954303,1954263,0
1954559,426337789550916,1122667,0.61805452,256,1954304,1954559,1954465,0
1954815,426337790428458,1047667,0.62261602,256,1954560,1954815,1954803,0
1955071,426337791369750,886375,0.57629691,256,1954816,1955071,1955030,0
1955327,426337792267625,816625,0.61549548,256,1955072,1955327,1955236,0
1955583,426337793116250,871791,0.59535012,256,1955328,1955583,1955536,0
1955839,426337794021541,839542,0.60383213,256,1955584,1955839,1955690,0
1956095,426337794941625,821791,0.58227665,256,1955840,1956095,1956062,0
1956351,426337795797208,820458,0.59378722,256,1956096,1956351,1956332,0
1956607,426337796708708,830917,0.61128015,256,1956352,1956607,1956591,0
1956863,426337797562583,828583,0.62494963,256,1956608,1956863,1956835,0
1957119,426337798431416,818209,0.59723363,256,1956864,1957119,1957044,0
1957375,426337799298208,810333,0.58792185,256,1957120,1957375,1957302,0
1957631,426337800173458,1728625,0.61263605,256,1957376,1957631,1957590,0
1957887,426337801065208,2462625,0.61526841,256,1957632,1957887,1957875,0
1958143,426337801931833,3173875,0.57622205,256,1957888,1958143,1957946,0
1958399,426337802821416,3878000,0.61289621,256,1958144,1958399,1958324,0
1958655,426337803744041,4309000,0.69292101,256,1958400,1958655,1958558,0
1958911,426337804583250,4303500,0.59693152,256,1958656,1958911,1958667,0
1959167,426337805478875,4233833,0.62245042,256,1958912,1959167,1959046,0
1959423,426337806414125,4084041,0.59387524,256,1959168,1959423,1959402,0
1959679,426337807277875,4027458,0.59891146,256,1959424,1959679,1959472,0
1959935,426337808232208,3886792,0.59958757,256,1959680,1959935,1959897,0
1960191,426337809135000,3778625,0.58000046,256,1959936,1960191,1960050,0
1960447,426337810063166,3635875,0.60133077,256,1960192,1960447,1960289,0
1960703,426337810904208,3635417,0.63295032,256,1960448,1960703,1960666,0
1960959,426337811814666,3530625,0.59501282,256,1960704,1960959,1960790,0
1961215,426337812676541,3498042,0.60153947,256,1960960,1961215,1961002,0
1961471,426337813586000,3389791,0.59158211,256,1961216,1961471,1961373,0
1961727,426337814455291,3355917,0.64671385,256,1961472,1961727,1961544,0
1961983,426337815364958,3296000,0.63386269,256,1961728,1961983,1961875,0
1962239,426337816274083,3182333,0.63145207,256,1961984,1962239,1962172,0
1962495,426337817166916,3107084,0.63753856,256,1962240,1962495,1962260,0
1962751,426337818061666,3030292,0.63687953,256,1962496,1962751,1962655,0
1963007,426337818926708,2973792,0.64143286,256,1962752,1963007,1962978,0
1963263,426337819823208,2872917,0.57706709,256,1963008,1963263,1963164,0
1963519,426337820743708,2752792,0.61257362,256,1963264,1963519,1963429,0
1963775,426337821627875,2651416,0.60967855,256,1963520,1963775,1963686,0
1964031,426337822522625,2567625,0.64639082,256,1963776,1964031,1964021,0
1964287,426337823343791,2573625,0.62269165,256,1964032,1964287,1964092,0
1964543,426337824204166,2498709,0.62883106,256,1964288,1964543,1964431,0
1964799,426337825083333,2415125,0.56860543,256,1964544,1964799,1964630,0
1965055,426337825974750,2331875,0.60762078,256,1964800,1965055,1965012,0
1965311,426337826835833,2263417,0.61130886,256,1965056,1965311,1965189,0
1965567,426337827741750,2166083,0.5750652,256,1965312,1965567,1965347,0
1965823,426337828633000,2055500,0.58355571,256,1965568,1965823,1965754,0
1966079,426337829527833,1975542,0.61997599,256,1965824,1966079,1966045,0
1966335,426337830377750,1911125,0.60002854,256,1966080,1966335,1966212,0
1966591,426337831276750,1834791,0.63354144,256,1966336,1966591,1966553,0
1966847,426337832199000,1698833,0.61653147,256,1966592,1966847,1966699,0
1967103,426337833049500,1634875,0.56357814,256,1966848,1967103,1966908,0
1967359,426337833885250,4388166,0.60738056,256,1967104,1967359,1967316,0
1967615,426337834780916,3506667,0.61848223,256,1967360,1967615,1967567,0
1967871,426337836292208,2852875,0.5728344,256,1967616,1967871,1967799,0
1968127,426337838296291,1648959,0.61213227,256,1967872,1968127,1968026,0
1968383,426337838324125,2409708,0.59197516,256,1968128,1968383,1968185,0
1968639,426337838617500,2915625,0.59319544,256,1968384,1968639,1968469,0
1968895,426337839273708,3052708,0.59242797,256,1968640,1968895,1968764,0
1969151,426337840092958,3033958,0.60667735,256,1968896,1969151,1969149,0
1969407,426337840970791,2995917,0.6337925,256,1969152,1969407,1969185,0
1969663,426337841848083,2902542,0.57238294,256,1969408,1969663,1969425,0
1969919,426337842753625,2785250,0.59063498,256,1969664,1969919,1969883,0
1970175,426337843619666,2719709,0.61252297,256,1969920,1970175,1970042,0
1970431,426337844491000,2667708,0.63678324,256,1970176,1970431,1970318,0
1970687,426337845347125,2622416,0.60276169,256,1970432,1970687,1970445,0
1970943,426337846263375,2505125,0.60904724,256,1970688,1970943,1970774,0
1971199,426337847121500,2440708,0.60613878,256,1970944,1971199,1971059,0
1971455,426337847986166,2374125,0.59180814,256,1971200,1971455,1971400,0
1971711,426337848890583,2287333,0.61424834,256,1971456,1971711,1971517,0
1971967,426337849804416,2172250,0.59625723,256,1971712,1971967,1971789,0
1972223,426337850692041,2074250,0.61436095,256,1971968,1972223,1972096,0
1972479,426337851572000,2019458,0.63025999,256,1972224,1972479,1972376,0
1972735,426337852491041,1909042,0.66362755,256,1972480,1972735,1972543,0
1972991,426337853350458,1885875,0.62217051,256,1972736,1972991,1972917,0
1973247,426337854217708,1842708,0.61708042,256,1972992,1973247,1973174,0
1973503,426337855122333,1759083,0.64805175,256,1973248,1973503,1973382,0
1973759,426337856011541,1665167,0.60259417,256,1973504,1973759,1973615,0
1974015,426337856962583,1522333,0.62971467,256,1973760,1974015,1973773,0
1974271,426337857852833,1413667,0.58066036,256,1974016,1974271,1974261,0
1974527,426337858739125,1337916,0.62529003,256,1974272,1974527,1974439,0
1974783,426337859599333,1282542,0.62864922,256,1974528,1974783,1974749,0
1975039,426337860520333,1174208,0.62037311,256,1974784,1975039,1975030,0
1975295,426337861358208,1116458,0.60885206,256,1975040,1975295,1975108,0
1975551,426337862222000,1056625,0.63898438,256,1975296,1975551,1975524,0
1975807,426337863107625,984166,0.6292772,256,1975552,1975807,1975553,0
1976063,426337863981458,891500,0.60579449,256,1975808,1976063,1975865,0
1976319,426337864857166,806875,0.59432828,256,1976064,1976319,1976156,0
1976575,426337865704625,812375,0.57141594,256,1976320,1976575,1976495,0
1976831,426337866592708,1672250,0.58731305,256,1976576,1976831,1976756,0
1977087,426337867439250,1829750,0.63939749,256,1976832,1977087,1977044,0
1977343,426337868363791,1694167,0.58810538,256,1977088,1977343,1977125,0
1977599,426337869291125,1576041,0.63027226,256,1977344,1977599,1977374,0
1977855,426337870152250,1505500,0.58755874,256,1977600,1977855,1977610,0
1978111,426337871042708,1417375,0.62146377,256,1977856,1978111,1977982,0
1978367,426337871920583,1355375,0.60246461,256,1978112,1978367,1978132,0
1978623,426337872826000,1234166,0.59872554,256,1978368,1978623,1978429,0
1978879,426337873676291,1176084,0.60944565,256,1978624,1978879,1978879,0
1979135,426337874569833,1092875,0.61940373,256,1978880,1979135,1979121,0
1979391,426337875412166,1068584,0.61862896,256,1979136,1979391,1979321,0
1979647,426337876302250,977500,0.64121584,256,1979392,1979647,1979528,0
1979903,426337877255541,835417,0.60850876,256,1979648,1979903,1979793,0
1980159,426337878140208,1629542,0.59243858,256,1979904,1980159,1980049,0
1980415,426337879059250,1724375,0.63755647,256,1980160,1980415,1980220,0
1980671,426337879980333,1587750,0.60332944,256,1980416,1980671,1980530,0
1980927,426337880839125,1559041,0.6298314,256,1980672,1980927,1980816,0
1981183,426337881765458,1420917,0.5681895,256,1980928,1981183,1981068,0
1981439,426337882662958,1324417,0.58800449,256,1981184,1981439,1981254,0
1981695,426337883541625,1225166,0.58821582,256,1981440,1981695,1981558,0
1981951,426337884381375,1200541,0.61040398,256,1981696,1981951,1981805,0
1982207,426337885203416,1170834,0.6066355,256,1981952,1982207,1982016,0
1982463,426337886115375,1060041,0.57977163,256,1982208,1982463,1982353,0
1982719,426337887000333,1004583,0.65932005,256,1982464,1982719,1982599,0
1982975,426337887884416,914042,0.59602317,256,1982720,1982975,1982964,0
1983231,426337888775083,855167,0.60274246,256,1982976,1983231,1983133,0
1983487,426337889652083,1630125,0.59988771,256,1983232,1983487,1983364,0
1983743,426337890547000,1735291,0.6686183,256,1983488,1983743,1983692,0
1983999,426337891470208,1636375,0.58048925,256,1983744,1983999,1983772,0
1984255,426337892374583,1557625,0.61662286,256,1984000,1984255,1984199,0
1984511,426337893268083,1512875,0.64193169,256,1984256,1984511,1984347,0
1984767,426337894148166,1457334,0.58499298,256,1984512,1984767,1984588,0
1985023,426337895019916,1406084,0.58960647,256,1984768,1985023,1984954,0
1985279,426337895860833,1382500,0.6016676,256,1985024,1985279,1985064,0
1985535,426337896777250,1317875,0.61858467,256,1985280,1985535,1985336,0
1985791,426337897663833,1282083,0.59487259,256,1985536,1985791,1985695,0
1986047,426337898573833,1203417,0.58018432,256,1985792,1986047,1986035,0
1986303,426337899469000,1121541,0.58325845,256,1986048,1986303,1986087,0
1986559,426337900298000,1129750,0.59289488,256,1986304,1986559,1986448,0
1986815,426337901259791,1005375,0.62981849,256,1986560,1986815,1986568,0
1987071,426337902126416,991500,0.65859587,256,1986816,1987071,1987048,0
1987327,426337903040416,948792,0.60778999,256,1987072,1987327,1987141,0
1987583,426337903909375,901458,0.60367651,256,1987328,1987583,1987363,0
1987839,426337904749041,901417,0.58603592,256,1987584,1987839,1987736,0
1988095,426337905607083,880792,0.58117719,256,1987840,1988095,1988034,0
1988351,426337906488875,854250,0.6051523,256,1988096,1988351,1988138,0
1988607,426337907348333,855000,0.60204624,256,1988352,1988607,1988401,0
1988863,426337908254750,870291,0.60905626,256,1988608,1988863,1988837,0
1989119,426337909094125,852125,0.64303692,256,1988864,1989119,1989078,0
1989375,426337909998666,1662167,0.60143652,256,1989120,1989375,1989228,0
1989631,426337910966041,1719084,0.61402743,256,1989376,1989631,1989611,0
1989887,426337911798708,1741167,0.59535371,256,1989632,1989887,1989827,0
1990143,426337912683916,1700459,0.61915101,256,1989888,1990143,1989963,0
1990399,426337913560333,1682417,0.61467062,256,1990144,1990399,1990317,0
1990655,426337914395791,1687542,0.59832341,256,1990400,1990655,1990499,0
1990911,426337915300000,1632583,0.60441898,256,1990656,1990911,1990906,0
1991167,426337916178625,1594416,0.60027493,256,1990912,1991167,1991111,0
1991423,426337917063750,1573541,0.66421782,256,1991168,1991423,1991410,0
1991679,426337917927708,1552583,0.61290356,256,1991424,1991679,1991574,0
1991935,426337918815458,1509500,0.64918656,256,1991680,1991935,1991800,0
1992191,426337919742875,1409333,0.59092323,256,1991936,1992191,1992037,0
1992447,426337920624375,1371041,0.59101226,256,1992192,1992447,1992425,0
1992703,426337921501166,1380459,0.65669599,256,1992448,1992703,1992546,0
1992959,426337922389500,1310833,0.59736265,256,1992704,1992959,1992835,0
1993215,426337923282750,1254625,0.62120374,256,1992960,1993215,1993029,0
1993471,426337924217125,1170000,0.60772612,256,1993216,1993471,1993425,0
1993727,426337925106375,1117416,0.60193256,256,1993472,1993727,1993481,0
1993983,426337926041125,1006791,0.62012724,256,1993728,1993983,1993966,0
1994239,426337926933250,957375,0.59574194,256,1993984,1994239,1994049,0
1994495,426337927793500,959333,0.62712254,256,1994240,1994495,1994281,0
1994751,426337928689041,882167,0.59939127,256,1994496,1994751,1994578,0
1995007,426337929572291,856792,0.62206653,256,1994752,1995007,1994923,0
1995263,426337930489458,878250,0.62019624,256,1995008,1995263,1995197,0
1995519,426337931444416,839792,0.62464416,256,1995264,1995519,1995509,0
1995775,426337932335625,846041,0.62092215,256,1995520,1995775,1995542,0
1996031,426337933149041,814292,0.59613018,256,1995776,1996031,1996021,0
1996287,426337933999541,807375,0.63017868,256,1996032,1996287,1996085,0
1996543,426337934885333,829458,0.61242889,256,1996288,1996543,1996400,0
1996799,426337935805291,829417,0.59227937,256,1996544,1996799,1996660,0
1997055,426337936708416,1694875,0.59442219,256,1996800,1997055,1996912,0
1997311,426337937668416,1724584,0.63925784,256,1997056,1997311,1997231,0
1997567,426337938591625,1614916,0.61598194,256,1997312,1997567,1997317,0
1997823,426337939520375,1489208,0.61103145,256,1997568,1997823,1997792,0
1998079,426337940396666,1412792,0.61090879,256,1997824,1998079,1998079,0
1998335,426337941310083,1312792,0.59589135,256,1998080,1998335,1998153,0
1998591,426337942211416,1225542,0.61692627,256,1998336,1998591,1998449,0
1998847,426337943082041,1165917,0.59929395,256,1998592,1998847,1998638,0
1999103,426337943924625,1136416,0.64087453,256,1998848,1999103,1998872,0
1999359,426337944762458,1092625,0.5872921,256,1999104,1999359,1999189,0
1999615,426337945642333,1038792,0.63829549,256,1999360,1999615,1999582,0
1999871,426337946507291,985292,0.62853484,256,1999616,1999871,1999785,0
2000127,426337947380250,961708,0.60755528,256,1999872,2000127,1999992,0
2000383,426337948320333,860667,0.60530327,256,2000128,2000383,2000165,0
2000639,426337949158416,843292,0.62263458,256,2000384,2000639,2000529,0
2000895,426337950089416,1623834,0.60779822,256,2000640,2000895,2000800,0
2001151,426337951020958,1673417,0.60230919,256,2000896,2001151,2000956,0
2001407,426337951915125,1610833,0.63330478,256,2001152,2001407,2001378,0
2001663,426337952855333,1522750,0.63263105,256,2001408,2001663,2001595,0
2001919,426337953661458,1564083,0.64410942,256,2001664,2001919,2001775,0
2002175,426337954582333,1492792,0.59992807,256,2001920,2002175,2002083,0
2002431,426337955435375,1474875,0.6023155,256,2002176,2002431,2002198,0
2002687,426337956333458,1457167,0.6397648,256,2002432,2002687,2002632,0
2002943,426337957219333,1432125,0.63364895,256,2002688,2002943,2002719,0
2003199,426337958126666,1371625,0.60877202,256,2002944,2003199,2002968,0
2003455,426337958982875,1376750,0.62750057,256,2003200,2003455,2003340,0
2003711,426337959912875,1334708,0.63772835,256,2003456,2003711,2003564,0
2003967,426337960840416,1250667,0.60141272,256,2003712,2003967,2003780,0
2004223,426337961790500,1181083,0.64164905,256,2003968,2004223,2003983,0
2004479,426337962688375,1137708,0.64319282,256,2004224,2004479,2004236,0
2004735,426337963510541,1171042,0.62274917,256,2004480,2004735,2004562,0
2004991,426337964340125,1213291,0.63732299,256,2004736,2004991,2004909,0
2005247,426337965181750,1204916,0.574203,256,2004992,2005247,2005132,0
2005503,426337966044916,1205750,0.64122953,256,2005248,2005503,2005392,0
2005759,426337966966000,1149750,0.64987984,256,2005504,2005759,2005685,0
2006015,426337967871750,1115291,0.60605493,256,2005760,2006015,2005837,0
2006271,426337968743250,1108666,0.60210979,256,2006016,2006271,2006218,0
2006527,426337969681458,1028250,0.65296432,256,2006272,2006527,2006301,0
2006783,426337970564250,985000,0.64018076,256,2006528,2006783,2006720,0
2007039,426337971478208,940208,0.62623433,256,2006784,2007039,2006952,0
2007295,426337972393708,868167,0.63829761,256,2007040,2007295,2007086,0
2007551,426337973287833,1669417,0.61976185,256,2007296,2007551,2007469,0
2007807,426337974188083,1773417,0.60970642,256,2007552,2007807,2007806,0
2008063,426337975117333,1710167,0.64076093,256,2007808,2008063,2007886,0
2008319,426337976027500,1633541,0.61442276,256,2008064,2008319,2008215,0
2008575,426337976960083,1558958,0.64467236,256,2008320,2008575,2008411,0
2008831,426337977790291,1590084,0.62364927,256,2008576,2008831,2008705,0
2009087,426337978693916,1526334,0.67610459,256,2008832,2009087,2009061,0
2009343,426337979566916,1525292,0.62245495,256,2009088,2009343,2009092,0
2009599,426337980435458,1513792,0.64185669,256,2009344,2009599,2009531,0
2009855,426337981282291,1500792,0.60819544,256,2009600,2009855,2009835,0
2010111,426337982187458,1426708,0.58116441,256,2009856,2010111,2010078,0
2010367,426337983126375,1347583,0.60853292,256,2010112,2010367,2010172,0
2010623,426337984004958,1588292,0.62492758,256,2010368,2010623,2010455,0
2010879,426337984824791,1649750,0.67894507,256,2010624,2010879,2010670,0
2011135,426337985715125,1648791,0.62888831,256,2010880,2011135,2011130,0
2011391,426337986621958,1624958,0.64961557,256,2011136,2011391,2011141,0
2011647,426337987530625,1575458,0.65605684,256,2011392,2011647,2011445,0
2011903,426337988413500,1577541,0.63862436,256,2011648,2011903,2011769,0
2012159,426337989240000,1664000,0.64265163,256,2011904,2012159,2012100,0
2012415,426337990114291,1682417,0.64809905,256,2012160,2012415,2012177,0
2012671,426337990982833,1681167,0.61548058,256,2012416,2012671,2012614,0
2012927,426337991833458,1707250,0.59944774,256,2012672,2012927,2012746,0
2013183,426337992713083,1706917,0.64472019,256,2012928,2013183,2013083,0
2013439,426337993631291,1660584,0.59469784,256,2013184,2013439,2013212,0
2013695,426337994520750,1667916,0.6762325,256,2013440,2013695,2013542,0
2013951,426337995387291,1664250,0.59521602,256,2013696,2013951,2013768,0
2014207,426337996278666,1629417,0.65093792,256,2013952,2014207,2014183,0
2014463,426337997128166,1623500,0.58754861,256,2014208,2014463,2014257,0
2014719,426337997979250,1635375,0.61951663,256,2014464,2014719,2014506,0
2014975,426337998857916,1610542,0.59019091,256,2014720,2014975,2014762,0
2015231,426337999748208,1572708,0.62346011,256,2014976,2015231,2015153,0
2015487,426338000680708,1491042,0.62318861,256,2015232,2015487,2015354,0
2015743,426338001474958,1604042,0.60674639,256,2015488,2015743,2015743,0
2015999,426338002331375,1611291,0.57661574,256,2015744,2015999,2015755,0
2016255,426338003208666,1589459,0.61005339,256,2016000,2016255,2016139,0
2016511,426338004132000,1525458,0.62176583,256,2016256,2016511,2016319,0
2016767,426338005033041,1526542,0.67761214,256,2016512,2016767,2016606,0
2017023,426338005909875,1487708,0.63351258,256,2016768,2017023,2016970,0
2017279,426338006837833,1406708,0.5999705,256,2017024,2017279,2017040,0
2017535,426338007745541,1395292,0.6318691,256,2017280,2017535,2017349,0
2017791,426338008674583,1323208,0.60372303,256,2017536,2017791,2017572,0
2018047,426338009507083,1340042,0.58486997,256,2017792,2018047,2017928,0
2018303,426338010375166,1313584,0.59024759,256,2018048,2018303,2018099,0
2018559,426338011257875,1284333,0.62271564,256,2018304,2018559,2018538,0
2018815,426338012118791,1290834,0.68728591,256,2018560,2018815,2018577,0
2019071,426338013026708,1223333,0.61264445,256,2018816,2019071,2018860,0
2019327,426338013869333,1244833,0.61710258,256,2019072,2019327,2019209,0
2019583,426338014809083,1138667,0.60008443,256,2019328,2019583,2019360,0
2019839,426338015667000,1168416,0.6453923,256,2019584,2019839,2019761,0
2020095,426338016618625,1084083,0.63490297,256,2019840,2020095,2019931,0
2020351,426338017497166,1103250,0.6416423,256,2020096,2020351,2020262,0
2020607,426338018380166,1049875,0.60697028,256,2020352,2020607,2020435,0
2020863,426338019239291,1087709,0.63129476,256,2020608,2020863,2020723,0
2021119,426338020091083,1058042,0.64913662,256,2020864,2021119,2021021,0
2021375,426338020980375,1037000,0.6158969,256,2021120,2021375,2021374,0
2021631,426338021872666,1017334,0.64973736,256,2021376,2021631,2021379,0
2021887,426338022700041,1033625,0.61284035,256,2021632,2021887,2021740,0
2022143,426338023562458,1025917,0.64470687,256,2021888,2022143,2022057,0
2022399,426338024459458,991792,0.59847605,256,2022144,2022399,2022228,0
2022655,426338025314666,1021667,0.68487594,256,2022400,2022655,2022573,0
2022911,426338026167458,996833,0.60635518,256,2022656,2022911,2022827,0
2023167,426338027083041,955667,0.63492915,256,2022912,2023167,2023095,0
2023423,426338027983500,884625,0.61175058,256,2023168,2023423,2023423,0
2023679,426338028872791,889709,0.64038003,256,2023424,2023679,2023424,0
2023935,426338029764166,856750,0.59896902,256,2023680,2023935,2023733,0
2024191,426338030639083,852000,0.61138184,256,2023936,2024191,2023938,0
2024447,426338031499791,861750,0.59470801,256,2024192,2024447,2024345,0
2024703,426338032386708,883583,0.62856775,256,2024448,2024703,2024618,0
2024959,426338033275666,895292,0.61344227,256,2024704,2024959,2024746,0
2025215,426338034203500,874833,0.6257972,256,2024960,2025215,2025107,0
2025471,426338035097791,879584,0.64044553,256,2025216,2025471,2025223,0
2025727,426338035953708,906583,0.62097953,256,2025472,2025727,2025488,0
2025983,426338036851083,844792,0.60027526,256,2025728,2025983,2025892,0
2026239,426338037785541,855750,0.60962017,256,2025984,2026239,2026008,0
2026495,426338038649708,1469583,0.61720247,256,2026240,2026495,2026347,0
2026751,426338039564541,1416542,0.64102501,256,2026496,2026751,2026538,0
2027007,426338040459375,1364750,0.58298577,256,2026752,2027007,2026939,0
2027263,426338041398500,1276750,0.6443855,256,2027008,2027263,2027259,0
2027519,426338042268166,1268625,0.63127731,256,2027264,2027519,2027391,0
2027775,426338043131833,1272125,0.65614144,256,2027520,2027775,2027559,0
2028031,426338044004750,1248083,0.61236989,256,2027776,2028031,2027933,0
2028287,426338044934583,1178083,0.6332931,256,2028032,2028287,2028081,0
2028543,426338045834958,1125750,0.60331849,256,2028288,2028543,2028493,0
2028799,426338046708333,1085750,0.61998326,256,2028544,2028799,2028701,0
2029055,426338047612625,1022708,0.65400459,256,2028800,2029055,2029035,0
2029311,426338048434000,1046500,0.64175703,256,2029056,2029311,2029059,0
2029567,426338049324750,1007666,0.59429185,256,2029312,2029567,2029521,0
2029823,426338050190541,1011542,0.6458288,256,2029568,2029823,2029599,0
2030079,426338051118291,953792,0.597402,256,2029824,2030079,2030061,0
2030335,426338051982208,920500,0.61188899,256,2030080,2030335,2030235,0
2030591,426338052818583,928625,0.66563199,256,2030336,2030591,2030416,0
2030847,426338053741041,857167,0.61237411,256,2030592,2030847,2030771,0
2031103,426338054598750,826625,0.61303204,256,2030848,2031103,2030869,0
2031359,426338055514458,1646625,0.60281846,256,2031104,2031359,2031136,0
2031615,426338056328416,1832917,0.58536498,256,2031360,2031615,2031373,0
2031871,426338057252166,1733084,0.59648675,256,2031616,2031871,2031707,0
2032127,426338058160250,1680000,0.65585927,256,2031872,2032127,2032050,0
2032383,426338058988208,1714667,0.63461657,256,2032128,2032383,2032128,0
2032639,426338059915083,1605667,0.63750405,256,2032384,2032639,2032395,0
2032895,426338060764666,1611625,0.65071636,256,2032640,2032895,2032698,0
2033151,426338061645416,1563667,0.59208117,256,2032896,2033151,2032907,0
2033407,426338062499000,1539375,0.62639294,256,2033152,2033407,2033314,0
2033663,426338063410583,1469333,0.61854913,256,2033408,2033663,2033631,0
2033919,426338064227208,1479708,0.59637254,256,2033664,2033919,2033899,0
2034175,426338065040083,1516250,0.6080745,256,2033920,2034175,2033995,0
2034431,426338065898041,1534834,0.63534921,256,2034176,2034431,2034202,0
2034687,426338066758208,1524583,0.59496119,256,2034432,2034687,2034459,0
2034943,426338067627375,1493166,0.62598071,256,2034688,2034943,2034911,0
2035199,426338068498041,1465375,0.60876253,256,2034944,2035199,2035063,0
2035455,426338069453083,1318625,0.62042115,256,2035200,2035455,2035310,0
2035711,426338070359041,1230584,0.60044824,256,2035456,2035711,2035687,0
2035967,426338071191458,1246292,0.60120333,256,2035712,2035967,2035916,0
2036223,426338072082500,1247416,0.62258164,256,2035968,2036223,2036031,0
2036479,426338072963166,1188667,0.59365453,256,2036224,2036479,2036474,0
2036735,426338073870500,1165208,0.63793373,256,2036480,2036735,2036484,0
2036991,426338074733083,1118583,0.65676825,256,2036736,2036991,2036807,0
2037247,426338075605000,1090500,0.65068601,256,2036992,2037247,2037136,0
2037503,426338076509708,1034667,0.65469798,256,2037248,2037503,2037363,0
2037759,426338077398833,991708,0.63176897,256,2037504,2037759,2037523,0
2038015,426338078291416,922709,0.61766377,256,2037760,2038015,2037852,0
2038271,426338079212916,835250,0.59642016,256,2038016,2038271,2038174,0
2038527,426338080125625,1635583,0.59249444,256,2038272,2038527,2038446,0
2038783,426338081017375,1745375,0.66309834,256,2038528,2038783,2038535,0
2039039,426338081957125,1635750,0.61057383,256,2038784,2039039,2038830,0
2039295,426338082821833,1570250,0.60759245,256,2039040,2039295,2039191,0
2039551,426338083724333,1466583,0.65781552,256,2039296,2039551,2039424,0
2039807,426338084652500,1347541,0.63992472,256,2039552,2039807,2039588,0
2040063,426338085541375,1255500,0.59752637,256,2039808,2040063,2039856,0
2040319,426338086373916,1235584,0.60113956,256,2040064,2040319,2040093,0
2040575,426338087245541,1165875,0.62129579,256,2040320,2040575,2040357,0
2040831,426338088141416,1099750,0.62064396,256,2040576,2040831,2040657,0
2041087,426338088985416,1050167,0.60302827,256,2040832,2041087,2040880,0
2041343,426338089853291,1027375,0.60785975,256,2041088,2041343,2041179,0
2041599,426338090712041,966917,0.61596974,256,2041344,2041599,2041397,0
2041855,426338091642125,842916,0.56519687,256,2041600,2041855,2041775,0
2042111,426338092464625,835875,0.62374666,256,2041856,2042111,2041951,0
2042367,426338093397250,828500,0.6010083,256,2042112,2042367,2042117,0
2042623,426338094250583,1702250,0.58232311,256,2042368,2042623,2042585,0
2042879,426338095137208,1803458,0.6099363,256,2042624,2042879,2042804,0
2043135,426338095975750,1770208,0.60861314,256,2042880,2043135,2042938,0
2043391,426338096891666,1693042,0.61528807,256,2043136,2043391,2043281,0
2043647,426338097815291,1598084,0.60228561,256,2043392,2043647,2043523,0
2043903,426338098667208,1543250,0.65134198,256,2043648,2043903,2043862,0
2044159,426338099519000,1479125,0.62799196,256,2043904,2044159,2044136,0
2044415,426338100400916,1391834,0.58681251,256,2044160,2044415,2044411,0
2044671,426338101284708,1341167,0.64382915,256,2044416,2044671,2044454,0
2044927,426338102208875,1209583,0.60329803,256,2044672,2044927,2044799,0
2045183,426338103070083,1153542,0.62816033,256,2044928,2045183,2045159,0
2045439,426338103922458,1085167,0.57488227,256,2045184,2045439,2045390,0
2045695,426338104796083,1008625,0.64913908,256,2045440,2045695,2045529,0
2045951,426338105735166,857250,0.59932455,256,2045696,2045951,2045820,0
2046207,426338106674208,818292,0.60932984,256,2045952,2046207,2046129,0
2046463,426338107486875,845041,0.65642894,256,2046208,2046463,2046328,0
2046719,426338108361916,874542,0.61479246,256,2046464,2046719,2046554,0
2046975,426338109233333,814333,0.58687898,256,2046720,2046975,2046724,0
2047231,426338110091708,827875,0.60889053,256,2046976,2047231,2047192,0
2047487,426338110963500,793333,0.60937281,256,2047232,2047487,2047410,0
2047743,426338111859291,850417,0.6789547,256,2047488,2047743,2047564,0
2047999,426338112691958,823083,0.63423499,256,2047744,2047999,2047770,0
2048255,426338113508250,809541,0.60328595,256,2048000,2048255,2048068,0
2048511,426338114392916,809459,0.57515766,256,2048256,2048511,2048396,0
2048767,426338115287833,843542,0.64256733,256,2048512,2048767,2048558,0
2049023,426338116219333,859125,0.6161321,256,2048768,2049023,2048819,0
2049279,426338117083583,823417,0.60359799,256,2049024,2049279,2049210,0
2049535,426338117954000,820166,0.56479901,256,2049280,2049535,2049293,0
2049791,426338118822166,799375,0.59659302,256,2049536,2049791,2049648,0
2050047,426338119754750,821708,0.5994441,256,2049792,2050047,2049925,0
2050303,426338120662833,828208,0.61688379,256,2050048,2050303,2050288,0
2050559,426338121463500,832666,0.62930165,256,2050304,2050559,2050343,0
2050815,426338122339250,813958,0.58270619,256,2050560,2050815,2050654,0
2051071,426338123185166,833792,0.62488011,256,2050816,2051071,2050957,0
2051327,426338124092666,814709,0.59512176,256,2051072,2051327,2051101,0
2051583,426338124954916,832417,0.62010245,256,2051328,2051583,2051578,0
2051839,426338125834125,835750,0.61426755,256,2051584,2051839,2051636,0
2052095,426338126753708,812250,0.59584126,256,2051840,2052095,2052094,0
2052351,426338127646458,1645042,0.60658991,256,2052096,2052351,2052213,0
2052607,426338128591541,1701042,0.61519844,256,2052352,2052607,2052489,0
2052863,426338129425416,1658042,0.59425728,256,2052608,2052863,2052738,0
2053119,426338130307125,1574041,0.61129457,256,2052864,2053119,2053016,0
2053375,426338131198541,1478500,0.60562089,256,2053120,2053375,2053295,0
2053631,426338132096166,1379667,0.60377393,256,2053376,2053631,2053520,0
2053887,426338132963208,3851750,0.62713047,256,2053632,2053887,2053836,0
2054143,426338133868291,2959709,0.6093607,256,2053888,2054143,2053945,0
2054399,426338135134666,2669334,0.65692913,256,2054144,2054399,2054263,0
2054655,426338137045750,1557125,0.61805452,256,2054400,2054655,2054465,0
2054911,426338137060166,2340000,0.62261602,256,2054656,2054911,2054803,0
2055167,426338137400583,2789875,0.58066394,256,2054912,2055167,2055121,0
2055423,426338138296458,2691375,0.61549548,256,2055168,2055423,2055236,0
2055679,426338139153083,2643208,0.59535012,256,2055424,2055679,2055536,0
2055935,426338140079000,2507125,0.60383213,256,2055680,2055935,2055690,0
2056191,426338140986958,2372125,0.58227665,256,2055936,2056191,2056062,0
2056447,426338141841458,2314792,0.59378722,256,2056192,2056447,2056332,0
2056703,426338142731958,2227417,0.61128015,256,2056448,2056703,2056591,0
2056959,426338143619375,2142708,0.62494963,256,2056704,2056959,2056835,0
2057215,426338144482916,2056209,0.59723363,256,2056960,2057215,2057044,0
2057471,426338145346583,2003458,0.58792185,256,2057216,2057471,2057302,0
2057727,426338146217916,1949125,0.61263605,256,2057472,2057727,2057590,0
2057983,426338147097208,1878625,0.61526841,256,2057728,2057983,2057875,0
2058239,426338147990875,1755500,0.55352931,256,2057984,2058239,2058071,0
2058495,426338148863041,1730500,0.61289621,256,2058240,2058495,2058324,0
2058751,426338149752958,1691875,0.69292101,256,2058496,2058751,2058558,0
2059007,426338150697375,1558166,0.59034389,256,2058752,2059007,2058883,0
2059263,426338151511333,1551500,0.62245042,256,2059008,2059263,2059046,0
2059519,426338152412666,1463917,0.59891146,256,2059264,2059519,2059472,0
2059775,426338153341916,1323334,0.59348389,256,2059520,2059775,2059762,0
2060031,426338154299958,1173750,0.59958757,256,2059776,2060031,2059897,0
2060287,426338155194833,1049417,0.58000046,256,2060032,2060287,2060050,0
2060543,426338156057500,985250,0.60133077,256,2060288,2060543,2060289,0
2060799,426338156944916,937625,0.63295032,256,2060544,2060799,2060666,0
2061055,426338157865625,899583,0.60153947,256,2060800,2061055,2061002,0
2061311,426338158742583,816292,0.58873099,256,2061056,2061311,2061211,0
2061567,426338159615333,828458,0.64671385,256,2061312,2061567,2061544,0
2061823,426338160509500,847041,0.6293775,256,2061568,2061823,2061653,0
2062079,426338161409041,1669959,0.63386269,256,2061824,2062079,2061875,0
2062335,426338162309625,1760875,0.63753856,256,2062080,2062335,2062260,0
2062591,426338163220791,1666834,0.60317511,256,2062336,2062591,2062566,0
2062847,426338164105666,1597292,0.63687953,256,2062592,2062847,2062655,0
2063103,426338164982208,1518958,0.64143286,256,2062848,2063103,2062978,0
2063359,426338165861041,1443542,0.57790313,256,2063104,2063359,2063300,0
2063615,426338166768916,1328250,0.61257362,256,2063360,2063615,2063429,0
2063871,426338167697041,1188875,0.60967855,256,2063616,2063871,2063686,0
2064127,426338168518500,1177666,0.64639082,256,2063872,2064127,2064021,0
2064383,426338169401000,1103583,0.61697158,256,2064128,2064383,2064155,0
2064639,426338170233083,1091792,0.62883106,256,2064384,2064639,2064431,0
2064895,426338171127375,958541,0.56710189,256,2064640,2064895,2064642,0
2065151,426338172024666,864292,0.60762078,256,2064896,2065151,2065012,0
2065407,426338172882541,799334,0.61130886,256,2065152,2065407,2065189,0
2065663,426338173784958,820750,0.57097002,256,2065408,2065663,2065478,0
2065919,426338174704250,830416,0.58355571,256,2065664,2065919,2065754,0
2066175,426338175550791,1652292,0.61997599,256,2065920,2066175,2066045,0
2066431,426338176424541,1777000,0.60002854,256,2066176,2066431,2066212,0
2066687,426338177338083,1691917,0.63354144,256,2066432,2066687,2066553,0
2066943,426338178258000,1585916,0.61653147,256,2066688,2066943,2066699,0
2067199,426338179086166,1563167,0.5885259,256,2066944,2067199,2067159,0
2067455,426338179953916,1523750,0.60738056,256,2067200,2067455,2067316,0
2067711,426338180815375,1479083,0.61848223,256,2067456,2067711,2067567,0
2067967,426338181677875,1431750,0.5728344,256,2067712,2067967,2067799,0
2068223,426338182554125,1389916,0.61213227,256,2067968,2068223,2068026,0
2068479,426338183491458,1260208,0.59319544,256,2068224,2068479,2068469,0
2068735,426338184404875,1593166,0.57637225,256,2068480,2068735,2068566,0
2068991,426338185295000,1888791,0.59242797,256,2068736,2068991,2068764,0
2069247,426338186120416,1908709,0.6337925,256,2068992,2069247,2069185,0
2069503,426338186993000,1882625,0.62627704,256,2069248,2069503,2069375,0
2069759,426338187905083,1777208,0.57674917,256,2069504,2069759,2069699,0
2070015,426338188788583,1692292,0.59063498,256,2069760,2070015,2069883,0
2070271,426338189646875,1675166,0.61252297,256,2070016,2070271,2070042,0
2070527,426338190504875,1653833,0.63678324,256,2070272,2070527,2070318,0
2070783,426338191379458,1612083,0.60904724,256,2070528,2070783,2070774,0
2071039,426338192289416,1527334,0.60540203,256,2070784,2071039,2070956,0
2071295,426338193160500,1462375,0.60613878,256,2071040,2071295,2071059,0
2071551,426338194025041,1431834,0.61424834,256,2071296,2071551,2071517,0
2071807,426338194948791,1353167,0.59625723,256,2071552,2071807,2071789,0
2072063,426338195851041,1248334,0.60373505,256,2071808,2072063,2072002,0
2072319,426338196763250,1406125,0.61460563,256,2072064,2072319,2072272,0
2072575,426338197593833,1189000,0.66362755,256,2072320,2072575,2072543,0
2072831,426338198506625,1095291,0.59350308,256,2072576,2072831,2072806,0
2073087,426338199381625,1065708,0.62217051,256,2072832,2073087,2072917,0
2073343,426338200252250,1049416,0.61708042,256,2073088,2073343,2073174,0
2073599,426338201151083,974125,0.64805175,256,2073344,2073599,2073382,0
2073855,426338202076750,877250,0.62971467,256,2073600,2073855,2073773,0
2074111,426338202993875,1712583,0.6198063,256,2073856,2074111,2073982,0
2074367,426338203885416,1768459,0.58066036,256,2074112,2074367,2074261,0
2074623,426338204803541,1678709,0.62529003,256,2074368,2074623,2074439,0
2074879,426338205649833,1618083,0.62864922,256,2074624,2074879,2074749,0
2075135,426338206540916,1546292,0.62037311,256,2074880,2075135,2075030,0
2075391,426338207368625,1498208,0.5705806,256,2075136,2075391,2075385,0
2075647,426338208261666,1435042,0.63898438,256,2075392,2075647,2075524,0
2075903,426338209139291,1348709,0.60579449,256,2075648,2075903,2075865,0
2076159,426338210001250,1272666,0.59432828,256,2075904,2076159,2076156,0
2076415,426338210885875,1186583,0.56983826,256,2076160,2076415,2076319,0
2076671,426338211734250,1122500,0.57141594,256,2076416,2076671,2076495,0
2076927,426338212598250,1061166,0.5911342,256,2076672,2076927,2076923,0
2077183,426338213497958,994375,0.63939749,256,2076928,2077183,2077044,0
2077439,426338214419500,870583,0.63027226,256,2077184,2077439,2077374,0
2077695,426338215318291,805709,0.58755874,256,2077440,2077695,2077610,0
2077951,426338216202416,1636084,0.56916369,256,2077696,2077951,2077873,0
2078207,426338217085166,1750959,0.62146377,256,2077952,2078207,2077982,0
2078463,426338217972333,1667875,0.59872554,256,2078208,2078463,2078429,0
2078719,426338218868083,1562083,0.59822397,256,2078464,2078719,2078555,0
2078975,426338219718708,1500583,0.60944565,256,2078720,2078975,2078879,0
2079231,426338220572041,1460875,0.61940373,256,2078976,2079231,2079121,0
2079487,426338221466583,1383083,0.61862896,256,2079232,2079487,2079321,0
2079743,426338222400583,1265625,0.64121584,256,2079488,2079743,2079528,0
2079999,426338223298375,1181541,0.60850876,256,2079744,2079999,2079793,0
2080255,426338224189625,1090208,0.63755647,256,2080000,2080255,2080220,0
2080511,426338225100500,991666,0.62428661,256,2080256,2080511,2080344,0
2080767,426338226044833,837583,0.60332944,256,2080512,2080767,2080530,0
2081023,426338226886708,865125,0.6298314,256,2080768,2081023,2080816,0
2081279,426338227796583,1591833,0.58800449,256,2081024,2081279,2081254,0
2081535,426338228692791,1709500,0.5797155,256,2081280,2081535,2081501,0
2081791,426338229577250,1617333,0.59206189,256,2081536,2081791,2081739,0
2082047,426338230375500,1611708,0.61040398,256,2081792,2082047,2081805,0
2082303,426338231231500,1552375,0.57035621,256,2082048,2082303,2082232,0
2082559,426338232171500,1400291,0.6426336,256,2082304,2082559,2082541,0
2082815,426338233058666,1340500,0.65932005,256,2082560,2082815,2082599,0
2083071,426338233941291,1291042,0.59602317,256,2082816,2083071,2082964,0
2083327,426338234843541,1198375,0.60274246,256,2083072,2083327,2083133,0
2083583,426338235700208,1159958,0.61212021,256,2083328,2083583,2083568,0
2083839,426338236602333,1104750,0.6686183,256,2083584,2083839,2083692,0
2084095,426338237505291,980959,0.60951265,256,2083840,2084095,2084032,0
2084351,426338238413875,914208,0.64193169,256,2084096,2084351,2084347,0
2084607,426338239297250,857458,0.58499298,256,2084352,2084607,2084588,0
2084863,426338240186166,857584,0.58175114,256,2084608,2084863,2084783,0
2085119,426338241033833,799458,0.6016676,256,2084864,2085119,2085064,0
2085375,426338241881166,1753209,0.61858467,256,2085120,2085375,2085336,0
2085631,426338242800208,1814500,0.58407239,256,2085376,2085631,2085503,0
2085887,426338243717458,1756042,0.59487259,256,2085632,2085887,2085695,0
2086143,426338244608041,1689625,0.58325845,256,2085888,2086143,2086087,0
2086399,426338245493916,1612209,0.57110776,256,2086144,2086399,2086261,0
2086655,426338246339208,1612792,0.62981849,256,2086400,2086655,2086568,0
2086911,426338247309291,1465292,0.60212846,256,2086656,2086911,2086884,0
2087167,426338248164833,1490625,0.65859587,256,2086912,2087167,2087048,0
2087423,426338249063750,1440166,0.60433851,256,2087168,2087423,2087327,0
2087679,426338249930500,1407916,0.60328128,256,2087424,2087679,2087525,0
2087935,426338250777875,1401375,0.58603592,256,2087680,2087935,2087736,0
2088191,426338251673916,1340875,0.6051523,256,2087936,2088191,2088138,0
2088447,426338252513083,1348833,0.60298794,256,2088192,2088447,2088341,0
2088703,426338253429666,1256959,0.59905662,256,2088448,2088703,2088644,0
2088959,426338254269416,1264917,0.61451882,256,2088704,2088959,2088947,0
2089215,426338255132625,1227833,0.64303692,256,2088960,2089215,2089078,0
2089471,426338256071625,1123333,0.60143652,256,2089216,2089471,2089228,0
2089727,426338256970416,1056500,0.61402743,256,2089472,2089727,2089611,0
2089983,426338257848583,1039667,0.61915101,256,2089728,2089983,2089963,0
2090239,426338258730416,996042,0.61489867,256,2089984,2090239,2089986,0
2090495,426338259581500,988666,0.61467062,256,2090240,2090495,2090317,0
2090751,426338260426708,1002042,0.59832341,256,2090496,2090751,2090499,0
2091007,426338261316000,954083,0.60441898,256,2090752,2091007,2090906,0
2091263,426338262240041,857542,0.60027493,256,2091008,2091263,2091111,0
2091519,426338263067333,913667,0.66421782,256,2091264,2091519,2091410,0
2091775,426338263970125,853625,0.61290356,256,2091520,2091775,2091574,0
2092031,426338264882708,826458,0.64918656,256,2091776,2092031,2091800,0
2092287,426338265768208,848167,0.59092323,256,2092032,2092287,2092037,0
2092543,426338266642833,841833,0.6548657,256,2092288,2092543,2092531,0
2092799,426338267531625,892875,0.65669599,256,2092544,2092799,2092546,0
2093055,426338268394916,839209,0.62120374,256,2092800,2093055,2093029,0
2093311,426338269363791,852584,0.60691563,256,2093056,2093311,2093171,0
2093567,426338270241875,868625,0.60772612,256,2093312,2093567,2093425,0
2093823,426338271181916,1647500,0.57819875,256,2093568,2093823,2093714,0
2094079,426338272071666,1760417,0.62012724,256,2093824,2094079,2093966,0
2094335,426338272970333,1700208,0.62712254,256,2094080,2094335,2094281,0
2094591,426338273827875,1658541,0.60192367,256,2094336,2094591,2094373,0
2094847,426338274709500,1572083,0.58488348,256,2094592,2094847,2094651,0
2095103,426338275636375,1467916,0.62206653,256,2094848,2095103,2094923,0
2095359,426338276560458,1383958,0.62019624,256,2095104,2095359,2095197,0
2095615,426338277472125,1321000,0.62464416,256,2095360,2095615,2095509,0
2095871,426338278362875,1228166,0.57558784,256,2095616,2095871,2095683,0
2096127,426338279205083,1169167,0.63017868,256,2095872,2096127,2096085,0
2096383,426338280044791,1108584,0.59797292,256,2096128,2096383,2096376,0
2096639,426338280936958,1016458,0.61242889,256,2096384,2096639,2096400,0
2096895,426338281840333,905083,0.59227937,256,2096640,2096895,2096660,0
2097151,426338282776166,819250,0.59442219,256,2096896,2097151,2096912,0
2097407,426338283725333,1141208,0.63925784,256,2097152,2097407,2097231,0
2097663,426338284644833,1018875,0.58870569,256,2097408,2097663,2097567,0
2097919,426338285568791,894500,0.61103145,256,2097664,2097919,2097792,0
2098175,426338286432541,845042,0.61090879,256,2097920,2098175,2098079,0
2098431,426338287377166,843167,0.58031878,256,2098176,2098431,2098311,0
2098687,426338288269583,859917,0.61692627,256,2098432,2098687,2098449,0
2098943,426338289108625,824625,0.64087453,256,2098688,2098943,2098872,0
2099199,426338289956708,833667,0.6315689,256,2098944,2099199,2099100,0
2099455,426338290799041,801459,0.57421666,256,2099200,2099455,2099302,0
2099711,426338291699250,861750,0.63829549,256,2099456,2099711,2099582,0
2099967,426338292535208,839667,0.62853484,256,2099712,2099967,2099785,0
2100223,426338293421458,891250,0.60755528,256,2099968,2100223,2099992,0
2100479,426338294339458,830958,0.60754791,256,2100224,2100479,2100431,0
2100735,426338295198375,841208,0.62263458,256,2100480,2100735,2100529,0
2100991,426338296156333,854125,0.60779822,256,2100736,2100991,2100800,0
2101247,426338297049125,860875,0.59317879,256,2100992,2101247,2101154,0
2101503,426338298003583,858583,0.63330478,256,2101248,2101503,2101378,0
2101759,426338298852500,879458,0.63263105,256,2101504,2101759,2101595,0
2102015,426338299714666,881250,0.64410942,256,2101760,2102015,2101775,0
2102271,426338300625291,838167,0.6023155,256,2102016,2102271,2102198,0
2102527,426338301482833,1737708,0.59392582,256,2102272,2102527,2102393,0
2102783,426338302349958,1884042,0.6397648,256,2102528,2102783,2102632,0
2103039,426338303263958,1796667,0.60877202,256,2102784,2103039,2102968,0
2103295,426338304144625,1742541,0.61318985,256,2103040,2103295,2103213,0
2103551,426338305065916,1660459,0.62750057,256,2103296,2103551,2103340,0
2103807,426338305939833,1651042,0.63772835,256,2103552,2103807,2103564,0
2104063,426338306921125,1502666,0.64164905,256,2103808,2104063,2103983,0
2104319,426338307844875,1430708,0.64319282,256,2104064,2104319,2104236,0
2104575,426338308697625,1404708,0.62274917,256,2104320,2104575,2104562,0
2104831,426338309550041,1412625,0.63325526,256,2104576,2104831,2104770,0
2105087,426338310361791,1409250,0.63732299,256,2104832,2105087,2104909,0
2105343,426338311212500,1394833,0.59443301,256,2105088,2105343,2105257,0
2105599,426338312104083,1333375,0.64122953,256,2105344,2105599,2105392,0
2105855,426338313022583,1268000,0.64987984,256,2105600,2105855,2105685,0
2106111,426338313923208,1203167,0.59472973,256,2105856,2106111,2105983,0
2106367,426338314808375,1182041,0.65296432,256,2106112,2106367,2106301,0
2106623,426338315729250,1072625,0.61340293,256,2106368,2106623,2106526,0
2106879,426338316620250,1007875,0.64018076,256,2106624,2106879,2106720,0
2107135,426338317554166,904292,0.63829761,256,2106880,2107135,2107086,0
2107391,426338318424333,841583,0.59043634,256,2107136,2107391,2107340,0
2107647,426338319320041,865125,0.61976185,256,2107392,2107647,2107469,0
2107903,426338320250500,1703541,0.64076093,256,2107648,2107903,2107886,0
2108159,426338321149166,1833667,0.60188761,256,2107904,2108159,2108135,0
2108415,426338322060875,1782958,0.64467236,256,2108160,2108415,2108411,0
2108671,426338322968500,1749666,0.61130411,256,2108416,2108671,2108568,0
2108927,426338323845625,1751833,0.62364927,256,2108672,2108927,2108705,0
2109183,426338324781166,1713125,0.67610459,256,2108928,2109183,2109061,0
2109439,426338325607125,1752750,0.61156548,256,2109184,2109439,2109322,0
2109695,426338326477125,1762291,0.64185669,256,2109440,2109695,2109531,0
2109951,426338327334291,1758459,0.60819544,256,2109696,2109951,2109835,0
2110207,426338328198125,1761791,0.60853292,256,2109952,2110207,2110172,0
2110463,426338329158208,1679333,0.62492758,256,2110208,2110463,2110455,0
2110719,426338329978916,1757167,0.67894507,256,2110464,2110719,2110670,0
2110975,426338330877125,1718875,0.60293968,256,2110720,2110975,2110874,0
2111231,426338331744708,1745250,0.64961557,256,2110976,2111231,2111141,0
2111487,426338332683041,1675250,0.65605684,256,2111232,2111487,2111445,0
2111743,426338333571208,1651792,0.60291165,256,2111488,2111743,2111683,0
2111999,426338334434041,1683459,0.63862436,256,2111744,2111999,2111769,0
2112255,426338335264500,1777250,0.64809905,256,2112000,2112255,2112177,0
2112511,426338336127291,1789500,0.61243982,256,2112256,2112511,2112291,0
2112767,426338337021791,4727209,0.61548058,256,2112512,2112767,2112614,0
2113023,426338337881666,3979792,0.58987834,256,2112768,2113023,2112950,0
2113279,426338338899208,2963375,0.64472019,256,2113024,2113279,2113083,0
2113535,426338339980166,1883417,0.60813703,256,2113280,2113535,2113493,0
2113791,426338341303166,1123209,0.6762325,256,2113536,2113791,2113542,0
2114047,426338342314208,1018000,0.63039284,256,2113792,2114047,2113973,0
2114303,426338342329666,1849959,0.65093792,256,2114048,2114303,2114183,0
2114559,426338343137083,1869292,0.61951663,256,2114304,2114559,2114506,0
2114815,426338344057458,1790042,0.60176922,256,2114560,2114815,2114706,0
2115071,426338344876083,1789542,0.58877187,256,2114816,2115071,2114929,0
2115327,426338345815125,1672291,0.62346011,256,2115072,2115327,2115153,0
2115583,426338346676291,1687542,0.62318861,256,2115328,2115583,2115354,0
2115839,426338347496625,1728875,0.60674639,256,2115584,2115839,2115743,0
2116095,426338348356958,1693250,0.59356166,256,2115840,2116095,2116042,0
2116351,426338349243666,1643167,0.62176583,256,2116096,2116351,2116319,0
2116607,426338350172625,1569833,0.67761214,256,2116352,2116607,2116606,0
2116863,426338351069125,1534000,0.65186202,256,2116608,2116863,2116616,0
2117119,426338351987916,1441625,0.63351258,256,2116864,2117119,2116970,0
2117375,426338352885416,1396500,0.6318691,256,2117120,2117375,2117349,0
2117631,426338353783000,1336041,0.61632936,256,2117376,2117631,2117400,0
2117887,426338354716541,1234459,0.5882785,256,2117632,2117887,2117751,0
2118143,426338355513833,1266625,0.59024759,256,2117888,2118143,2118099,0
2118399,426338356414916,1190959,0.59034687,256,2118144,2118399,2118390,0
2118655,426338357300208,1155042,0.68728591,256,2118400,2118655,2118577,0
2118911,426338358185125,1109458,0.61264445,256,2118656,2118911,2118860,0
2119167,426338359054583,1079833,0.60049282,256,2118912,2119167,2119088,0
2119423,426338359908250,1048583,0.61710258,256,2119168,2119423,2119209,0
2119679,426338360843625,950333,0.6286582,256,2119424,2119679,2119592,0
2119935,426338361726833,911208,0.6453923,256,2119680,2119935,2119761,0
2120191,426338362645708,1755167,0.61664735,256,2119936,2120191,2119945,0
2120447,426338363532041,1869542,0.6416423,256,2120192,2120447,2120262,0
2120703,426338364424208,1833750,0.62430912,256,2120448,2120703,2120661,0
2120959,426338365258583,1819500,0.63129476,256,2120704,2120959,2120723,0
2121215,426338366162916,1726000,0.64913662,256,2120960,2121215,2121021,0
2121471,426338367007125,1746291,0.64973736,256,2121216,2121471,2121379,0
2121727,426338367894375,1696541,0.58835701,256,2121472,2121727,2121724,0
2121983,426338368730375,1684041,0.61284035,256,2121728,2121983,2121740,0
2122239,426338369612125,1657458,0.64470687,256,2121984,2122239,2122057,0
2122495,426338370468625,1629666,0.63684892,256,2122240,2122495,2122434,0
2122751,426338371357750,1623208,0.68487594,256,2122496,2122751,2122573,0
2123007,426338372191833,1624917,0.60635518,256,2122752,2123007,2122827,0
2123263,426338373136708,1560875,0.63492915,256,2123008,2123263,2123095,0
2123519,426338374034666,1527334,0.64038003,256,2123264,2123519,2123424,0
2123775,426338374904541,1502667,0.60458498,256,2123520,2123775,2123626,0
2124031,426338375795500,1457416,0.61138184,256,2123776,2124031,2123938,0
2124287,426338376680250,1403875,0.57218914,256,2124032,2124287,2124261,0
2124543,426338377528458,1402708,0.62098797,256,2124288,2124543,2124466,0
2124799,426338378438875,1362291,0.62856775,256,2124544,2124799,2124618,0
2125055,426338379327708,1313292,0.59053032,256,2124800,2125055,2124870,0
2125311,426338380251458,1291167,0.64044553,256,2125056,2125311,2125223,0
2125567,426338381102666,1297959,0.62097953,256,2125312,2125567,2125488,0
2125823,426338381973583,1306750,0.61062979,256,2125568,2125823,2125660,0
2126079,426338382912916,1478625,0.60962017,256,2125824,2126079,2126008,0
2126335,426338383835041,1590209,0.60518556,256,2126080,2126335,2126289,0
2126591,426338384716958,1571750,0.64102501,256,2126336,2126591,2126538,0
2126847,426338385574833,1573292,0.62939463,256,2126592,2126847,2126623,0
2127103,426338386553333,1439667,0.58867688,256,2126848,2127103,2127041,0
2127359,426338387424666,1420625,0.6443855,256,2127104,2127359,2127259,0
2127615,426338388341250,1377875,0.65614144,256,2127360,2127615,2127559,0
2127871,426338389171791,1381709,0.57842803,256,2127616,2127871,2127773,0
2128127,426338390075041,1363584,0.6332931,256,2127872,2128127,2128081,0
2128383,426338390949583,1320458,0.58710934,256,2128128,2128383,2128196,0
2128639,426338391862875,1256291,0.60331849,256,2128384,2128639,2128493,0
2128895,426338392772333,1178208,0.61998326,256,2128640,2128895,2128701,0
2129151,426338393672791,1137375,0.65400459,256,2128896,2129151,2129035,0
2129407,426338394440833,1203708,0.61290691,256,2129152,2129407,2129154,0
2129663,426338395351291,1169292,0.6458288,256,2129408,2129663,2129599,0
2129919,426338396220333,1143708,0.59749237,256,2129664,2129919,2129752,0
2130175,426338397141708,1068250,0.597402,256,2129920,2130175,2130061,0
2130431,426338397989208,1077375,0.66563199,256,2130176,2130431,2130416,0
2130687,426338398858166,1052584,0.61983034,256,2130432,2130687,2130526,0
2130943,426338399776625,971583,0.61303204,256,2130688,2130943,2130869,0
2131199,426338400663583,918250,0.60281846,256,2130944,2131199,2131136,0
2131455,426338401504916,934042,0.59442221,256,2131200,2131455,2131299,0
2131711,426338402390208,862167,0.59648675,256,2131456,2131711,2131707,0
2131967,426338403291541,841792,0.59384777,256,2131712,2131967,2131879,0
2132223,426338404170500,865166,0.65585927,256,2131968,2132223,2132050,0
2132479,426338405039375,1730541,0.63750405,256,2132224,2132479,2132395,0
2132735,426338405956041,2444167,0.65071636,256,2132480,2132735,2132698,0
2132991,426338406796333,3207917,0.60724357,256,2132736,2132991,2132742,0
2133247,426338407650000,3955916,0.61297029,256,2132992,2133247,2133178,0
2133503,426338408517375,4662166,0.62639294,256,2133248,2133503,2133314,0
2133759,426338409411083,5340208,0.61854913,256,2133504,2133759,2133631,0
2134015,426338410235125,5750291,0.6080745,256,2133760,2134015,2133995,0
2134271,426338411058125,5780583,0.63534921,256,2134016,2134271,2134202,0
2134527,426338411927333,5782208,0.61000586,256,2134272,2134527,2134365,0
2134783,426338412796916,5752667,0.59199943,256,2134528,2134783,2134650,0
2135039,426338413681375,5705583,0.62598071,256,2134784,2135039,2134911,0
2135295,426338414593500,5631833,0.60876253,256,2135040,2135295,2135063,0
2135551,426338415471833,5573542,0.62042115,256,2135296,2135551,2135310,0
2135807,426338416385000,5476791,0.60044824,256,2135552,2135807,2135687,0
2136063,426338417268250,5465458,0.62258164,256,2135808,2136063,2136031,0
2136319,426338418132750,5466625,0.61672773,256,2136064,2136319,2136177,0
2136575,426338419023583,5408167,0.63793373,256,2136320,2136575,2136484,0
2136831,426338419908666,5392667,0.65676825,256,2136576,2136831,2136807,0
2137087,426338420750750,5362166,0.58900255,256,2136832,2137087,2136941,0
2137343,426338421663666,5324917,0.65068601,256,2137088,2137343,2137136,0
2137599,426338422559833,5263833,0.65469798,256,2137344,2137599,2137363,0
2137855,426338423425708,5236625,0.61766377,256,2137600,2137855,2137852,0
2138111,426338424330125,5165333,0.59563738,256,2137856,2138111,2137928,0
2138367,426338425251708,5058458,0.59642016,256,2138112,2138367,2138174,0
2138623,426338426163875,4981416,0.66309834,256,2138368,2138623,2138535,0
2138879,426338427076791,4911917,0.61057383,256,2138624,2138879,2138830,0
2139135,426338427988791,4837542,0.59880173,256,2138880,2139135,2138927,0
2139391,426338428882041,4763500,0.60759245,256,2139136,2139391,2139191,0
2139647,426338429778916,4700125,0.65781552,256,2139392,2139647,2139424,0
2139903,426338430672791,4629334,0.63380544,256,2139648,2139903,2139704,0
2140159,426338431576791,4559875,0.60113956,256,2139904,2140159,2140093,0
2140415,426338432410333,4548583,0.62129579,256,2140160,2140415,2140357,0
2140671,426338433277333,4551917,0.62064396,256,2140416,2140671,2140657,0
2140927,426338434164041,4488334,0.60302827,256,2140672,2140927,2140880,0
2141183,426338435029833,4462208,0.60785975,256,2140928,2141183,2141179,0
2141439,426338435884875,4456750,0.61596974,256,2141184,2141439,2141397,0
2141695,426338436763708,4390208,0.57658246,256,2141440,2141695,2141494,0
2141951,426338437649333,4326667,0.62374666,256,2141696,2141951,2141951,0
2142207,426338438528875,4275333,0.6010083,256,2141952,2142207,2142117,0
2142463,426338439412583,4217500,0.58368317,256,2142208,2142463,2142310,0
2142719,426338440305166,4128834,0.58232311,256,2142464,2142719,2142585,0
2142975,426338441146291,4146000,0.6099363,256,2142720,2142975,2142804,0
2143231,426338441984000,4123750,0.58881237,256,2142976,2143231,2143112,0
2143487,426338442938125,4038166,0.61528807,256,2143232,2143487,2143281,0
2143743,426338443818416,3986459,0.60228561,256,2143488,2143743,2143523,0
2143999,426338444678083,3951167,0.65134198,256,2143744,2143999,2143862,0
2144255,426338445570208,3882167,0.62799196,256,2144000,2144255,2144136,0
2144511,426338446456541,3824084,0.64382915,256,2144256,2144511,2144454,0
2144767,426338447336875,3782000,0.61922696,256,2144512,2144767,2144668,0
2145023,426338448235166,3709334,0.60329803,256,2144768,2145023,2144799,0
2145279,426338449110625,3641166,0.62816033,256,2145024,2145279,2145159,0
2145535,426338449944041,3621709,0.64913908,256,2145280,2145535,2145529,0
2145791,426338450858833,3521417,0.5909622,256,2145536,2145791,2145680,0
2146047,426338451821875,3380000,0.59932455,256,2145792,2146047,2145820,0
2146303,426338452647375,3387208,0.61677297,256,2146048,2146303,2146227,0
2146559,426338453503458,3378958,0.65642894,256,2146304,2146559,2146328,0
2146815,426338454402958,3296875,0.58687898,256,2146560,2146815,2146724,0
2147071,426338455256000,3258166,0.5812468,256,2146816,2147071,2147029,0
2147327,426338456163083,3167542,0.60889053,256,2147072,2147327,2147192,0
2147583,426338457002375,3174083,0.6789547,256,2147328,2147583,2147564,0
2147839,426338457871000,3124083,0.63423499,256,2147584,2147839,2147770,0
2148095,426338458696416,3116917,0.62730144,256,2147840,2148095,2147963,0
2148351,426338459551750,3076666,0.57473111,256,2148096,2148351,2148260,0
2148607,426338460435500,3011000,0.64256733,256,2148352,2148607,2148558,0
2148863,426338461333166,2969709,0.62837244,256,2148608,2148863,2148738,0
2149119,426338462247750,2886625,0.5982365,256,2148864,2149119,2148934,0
2149375,426338463087166,2876375,0.60359799,256,2149120,2149375,2149210,0
2149631,426338463987625,2778291,0.56453933,256,2149376,2149631,2149549,0
2149887,426338464848000,2728916,0.59659302,256,2149632,2149887,2149648,0
2150143,426338465808000,2598708,0.61424866,256,2149888,2150143,2150051,0
2150399,426338466659500,2574291,0.62930165,256,2150144,2150399,2150343,0
2150655,426338467510625,2559666,0.58270619,256,2150400,2150655,2150654,0
2150911,426338468355750,2523875,0.58112582,256,2150656,2150911,2150827,0
2151167,426338469262666,2497459,0.62488011,256,2150912,2151167,2150957,0
2151423,426338470108291,2453292,0.58236464,256,2151168,2151423,2151396,0
2151679,426338470977291,2408875,0.62010245,256,2151424,2151679,2151578,0
2151935,426338471892291,2334709,0.61091659,256,2151680,2151935,2151830,0
2152191,426338472813833,2228250,0.59584126,256,2151936,2152191,2152094,0
2152447,426338473731166,2124792,0.60658991,256,2152192,2152447,2152213,0
2152703,426338474614875,2072625,0.61519844,256,2152448,2152703,2152489,0
2152959,426338475485375,2040125,0.60823272,256,2152704,2152959,2152905,0
2153215,426338476323541,1998417,0.61129457,256,2152960,2153215,2153016,0
2153471,426338477259000,1886208,0.60562089,256,2153216,2153471,2153295,0
2153727,426338478133541,1831875,0.60377393,256,2153472,2153727,2153520,0
2153983,426338478998416,1812667,0.62713047,256,2153728,2153983,2153836,0
2154239,426338479927208,1715792,0.61624675,256,2153984,2154239,2154195,0
2154495,426338480779541,1683000,0.65692913,256,2154240,2154495,2154263,0
2154751,426338481588791,1675750,0.60662932,256,2154496,2154751,2154587,0
2155007,426338482533958,1530708,0.62261602,256,2154752,2155007,2154803,0
2155263,426338483448375,1440583,0.61549548,256,2155008,2155263,2155236,0
2155519,426338484309208,1404250,0.59284452,256,2155264,2155519,2155433,0
2155775,426338485220041,1321834,0.60383213,256,2155520,2155775,2155690,0
2156031,426338486131541,1228875,0.57129647,256,2155776,2156031,2155940,0
2156287,426338486990833,1163208,0.58227665,256,2156032,2156287,2156062,0
2156543,426338487899125,1081625,0.59378722,256,2156288,2156543,2156332,0
2156799,426338488759416,1037125,0.61128015,256,2156544,2156799,2156591,0
2157055,426338489649583,974958,0.62494963,256,2156800,2157055,2156835,0
2157311,426338490491541,930792,0.58792185,256,2157056,2157311,2157302,0
2157567,426338491382125,876083,0.58728021,256,2157312,2157567,2157397,0
2157823,426338492250333,869708,0.61263605,256,2157568,2157823,2157590,0
2158079,426338493151708,808500,0.61526841,256,2157824,2158079,2157875,0
2158335,426338494044458,843750,0.61289621,256,2158080,2158335,2158324,0
2158591,426338494940666,876000,0.69292101,256,2158336,2158591,2158558,0
2158847,426338495783041,882500,0.62522518,256,2158592,2158847,2158601,0
2159103,426338496692833,861833,0.62245042,256,2158848,2159103,2159046,0
2159359,426338497549250,825000,0.59416998,256,2159104,2159359,2159117,0
2159615,426338498452791,1745375,0.59891146,256,2159360,2159615,2159472,0
2159871,426338499417333,1769583,0.59348389,256,2159616,2159871,2159762,0
2160127,426338500317625,1688625,0.59958757,256,2159872,2160127,2159897,0
2160383,426338501244208,1565167,0.60133077,256,2160128,2160383,2160289,0
2160639,426338502082000,1566458,0.60591531,256,2160384,2160639,2160582,0
2160895,426338503020916,1484250,0.63295032,256,2160640,2160895,2160666,0
2161151,426338503877250,1464708,0.60153947,256,2160896,2161151,2161002,0
2161407,426338504779625,1392541,0.59158211,256,2161152,2161407,2161373,0
2161663,426338505655500,1375375,0.64671385,256,2161408,2161663,2161544,0
2161919,426338506567125,1292750,0.63386269,256,2161664,2161919,2161875,0
2162175,426338507453166,1242667,0.63145207,256,2161920,2162175,2162172,0
2162431,426338508352541,1199042,0.63753856,256,2162176,2162431,2162260,0
2162687,426338509260458,1131292,0.63687953,256,2162432,2162687,2162655,0
2162943,426338510124916,1100292,0.60181328,256,2162688,2162943,2162774,0
2163199,426338511007583,1034125,0.64143286,256,2162944,2163199,2162978,0
2163455,426338511907541,965250,0.61257362,256,2163200,2163455,2163429,0
2163711,426338512812833,849875,0.60967855,256,2163456,2163711,2163686,0
2163967,426338513712250,819125,0.59341199,256,2163712,2163967,2163831,0
2164223,426338514564208,1641208,0.64639082,256,2163968,2164223,2164021,0
2164479,426338515420250,1791250,0.62883106,256,2164224,2164479,2164431,0
2164735,426338516253875,1741458,0.56860543,256,2164480,2164735,2164630,0
2164991,426338517168666,1626875,0.60529077,256,2164736,2164991,2164974,0
2165247,426338518022000,1593166,0.61130886,256,2164992,2165247,2165189,0
2165503,426338518915000,1485375,0.5750652,256,2165248,2165503,2165347,0
2165759,426338519844125,1354250,0.58355571,256,2165504,2165759,2165754,0
2166015,426338520722041,1266292,0.58718128,256,2165760,2166015,2165933,0
2166271,426338521583291,1204292,0.61997599,256,2166016,2166271,2166045,0
2166527,426338522478625,1100000,0.59411462,256,2166272,2166527,2166458,0
2166783,426338523369416,1013792,0.63354144,256,2166528,2166783,2166553,0
2167039,426338524260625,922666,0.61077366,256,2166784,2167039,2166792,0
2167295,426338525085375,889500,0.59877957,256,2167040,2167295,2167263,0
2167551,426338525983833,831083,0.60738056,256,2167296,2167551,2167316,0
2167807,426338526846000,827000,0.61848223,256,2167552,2167807,2167567,0
2168063,426338527700083,1586333,0.61213227,256,2167808,2168063,2168026,0
2168319,426338528608875,1695458,0.59197516,256,2168064,2168319,2168185,0
2168575,426338529540625,1555791,0.59319544,256,2168320,2168575,2168469,0
2168831,426338530444625,1447916,0.59242797,256,2168576,2168831,2168764,0
2169087,426338531307750,1374333,0.58565776,256,2168832,2169087,2168869,0
2169343,426338532156958,1341792,0.6337925,256,2169088,2169343,2169185,0
2169599,426338533014375,1296708,0.62627704,256,2169344,2169599,2169375,0
2169855,426338533919875,1187041,0.58328891,256,2169600,2169855,2169794,0
2170111,426338534834291,1064417,0.61252297,256,2169856,2170111,2170042,0
2170367,426338535682875,1035041,0.63678324,256,2170112,2170367,2170318,0
2170623,426338536535875,986500,0.61420734,256,2170368,2170623,2170414,0
2170879,426338537440750,900875,0.60904724,256,2170624,2170879,2170774,0
2171135,426338538301916,836792,0.60613878,256,2170880,2171135,2171059,0
2171391,426338539185000,802458,0.60333579,256,2171136,2171391,2171168,0
2171647,426338540086166,842417,0.61424834,256,2171392,2171647,2171517,0
2171903,426338541006375,863458,0.59625723,256,2171648,2171903,2171789,0
2172159,426338541892875,1665375,0.61436095,256,2171904,2172159,2172096,0
2172415,426338542770458,1800458,0.63025999,256,2172160,2172415,2172376,0
2172671,426338543636500,1751375,0.66362755,256,2172416,2172671,2172543,0
2172927,426338544552000,1655625,0.62217051,256,2172672,2172927,2172917,0
2173183,426338545397500,1634000,0.61708042,256,2172928,2173183,2173174,0
2173439,426338546307000,1551500,0.64805175,256,2173184,2173439,2173382,0
2173695,426338547192958,1460625,0.60259417,256,2173440,2173695,2173615,0
2173951,426338548131958,1314958,0.62971467,256,2173696,2173951,2173773,0
2174207,426338549041583,1220333,0.6198063,256,2173952,2174207,2173982,0
2174463,426338549945916,1106292,0.62529003,256,2174208,2174463,2174439,0
2174719,426338550803583,1050333,0.60866964,256,2174464,2174719,2174643,0
2174975,426338551708750,938333,0.62864922,256,2174720,2174975,2174749,0
2175231,426338552570375,894250,0.62037311,256,2174976,2175231,2175030,0
2175487,426338553400458,838083,0.5705806,256,2175232,2175487,2175385,0
2175743,426338554300833,859708,0.63898438,256,2175488,2175743,2175524,0
2175999,426338555182541,797125,0.60579449,256,2175744,2175999,2175865,0
2176255,426338556032250,844375,0.59432828,256,2176000,2176255,2176156,0
2176511,426338556913416,1617334,0.57141594,256,2176256,2176511,2176495,0
2176767,426338557777250,1774250,0.58731305,256,2176512,2176767,2176756,0
2177023,426338558640041,1749334,0.59258233,256,2176768,2177023,2176966,0
2177279,426338559560625,1650625,0.63939749,256,2177024,2177279,2177044,0
2177535,426338560448291,1585000,0.63027226,256,2177280,2177535,2177374,0
2177791,426338561365500,1480500,0.58755874,256,2177536,2177791,2177610,0
2178047,426338562233416,1442709,0.62146377,256,2177792,2178047,2177982,0
2178303,426338563138500,1376916,0.60246461,256,2178048,2178303,2178132,0
2178559,426338564012000,1307541,0.59872554,256,2178304,2178559,2178429,0
2178815,426338564871708,1254500,0.59446178,256,2178560,2178815,2178809,0
2179071,426338565750833,1193042,0.60944565,256,2178816,2179071,2178879,0
2179327,426338566613458,1179542,0.61940373,256,2179072,2179327,2179121,0
2179583,426338567498541,1113625,0.64121584,256,2179328,2179583,2179528,0
2179839,426338568464583,1005042,0.60850876,256,2179584,2179839,2179793,0
2180095,426338569313375,970541,0.59243858,256,2179840,2180095,2180049,0
2180351,426338570216958,882500,0.63755647,256,2180096,2180351,2180220,0
2180607,426338571170541,832625,0.61990284,256,2180352,2180607,2180394,0
2180863,426338572050083,867542,0.6298314,256,2180608,2180863,2180816,0
2181119,426338572945416,1624584,0.5681895,256,2180864,2181119,2181068,0
2181375,426338573830375,1622750,0.58800449,256,2181120,2181375,2181254,0
2181631,426338574732041,1510917,0.58821582,256,2181376,2181631,2181558,0
2181887,426338575600541,1447584,0.61040398,256,2181632,2181887,2181805,0
2182143,426338576386291,1445542,0.6066355,256,2181888,2182143,2182016,0
2182399,426338577290958,1328167,0.57977163,256,2182144,2182399,2182353,0
2182655,426338578207875,1250500,0.65932005,256,2182400,2182655,2182599,0
2182911,426338579094583,1161750,0.594451,256,2182656,2182911,2182812,0
2183167,426338579954666,1129792,0.60274246,256,2182912,2183167,2183133,0
2183423,426338580826041,1047542,0.59988771,256,2183168,2183423,2183364,0
2183679,426338581758541,946834,0.61212021,256,2183424,2183679,2183568,0
2183935,426338582669375,879250,0.6686183,256,2183680,2183935,2183692,0
2184191,426338583558875,827041,0.60951265,256,2183936,2184191,2184032,0
2184447,426338584446041,871167,0.64193169,256,2184192,2184447,2184347,0
2184703,426338585345083,1103625,0.58499298,256,2184448,2184703,2184588,0
2184959,426338586230250,1025958,0.58960647,256,2184704,2184959,2184954,0
2185215,426338587046625,1006791,0.6016676,256,2184960,2185215,2185064,0
2185471,426338587952541,927292,0.61858467,256,2185216,2185471,2185336,0
2185727,426338588854583,847958,0.59487259,256,2185472,2185727,2185695,0
2185983,426338589733166,1598875,0.57453155,256,2185728,2185983,2185774,0
2186239,426338590649875,1702666,0.58325845,256,2185984,2186239,2186087,0
2186495,426338591479958,1695958,0.59289488,256,2186240,2186495,2186448,0
2186751,426338592436500,1544125,0.62981849,256,2186496,2186751,2186568,0
2187007,426338593321708,1488833,0.61250639,256,2186752,2187007,2186967,0
2187263,426338594215791,1458584,0.65859587,256,2187008,2187263,2187048,0
2187519,426338595086000,1399958,0.60433851,256,2187264,2187519,2187327,0
2187775,426338595948416,1348375,0.60328128,256,2187520,2187775,2187525,0
2188031,426338596840458,1280792,0.57827709,256,2187776,2188031,2187900,0
2188287,426338597721708,1202417,0.6051523,256,2188032,2188287,2188138,0
2188543,426338598516208,1228542,0.60298794,256,2188288,2188543,2188341,0
2188799,426338599447833,1098958,0.59933504,256,2188544,2188799,2188796,0
2189055,426338600295791,1073500,0.6392072,256,2188800,2189055,2189053,0
2189311,426338601190041,992584,0.64303692,256,2189056,2189311,2189078,0
2189567,426338602152416,840292,0.58952888,256,2189312,2189567,2189516,0
2189823,426338602993416,855584,0.61402743,256,2189568,2189823,2189611,0
2190079,426338603888250,853916,0.61915101,256,2189824,2190079,2189963,0
2190335,426338604724375,821916,0.61467062,256,2190080,2190335,2190317,0
2190591,426338605616875,1694875,0.60362462,256,2190336,2190591,2190357,0
2190847,426338606507583,1826750,0.5910827,256,2190592,2190847,2190815,0
2191103,426338607367750,1809458,0.60441898,256,2190848,2191103,2190906,0
2191359,426338608305291,1715125,0.61028263,256,2191104,2191359,2191281,0
2191615,426338609123833,1758542,0.66421782,256,2191360,2191615,2191410,0
2191871,426338609991166,1734209,0.64918656,256,2191616,2191871,2191800,0
2192127,426338610902750,1650041,0.62763628,256,2191872,2192127,2191924,0
2192383,426338611810166,1569542,0.59030164,256,2192128,2192383,2192263,0
2192639,426338612687750,1580625,0.65669599,256,2192384,2192639,2192546,0
2192895,426338613569750,1529750,0.59736265,256,2192640,2192895,2192835,0
2193151,426338614451041,1489125,0.62120374,256,2192896,2193151,2193029,0
2193407,426338615390583,1382167,0.60691563,256,2193152,2193407,2193171,0
2193663,426338616286458,1337417,0.60772612,256,2193408,2193663,2193425,0
2193919,426338617208708,1239542,0.61228407,256,2193664,2193919,2193891,0
2194175,426338618143333,1153708,0.62012724,256,2193920,2194175,2193966,0
2194431,426338618994166,1157709,0.62712254,256,2194176,2194431,2194281,0
2194687,426338619861416,1111709,0.59939127,256,2194432,2194687,2194578,0
2194943,426338620766291,1058250,0.62206653,256,2194688,2194943,2194923,0
2195199,426338621655666,996542,0.62019624,256,2194944,2195199,2195197,0
2195455,426338622609875,909083,0.62414991,256,2195200,2195455,2195367,0
2195711,426338623503166,900875,0.62464416,256,2195456,2195711,2195509,0
2195967,426338624358916,864000,0.59181943,256,2195712,2195967,2195962,0
2196223,426338625170083,862125,0.63017868,256,2195968,2196223,2196085,0
2196479,426338626085708,820333,0.61242889,256,2196224,2196479,2196400,0
2196735,426338626992875,1636791,0.59227937,256,2196480,2196735,2196660,0
2196991,426338627893166,1755625,0.59442219,256,2196736,2196991,2196912,0
2197247,426338628823125,1630875,0.63925784,256,2196992,2197247,2197231,0
2197503,426338629784583,1477792,0.61598194,256,2197248,2197503,2197317,0
2197759,426338630689833,1369250,0.58870569,256,2197504,2197759,2197567,0
2198015,426338631588791,1265042,0.61103145,256,2197760,2198015,2197792,0
2198271,426338632482333,1189208,0.61090879,256,2198016,2198271,2198079,0
2198527,426338633406083,1086917,0.61692627,256,2198272,2198527,2198449,0
2198783,426338634282708,1019792,0.59929395,256,2198528,2198783,2198638,0
2199039,426338635129458,991083,0.64087453,256,2198784,2199039,2198872,0
2199295,426338635946541,963042,0.6315689,256,2199040,2199295,2199100,0
2199551,426338636857291,3040084,0.58586341,256,2199296,2199551,2199543,0
2199807,426338637736916,5907709,0.63829549,256,2199552,2199807,2199582,0
2200063,426338640155458,3490625,0.60755528,256,2199808,2200063,2199992,0
2200319,426338643979125,1134041,0.60530327,256,2200064,2200319,2200165,0
2200575,426338643996166,1963250,0.62263458,256,2200320,2200575,2200529,0
2200831,426338644011000,2798541,0.60779822,256,2200576,2200831,2200800,0
2201087,426338644026916,3623875,0.60230919,256,2200832,2201087,2200956,0
2201343,426338644687458,3791458,0.59317879,256,2201088,2201343,2201154,0
2201599,426338645626125,3705583,0.63330478,256,2201344,2201599,2201378,0
2201855,426338646459166,3725834,0.64410942,256,2201600,2201855,2201775,0
2202111,426338647357041,3685250,0.59992807,256,2201856,2202111,2202083,0
2202367,426338648234333,3641125,0.6023155,256,2202112,2202367,2202198,0
2202623,426338649126250,3608958,0.6196173,256,2202368,2202623,2202563,0
2202879,426338649982083,3621625,0.6397648,256,2202624,2202879,2202632,0
2203135,426338650881166,3580000,0.60877202,256,2202880,2203135,2202968,0
2203391,426338651791125,3513833,0.62750057,256,2203136,2203391,2203340,0
2203647,426338652688416,3497084,0.63772835,256,2203392,2203647,2203564,0
2203903,426338653614208,3447708,0.61225154,256,2203648,2203903,2203693,0
2204159,426338654581416,3348000,0.64164905,256,2203904,2204159,2203983,0
2204415,426338655465958,3315875,0.64319282,256,2204160,2204415,2204236,0
2204671,426338656293166,3342167,0.62274917,256,2204416,2204671,2204562,0
2204927,426338657137000,3369750,0.63732299,256,2204672,2204927,2204909,0
2205183,426338657994500,3336666,0.574203,256,2204928,2205183,2205132,0
2205439,426338658843250,3363500,0.64122953,256,2205184,2205439,2205392,0
2205695,426338659750833,3307083,0.64987984,256,2205440,2205695,2205685,0
2205951,426338660631458,3303125,0.60605493,256,2205696,2205951,2205837,0
2206207,426338661538833,3260667,0.59472973,256,2205952,2206207,2205983,0
2206463,426338662460916,3203209,0.65296432,256,2206208,2206463,2206301,0
2206719,426338663364625,3149375,0.61340293,256,2206464,2206719,2206526,0
2206975,426338664248750,3115458,0.64018076,256,2206720,2206975,2206720,0
2207231,426338665197625,3008458,0.63829761,256,2206976,2207231,2207086,0
2207487,426338666060125,3007708,0.61976185,256,2207232,2207487,2207469,0
2207743,426338666957416,2963084,0.58714956,256,2207488,2207743,2207579,0
2207999,426338667891708,2910375,0.64076093,256,2207744,2207999,2207886,0
2208255,426338668773000,2886458,0.61442276,256,2208000,2208255,2208215,0
2208511,426338669704666,2823250,0.64467236,256,2208256,2208511,2208411,0
2208767,426338670577750,2826708,0.62364927,256,2208512,2208767,2208705,0
2209023,426338671472541,2829334,0.64039392,256,2208768,2209023,2209012,0
2209279,426338672361416,2821292,0.67610459,256,2209024,2209279,2209061,0
2209535,426338673229625,2806166,0.64185669,256,2209280,2209535,2209531,0
2209791,426338674083125,2835375,0.63188469,256,2209536,2209791,2209553,0
2210047,426338674970166,2796667,0.60819544,256,2209792,2210047,2209835,0
2210303,426338675872625,2779166,0.60853292,256,2210048,2210303,2210172,0
2210559,426338676808208,2721500,0.62492758,256,2210304,2210559,2210455,0
2210815,426338677639000,2773333,0.67894507,256,2210560,2210815,2210670,0
2211071,426338678525833,2754042,0.60293968,256,2210816,2211071,2210874,0
2211327,426338679365916,2799167,0.64961557,256,2211072,2211327,2211141,0
2211583,426338680301291,2737792,0.65605684,256,2211328,2211583,2211445,0
2211839,426338681194791,2717167,0.63862436,256,2211584,2211839,2211769,0
2212095,426338682050000,2754291,0.61520012,256,2211840,2212095,2211924,0
2212351,426338682881916,2826917,0.64809905,256,2212096,2212351,2212177,0
2212607,426338683749708,2806000,0.58713887,256,2212352,2212607,2212534,0
2212863,426338684613583,2781000,0.61548058,256,2212608,2212863,2212614,0
2213119,426338685515125,2728041,0.64472019,256,2212864,2213119,2213083,0
2213375,426338686414583,2673542,0.6103563,256,2213120,2213375,2213170,0
2213631,426338687288125,2677250,0.6762325,256,2213376,2213631,2213542,0
2213887,426338688168041,2619750,0.59521602,256,2213632,2213887,2213768,0
2214143,426338689063083,2583958,0.63039284,256,2213888,2214143,2213973,0
2214399,426338689950375,2531583,0.65093792,256,2214144,2214399,2214183,0
2214655,426338690761333,2567458,0.61951663,256,2214400,2214655,2214506,0
2214911,426338691660166,2498459,0.60176922,256,2214656,2214911,2214706,0
2215167,426338692517166,2464459,0.62346011,256,2214912,2215167,2215153,0
2215423,426338693470916,2346792,0.62318861,256,2215168,2215423,2215354,0
2215679,426338694272083,2415583,0.60593528,256,2215424,2215679,2215509,0
2215935,426338695136541,2406459,0.60674639,256,2215680,2215935,2215743,0
2216191,426338695987375,2384791,0.61005339,256,2215936,2216191,2216139,0
2216447,426338696907000,2297750,0.62176583,256,2216192,2216447,2216319,0
2216703,426338697794250,2288958,0.67761214,256,2216448,2216703,2216606,0
2216959,426338698687791,2219709,0.58217656,256,2216704,2216959,2216868,0
2217215,426338699635833,2101750,0.63351258,256,2216960,2217215,2216970,0
2217471,426338700505291,2094292,0.6318691,256,2217216,2217471,2217349,0
2217727,426338701437875,1994541,0.60372303,256,2217472,2217727,2217572,0
2217983,426338702317458,1945458,0.5882785,256,2217728,2217983,2217751,0
2218239,426338703145541,1940750,0.59024759,256,2217984,2218239,2218099,0
2218495,426338704052250,1873000,0.6188372,256,2218240,2218495,2218420,0
2218751,426338704895750,1873666,0.68728591,256,2218496,2218751,2218577,0
2219007,426338705801500,1799833,0.61264445,256,2218752,2219007,2218860,0
2219263,426338706650416,1785667,0.61710258,256,2219008,2219263,2219209,0
2219519,426338707579583,1675292,0.60008443,256,2219264,2219519,2219360,0
2219775,426338708455208,1637458,0.6453923,256,2219520,2219775,2219761,0
2220031,426338709395125,1554333,0.63490297,256,2219776,2220031,2219931,0
2220287,426338710287666,1541500,0.6416423,256,2220032,2220287,2220262,0
2220543,426338711142833,1502417,0.60697028,256,2220288,2220543,2220435,0
2220799,426338712032000,1480291,0.63129476,256,2220544,2220799,2220723,0
2221055,426338712875333,1445667,0.64913662,256,2220800,2221055,2221021,0
2221311,426338713767958,1377458,0.60271673,256,2221056,2221311,2221302,0
2221567,426338714628500,1374791,0.64973736,256,2221312,2221567,2221379,0
2221823,426338715486625,1349083,0.61284035,256,2221568,2221823,2221740,0
2222079,426338716359375,1316333,0.64470687,256,2221824,2222079,2222057,0
2222335,426338717240958,1260000,0.59847605,256,2222080,2222335,2222228,0
2222591,426338718090875,1262000,0.68487594,256,2222336,2222591,2222573,0
2222847,426338718952666,1271875,0.65457102,256,2222592,2222847,2222634,0
2223103,426338719832083,1256042,0.63492915,256,2222848,2223103,2223095,0
2223359,426338720760958,1168625,0.60637673,256,2223104,2223359,2223184,0
2223615,426338721674041,1095334,0.64038003,256,2223360,2223615,2223424,0
2223871,426338722522083,1074125,0.60458498,256,2223616,2223871,2223626,0
2224127,426338723424541,976792,0.61138184,256,2223872,2224127,2223938,0
2224383,426338724299291,915000,0.59470801,256,2224128,2224383,2224345,0
2224639,426338725175500,875125,0.62856775,256,2224384,2224639,2224618,0
2224895,426338726043666,869334,0.61952238,256,2224640,2224895,2224649,0
2225151,426338726998541,881750,0.6257972,256,2224896,2225151,2225107,0
2225407,426338727880958,870125,0.64044553,256,2225152,2225407,2225223,0
2225663,426338728749000,867041,0.62097953,256,2225408,2225663,2225488,0
2225919,426338729622333,870917,0.60027526,256,2225664,2225919,2225892,0
2226175,426338730557166,1693209,0.60962017,256,2225920,2226175,2226008,0
2226431,426338731439333,1843042,0.61720247,256,2226176,2226431,2226347,0
2226687,426338732335500,1772000,0.64102501,256,2226432,2226687,2226538,0
2226943,426338733233833,1686250,0.58298577,256,2226688,2226943,2226939,0
2227199,426338734160916,1584584,0.59691529,256,2226944,2227199,2227134,0
2227455,426338735057750,1529000,0.6443855,256,2227200,2227455,2227259,0
2227711,426338735935583,1497417,0.65614144,256,2227456,2227711,2227559,0
2227967,426338736767791,1512125,0.61236989,256,2227712,2227967,2227933,0
2228223,426338737695000,1410041,0.6332931,256,2227968,2228223,2228081,0
2228479,426338738622583,1307250,0.58076314,256,2228224,2228479,2228452,0
2228735,426338739484000,1260958,0.61998326,256,2228480,2228735,2228701,0
2228991,426338740405833,1152583,0.59439807,256,2228736,2228991,2228800,0
2229247,426338741257041,1130917,0.65400459,256,2228992,2229247,2229035,0
2229503,426338742096750,1112208,0.5924986,256,2229248,2229503,2229492,0
2229759,426338742991833,1080500,0.6458288,256,2229504,2229759,2229599,0
2230015,426338743883541,1006084,0.57496355,256,2229760,2230015,2229961,0
2230271,426338744767708,964708,0.61188899,256,2230016,2230271,2230235,0
2230527,426338745597708,953792,0.66563199,256,2230272,2230527,2230416,0
2230783,426338746518958,852125,0.61237411,256,2230528,2230783,2230771,0
2231039,426338747370083,1645083,0.61303204,256,2230784,2231039,2230869,0
2231295,426338748319041,1709125,0.60281846,256,2231040,2231295,2231136,0
2231551,426338749142166,1699917,0.59442221,256,2231296,2231551,2231299,0
2231807,426338750046083,1595667,0.59648675,256,2231552,2231807,2231707,0
2232063,426338750934791,1521709,0.65585927,256,2231808,2232063,2232050,0
2232319,426338751786500,1518000,0.63461657,256,2232064,2232319,2232128,0
2232575,426338752683125,1441000,0.63750405,256,2232320,2232575,2232395,0
2232831,426338753572458,1379792,0.65071636,256,2232576,2232831,2232698,0
2233087,426338754414916,1338459,0.59603534,256,2232832,2233087,2232882,0
2233343,426338755305250,1269000,0.62639294,256,2233088,2233343,2233314,0
2233599,426338756158000,1228291,0.6146565,256,2233344,2233599,2233353,0
2233855,426338757007291,1184917,0.61854913,256,2233600,2233855,2233631,0
2234111,426338757843083,1154167,0.6080745,256,2233856,2234111,2233995,0
2234367,426338758699833,1151083,0.63534921,256,2234112,2234367,2234202,0
2234623,426338759546458,1137750,0.59496119,256,2234368,2234623,2234459,0
2234879,426338760424666,1068000,0.59199943,256,2234624,2234879,2234650,0
2235135,426338761289916,1034584,0.62598071,256,2234880,2235135,2234911,0
2235391,426338762232833,888208,0.62042115,256,2235136,2235391,2235310,0
2235647,426338763139125,837416,0.58537973,256,2235392,2235647,2235521,0
2235903,426338763996666,1640750,0.60044824,256,2235648,2235903,2235687,0
2236159,426338764870916,2390542,0.62258164,256,2235904,2236159,2236031,0
2236415,426338765763041,3111625,0.61672773,256,2236160,2236415,2236177,0
2236671,426338766661208,3813667,0.63793373,256,2236416,2236671,2236484,0
2236927,426338767563041,4526625,0.65676825,256,2236672,2236927,2236807,0
2237183,426338768390291,5128000,0.65068601,256,2236928,2237183,2237136,0
2237439,426338769280916,5102667,0.65469798,256,2237184,2237439,2237363,0
2237695,426338770196250,5052458,0.63176897,256,2237440,2237695,2237523,0
2237951,426338771066500,4980875,0.61766377,256,2237696,2237951,2237852,0
2238207,426338771967208,4919375,0.59642016,256,2237952,2238207,2238174,0
2238463,426338772894500,4802250,0.59249444,256,2238208,2238463,2238446,0
2238719,426338773804125,4739458,0.66309834,256,2238464,2238719,2238535,0
2238975,426338774721375,4658000,0.61057383,256,2238720,2238975,2238830,0
2239231,426338775605333,4605875,0.60759245,256,2238976,2239231,2239191,0
2239487,426338776530833,4503167,0.65781552,256,2239232,2239487,2239424,0
2239743,426338777405416,4461625,0.63992472,256,2239488,2239743,2239588,0
2239999,426338778322708,4359125,0.59752637,256,2239744,2239999,2239856,0
2240255,426338779177041,4352834,0.60113956,256,2240000,2240255,2240093,0
2240511,426338780024625,4337750,0.62129579,256,2240256,2240511,2240357,0
2240767,426338780911500,4307666,0.62064396,256,2240512,2240767,2240657,0
2241023,426338781778791,4256167,0.60302827,256,2240768,2241023,2240880,0
2241279,426338782666916,4225792,0.60785975,256,2241024,2241279,2241179,0
2241535,426338783503500,4209375,0.61596974,256,2241280,2241535,2241397,0
2241791,426338784420958,4124542,0.57327156,256,2241536,2241791,2241538,0
2242047,426338785272708,4102042,0.62374666,256,2241792,2242047,2241951,0
2242303,426338786164541,4031250,0.6010083,256,2242048,2242303,2242117,0
2242559,426338787034875,3978166,0.58368317,256,2242304,2242559,2242310,0
2242815,426338787903041,3937375,0.6099363,256,2242560,2242815,2242804,0
2243071,426338788776208,3898375,0.60861314,256,2242816,2243071,2242938,0
2243327,426338789638833,3896167,0.61528807,256,2243072,2243327,2243281,0
2243583,426338790568000,3799291,0.60228561,256,2243328,2243583,2243523,0
2243839,426338791439875,3742875,0.60940541,256,2243584,2243839,2243775,0
2244095,426338792318500,3679583,0.65134198,256,2243840,2244095,2243862,0
2244351,426338793208500,3622666,0.62799196,256,2244096,2244351,2244136,0
2244607,426338794092291,3570167,0.64382915,256,2244352,2244607,2244454,0
2244863,426338794998625,3489916,0.61922696,256,2244608,2244863,2244668,0
2245119,426338795845583,3476083,0.59839023,256,2244864,2245119,2245031,0
2245375,426338796713875,3418916,0.62816033,256,2245120,2245375,2245159,0
2245631,426338797568875,3380750,0.64913908,256,2245376,2245631,2245529,0
2245887,426338798490000,3281166,0.59932455,256,2245632,2245887,2245820,0
2246143,426338799449250,3152541,0.60932984,256,2245888,2246143,2246129,0
2246399,426338800292541,3141875,0.65642894,256,2246144,2246399,2246328,0
2246655,426338801127458,3138208,0.61479246,256,2246400,2246655,2246554,0
2246911,426338802013333,3069167,0.58687898,256,2246656,2246911,2246724,0
2247167,426338802876250,3029125,0.59428629,256,2246912,2247167,2247161,0
2247423,426338803789125,2935416,0.60937281,256,2247168,2247423,2247410,0
2247679,426338804644041,2941375,0.6789547,256,2247424,2247679,2247564,0
2247935,426338805478708,2887792,0.63423499,256,2247680,2247935,2247770,0
2248191,426338806289625,2913875,0.62730144,256,2247936,2248191,2247963,0
2248447,426338807166875,2835375,0.57515766,256,2248192,2248447,2248396,0
2248703,426338808083166,2766417,0.64256733,256,2248448,2248703,2248558,0
2248959,426338809000625,2680625,0.62837244,256,2248704,2248959,2248738,0
2249215,426338809875416,2656459,0.60359799,256,2248960,2249215,2249210,0
2249471,426338810717541,2628917,0.58793211,256,2249216,2249471,2249267,0
2249727,426338811625166,2534209,0.59659302,256,2249472,2249727,2249648,0
2249983,426338812516958,2464500,0.5994441,256,2249728,2249983,2249925,0
2250239,426338813428541,2362167,0.61424866,256,2249984,2250239,2250051,0
2250495,426338814286583,2341167,0.62930165,256,2250240,2250495,2250343,0
2250751,426338815155541,2304750,0.58270619,256,2250496,2250751,2250654,0
2251007,426338815980125,2310416,0.62488011,256,2250752,2251007,2250957,0
2251263,426338816889541,2230750,0.59512176,256,2251008,2251263,2251101,0
2251519,426338817758458,2190542,0.60048011,256,2251264,2251519,2251516,0
2251775,426338818602583,2170292,0.62010245,256,2251520,2251775,2251578,0
2252031,426338819557375,2047375,0.61091659,256,2251776,2252031,2251830,0
2252287,426338820430833,1993583,0.60658991,256,2252032,2252287,2252213,0
2252543,426338821354583,1900542,0.61519844,256,2252288,2252543,2252489,0
2252799,426338822213708,1858583,0.59425728,256,2252544,2252799,2252738,0
2253055,426338823109333,1789917,0.61129457,256,2252800,2253055,2253016,0
2253311,426338823978416,1727917,0.60562089,256,2253056,2253311,2253295,0
2253567,426338824893750,1629625,0.60377393,256,2253312,2253567,2253520,0
2253823,426338825763166,1573875,0.60232928,256,2253568,2253823,2253818,0
2254079,426338826637458,1549625,0.62713047,256,2253824,2254079,2253836,0
2254335,426338827549125,1472958,0.65692913,256,2254080,2254335,2254263,0
2254591,426338828376000,1456666,0.61805452,256,2254336,2254591,2254465,0
2254847,426338829277625,1363458,0.62261602,256,2254592,2254847,2254803,0
2255103,426338830172750,1276958,0.57629691,256,2254848,2255103,2255030,0
2255359,426338831092125,1171583,0.61549548,256,2255104,2255359,2255236,0
2255615,426338831935291,1158584,0.59535012,256,2255360,2255615,2255536,0
2255871,426338832835458,1082042,0.60383213,256,2255616,2255871,2255690,0
2256127,426338833772166,947750,0.58227665,256,2255872,2256127,2256062,0
2256383,426338834621458,897875,0.59378722,256,2256128,2256383,2256332,0
2256639,426338835538208,844250,0.61128015,256,2256384,2256639,2256591,0
2256895,426338836385208,855500,0.62494963,256,2256640,2256895,2256835,0
2257151,426338837291916,829125,0.59723363,256,2256896,2257151,2257044,0
2257407,426338838111458,873333,0.58792185,256,2257152,2257407,2257302,0
2257663,426338838997208,1824208,0.61263605,256,2257408,2257663,2257590,0
2257919,426338839896833,1875042,0.61526841,256,2257664,2257919,2257875,0
2258175,426338840759375,1805166,0.57622205,256,2257920,2258175,2257946,0
2258431,426338841645000,1763500,0.61289621,256,2258176,2258431,2258324,0
2258687,426338842554833,1733125,0.69292101,256,2258432,2258687,2258558,0
2258943,426338843435000,1689041,0.59034389,256,2258688,2258943,2258883,0
2259199,426338844296041,1677084,0.62245042,256,2258944,2259199,2259046,0
2259455,426338845215916,1574917,0.59387524,256,2259200,2259455,2259402,0
2259711,426338846131166,1469084,0.59891146,256,2259456,2259711,2259472,0
2259967,426338847061458,1391583,0.59958757,256,2259712,2259967,2259897,0
2260223,426338847959541,1278834,0.58000046,256,2259968,2260223,2260050,0
2260479,426338848868500,1185083,0.60133077,256,2260224,2260479,2260289,0
2260735,426338849736291,1185209,0.63295032,256,2260480,2260735,2260666,0
2260991,426338850633375,1114250,0.59501282,256,2260736,2260991,2260790,0
2261247,426338851510333,1079792,0.60153947,256,2260992,2261247,2261002,0
2261503,426338852403458,1005375,0.59158211,256,2261248,2261503,2261373,0
2261759,426338853274500,987958,0.64671385,256,2261504,2261759,2261544,0
2262015,426338854193458,935958,0.63386269,256,2261760,2262015,2261875,0
2262271,426338855078208,885333,0.63753856,256,2262016,2262271,2262260,0
2262527,426338855985750,1643500,0.59024547,256,2262272,2262527,2262375,0
2262783,426338856889500,1783625,0.63687953,256,2262528,2262783,2262655,0
2263039,426338857762333,1732458,0.64143286,256,2262784,2263039,2262978,0
2263295,426338858651916,1659084,0.57706709,256,2263040,2263295,2263164,0
2263551,426338859582375,1558000,0.61257362,256,2263296,2263551,2263429,0
2263807,426338860456666,1474500,0.60967855,256,2263552,2263807,2263686,0
2264063,426338861336541,1428875,0.64639082,256,2263808,2264063,2264021,0
2264319,426338862185416,1427042,0.62269165,256,2264064,2264319,2264092,0
2264575,426338863019125,1406708,0.62883106,256,2264320,2264575,2264431,0
2264831,426338863908375,1331291,0.56860543,256,2264576,2264831,2264630,0
2265087,426338864810333,1250042,0.60762078,256,2264832,2265087,2265012,0
2265343,426338865670416,1208292,0.61130886,256,2265088,2265343,2265189,0
2265599,426338866574500,1129958,0.5750652,256,2265344,2265599,2265347,0
2265855,426338867476125,1038625,0.58355571,256,2265600,2265855,2265754,0
2266111,426338868329750,1008375,0.61997599,256,2265856,2266111,2266045,0
2266367,426338869205750,946875,0.60002854,256,2266112,2266367,2266212,0
2266623,426338870104958,884792,0.63354144,256,2266368,2266623,2266553,0
2266879,426338871022041,1621209,0.61653147,256,2266624,2266879,2266699,0
2267135,426338871860291,1796459,0.56357814,256,2266880,2267135,2266908,0
2267391,426338872728291,1746792,0.60738056,256,2267136,2267391,2267316,0
2267647,426338873586500,1700375,0.61848223,256,2267392,2267647,2267567,0
2267903,426338874465541,1637750,0.5728344,256,2267648,2267903,2267799,0
2268159,426338875331291,1602500,0.61213227,256,2267904,2268159,2268026,0
2268415,426338876239708,1494208,0.59197516,256,2268160,2268415,2268185,0
2268671,426338877195833,1356000,0.59319544,256,2268416,2268671,2268469,0
2268927,426338878093083,1277542,0.59242797,256,2268672,2268927,2268764,0
2269183,426338878898625,1311833,0.60667735,256,2268928,2269183,2269149,0
2269439,426338879796000,1257625,0.6337925,256,2269184,2269439,2269185,0
2269695,426338880672583,1184375,0.56935957,256,2269440,2269695,2269609,0
2269951,426338881550250,1114583,0.59063498,256,2269696,2269951,2269883,0
2270207,426338882439000,1063166,0.61252297,256,2269952,2270207,2270042,0
2270463,426338883290625,1057833,0.63678324,256,2270208,2270463,2270318,0
2270719,426338884167375,1002875,0.59948209,256,2270464,2270719,2270710,0
2270975,426338885066000,920833,0.60904724,256,2270720,2270975,2270774,0
2271231,426338885935708,875167,0.60613878,256,2270976,2271231,2271059,0
2271487,426338886799875,827791,0.59180814,256,2271232,2271487,2271400,0
2271743,426338887710750,872541,0.61424834,256,2271488,2271743,2271517,0
2271999,426338888611916,807167,0.59625723,256,2271744,2271999,2271789,0
2272255,426338889542041,855917,0.61436095,256,2272000,2272255,2272096,0
2272511,426338890374041,877375,0.63025999,256,2272256,2272511,2272376,0
2272767,426338891305083,825708,0.66362755,256,2272512,2272767,2272543,0
2273023,426338892171458,872542,0.62217051,256,2272768,2273023,2272917,0
2273279,426338893045666,858334,0.61708042,256,2273024,2273279,2273174,0
2273535,426338893933375,840000,0.64805175,256,2273280,2273535,2273382,0
2273791,426338894847875,830250,0.62971467,256,2273536,2273791,2273773,0
2274047,426338895785625,833833,0.6198063,256,2273792,2274047,2273982,0
2274303,426338896679083,788458,0.58066036,256,2274048,2274303,2274261,0
2274559,426338897564250,837500,0.62529003,256,2274304,2274559,2274439,0
2274815,426338898416500,831375,0.62864922,256,2274560,2274815,2274749,0
2275071,426338899317750,823250,0.62037311,256,2274816,2275071,2275030,0
2275327,426338900166333,792167,0.60885206,256,2275072,2275327,2275108,0
2275583,426338901041833,1681500,0.63898438,256,2275328,2275583,2275524,0
2275839,426338901942500,1774041,0.60914251,256,2275584,2275839,2275632,0
2276095,426338902802458,1722042,0.60579449,256,2275840,2276095,2275865,0
2276351,426338903674541,1662417,0.59432828,256,2276096,2276351,2276156,0
2276607,426338904513666,1640000,0.57141594,256,2276352,2276607,2276495,0
2276863,426338905406250,1551625,0.58731305,256,2276608,2276863,2276756,0
2277119,426338906296125,1514583,0.63939749,256,2276864,2277119,2277044,0
2277375,426338907191250,1435333,0.63027226,256,2277120,2277375,2277374,0
2277631,426338908095416,1365959,0.5942791,256,2277376,2277631,2277391,0
2277887,426338908963416,1300584,0.58388281,256,2277632,2277887,2277657,0
2278143,426338909855333,1232083,0.62146377,256,2277888,2278143,2277982,0
2278399,426338910758125,1172250,0.59878781,256,2278144,2278399,2278146,0
2278655,426338911634708,1106583,0.59872554,256,2278400,2278655,2278429,0
2278911,426338912523458,1028167,0.60944565,256,2278656,2278911,2278879,0
2279167,426338913379166,1005834,0.61940373,256,2278912,2279167,2279121,0
2279423,426338914247416,971417,0.61862896,256,2279168,2279423,2279321,0
2279679,426338915142500,895416,0.64121584,256,2279424,2279679,2279528,0
2279935,426338916062375,841583,0.60850876,256,2279680,2279935,2279793,0
2280191,426338916970750,1643416,0.59243858,256,2279936,2280191,2280049,0
2280447,426338917868791,1755875,0.63755647,256,2280192,2280447,2280220,0
2280703,426338918816958,1618083,0.60332944,256,2280448,2280703,2280530,0
2280959,426338919663458,1647292,0.6298314,256,2280704,2280959,2280816,0
2281215,426338920584583,1512042,0.5681895,256,2280960,2281215,2281068,0
2281471,426338921474625,1439166,0.58800449,256,2281216,2281471,2281254,0
2281727,426338922351458,1364375,0.58821582,256,2281472,2281727,2281558,0
2281983,426338923176458,1367333,0.61040398,256,2281728,2281983,2281805,0
2282239,426338924024666,1335709,0.6066355,256,2281984,2282239,2282016,0
2282495,426338924977041,1202750,0.57977163,256,2282240,2282495,2282353,0
2282751,426338925848041,1167667,0.65932005,256,2282496,2282751,2282599,0
2283007,426338926701250,1136250,0.59602317,256,2282752,2283007,2282964,0
2283263,426338927598750,1083833,0.60274246,256,2283008,2283263,2283133,0
2283519,426338928457083,1051083,0.59988771,256,2283264,2283519,2283364,0
2283775,426338929384666,1007959,0.6686183,256,2283520,2283775,2283692,0
2284031,426338930287250,906625,0.56468519,256,2283776,2284031,2283867,0
2284287,426338931192791,1637792,0.61662286,256,2284032,2284287,2284199,0
2284543,426338932079583,1646917,0.64193169,256,2284288,2284543,2284347,0
2284799,426338932967333,1583583,0.58499298,256,2284544,2284799,2284588,0
2285055,426338933835666,1532542,0.58960647,256,2284800,2285055,2284954,0
2285311,426338934674375,1513708,0.6016676,256,2285056,2285311,2285064,0
2285567,426338935601958,1443750,0.61858467,256,2285312,2285567,2285336,0
2285823,426338936496833,1406542,0.59487259,256,2285568,2285823,2285695,0
2286079,426338937379000,1351833,0.58018432,256,2285824,2286079,2286035,0
2286335,426338938291416,1262375,0.58325845,256,2286080,2286335,2286087,0
2286591,426338939556958,978292,0.62981849,256,2286336,2286591,2286568,0
2286847,426338940085916,1283625,0.57930104,256,2286592,2286847,2286783,0
2287103,426338940938458,1294833,0.65859587,256,2286848,2287103,2287048,0
2287359,426338941860416,1253792,0.60778999,256,2287104,2287359,2287141,0
2287615,426338942704750,1231625,0.60367651,256,2287360,2287615,2287363,0
2287871,426338943572375,1190250,0.58603592,256,2287616,2287871,2287736,0
2288127,426338944433958,1220750,0.58117719,256,2287872,2288127,2288034,0
2288383,426338945686041,873459,0.6051523,256,2288128,2288383,2288138,0
2288639,426338946172583,1204708,0.60204624,256,2288384,2288639,2288401,0
2288895,426338947058375,1171708,0.60905626,256,2288640,2288895,2288837,0
2289151,426338947908125,1136750,0.64303692,256,2288896,2289151,2289078,0
2289407,426338948836791,1028750,0.60143652,256,2289152,2289407,2289228,0
2289663,426338949795333,913625,0.61402743,256,2289408,2289663,2289611,0
2289919,426338950604208,955583,0.59535371,256,2289664,2289919,2289827,0
2290175,426338951525958,881042,0.61915101,256,2289920,2290175,2289963,0
2290431,426338952374500,887041,0.61467062,256,2290176,2290431,2290317,0
2290687,426338953237250,875458,0.59832341,256,2290432,2290687,2290499,0
2290943,426338954122791,850292,0.60441898,256,2290688,2290943,2290906,0
2291199,426338954990541,828000,0.60027493,256,2290944,2291199,2291111,0
2291455,426338955877333,858375,0.66421782,256,2291200,2291455,2291410,0
2291711,426338956758458,852833,0.61290356,256,2291456,2291711,2291574,0
2291967,426338957647833,850333,0.64918656,256,2291712,2291967,2291800,0
2292223,426338958566083,822083,0.59092323,256,2291968,2292223,2292037,0
2292479,426338959444833,1624042,0.59101226,256,2292224,2292479,2292425,0
2292735,426338960313541,1805875,0.65669599,256,2292480,2292735,2292546,0
2292991,426338961204333,1713042,0.59736265,256,2292736,2292991,2292835,0
2293247,426338962114333,1611583,0.62120374,256,2292992,2293247,2293029,0
2293503,426338963023666,1546834,0.60772612,256,2293248,2293503,2293425,0
2293759,426338963953250,1418125,0.57819875,256,2293504,2293759,2293714,0
2294015,426338964859041,1323209,0.62012724,256,2293760,2294015,2293966,0
2294271,426338965775291,1234667,0.59574194,256,2294016,2294271,2294049,0
2294527,426338966609625,1223958,0.62712254,256,2294272,2294527,2294281,0
2294783,426338967492208,1154417,0.59939127,256,2294528,2294783,2294578,0
2295039,426338968405708,1063208,0.62206653,256,2294784,2295039,2294923,0
2295295,426338969319375,981375,0.62019624,256,2295040,2295295,2295197,0
2295551,426338970296291,841917,0.62464416,256,2295296,2295551,2295509,0
2295807,426338971148416,1624250,0.61700318,256,2295552,2295807,2295591,0
2296063,426338971980041,1779792,0.59613018,256,2295808,2296063,2296021,0
2296319,426338972829708,1725292,0.63017868,256,2296064,2296319,2296085,0
2296575,426338973735666,1604042,0.61242889,256,2296320,2296575,2296400,0
2296831,426338974622625,1525708,0.59227937,256,2296576,2296831,2296660,0
2297087,426338975547208,1403333,0.59442219,256,2296832,2297087,2296912,0
2297343,426338976518166,1259250,0.63925784,256,2297088,2297343,2297231,0
2297599,426338977417083,1150750,0.60842845,256,2297344,2297599,2297382,0
2297855,426338978340916,1044292,0.61103145,256,2297600,2297855,2297792,0
2298111,426338979196750,1000375,0.61090879,256,2297856,2298111,2298079,0
2298367,426338980166791,833917,0.59589135,256,2298112,2298367,2298153,0
2298623,426338981039958,829708,0.61692627,256,2298368,2298623,2298449,0
2298879,426338981895541,1607542,0.64087453,256,2298624,2298879,2298872,0
2299135,426338982746833,2330333,0.6315689,256,2298880,2299135,2299100,0
2299391,426338983587083,3058292,0.5872921,256,2299136,2299391,2299189,0
2299647,426338984462041,3805542,0.63829549,256,2299392,2299647,2299582,0
2299903,426338985323583,3984250,0.62853484,256,2299648,2299903,2299785,0
2300159,426338986214833,3947833,0.60755528,256,2299904,2300159,2299992,0
2300415,426338987129125,6783791,0.60530327,256,2300160,2300415,2300165,0
2300671,426338988000541,5918417,0.62263458,256,2300416,2300671,2300529,0
2300927,426338989027166,4892792,0.60779822,256,2300672,2300927,2300800,0
2301183,426338989836458,4084542,0.60230919,256,2300928,2301183,2300956,0
2301439,426338991443833,2859208,0.63330478,256,2301184,2301439,2301378,0
2301695,426338993932375,1195041,0.63263105,256,2301440,2301695,2301595,0
2301951,426338993947500,2024041,0.64410942,256,2301696,2301951,2301775,0
2302207,426338993962041,2833167,0.6023155,256,2301952,2302207,2302198,0
2302463,426338994338208,3257792,0.59392582,256,2302208,2302463,2302393,0
2302719,426338995157458,3313750,0.6397648,256,2302464,2302719,2302632,0
2302975,426338996051916,3242375,0.61741068,256,2302720,2302975,2302751,0
2303231,426338996940000,3177125,0.61318985,256,2302976,2303231,2303213,0
2303487,426338997824208,3153167,0.62750057,256,2303232,2303487,2303340,0
2303743,426338998706291,3140500,0.63772835,256,2303488,2303743,2303564,0
2303999,426338999693166,2990334,0.64164905,256,2303744,2303999,2303983,0
2304255,426339000624375,2917291,0.64319282,256,2304000,2304255,2304236,0
2304511,426339001524333,2843417,0.60900428,256,2304256,2304511,2304495,0
2304767,426339002339083,2876125,0.62274917,256,2304512,2304767,2304562,0
2305023,426339003150208,2897292,0.63732299,256,2304768,2305023,2304909,0
2305279,426339004008208,2867042,0.59443301,256,2305024,2305279,2305257,0
2305535,426339004871125,2843000,0.64122953,256,2305280,2305535,2305392,0
2305791,426339005798666,2772542,0.64987984,256,2305536,2305791,2305685,0
2306047,426339006681958,2733917,0.60605493,256,2305792,2306047,2305837,0
2306303,426339007589625,2676625,0.65296432,256,2306048,2306303,2306301,0
2306559,426339008507583,2596083,0.63426197,256,2306304,2306559,2306311,0
2306815,426339009399250,2523583,0.64018076,256,2306560,2306815,2306720,0
2307071,426339010300000,2460750,0.62623433,256,2306816,2307071,2306952,0
2307327,426339011207291,2352792,0.63829761,256,2307072,2307327,2307086,0
2307583,426339012118125,2298166,0.61976185,256,2307328,2307583,2307469,0
2307839,426339013022250,2226250,0.61656514,256,2307584,2307839,2307835,0
2308095,426339013939666,2168709,0.64076093,256,2307840,2308095,2307886,0
2308351,426339014821500,2112666,0.61740189,256,2308096,2308351,2308349,0
2308607,426339015750875,2044666,0.64467236,256,2308352,2308607,2308411,0
2308863,426339016613583,2031917,0.62364927,256,2308608,2308863,2308705,0
2309119,426339017546041,1975709,0.67610459,256,2308864,2309119,2309061,0
2309375,426339018392166,1981417,0.61156548,256,2309120,2309375,2309322,0
2309631,426339019259375,1972416,0.64185669,256,2309376,2309631,2309531,0
2309887,426339020099541,1956084,0.60819544,256,2309632,2309887,2309835,0
2310143,426339021032666,1859000,0.58116441,256,2309888,2310143,2310078,0
2310399,426339021943166,1807292,0.60853292,256,2310144,2310399,2310172,0
2310655,426339022794750,1829708,0.65325771,256,2310400,2310655,2310628,0
2310911,426339023656791,1811209,0.67894507,256,2310656,2310911,2310670,0
2311167,426339024541166,1794667,0.64961557,256,2310912,2311167,2311141,0
2311423,426339025464333,1705250,0.62749321,256,2311168,2311423,2311374,0
2311679,426339026373750,1638041,0.65605684,256,2311424,2311679,2311445,0
2311935,426339027214375,1663750,0.63862436,256,2311680,2311935,2311769,0
2312191,426339028084833,1681583,0.64809905,256,2311936,2312191,2312177,0
2312447,426339028914250,1708666,0.63287607,256,2312192,2312447,2312234,0
2312703,426339029799125,1672125,0.61548058,256,2312448,2312703,2312614,0
2312959,426339030656125,1661083,0.59944774,256,2312704,2312959,2312746,0
2313215,426339031554375,1605375,0.64472019,256,2312960,2313215,2313083,0
2313471,426339032427458,1580000,0.59119149,256,2313216,2313471,2313246,0
2313727,426339033330666,1572834,0.6762325,256,2313472,2313727,2313542,0
2313983,426339034211666,1550042,0.63039284,256,2313728,2313983,2313973,0
2314239,426339035107541,1489042,0.65093792,256,2313984,2314239,2314183,0
2314495,426339035962583,4209833,0.58754861,256,2314240,2314495,2314257,0
2314751,426339036832625,3341625,0.61951663,256,2314496,2314751,2314506,0
2315007,426339038004583,3056292,0.59019091,256,2314752,2315007,2314762,0
2315263,426339040193125,1703833,0.62346011,256,2315008,2315263,2315153,0
2315519,426339040211500,2533375,0.62318861,256,2315264,2315519,2315354,0
2315775,426339040292000,3341500,0.60674639,256,2315520,2315775,2315743,0
2316031,426339041164500,3309291,0.57655639,256,2315776,2316031,2315823,0
2316287,426339042022666,3275084,0.61005339,256,2316032,2316287,2316139,0
2316543,426339042957083,3187292,0.64976743,256,2316288,2316543,2316528,0
2316799,426339043838875,3179458,0.67761214,256,2316544,2316799,2316606,0
2317055,426339044759958,3085750,0.63351258,256,2316800,2317055,2316970,0
2317311,426339045644833,3038167,0.60263866,256,2317056,2317311,2317303,0
2317567,426339046565000,2981750,0.6318691,256,2317312,2317567,2317349,0
2317823,426339047476583,2912292,0.60372303,256,2317568,2317823,2317572,0
2318079,426339048326000,2883416,0.58486997,256,2317824,2318079,2317928,0
2318335,426339049188333,2843833,0.59024759,256,2318080,2318335,2318099,0
2318591,426339050066833,2800125,0.68728591,256,2318336,2318591,2318577,0
2318847,426339050962958,2743833,0.61867574,256,2318592,2318847,2318642,0
2319103,426339051844083,2694750,0.61264445,256,2318848,2319103,2318860,0
2319359,426339052721458,2650417,0.61710258,256,2319104,2319359,2319209,0
2319615,426339053639875,2544125,0.6286582,256,2319360,2319615,2319592,0
2319871,426339054490250,2539208,0.6453923,256,2319616,2319871,2319761,0
2320127,426339055448250,2445291,0.63490297,256,2319872,2320127,2319931,0
2320383,426339056337666,2419209,0.6416423,256,2320128,2320383,2320262,0
2320639,426339057203000,2373083,0.60697028,256,2320384,2320639,2320435,0
2320895,426339058066041,2372334,0.63129476,256,2320640,2320895,2320723,0
2321151,426339058927541,2318750,0.64913662,256,2320896,2321151,2321021,0
2321407,426339059789625,2326041,0.64973736,256,2321152,2321407,2321379,0
2321663,426339060693458,2257542,0.57956331,256,2321408,2321663,2321660,0
2321919,426339061523250,2244125,0.61284035,256,2321664,2321919,2321740,0
2322175,426339062383125,2226166,0.64470687,256,2321920,2322175,2322057,0
2322431,426339063274708,2160167,0.59847605,256,2322176,2322431,2322228,0
2322687,426339064122000,2216791,0.68487594,256,2322432,2322687,2322573,0
2322943,426339064981416,2184667,0.60635518,256,2322688,2322943,2322827,0
2323199,426339065906791,2129500,0.63492915,256,2322944,2323199,2323095,0
2323455,426339066822500,2058666,0.64038003,256,2323200,2323455,2323424,0
2323711,426339067714625,1994041,0.60458498,256,2323456,2323711,2323626,0
2323967,426339068589375,1947458,0.61138184,256,2323712,2323967,2323938,0
2324223,426339069456291,1888834,0.59090211,256,2323968,2324223,2324005,0
2324479,426339070308916,1864625,0.62098797,256,2324224,2324479,2324466,0
2324735,426339071222833,1772542,0.62856775,256,2324480,2324735,2324618,0
2324991,426339072077750,1750541,0.61344227,256,2324736,2324991,2324746,0
2325247,426339073031791,1654084,0.64044553,256,2324992,2325247,2325223,0
2325503,426339073913500,1609666,0.62097953,256,2325248,2325503,2325488,0
2325759,426339074777666,1603250,0.61062979,256,2325504,2325759,2325660,0
2326015,426339075679416,1542000,0.60962017,256,2325760,2326015,2326008,0
2326271,426339076603333,1450042,0.60111605,256,2326016,2326271,2326149,0
2326527,426339077458541,1453209,0.61720247,256,2326272,2326527,2326347,0
2326783,426339078374583,1371417,0.64102501,256,2326528,2326783,2326538,0
2327039,426339079294458,1271500,0.58298577,256,2326784,2327039,2326939,0
2327295,426339080209041,1184375,0.6443855,256,2327040,2327295,2327259,0
2327551,426339081090666,1123375,0.63127731,256,2327296,2327551,2327391,0
2327807,426339081950250,1119000,0.65614144,256,2327552,2327807,2327559,0
2328063,426339082836833,1063500,0.61891241,256,2327808,2328063,2328054,0
2328319,426339083734500,987458,0.6332931,256,2328064,2328319,2328081,0
2328575,426339084666375,882083,0.60331849,256,2328320,2328575,2328493,0
2328831,426339085535125,1138375,0.61998326,256,2328576,2328831,2328701,0
2329087,426339086451750,3990208,0.65400459,256,2328832,2329087,2329035,0
2329343,426339087244166,3199750,0.6237523,256,2329088,2329343,2329134,0
2329599,426339088385833,2059333,0.6458288,256,2329344,2329599,2329599,0
2329855,426339090463875,1054791,0.60521927,256,2329600,2329855,2329608,0
2330111,426339090478333,1879208,0.597402,256,2329856,2330111,2330061,0
2330367,426339090793958,2371708,0.61188899,256,2330112,2330367,2330235,0
2330623,426339091625791,2375542,0.66563199,256,2330368,2330623,2330416,0
2330879,426339092560458,2269167,0.61303204,256,2330624,2330879,2330869,0
2331135,426339093446083,2180375,0.59416986,256,2330880,2331135,2331039,0
2331391,426339094318458,2139333,0.60281846,256,2331136,2331391,2331136,0
2331647,426339095151750,2094916,0.57155643,256,2331392,2331647,2331591,0
2331903,426339096138708,2281167,0.59648675,256,2331648,2331903,2331707,0
2332159,426339096980833,1909833,0.65585927,256,2331904,2332159,2332050,0
2332415,426339097820666,1915084,0.63750405,256,2332160,2332415,2332395,0
2332671,426339098736041,1794042,0.58455642,256,2332416,2332671,2332649,0
2332927,426339099678083,1691625,0.65071636,256,2332672,2332927,2332698,0
2333183,426339100477208,1704125,0.61297029,256,2332928,2333183,2333178,0
2333439,426339101432791,1564500,0.62639294,256,2333184,2333439,2333314,0
2333695,426339102197708,1605042,0.61854913,256,2333440,2333695,2333631,0
2333951,426339103060666,1548875,0.59637254,256,2333696,2333951,2333899,0
2334207,426339103860541,1586209,0.63534921,256,2333952,2334207,2334202,0
2334463,426339104724000,1575458,0.61000586,256,2334208,2334463,2334365,0
2334719,426339105600583,1524417,0.59199943,256,2334464,2334719,2334650,0
2334975,426339106445750,1489416,0.62598071,256,2334720,2334975,2334911,0
2335231,426339107340583,1408500,0.60876253,256,2334976,2335231,2335063,0
2335487,426339108256708,1283875,0.62042115,256,2335232,2335487,2335310,0
2335743,426339109162916,1175584,0.60044824,256,2335488,2335743,2335687,0
2335999,426339110020666,1148500,0.60120333,256,2335744,2335999,2335916,0
2336255,426339110943291,1085000,0.62258164,256,2336000,2336255,2336031,0
2336511,426339111787833,1054583,0.63793373,256,2336256,2336511,2336484,0
2336767,426339112688958,991750,0.63242657,256,2336512,2336767,2336650,0
2337023,426339113540833,943000,0.65676825,256,2336768,2337023,2336807,0
2337279,426339114445250,873416,0.65068601,256,2337024,2337279,2337136,0
2337535,426339115348541,1365250,0.65469798,256,2337280,2337535,2337363,0
2337791,426339116210708,1317417,0.60124857,256,2337536,2337791,2337715,0
2338047,426339117106375,1229708,0.61766377,256,2337792,2338047,2337852,0
2338303,426339118037791,1111584,0.59642016,256,2338048,2338303,2338174,0
2338559,426339118929875,1066375,0.66309834,256,2338304,2338559,2338535,0
2338815,426339119846458,908333,0.56907406,256,2338560,2338815,2338736,0
2339071,426339120792541,838792,0.61057383,256,2338816,2339071,2338830,0
2339327,426339121651708,834083,0.60759245,256,2339072,2339327,2339191,0
2339583,426339122559125,1617791,0.65781552,256,2339328,2339583,2339424,0
2339839,426339123473791,1721000,0.63992472,256,2339584,2339839,2339588,0
2340095,426339124365125,1630208,0.60113956,256,2339840,2340095,2340093,0
2340351,426339125207750,1591750,0.59723792,256,2340096,2340351,2340167,0
2340607,426339126070500,1553125,0.62129579,256,2340352,2340607,2340357,0
2340863,426339126939250,1507083,0.62064396,256,2340608,2340863,2340657,0
2341119,426339127801416,1425334,0.60302827,256,2340864,2341119,2340880,0
2341375,426339128674500,1401625,0.60785975,256,2341120,2341375,2341179,0
2341631,426339129552166,1325250,0.61596974,256,2341376,2341631,2341397,0
2341887,426339130454916,1216584,0.56519687,256,2341632,2341887,2341775,0
2342143,426339131318166,1184209,0.62374666,256,2341888,2342143,2341951,0
2342399,426339132229541,1060125,0.58368317,256,2342144,2342399,2342310,0
2342655,426339133078416,3557125,0.58232311,256,2342400,2342655,2342585,0
2342911,426339134090833,3442375,0.6099363,256,2342656,2342911,2342804,0
2343167,426339136672333,1664208,0.60861314,256,2342912,2343167,2342938,0
2343423,426339136686750,2490083,0.61528807,256,2343168,2343423,2343281,0
2343679,426339136701166,3298542,0.60228561,256,2343424,2343679,2343523,0
2343935,426339137473916,3319959,0.65134198,256,2343680,2343935,2343862,0
2344191,426339138345041,6352459,0.62799196,256,2343936,2344191,2344136,0
2344447,426339139239750,5472625,0.58681251,256,2344192,2344447,2344411,0
2344703,426339140107125,4606291,0.64382915,256,2344448,2344703,2344454,0
2344959,426339141032291,3682084,0.60329803,256,2344704,2344959,2344799,0
2345215,426339143708500,2081291,0.62816033,256,2344960,2345215,2345159,0
2345471,426339143717625,2864916,0.57488227,256,2345216,2345471,2345390,0
2345727,426339143726791,3652459,0.64913908,256,2345472,2345727,2345529,0
2345983,426339144937708,3241292,0.59932455,256,2345728,2345983,2345820,0
2346239,426339145473250,3520416,0.61677297,256,2345984,2346239,2346227,0
2346495,426339146320833,3492208,0.65642894,256,2346240,2346495,2346328,0
2346751,426339147191000,3422541,0.61479246,256,2346496,2346751,2346554,0
2347007,426339148046875,3359625,0.57780175,256,2346752,2347007,2347005,0
2347263,426339148927916,3276667,0.60889053,256,2347008,2347263,2347192,0
2347519,426339149790291,3220500,0.60937281,256,2347264,2347519,2347410,0
2347775,426339150675416,3157500,0.6789547,256,2347520,2347775,2347564,0
2348031,426339151482416,3139125,0.62730144,256,2347776,2348031,2347963,0
2348287,426339152312583,3112125,0.60328595,256,2348032,2348287,2348068,0
2348543,426339153220666,2986209,0.62217247,256,2348288,2348543,2348533,0
2348799,426339154105250,2917958,0.64256733,256,2348544,2348799,2348558,0
2349055,426339155033458,2836625,0.6161321,256,2348800,2349055,2348819,0
2349311,426339155889958,2791875,0.60359799,256,2349056,2349311,2349210,0
2349567,426339156762708,2709708,0.56453933,256,2349312,2349567,2349549,0
2349823,426339157654375,2596375,0.59659302,256,2349568,2349823,2349648,0
2350079,426339158588375,2477208,0.61424866,256,2349824,2350079,2350051,0
2350335,426339159485125,2381083,0.61688379,256,2350080,2350335,2350288,0
2350591,426339160267541,2409209,0.62930165,256,2350336,2350591,2350343,0
2350847,426339161138750,2357000,0.58270619,256,2350592,2350847,2350654,0
2351103,426339162014416,2302334,0.62488011,256,2350848,2351103,2350957,0
2351359,426339162900208,2227375,0.57593519,256,2351104,2351359,2351231,0
2351615,426339163784541,5292125,0.62010245,256,2351360,2351615,2351578,0
2351871,426339164655041,4423167,0.61426755,256,2351616,2351871,2351636,0
2352127,426339166784083,3328542,0.59584126,256,2351872,2352127,2352094,0
2352383,426339166793500,4133750,0.60658991,256,2352128,2352383,2352213,0
2352639,426339167395666,4356500,0.61519844,256,2352384,2352639,2352489,0
2352895,426339169164291,3438209,0.59425728,256,2352640,2352895,2352738,0
2353151,426339169216541,4178959,0.61129457,256,2352896,2353151,2353016,0
2353407,426339170030958,4171375,0.60562089,256,2353152,2353407,2353295,0
2353663,426339170902583,4113792,0.60377393,256,2353408,2353663,2353520,0
2353919,426339171778500,4091000,0.62713047,256,2353664,2353919,2353836,0
2354175,426339172701833,3996792,0.6093607,256,2353920,2354175,2353945,0
2354431,426339173569625,3950708,0.65692913,256,2354176,2354431,2354263,0
2354687,426339174369916,3958875,0.61805452,256,2354432,2354687,2354465,0
2354943,426339175301916,3825042,0.62261602,256,2354688,2354943,2354803,0
2355199,426339176239041,3710125,0.59726526,256,2354944,2355199,2355187,0
2355455,426339177106125,3668125,0.61549548,256,2355200,2355455,2355236,0
2355711,426339177986666,3626459,0.60383213,256,2355456,2355711,2355690,0
2355967,426339178914250,3506750,0.57401221,256,2355712,2355967,2355755,0
2356223,426339179794916,3424667,0.58227665,256,2355968,2356223,2356062,0
2356479,426339180658916,3379000,0.59378722,256,2356224,2356479,2356332,0
2356735,426339181550291,3311709,0.61128015,256,2356480,2356735,2356591,0
2356991,426339182431083,3261042,0.62494963,256,2356736,2356991,2356835,0
2357247,426339183289416,3206250,0.59723363,256,2356992,2357247,2357044,0
2357503,426339184153208,3180958,0.58792185,256,2357248,2357503,2357302,0
2357759,426339185038958,3139958,0.61263605,256,2357504,2357759,2357590,0
2358015,426339185925125,3075208,0.61526841,256,2357760,2358015,2357875,0
2358271,426339186817958,2970042,0.57187917,256,2358016,2358271,2358258,0
2358527,426339187713000,2950500,0.63655577,256,2358272,2358527,2358520,0
2358783,426339188539458,2988000,0.69292101,256,2358528,2358783,2358558,0
2359039,426339189515958,2857708,0.59034389,256,2358784,2359039,2358883,0
2359295,426339190326625,2866083,0.62245042,256,2359040,2359295,2359046,0
2359551,426339191237541,2786584,0.59891146,256,2359296,2359551,2359472,0
2359807,426339192185666,2655084,0.59348389,256,2359552,2359807,2359762,0
2360063,426339193114583,2553917,0.59958757,256,2359808,2360063,2359897,0
2360319,426339194014750,2463625,0.60133077,256,2360064,2360319,2360289,0
2360575,426339194886291,2414667,0.59212213,256,2360320,2360575,2360573,0
2360831,426339195781958,2390250,0.63295032,256,2360576,2360831,2360666,0
2361087,426339196663291,2353500,0.60153947,256,2360832,2361087,2361002,0
2361343,426339197564583,2273333,0.58873099,256,2361088,2361343,2361211,0
2361599,426339198432791,2236542,0.64671385,256,2361344,2361599,2361544,0
2361855,426339199360166,2142209,0.6293775,256,2361600,2361855,2361653,0
2362111,426339200230958,2135333,0.63386269,256,2361856,2362111,2361875,0
2362367,426339201131458,2072333,0.63753856,256,2362112,2362367,2362260,0
2362623,426339202068625,1970125,0.61157715,256,2362368,2362623,2362614,0
2362879,426339202915750,1957458,0.63687953,256,2362624,2362879,2362655,0
2363135,426339203797500,1895166,0.64143286,256,2362880,2363135,2362978,0
2363391,426339204707875,1806083,0.57790313,256,2363136,2363391,2363300,0
2363647,426339205581875,1744083,0.61257362,256,2363392,2363647,2363429,0
2363903,426339206518208,1621208,0.60967855,256,2363648,2363903,2363686,0
2364159,426339207356875,1624166,0.64639082,256,2363904,2364159,2364021,0
2364415,426339208210500,1585458,0.61029215,256,2364160,2364415,2364207,0
2364671,426339209055375,1548000,0.62883106,256,2364416,2364671,2364431,0
2364927,426339209940166,1482709,0.56441215,256,2364672,2364927,2364810,0
2365183,426339210829250,1431041,0.60762078,256,2364928,2365183,2365012,0
2365439,426339211707125,1351708,0.61130886,256,2365184,2365439,2365189,0
2365695,426339212614916,1265792,0.57097002,256,2365440,2365695,2365478,0
2365951,426339213528500,1172250,0.58718128,256,2365696,2365951,2365933,0
2366207,426339214370625,3546333,0.61997599,256,2365952,2366207,2366045,0
2366463,426339215538250,3726125,0.60002854,256,2366208,2366463,2366212,0
2366719,426339218195583,1905042,0.63354144,256,2366464,2366719,2366553,0
2366975,426339218210125,2696250,0.61077366,256,2366720,2366975,2366792,0
2367231,426339218225750,3484208,0.5885259,256,2366976,2367231,2367159,0
2367487,426339218779625,3758916,0.60738056,256,2367232,2367487,2367316,0
2367743,426339219632208,3719042,0.61848223,256,2367488,2367743,2367567,0
2367999,426339220484125,3683458,0.6022365,256,2367744,2367999,2367968,0
2368255,426339221379041,3610875,0.61213227,256,2368000,2368255,2368026,0
2368511,426339222319125,3485458,0.59319544,256,2368256,2368511,2368469,0
2368767,426339223232125,3386791,0.59242797,256,2368512,2368767,2368764,0
2369023,426339224101541,3340667,0.58565776,256,2368768,2369023,2368869,0
2369279,426339224945041,3342000,0.6337925,256,2369024,2369279,2369185,0
2369535,426339225814416,3310959,0.62627704,256,2369280,2369535,2369375,0
2369791,426339226731333,3203750,0.57674917,256,2369536,2369791,2369699,0
2370047,426339227617041,3133625,0.61252297,256,2369792,2370047,2370042,0
2370303,426339228487958,3105417,0.59082476,256,2370048,2370303,2370232,0
2370559,426339229327583,3100417,0.63678324,256,2370304,2370559,2370318,0
2370815,426339230212125,3040916,0.60904724,256,2370560,2370815,2370774,0
2371071,426339231122833,2961458,0.60613878,256,2370816,2371071,2371059,0
2371327,426339231982958,3185917,0.60333579,256,2371072,2371327,2371168,0
2371583,426339232856875,3936541,0.61424834,256,2371328,2371583,2371517,0
2371839,426339233757166,4217875,0.59625723,256,2371584,2371839,2371789,0
2372095,426339234698625,4063875,0.60373505,256,2371840,2372095,2372002,0
2372351,426339235567583,4012125,0.61460563,256,2372096,2372351,2372272,0
2372607,426339236410875,3990916,0.66362755,256,2372352,2372607,2372543,0
2372863,426339237310458,3875625,0.59350308,256,2372608,2372863,2372806,0
2373119,426339238219500,3804833,0.62217051,256,2372864,2373119,2372917,0
2373375,426339239071416,3782917,0.61708042,256,2373120,2373375,2373174,0
2373631,426339239971291,3696750,0.64805175,256,2373376,2373631,2373382,0
2373887,426339240925041,3552834,0.62971467,256,2373632,2373887,2373773,0
2374143,426339241813291,3488042,0.6198063,256,2373888,2374143,2373982,0
2374399,426339242713000,3357583,0.58066036,256,2374144,2374399,2374261,0
2374655,426339243610833,3276833,0.62529003,256,2374400,2374655,2374439,0
2374911,426339244502208,3191083,0.62864922,256,2374656,2374911,2374749,0
2375167,426339245349875,3148041,0.62037311,256,2374912,2375167,2375030,0
2375423,426339246196791,3079834,0.5705806,256,2375168,2375423,2375385,0
2375679,426339247095500,3010291,0.63898438,256,2375424,2375679,2375524,0
2375935,426339247979875,2927000,0.60579449,256,2375680,2375935,2375865,0
2376191,426339248822791,2875834,0.59432828,256,2375936,2376191,2376156,0
2376447,426339249706083,2775292,0.56983826,256,2376192,2376447,2376319,0
2376703,426339250561208,2704625,0.57141594,256,2376448,2376703,2376495,0
2376959,426339251418500,2639916,0.5911342,256,2376704,2376959,2376923,0
2377215,426339252324541,2577750,0.63939749,256,2376960,2377215,2377044,0
2377471,426339253253208,2437708,0.63027226,256,2377216,2377471,2377374,0
2377727,426339254136708,2350083,0.58755874,256,2377472,2377727,2377610,0
2377983,426339255005875,2292416,0.62146377,256,2377728,2377983,2377982,0
2378239,426339255892291,2203875,0.60246461,256,2377984,2378239,2378132,0
2378495,426339256783000,2117833,0.59872554,256,2378240,2378495,2378429,0
2378751,426339257682375,2000750,0.59822397,256,2378496,2378751,2378555,0
2379007,426339258523041,3824042,0.60944565,256,2378752,2379007,2378879,0
2379263,426339259402750,2945750,0.61940373,256,2379008,2379263,2379121,0
2379519,426339262490750,945708,0.61862896,256,2379264,2379519,2379321,0
2379775,426339262505250,1766791,0.64121584,256,2379520,2379775,2379528,0
2380031,426339262521791,2584042,0.60850876,256,2379776,2380031,2379793,0
2380287,426339263012625,2927416,0.63755647,256,2380032,2380287,2380220,0
2380543,426339263937458,2832125,0.62428661,256,2380288,2380543,2380344,0
2380799,426339264838625,2738500,0.57821061,256,2380544,2380799,2380769,0
2381055,426339265692166,2735125,0.6298314,256,2380800,2381055,2380816,0
2381311,426339266607750,2632833,0.58800449,256,2381056,2381311,2381254,0
2381567,426339267539583,2516875,0.58821582,256,2381312,2381567,2381558,0
2381823,426339268407250,2456916,0.61040398,256,2381568,2381823,2381805,0
2382079,426339269218958,2468042,0.6066355,256,2381824,2382079,2382016,0
2382335,426339270060708,2431083,0.57035621,256,2382080,2382335,2382232,0
2382591,426339270993333,2315542,0.64955942,256,2382336,2382591,2382580,0
2382847,426339271884666,2275959,0.65932005,256,2382592,2382847,2382599,0
2383103,426339272749875,2261666,0.59602317,256,2382848,2383103,2382964,0
2383359,426339273641708,2195000,0.60274246,256,2383104,2383359,2383133,0
2383615,426339274503166,2183959,0.61212021,256,2383360,2383615,2383568,0
2383871,426339275450541,2102834,0.6686183,256,2383616,2383871,2383692,0
2384127,426339276335583,2030917,0.60951265,256,2383872,2384127,2384032,0
2384383,426339277233041,2002209,0.64193169,256,2384128,2384383,2384347,0
2384639,426339278138208,1921958,0.58499298,256,2384384,2384639,2384588,0
2384895,426339279020000,1858750,0.58175114,256,2384640,2384895,2384783,0
2385151,426339279842875,1854125,0.6016676,256,2384896,2385151,2385064,0
2385407,426339280703458,1824417,0.61858467,256,2385152,2385407,2385336,0
2385663,426339281626208,1756833,0.59030133,256,2385408,2385663,2385641,0
2385919,426339282520083,1696875,0.59487259,256,2385664,2385919,2385695,0
2386175,426339283432750,1615375,0.58325845,256,2385920,2386175,2386087,0
2386431,426339284303958,1559083,0.57110776,256,2386176,2386431,2386261,0
2386687,426339285187458,1504167,0.62981849,256,2386432,2386687,2386568,0
2386943,426339286104250,1409791,0.60212846,256,2386688,2386943,2386884,0
2387199,426339287001083,1398458,0.65859587,256,2386944,2387199,2387048,0
2387455,426339287885916,1352834,0.60433851,256,2387200,2387455,2387327,0
2387711,426339288741375,1330500,0.60328128,256,2387456,2387711,2387525,0
2387967,426339289605541,1311625,0.58603592,256,2387712,2387967,2387736,0
2388223,426339290474583,1264250,0.6051523,256,2387968,2388223,2388138,0
2388479,426339291312500,1280500,0.60298794,256,2388224,2388479,2388341,0
2388735,426339292259083,1155875,0.59905662,256,2388480,2388735,2388644,0
2388991,426339293088333,1182333,0.61451882,256,2388736,2388991,2388947,0
2389247,426339293965250,1132833,0.64303692,256,2388992,2389247,2389078,0
2389503,426339294921416,996250,0.5877867,256,2389248,2389503,2389433,0
2389759,426339295763500,1006708,0.61402743,256,2389504,2389759,2389611,0
2390015,426339296668916,957250,0.61915101,256,2389760,2390015,2389963,0
2390271,426339297502833,953042,0.57221192,256,2390016,2390271,2390226,0
2390527,426339298393208,904458,0.61467062,256,2390272,2390527,2390317,0
2390783,426339299257666,900167,0.57762067,256,2390528,2390783,2390641,0
2391039,426339300130625,861375,0.60441898,256,2390784,2391039,2390906,0
2391295,426339301048916,870000,0.61028263,256,2391040,2391295,2391281,0
2391551,426339301892708,878958,0.66421782,256,2391296,2391551,2391410,0
2391807,426339302789000,1698583,0.64918656,256,2391552,2391807,2391800,0
2392063,426339303686000,2378958,0.62763628,256,2391808,2392063,2391924,0
2392319,426339304600458,2591958,0.59030164,256,2392064,2392319,2392263,0
2392575,426339305450750,2589291,0.65669599,256,2392320,2392575,2392546,0
2392831,426339306349958,2568625,0.63442299,256,2392576,2392831,2392633,0
2393087,426339307216083,5716250,0.62120374,256,2392832,2393087,2393029,0
2393343,426339308214500,4721916,0.60691563,256,2393088,2393343,2393171,0
2393599,426339309067375,3870208,0.60772612,256,2393344,2393599,2393425,0
2393855,426339310577875,3330666,0.57819875,256,2393600,2393855,2393714,0
2394111,426339311453875,3276375,0.62012724,256,2393856,2394111,2393966,0
2394367,426339312976208,2587958,0.62712254,256,2394112,2394367,2394281,0
2394623,426339312985291,3400459,0.60192367,256,2394368,2394623,2394373,0
2394879,426339313548416,3648667,0.58488348,256,2394624,2394879,2394651,0
2395135,426339314442125,3568458,0.62206653,256,2394880,2395135,2394923,0
2395391,426339315406291,3459292,0.62414991,256,2395136,2395391,2395367,0
2395647,426339316293333,3395958,0.62464416,256,2395392,2395647,2395509,0
2395903,426339317161833,3336167,0.57558784,256,2395648,2395903,2395683,0
2396159,426339317989958,3288208,0.63017868,256,2395904,2396159,2396085,0
2396415,426339318855541,3218250,0.61242889,256,2396160,2396415,2396400,0
2396671,426339319762375,3108666,0.59227937,256,2396416,2396671,2396660,0
2396927,426339320650791,3032459,0.59442219,256,2396672,2396927,2396912,0
2397183,426339321595000,2880500,0.58007661,256,2396928,2397183,2396931,0
2397439,426339322561208,2742500,0.63925784,256,2397184,2397439,2397231,0
2397695,426339323466208,2647625,0.58870569,256,2397440,2397695,2397567,0
2397951,426339324393166,2525000,0.61103145,256,2397696,2397951,2397792,0
2398207,426339325271708,2464958,0.61090879,256,2397952,2398207,2398079,0
2398463,426339326193875,2347875,0.61692627,256,2398208,2398463,2398449,0
2398719,426339327097500,2245458,0.59929395,256,2398464,2398719,2398638,0
2398975,426339327924041,2241000,0.64087453,256,2398720,2398975,2398872,0
2399231,426339328760416,2206875,0.6315689,256,2398976,2399231,2399100,0
2399487,426339329633291,2134125,0.57421666,256,2399232,2399487,2399302,0
2399743,426339330519958,2086042,0.63829549,256,2399488,2399743,2399582,0
2399999,426339331347958,2083958,0.62853484,256,2399744,2399999,2399785,0
2400255,426339332232833,2048333,0.60530327,256,2400000,2400255,2400165,0
2400511,426339333151500,1950125,0.60754791,256,2400256,2400511,2400431,0
2400767,426339334038583,1878083,0.62263458,256,2400512,2400767,2400529,0
2401023,426339334973791,1770875,0.60779822,256,2400768,2401023,2400800,0
2401279,426339335885875,1672666,0.59317879,256,2401024,2401279,2401154,0
2401535,426339336810416,1574375,0.63330478,256,2401280,2401535,2401378,0
2401791,426339337678291,1536750,0.64410942,256,2401536,2401791,2401775,0
2402047,426339338535666,1512042,0.59444516,256,2401792,2402047,2401939,0
2402303,426339339445041,1432250,0.6023155,256,2402048,2402303,2402198,0
2402559,426339340308708,1387458,0.59879767,256,2402304,2402559,2402557,0
2402815,426339341155666,1405167,0.6397648,256,2402560,2402815,2402632,0
2403071,426339342082291,1311250,0.60877202,256,2402816,2403071,2402968,0
2403327,426339342974416,1239709,0.61318985,256,2403072,2403327,2403213,0
2403583,426339343857500,1210291,0.63772835,256,2403328,2403583,2403564,0
2403839,426339344781166,1155542,0.61225154,256,2403584,2403839,2403693,0
2404095,426339345762541,1020292,0.64164905,256,2403840,2404095,2403983,0
2404351,426339346663333,960542,0.64319282,256,2404096,2404351,2404236,0
2404607,426339347505208,933292,0.62274917,256,2404352,2404607,2404562,0
2404863,426339348374208,929333,0.63325526,256,2404608,2404863,2404770,0
2405119,426339349168791,935542,0.63732299,256,2404864,2405119,2404909,0
2405375,426339350038791,911959,0.59443301,256,2405120,2405375,2405257,0
2405631,426339350920583,843542,0.64122953,256,2405376,2405631,2405392,0
2405887,426339351831958,1510458,0.64987984,256,2405632,2405887,2405685,0
2406143,426339352727125,1481291,0.59472973,256,2405888,2406143,2405983,0
2406399,426339353620583,1463083,0.65296432,256,2406144,2406399,2406301,0
2406655,426339354538166,1390875,0.61340293,256,2406400,2406655,2406526,0
2406911,426339355434083,1340708,0.64018076,256,2406656,2406911,2406720,0
2407167,426339356389625,3983750,0.63829761,256,2406912,2407167,2407086,0
2407423,426339359818083,1402708,0.59043634,256,2407168,2407423,2407340,0
2407679,426339359832541,2259625,0.61976185,256,2407424,2407679,2407469,0
2407935,426339359846958,3129875,0.64076093,256,2407680,2407935,2407886,0
2408191,426339360377333,3472667,0.60188761,256,2407936,2408191,2408135,0
2408447,426339360840875,3872958,0.64467236,256,2408192,2408447,2408411,0
2408703,426339361784208,3805042,0.61130411,256,2408448,2408703,2408568,0
2408959,426339362662458,3816625,0.62364927,256,2408704,2408959,2408705,0
2409215,426339363600750,4147916,0.67610459,256,2408960,2409215,2409061,0
2409471,426339364414666,4240417,0.61156548,256,2409216,2409471,2409322,0
2409727,426339365285500,4221500,0.64185669,256,2409472,2409727,2409531,0
2409983,426339366155500,4185916,0.60819544,256,2409728,2409983,2409835,0
2410239,426339367031333,4158792,0.60853292,256,2409984,2410239,2410172,0
2410495,426339367995791,4092750,0.62492758,256,2410240,2410495,2410455,0
2410751,426339368803916,4121292,0.67894507,256,2410496,2410751,2410670,0
2411007,426339369696208,4075000,0.60293968,256,2410752,2411007,2410874,0
2411263,426339370555333,4092625,0.64961557,256,2411008,2411263,2411141,0
2411519,426339371483166,4005959,0.65605684,256,2411264,2411519,2411445,0
2411775,426339372415833,3920792,0.63862436,256,2411520,2411775,2411769,0
2412031,426339373243083,3945083,0.61520012,256,2411776,2412031,2411924,0
2412287,426339374065125,4048083,0.64809905,256,2412032,2412287,2412177,0
2412543,426339374952333,4000583,0.61243982,256,2412288,2412543,2412291,0
2412799,426339375825875,3974541,0.61548058,256,2412544,2412799,2412614,0
2413055,426339376690333,3953958,0.59380359,256,2412800,2413055,2413048,0
2413311,426339377580750,3920958,0.64472019,256,2413056,2413311,2413083,0
2413567,426339378492458,3872208,0.6762325,256,2413312,2413567,2413542,0
2413823,426339379380833,3822833,0.62823744,256,2413568,2413823,2413626,0
2414079,426339380259916,3781542,0.63039284,256,2413824,2414079,2413973,0
2414335,426339381142250,3745500,0.65093792,256,2414080,2414335,2414183,0
2414591,426339381957000,3764875,0.61951663,256,2414336,2414591,2414506,0
2414847,426339382867416,3697042,0.60176922,256,2414592,2414847,2414706,0
2415103,426339383708416,3667375,0.62239543,256,2414848,2415103,2415087,0
2415359,426339384647875,3569458,0.62346011,256,2415104,2415359,2415153,0
2415615,426339385482083,3592500,0.60631253,256,2415360,2415615,2415412,0
2415871,426339386296750,3640458,0.60674639,256,2415616,2415871,2415743,0
2416127,426339387172958,3590917,0.59356166,256,2415872,2416127,2416042,0
2416383,426339388057833,3539417,0.62176583,256,2416128,2416383,2416319,0
2416639,426339389000500,3485583,0.67761214,256,2416384,2416639,2416606,0
2416895,426339389867000,3438250,0.59797442,256,2416640,2416895,2416650,0
2417151,426339390833375,3306125,0.63351258,256,2416896,2417151,2416970,0
2417407,426339391682791,3316917,0.6318691,256,2417152,2417407,2417349,0
2417663,426339392599416,3232084,0.60372303,256,2417408,2417663,2417572,0
2417919,426339393502208,3158250,0.5882785,256,2417664,2417919,2417751,0
2418175,426339394330250,3158833,0.59024759,256,2417920,2418175,2418099,0
2418431,426339395236833,3085417,0.6188372,256,2418176,2418431,2418420,0
2418687,426339396086541,3073334,0.68728591,256,2418432,2418687,2418577,0
2418943,426339396991708,2995667,0.61264445,256,2418688,2418943,2418860,0
2419199,426339397853250,2981166,0.60049282,256,2418944,2419199,2419088,0
2419455,426339398741166,2911834,0.61710258,256,2419200,2419455,2419209,0
2419711,426339399652333,2829083,0.6286582,256,2419456,2419711,2419592,0
2419967,426339400542833,2793792,0.6453923,256,2419712,2419967,2419761,0
2420223,426339401501708,2690833,0.58354475,256,2419968,2420223,2420090,0
2420479,426339402337000,2712125,0.6416423,256,2420224,2420479,2420262,0
2420735,426339403227041,2667834,0.63129476,256,2420480,2420735,2420723,0
2420991,426339404060958,2645042,0.62201745,256,2420736,2420991,2420885,0
2421247,426339404977791,2530334,0.64913662,256,2420992,2421247,2421021,0
2421503,426339405806250,2580125,0.64973736,256,2421248,2421503,2421379,0
2421759,426339406703916,2509084,0.61284035,256,2421504,2421759,2421740,0
2422015,426339407536000,2505916,0.59641035,256,2421760,2422015,2422001,0
2422271,426339408431541,2457000,0.64470687,256,2422016,2422271,2422057,0
2422527,426339409261541,2474500,0.63934525,256,2422272,2422527,2422519,0
2422783,426339410165250,2435625,0.68487594,256,2422528,2422783,2422573,0
2423039,426339410996916,2442584,0.60635518,256,2422784,2423039,2422827,0
2423295,426339411958375,2352416,0.63492915,256,2423040,2423295,2423095,0
2423551,426339412843375,2311000,0.64038003,256,2423296,2423551,2423424,0
2423807,426339413710833,2262583,0.60458498,256,2423552,2423807,2423626,0
2424063,426339414604958,2181958,0.61138184,256,2423808,2424063,2423938,0
2424319,426339415498791,2102042,0.57218914,256,2424064,2424319,2424261,0
2424575,426339416363041,2060792,0.62098797,256,2424320,2424575,2424466,0
2424831,426339417238708,5106917,0.62856775,256,2424576,2424831,2424618,0
2425087,426339418177125,4205708,0.59053032,256,2424832,2425087,2424870,0
2425343,426339420889500,2292125,0.64044553,256,2425088,2425343,2425223,0
2425599,426339422169041,1866625,0.62097953,256,2425344,2425599,2425488,0
2425855,426339422190125,2681208,0.61062979,256,2425600,2425855,2425660,0
2426111,426339422199458,3514708,0.60962017,256,2425856,2426111,2426008,0
2426367,426339422636583,3932792,0.61720247,256,2426112,2426367,2426347,0
2426623,426339423532166,3864334,0.64102501,256,2426368,2426623,2426538,0
2426879,426339424407833,3816125,0.6052075,256,2426624,2426879,2426627,0
2427135,426339425355666,3688459,0.59691529,256,2426880,2427135,2427134,0
2427391,426339426241208,3679375,0.6443855,256,2427136,2427391,2427259,0
2427647,426339427124666,4408417,0.65614144,256,2427392,2427647,2427559,0
2427903,426339427983458,4737167,0.57842803,256,2427648,2427903,2427773,0
2428159,426339428884166,4729084,0.6332931,256,2427904,2428159,2428081,0
2428415,426339429802708,4647083,0.58710934,256,2428160,2428415,2428196,0
2428671,426339430656416,4637542,0.60331849,256,2428416,2428671,2428493,0
2428927,426339431575000,4554500,0.61998326,256,2428672,2428927,2428701,0
2429183,426339432464375,4534625,0.65400459,256,2428928,2429183,2429035,0
2429439,426339433259041,4570250,0.5891788,256,2429184,2429439,2429268,0
2429695,426339434164708,4546750,0.6458288,256,2429440,2429695,2429599,0
2429951,426339435049166,4509417,0.59749237,256,2429696,2429951,2429752,0
2430207,426339435952166,4455500,0.597402,256,2429952,2430207,2430061,0
2430463,426339436808375,4450083,0.66563199,256,2430208,2430463,2430416,0
2430719,426339437675875,4414458,0.61983034,256,2430464,2430719,2430526,0
2430975,426339438589291,4340959,0.61303204,256,2430720,2430975,2430869,0
2431231,426339439465083,4299167,0.60281846,256,2430976,2431231,2431136,0
2431487,426339440321083,4294500,0.59442221,256,2431232,2431487,2431299,0
2431743,426339441201458,4231000,0.59648675,256,2431488,2431743,2431707,0
2431999,426339442110875,4134041,0.59384777,256,2431744,2431999,2431879,0
2432255,426339442987541,4150459,0.65585927,256,2432000,2432255,2432050,0
2432511,426339443871000,4112083,0.63750405,256,2432256,2432511,2432395,0
2432767,426339444778083,4062750,0.65071636,256,2432512,2432767,2432698,0
2433023,426339445609291,4047709,0.59603534,256,2432768,2433023,2432882,0
2433279,426339446495791,4008917,0.61297029,256,2433024,2433279,2433178,0
2433535,426339447357750,4010875,0.62639294,256,2433280,2433535,2433314,0
2433791,426339448212958,3943708,0.61854913,256,2433536,2433791,2433631,0
2434047,426339449057791,3915042,0.6080745,256,2433792,2434047,2433995,0
2434303,426339449879708,3935500,0.63534921,256,2434048,2434303,2434202,0
2434559,426339450745708,3910750,0.61000586,256,2434304,2434559,2434365,0
2434815,426339451617666,3845834,0.59199943,256,2434560,2434815,2434650,0
2435071,426339452478708,6669750,0.62598071,256,2434816,2435071,2434911,0
2435327,426339453400125,6530500,0.62042115,256,2435072,2435327,2435310,0
2435583,426339454292666,6456459,0.6007891,256,2435328,2435583,2435384,0
2435839,426339455215458,6334792,0.60044824,256,2435584,2435839,2435687,0
2436095,426339456053000,6355541,0.62258164,256,2435840,2436095,2436031,0
2436351,426339457743166,5495459,0.61672773,256,2436096,2436351,2436177,0
2436607,426339458874708,5184458,0.63793373,256,2436352,2436607,2436484,0
2436863,426339459112500,5792291,0.65676825,256,2436608,2436863,2436807,0
2437119,426339459581125,6112791,0.59189767,256,2436864,2437119,2437104,0
2437375,426339460492166,6057125,0.65469798,256,2437120,2437375,2437363,0
2437631,426339461388083,5980208,0.63176897,256,2437376,2437631,2437523,0
2437887,426339462230833,5946458,0.61766377,256,2437632,2437887,2437852,0
2438143,426339463124250,5860458,0.59563738,256,2437888,2438143,2437928,0
2438399,426339464079291,5683084,0.59642016,256,2438144,2438399,2438174,0
2438655,426339464987291,5595417,0.66309834,256,2438400,2438655,2438535,0
2438911,426339465903291,5501875,0.61057383,256,2438656,2438911,2438830,0
2439167,426339466796000,5414708,0.59880173,256,2438912,2439167,2438927,0
2439423,426339467698500,5309791,0.60759245,256,2439168,2439423,2439191,0
2439679,426339468588500,5229666,0.65781552,256,2439424,2439679,2439424,0
2439935,426339469494666,5127417,0.63380544,256,2439680,2439935,2439704,0
2440191,426339470382250,5075500,0.60113956,256,2439936,2440191,2440093,0
2440447,426339471219000,5052666,0.62129579,256,2440192,2440447,2440357,0
2440703,426339472098000,5002708,0.62064396,256,2440448,2440703,2440657,0
2440959,426339472968166,4927375,0.60302827,256,2440704,2440959,2440880,0
2441215,426339473849125,4877583,0.60785975,256,2440960,2441215,2441179,0
2441471,426339474685250,4853041,0.61596974,256,2441216,2441471,2441397,0
2441727,426339475588500,4749791,0.57658246,256,2441472,2441727,2441494,0
2441983,426339476443000,4689916,0.62374666,256,2441728,2441983,2441951,0
2442239,426339477357500,4582750,0.6010083,256,2441984,2442239,2442117,0
2442495,426339478230875,4512333,0.58368317,256,2442240,2442495,2442310,0
2442751,426339479107958,4414542,0.58232311,256,2442496,2442751,2442585,0
2443007,426339479959750,4402583,0.6099363,256,2442752,2443007,2442804,0
2443263,426339480795125,4375875,0.60607571,256,2443008,2443263,2443247,0
2443519,426339481753291,4261250,0.61528807,256,2443264,2443519,2443281,0
2443775,426339482633125,4187500,0.60940541,256,2443520,2443775,2443775,0
2444031,426339483498041,4118542,0.65134198,256,2443776,2444031,2443862,0
2444287,426339484402875,4023875,0.62799196,256,2444032,2444287,2444136,0
2444543,426339485283291,3948209,0.64382915,256,2444288,2444543,2444454,0
2444799,426339486187041,3857459,0.61922696,256,2444544,2444799,2444668,0
2445055,426339487044750,3803250,0.59839023,256,2444800,2445055,2445031,0
2445311,426339487921166,3716334,0.62816033,256,2445056,2445311,2445159,0
2445567,426339488764875,3657041,0.64913908,256,2445312,2445567,2445529,0
2445823,426339489679000,3537666,0.59932455,256,2445568,2445823,2445820,0
2446079,426339490636333,3390000,0.58963899,256,2445824,2446079,2445982,0
2446335,426339491452291,3381209,0.65642894,256,2446080,2446335,2446328,0
2446591,426339492309791,3338959,0.61479246,256,2446336,2446591,2446554,0
2446847,426339493218083,3223875,0.58687898,256,2446592,2446847,2446724,0
2447103,426339494048833,3173292,0.5812468,256,2446848,2447103,2447029,0
2447359,426339494974708,3036958,0.60889053,256,2447104,2447359,2447192,0
2447615,426339495835833,3025625,0.6789547,256,2447360,2447615,2447564,0
2447871,426339496697375,2945458,0.63423499,256,2447616,2447871,2447770,0
2448127,426339497506750,2937833,0.62730144,256,2447872,2448127,2447963,0
2448383,426339498369250,2856333,0.57473111,256,2448128,2448383,2448260,0
2448639,426339499248041,2793542,0.64256733,256,2448384,2448639,2448558,0
2448895,426339500133416,2720667,0.62837244,256,2448640,2448895,2448738,0
2449151,426339501071041,2603959,0.5982365,256,2448896,2449151,2448934,0
2449407,426339501907000,4855041,0.60359799,256,2449152,2449407,2449210,0
2449663,426339502812000,3952416,0.59659302,256,2449408,2449663,2449648,0
2449919,426339503670166,3113000,0.58975026,256,2449664,2449919,2449840,0
2450175,426339504695791,2365292,0.61424866,256,2449920,2450175,2450051,0
2450431,426339506959958,929083,0.62930165,256,2450176,2450431,2450343,0
2450687,426339506974416,1726792,0.58270619,256,2450432,2450687,2450654,0
2450943,426339507207416,2293542,0.58112582,256,2450688,2450943,2450827,0
2451199,426339508081625,2242791,0.62488011,256,2450944,2451199,2450957,0
2451455,426339508927583,2208958,0.58236464,256,2451200,2451455,2451396,0
2451711,426339509789541,2149250,0.62010245,256,2451456,2451711,2451578,0
2451967,426339510719500,2030166,0.61091659,256,2451712,2451967,2451830,0
2452223,426339511609791,1936209,0.60658991,256,2451968,2452223,2452213,0
2452479,426339512526083,1801917,0.57312292,256,2452224,2452479,2452448,0
2452735,426339513405250,1740500,0.61519844,256,2452480,2452735,2452489,0
2452991,426339514282125,1670416,0.60823272,256,2452736,2452991,2452905,0
2453247,426339515141541,1598250,0.61129457,256,2452992,2453247,2453016,0
2453503,426339516059583,1475167,0.60562089,256,2453248,2453503,2453295,0
2453759,426339516946333,1389292,0.60377393,256,2453504,2453759,2453520,0
2454015,426339517817916,1350709,0.62713047,256,2453760,2454015,2453836,0
2454271,426339518740583,1233458,0.65692913,256,2454016,2454271,2454263,0
2454527,426339519576291,1194209,0.61805452,256,2454272,2454527,2454465,0
2454783,426339520414833,1142625,0.60662932,256,2454528,2454783,2454587,0
2455039,426339521370750,961458,0.62261602,256,2454784,2455039,2454803,0
2455295,426339522269458,857333,0.61549548,256,2455040,2455295,2455236,0
2455551,426339523125083,828625,0.59535012,256,2455296,2455551,2455536,0
2455807,426339524028041,831792,0.60383213,256,2455552,2455807,2455690,0
2456063,426339524933000,811041,0.58227665,256,2455808,2456063,2456062,0
2456319,426339525806583,790917,0.57086195,256,2456064,2456319,2456064,0
2456575,426339526707708,827458,0.59378722,256,2456320,2456575,2456332,0
2456831,426339527574666,1687875,0.62129146,256,2456576,2456831,2456802,0
2457087,426339528446875,1778583,0.62494963,256,2456832,2457087,2456835,0
2457343,426339529311291,1708125,0.58792185,256,2457088,2457343,2457302,0
2457599,426339530197500,1637791,0.61263605,256,2457344,2457599,2457590,0
2457855,426339531069708,1591208,0.59954949,256,2457600,2457855,2457720,0
2458111,426339531947833,1506375,0.61526841,256,2457856,2458111,2457875,0
2458367,426339532843416,1415292,0.61289621,256,2458112,2458367,2458324,0
2458623,426339533755875,1365166,0.69292101,256,2458368,2458623,2458558,0
2458879,426339534595666,1344042,0.59693152,256,2458624,2458879,2458667,0
2459135,426339535503166,1264792,0.62245042,256,2458880,2459135,2459046,0
2459391,426339536410166,1138375,0.58982097,256,2459136,2459391,2459381,0
2459647,426339537290333,1078250,0.59891146,256,2459392,2459647,2459472,0
2459903,426339538242208,945250,0.59958757,256,2459648,2459903,2459897,0
2460159,426339539142125,831833,0.58000046,256,2459904,2460159,2460050,0
2460415,426339540074625,837791,0.60133077,256,2460160,2460415,2460289,0
2460671,426339540900208,876292,0.63295032,256,2460416,2460671,2460666,0
2460927,426339541831333,1546458,0.59501282,256,2460672,2460927,2460790,0
2461183,426339542678791,1549292,0.60153947,256,2460928,2461183,2461002,0
2461439,426339543596208,1452833,0.59158211,256,2461184,2461439,2461373,0
2461695,426339544473208,1439375,0.64671385,256,2461440,2461695,2461544,0
2461951,426339545360750,2649583,0.63386269,256,2461696,2461951,2461875,0
2462207,426339546286000,6275583,0.63145207,256,2461952,2462207,2462172,0
2462463,426339547629708,6428875,0.63753856,256,2462208,2462463,2462260,0
2462719,426339552711791,2184459,0.63687953,256,2462464,2462719,2462655,0
2462975,426339552726291,3004875,0.60181328,256,2462720,2462975,2462774,0
2463231,426339552742000,3804000,0.64143286,256,2462976,2463231,2462978,0
2463487,426339552757958,4618167,0.61257362,256,2463232,2463487,2463429,0
2463743,426339552774416,5398167,0.60967855,256,2463488,2463743,2463686,0
2463999,426339552790708,6193625,0.59341199,256,2463744,2463999,2463831,0
2464255,426339553405333,6449458,0.64639082,256,2464000,2464255,2464021,0
2464511,426339554207416,6457209,0.62883106,256,2464256,2464511,2464431,0
2464767,426339555083291,6386792,0.56860543,256,2464512,2464767,2464630,0
2465023,426339555981333,6327208,0.60762078,256,2464768,2465023,2465012,0
2465279,426339556848166,6282209,0.61130886,256,2465024,2465279,2465189,0
2465535,426339557737666,6213584,0.5750652,256,2465280,2465535,2465347,0
2465791,426339558643875,6112625,0.58355571,256,2465536,2465791,2465754,0
2466047,426339559530291,6046959,0.61997599,256,2465792,2466047,2466045,0
2466303,426339560398875,5996000,0.60002854,256,2466048,2466303,2466212,0
2466559,426339561290833,5935458,0.63354144,256,2466304,2466559,2466553,0
2466815,426339562206416,5835042,0.61653147,256,2466560,2466815,2466699,0
2467071,426339563059791,5809292,0.56357814,256,2466816,2467071,2466908,0
2467327,426339563884791,5799750,0.60738056,256,2467072,2467327,2467316,0
2467583,426339564799041,5702500,0.61848223,256,2467328,2467583,2467567,0
2467839,426339565671083,5657125,0.5728344,256,2467584,2467839,2467799,0
2468095,426339566535666,5633334,0.61213227,256,2467840,2468095,2468026,0
2468351,426339567404000,5538458,0.59197516,256,2468096,2468351,2468185,0
2468607,426339568382250,5380208,0.59319544,256,2468352,2468607,2468469,0
2468863,426339569261916,5312167,0.59242797,256,2468608,2468863,2468764,0
2469119,426339570096250,5290500,0.59253761,256,2468864,2469119,2469107,0
2469375,426339570978416,5274084,0.6337925,256,2469120,2469375,2469185,0
2469631,426339571828333,5243750,0.60585419,256,2469376,2469631,2469377,0
2469887,426339572740791,5141625,0.59063498,256,2469632,2469887,2469883,0
2470143,426339573629916,5067417,0.61252297,256,2469888,2470143,2470042,0
2470399,426339574497583,5048167,0.63678324,256,2470144,2470399,2470318,0
2470655,426339575339958,5036250,0.61420734,256,2470400,2470655,2470414,0
2470911,426339576252333,4961208,0.60904724,256,2470656,2470911,2470774,0
2471167,426339577131375,4897458,0.60613878,256,2470912,2471167,2471059,0
2471423,426339577985291,4856000,0.60333579,256,2471168,2471423,2471168,0
2471679,426339578899625,4785541,0.61424834,256,2471424,2471679,2471517,0
2471935,426339579827958,4676625,0.59625723,256,2471680,2471935,2471789,0
2472191,426339580691208,4615417,0.61436095,256,2471936,2472191,2472096,0
2472447,426339581588625,4566000,0.63025999,256,2472192,2472447,2472376,0
2472703,426339582472708,4515167,0.66362755,256,2472448,2472703,2472543,0
2472959,426339583360916,4477542,0.62217051,256,2472704,2472959,2472917,0
2473215,426339584221708,4457625,0.61708042,256,2472960,2473215,2473174,0
2473471,426339585106875,4421750,0.64805175,256,2473216,2473471,2473382,0
2473727,426339586023291,4323209,0.60259417,256,2473472,2473727,2473615,0
2473983,426339586966000,4204125,0.62971467,256,2473728,2473983,2473773,0
2474239,426339587854708,4122250,0.61590293,256,2473984,2474239,2474003,0
2474495,426339588731083,4071458,0.62529003,256,2474240,2474495,2474439,0
2474751,426339589598083,4039542,0.62864922,256,2474496,2474751,2474749,0
2475007,426339590510583,3941042,0.59333768,256,2474752,2475007,2474937,0
2475263,426339591374375,7211791,0.62037311,256,2475008,2475263,2475030,0
2475519,426339592220333,6368208,0.61166759,256,2475264,2475519,2475516,0
2475775,426339593108833,5480917,0.63898438,256,2475520,2475775,2475524,0
2476031,426339593997458,4593292,0.60579449,256,2475776,2476031,2475865,0
2476287,426339594867000,3724750,0.59432828,256,2476032,2476287,2476156,0
2476543,426339598029250,1362250,0.57141594,256,2476288,2476543,2476495,0
2476799,426339598039708,2156125,0.58731305,256,2476544,2476799,2476756,0
2477055,426339598049750,2973375,0.63939749,256,2476800,2477055,2477044,0
2477311,426339598616833,3241125,0.62799182,256,2477056,2477311,2477062,0
2477567,426339599328583,3347875,0.63027226,256,2477312,2477567,2477374,0
2477823,426339600168875,3321583,0.58755874,256,2477568,2477823,2477610,0
2478079,426339601038791,3282875,0.62146377,256,2477824,2478079,2477982,0
2478335,426339601942250,3208666,0.60246461,256,2478080,2478335,2478132,0
2478591,426339602826250,3128583,0.59872554,256,2478336,2478591,2478429,0
2478847,426339603668041,3105875,0.59446178,256,2478592,2478847,2478809,0
2479103,426339604573250,3019083,0.61647809,256,2478848,2479103,2479082,0
2479359,426339605432666,3001000,0.61940373,256,2479104,2479359,2479121,0
2479615,426339606314166,2931292,0.64121584,256,2479360,2479615,2479528,0
2479871,426339607281083,2811500,0.60850876,256,2479616,2479871,2479793,0
2480127,426339608124875,2784458,0.59243858,256,2479872,2480127,2480049,0
2480383,426339609060791,2667167,0.63755647,256,2480128,2480383,2480220,0
2480639,426339609968916,2593917,0.61990284,256,2480384,2480639,2480394,0
2480895,426339610846166,2566875,0.6298314,256,2480640,2480895,2480816,0
2481151,426339611776583,2451792,0.5681895,256,2480896,2481151,2481068,0
2481407,426339612651416,2394417,0.58800449,256,2481152,2481407,2481254,0
2481663,426339613553458,2287667,0.58821582,256,2481408,2481663,2481558,0
2481919,426339614398666,2272917,0.61040398,256,2481664,2481919,2481805,0
2482175,426339615208208,2280250,0.6066355,256,2481920,2482175,2482016,0
2482431,426339616119083,2204500,0.57977163,256,2482176,2482431,2482353,0
2482687,426339617014416,2138667,0.65932005,256,2482432,2482687,2482599,0
2482943,426339617913125,2044791,0.594451,256,2482688,2482943,2482812,0
2483199,426339618781208,2024625,0.60274246,256,2482944,2483199,2483133,0
2483455,426339619652583,1977667,0.59988771,256,2483200,2483455,2483364,0
2483711,426339620553875,1943291,0.6686183,256,2483456,2483711,2483692,0
2483967,426339621486125,1836708,0.60820329,256,2483712,2483967,2483720,0
2484223,426339622369333,1779917,0.61662286,256,2483968,2484223,2484199,0
2484479,426339623259625,1760291,0.64193169,256,2484224,2484479,2484347,0
2484735,426339624153291,1678750,0.58499298,256,2484480,2484735,2484588,0
2484991,426339625025500,1623708,0.58960647,256,2484736,2484991,2484954,0
2485247,426339625864583,1609250,0.6016676,256,2484992,2485247,2485064,0
2485503,426339626775333,1549417,0.61858467,256,2485248,2485503,2485336,0
2485759,426339627671791,1507209,0.59487259,256,2485504,2485759,2485695,0
2486015,426339628559875,1456000,0.57453155,256,2485760,2486015,2485774,0
2486271,426339629468416,1363084,0.58325845,256,2486016,2486271,2486087,0
2486527,426339630313333,1345583,0.59289488,256,2486272,2486527,2486448,0
2486783,426339631259333,1232625,0.62981849,256,2486528,2486783,2486568,0
2487039,426339632138333,1185792,0.61250639,256,2486784,2487039,2486967,0
2487295,426339633047041,1166667,0.65859587,256,2487040,2487295,2487048,0
2487551,426339633919833,1131667,0.60433851,256,2487296,2487551,2487327,0
2487807,426339634744750,1133375,0.58603592,256,2487552,2487807,2487736,0
2488063,426339635641125,1080041,0.58117719,256,2487808,2488063,2488034,0
2488319,426339636516625,1028750,0.6051523,256,2488064,2488319,2488138,0
2488575,426339637336791,1066542,0.60298794,256,2488320,2488575,2488341,0
2488831,426339638257791,976459,0.59933504,256,2488576,2488831,2488796,0
2489087,426339639114791,939084,0.64303692,256,2488832,2489087,2489078,0
2489343,426339640026541,861375,0.62150001,256,2489088,2489343,2489100,0
2489599,426339640968833,849333,0.58952888,256,2489344,2489599,2489516,0
2489855,426339641794083,868333,0.61402743,256,2489600,2489855,2489611,0
2490111,426339642710750,873666,0.61915101,256,2489856,2490111,2489963,0
2490367,426339643549625,3337666,0.61467062,256,2490112,2490367,2490317,0
2490623,426339644439833,3373125,0.59832341,256,2490368,2490623,2490499,0
2490879,426339646978833,1660542,0.5910827,256,2490624,2490879,2490815,0
2491135,426339646998791,2469667,0.60441898,256,2490880,2491135,2490906,0
2491391,426339647616041,2683417,0.61028263,256,2491136,2491391,2491281,0
2491647,426339647976958,3171792,0.66421782,256,2491392,2491647,2491410,0
2491903,426339648806541,3160917,0.64918656,256,2491648,2491903,2491800,0
2492159,426339649725375,3047833,0.62763628,256,2491904,2492159,2491924,0
2492415,426339650627666,2947709,0.59030164,256,2492160,2492415,2492263,0
2492671,426339651503708,2946833,0.65669599,256,2492416,2492671,2492546,0
2492927,426339652394250,2874541,0.59736265,256,2492672,2492927,2492835,0
2493183,426339653278625,2795125,0.62120374,256,2492928,2493183,2493029,0
2493439,426339654195541,2699250,0.60772612,256,2493184,2493439,2493425,0
2493695,426339655107125,2618166,0.60193256,256,2493440,2493695,2493481,0
2493951,426339656032666,2491042,0.61228407,256,2493696,2493951,2493891,0
2494207,426339656926291,2415584,0.62012724,256,2493952,2494207,2493966,0
2494463,426339657796583,2385292,0.62712254,256,2494208,2494463,2494281,0
2494719,426339658695750,2288333,0.59939127,256,2494464,2494719,2494578,0
2494975,426339659583375,2218500,0.62206653,256,2494720,2494975,2494923,0
2495231,426339660489666,2150125,0.62019624,256,2494976,2495231,2495197,0
2495487,426339661443083,2022208,0.62414991,256,2495232,2495487,2495367,0
2495743,426339662331458,1962583,0.62464416,256,2495488,2495743,2495509,0
2495999,426339663174166,1906542,0.59181943,256,2495744,2495999,2495962,0
2496255,426339663996958,1871083,0.63017868,256,2496000,2496255,2496085,0
2496511,426339664902666,1771125,0.61242889,256,2496256,2496511,2496400,0
2496767,426339665823583,1636917,0.59227937,256,2496512,2496767,2496660,0
2497023,426339666715875,1557416,0.59442219,256,2496768,2497023,2496912,0
2497279,426339667653666,1422667,0.63925784,256,2497024,2497279,2497231,0
2497535,426339668613458,1277917,0.61598194,256,2497280,2497535,2497317,0
2497791,426339669523833,1163292,0.60010546,256,2497536,2497791,2497762,0
2498047,426339670401416,1094917,0.61103145,256,2497792,2498047,2497792,0
2498303,426339671312375,999083,0.61090879,256,2498048,2498303,2498079,0
2498559,426339672203750,926750,0.61692627,256,2498304,2498559,2498449,0
2498815,426339673105041,832375,0.59929395,256,2498560,2498815,2498638,0
2499071,426339673929791,834417,0.64087453,256,2498816,2499071,2498872,0
2499327,426339674773541,832959,0.6315689,256,2499072,2499327,2499100,0
2499583,426339675651958,1671875,0.63829549,256,2499328,2499583,2499582,0
2499839,426339676522500,1822541,0.62853484,256,2499584,2499839,2499785,0
2500095,426339677401625,1817083,0.60755528,256,2499840,2500095,2499992,0
2500351,426339678304916,1771875,0.60530327,256,2500096,2500351,2500165,0
2500607,426339679196416,1722792,0.62263458,256,2500352,2500607,2500529,0
2500863,426339680097500,1669166,0.60779822,256,2500608,2500863,2500800,0
2501119,426339681018250,1582125,0.60230919,256,2500864,2501119,2500956,0
2501375,426339681920708,1515208,0.59317879,256,2501120,2501375,2501154,0
2501631,426339682863666,1411459,0.63330478,256,2501376,2501631,2501378,0
2501887,426339683681791,1432417,0.64410942,256,2501632,2501887,2501775,0
2502143,426339684591291,1341667,0.59992807,256,2501888,2502143,2502083,0
2502399,426339685460541,1301292,0.6023155,256,2502144,2502399,2502198,0
2502655,426339686359125,1258791,0.6397648,256,2502400,2502655,2502632,0
2502911,426339687220208,1252583,0.63364895,256,2502656,2502911,2502719,0
2503167,426339688127458,1157042,0.60877202,256,2502912,2503167,2502968,0
2503423,426339689012375,1120916,0.62750057,256,2503168,2503423,2503340,0
2503679,426339689913958,1077542,0.63772835,256,2503424,2503679,2503564,0
2503935,426339690842791,3145167,0.61225154,256,2503680,2503935,2503693,0
2504191,426339691830250,2159541,0.64164905,256,2503936,2504191,2503983,0
2504447,426339694191166,1818042,0.64319282,256,2504192,2504447,2504236,0
2504703,426339694207166,2641917,0.62274917,256,2504448,2504703,2504562,0
2504959,426339694865000,2837583,0.63732299,256,2504704,2504959,2504909,0
2505215,426339695324708,3201250,0.574203,256,2504960,2505215,2505132,0
2505471,426339696061083,3309375,0.64122953,256,2505216,2505471,2505392,0
2505727,426339696981750,3216666,0.64987984,256,2505472,2505727,2505685,0
2505983,426339697859333,3186500,0.60605493,256,2505728,2505983,2505837,0
2506239,426339698755500,3140750,0.60210979,256,2505984,2506239,2506218,0
2506495,426339699673833,3054458,0.65296432,256,2506240,2506495,2506301,0
2506751,426339700589708,2954125,0.64018076,256,2506496,2506751,2506720,0
2507007,426339701491250,2891875,0.62623433,256,2506752,2507007,2506952,0
2507263,426339702427708,2775583,0.63829761,256,2507008,2507263,2507086,0
2507519,426339703287416,2745584,0.61976185,256,2507264,2507519,2507469,0
2507775,426339704184875,2682250,0.58714956,256,2507520,2507775,2507579,0
2508031,426339705152000,2583250,0.64076093,256,2507776,2508031,2507886,0
2508287,426339706039125,2536500,0.61442276,256,2508032,2508287,2508215,0
2508543,426339706944000,2481291,0.64467236,256,2508288,2508543,2508411,0
2508799,426339707811666,2468959,0.62364927,256,2508544,2508799,2508705,0
2509055,426339708690250,2460500,0.6551776,256,2508800,2509055,2509033,0
2509311,426339709581416,2429250,0.67610459,256,2509056,2509311,2509061,0
2509567,426339710475000,2396833,0.64185669,256,2509312,2509567,2509531,0
2509823,426339711301416,2396584,0.59322286,256,2509568,2509823,2509671,0
2510079,426339712201375,2336458,0.60819544,256,2509824,2510079,2509835,0
2510335,426339713114875,2272416,0.60853292,256,2510080,2510335,2510172,0
2510591,426339714024041,2223959,0.62492758,256,2510336,2510591,2510455,0
2510847,426339714852791,2250667,0.67894507,256,2510592,2510847,2510670,0
2511103,426339715734750,2216250,0.60293968,256,2510848,2511103,2510874,0
2511359,426339716616000,2196875,0.64961557,256,2511104,2511359,2511141,0
2511615,426339717549125,2115666,0.65605684,256,2511360,2511615,2511445,0
2511871,426339718422541,2101250,0.63862436,256,2511616,2511871,2511769,0
2512127,426339719268083,2133458,0.64265163,256,2511872,2512127,2512100,0
2512383,426339720096750,2186916,0.64809905,256,2512128,2512383,2512177,0
2512639,426339720981916,2144292,0.61548058,256,2512384,2512639,2512614,0
2512895,426339721850416,2127542,0.59944774,256,2512640,2512895,2512746,0
2513151,426339722720500,2102250,0.64472019,256,2512896,2513151,2513083,0
2513407,426339723658208,2029125,0.6103563,256,2513152,2513407,2513170,0
2513663,426339724527291,2031084,0.6762325,256,2513408,2513663,2513542,0
2513919,426339725409375,1979291,0.59521602,256,2513664,2513919,2513768,0
2514175,426339726301791,1932084,0.63039284,256,2513920,2514175,2513973,0
2514431,426339727138791,1919125,0.65093792,256,2514176,2514431,2514183,0
2514687,426339728008833,1891208,0.61951663,256,2514432,2514687,2514506,0
2514943,426339728883916,1846042,0.60176922,256,2514688,2514943,2514706,0
2515199,426339729745208,1804375,0.62346011,256,2514944,2515199,2515153,0
2515455,426339730692458,1691000,0.62318861,256,2515200,2515455,2515354,0
2515711,426339731472083,1797042,0.60593528,256,2515456,2515711,2515509,0
2515967,426339732367333,1732125,0.60674639,256,2515712,2515967,2515743,0
2516223,426339733205750,1729166,0.61005339,256,2515968,2516223,2516139,0
2516479,426339734129666,1628959,0.62176583,256,2516224,2516479,2516319,0
2516735,426339735042750,1607250,0.67761214,256,2516480,2516735,2516606,0
2516991,426339735904625,1566333,0.63351258,256,2516736,2516991,2516970,0
2517247,426339736846250,1462833,0.5999705,256,2516992,2517247,2517040,0
2517503,426339737745500,4007041,0.6318691,256,2517248,2517503,2517349,0
2517759,426339738661958,3094375,0.60372303,256,2517504,2517759,2517572,0
2518015,426339740648000,2546291,0.58486997,256,2517760,2518015,2517928,0
2518271,426339740658083,3388042,0.59024759,256,2518016,2518271,2518099,0
2518527,426339741763666,3139750,0.6188372,256,2518272,2518527,2518420,0
2518783,426339742263208,3501625,0.68728591,256,2518528,2518783,2518577,0
2519039,426339743046208,3578125,0.61264445,256,2518784,2519039,2518860,0
2519295,426339743880875,3598375,0.61710258,256,2519040,2519295,2519209,0
2519551,426339744803333,3511458,0.60008443,256,2519296,2519551,2519360,0
2519807,426339745688500,3496750,0.6453923,256,2519552,2519807,2519761,0
2520063,426339746611833,3454167,0.63490297,256,2519808,2520063,2519931,0
2520319,426339747519333,3452958,0.6416423,256,2520064,2520319,2520262,0
2520575,426339748387708,3414583,0.60697028,256,2520320,2520575,2520435,0
2520831,426339749235708,3455500,0.63129476,256,2520576,2520831,2520723,0
2521087,426339750103666,3425667,0.64913662,256,2520832,2521087,2521021,0
2521343,426339750990208,3391667,0.60271673,256,2521088,2521343,2521302,0
2521599,426339751874000,3393416,0.64973736,256,2521344,2521599,2521379,0
2521855,426339752727125,3385958,0.61284035,256,2521600,2521855,2521740,0
2522111,426339753583916,3385250,0.64470687,256,2521856,2522111,2522057,0
2522367,426339754475250,3364583,0.59847605,256,2522112,2522367,2522228,0
2522623,426339755321208,3400208,0.68487594,256,2522368,2522623,2522573,0
2522879,426339756171333,3426583,0.65457102,256,2522624,2522879,2522634,0
2523135,426339757065250,3432125,0.63492915,256,2522880,2523135,2523095,0
2523391,426339757997333,3341958,0.60867924,256,2523136,2523391,2523370,0
2523647,426339758880166,3332375,0.64038003,256,2523392,2523647,2523424,0
2523903,426339759761125,3282958,0.59896902,256,2523648,2523903,2523733,0
2524159,426339760644166,3240375,0.61138184,256,2523904,2524159,2523938,0
2524415,426339761519791,3205917,0.59470801,256,2524160,2524415,2524345,0
2524671,426339762391833,3194208,0.62856775,256,2524416,2524671,2524618,0
2524927,426339763278208,3159292,0.61344227,256,2524672,2524927,2524746,0
2525183,426339764214958,3083542,0.6257972,256,2524928,2525183,2525107,0
2525439,426339765096291,3081417,0.64044553,256,2525184,2525439,2525223,0
2525695,426339765971208,3131875,0.62097953,256,2525440,2525695,2525488,0
2525951,426339766857416,3052167,0.60027526,256,2525696,2525951,2525892,0
2526207,426339767783708,2987708,0.60962017,256,2525952,2526207,2526008,0
2526463,426339768658250,3004000,0.61720247,256,2526208,2526463,2526347,0
2526719,426339769577916,2940667,0.64102501,256,2526464,2526719,2526538,0
2526975,426339770465541,2892250,0.58298577,256,2526720,2526975,2526939,0
2527231,426339771406125,2794416,0.59691529,256,2526976,2527231,2527134,0
2527487,426339772276541,2791834,0.6443855,256,2527232,2527487,2527259,0
2527743,426339773134708,2786167,0.65614144,256,2527488,2527743,2527559,0
2527999,426339774010333,2777292,0.61236989,256,2527744,2527999,2527933,0
2528255,426339774925166,2712834,0.6332931,256,2528000,2528255,2528081,0
2528511,426339775866000,2611041,0.60331849,256,2528256,2528511,2528493,0
2528767,426339776703083,2624042,0.61998326,256,2528512,2528767,2528701,0
2529023,426339777634416,2521042,0.61927423,256,2528768,2529023,2529022,0
2529279,426339778451083,2561042,0.65400459,256,2529024,2529279,2529035,0
2529535,426339779325458,2529750,0.59429185,256,2529280,2529535,2529521,0
2529791,426339780206333,2516792,0.6458288,256,2529536,2529791,2529599,0
2530047,426339781121208,2454625,0.57496355,256,2529792,2530047,2529961,0
2530303,426339781988291,2438167,0.61188899,256,2530048,2530303,2530235,0
2530559,426339782843125,2419708,0.66563199,256,2530304,2530559,2530416,0
2530815,426339783765583,2348167,0.61237411,256,2530560,2530815,2530771,0
2531071,426339784612458,2324542,0.61303204,256,2530816,2531071,2530869,0
2531327,426339785539208,2246375,0.60281846,256,2531072,2531327,2531136,0
2531583,426339786348833,2279667,0.58536498,256,2531328,2531583,2531373,0
2531839,426339787264250,2889125,0.59648675,256,2531584,2531839,2531707,0
2532095,426339788169541,4448500,0.65585927,256,2531840,2532095,2532050,0
2532351,426339789877333,2744000,0.63461657,256,2532096,2532351,2532128,0
2532607,426339790166166,2456209,0.63750405,256,2532352,2532607,2532395,0
2532863,426339792638833,1119458,0.65071636,256,2532608,2532863,2532698,0
2533119,426339792872041,1719625,0.59603534,256,2532864,2533119,2532882,0
2533375,426339792893291,2541167,0.62639294,256,2533120,2533375,2533314,0
2533631,426339793401250,2870875,0.61854913,256,2533376,2533631,2533631,0
2533887,426339794235375,2859708,0.59182307,256,2533632,2533887,2533733,0
2534143,426339795061291,2875334,0.6080745,256,2533888,2534143,2533995,0
2534399,426339795920666,2895417,0.63534921,256,2534144,2534399,2534202,0
2534655,426339796778708,2887500,0.59496119,256,2534400,2534655,2534459,0
2534911,426339797643958,2857458,0.62598071,256,2534656,2534911,2534911,0
2535167,426339798518375,2821916,0.60876253,256,2534912,2535167,2535063,0
2535423,426339799452791,2705000,0.62042115,256,2535168,2535423,2535310,0
2535679,426339800369583,2606750,0.58537973,256,2535424,2535679,2535521,0
2535935,426339801210833,2611250,0.60120333,256,2535680,2535935,2535916,0
2536191,426339802088750,2614291,0.62258164,256,2535936,2536191,2536031,0
2536447,426339802994375,2543333,0.61138218,256,2536192,2536447,2536198,0
2536703,426339803874791,2536750,0.63793373,256,2536448,2536703,2536484,0
2536959,426339804769666,2464459,0.65676825,256,2536704,2536959,2536807,0
2537215,426339805623541,2470459,0.65068601,256,2536960,2537215,2537136,0
2537471,426339806527375,2407833,0.65469798,256,2537216,2537471,2537363,0
2537727,426339807422833,2347667,0.63176897,256,2537472,2537727,2537523,0
2537983,426339808298708,2307250,0.61766377,256,2537728,2537983,2537852,0
2538239,426339809200958,2234625,0.59642016,256,2537984,2538239,2538174,0
2538495,426339810133000,2119791,0.59249444,256,2538240,2538495,2538446,0
2538751,426339811050708,2046792,0.66309834,256,2538496,2538751,2538535,0
2539007,426339811969375,1965333,0.61057383,256,2538752,2539007,2538830,0
2539263,426339812845166,1910334,0.60759245,256,2539008,2539263,2539191,0
2539519,426339813735958,1857667,0.65781552,256,2539264,2539519,2539424,0
2539775,426339814645125,1784041,0.63992472,256,2539520,2539775,2539588,0
2540031,426339815551208,1716542,0.59752637,256,2539776,2540031,2539856,0
2540287,426339816401208,1683250,0.60113956,256,2540032,2540287,2540093,0
2540543,426339817259875,1650000,0.62129579,256,2540288,2540543,2540357,0
2540799,426339818140250,1627125,0.62064396,256,2540544,2540799,2540657,0
2541055,426339819002333,1583083,0.60302827,256,2540800,2541055,2540880,0
2541311,426339819880125,1577875,0.60785975,256,2541056,2541311,2541179,0
2541567,426339820715791,1560084,0.61596974,256,2541312,2541567,2541397,0
2541823,426339821640916,1457875,0.56519687,256,2541568,2541823,2541775,0
2542079,426339822473416,1456000,0.62374666,256,2541824,2542079,2541951,0
2542335,426339823405500,1349833,0.6010083,256,2542080,2542335,2542117,0
2542591,426339824264333,1300042,0.58232311,256,2542336,2542591,2542585,0
2542847,426339825141500,1254291,0.6099363,256,2542592,2542847,2542804,0
2543103,426339825983041,1238167,0.60861314,256,2542848,2543103,2542938,0
2543359,426339826870541,1217875,0.61528807,256,2543104,2543359,2543281,0
2543615,426339827797208,1129750,0.60228561,256,2543360,2543615,2543523,0
2543871,426339828672583,1069458,0.65134198,256,2543616,2543871,2543862,0
2544127,426339829532041,1019459,0.59085038,256,2543872,2544127,2544101,0
2544383,426339830419000,954541,0.62799196,256,2544128,2544383,2544136,0
2544639,426339831305791,903750,0.64382915,256,2544384,2544639,2544454,0
2544895,426339832229208,824167,0.61922696,256,2544640,2544895,2544668,0
2545151,426339833085625,1692750,0.59839023,256,2544896,2545151,2545031,0
2545407,426339833936333,1802750,0.62816033,256,2545152,2545407,2545159,0
2545663,426339834799166,1737667,0.64913908,256,2545408,2545663,2545529,0
2545919,426339835736416,1593334,0.59932455,256,2545664,2545919,2545820,0
2546175,426339836701041,1438209,0.60932984,256,2545920,2546175,2546129,0
2546431,426339837523000,3466000,0.65642894,256,2546176,2546431,2546328,0
2546687,426339838367250,2627708,0.61479246,256,2546432,2546687,2546554,0
2546943,426339841086625,953875,0.58687898,256,2546688,2546943,2546724,0
2547199,426339841095958,1737333,0.60889053,256,2546944,2547199,2547192,0
2547455,426339841105125,2514166,0.60937281,256,2547200,2547455,2547410,0
2547711,426339841871750,2583666,0.6789547,256,2547456,2547711,2547564,0
2547967,426339842699500,2538291,0.63423499,256,2547712,2547967,2547770,0
2548223,426339843514958,2529750,0.60328595,256,2547968,2548223,2548068,0
2548479,426339844398458,2426208,0.57515766,256,2548224,2548479,2548396,0
2548735,426339845314041,2328167,0.64256733,256,2548480,2548735,2548558,0
2548991,426339846236958,2225542,0.62837244,256,2548736,2548991,2548738,0
2549247,426339847102250,2178000,0.60359799,256,2548992,2549247,2549210,0
2549503,426339847951833,2128167,0.58793211,256,2549248,2549503,2549267,0
2549759,426339848850083,2010625,0.59659302,256,2549504,2549759,2549648,0
2550015,426339849776625,1892500,0.5994441,256,2549760,2550015,2549925,0
2550271,426339850684958,1775458,0.61424866,256,2550016,2550271,2550051,0
2550527,426339851490333,1793958,0.62930165,256,2550272,2550527,2550343,0
2550783,426339852360250,1730333,0.58270619,256,2550528,2550783,2550654,0
2551039,426339853183833,1722458,0.62488011,256,2550784,2551039,2550957,0
2551295,426339854098375,1608000,0.59512176,256,2551040,2551295,2551101,0
2551551,426339854979541,1541292,0.60048011,256,2551296,2551551,2551516,0
2551807,426339855846583,1480667,0.62010245,256,2551552,2551807,2551578,0
2552063,426339856755375,1370291,0.61091659,256,2551808,2552063,2551830,0
2552319,426339857652250,1287708,0.60658991,256,2552064,2552319,2552213,0
2552575,426339858604750,1179375,0.61519844,256,2552320,2552575,2552489,0
2552831,426339859433708,1140292,0.59425728,256,2552576,2552831,2552738,0
2553087,426339860328583,1053583,0.61129457,256,2552832,2553087,2553016,0
2553343,426339861202666,973250,0.60562089,256,2553088,2553343,2553295,0
2553599,426339862098000,867500,0.60377393,256,2553344,2553599,2553520,0
2553855,426339862971791,815417,0.62713047,256,2553600,2553855,2553836,0
2554111,426339863865583,863208,0.6093607,256,2553856,2554111,2553945,0
2554367,426339864792333,810917,0.65692913,256,2554112,2554367,2554263,0
2554623,426339865590250,809166,0.61805452,256,2554368,2554623,2554465,0
2554879,426339866496583,792125,0.62261602,256,2554624,2554879,2554803,0
2555135,426339867416125,1682375,0.58066394,256,2554880,2555135,2555121,0
2555391,426339868304750,1771416,0.61549548,256,2555136,2555391,2555236,0
2555647,426339869156041,1724584,0.59535012,256,2555392,2555647,2555536,0
2555903,426339870080375,1594541,0.60383213,256,2555648,2555903,2555690,0
2556159,426339871005375,1456500,0.58227665,256,2555904,2556159,2556062,0
2556415,426339871842250,1399708,0.59378722,256,2556160,2556415,2556332,0
2556671,426339872764083,1285750,0.61128015,256,2556416,2556671,2556591,0
2556927,426339873606125,1242291,0.62494963,256,2556672,2556927,2556835,0
2557183,426339874496375,1140666,0.59723363,256,2556928,2557183,2557044,0
2557439,426339875370291,1072959,0.58792185,256,2557184,2557439,2557302,0
2557695,426339876220791,1026834,0.61263605,256,2557440,2557695,2557590,0
2557951,426339877122458,944583,0.61526841,256,2557696,2557951,2557875,0
2558207,426339877986375,859166,0.57578576,256,2557952,2558207,2557981,0
2558463,426339878881125,861958,0.61289621,256,2558208,2558463,2558324,0
2558719,426339879766541,1513709,0.69292101,256,2558464,2558719,2558558,0
2558975,426339880689250,1657083,0.59034389,256,2558720,2558975,2558883,0
2559231,426339881518916,1644375,0.62245042,256,2558976,2559231,2559046,0
2559487,426339882417750,1558250,0.59891146,256,2559232,2559487,2559472,0
2559743,426339883357833,1405958,0.57563206,256,2559488,2559743,2559582,0
2559999,426339884287125,1292583,0.59958757,256,2559744,2559999,2559897,0
2560255,426339885202041,1158459,0.58000046,256,2560000,2560255,2560050,0
2560511,426339886083958,1074792,0.60133077,256,2560256,2560511,2560289,0
2560767,426339886967458,3422583,0.63295032,256,2560512,2560767,2560666,0
2561023,426339888012916,3495709,0.60153947,256,2560768,2561023,2561002,0
2561279,426339890463333,1861625,0.59920349,256,2561024,2561279,2561040,0
2561535,426339890477750,2647958,0.61675831,256,2561280,2561535,2561523,0
2561791,426339890547958,3415958,0.64671385,256,2561536,2561791,2561544,0
2562047,426339891432875,3380625,0.63386269,256,2561792,2562047,2561875,0
2562303,426339892310208,3316625,0.63753856,256,2562048,2562303,2562260,0
2562559,426339893224166,3198542,0.59024547,256,2562304,2562559,2562375,0
2562815,426339894138208,3114625,0.63687953,256,2562560,2562815,2562655,0
2563071,426339894991458,3066375,0.64143286,256,2562816,2563071,2562978,0
2563327,426339895875333,2969750,0.57790313,256,2563072,2563327,2563300,0
2563583,426339896805708,2837583,0.61257362,256,2563328,2563583,2563429,0
2563839,426339897699250,2738000,0.60967855,256,2563584,2563839,2563686,0
2564095,426339898539208,2706833,0.64639082,256,2563840,2564095,2564021,0
2564351,426339899411375,2651083,0.62097451,256,2564096,2564351,2564121,0
2564607,426339900235666,2616167,0.62883106,256,2564352,2564607,2564431,0
2564863,426339901122125,2531750,0.56860543,256,2564608,2564863,2564630,0
2565119,426339902031375,2417666,0.60762078,256,2564864,2565119,2565012,0
2565375,426339902901250,2350083,0.61130886,256,2565120,2565375,2565189,0
2565631,426339903791166,2251209,0.57097002,256,2565376,2565631,2565478,0
2565887,426339904703500,2127166,0.58355571,256,2565632,2565887,2565754,0
2566143,426339905573458,2058750,0.61997599,256,2565888,2566143,2566045,0
2566399,426339906413291,2031125,0.60002854,256,2566144,2566399,2566212,0
2566655,426339907320375,1928458,0.63354144,256,2566400,2566655,2566553,0
2566911,426339908255375,1784375,0.61653147,256,2566656,2566911,2566699,0
2567167,426339909080750,1741291,0.5885259,256,2566912,2567167,2567159,0
2567423,426339909960833,1664750,0.60738056,256,2567168,2567423,2567316,0
2567679,426339910790958,1620833,0.61848223,256,2567424,2567679,2567567,0
2567935,426339911672541,1542084,0.5728344,256,2567680,2567935,2567799,0
2568191,426339912556666,1451000,0.61213227,256,2567936,2568191,2568026,0
2568447,426339913489333,1300458,0.58448847,256,2568192,2568447,2568213,0
2568703,426339914403208,1188083,0.59319544,256,2568448,2568703,2568469,0
2568959,426339915322625,1064791,0.59242797,256,2568704,2568959,2568764,0
2569215,426339916126833,1081875,0.6337925,256,2568960,2569215,2569185,0
2569471,426339916994416,1039250,0.62627704,256,2569216,2569471,2569375,0
2569727,426339917918916,894292,0.57674917,256,2569472,2569727,2569699,0
2569983,426339918785208,808167,0.59063498,256,2569728,2569983,2569883,0
2570239,426339919670958,843125,0.61252297,256,2569984,2570239,2570042,0
2570495,426339920522458,828958,0.63678324,256,2570240,2570495,2570318,0
2570751,426339921394875,825041,0.59948209,256,2570496,2570751,2570710,0
2571007,426339922292041,826750,0.60904724,256,2570752,2571007,2570774,0
2571263,426339923152833,1689625,0.60613878,256,2571008,2571263,2571059,0
2571519,426339924041083,1765750,0.61424834,256,2571264,2571519,2571517,0
2571775,426339924956666,1674750,0.6132524,256,2571520,2571775,2571536,0
2572031,426339925851083,1573958,0.60373505,256,2571776,2572031,2572002,0
2572287,426339926775833,1447375,0.61460563,256,2572032,2572287,2572272,0
2572543,426339927611458,1429333,0.66362755,256,2572288,2572543,2572543,0
2572799,426339928524875,1320375,0.65393908,256,2572544,2572799,2572558,0
2573055,426339929410541,1296500,0.62217051,256,2572800,2573055,2572917,0
2573311,426339930249791,2135250,0.61708042,256,2573056,2573311,2573174,0
2573567,426339931160791,2300125,0.64805175,256,2573312,2573567,2573382,0
2573823,426339932081041,2177750,0.62971467,256,2573568,2573823,2573773,0
2574079,426339933004375,5434625,0.6198063,256,2573824,2574079,2573982,0
2574335,426339933907750,4535958,0.58066036,256,2574080,2574335,2574261,0
2574591,426339934797958,3646875,0.62529003,256,2574336,2574591,2574439,0
2574847,426339935802416,2643459,0.62864922,256,2574592,2574847,2574749,0
2575103,426339938543208,1094125,0.62037311,256,2574848,2575103,2575030,0
2575359,426339938561916,1876959,0.60885206,256,2575104,2575359,2575108,0
2575615,426339938583000,2702041,0.63898438,256,2575360,2575615,2575524,0
2575871,426339939165416,2945959,0.60914251,256,2575616,2575871,2575632,0
2576127,426339940034416,2911959,0.57826217,256,2575872,2576127,2576010,0
2576383,426339940894875,2868375,0.59432828,256,2576128,2576383,2576156,0
2576639,426339941742958,2825542,0.57141594,256,2576384,2576639,2576495,0
2576895,426339942638791,2746209,0.58731305,256,2576640,2576895,2576756,0
2577151,426339943533000,2699875,0.63939749,256,2576896,2577151,2577044,0
2577407,426339944434208,2620833,0.63027226,256,2577152,2577407,2577374,0
2577663,426339945333291,2552042,0.58755874,256,2577408,2577663,2577610,0
2577919,426339946211125,2477916,0.56916369,256,2577664,2577919,2577873,0
2578175,426339947093666,2451667,0.62146377,256,2577920,2578175,2577982,0
2578431,426339947975875,2396416,0.59872554,256,2578176,2578431,2578429,0
2578687,426339948880416,2290834,0.59822397,256,2578432,2578687,2578555,0
2578943,426339949759750,2222875,0.60944565,256,2578688,2578943,2578879,0
2579199,426339950595625,2223833,0.61940373,256,2578944,2579199,2579121,0
2579455,426339951472625,2189708,0.61862896,256,2579200,2579455,2579321,0
2579711,426339952383375,2097458,0.64121584,256,2579456,2579711,2579528,0
2579967,426339953306916,2018250,0.60850876,256,2579712,2579967,2579793,0
2580223,426339954217625,1928666,0.63755647,256,2579968,2580223,2580220,0
2580479,426339955108333,1872292,0.62428661,256,2580224,2580479,2580344,0
2580735,426339956043000,1756708,0.60332944,256,2580480,2580735,2580530,0
2580991,426339956887125,1762166,0.6298314,256,2580736,2580991,2580816,0
2581247,426339957809458,1658583,0.5681895,256,2580992,2581247,2581068,0
2581503,426339958691333,1590292,0.58800449,256,2581248,2581503,2581254,0
2581759,426339959579125,1512958,0.59206189,256,2581504,2581759,2581739,0
2582015,426339960395625,1517791,0.61040398,256,2581760,2582015,2581805,0
2582271,426339961241541,1497750,0.6066355,256,2582016,2582271,2582016,0
2582527,426339962192166,1357125,0.63854934,256,2582272,2582527,2582524,0
2582783,426339963073500,1320125,0.65932005,256,2582528,2582783,2582599,0
2583039,426339963949583,1273125,0.59602317,256,2582784,2583039,2582964,0
2583295,426339964840958,1225083,0.60274246,256,2583040,2583295,2583133,0
2583551,426339965719208,1167125,0.59988771,256,2583296,2583551,2583364,0
2583807,426339966617583,1154958,0.6686183,256,2583552,2583807,2583692,0
2584063,426339967517125,1071666,0.60951265,256,2583808,2584063,2584032,0
2584319,426339968418833,1016875,0.61662286,256,2584064,2584319,2584199,0
2584575,426339969318500,951166,0.64193169,256,2584320,2584575,2584347,0
2584831,426339970196375,905833,0.58499298,256,2584576,2584831,2584588,0
2585087,426339971059583,842208,0.6016676,256,2584832,2585087,2585064,0
2585343,426339971890875,863416,0.61858467,256,2585088,2585343,2585336,0
2585599,426339972818791,1696125,0.58407239,256,2585344,2585599,2585503,0
2585855,426339973719333,1780000,0.59487259,256,2585600,2585855,2585695,0
2586111,426339974603625,1709000,0.58325845,256,2585856,2586111,2586087,0
2586367,426339975523375,1582250,0.57110776,256,2586112,2586367,2586261,0
2586623,426339976360750,1553958,0.62981849,256,2586368,2586623,2586568,0
2586879,426339977310625,1423541,0.57930104,256,2586624,2586879,2586783,0
2587135,426339978181833,1383417,0.65859587,256,2586880,2587135,2587048,0
2587391,426339979085833,1334542,0.60778999,256,2587136,2587391,2587141,0
2587647,426339979952000,1266291,0.60328128,256,2587392,2587647,2587525,0
2587903,426339980803875,3777083,0.58603592,256,2587648,2587903,2587736,0
2588159,426339982043458,3709458,0.6051523,256,2587904,2588159,2588138,0
2588415,426339984632458,1990667,0.60298794,256,2588160,2588415,2588341,0
2588671,426339984653625,2797125,0.59905662,256,2588416,2588671,2588644,0
2588927,426339984675875,3622458,0.60905626,256,2588672,2588927,2588837,0
2589183,426339985148125,3965083,0.64303692,256,2588928,2589183,2589078,0
2589439,426339986072458,3868042,0.60143652,256,2589184,2589439,2589228,0
2589695,426339987008291,3778042,0.61402743,256,2589440,2589695,2589611,0
2589951,426339987838333,3792583,0.59535371,256,2589696,2589951,2589827,0
2590207,426339988740333,3732833,0.61915101,256,2589952,2590207,2589963,0
2590463,426339989593958,3732125,0.61467062,256,2590208,2590463,2590317,0
2590719,426339990427875,3752708,0.59832341,256,2590464,2590719,2590499,0
2590975,426339991351833,3659583,0.60441898,256,2590720,2590975,2590906,0
2591231,426339992235666,3605959,0.60027493,256,2590976,2591231,2591111,0
2591487,426339993099750,3636458,0.66421782,256,2591232,2591487,2591410,0
2591743,426339993996916,3577250,0.61290356,256,2591488,2591743,2591574,0
2591999,426339994899458,3504917,0.64918656,256,2591744,2591999,2591800,0
2592255,426339995786291,3452792,0.59092323,256,2592000,2592255,2592037,0
2592511,426339996657916,3401417,0.60081734,256,2592256,2592511,2592509,0
2592767,426339997554250,3409166,0.65669599,256,2592512,2592767,2592546,0
2593023,426339998430791,3360084,0.61424124,256,2592768,2593023,2593018,0
2593279,426339999357000,3265041,0.62120374,256,2593024,2593279,2593029,0
2593535,426340000241208,3232792,0.60772612,256,2593280,2593535,2593425,0
2593791,426340001190416,3113584,0.57819875,256,2593536,2593791,2593714,0
2594047,426340002095791,3031584,0.62012724,256,2593792,2594047,2593966,0
2594303,426340002971958,3002125,0.62712254,256,2594048,2594303,2594281,0
2594559,426340003840916,2976250,0.60192367,256,2594304,2594559,2594373,0
2594815,426340004713416,2932125,0.59939127,256,2594560,2594815,2594578,0
2595071,426340005648375,2827625,0.62206653,256,2594816,2595071,2594923,0
2595327,426340006558166,2779667,0.62019624,256,2595072,2595327,2595197,0
2595583,426340007492708,2694708,0.62464416,256,2595328,2595583,2595509,0
2595839,426340008372500,2652958,0.61700318,256,2595584,2595839,2595591,0
2596095,426340009205333,2628625,0.63017868,256,2595840,2596095,2596085,0
2596351,426340010048583,2595583,0.57751257,256,2596096,2596351,2596337,0
2596607,426340010947833,2512542,0.61242889,256,2596352,2596607,2596400,0
2596863,426340011847791,2433917,0.59227937,256,2596608,2596863,2596660,0
2597119,426340012769250,2334208,0.59442219,256,2596864,2597119,2596912,0
2597375,426340013749375,2206791,0.63925784,256,2597120,2597375,2597231,0
2597631,426340014656125,2150875,0.60842845,256,2597376,2597631,2597382,0
2597887,426340015581083,2028875,0.61103145,256,2597632,2597887,2597792,0
2598143,426340016442875,1999500,0.61090879,256,2597888,2598143,2598079,0
2598399,426340017382250,1875041,0.59589135,256,2598144,2598399,2598153,0
2598655,426340018260625,1842041,0.61692627,256,2598400,2598655,2598449,0
2598911,426340019136208,1785250,0.64087453,256,2598656,2598911,2598872,0
2599167,426340019961541,1770167,0.6315689,256,2598912,2599167,2599100,0
2599423,426340020810500,1714833,0.5872921,256,2599168,2599423,2599189,0
2599679,426340021706500,1659083,0.63829549,256,2599424,2599679,2599582,0
2599935,426340022537541,1635375,0.62853484,256,2599680,2599935,2599785,0
2600191,426340023450500,1590416,0.60755528,256,2599936,2600191,2599992,0
2600447,426340024349458,1511167,0.60754791,256,2600192,2600447,2600431,0
2600703,426340025212375,1471541,0.62263458,256,2600448,2600703,2600529,0
2600959,426340026152541,1378209,0.60779822,256,2600704,2600959,2600800,0
2601215,426340027086291,1263667,0.59317879,256,2600960,2601215,2601154,0
2601471,426340027981833,1179167,0.63330478,256,2601216,2601471,2601378,0
2601727,426340028877958,1117625,0.63263105,256,2601472,2601727,2601595,0
2601983,426340029739208,3143667,0.64410942,256,2601728,2601983,2601775,0
2602239,426340030890958,1996167,0.6023155,256,2601984,2602239,2602198,0
2602495,426340033078958,838208,0.59392582,256,2602240,2602495,2602393,0
2602751,426340033098250,1710291,0.6397648,256,2602496,2602751,2602632,0
2603007,426340033264166,2357709,0.60877202,256,2602752,2603007,2602968,0
2603263,426340034172125,2279500,0.61318985,256,2603008,2603263,2603213,0
2603519,426340035053458,2235875,0.62750057,256,2603264,2603519,2603340,0
2603775,426340035942000,2207541,0.63772835,256,2603520,2603775,2603564,0
2604031,426340036925041,2074959,0.64164905,256,2603776,2604031,2603983,0
2604287,426340037855208,1991333,0.64319282,256,2604032,2604287,2604236,0
2604543,426340038719166,1954209,0.60900428,256,2604288,2604543,2604495,0
2604799,426340039579083,1950792,0.63325526,256,2604544,2604799,2604770,0
2605055,426340040372541,1966209,0.63732299,256,2604800,2605055,2604909,0
2605311,426340041217875,1964333,0.59443301,256,2605056,2605311,2605257,0
2605567,426340042100375,1918250,0.64122953,256,2605312,2605567,2605392,0
2605823,426340043021458,1847625,0.64987984,256,2605568,2605823,2605685,0
2606079,426340043910375,1800708,0.60605493,256,2605824,2606079,2605837,0
2606335,426340044809125,1767666,0.65296432,256,2606080,2606335,2606301,0
2606591,426340045746041,1650667,0.62393145,256,2606336,2606591,2606345,0
2606847,426340046622125,1583458,0.64018076,256,2606592,2606847,2606720,0
2607103,426340047532833,1508333,0.63829761,256,2606848,2607103,2607086,0
2607359,426340048436000,1417333,0.59043634,256,2607104,2607359,2607340,0
2607615,426340049340458,4169875,0.61976185,256,2607360,2607615,2607469,0
2607871,426340050398500,3977666,0.63563742,256,2607616,2607871,2607860,0
2608127,426340051165041,4099167,0.64076093,256,2607872,2608127,2607886,0
2608383,426340052063583,4063833,0.61740189,256,2608128,2608383,2608349,0
2608639,426340053055375,3958083,0.64467236,256,2608384,2608639,2608411,0
2608895,426340053848750,4036916,0.62364927,256,2608640,2608895,2608705,0
2609151,426340054751458,4040292,0.67610459,256,2608896,2609151,2609061,0
2609407,426340055603416,4057292,0.61156548,256,2609152,2609407,2609322,0
2609663,426340056487625,4059541,0.64185669,256,2609408,2609663,2609531,0
2609919,426340057362375,4047583,0.60819544,256,2609664,2609919,2609835,0
2610175,426340058212333,4026125,0.60853292,256,2609920,2610175,2610172,0
2610431,426340059178166,3919250,0.60584482,256,2610176,2610431,2610302,0
2610687,426340060002208,3972458,0.67894507,256,2610432,2610687,2610670,0
2610943,426340060874458,3944833,0.60293968,256,2610688,2610943,2610874,0
2611199,426340061768291,3922167,0.64961557,256,2610944,2611199,2611141,0
2611455,426340062705125,3829375,0.65605684,256,2611200,2611455,2611445,0
2611711,426340063593750,3769125,0.60291165,256,2611456,2611711,2611683,0
2611967,426340064451791,3774875,0.63862436,256,2611712,2611967,2611769,0
2612223,426340065275458,3846708,0.64809905,256,2611968,2612223,2612177,0
2612479,426340066131500,3838125,0.63287607,256,2612224,2612479,2612234,0
2612735,426340067023583,3794042,0.61548058,256,2612480,2612735,2612614,0
2612991,426340067882041,3774709,0.59944774,256,2612736,2612991,2612746,0
2613247,426340068773541,3744584,0.64472019,256,2612992,2613247,2613083,0
2613503,426340069663250,3698958,0.60813703,256,2613248,2613503,2613493,0
2613759,426340070559291,3665834,0.6762325,256,2613504,2613759,2613542,0
2614015,426340071428208,6742542,0.63039284,256,2613760,2614015,2613973,0
2614271,426340072324083,5850333,0.65093792,256,2614016,2614271,2614183,0
2614527,426340073156041,5019459,0.61951663,256,2614272,2614527,2614506,0
2614783,426340074066666,4110042,0.60176922,256,2614528,2614783,2614706,0
2615039,426340078159083,1173208,0.58877187,256,2614784,2615039,2614929,0
2615295,426340078168333,1999958,0.62346011,256,2615040,2615295,2615153,0
2615551,426340078177500,2844791,0.62318861,256,2615296,2615551,2615354,0
2615807,426340078186625,3707708,0.60674639,256,2615552,2615807,2615743,0
2616063,426340078418791,4298417,0.59356166,256,2615808,2616063,2616042,0
2616319,426340079236000,4322875,0.62176583,256,2616064,2616319,2616319,0
2616575,426340080191666,4223084,0.66912341,256,2616320,2616575,2616566,0
2616831,426340081070416,4243875,0.67761214,256,2616576,2616831,2616606,0
2617087,426340081990791,4230250,0.63351258,256,2616832,2617087,2616970,0
2617343,426340082892583,4152542,0.63162866,256,2617088,2617343,2617340,0
2617599,426340083807541,4103542,0.6318691,256,2617344,2617599,2617349,0
2617855,426340084703750,4033250,0.5882785,256,2617600,2617855,2617751,0
2618111,426340085540291,4023000,0.59024759,256,2617856,2618111,2618099,0
2618367,426340086410750,3966375,0.58801015,256,2618112,2618367,2618238,0
2618623,426340087302166,3942709,0.68728591,256,2618368,2618623,2618577,0
2618879,426340088184041,3880209,0.61867574,256,2618624,2618879,2618642,0
2619135,426340089056958,3841708,0.60049282,256,2618880,2619135,2619088,0
2619391,426340089925333,3796417,0.61710258,256,2619136,2619391,2619209,0
2619647,426340090860375,3704333,0.6286582,256,2619392,2619647,2619592,0
2619903,426340091726416,3678584,0.6453923,256,2619648,2619903,2619761,0
2620159,426340092658708,3613333,0.63490297,256,2619904,2620159,2619931,0
2620415,426340093565375,3566791,0.6416423,256,2620160,2620415,2620262,0
2620671,426340094410541,3558709,0.62430912,256,2620416,2620671,2620661,0
2620927,426340095261333,3553333,0.63129476,256,2620672,2620927,2620723,0
2621183,426340096154166,3461542,0.64913662,256,2620928,2621183,2621021,0
2621439,426340097006083,3481917,0.64973736,256,2621184,2621439,2621379,0
2621695,426340097912541,3407667,0.57956331,256,2621440,2621695,2621660,0
2621951,426340098739333,3402625,0.61284035,256,2621696,2621951,2621740,0
2622207,426340099603500,3385083,0.64470687,256,2621952,2622207,2622057,0
2622463,426340100486916,3333334,0.63684892,256,2622208,2622463,2622434,0
2622719,426340101351125,3360541,0.68487594,256,2622464,2622719,2622573,0
2622975,426340102207666,3340125,0.60635518,256,2622720,2622975,2622827,0
2623231,426340103137750,3284083,0.63492915,256,2622976,2623231,2623095,0
2623487,426340104049958,3211208,0.64038003,256,2623232,2623487,2623424,0
2623743,426340104917416,3170709,0.60458498,256,2623488,2623743,2623626,0
2623999,426340105811958,3100833,0.61138184,256,2623744,2623999,2623938,0
2624255,426340106675416,3043584,0.59090211,256,2624000,2624255,2624005,0
2624511,426340107527958,3016417,0.62098797,256,2624256,2624511,2624466,0
2624767,426340108423333,2965542,0.62856775,256,2624512,2624767,2624618,0
2625023,426340109344666,2857750,0.59053032,256,2624768,2625023,2624870,0
2625279,426340110259666,2806625,0.64044553,256,2625024,2625279,2625223,0
2625535,426340111115875,2792625,0.62097953,256,2625280,2625535,2625488,0
2625791,426340111989208,2768083,0.61062979,256,2625536,2625791,2625660,0
2626047,426340112919583,2675083,0.60962017,256,2625792,2626047,2626008,0
2626303,426340113822875,2610375,0.60518556,256,2626048,2626303,2626289,0
2626559,426340114700041,2576459,0.64102501,256,2626304,2626559,2626538,0
2626815,426340115583125,2516125,0.62939463,256,2626560,2626815,2626623,0
2627071,426340116525375,2412583,0.58867688,256,2626816,2627071,2627041,0
2627327,426340117437500,2318041,0.6443855,256,2627072,2627327,2627259,0
2627583,426340118348416,2259167,0.65614144,256,2627328,2627583,2627559,0
2627839,426340119171833,2264792,0.62423057,256,2627584,2627839,2627588,0
2628095,426340120073791,2222000,0.6332931,256,2627840,2628095,2628081,0
2628351,426340120960375,2143750,0.58710934,256,2628096,2628351,2628196,0
2628607,426340121867125,2065250,0.60331849,256,2628352,2628607,2628493,0
2628863,426340122776625,1960000,0.61998326,256,2628608,2628863,2628701,0
2629119,426340123680000,1876458,0.65400459,256,2628864,2629119,2629035,0
2629375,426340124478458,4678542,0.6237523,256,2629120,2629375,2629134,0
2629631,426340125369041,3791375,0.6458288,256,2629376,2629631,2629599,0
2629887,426340126831333,2330208,0.59749237,256,2629632,2629887,2629752,0
2630143,426340129178000,1349291,0.597402,256,2629888,2630143,2630061,0
2630399,426340129193041,2166542,0.61188899,256,2630144,2630399,2630235,0
2630655,426340129207750,3000750,0.66563199,256,2630400,2630655,2630416,0
2630911,426340129779125,3266208,0.61303204,256,2630656,2630911,2630869,0
2631167,426340130694125,3178333,0.60281846,256,2630912,2631167,2631136,0
2631423,426340131527583,3202417,0.59442221,256,2631168,2631423,2631299,0
2631679,426340132381833,3151958,0.57155643,256,2631424,2631679,2631591,0
2631935,426340133289958,3066292,0.59648675,256,2631680,2631935,2631707,0
2632191,426340134208333,3027125,0.65585927,256,2631936,2632191,2632050,0
2632447,426340135031791,3061292,0.63750405,256,2632192,2632447,2632395,0
2632703,426340135958625,2968041,0.65071636,256,2632448,2632703,2632698,0
2632959,426340136803166,2971667,0.63831303,256,2632704,2632959,2632704,0
2633215,426340137690125,2927833,0.61297029,256,2632960,2633215,2633178,0
2633471,426340138524708,2936208,0.62639294,256,2633216,2633471,2633314,0
2633727,426340139425375,2870125,0.61854913,256,2633472,2633727,2633631,0
2633983,426340140250083,2873250,0.59637254,256,2633728,2633983,2633899,0
2634239,426340141086833,2894667,0.63534921,256,2633984,2634239,2634202,0
2634495,426340141939541,2917000,0.61000586,256,2634240,2634495,2634365,0
2634751,426340142799458,2899708,0.59199943,256,2634496,2634751,2634650,0
2635007,426340143689375,2841125,0.62598071,256,2634752,2635007,2634911,0
2635263,426340144585083,2777750,0.60876253,256,2635008,2635263,2635063,0
2635519,426340145480875,2696208,0.62042115,256,2635264,2635519,2635310,0
2635775,426340146396041,2594417,0.60044824,256,2635520,2635775,2635687,0
2636031,426340147256916,2599292,0.62258164,256,2635776,2636031,2636031,0
2636287,426340148155125,2562875,0.61672773,256,2636032,2636287,2636177,0
2636543,426340149035125,2497958,0.63793373,256,2636288,2636543,2636484,0
2636799,426340149912375,2467333,0.63242657,256,2636544,2636799,2636650,0
2637055,426340150774750,2404916,0.65676825,256,2636800,2637055,2636807,0
2637311,426340151681500,2338000,0.65068601,256,2637056,2637311,2637136,0
2637567,426340152587375,2257041,0.65469798,256,2637312,2637567,2637363,0
2637823,426340153427416,2225000,0.60124857,256,2637568,2637823,2637715,0
2638079,426340154345666,2115875,0.61766377,256,2637824,2638079,2637852,0
2638335,426340155264208,2002542,0.59642016,256,2638080,2638335,2638174,0
2638591,426340156161250,1924916,0.66309834,256,2638336,2638591,2638535,0
2638847,426340157088625,1825750,0.61057383,256,2638592,2638847,2638830,0
2639103,426340158007875,1751416,0.59880173,256,2638848,2639103,2638927,0
2639359,426340158891208,1679333,0.60759245,256,2639104,2639359,2639191,0
2639615,426340159789958,1591208,0.65781552,256,2639360,2639615,2639424,0
2639871,426340160694416,1486417,0.63380544,256,2639616,2639871,2639704,0
2640127,426340161579791,1400875,0.60113956,256,2639872,2640127,2640093,0
2640383,426340162440666,1350500,0.62129579,256,2640128,2640383,2640357,0
2640639,426340163307125,1318958,0.58529765,256,2640384,2640639,2640639,0
2640895,426340164170666,1269084,0.62064396,256,2640640,2640895,2640657,0
2641151,426340165029541,1213542,0.59992003,256,2640896,2641151,2641119,0
2641407,426340165894875,1186708,0.61596974,256,2641152,2641407,2641397,0
2641663,426340166772541,1102292,0.57658246,256,2641408,2641663,2641494,0
2641919,426340167663416,1149709,0.56519687,256,2641664,2641919,2641775,0
2642175,426340168539333,1406750,0.62374666,256,2641920,2642175,2641951,0
2642431,426340169443041,1324834,0.58368317,256,2642176,2642431,2642310,0
2642687,426340170307958,1268667,0.58232311,256,2642432,2642687,2642585,0
2642943,426340171186166,1249375,0.6099363,256,2642688,2642943,2642804,0
2643199,426340172008750,1235250,0.58881237,256,2642944,2643199,2643112,0
2643455,426340172940500,1171500,0.61528807,256,2643200,2643455,2643281,0
2643711,426340173815833,1134458,0.60228561,256,2643456,2643711,2643523,0
2643967,426340174691750,3959041,0.65134198,256,2643712,2643967,2643862,0
2644223,426340175569000,3086791,0.62799196,256,2643968,2644223,2644136,0
2644479,426340178713500,877125,0.64382915,256,2644224,2644479,2644454,0
2644735,426340178723833,1701458,0.61922696,256,2644480,2644735,2644668,0
2644991,426340178734166,2502792,0.60329803,256,2644736,2644991,2644799,0
2645247,426340179106000,2952500,0.62816033,256,2644992,2645247,2645159,0
2645503,426340179959541,2903750,0.57488227,256,2645248,2645503,2645390,0
2645759,426340180836625,2846583,0.64913908,256,2645504,2645759,2645529,0
2646015,426340181833541,2663459,0.59932455,256,2645760,2646015,2645820,0
2646271,426340182690583,2643583,0.61677297,256,2646016,2646271,2646227,0
2646527,426340183540333,2627167,0.65642894,256,2646272,2646527,2646328,0
2646783,426340184413333,2572542,0.61479246,256,2646528,2646783,2646554,0
2647039,426340185253291,2551792,0.5812468,256,2646784,2647039,2647029,0
2647295,426340186155208,2471708,0.60889053,256,2647040,2647295,2647192,0
2647551,426340187011625,2448291,0.63722307,256,2647296,2647551,2647528,0
2647807,426340187902625,2395166,0.6789547,256,2647552,2647807,2647564,0
2648063,426340188722875,2388208,0.62730144,256,2647808,2648063,2647963,0
2648319,426340189556583,2383917,0.60328595,256,2648064,2648319,2648068,0
2648575,426340190444250,2297250,0.64256733,256,2648320,2648575,2648558,0
2648831,426340191322500,2254458,0.62837244,256,2648576,2648831,2648738,0
2649087,426340192260458,2172750,0.60233607,256,2648832,2649087,2648842,0
2649343,426340193090875,2168750,0.60359799,256,2649088,2649343,2649210,0
2649599,426340193990333,2076417,0.56453933,256,2649344,2649599,2649549,0
2649855,426340194860250,2008916,0.59659302,256,2649600,2649855,2649648,0
2650111,426340195819500,1885375,0.61424866,256,2649856,2650111,2650051,0
2650367,426340196687583,1845083,0.62930165,256,2650112,2650367,2650343,0
2650623,426340197499166,1861209,0.57240215,256,2650368,2650623,2650581,0
2650879,426340198361708,1826375,0.58270619,256,2650624,2650879,2650654,0
2651135,426340199269750,1759916,0.62488011,256,2650880,2651135,2650957,0
2651391,426340200136833,1713083,0.57593519,256,2651136,2651391,2651231,0
2651647,426340201002583,1674625,0.62010245,256,2651392,2651647,2651578,0
2651903,426340201881958,1625458,0.61091659,256,2651648,2651903,2651830,0
2652159,426340202804958,1533375,0.59584126,256,2651904,2652159,2652094,0
2652415,426340203725750,1427791,0.60658991,256,2652160,2652415,2652213,0
2652671,426340204635791,1339375,0.61519844,256,2652416,2652671,2652489,0
2652927,426340205490000,1323250,0.60823272,256,2652672,2652927,2652905,0
2653183,426340206343541,1264709,0.61129457,256,2652928,2653183,2653016,0
2653439,426340207263375,1170041,0.60562089,256,2653184,2653439,2653295,0
2653695,426340208122791,1121834,0.60377393,256,2653440,2653695,2653520,0
2653951,426340208994916,1103167,0.62713047,256,2653696,2653951,2653836,0
2654207,426340209945125,991458,0.61624675,256,2653952,2654207,2654195,0
2654463,426340210802166,947625,0.65692913,256,2654208,2654463,2654263,0
2654719,426340211612833,941208,0.61805452,256,2654464,2654719,2654465,0
2654975,426340212541416,1685500,0.62261602,256,2654720,2654975,2654803,0
2655231,426340213467916,1748584,0.59726526,256,2654976,2655231,2655187,0
2655487,426340214302083,1732750,0.61549548,256,2655232,2655487,2655236,0
2655743,426340215233833,1623792,0.60383213,256,2655488,2655743,2655690,0
2655999,426340216121541,1546500,0.57401221,256,2655744,2655999,2655755,0
2656255,426340217023875,1438500,0.58227665,256,2656000,2656255,2656062,0
2656511,426340217902333,1382250,0.59378722,256,2656256,2656511,2656332,0
2656767,426340218770375,1340416,0.61128015,256,2656512,2656767,2656591,0
2657023,426340219658875,1280458,0.62494963,256,2656768,2657023,2656835,0
2657279,426340220522958,1224667,0.59723363,256,2657024,2657279,2657044,0
2657535,426340221387958,3111500,0.58792185,256,2657280,2657535,2657302,0
2657791,426340222594250,3394666,0.61263605,256,2657536,2657791,2657590,0
2658047,426340224618666,2166500,0.61526841,256,2657792,2658047,2657875,0
2658303,426340224633125,2939000,0.60018103,256,2658048,2658303,2658300,0
2658559,426340225179875,3226416,0.69292101,256,2658304,2658559,2658558,0
2658815,426340225794625,3469000,0.64495132,256,2658560,2658815,2658566,0
2659071,426340226720666,3374334,0.62245042,256,2658816,2659071,2659046,0
2659327,426340227550291,3331584,0.59416998,256,2659072,2659327,2659117,0
2659583,426340228456791,3240459,0.59891146,256,2659328,2659583,2659472,0
2659839,426340229406666,3089084,0.59348389,256,2659584,2659839,2659762,0
2660095,426340230334833,2975375,0.59958757,256,2659840,2660095,2659897,0
2660351,426340231267791,2813709,0.60133077,256,2660096,2660351,2660289,0
2660607,426340232085708,2819917,0.60591531,256,2660352,2660607,2660582,0
2660863,426340233016458,2722958,0.63295032,256,2660608,2660863,2660666,0
2661119,426340233895541,2647375,0.60153947,256,2660864,2661119,2661002,0
2661375,426340234788750,2581833,0.59158211,256,2661120,2661375,2661373,0
2661631,426340235667000,2527125,0.64671385,256,2661376,2661631,2661544,0
2661887,426340236585666,2416000,0.63386269,256,2661632,2661887,2661875,0
2662143,426340237458208,2372875,0.62934687,256,2661888,2662143,2661943,0
2662399,426340238377791,2288375,0.63753856,256,2662144,2662399,2662260,0
2662655,426340239277583,2202500,0.63687953,256,2662400,2662655,2662655,0
2662911,426340240128375,2172875,0.60181328,256,2662656,2662911,2662774,0
2663167,426340241023791,2072584,0.64143286,256,2662912,2663167,2662978,0
2663423,426340241927500,1960541,0.59617283,256,2663168,2663423,2663399,0
2663679,426340242828541,1850542,0.61257362,256,2663424,2663679,2663429,0
2663935,426340243752041,1731625,0.60967855,256,2663680,2663935,2663686,0
2664191,426340244584708,1725042,0.64639082,256,2663936,2664191,2664021,0
2664447,426340245436208,1683833,0.62883106,256,2664192,2664447,2664431,0
2664703,426340246257250,1641583,0.56860543,256,2664448,2664703,2664630,0
2664959,426340247188541,1501917,0.56441215,256,2664704,2664959,2664810,0
2665215,426340248052041,1461625,0.61130886,256,2664960,2665215,2665189,0
2665471,426340248932458,1371042,0.5750652,256,2665216,2665471,2665347,0
2665727,426340249848291,1261500,0.57097002,256,2665472,2665727,2665478,0
2665983,426340250722833,1185333,0.58718128,256,2665728,2665983,2665933,0
2666239,426340251621666,1405000,0.61997599,256,2665984,2666239,2666045,0
2666495,426340252492250,1327833,0.59411462,256,2666240,2666495,2666458,0
2666751,426340253394708,1239417,0.63354144,256,2666496,2666751,2666553,0
2667007,426340254278958,1139875,0.61077366,256,2666752,2667007,2666792,0
2667263,426340255113291,1088792,0.59877957,256,2667008,2667263,2667263,0
2667519,426340255992041,1007209,0.60738056,256,2667264,2667519,2667316,0
2667775,426340256867708,926208,0.61848223,256,2667520,2667775,2667567,0
2668031,426340257712666,872834,0.61213227,256,2667776,2668031,2668026,0
2668287,426340258599125,816208,0.59928712,256,2668032,2668287,2668032,0
2668543,426340259550833,824333,0.59319544,256,2668288,2668543,2668469,0
2668799,426340260447750,802500,0.59242797,256,2668544,2668799,2668764,0
2669055,426340261323500,817791,0.58565776,256,2668800,2669055,2668869,0
2669311,426340262170958,839875,0.6337925,256,2669056,2669311,2669185,0
2669567,426340263034458,861208,0.62627704,256,2669312,2669567,2669375,0
2669823,426340263942333,1714083,0.58328891,256,2669568,2669823,2669794,0
2670079,426340264836750,1785708,0.61252297,256,2669824,2670079,2670042,0
2670335,426340265696833,4271000,0.63678324,256,2670080,2670335,2670318,0
2670591,426340266533083,3438792,0.61420734,256,2670336,2670591,2670414,0
2670847,426340268273375,3325041,0.60904724,256,2670592,2670847,2670774,0
2671103,426340269995958,2427000,0.60613878,256,2670848,2671103,2671059,0
2671359,426340270015750,3210166,0.60333579,256,2671104,2671359,2671168,0
2671615,426340270120625,3957291,0.61424834,256,2671360,2671615,2671517,0
2671871,426340271202458,3709833,0.59625723,256,2671616,2671871,2671789,0
2672127,426340271904000,3806791,0.61436095,256,2671872,2672127,2672096,0
2672383,426340272786333,3770667,0.63025999,256,2672128,2672383,2672376,0
2672639,426340273647125,3755875,0.66362755,256,2672384,2672639,2672543,0
2672895,426340274592875,3623541,0.59566289,256,2672640,2672895,2672887,0
2673151,426340275437958,3629167,0.62217051,256,2672896,2673151,2672917,0
2673407,426340276296958,3626167,0.64805175,256,2673152,2673407,2673382,0
2673663,426340277202708,3542458,0.60259417,256,2673408,2673663,2673615,0
2673919,426340278151458,3417292,0.62971467,256,2673664,2673919,2673773,0
2674175,426340279043625,3366291,0.6198063,256,2673920,2674175,2673982,0
2674431,426340279947500,3260666,0.59285803,256,2674176,2674431,2674411,0
2674687,426340280831125,3221541,0.62529003,256,2674432,2674687,2674439,0
2674943,426340281720791,3146542,0.62864922,256,2674688,2674943,2674749,0
2675199,426340282577625,3123208,0.62037311,256,2674944,2675199,2675030,0
2675455,426340283415625,3087208,0.5705806,256,2675200,2675455,2675385,0
2675711,426340284323125,3037208,0.63898438,256,2675456,2675711,2675524,0
2675967,426340285176458,2999583,0.60579449,256,2675712,2675967,2675865,0
2676223,426340286047208,2941625,0.59432828,256,2675968,2676223,2676156,0
2676479,426340286944583,2854375,0.56983826,256,2676224,2676479,2676319,0
2676735,426340287806625,2808416,0.57141594,256,2676480,2676735,2676495,0
2676991,426340288652541,2793875,0.59258233,256,2676736,2676991,2676966,0
2677247,426340289544958,2738750,0.63939749,256,2676992,2677247,2677044,0
2677503,426340290462125,2647000,0.63027226,256,2677248,2677503,2677374,0
2677759,426340291381291,2540292,0.58755874,256,2677504,2677759,2677610,0
2678015,426340292239041,2511959,0.62146377,256,2677760,2678015,2677982,0
2678271,426340293132916,2448125,0.60246461,256,2678016,2678271,2678132,0
2678527,426340294014791,2377792,0.59872554,256,2678272,2678527,2678429,0
2678783,426340294916166,2278500,0.59822397,256,2678528,2678783,2678555,0
2679039,426340295746083,2265583,0.60944565,256,2678784,2679039,2678879,0
2679295,426340296635541,2224417,0.61940373,256,2679040,2679295,2679121,0
2679551,426340297509958,2177042,0.64121584,256,2679296,2679551,2679528,0
2679807,426340298456083,2075958,0.63227465,256,2679552,2679807,2679572,0
2680063,426340299339583,2006042,0.59243858,256,2679808,2680063,2680049,0
2680319,426340300227000,1953041,0.63755647,256,2680064,2680319,2680220,0
2680575,426340301185625,1825750,0.62428661,256,2680320,2680575,2680344,0
2680831,426340302065125,1778375,0.6298314,256,2680576,2680831,2680816,0
2681087,426340302936791,1736167,0.59429438,256,2680832,2681087,2680834,0
2681343,426340303840958,1655875,0.58800449,256,2681088,2681343,2681254,0
2681599,426340304747875,1562916,0.58821582,256,2681344,2681599,2681558,0
2681855,426340305626208,1499375,0.61040398,256,2681600,2681855,2681805,0
2682111,426340306410166,1536500,0.6066355,256,2681856,2682111,2682016,0
2682367,426340307284291,1470750,0.57977163,256,2682112,2682367,2682353,0
2682623,426340308217666,1375084,0.65932005,256,2682368,2682623,2682599,0
2682879,426340309120958,1302875,0.64431338,256,2682624,2682879,2682638,0
2683135,426340309966625,1301208,0.60274246,256,2682880,2683135,2683133,0
2683391,426340310862750,1235041,0.59988771,256,2683136,2683391,2683364,0
2683647,426340311757166,1187417,0.61212021,256,2683392,2683647,2683568,0
2683903,426340312664208,1133667,0.6686183,256,2683648,2683903,2683692,0
2684159,426340313556458,1059917,0.60951265,256,2683904,2684159,2684032,0
2684415,426340314452041,1034167,0.64193169,256,2684160,2684415,2684347,0
2684671,426340315345125,967250,0.58499298,256,2684416,2684671,2684588,0
2684927,426340316227416,916167,0.58175114,256,2684672,2684927,2684783,0
2685183,426340317073916,3575084,0.6016676,256,2684928,2685183,2685064,0
2685439,426340317977708,3788708,0.61858467,256,2685184,2685439,2685336,0
2685695,426340320697416,1895959,0.59487259,256,2685440,2685695,2685695,0
2685951,426340320711916,2707042,0.57453155,256,2685696,2685951,2685774,0
2686207,426340320726333,3493708,0.58325845,256,2685952,2686207,2686087,0
2686463,426340321522833,3487417,0.59289488,256,2686208,2686463,2686448,0
2686719,426340322435416,3427959,0.62981849,256,2686464,2686719,2686568,0
2686975,426340323351291,3341417,0.61250639,256,2686720,2686975,2686967,0
2687231,426340324228875,3319291,0.65859587,256,2686976,2687231,2687048,0
2687487,426340325099625,3264333,0.60433851,256,2687232,2687487,2687327,0
2687743,426340325964041,3196500,0.60328128,256,2687488,2687743,2687525,0
2687999,426340326829333,3157958,0.57827709,256,2687744,2687999,2687900,0
2688255,426340327706458,3085500,0.6051523,256,2688000,2688255,2688138,0
2688511,426340328552583,3070167,0.60298794,256,2688256,2688511,2688341,0
2688767,426340329457958,2961917,0.59905662,256,2688512,2688767,2688644,0
2689023,426340330322500,2938583,0.63687034,256,2688768,2689023,2689020,0
2689279,426340331194083,2874292,0.64303692,256,2689024,2689279,2689078,0
2689535,426340332162041,2717000,0.58952888,256,2689280,2689535,2689516,0
2689791,426340333004000,2703708,0.61402743,256,2689536,2689791,2689611,0
2690047,426340333897916,2645792,0.61915101,256,2689792,2690047,2689963,0
2690303,426340334760833,2580625,0.59337317,256,2690048,2690303,2690301,0
2690559,426340335635583,2544125,0.61467062,256,2690304,2690559,2690317,0
2690815,426340336495416,2512959,0.5910827,256,2690560,2690815,2690815,0
2691071,426340337354666,2479792,0.60441898,256,2690816,2691071,2690906,0
2691327,426340338290875,2365458,0.61028263,256,2691072,2691327,2691281,0
2691583,426340339128125,2371416,0.66421782,256,2691328,2691583,2691410,0
2691839,426340340006458,2313583,0.64918656,256,2691584,2691839,2691800,0
2692095,426340340917125,2207416,0.62763628,256,2691840,2692095,2691924,0
2692351,426340341829875,2121666,0.59030164,256,2692096,2692351,2692263,0
2692607,426340342682541,2095625,0.65669599,256,2692352,2692607,2692546,0
2692863,426340343596333,2024208,0.63442299,256,2692608,2692863,2692633,0
2693119,426340344437000,1986958,0.62120374,256,2692864,2693119,2693029,0
2693375,426340345385083,1861167,0.60691563,256,2693120,2693375,2693171,0
2693631,426340346303875,1764416,0.60772612,256,2693376,2693631,2693425,0
2693887,426340347238375,1627958,0.57819875,256,2693632,2693887,2693714,0
2694143,426340348147750,1542958,0.62012724,256,2693888,2694143,2693966,0
2694399,426340349006916,1523500,0.62712254,256,2694144,2694399,2694281,0
2694655,426340349860541,1478750,0.59939127,256,2694400,2694655,2694578,0
2694911,426340350779666,1372250,0.58902533,256,2694656,2694911,2694885,0
2695167,426340351672041,1294292,0.62206653,256,2694912,2695167,2694923,0
2695423,426340352622708,1194750,0.62414991,256,2695168,2695423,2695367,0
2695679,426340353528500,1113583,0.62464416,256,2695424,2695679,2695509,0
2695935,426340354375500,1069208,0.57558784,256,2695680,2695935,2695683,0
2696191,426340355211250,1022916,0.63017868,256,2695936,2696191,2696085,0
2696447,426340356089000,939625,0.61242889,256,2696192,2696447,2696400,0
2696703,426340356999458,826458,0.59227937,256,2696448,2696703,2696660,0
2696959,426340357882458,835250,0.59442219,256,2696704,2696959,2696912,0
2697215,426340358818916,795500,0.63125636,256,2696960,2697215,2697204,0
2697471,426340359780750,837750,0.63925784,256,2697216,2697471,2697231,0
2697727,426340360704166,817125,0.58870569,256,2697472,2697727,2697567,0
2697983,426340361582583,851875,0.61103145,256,2697728,2697983,2697792,0
2698239,426340362487625,4458833,0.61090879,256,2697984,2698239,2698079,0
2698495,426340364477583,3309667,0.61692627,256,2698240,2698495,2698449,0
2698751,426340364486708,4132000,0.59929395,256,2698496,2698751,2698638,0
2699007,426340365138625,4304958,0.64087453,256,2698752,2699007,2698872,0
2699263,426340366431958,3840250,0.6315689,256,2699008,2699263,2699100,0
2699519,426340366904416,4186334,0.57421666,256,2699264,2699519,2699302,0
2699775,426340367734750,4225000,0.63829549,256,2699520,2699775,2699582,0
2700031,426340368588708,4230917,0.62853484,256,2699776,2700031,2699785,0
2700287,426340369471541,4204959,0.60530327,256,2700032,2700287,2700165,0
2700543,426340370401083,4116708,0.62263458,256,2700288,2700543,2700529,0
2700799,426340371270833,4094458,0.59656578,256,2700544,2700799,2700663,0
2701055,426340372194833,4007375,0.60779822,256,2700800,2701055,2700800,0
2701311,426340373097125,3940375,0.59317879,256,2701056,2701311,2701154,0
2701567,426340374046083,3840583,0.63330478,256,2701312,2701567,2701378,0
2701823,426340374888583,3856125,0.64410942,256,2701568,2701823,2701775,0
2702079,426340375771958,3827250,0.59444516,256,2701824,2702079,2701939,0
2702335,426340376649875,3788166,0.6023155,256,2702080,2702335,2702198,0
2702591,426340377551291,3747084,0.6196173,256,2702336,2702591,2702563,0
2702847,426340378380166,3799834,0.6397648,256,2702592,2702847,2702632,0
2703103,426340379317833,3709292,0.60877202,256,2702848,2703103,2702968,0
2703359,426340380208750,3874333,0.62750057,256,2703104,2703359,2703340,0
2703615,426340381106791,4366084,0.63772835,256,2703360,2703615,2703564,0
2703871,426340382024458,4309625,0.61225154,256,2703616,2703871,2703693,0
2704127,426340382993291,4184584,0.64164905,256,2703872,2704127,2703983,0
2704383,426340383905625,4107791,0.64319282,256,2704128,2704383,2704236,0
2704639,426340384709083,4142292,0.62274917,256,2704384,2704639,2704562,0
2704895,426340385565125,4129291,0.63325526,256,2704640,2704895,2704770,0
2705151,426340386391916,4119375,0.63732299,256,2704896,2705151,2704909,0
2705407,426340387262833,4091208,0.64122953,256,2705152,2705407,2705392,0
2705663,426340388170916,4011042,0.62660174,256,2705408,2705663,2705570,0
2705919,426340389052000,3994833,0.64987984,256,2705664,2705919,2705685,0
2706175,426340389968041,3904334,0.59472973,256,2705920,2706175,2705983,0
2706431,426340390862666,3864667,0.65296432,256,2706176,2706431,2706301,0
2706687,426340391771958,3777625,0.61340293,256,2706432,2706687,2706526,0
2706943,426340392659208,3716000,0.64018076,256,2706688,2706943,2706720,0
2707199,426340393606041,3612084,0.63829761,256,2706944,2707199,2707086,0
2707455,426340394483250,3544125,0.59043634,256,2707200,2707455,2707340,0
2707711,426340395362458,3513667,0.61976185,256,2707456,2707711,2707469,0
2707967,426340396299541,3442000,0.64076093,256,2707712,2707967,2707886,0
2708223,426340397192625,3382666,0.61442276,256,2707968,2708223,2708215,0
2708479,426340398086875,3343875,0.64467236,256,2708224,2708479,2708411,0
2708735,426340399005041,3277917,0.62364927,256,2708480,2708735,2708705,0
2708991,426340399890625,3246916,0.61673704,256,2708736,2708991,2708920,0
2709247,426340400798166,3221167,0.67610459,256,2708992,2709247,2709061,0
2709503,426340401645791,3201209,0.61156548,256,2709248,2709503,2709322,0
2709759,426340402515166,3189875,0.64185669,256,2709504,2709759,2709531,0
2710015,426340403393375,3151041,0.60819544,256,2709760,2710015,2709835,0
2710271,426340404275708,3119958,0.60853292,256,2710016,2710271,2710172,0
2710527,426340405214375,3048875,0.62492758,256,2710272,2710527,2710455,0
2710783,426340406043875,3080500,0.67894507,256,2710528,2710783,2710670,0
2711039,426340406927875,3030708,0.60293968,256,2710784,2711039,2710874,0
2711295,426340407768208,3062750,0.64961557,256,2711040,2711295,2711141,0
2711551,426340408735208,2953708,0.65605684,256,2711296,2711551,2711445,0
2711807,426340409613791,2924000,0.63862436,256,2711552,2711807,2711769,0
2712063,426340410455750,5942625,0.61520012,256,2711808,2712063,2711924,0
2712319,426340411307166,5128542,0.64809905,256,2712064,2712319,2712177,0
2712575,426340412186250,4250583,0.60094351,256,2712320,2712575,2712345,0
2712831,426340413043291,3467209,0.61548058,256,2712576,2712831,2712614,0
2713087,426340416471416,948625,0.64472019,256,2712832,2713087,2713083,0
2713343,426340416485833,1781042,0.6103563,256,2713088,2713343,2713170,0
2713599,426340416500416,2632334,0.6762325,256,2713344,2713599,2713542,0
2713855,426340416613666,3351042,0.62823744,256,2713600,2713855,2713626,0
2714111,426340417470625,3340916,0.63039284,256,2713856,2714111,2713973,0
2714367,426340418376125,3270541,0.65093792,256,2714112,2714367,2714183,0
2714623,426340419185375,3294875,0.61951663,256,2714368,2714623,2714506,0
2714879,426340420096791,3214459,0.60176922,256,2714624,2714879,2714706,0
2715135,426340420944291,3183209,0.62239543,256,2714880,2715135,2715087,0
2715391,426340421877833,3090667,0.62346011,256,2715136,2715391,2715153,0
2715647,426340422691208,3142417,0.60631253,256,2715392,2715647,2715412,0
2715903,426340423550458,3149042,0.60674639,256,2715648,2715903,2715743,0
2716159,426340424393041,3136875,0.61005339,256,2715904,2716159,2716139,0
2716415,426340425310750,3041333,0.62176583,256,2716160,2716415,2716319,0
2716671,426340426203916,3038875,0.67761214,256,2716416,2716671,2716606,0
2716927,426340427093208,2965625,0.582646,256,2716672,2716927,2716675,0
2717183,426340428063666,2836667,0.63351258,256,2716928,2717183,2716970,0
2717439,426340428921666,2835375,0.6318691,256,2717184,2717439,2717349,0
2717695,426340429837958,2752667,0.60372303,256,2717440,2717695,2717572,0
2717951,426340430740041,2672792,0.5882785,256,2717696,2717951,2717751,0
2718207,426340431561916,2675000,0.59024759,256,2717952,2718207,2718099,0
2718463,426340432458291,2610834,0.6188372,256,2718208,2718463,2718420,0
2718719,426340433321625,2590958,0.68728591,256,2718464,2718719,2718577,0
2718975,426340434217250,2513958,0.61264445,256,2718720,2718975,2718860,0
2719231,426340435074458,2497917,0.61710258,256,2718976,2719231,2719209,0
2719487,426340435978666,2409000,0.60008443,256,2719232,2719487,2719360,0
2719743,426340436892333,2329458,0.6286582,256,2719488,2719743,2719592,0
2719999,426340437787791,2302500,0.6453923,256,2719744,2719999,2719761,0
2720255,426340438694833,2249708,0.61071043,256,2720000,2720255,2720244,0
2720511,426340439566166,2210459,0.6416423,256,2720256,2720511,2720262,0
2720767,426340440453916,2181542,0.63129476,256,2720512,2720767,2720723,0
2721023,426340441297625,2155375,0.64913662,256,2720768,2721023,2721021,0
2721279,426340442181708,2077333,0.59326676,256,2721024,2721279,2721201,0
2721535,426340443031916,2088667,0.64973736,256,2721280,2721535,2721379,0
2721791,426340443902500,2052166,0.61284035,256,2721536,2721791,2721740,0
2722047,426340444776583,2020583,0.60630711,256,2721792,2722047,2722023,0
2722303,426340445657750,1978166,0.64470687,256,2722048,2722303,2722057,0
2722559,426340446482583,2005167,0.65310893,256,2722304,2722559,2722528,0
2722815,426340447391250,1959000,0.68487594,256,2722560,2722815,2722573,0
2723071,426340448229250,1970333,0.62224034,256,2722816,2723071,2723066,0
2723327,426340449183708,1875250,0.63492915,256,2723072,2723327,2723095,0
2723583,426340450069666,1830209,0.64038003,256,2723328,2723583,2723424,0
2723839,426340450939291,1776792,0.60458498,256,2723584,2723839,2723626,0
2724095,426340451836041,1685875,0.61138184,256,2723840,2724095,2723938,0
2724351,426340452727333,1620208,0.59470801,256,2724096,2724351,2724345,0
2724607,426340453577958,1579792,0.62098797,256,2724352,2724607,2724466,0
2724863,426340454465166,1539292,0.62856775,256,2724608,2724863,2724618,0
2725119,426340455407833,1432125,0.6257972,256,2724864,2725119,2725107,0
2725375,426340456282750,1413083,0.64044553,256,2725120,2725375,2725223,0
2725631,426340457149833,1394667,0.62097953,256,2725376,2725631,2725488,0
2725887,426340458039416,3983084,0.61062979,256,2725632,2725887,2725660,0
2726143,426340462032541,1272750,0.60962017,256,2725888,2726143,2726008,0
2726399,426340462047708,2127792,0.61720247,256,2726144,2726399,2726347,0
2726655,426340462086250,2911708,0.64102501,256,2726400,2726655,2726538,0
2726911,426340462095416,3724000,0.58075952,256,2726656,2726911,2726698,0
2727167,426340462578708,4104042,0.59691529,256,2726912,2727167,2727134,0
2727423,426340463467250,4007000,0.6443855,256,2727168,2727423,2727259,0
2727679,426340464346708,3977875,0.65614144,256,2727424,2727679,2727559,0
2727935,426340465195291,3955250,0.61236989,256,2727680,2727935,2727933,0
2728191,426340466107208,3873042,0.6332931,256,2727936,2728191,2728081,0
2728447,426340467024916,3770792,0.58710934,256,2728192,2728447,2728196,0
2728703,426340467888000,3731916,0.61998326,256,2728448,2728703,2728701,0
2728959,426340468798958,3623333,0.59439807,256,2728704,2728959,2728800,0
2729215,426340469686666,3574250,0.65400459,256,2728960,2729215,2729035,0
2729471,426340470491625,3579583,0.5891788,256,2729216,2729471,2729268,0
2729727,426340471393458,3538750,0.6458288,256,2729472,2729727,2729599,0
2729983,426340472277208,3477917,0.59749237,256,2729728,2729983,2729752,0
2730239,426340473179833,3408917,0.61188899,256,2729984,2730239,2730235,0
2730495,426340474022666,3393625,0.66563199,256,2730240,2730495,2730416,0
2730751,426340474915541,3367084,0.61983034,256,2730496,2730751,2730526,0
2731007,426340475801458,3279750,0.61303204,256,2730752,2731007,2730869,0
2731263,426340476694708,3199625,0.60281846,256,2731008,2731263,2731136,0
2731519,426340477548625,3168875,0.59442221,256,2731264,2731519,2731299,0
2731775,426340478436125,3075916,0.59648675,256,2731520,2731775,2731707,0
2732031,426340479342041,2964250,0.61146871,256,2731776,2732031,2732020,0
2732287,426340480203416,2959125,0.65585927,256,2732032,2732287,2732050,0
2732543,426340481092583,2894125,0.63750405,256,2732288,2732543,2732395,0
2732799,426340481983208,2852708,0.65071636,256,2732544,2732799,2732698,0
2733055,426340482818541,2814042,0.59603534,256,2732800,2733055,2732882,0
2733311,426340483691166,2759667,0.61297029,256,2733056,2733311,2733178,0
2733567,426340484568166,2701209,0.62639294,256,2733312,2733567,2733314,0
2733823,426340485428708,2799542,0.61854913,256,2733568,2733823,2733631,0
2734079,426340486257125,2622916,0.6080745,256,2733824,2734079,2733995,0
2734335,426340487091166,2621500,0.63534921,256,2734080,2734335,2734202,0
2734591,426340487956708,2603208,0.61000586,256,2734336,2734591,2734365,0
2734847,426340488843291,2520292,0.59199943,256,2734592,2734847,2734650,0
2735103,426340489716583,2466500,0.62598071,256,2734848,2735103,2734911,0
2735359,426340490636625,2358875,0.62042115,256,2735104,2735359,2735310,0
2735615,426340491525833,2294375,0.6007891,256,2735360,2735615,2735384,0
2735871,426340492416708,2203333,0.60044824,256,2735616,2735871,2735687,0
2736127,426340493279500,2198583,0.62258164,256,2735872,2736127,2736031,0
2736383,426340494186666,2116334,0.61672773,256,2736128,2736383,2736177,0
2736639,426340495062208,2062000,0.63793373,256,2736384,2736639,2736484,0
2736895,426340495957000,1998916,0.65676825,256,2736640,2736895,2736807,0
2737151,426340496806875,1967458,0.65068601,256,2736896,2737151,2737136,0
2737407,426340497696791,1908709,0.65469798,256,2737152,2737407,2737363,0
2737663,426340498599625,1811625,0.63176897,256,2737408,2737663,2737523,0
2737919,426340499473458,1743083,0.61766377,256,2737664,2737919,2737852,0
2738175,426340500355875,1678125,0.59642016,256,2737920,2738175,2738174,0
2738431,426340501307166,1502417,0.58326041,256,2738176,2738431,2738300,0
2738687,426340502222000,1412500,0.66309834,256,2738432,2738687,2738535,0
2738943,426340503126750,1318833,0.61057383,256,2738688,2738943,2738830,0
2739199,426340504021708,1240208,0.60759245,256,2738944,2739199,2739191,0
2739455,426340504911833,1153292,0.65781552,256,2739200,2739455,2739424,0
2739711,426340505822625,1057375,0.63992472,256,2739456,2739711,2739588,0
2739967,426340506709958,3858375,0.59752637,256,2739712,2739967,2739856,0
2740223,426340507587750,2984791,0.60113956,256,2739968,2740223,2740093,0
2740479,426340510599833,985333,0.62129579,256,2740224,2740479,2740357,0
2740735,426340510625416,1815125,0.62064396,256,2740480,2740735,2740657,0
2740991,426340510648625,2609666,0.60302827,256,2740736,2740991,2740880,0
2741247,426340511080166,3039209,0.60785975,256,2740992,2741247,2741179,0
2741503,426340511909541,3072000,0.61596974,256,2741248,2741503,2741397,0
2741759,426340512806333,2959000,0.57327156,256,2741504,2741759,2741538,0
2742015,426340513684791,2902834,0.62374666,256,2741760,2742015,2741951,0
2742271,426340514587875,2830500,0.6010083,256,2742016,2742271,2742117,0
2742527,426340515449916,2794959,0.58368317,256,2742272,2742527,2742310,0
2742783,426340516328375,2718833,0.58232311,256,2742528,2742783,2742585,0
2743039,426340517198416,2697459,0.6099363,256,2742784,2743039,2742804,0
2743295,426340518022750,2723791,0.61528807,256,2743040,2743295,2743281,0
2743551,426340518984583,2618125,0.60390786,256,2743296,2743551,2743298,0
2743807,426340519861291,2558709,0.60940541,256,2743552,2743807,2743775,0
2744063,426340520701625,2526416,0.65134198,256,2743808,2744063,2743862,0
2744319,426340521620541,2436584,0.62799196,256,2744064,2744319,2744136,0
2744575,426340522504375,2388000,0.64382915,256,2744320,2744575,2744454,0
2744831,426340523398833,2333792,0.61922696,256,2744576,2744831,2744668,0
2745087,426340524263625,2295583,0.59839023,256,2744832,2745087,2745031,0
2745343,426340525132000,2240541,0.62816033,256,2745088,2745343,2745159,0
2745599,426340525990625,2193000,0.64913908,256,2745344,2745599,2745529,0
2745855,426340526902625,2101833,0.59932455,256,2745600,2745855,2745820,0
2746111,426340527859708,1960458,0.58963899,256,2745856,2746111,2745982,0
2746367,426340528692250,1967291,0.65642894,256,2746112,2746367,2746328,0
2746623,426340529548416,1946709,0.61479246,256,2746368,2746623,2746554,0
2746879,426340530443750,1859500,0.58687898,256,2746624,2746879,2746724,0
2747135,426340531287458,1837000,0.5812468,256,2746880,2747135,2747029,0
2747391,426340532188041,1746834,0.60889053,256,2747136,2747391,2747192,0
2747647,426340533053916,1746500,0.6789547,256,2747392,2747647,2747564,0
2747903,426340533914041,1680375,0.63423499,256,2747648,2747903,2747770,0
2748159,426340534726041,1703375,0.62730144,256,2747904,2748159,2747963,0
2748415,426340535585625,1653500,0.57515766,256,2748160,2748415,2748396,0
2748671,426340536476750,1608333,0.64256733,256,2748416,2748671,2748558,0
2748927,426340537379375,1532583,0.62837244,256,2748672,2748927,2748738,0
2749183,426340538290291,1463667,0.5982365,256,2748928,2749183,2748934,0
2749439,426340539132041,1455417,0.60359799,256,2749184,2749439,2749210,0
2749695,426340540029833,1372292,0.59659302,256,2749440,2749695,2749648,0
2749951,426340540906333,1310500,0.5994441,256,2749696,2749951,2749925,0
2750207,426340541827083,1213333,0.61424866,256,2749952,2750207,2750051,0
2750463,426340542681416,1189375,0.62930165,256,2750208,2750463,2750343,0
2750719,426340543550208,1164750,0.58270619,256,2750464,2750719,2750654,0
2750975,426340544402875,3444583,0.62488011,256,2750720,2750975,2750957,0
2751231,426340547855458,953000,0.59512176,256,2750976,2751231,2751101,0
2751487,426340547869958,1774458,0.58236464,256,2751232,2751487,2751396,0
2751743,426340547888625,2594125,0.62010245,256,2751488,2751743,2751578,0
2751999,426340547948041,6336042,0.61091659,256,2751744,2751999,2751830,0
2752255,426340548841541,5493167,0.60658991,256,2752000,2752255,2752213,0
2752511,426340549767291,4568584,0.61519844,256,2752256,2752511,2752489,0
2752767,426340550621416,3715500,0.59635555,256,2752512,2752767,2752518,0
2753023,426340554258000,1105041,0.61129457,256,2752768,2753023,2753016,0
2753279,426340554278416,1897792,0.56548277,256,2753024,2753279,2753212,0
2753535,426340554299625,2697958,0.60562089,256,2753280,2753535,2753295,0
2753791,426340554322000,3494791,0.600102,256,2753536,2753791,2753607,0
2754047,426340555045708,3619333,0.62713047,256,2753792,2754047,2753836,0
2754303,426340555971833,3537500,0.65692913,256,2754048,2754303,2754263,0
2754559,426340556786625,3530791,0.61805452,256,2754304,2754559,2754465,0
2754815,426340557666708,3462042,0.62261602,256,2754560,2754815,2754803,0
2755071,426340558604708,3328083,0.57629691,256,2754816,2755071,2755030,0
2755327,426340559492833,3252375,0.61549548,256,2755072,2755327,2755236,0
2755583,426340560358416,3212459,0.59535012,256,2755328,2755583,2755536,0
2755839,426340561255250,3142333,0.60383213,256,2755584,2755839,2755690,0
2756095,426340562181166,3014584,0.58227665,256,2755840,2756095,2756062,0
2756351,426340563033208,2968542,0.59378722,256,2756096,2756351,2756332,0
2756607,426340563947750,2869458,0.61128015,256,2756352,2756607,2756591,0
2756863,426340564798458,2856583,0.62494963,256,2756608,2756863,2756835,0
2757119,426340565668875,2788500,0.59723363,256,2756864,2757119,2757044,0
2757375,426340566535416,2820792,0.58792185,256,2757120,2757375,2757302,0
2757631,426340567405375,2759416,0.61263605,256,2757376,2757631,2757590,0
2757887,426340568290958,2717500,0.61526841,256,2757632,2757887,2757875,0
2758143,426340569169208,2614417,0.57622205,256,2757888,2758143,2757946,0
2758399,426340570055958,2539500,0.61289621,256,2758144,2758399,2758324,0
2758655,426340570975458,2494750,0.69292101,256,2758400,2758655,2758558,0
2758911,426340571818000,2468625,0.59693152,256,2758656,2758911,2758667,0
2759167,426340572715750,2391333,0.62245042,256,2758912,2759167,2759046,0
2759423,426340573649958,2246417,0.59387524,256,2759168,2759423,2759402,0
2759679,426340574519583,2187333,0.59891146,256,2759424,2759679,2759472,0
2759935,426340575466958,2067542,0.59958757,256,2759680,2759935,2759897,0
2760191,426340576371208,1962708,0.58000046,256,2759936,2760191,2760050,0
2760447,426340577294791,1828125,0.60133077,256,2760192,2760447,2760289,0
2760703,426340578140166,1821334,0.63295032,256,2760448,2760703,2760666,0
2760959,426340579051625,1721083,0.59501282,256,2760704,2760959,2760790,0
2761215,426340579915708,1685583,0.60153947,256,2760960,2761215,2761002,0
2761471,426340580829708,1572500,0.59158211,256,2761216,2761471,2761373,0
2761727,426340581691291,1543334,0.64671385,256,2761472,2761727,2761544,0
2761983,426340582595583,1493250,0.63386269,256,2761728,2761983,2761875,0
2762239,426340583503958,1373792,0.63145207,256,2761984,2762239,2762172,0
2762495,426340584393833,1302958,0.63753856,256,2762240,2762495,2762260,0
2762751,426340585302916,1206542,0.63687953,256,2762496,2762751,2762655,0
2763007,426340586160875,1168041,0.64143286,256,2762752,2763007,2762978,0
2763263,426340587060083,1065667,0.57706709,256,2763008,2763263,2763164,0
2763519,426340587983583,953458,0.61257362,256,2763264,2763519,2763429,0
2763775,426340588866000,3868500,0.60967855,256,2763520,2763775,2763686,0
2764031,426340592642333,927833,0.64639082,256,2763776,2764031,2764021,0
2764287,426340592656791,1733334,0.62269165,256,2764032,2764287,2764092,0
2764543,426340592671250,2508041,0.62883106,256,2764288,2764543,2764431,0
2764799,426340592686000,3290875,0.56860543,256,2764544,2764799,2764630,0
2765055,426340593200833,3586958,0.60762078,256,2764800,2765055,2765012,0
2765311,426340594074375,3506041,0.61130886,256,2765056,2765311,2765189,0
2765567,426340594968833,3402208,0.5750652,256,2765312,2765567,2765347,0
2765823,426340595873375,3284291,0.58355571,256,2765568,2765823,2765754,0
2766079,426340596763416,3198125,0.61997599,256,2765824,2766079,2766045,0
2766335,426340597615791,3128000,0.60002854,256,2766080,2766335,2766212,0
2766591,426340598512750,3051208,0.63354144,256,2766336,2766591,2766553,0
2766847,426340599429916,2916709,0.61653147,256,2766592,2766847,2766699,0
2767103,426340600283416,2856167,0.56357814,256,2766848,2767103,2766908,0
2767359,426340601120791,2816584,0.60738056,256,2767104,2767359,2767316,0
2767615,426340602007666,2723709,0.61848223,256,2767360,2767615,2767567,0
2767871,426340602894791,2637417,0.5728344,256,2767616,2767871,2767799,0
2768127,426340603753625,2582541,0.61213227,256,2767872,2768127,2768026,0
2768383,426340604624958,2504542,0.59197516,256,2768128,2768383,2768185,0
2768639,426340605595083,2323500,0.59319544,256,2768384,2768639,2768469,0
2768895,426340606512041,2204209,0.59242797,256,2768640,2768895,2768764,0
2769151,426340607330333,2196417,0.60667735,256,2768896,2769151,2769149,0
2769407,426340608202916,2156209,0.6337925,256,2769152,2769407,2769185,0
2769663,426340609075916,2067000,0.57238294,256,2769408,2769663,2769425,0
2769919,426340609972166,1954875,0.59063498,256,2769664,2769919,2769883,0
2770175,426340610858125,1869041,0.61252297,256,2769920,2770175,2770042,0
2770431,426340611726083,1825333,0.63678324,256,2770176,2770431,2770318,0
2770687,426340612591166,1768042,0.60276169,256,2770432,2770687,2770445,0
2770943,426340613486375,1676458,0.60904724,256,2770688,2770943,2770774,0
2771199,426340614349875,1602708,0.60613878,256,2770944,2771199,2771059,0
2771455,426340615218666,1523584,0.59180814,256,2771200,2771455,2771400,0
2771711,426340616127375,1440875,0.61424834,256,2771456,2771711,2771517,0
2771967,426340617046541,1325500,0.59625723,256,2771712,2771967,2771789,0
2772223,426340617929375,1233625,0.61436095,256,2771968,2772223,2772096,0
2772479,426340618801541,1190875,0.63025999,256,2772224,2772479,2772376,0
2772735,426340619720625,1102416,0.66362755,256,2772480,2772735,2772543,0
2772991,426340620593500,1123291,0.62217051,256,2772736,2772991,2772917,0
2773247,426340621448291,1141459,0.61708042,256,2772992,2773247,2773174,0
2773503,426340622354958,1109542,0.64805175,256,2773248,2773503,2773382,0
2773759,426340623247375,1058041,0.60259417,256,2773504,2773759,2773615,0
2774015,426340624197083,969167,0.62971467,256,2773760,2774015,2773773,0
2774271,426340625082958,900333,0.58066036,256,2774016,2774271,2774261,0
2774527,426340625973541,831292,0.62529003,256,2774272,2774527,2774439,0
2774783,426340626820208,804708,0.62864922,256,2774528,2774783,2774749,0
2775039,426340627744916,823334,0.62037311,256,2774784,2775039,2775030,0
2775295,426340628589083,793833,0.60885206,256,2775040,2775295,2775108,0
2775551,426340629456833,827250,0.63898438,256,2775296,2775551,2775524,0
2775807,426340630339625,891000,0.6292772,256,2775552,2775807,2775553,0
2776063,426340631216041,848959,0.60579449,256,2775808,2776063,2775865,0
2776319,426340632090375,1660125,0.59432828,256,2776064,2776319,2776156,0
2776575,426340632943416,1813334,0.57141594,256,2776320,2776575,2776495,0
2776831,426340633827208,1786833,0.58731305,256,2776576,2776831,2776756,0
2777087,426340634669666,1775334,0.63939749,256,2776832,2777087,2777044,0
2777343,426340635610833,1629208,0.58810538,256,2777088,2777343,2777125,0
2777599,426340636526750,1526375,0.63027226,256,2777344,2777599,2777374,0
2777855,426340637390000,3743041,0.58755874,256,2777600,2777855,2777610,0
2778111,426340638272625,2865375,0.62146377,256,2777856,2778111,2777982,0
2778367,426340639657583,3295458,0.60246461,256,2778112,2778367,2778132,0
2778623,426340641148208,2641125,0.59872554,256,2778368,2778623,2778429,0
2778879,426340641162625,3479750,0.60944565,256,2778624,2778879,2778879,0
2779135,426340642472833,3029000,0.61940373,256,2778880,2779135,2779121,0
2779391,426340642739125,3623333,0.61862896,256,2779136,2779391,2779321,0
2779647,426340643540041,3643000,0.64121584,256,2779392,2779647,2779528,0
2779903,426340644483500,3538166,0.60850876,256,2779648,2779903,2779793,0
2780159,426340645373666,3459250,0.59243858,256,2779904,2780159,2780049,0
2780415,426340646291500,3380083,0.63755647,256,2780160,2780415,2780220,0
2780671,426340647212000,3282958,0.60332944,256,2780416,2780671,2780530,0
2780927,426340648075041,3395750,0.6298314,256,2780672,2780927,2780816,0
2781183,426340649002541,3629042,0.5681895,256,2780928,2781183,2781068,0
2781439,426340649899083,3603458,0.58800449,256,2781184,2781439,2781254,0
2781695,426340650807833,3547958,0.58821582,256,2781440,2781695,2781558,0
2781951,426340651616666,3630125,0.61040398,256,2781696,2781951,2781805,0
2782207,426340652434750,3645750,0.6066355,256,2781952,2782207,2782016,0
2782463,426340653357333,3543875,0.57977163,256,2782208,2782463,2782353,0
2782719,426340654242750,3503916,0.65932005,256,2782464,2782719,2782599,0
2782975,426340655115833,3458125,0.59602317,256,2782720,2782975,2782964,0
2783231,426340656003958,3418000,0.60274246,256,2782976,2783231,2783133,0
2783487,426340656884458,3355708,0.59988771,256,2783232,2783487,2783364,0
2783743,426340657780333,3352542,0.6686183,256,2783488,2783743,2783692,0
2783999,426340658705708,3235625,0.58048925,256,2783744,2783999,2783772,0
2784255,426340659609750,3175208,0.61662286,256,2784000,2784255,2784199,0
2784511,426340660488208,3137750,0.64193169,256,2784256,2784511,2784347,0
2784767,426340661378250,3083541,0.58499298,256,2784512,2784767,2784588,0
2785023,426340662249125,3026791,0.58960647,256,2784768,2785023,2784954,0
2785279,426340663093125,2998375,0.6016676,256,2785024,2785279,2785064,0
2785535,426340664007083,2939625,0.61858467,256,2785280,2785535,2785336,0
2785791,426340664902791,2894542,0.59487259,256,2785536,2785791,2785695,0
2786047,426340665812208,2815250,0.58018432,256,2785792,2786047,2786035,0
2786303,426340666706166,2726167,0.58325845,256,2786048,2786303,2786087,0
2786559,426340667533208,2736417,0.59289488,256,2786304,2786559,2786448,0
2786815,426340668491375,2614208,0.62981849,256,2786560,2786815,2786568,0
2787071,426340669369541,2576042,0.65859587,256,2786816,2787071,2787048,0
2787327,426340670272500,2548333,0.60778999,256,2787072,2787327,2787141,0
2787583,426340671141708,2514750,0.60367651,256,2787328,2787583,2787363,0
2787839,426340671983666,2497375,0.58603592,256,2787584,2787839,2787736,0
2788095,426340672845875,2475375,0.58117719,256,2787840,2788095,2788034,0
2788351,426340673718750,2454500,0.6051523,256,2788096,2788351,2788138,0
2788607,426340674577416,2431500,0.60204624,256,2788352,2788607,2788401,0
2788863,426340675490041,2362625,0.60905626,256,2788608,2788863,2788837,0
2789119,426340676329000,2340125,0.64303692,256,2788864,2789119,2789078,0
2789375,426340677232625,2272500,0.60143652,256,2789120,2789375,2789228,0
2789631,426340678201375,2148875,0.61402743,256,2789376,2789631,2789611,0
2789887,426340679027208,2172542,0.59535371,256,2789632,2789887,2789827,0
2790143,426340679923791,2126250,0.61915101,256,2789888,2790143,2789963,0
2790399,426340680794083,2098958,0.61467062,256,2790144,2790399,2790317,0
2790655,426340681628208,5596375,0.59832341,256,2790400,2790655,2790499,0
2790911,426340682532291,4704917,0.60441898,256,2790656,2790911,2790906,0
2791167,426340683409708,3828625,0.60027493,256,2790912,2791167,2791111,0
2791423,426340684702958,3526792,0.66421782,256,2791168,2791423,2791410,0
2791679,426340685164375,3928750,0.61290356,256,2791424,2791679,2791574,0
2791935,426340687321500,2605958,0.64918656,256,2791680,2791935,2791800,0
2792191,426340687354958,3400792,0.59092323,256,2791936,2792191,2792037,0
2792447,426340687868000,3710958,0.59101226,256,2792192,2792447,2792425,0
2792703,426340688733833,3743917,0.65669599,256,2792448,2792703,2792546,0
2792959,426340689631291,3674667,0.59736265,256,2792704,2792959,2792835,0
2793215,426340690524166,3607709,0.62120374,256,2792960,2793215,2793029,0
2793471,426340691453791,3526834,0.60772612,256,2793216,2793471,2793425,0
2793727,426340692347083,3475792,0.60193256,256,2793472,2793727,2793481,0
2793983,426340693268291,3375584,0.62012724,256,2793728,2793983,2793966,0
2794239,426340694173958,3309583,0.59574194,256,2793984,2794239,2794049,0
2794495,426340695024875,3315291,0.62712254,256,2794240,2794495,2794281,0
2794751,426340695926666,3244959,0.59939127,256,2794496,2794751,2794578,0
2795007,426340696810875,3201041,0.62206653,256,2794752,2795007,2794923,0
2795263,426340697720041,3163167,0.62019624,256,2795008,2795263,2795197,0
2795519,426340698683041,3037042,0.62464416,256,2795264,2795519,2795509,0
2795775,426340699574125,2997833,0.62092215,256,2795520,2795775,2795542,0
2796031,426340700388500,2990833,0.59613018,256,2795776,2796031,2796021,0
2796287,426340701237125,2953333,0.63017868,256,2796032,2796287,2796085,0
2796543,426340702119875,2887291,0.61242889,256,2796288,2796543,2796400,0
2796799,426340703045958,2773167,0.59227937,256,2796544,2796799,2796660,0
2797055,426340703951916,2703875,0.59442219,256,2796800,2797055,2796912,0
2797311,426340704903125,2582666,0.63925784,256,2797056,2797311,2797231,0
2797567,426340705834333,2477458,0.61598194,256,2797312,2797567,2797317,0
2797823,426340706756916,2389834,0.61103145,256,2797568,2797823,2797792,0
2798079,426340707637333,2319958,0.61090879,256,2797824,2798079,2798079,0
2798335,426340708551583,2243083,0.59589135,256,2798080,2798335,2798153,0
2798591,426340709440791,2186959,0.61692627,256,2798336,2798591,2798449,0
2798847,426340710318416,2142959,0.59929395,256,2798592,2798847,2798638,0
2799103,426340711163916,2166709,0.64087453,256,2798848,2799103,2798872,0
2799359,426340712007041,2105792,0.5872921,256,2799104,2799359,2799189,0
2799615,426340712883916,2075625,0.63829549,256,2799360,2799615,2799582,0
2799871,426340713745875,2049625,0.62853484,256,2799616,2799871,2799785,0
2800127,426340714610875,2064541,0.60755528,256,2799872,2800127,2799992,0
2800383,426340715544500,1992750,0.60530327,256,2800128,2800383,2800165,0
2800639,426340716391125,1990708,0.62263458,256,2800384,2800639,2800529,0
2800895,426340717321083,1913417,0.60779822,256,2800640,2800895,2800800,0
2801151,426340718241208,1841500,0.60230919,256,2800896,2801151,2800956,0
2801407,426340719147250,1770625,0.63330478,256,2801152,2801407,2801378,0
2801663,426340720080208,1677083,0.63263105,256,2801408,2801663,2801595,0
2801919,426340720890500,1736375,0.64410942,256,2801664,2801919,2801775,0
2802175,426340721802791,1674334,0.59992807,256,2801920,2802175,2802083,0
2802431,426340722665250,1636833,0.6023155,256,2802176,2802431,2802198,0
2802687,426340723556916,1632709,0.6397648,256,2802432,2802687,2802632,0
2802943,426340724442625,1594958,0.63364895,256,2802688,2802943,2802719,0
2803199,426340725364125,1522458,0.60877202,256,2802944,2803199,2802968,0
2803455,426340726212375,1536416,0.62750057,256,2803200,2803455,2803340,0
2803711,426340727131083,1510792,0.63772835,256,2803456,2803711,2803564,0
2803967,426340728067833,1425458,0.60141272,256,2803712,2803967,2803780,0
2804223,426340729023708,1339750,0.64164905,256,2803968,2804223,2803983,0
2804479,426340729909958,4609667,0.64319282,256,2804224,2804479,2804236,0
2804735,426340730734458,3790625,0.62274917,256,2804480,2804735,2804562,0
2804991,426340732080958,3827958,0.63732299,256,2804736,2804991,2804909,0
2805247,426340734817750,1929208,0.574203,256,2804992,2805247,2805132,0
2805503,426340734882208,2745167,0.64122953,256,2805248,2805503,2805392,0
2805759,426340734896666,3596792,0.64987984,256,2805504,2805759,2805685,0
2806015,426340735107708,4254458,0.60605493,256,2805760,2806015,2805837,0
2806271,426340735983333,4238083,0.60210979,256,2806016,2806271,2806218,0
2806527,426340736902541,4181667,0.65296432,256,2806272,2806527,2806301,0
2806783,426340737788416,4146500,0.64018076,256,2806528,2806783,2806720,0
2807039,426340738707166,4091542,0.62623433,256,2806784,2807039,2806952,0
2807295,426340739617458,4021333,0.63829761,256,2807040,2807295,2807086,0
2807551,426340740515125,3991083,0.61976185,256,2807296,2807551,2807469,0
2807807,426340741420750,3939125,0.60970642,256,2807552,2807807,2807806,0
2808063,426340742343416,3896584,0.64076093,256,2807808,2808063,2807886,0
2808319,426340743255875,3841166,0.61442276,256,2808064,2808319,2808215,0
2808575,426340744179833,3799958,0.64467236,256,2808320,2808575,2808411,0
2808831,426340745013250,3849875,0.62364927,256,2808576,2808831,2808705,0
2809087,426340745917416,3821125,0.67610459,256,2808832,2809087,2809061,0
2809343,426340746791166,3843709,0.62245495,256,2809088,2809343,2809092,0
2809599,426340747661833,3854583,0.64185669,256,2809344,2809599,2809531,0
2809855,426340748501750,3859083,0.60819544,256,2809600,2809855,2809835,0
2810111,426340749413333,3805792,0.58116441,256,2809856,2810111,2810078,0
2810367,426340750354916,3744334,0.60853292,256,2810112,2810367,2810172,0
2810623,426340751230166,3746584,0.62492758,256,2810368,2810623,2810455,0
2810879,426340752057125,3811708,0.67894507,256,2810624,2810879,2810670,0
2811135,426340752948250,3796041,0.62888831,256,2810880,2811135,2811130,0
2811391,426340753846541,3772375,0.64961557,256,2811136,2811391,2811141,0
2811647,426340754751291,3736667,0.65605684,256,2811392,2811647,2811445,0
2811903,426340755623708,3755500,0.63862436,256,2811648,2811903,2811769,0
2812159,426340756468500,3819541,0.64265163,256,2811904,2812159,2812100,0
2812415,426340757331500,3850250,0.64809905,256,2812160,2812415,2812177,0
2812671,426340758215125,3834375,0.61548058,256,2812416,2812671,2812614,0
2812927,426340759055041,3874959,0.59944774,256,2812672,2812927,2812746,0
2813183,426340759937083,3865667,0.64472019,256,2812928,2813183,2813083,0
2813439,426340760855958,3848375,0.59469784,256,2813184,2813439,2813212,0
2813695,426340761759666,3795292,0.6762325,256,2813440,2813695,2813542,0
2813951,426340762614166,3802709,0.59521602,256,2813696,2813951,2813768,0
2814207,426340763503166,3782542,0.65093792,256,2813952,2814207,2814183,0
2814463,426340764362083,3783417,0.58754861,256,2814208,2814463,2814257,0
2814719,426340765213333,3789208,0.61951663,256,2814464,2814719,2814506,0
2814975,426340766085916,6553917,0.59019091,256,2814720,2814975,2814762,0
2815231,426340766978291,5922334,0.62346011,256,2814976,2815231,2815153,0
2815487,426340767910000,5762583,0.62318861,256,2815232,2815487,2815354,0
2815743,426340768709583,5836208,0.60674639,256,2815488,2815743,2815743,0
2815999,426340769558041,5832375,0.57661574,256,2815744,2815999,2815755,0
2816255,426340770431625,5799750,0.61005339,256,2816000,2816255,2816139,0
2816511,426340771392875,5669125,0.62176583,256,2816256,2816511,2816319,0
2816767,426340772496125,5457666,0.67761214,256,2816512,2816767,2816606,0
2817023,426340773136708,5635458,0.63351258,256,2816768,2817023,2816970,0
2817279,426340774081041,5526375,0.5999705,256,2817024,2817279,2817040,0
2817535,426340774989958,5494625,0.6318691,256,2817280,2817535,2817349,0
2817791,426340775895000,5424541,0.60372303,256,2817536,2817791,2817572,0
2818047,426340776746791,5402417,0.58486997,256,2817792,2818047,2817928,0
2818303,426340777604750,5374000,0.59024759,256,2818048,2818303,2818099,0
2818559,426340778476166,5343959,0.62271564,256,2818304,2818559,2818538,0
2818815,426340779348041,5318625,0.68728591,256,2818560,2818815,2818577,0
2819071,426340780252958,5268167,0.61264445,256,2818816,2819071,2818860,0
2819327,426340781103416,5279584,0.61710258,256,2819072,2819327,2819209,0
2819583,426340782029833,5188625,0.60008443,256,2819328,2819583,2819360,0
2819839,426340782888291,5209542,0.6453923,256,2819584,2819839,2819761,0
2820095,426340783846208,5128917,0.63490297,256,2819840,2820095,2819931,0
2820351,426340784720208,5149917,0.6416423,256,2820096,2820351,2820262,0
2820607,426340785612416,5095709,0.60697028,256,2820352,2820607,2820435,0
2820863,426340786461041,5139667,0.63129476,256,2820608,2820863,2820723,0
2821119,426340787312916,5117334,0.64913662,256,2820864,2821119,2821021,0
2821375,426340788210458,5080375,0.6158969,256,2821120,2821375,2821374,0
2821631,426340789101458,5068833,0.64973736,256,2821376,2821631,2821379,0
2821887,426340789921041,5090250,0.61284035,256,2821632,2821887,2821740,0
2822143,426340790781375,5092583,0.64470687,256,2821888,2822143,2822057,0
2822399,426340791684541,5047625,0.59847605,256,2822144,2822399,2822228,0
2822655,426340792540958,5107833,0.68487594,256,2822400,2822655,2822573,0
2822911,426340793387875,5113416,0.60635518,256,2822656,2822911,2822827,0
2823167,426340794304458,5092125,0.63492915,256,2822912,2823167,2823095,0
2823423,426340795209000,5035083,0.61175058,256,2823168,2823423,2823423,0
2823679,426340796098541,5016709,0.64038003,256,2823424,2823679,2823424,0
2823935,426340796997625,4955791,0.59896902,256,2823680,2823935,2823733,0
2824191,426340797871833,4923833,0.61138184,256,2823936,2824191,2823938,0
2824447,426340798716958,4920750,0.59470801,256,2824192,2824447,2824345,0
2824703,426340799609375,4881958,0.62856775,256,2824448,2824703,2824618,0
2824959,426340800493291,4845959,0.61344227,256,2824704,2824959,2824746,0
2825215,426340801434125,4780833,0.6257972,256,2824960,2825215,2825107,0
2825471,426340802317666,4765667,0.64044553,256,2825216,2825471,2825223,0
2825727,426340803179750,4780708,0.62097953,256,2825472,2825727,2825488,0
2825983,426340804077708,4730708,0.60027526,256,2825728,2825983,2825892,0
2826239,426340805007875,4671333,0.60962017,256,2825984,2826239,2826008,0
2826495,426340805874208,4687625,0.61720247,256,2826240,2826495,2826347,0
2826751,426340806793291,4621750,0.64102501,256,2826496,2826751,2826538,0
2827007,426340807690166,4552292,0.58298577,256,2826752,2827007,2826939,0
2827263,426340808622541,7321167,0.6443855,256,2827008,2827263,2827259,0
2827519,426340809490541,6456084,0.63127731,256,2827264,2827519,2827391,0
2827775,426340810383458,5567625,0.65614144,256,2827520,2827775,2827559,0
2828031,426340811245916,4858167,0.61236989,256,2827776,2828031,2827933,0
2828287,426340812159750,4270625,0.6332931,256,2828032,2828287,2828081,0
2828543,426340815955833,1298083,0.60331849,256,2828288,2828543,2828493,0
2828799,426340815970250,2104583,0.61998326,256,2828544,2828799,2828701,0
2829055,426340815985458,3002083,0.65400459,256,2828800,2829055,2829035,0
2829311,426340815999916,3856084,0.64175703,256,2829056,2829311,2829059,0
2829567,426340816547875,4155083,0.59429185,256,2829312,2829567,2829521,0
2829823,426340817421083,4148875,0.6458288,256,2829568,2829823,2829599,0
2830079,426340818347791,4096542,0.597402,256,2829824,2830079,2830061,0
2830335,426340819206250,4083583,0.61188899,256,2830080,2830335,2830235,0
2830591,426340820052458,4082708,0.66563199,256,2830336,2830591,2830416,0
2830847,426340820982000,3982333,0.61237411,256,2830592,2830847,2830771,0
2831103,426340821841500,3960333,0.61303204,256,2830848,2831103,2830869,0
2831359,426340822735166,3921792,0.60281846,256,2831104,2831359,2831136,0
2831615,426340823561666,3914542,0.58536498,256,2831360,2831615,2831373,0
2831871,426340824471000,3835625,0.59648675,256,2831616,2831871,2831707,0
2832127,426340825387291,3790417,0.65585927,256,2831872,2832127,2832050,0
2832383,426340826215458,3819083,0.63461657,256,2832128,2832383,2832128,0
2832639,426340827139250,3732375,0.63750405,256,2832384,2832639,2832395,0
2832895,426340827999375,3739416,0.65071636,256,2832640,2832895,2832698,0
2833151,426340828870875,3694750,0.59208117,256,2832896,2833151,2832907,0
2833407,426340829726041,3673084,0.62639294,256,2833152,2833407,2833314,0
2833663,426340830629250,3588750,0.61854913,256,2833408,2833663,2833631,0
2833919,426340831452791,3566459,0.59637254,256,2833664,2833919,2833899,0
2834175,426340832271000,3567833,0.6080745,256,2833920,2834175,2833995,0
2834431,426340833130041,3563209,0.63534921,256,2834176,2834431,2834202,0
2834687,426340833984458,3542833,0.59496119,256,2834432,2834687,2834459,0
2834943,426340834855416,3505084,0.62598071,256,2834688,2834943,2834911,0
2835199,426340835723916,3449959,0.60876253,256,2834944,2835199,2835063,0
2835455,426340836674708,3286417,0.62042115,256,2835200,2835455,2835310,0
2835711,426340837568041,3206292,0.60044824,256,2835456,2835711,2835687,0
2835967,426340838409125,3208833,0.60120333,256,2835712,2835967,2835916,0
2836223,426340839331500,3174625,0.62258164,256,2835968,2836223,2836031,0
2836479,426340840188791,3173459,0.59365453,256,2836224,2836479,2836474,0
2836735,426340841095458,3146750,0.63793373,256,2836480,2836735,2836484,0
2836991,426340841959041,3107792,0.65676825,256,2836736,2836991,2836807,0
2837247,426340842835166,3099209,0.65068601,256,2836992,2837247,2837136,0
2837503,426340843737666,3046250,0.65469798,256,2837248,2837503,2837363,0
2837759,426340844630000,3020750,0.63176897,256,2837504,2837759,2837523,0
2838015,426340845515541,2971459,0.61766377,256,2837760,2838015,2837852,0
2838271,426340846440625,2875833,0.59642016,256,2838016,2838271,2838174,0
2838527,426340847350125,2792291,0.59249444,256,2838272,2838527,2838446,0
2838783,426340848247833,2705167,0.66309834,256,2838528,2838783,2838535,0
2839039,426340849185083,2597083,0.61057383,256,2838784,2839039,2838830,0
2839295,426340850042541,2546292,0.60759245,256,2839040,2839295,2839191,0
2839551,426340850949166,2440459,0.65781552,256,2839296,2839551,2839424,0
2839807,426340851869666,2331917,0.63992472,256,2839552,2839807,2839588,0
2840063,426340852787166,2220334,0.59752637,256,2839808,2840063,2839856,0
2840319,426340853605458,2247583,0.60113956,256,2840064,2840319,2840093,0
2840575,426340854472291,2209125,0.62129579,256,2840320,2840575,2840357,0
2840831,426340855377000,2166666,0.62064396,256,2840576,2840831,2840657,0
2841087,426340856212750,2143750,0.60302827,256,2840832,2841087,2840880,0
2841343,426340857084916,2140584,0.60785975,256,2841088,2841343,2841179,0
2841599,426340857939958,5151000,0.61596974,256,2841344,2841599,2841397,0
2841855,426340858872000,4223250,0.56519687,256,2841600,2841855,2841775,0
2842111,426340859687875,3408583,0.62374666,256,2841856,2842111,2841951,0
2842367,426340861260541,2135042,0.6010083,256,2842112,2842367,2842117,0
2842623,426340863155125,1038916,0.58232311,256,2842368,2842623,2842585,0
2842879,426340863176666,1827459,0.6099363,256,2842624,2842879,2842804,0
2843135,426340863198541,2609084,0.60861314,256,2842880,2843135,2842938,0
2843391,426340864111166,2538709,0.61528807,256,2843136,2843391,2843281,0
2843647,426340865024625,2441791,0.60228561,256,2843392,2843647,2843523,0
2843903,426340865896250,2366416,0.65134198,256,2843648,2843903,2843862,0
2844159,426340866746625,2311250,0.62799196,256,2843904,2844159,2844136,0
2844415,426340867626958,2231750,0.58681251,256,2844160,2844415,2844411,0
2844671,426340868510208,2170917,0.64382915,256,2844416,2844671,2844454,0
2844927,426340869437000,2035375,0.60329803,256,2844672,2844927,2844799,0
2845183,426340870286208,1995250,0.62816033,256,2844928,2845183,2845159,0
2845439,426340871150541,1916167,0.57488227,256,2845184,2845439,2845390,0
2845695,426340872029416,1842000,0.64913908,256,2845440,2845695,2845529,0
2845951,426340872963291,1693667,0.59932455,256,2845696,2845951,2845820,0
2846207,426340873898250,1560333,0.60932984,256,2845952,2846207,2846129,0
2846463,426340874713083,1578167,0.65642894,256,2846208,2846463,2846328,0
2846719,426340875592083,1507167,0.61479246,256,2846464,2846719,2846554,0
2846975,426340876463208,1423458,0.58687898,256,2846720,2846975,2846724,0
2847231,426340877320416,1385625,0.60889053,256,2846976,2847231,2847192,0
2847487,426340878190958,1297917,0.60937281,256,2847232,2847487,2847410,0
2847743,426340879082916,1238250,0.6789547,256,2847488,2847743,2847564,0
2847999,426340879908041,1207417,0.63423499,256,2847744,2847999,2847770,0
2848255,426340880726250,1196333,0.60328595,256,2848000,2848255,2848068,0
2848511,426340881607083,1099375,0.57515766,256,2848256,2848511,2848396,0
2848767,426340882513708,1008250,0.64256733,256,2848512,2848767,2848558,0
2849023,426340883449083,913458,0.6161321,256,2848768,2849023,2848819,0
2849279,426340884313750,862833,0.60359799,256,2849024,2849279,2849210,0
2849535,426340885170541,817667,0.56479901,256,2849280,2849535,2849293,0
2849791,426340886063166,824542,0.59659302,256,2849536,2849791,2849648,0
2850047,426340886982916,847459,0.5994441,256,2849792,2850047,2849925,0
2850303,426340887911416,852250,0.61688379,256,2850048,2850303,2850288,0
2850559,426340888686583,897917,0.62930165,256,2850304,2850559,2850343,0
2850815,426340889562625,850916,0.58270619,256,2850560,2850815,2850654,0
2851071,426340890405666,850875,0.62488011,256,2850816,2851071,2850957,0
2851327,426340891312958,824625,0.59512176,256,2851072,2851327,2851101,0
2851583,426340892180083,839917,0.62010245,256,2851328,2851583,2851578,0
2851839,426340893069000,824416,0.61426755,256,2851584,2851839,2851636,0
2852095,426340893977000,850500,0.59584126,256,2851840,2852095,2852094,0
2852351,426340894878833,825375,0.60658991,256,2852096,2852351,2852213,0
2852607,426340895804166,840709,0.61519844,256,2852352,2852607,2852489,0
2852863,426340896649208,833375,0.59425728,256,2852608,2852863,2852738,0
2853119,426340897533791,1294292,0.61129457,256,2852864,2853119,2853016,0
2853375,426340898424666,1195167,0.60562089,256,2853120,2853375,2853295,0
2853631,426340899305500,1108791,0.60377393,256,2853376,2853631,2853520,0
2853887,426340900182625,1061666,0.62713047,256,2853632,2853887,2853836,0
2854143,426340901088583,974375,0.6093607,256,2853888,2854143,2853945,0
2854399,426340901986375,865125,0.65692913,256,2854144,2854399,2854263,0
2854655,426340902794666,848667,0.61805452,256,2854400,2854655,2854465,0
2854911,426340903727333,1587167,0.62261602,256,2854656,2854911,2854803,0
2855167,426340904624458,2030458,0.58066394,256,2854912,2855167,2855121,0
2855423,426340905516208,1960458,0.61549548,256,2855168,2855423,2855236,0
2855679,426340906390166,1920375,0.59535012,256,2855424,2855679,2855536,0
2855935,426340907321333,1786292,0.60383213,256,2855680,2855935,2855690,0
2856191,426340908206083,1702292,0.58227665,256,2855936,2856191,2856062,0
2856447,426340909067500,1664916,0.59378722,256,2856192,2856447,2856332,0
2856703,426340909955375,5095500,0.61128015,256,2856448,2856703,2856591,0
2856959,426340910846875,4209583,0.62494963,256,2856704,2856959,2856835,0
2857215,426340911707375,3350583,0.59723363,256,2856960,2857215,2857044,0
2857471,426340912797000,3231875,0.58792185,256,2857216,2857471,2857302,0
2857727,426340915103541,1737750,0.61263605,256,2857472,2857727,2857590,0
2857983,426340915154416,2503042,0.61526841,256,2857728,2857983,2857875,0
2858239,426340915218958,3210833,0.55352931,256,2857984,2858239,2858071,0
2858495,426340916093250,3180458,0.61289621,256,2858240,2858495,2858324,0
2858751,426340916967458,3156542,0.69292101,256,2858496,2858751,2858558,0
2859007,426340917931708,3007375,0.59034389,256,2858752,2859007,2858883,0
2859263,426340918733208,3013458,0.62245042,256,2859008,2859263,2859046,0
2859519,426340919649250,2907791,0.59891146,256,2859264,2859519,2859472,0
2859775,426340920564833,2780583,0.59348389,256,2859520,2859775,2859762,0
2860031,426340921525041,2626917,0.59958757,256,2859776,2860031,2859897,0
2860287,426340922418375,2517750,0.58000046,256,2860032,2860287,2860050,0
2860543,426340923281958,2447167,0.60133077,256,2860288,2860543,2860289,0
2860799,426340924178958,2391917,0.63295032,256,2860544,2860799,2860666,0
2861055,426340925081458,2309458,0.60153947,256,2860800,2861055,2861002,0
2861311,426340925966083,2232875,0.58873099,256,2861056,2861311,2861211,0
2861567,426340926841666,2166250,0.64671385,256,2861312,2861567,2861544,0
2861823,426340927729208,2104292,0.6293775,256,2861568,2861823,2861653,0
2862079,426340928636833,2042333,0.63386269,256,2861824,2862079,2861875,0
2862335,426340929534916,1965625,0.63753856,256,2862080,2862335,2862260,0
2862591,426340930457125,1837791,0.60317511,256,2862336,2862591,2862566,0
2862847,426340931344083,1773292,0.63687953,256,2862592,2862847,2862655,0
2863103,426340932197416,1720084,0.64143286,256,2862848,2863103,2862978,0
2863359,426340933092041,1623500,0.57790313,256,2863104,2863359,2863300,0
2863615,426340934004875,1506833,0.61257362,256,2863360,2863615,2863429,0
2863871,426340934920458,1383042,0.60967855,256,2863616,2863871,2863686,0
2864127,426340935747750,1371458,0.64639082,256,2863872,2864127,2864021,0
2864383,426340936629291,1302792,0.61697158,256,2864128,2864383,2864155,0
2864639,426340937455541,1265209,0.62883106,256,2864384,2864639,2864431,0
2864895,426340938353333,1157875,0.56710189,256,2864640,2864895,2864642,0
2865151,426340939245416,1079750,0.60762078,256,2864896,2865151,2865012,0
2865407,426340940111791,1001917,0.61130886,256,2865152,2865407,2865189,0
2865663,426340941018416,905917,0.57097002,256,2865408,2865663,2865478,0
2865919,426340941932125,816000,0.58355571,256,2865664,2865919,2865754,0
2866175,426340942772125,1703083,0.61997599,256,2865920,2866175,2866045,0
2866431,426340943642333,1793792,0.60002854,256,2866176,2866431,2866212,0
2866687,426340944547791,1687709,0.63354144,256,2866432,2866687,2866553,0
2866943,426340945464750,1568333,0.61653147,256,2866688,2866943,2866699,0
2867199,426340946301208,1511375,0.5885259,256,2866944,2867199,2867159,0
2867455,426340947178958,1440917,0.60738056,256,2867200,2867455,2867316,0
2867711,426340948021875,1391250,0.61848223,256,2867456,2867711,2867567,0
2867967,426340948899416,1301042,0.5728344,256,2867712,2867967,2867799,0
2868223,426340949778000,1230750,0.61213227,256,2867968,2868223,2868026,0
2868479,426340950720250,1080333,0.59319544,256,2868224,2868479,2868469,0
2868735,426340951627083,957417,0.57637225,256,2868480,2868735,2868566,0
2868991,426340952521166,859750,0.59242797,256,2868736,2868991,2868764,0
2869247,426340953343916,857792,0.6337925,256,2868992,2869247,2869185,0
2869503,426340954211750,853541,0.62627704,256,2869248,2869503,2869375,0
2869759,426340955125375,3843333,0.57674917,256,2869504,2869759,2869699,0
2870015,426340956049666,2923917,0.59063498,256,2869760,2870015,2869883,0
2870271,426340956974666,3055750,0.61252297,256,2870016,2870271,2870042,0
2870527,426340959014208,1837792,0.63678324,256,2870272,2870527,2870318,0
2870783,426340959028625,2636416,0.60904724,256,2870528,2870783,2870774,0
2871039,426340959513875,2949000,0.60540203,256,2870784,2871039,2870956,0
2871295,426340960379416,2875459,0.60613878,256,2871040,2871295,2871059,0
2871551,426340961258791,2801084,0.61424834,256,2871296,2871551,2871517,0
2871807,426340962170875,2713250,0.59625723,256,2871552,2871807,2871789,0
2872063,426340963084083,2578958,0.60373505,256,2871808,2872063,2872002,0
2872319,426340963997583,2509792,0.61460563,256,2872064,2872319,2872272,0
2872575,426340964816500,2570458,0.66362755,256,2872320,2872575,2872543,0
2872831,426340965734625,2503958,0.59350308,256,2872576,2872831,2872806,0
2873087,426340966617791,2510292,0.62217051,256,2872832,2873087,2872917,0
2873343,426340967473708,2524292,0.61708042,256,2873088,2873343,2873174,0
2873599,426340968385625,2471291,0.64805175,256,2873344,2873599,2873382,0
2873855,426340969308333,2369792,0.62971467,256,2873600,2873855,2873773,0
2874111,426340970231583,2250333,0.6198063,256,2873856,2874111,2873982,0
2874367,426340971118375,2141625,0.58066036,256,2874112,2874367,2874261,0
2874623,426340972029500,2047250,0.62529003,256,2874368,2874623,2874439,0
2874879,426340972879750,1993166,0.62864922,256,2874624,2874879,2874749,0
2875135,426340973777708,1911833,0.62037311,256,2874880,2875135,2875030,0
2875391,426340974584750,1882000,0.5705806,256,2875136,2875391,2875385,0
2875647,426340975491625,1812083,0.63898438,256,2875392,2875647,2875524,0
2875903,426340976373250,1739875,0.60579449,256,2875648,2875903,2875865,0
2876159,426340977234375,1665958,0.59432828,256,2875904,2876159,2876156,0
2876415,426340978104375,1588125,0.56983826,256,2876160,2876415,2876319,0
2876671,426340978968541,1511750,0.57141594,256,2876416,2876671,2876495,0
2876927,426340979827083,1457708,0.5911342,256,2876672,2876927,2876923,0
2877183,426340980721875,1397750,0.63939749,256,2876928,2877183,2877044,0
2877439,426340981647666,1271875,0.63027226,256,2877184,2877439,2877374,0
2877695,426340982547666,1187625,0.58755874,256,2877440,2877695,2877610,0
2877951,426340983430875,1073375,0.56916369,256,2877696,2877951,2877873,0
2878207,426340984300333,1016458,0.62146377,256,2877952,2878207,2877982,0
2878463,426340985185333,931458,0.59872554,256,2878208,2878463,2878429,0
2878719,426340986085583,873542,0.59822397,256,2878464,2878719,2878555,0
2878975,426340986936291,862459,0.60944565,256,2878720,2878975,2878879,0
2879231,426340987797458,886917,0.61940373,256,2878976,2879231,2879121,0
2879487,426340988695750,1660875,0.61862896,256,2879232,2879487,2879321,0
2879743,426340989624791,1745292,0.64121584,256,2879488,2879743,2879528,0
2879999,426340990524750,1660958,0.60850876,256,2879744,2879999,2879793,0
2880255,426340991411333,1591833,0.63755647,256,2880000,2880255,2880220,0
2880511,426340992324625,1475791,0.62428661,256,2880256,2880511,2880344,0
2880767,426340993258458,1338375,0.60332944,256,2880512,2880767,2880530,0
2881023,426340994109666,1311084,0.6298314,256,2880768,2881023,2880816,0
2881279,426340995020500,1207583,0.58800449,256,2881024,2881279,2881254,0
2881535,426340995921375,1176750,0.5797155,256,2881280,2881535,2881501,0
2881791,426340996811791,1157417,0.59206189,256,2881536,2881791,2881739,0
2882047,426340997602125,1257083,0.61040398,256,2881792,2882047,2881805,0
2882303,426340998472000,1265708,0.57035621,256,2882048,2882303,2882232,0
2882559,426340999389583,1226667,0.6426336,256,2882304,2882559,2882541,0
2882815,426341000284083,1199750,0.65932005,256,2882560,2882815,2882599,0
2883071,426341001164916,1149375,0.59602317,256,2882816,2883071,2882964,0
2883327,426341002059083,1052958,0.60274246,256,2883072,2883327,2883133,0
2883583,426341002916625,1010791,0.61212021,256,2883328,2883583,2883568,0
2883839,426341003825708,3729583,0.6686183,256,2883584,2883839,2883692,0
2884095,426341004790083,2769625,0.60951265,256,2883840,2884095,2884032,0
2884351,426341007501208,1818000,0.64193169,256,2884096,2884351,2884347,0
2884607,426341007511000,2687208,0.58499298,256,2884352,2884607,2884588,0
2884863,426341007520791,3531667,0.58175114,256,2884608,2884863,2884783,0
2885119,426341008262291,3627459,0.6016676,256,2884864,2885119,2885064,0
2885375,426341009117625,3658791,0.61858467,256,2885120,2885375,2885336,0
2885631,426341010026625,3616625,0.58407239,256,2885376,2885631,2885503,0
2885887,426341010942791,3575042,0.59487259,256,2885632,2885887,2885695,0
2886143,426341011834625,3549291,0.58325845,256,2885888,2886143,2886087,0
2886399,426341012715500,3505750,0.57110776,256,2886144,2886399,2886261,0
2886655,426341013566166,3530959,0.62981849,256,2886400,2886655,2886568,0
2886911,426341014525083,3433083,0.60212846,256,2886656,2886911,2886884,0
2887167,426341015392041,3478542,0.65859587,256,2886912,2887167,2887048,0
2887423,426341016295000,3458541,0.60433851,256,2887168,2887423,2887327,0
2887679,426341017145000,3472833,0.60328128,256,2887424,2887679,2887525,0
2887935,426341018010625,3469250,0.58603592,256,2887680,2887935,2887736,0
2888191,426341018890166,3431625,0.6051523,256,2887936,2888191,2888138,0
2888447,426341019736791,3441875,0.60298794,256,2888192,2888447,2888341,0
2888703,426341020647833,3346333,0.59905662,256,2888448,2888703,2888644,0
2888959,426341021500833,3354708,0.61451882,256,2888704,2888959,2888947,0
2889215,426341022356708,3320750,0.64303692,256,2888960,2889215,2889078,0
2889471,426341023300250,3235375,0.60143652,256,2889216,2889471,2889228,0
2889727,426341024198833,3203958,0.61402743,256,2889472,2889727,2889611,0
2889983,426341025085708,3204542,0.61915101,256,2889728,2889983,2889963,0
2890239,426341025942166,3213292,0.61489867,256,2889984,2890239,2889986,0
2890495,426341026821666,3211709,0.61467062,256,2890240,2890495,2890317,0
2890751,426341027651166,3271209,0.59832341,256,2890496,2890751,2890499,0
2891007,426341028550333,3245333,0.60441898,256,2890752,2891007,2890906,0
2891263,426341029459583,3211292,0.60027493,256,2891008,2891263,2891111,0
2891519,426341030293916,3282084,0.66421782,256,2891264,2891519,2891410,0
2891775,426341031199500,3239291,0.61290356,256,2891520,2891775,2891574,0
2892031,426341032104333,3200958,0.64918656,256,2891776,2892031,2891800,0
2892287,426341032987958,3176542,0.59092323,256,2892032,2892287,2892037,0
2892543,426341033869750,3156166,0.6548657,256,2892288,2892543,2892531,0
