seq,detect_timestamp_ns,latency_ns,max_score,window_size_used,first_seq,last_seq,flagged_seq,occupancy_at_decision
255,1559024411258666,1296084,0.60530327,256,0,255,165,0
459,1559024411970041,1519667,0.60754791,204,256,459,431,0
698,1559024412799750,1789833,0.62263458,239,460,698,529,0
935,1559024413713875,1972791,0.60779822,237,699,935,800,0
1191,1559024414590166,2299250,0.60230919,256,936,1191,956,0
1444,1559024415449833,2664667,0.63330478,253,1192,1444,1378,0
1650,1559024416252541,2720625,0.63263105,206,1445,1650,1595,0
1880,1559024416977375,3045333,0.64410942,230,1651,1880,1775,0
2024,1559024417432833,3262000,0.59444516,144,1881,2024,1939,0
2245,1559024418224208,3642667,0.6023155,221,2025,2245,2198,0
2416,1559024418805583,3850292,0.59392582,171,2246,2416,2393,0
2560,1559024419336583,3978083,0.59879767,144,2417,2560,2557,0
2576,1559024419423875,3982625,0.6196173,16,2561,2576,2563,0
2626,1559024419556083,4097083,0.59713485,50,2577,2626,2602,0
2770,1559024420033541,4335500,0.6397648,144,2627,2770,2632,0
2929,1559024420620208,4472583,0.5764705,159,2771,2929,2806,0
3171,1559024421751833,4464458,0.60877202,242,2930,3171,2968,0
3408,1559024422240166,5118417,0.62750057,237,3172,3408,3340,0
3664,1559024423159291,5376917,0.63772835,256,3409,3664,3564,0
3840,1559024423779208,5581542,0.61225154,176,3665,3840,3693,0
4096,1559024424755833,5782333,0.64164905,256,3841,4096,3983,0
4352,1559024425661708,6051375,0.64319282,256,4097,4352,4236,0
4608,1559024426516250,6344750,0.62274917,256,4353,4608,4562,0
4742,1559024426932500,6580833,0.6079811,134,4609,4742,4612,0
4971,1559024427757833,6880958,0.63732299,229,4743,4971,4909,0
5172,1559024428376000,7121250,0.574203,201,4972,5172,5132,0
5349,1559024428981291,7313209,0.59443301,177,5173,5349,5257,0
5476,1559024429444583,7444417,0.64122953,127,5350,5476,5392,0
5671,1559024430066875,7678875,0.62660174,195,5477,5671,5570,0
5741,1559024430348250,7760458,0.64987984,70,5672,5741,5685,0
5894,1559024430877958,8323417,0.60605493,153,5742,5894,5837,0
5990,1559024431172791,8421292,0.59472973,96,5895,5990,5983,0
6143,1559024431714958,8593917,0.56811557,153,5991,6143,6130,0
6362,1559024432495375,8867166,0.65296432,219,6144,6362,6301,0
6618,1559024433426375,9141875,0.61340293,256,6363,6618,6526,0
6790,1559024434002625,9350291,0.64018076,172,6619,6790,6720,0
7046,1559024434947708,9610875,0.62623433,256,6791,7046,6952,0
7188,1559024435479458,9738458,0.63829761,142,7047,7188,7086,0
7444,1559024436328375,10061833,0.59043634,256,7189,7444,7340,0
7504,1559024436506250,10183416,0.61976185,60,7445,7504,7469,0
7609,1559024436918583,10269708,0.58714956,105,7505,7609,7579,0
7865,1559024437835500,10550041,0.63563742,256,7610,7865,7860,0
7917,1559024438039291,10617834,0.64076093,52,7866,7917,7886,0
8046,1559024438484166,10794959,0.5720823,129,7918,8046,7950,0
8302,1559024440129916,10358417,0.61442276,256,8047,8302,8215,0
8558,1559024440276791,11487334,0.64467236,256,8303,8558,8411,0
8710,1559024440810833,11735000,0.62364927,152,8559,8710,8705,0
8885,1559024441431666,11894625,0.61470539,175,8711,8885,8797,0
9078,1559024442059333,12229083,0.67610459,193,8886,9078,9061,0
9094,1559024442119250,12220000,0.63198015,16,9079,9094,9085,0
9110,1559024442181416,12250084,0.62202458,16,9095,9110,9107,0
9126,1559024442237375,12304333,0.60968774,16,9111,9126,9125,0
9142,1559024442300291,12301375,0.60467972,16,9127,9142,9132,0
9280,1559024442769291,12497917,0.61145127,138,9143,9280,9239,0
9469,1559024443397291,12961500,0.61156548,189,9281,9469,9322,0
9725,1559024444321416,13227459,0.64185669,256,9470,9725,9531,0
9981,1559024445198083,13519042,0.60819544,256,9726,9981,9835,0
10129,1559024445675791,13735709,0.58116441,148,9982,10129,10078,0
10322,1559024446400750,13904708,0.60853292,193,10130,10322,10172,0
10578,1559024447427625,14108750,0.62492758,256,10323,10578,10455,0
10679,1559024447553125,14500625,0.67894507,101,10579,10679,10670,0
10793,1559024447972958,14572458,0.59033335,114,10680,10793,10778,0
10896,1559024448280333,14785833,0.60293968,103,10794,10896,10874,0
10964,1559024448547125,14808500,0.57723284,68,10897,10964,10918,0
11158,1559024449213083,15301292,0.64961557,194,10965,11158,11141,0
11218,1559024449413083,15402250,0.61990471,60,11159,11218,11164,0
11393,1559024450053458,15570875,0.62749321,175,11219,11393,11374,0
11435,1559024450231541,15589542,0.55075064,42,11394,11435,11394,0
11568,1559024450650250,15808000,0.65605684,133,11436,11568,11445,0
11780,1559024451396250,16100458,0.63862436,212,11569,11780,11769,0
11830,1559024451578958,16133667,0.59021261,50,11781,11830,11816,0
11994,1559024452133083,16489958,0.61520012,164,11831,11994,11924,0
12222,1559024452852125,16935250,0.64809905,228,11995,12222,12177,0
12334,1559024453220833,17098875,0.63287607,112,12223,12334,12234,0
12534,1559024453920416,17334125,0.60094351,200,12335,12534,12345,0
12550,1559024453997541,17337834,0.56905988,16,12535,12550,12536,0
12752,1559024454654750,17931333,0.61548058,202,12551,12752,12614,0
12879,1559024455481125,17701458,0.59591184,127,12753,12879,12756,0
13118,1559024455995000,18299333,0.64472019,239,12880,13118,13083,0
13327,1559024456649166,18617667,0.6103563,209,13119,13327,13170,0
13542,1559024457392583,18873125,0.6762325,215,13328,13542,13542,0
13558,1559024457462083,18920792,0.59418227,16,13543,13558,13546,0
13574,1559024457516541,18924875,0.58378045,16,13559,13574,13574,0
13644,1559024457771125,19014125,0.62823744,70,13575,13644,13626,0
13709,1559024457988833,19102792,0.57673448,65,13645,13709,13649,0
13954,1559024458795125,19428916,0.59521602,245,13710,13954,13768,0
14165,1559024459550375,19622000,0.63039284,211,13955,14165,13973,0
14403,1559024460367500,19908875,0.65093792,238,14166,14403,14183,0
14651,1559024461148250,20251750,0.61951663,248,14404,14651,14506,0
14907,1559024462081541,20468792,0.60176922,256,14652,14907,14706,0
15135,1559024462858291,20703709,0.62239543,228,14908,15135,15087,0
15280,1559024463340833,20906292,0.62346011,145,15136,15280,15153,0
15429,1559024463882666,21074084,0.62318861,149,15281,15429,15354,0
15650,1559024464567541,21471542,0.60593528,221,15430,15650,15509,0
15811,1559024465158291,21700625,0.60674639,161,15651,15811,15743,0
16016,1559024465802750,22002250,0.57655639,205,15812,16016,15823,0
16055,1559024465924250,22067416,0.59356166,39,16017,16055,16042,0
16257,1559024466649583,22336542,0.61005339,202,16056,16257,16139,0
16442,1559024467331500,22546500,0.62176583,185,16258,16442,16319,0
16537,1559024467663958,22667792,0.64976743,95,16443,16537,16528,0
16793,1559024468506750,23060583,0.67761214,256,16538,16793,16606,0
17006,1559024469290166,23256875,0.63351258,213,16794,17006,16970,0
17081,1559024469615500,23289250,0.5999705,75,17007,17081,17040,0
17172,1559024469919958,23411667,0.59799253,91,17082,17172,17104,0
17317,1559024470375625,23659791,0.60263866,145,17173,17317,17303,0
17517,1559024471123458,23886042,0.6318691,200,17318,17517,17349,0
17773,1559024472021000,24204875,0.60372303,256,17518,17773,17572,0
17999,1559024473197708,24282292,0.58486997,226,17774,17999,17928,0
18113,1559024473203458,24750083,0.59024759,114,18000,18113,18099,0
18369,1559024474006666,25082459,0.58801015,256,18114,18369,18238,0
18610,1559024474820791,25404000,0.68728591,241,18370,18610,18577,0
18633,1559024474948208,25384292,0.54142068,23,18611,18633,18615,0
18801,1559024475467083,25613000,0.61867574,168,18634,18801,18642,0
18923,1559024475907833,25763667,0.61264445,122,18802,18923,18860,0
19131,1559024476612541,25995167,0.60049282,208,18924,19131,19088,0
19218,1559024476904000,26099750,0.61710258,87,19132,19218,19209,0
19340,1559024477326791,26227667,0.56516272,122,19219,19340,19246,0
19596,1559024478288958,26557292,0.6286582,256,19341,19596,19592,0
19696,1559024478610916,26706917,0.60047734,100,19597,19696,19635,0
19932,1559024479411000,26997250,0.6453923,236,19697,19932,19761,0
19948,1559024479491291,27007084,0.61664735,16,19933,19948,19945,0
20009,1559024479716083,27209458,0.57418834,61,19949,20009,19963,0
20229,1559024480498041,27349084,0.598356,220,20010,20229,20229,0
20245,1559024480589291,27458292,0.61071043,16,20230,20245,20244,0
20261,1559024480590041,27459167,0.56274966,16,20246,20261,20258,0
20414,1559024481123208,27607208,0.6416423,153,20262,20414,20262,0
20670,1559024482247750,27709958,0.62430912,256,20415,20670,20661,0
20686,1559024482248583,27792208,0.55247478,16,20671,20686,20672,0
20735,1559024482251000,28073833,0.63129476,49,20687,20735,20723,0
20863,1559024482647166,28286334,0.58986292,128,20736,20863,20794,0
21063,1559024483352500,28473333,0.64913662,200,20864,21063,21021,0
21286,1559024484083166,28833917,0.59326676,223,21064,21286,21201,0
21302,1559024484175750,28759750,0.60271673,16,21287,21302,21302,0
21328,1559024484251375,28884083,0.60072369,26,21303,21328,21327,0
21448,1559024484644833,29061417,0.64973736,120,21329,21448,21379,0
21631,1559024485316833,29230917,0.56963304,183,21449,21631,21490,0
21872,1559024486066000,29568125,0.61284035,241,21632,21872,21740,0
22117,1559024486884000,29890166,0.64470687,245,21873,22117,22057,0
22373,1559024487788625,30194041,0.59847605,256,22118,22373,22228,0
22629,1559024488615041,30624750,0.68487594,256,22374,22629,22573,0
22645,1559024488690916,30638792,0.65457102,16,22630,22645,22634,0
22675,1559024488777583,30706333,0.63604389,30,22646,22675,22650,0
22890,1559024489485375,31035541,0.60635518,215,22676,22890,22827,0
23105,1559024490224625,31514458,0.63492915,215,22891,23105,23095,0
23148,1559024490385791,31556209,0.56733957,43,23106,23148,23117,0
23379,1559024491488791,31541417,0.60867924,231,23149,23379,23370,0
23558,1559024491871083,31997708,0.64038003,179,23380,23558,23424,0
23814,1559024492743625,32268916,0.60458498,256,23559,23814,23626,0
24070,1559024493669208,32475208,0.61138184,256,23815,24070,23938,0
24229,1559024494225958,32622333,0.5674499,159,24071,24229,24169,0
24485,1559024495024250,33027458,0.62098797,256,24230,24485,24466,0
24622,1559024495514583,33153708,0.62856775,137,24486,24622,24618,0
24660,1559024495627666,33210250,0.61952238,38,24623,24660,24649,0
24844,1559024496320125,33412333,0.61344227,184,24661,24844,24746,0
24936,1559024496616583,33506167,0.59053032,92,24845,24936,24870,0
25144,1559024497384166,33917375,0.6257972,208,24937,25144,25107,0
25352,1559024498122458,34530542,0.64044553,208,25145,25352,25223,0
25554,1559024498753000,34964083,0.62097953,202,25353,25554,25488,0
25810,1559024499659166,35281250,0.61062979,256,25555,25810,25660,0
26014,1559024500389125,35505541,0.60962017,204,25811,26014,26008,0
26030,1559024500427000,35548041,0.56337285,16,26015,26030,26017,0
26154,1559024500883250,35680791,0.60111605,124,26031,26154,26149,0
26410,1559024501797958,36030917,0.61720247,256,26155,26410,26347,0
26451,1559024501912833,36111083,0.53918516,41,26411,26451,26436,0
26707,1559024502815916,36641584,0.64102501,256,26452,26707,26538,0
26963,1559024503710958,36877458,0.58298577,256,26708,26963,26939,0
27219,1559024504673541,37117625,0.59691529,256,26964,27219,27134,0
27475,1559024505742000,37258916,0.6443855,256,27220,27475,27259,0
27660,1559024506217916,37668959,0.65614144,185,27476,27660,27559,0
27801,1559024506636416,37903584,0.57842803,141,27661,27801,27773,0
28057,1559024507543708,38236375,0.61891241,256,27802,28057,28054,0
28191,1559024507983250,38461583,0.6332931,134,28058,28191,28081,0
28362,1559024508574583,38611292,0.58710934,171,28192,28362,28196,0
28492,1559024509098208,38717208,0.58076314,130,28363,28492,28452,0
28587,1559024509385708,38879250,0.60331849,95,28493,28587,28493,0
28821,1559024510210708,39100458,0.61998326,234,28588,28821,28701,0
29059,1559024511073250,39272416,0.65400459,238,28822,29059,29035,0
29315,1559024511887875,39615666,0.6237523,256,29060,29315,29134,0
29491,1559024512494291,39796000,0.57439143,176,29316,29491,29387,0
29642,1559024512994000,40020708,0.6458288,151,29492,29642,29599,0
29803,1559024513617625,40140458,0.59749237,161,29643,29803,29752,0
29987,1559024514197416,40415375,0.57496355,184,29804,29987,29961,0
30118,1559024514668166,40684792,0.597402,131,29988,30118,30061,0
30374,1559024515543666,40964584,0.61188899,256,30119,30374,30235,0
30630,1559024516364875,41309875,0.66563199,256,30375,30630,30416,0
30886,1559024517345833,41498708,0.61303204,256,30631,30886,30869,0
31093,1559024517988666,41789709,0.59416986,207,30887,31093,31039,0
31188,1559024518325958,41883667,0.60281846,95,31094,31188,31136,0
31421,1559024519121833,42183500,0.59442221,233,31189,31421,31299,0
31592,1559024519659708,42433500,0.57155643,171,31422,31592,31591,0
31809,1559024520471333,42591542,0.59648675,217,31593,31809,31707,0
31981,1559024521073416,42787209,0.59384777,172,31810,31981,31879,0
32173,1559024522509166,42439709,0.65585927,192,31982,32173,32050,0
32429,1559024522596250,43575083,0.63750405,256,32174,32429,32395,0
32609,1559024523228208,43739625,0.54946415,180,32430,32609,32482,0
32865,1559024524162625,43994625,0.65071636,256,32610,32865,32698,0
33117,1559024524943333,44348417,0.59603534,252,32866,33117,32882,0
33373,1559024525800708,44672583,0.62639294,256,33118,33373,33314,0
33622,1559024526668125,44949291,0.59937858,249,33374,33622,33439,0
33777,1559024527184166,45168917,0.61854913,155,33623,33777,33631,0
33936,1559024527711541,45527834,0.59637254,159,33778,33936,33899,0
34192,1559024528513541,45873625,0.6080745,256,33937,34192,33995,0
34403,1559024529210708,46597625,0.63534921,211,34193,34403,34202,0
34635,1559024529976416,46923459,0.59496119,232,34404,34635,34459,0
34687,1559024530165250,46962250,0.59199943,52,34636,34687,34650,0
34857,1559024530813500,47064583,0.58953778,170,34688,34857,34711,0
35113,1559024531658708,47385417,0.62598071,256,34858,35113,34911,0
35369,1559024532555708,47616625,0.62042115,256,35114,35369,35310,0
35606,1559024533410958,47866292,0.6007891,237,35370,35606,35384,0
35778,1559024534008833,47965375,0.60044824,172,35607,35778,35687,0
35951,1559024534564083,48205000,0.60120333,173,35779,35951,35916,0
36156,1559024535279666,48429167,0.62258164,205,35952,36156,36031,0
36263,1559024535633666,48579584,0.61672773,107,36157,36263,36177,0
36326,1559024535850666,48646250,0.58956175,63,36264,36326,36271,0
36495,1559024536427416,49190959,0.63793373,169,36327,36495,36484,0
36581,1559024536766583,49389917,0.56634498,86,36496,36581,36552,0
36819,1559024537551458,50083958,0.65676825,238,36582,36819,36807,0
36978,1559024538692458,49726833,0.58900255,159,36820,36978,36941,0
37163,1559024539035791,50265917,0.65068601,185,36979,37163,37136,0
37285,1559024539183750,50701333,0.61783429,122,37164,37285,37251,0
37463,1559024539808416,50894834,0.65469798,178,37286,37463,37363,0
37588,1559024540238166,51067542,0.63176897,125,37464,37588,37523,0
37700,1559024540647000,51154416,0.55779443,112,37589,37700,37636,0
37875,1559024541240208,51368583,0.61766377,175,37701,37875,37852,0
37938,1559024541432666,51447042,0.59563738,63,37876,37938,37928,0
38092,1559024542014000,51605791,0.58513977,154,37939,38092,37967,0
38278,1559024542958041,51458042,0.59642016,186,38093,38278,38174,0
38446,1559024543245541,51914125,0.59249444,168,38279,38446,38446,0
38501,1559024543449375,51974791,0.58492042,55,38447,38501,38495,0
38533,1559024543535250,52048083,0.58815758,32,38502,38533,38530,0
38619,1559024543849750,52137041,0.66309834,86,38534,38619,38535,0
38875,1559024544795166,52341459,0.61057383,256,38620,38875,38830,0
39131,1559024545657625,52690375,0.59880173,256,38876,39131,38927,0
39387,1559024546629541,52847625,0.60759245,256,39132,39387,39191,0
39643,1559024547506083,53093333,0.65781552,256,39388,39643,39424,0
39824,1559024548147875,53246750,0.63380544,181,39644,39824,39704,0
39994,1559024548872583,53246625,0.59752637,170,39825,39994,39856,0
40199,1559024549392000,53645625,0.60113956,205,39995,40199,40093,0
40444,1559024550228416,53893834,0.62129579,245,40200,40444,40357,0
40546,1559024550619416,53947542,0.57520302,102,40445,40546,40514,0
40693,1559024551080666,54231500,0.62064396,147,40547,40693,40657,0
40810,1559024551458583,54483500,0.59170674,117,40694,40810,40727,0
41066,1559024552356000,54621916,0.60302827,256,40811,41066,40880,0
41288,1559024553116500,54915791,0.60785975,222,41067,41288,41179,0
41544,1559024553927375,55210083,0.61596974,256,41289,41544,41397,0
41605,1559024554130416,55266917,0.55640944,61,41545,41605,41553,0
41861,1559024555351125,55174666,0.56519687,256,41606,41861,41775,0
42047,1559024555671541,55679750,0.62374666,186,41862,42047,41951,0
42269,1559024556445791,55929959,0.6010083,222,42048,42269,42117,0
42525,1559024557320541,56118209,0.58368317,256,42270,42525,42310,0
42707,1559024557948416,56282500,0.58232311,182,42526,42707,42585,0
42843,1559024558437791,56416750,0.6099363,136,42708,42843,42804,0
42937,1559024558745375,56616958,0.57872117,94,42844,42937,42873,0
43073,1559024559191958,56735083,0.60861314,136,42938,43073,42938,0
43273,1559024559820208,56969417,0.60607571,200,43074,43273,43247,0
43315,1559024559998958,57056458,0.61528807,42,43274,43315,43281,0
43368,1559024560182416,57064250,0.58069453,53,43316,43368,43339,0
43624,1559024561107791,57297875,0.60228561,256,43369,43624,43523,0
43880,1559024562024000,57495958,0.65134198,256,43625,43880,43862,0
44059,1559024562557125,57721375,0.54998836,179,43881,44059,43974,0
44265,1559024563339333,57847667,0.62799196,206,44060,44265,44136,0
44521,1559024564209666,58193375,0.64382915,256,44266,44521,44454,0
44777,1559024565144291,58389959,0.61922696,256,44522,44777,44668,0
44956,1559024565762500,58584333,0.60329803,179,44778,44956,44799,0
45212,1559024566613000,58859000,0.62816033,256,44957,45212,45159,0
45468,1559024567412500,59167875,0.57488227,256,45213,45468,45390,0
45692,1559024568262583,59302292,0.64913908,224,45469,45692,45529,0
45859,1559024568783916,59528292,0.59932455,167,45693,45859,45820,0
46061,1559024569571375,59611541,0.58963899,202,45860,46061,45982,0
46077,1559024569627125,59629166,0.53059912,16,46062,46077,46069,0
46243,1559024570185750,59824250,0.61677297,166,46078,46243,46227,0
46347,1559024570517958,59974542,0.65642894,104,46244,46347,46328,0
46487,1559024571020791,60127209,0.59803943,140,46348,46487,46352,0
46652,1559024571608833,60348833,0.61479246,165,46488,46652,46554,0
46765,1559024571937041,60474167,0.58687898,113,46653,46765,46724,0
46924,1559024572744666,60434417,0.55178688,159,46766,46924,46795,0
47142,1559024573178875,60974541,0.59135754,218,46925,47142,47140,0
47273,1559024573666666,61060042,0.60889053,131,47143,47273,47192,0
47529,1559024574522000,61337458,0.63722307,256,47274,47529,47528,0
47785,1559024575407250,61617583,0.6789547,256,47530,47785,47564,0
47945,1559024575955666,61757334,0.574897,160,47786,47945,47829,0
48201,1559024576787791,62185292,0.62730144,256,47946,48201,47963,0
48316,1559024577202625,62248875,0.57473111,115,48202,48316,48260,0
48571,1559024578005666,62554584,0.64256733,255,48317,48571,48558,0
48827,1559024578920625,62844000,0.62837244,256,48572,48827,48738,0
48843,1559024578976000,62891666,0.61037447,16,48828,48843,48830,0
48859,1559024579026125,62909250,0.58086085,16,48844,48859,48848,0
48945,1559024579336041,63025667,0.5982365,86,48860,48945,48934,0
49090,1559024579847416,63191667,0.59210864,145,48946,49090,49019,0
49243,1559024580357583,63349083,0.60359799,153,49091,49243,49210,0
49499,1559024581276833,63569833,0.58793211,256,49244,49499,49267,0
49642,1559024581778958,63683208,0.56453933,143,49500,49642,49549,0
49898,1559024582600375,64017125,0.59659302,256,49643,49898,49648,0
50154,1559024583599958,64157792,0.61424866,256,49899,50154,50051,0
50357,1559024584255333,64455167,0.62930165,203,50155,50357,50343,0
50507,1559024584752666,64637417,0.56470256,150,50358,50507,50367,0
50735,1559024585506250,64947375,0.58270619,228,50508,50735,50654,0
50945,1559024586190458,65224500,0.58112582,210,50736,50945,50827,0
51197,1559024587078125,65492208,0.62488011,252,50946,51197,50957,0
51321,1559024587482958,65675083,0.57593519,124,51198,51321,51231,0
51403,1559024587778791,65773125,0.58236464,82,51322,51403,51396,0
51461,1559024587947208,65830750,0.57055229,58,51404,51461,51419,0
51615,1559024588574000,65898208,0.62010245,154,51462,51615,51578,0
51794,1559024589098958,66186708,0.61426755,179,51616,51794,51636,0
51887,1559024589432541,66349584,0.61091659,93,51795,51887,51830,0
52143,1559024590386625,66495916,0.59584126,256,51888,52143,52094,0
52399,1559024591239583,66759250,0.60658991,256,52144,52399,52213,0
52620,1559024592025000,66980583,0.61519844,221,52400,52620,52489,0
52831,1559024592748541,67362792,0.59425728,211,52621,52831,52738,0
53069,1559024593567208,67758000,0.61129457,238,52832,53069,53016,0
53308,1559024594407833,67947625,0.60562089,239,53070,53308,53295,0
53479,1559024595043541,68140250,0.58043604,171,53309,53479,53374,0
53735,1559024595864333,68332625,0.60377393,256,53480,53735,53520,0
53885,1559024596370375,68534083,0.62713047,150,53736,53885,53836,0
53967,1559024596657166,68613375,0.6093607,82,53886,53967,53945,0
54160,1559024597334625,68796250,0.5839479,193,53968,54160,53972,0
54416,1559024598259125,69028458,0.65692913,256,54161,54416,54263,0
54672,1559024599031625,69406375,0.61805452,256,54417,54672,54465,0
54899,1559024599888166,69491500,0.62261602,227,54673,54899,54803,0
55089,1559024600617916,69584542,0.57629691,190,54900,55089,55030,0
55278,1559024601223708,69841167,0.61549548,189,55090,55278,55236,0
55475,1559024601977500,69901458,0.59284452,197,55279,55475,55433,0
55670,1559024603393541,69602375,0.59535012,195,55476,55670,55536,0
55807,1559024604203791,69372084,0.60383213,137,55671,55807,55690,0
56063,1559024605359625,69334458,0.58227665,256,55808,56063,56062,0
56319,1559024605973833,69793917,0.57086195,256,56064,56319,56064,0
56444,1559024605980083,70382208,0.59378722,125,56320,56444,56332,0
56574,1559024607010625,69887041,0.56336057,130,56445,56574,56467,0
56824,1559024608072833,69906458,0.62129146,250,56575,56824,56802,0
56951,1559024609235291,69330334,0.62494963,127,56825,56951,56835,0
57203,1559024609504708,70100167,0.59723363,252,56952,57203,57044,0
57459,1559024610592458,70170583,0.58792185,256,57204,57459,57302,0
57667,1559024611398250,70269125,0.61263605,208,57460,57667,57590,0
57852,1559024612349458,70176375,0.59954949,185,57668,57852,57720,0
58090,1559024614285958,69314000,0.61526841,238,57853,58090,57875,0
58293,1559024614866833,69584542,0.57430543,203,58091,58293,58290,0
58316,1559024614867958,69706167,0.60018103,23,58294,58316,58300,0
58332,1559024614868750,69793666,0.61289621,16,58317,58332,58324,0
58411,1559024614872708,70181917,0.58664847,79,58333,58411,58350,0
58571,1559024615322958,70467375,0.69292101,160,58412,58571,58558,0
58587,1559024615323750,70541583,0.6426057,16,58572,58587,58573,0
58603,1559024615324541,70627209,0.62522518,16,58588,58603,58601,0
58619,1559024615325333,70721417,0.59500802,16,58604,58619,58615,0
58635,1559024615326208,70796833,0.57497912,16,58620,58635,58625,0
58766,1559024615332708,71408708,0.59693152,131,58636,58766,58667,0
58937,1559024615953000,71557958,0.59034389,171,58767,58937,58883,0
58986,1559024615955416,71779625,0.55427947,49,58938,58986,58943,0
59040,1559024616880833,71110375,0.57075411,54,58987,59040,59005,0
59144,1559024616886041,71584334,0.62245042,104,59041,59144,59046,0
59311,1559024617071333,72312917,0.57668844,167,59145,59311,59171,0
59567,1559024617361916,73178625,0.59891146,256,59312,59567,59472,0
59787,1559024619555666,71956917,0.59348389,220,59568,59787,59762,0
59918,1559024620322166,71799000,0.59958757,131,59788,59918,59897,0
60067,1559024620329541,72490334,0.58000046,149,59919,60067,60050,0
60270,1559024621245708,72449000,0.55770293,203,60068,60270,60242,0
60526,1559024622444583,72542083,0.60133077,256,60271,60526,60289,0
60782,1559024624428375,71712875,0.63295032,256,60527,60782,60666,0
61038,1559024625549416,71742709,0.60153947,256,60783,61038,61002,0
61248,1559024626777666,71457042,0.59920349,210,61039,61248,61040,0
61448,1559024627704791,71404834,0.59158211,200,61249,61448,61373,0
61704,1559024628629708,71654208,0.64671385,256,61449,61704,61544,0
61960,1559024629445375,72046541,0.63386269,256,61705,61960,61875,0
61976,1559024629446166,72108292,0.60426512,16,61961,61976,61966,0
61992,1559024629446958,72193708,0.52578471,16,61977,61992,61989,0
62140,1559024629454375,72825125,0.5932298,148,61993,62140,62117,0
62300,1559024630048958,72981542,0.63753856,160,62141,62300,62260,0
62556,1559024632462208,71717667,0.59024547,256,62301,62556,62375,0
62707,1559024634897625,69998541,0.63687953,151,62557,62707,62655,0
62952,1559024637813958,68122000,0.60181328,245,62708,62952,62774,0
63076,1559024638961500,67507333,0.64143286,124,62953,63076,62978,0
63299,1559024641799291,65633917,0.57706709,223,63077,63299,63164,0
63543,1559024641940083,66657375,0.61257362,244,63300,63543,63429,0
63653,1559024641945583,67039000,0.57822341,110,63544,63653,63593,0
63823,1559024641954125,67764250,0.60967855,170,63654,63823,63686,0
63972,1559024642346750,68014333,0.59341199,149,63824,63972,63831,0
64167,1559024643818958,67463750,0.64639082,195,63973,64167,64021,0
64183,1559024643819791,67540250,0.5305742,16,64168,64183,64171,0
64376,1559024644996375,67199041,0.61029215,193,64184,64376,64207,0
64513,1559024645003333,67765625,0.62883106,137,64377,64513,64431,0
64763,1559024645863666,67976542,0.56860543,250,64514,64763,64630,0
64929,1559024646643583,67919542,0.56441215,166,64764,64929,64810,0
65122,1559024646653250,68757083,0.60762078,193,64930,65122,65012,0
65295,1559024647804541,68369125,0.61130886,173,65123,65295,65189,0
65503,1559024648744541,68359459,0.5750652,208,65296,65503,65347,0
65759,1559024649430458,68804042,0.58355571,256,65504,65759,65754,0
65957,1559024650503458,68596167,0.58718128,198,65760,65957,65933,0
66213,1559024653198125,67066333,0.61997599,256,65958,66213,66045,0
66351,1559024653727291,67133834,0.59053964,138,66214,66351,66343,0
66607,1559024654106958,67981833,0.63354144,256,66352,66607,66553,0
66863,1559024655315041,67788417,0.61653147,256,66608,66863,66699,0
67105,1559024655778500,68379708,0.56357814,242,66864,67105,66908,0
67288,1559024656921666,68068750,0.59877957,183,67106,67288,67263,0
67464,1559024658035708,67735083,0.60738056,176,67289,67464,67316,0
67650,1559024659032208,67609000,0.61848223,186,67465,67650,67567,0
67906,1559024660159500,67813708,0.5728344,256,67651,67906,67799,0
68162,1559024662403041,66489167,0.61213227,256,67907,68162,68026,0
68364,1559024664280375,65473416,0.59197516,202,68163,68364,68185,0
68582,1559024664973333,65742667,0.59319544,218,68365,68582,68469,0
68684,1559024665318875,65823833,0.56035767,102,68583,68684,68614,0
68901,1559024666157541,65935292,0.59242797,217,68685,68901,68764,0
69138,1559024667309208,65806167,0.59253761,237,68902,69138,69107,0
69244,1559024668461125,65143250,0.6337925,106,69139,69244,69185,0
69500,1559024669448083,65328875,0.62627704,256,69245,69500,69375,0
69756,1559024670269500,65621083,0.57674917,256,69501,69756,69699,0
69859,1559024671041166,65295542,0.58328891,103,69757,69859,69794,0
70082,1559024672376000,64943666,0.61252297,223,69860,70082,70042,0
70338,1559024673150333,65340917,0.63678324,256,70083,70338,70318,0
70379,1559024673152750,65506666,0.54759996,41,70339,70379,70361,0
70588,1559024673652500,65998291,0.61420734,209,70380,70588,70414,0
70794,1559024674761958,66150542,0.60904724,206,70589,70794,70774,0
70954,1559024674770000,67127375,0.5744922,160,70795,70954,70931,0
71206,1559024676363083,66671708,0.60613878,252,70955,71206,71059,0
71455,1559024676944041,67135667,0.59180814,249,71207,71455,71400,0
71655,1559024678047583,66978667,0.61424834,200,71456,71655,71517,0
71818,1559024678642708,67141375,0.59625723,163,71656,71818,71789,0
71924,1559024678648083,67563750,0.58037812,106,71819,71924,71915,0
72050,1559024679676500,67079291,0.60373505,126,71925,72050,72002,0
72293,1559024680796958,67032042,0.61460563,243,72051,72293,72272,0
72316,1559024680798125,67142916,0.53343172,23,72294,72316,72295,0
72423,1559024680803458,67607083,0.63025999,107,72317,72423,72376,0
72679,1559024682577333,67203667,0.66362755,256,72424,72679,72543,0
72889,1559024683612666,67081459,0.59566289,210,72680,72889,72887,0
73145,1559024684496750,67403541,0.62217051,256,72890,73145,72917,0
73401,1559024684691666,68373584,0.64805175,256,73146,73401,73382,0
73657,1559024685055833,69109625,0.60259417,256,73402,73657,73615,0
73913,1559024685802333,69783375,0.62971467,256,73658,73913,73773,0
74122,1559024685997416,70265292,0.6198063,209,73914,74122,73982,0
74330,1559024686168208,70975292,0.58066036,208,74123,74330,74261,0
74536,1559024686178666,71881292,0.62529003,206,74331,74536,74439,0
74736,1559024686794791,72138334,0.60866964,200,74537,74736,74643,0
74766,1559024686796291,72262500,0.62864922,30,74737,74766,74749,0
74861,1559024686801166,72683625,0.58913855,95,74767,74861,74808,0
75117,1559024687808041,73347792,0.62037311,256,74862,75117,75030,0
75222,1559024687813291,73719542,0.55518353,105,75118,75222,75129,0
75364,1559024688244875,73874333,0.55209246,142,75223,75364,75270,0
75592,1559024688655250,74494916,0.63898438,228,75365,75592,75524,0
75736,1559024688662500,75222000,0.60914251,144,75593,75736,75632,0
75802,1559024689419333,74712625,0.57661624,66,75737,75802,75762,0
76008,1559024690554125,74409708,0.60579449,206,75803,76008,75865,0
76264,1559024692124125,73878583,0.59432828,256,76009,76264,76156,0
76392,1559024692803625,73706791,0.56983826,128,76265,76392,76319,0
76562,1559024695115041,72088625,0.57141594,170,76393,76562,76495,0
76818,1559024696248583,72010875,0.58731305,256,76563,76818,76756,0
77001,1559024697424416,71597459,0.59258233,183,76819,77001,76966,0
77068,1559024697427791,71846750,0.63939749,67,77002,77068,77044,0
77084,1559024697428625,71934000,0.61651825,16,77069,77084,77074,0
77100,1559024697429416,72017584,0.55318249,16,77085,77100,77088,0
77255,1559024698239291,71825792,0.58810538,155,77101,77255,77125,0
77511,1559024699151166,71999959,0.63027226,256,77256,77511,77374,0
77700,1559024699160750,72922291,0.58755874,189,77512,77700,77610,0
77956,1559024700310291,72706042,0.56916369,256,77701,77956,77873,0
78081,1559024701528000,71973250,0.62146377,125,77957,78081,77982,0
78286,1559024701588000,72761416,0.60246461,205,78082,78286,78132,0
78470,1559024701671583,73451292,0.59872554,184,78287,78470,78429,0
78695,1559024702269875,73711500,0.59822397,225,78471,78695,78555,0
78875,1559024704133583,72588000,0.59446178,180,78696,78875,78809,0
79113,1559024704914708,72813958,0.61647809,238,78876,79113,79082,0
79244,1559024705955291,72375584,0.61940373,131,79114,79244,79121,0
79446,1559024706662083,72618917,0.61862896,202,79245,79446,79321,0
79642,1559024707485000,72624708,0.64121584,196,79447,79642,79528,0
79740,1559024708553500,72012916,0.58915033,98,79643,79740,79691,0
79910,1559024709770000,71538000,0.60850876,170,79741,79910,79793,0
80166,1559024710419541,72107292,0.59243858,256,79911,80166,80049,0
80422,1559024711297500,72268125,0.63755647,256,80167,80422,80220,0
80590,1559024711371833,72923750,0.60332944,168,80423,80590,80530,0
80753,1559024712336208,72668167,0.55736775,163,80591,80753,80625,0
80938,1559024712857958,73001958,0.6298314,185,80754,80938,80816,0
81097,1559024712865958,73691250,0.5681895,159,80939,81097,81068,0
81310,1559024716208208,71319333,0.58800449,213,81098,81310,81254,0
81551,1559024717139291,71885625,0.5797155,241,81311,81551,81501,0
81721,1559024718323375,71022375,0.58821582,170,81552,81721,81558,0
81977,1559024719104458,71334417,0.61040398,256,81722,81977,81805,0
82224,1559024720905375,70588625,0.6066355,247,81978,82224,82016,0
82464,1559024722548000,69992208,0.57977163,240,82225,82464,82353,0
82504,1559024722550000,70158666,0.54903925,40,82465,82504,82502,0
82757,1559024723118625,71010208,0.65932005,253,82505,82757,82599,0
83013,1559024725021000,70297791,0.59602317,256,82758,83013,82964,0
83181,1559024725029458,71089958,0.60274246,168,83014,83181,83133,0
83384,1559024726683625,70340583,0.59988771,203,83182,83384,83364,0
83550,1559024727875875,69874833,0.59365443,166,83385,83550,83546,0
83629,1559024727880583,70236917,0.61212021,79,83551,83629,83568,0
83825,1559024728945166,70120667,0.6686183,196,83630,83825,83692,0
84018,1559024730850000,69016000,0.56468519,193,83826,84018,83867,0
84274,1559024731202166,69828000,0.61662286,256,84019,84274,84199,0
84413,1559024731209125,70444791,0.64193169,139,84275,84413,84347,0
84578,1559024732159875,70218708,0.56950513,165,84414,84578,84506,0
84678,1559024732164916,70671500,0.58499298,100,84579,84678,84588,0
84865,1559024733610916,70041792,0.58175114,187,84679,84865,84783,0
85072,1559024734851250,70005375,0.6016676,207,84866,85072,85064,0
85233,1559024735914500,69908291,0.592464,161,85073,85233,85123,0
85484,1559024736390708,70252125,0.61858467,251,85234,85484,85336,0
85634,1559024736398208,70892042,0.58407239,150,85485,85634,85503,0
85731,1559024737367583,70395958,0.59487259,97,85635,85731,85695,0
85933,1559024738645083,69982458,0.57453155,202,85732,85933,85774,0
86189,1559024738751375,71017833,0.58325845,256,85934,86189,86087,0
86391,1559024739972958,70651625,0.57110776,202,86190,86391,86261,0
86626,1559024741915666,69773500,0.62981849,235,86392,86626,86568,0
86751,1559024741921958,70304750,0.57381751,125,86627,86751,86640,0
86987,1559024743022000,70291500,0.61250639,236,86752,86987,86967,0
87243,1559024744151833,70356750,0.65859587,256,86988,87243,87048,0
87445,1559024745063083,70824875,0.60433851,202,87244,87445,87327,0
87682,1559024746264916,71057125,0.60328128,237,87446,87682,87525,0
87829,1559024746834791,71357709,0.58603592,147,87683,87829,87736,0
88067,1559024747901750,71392125,0.58117719,238,87830,88067,88034,0
88263,1559024748033041,72158417,0.6051523,196,88068,88263,88138,0
88319,1559024748035791,72415292,0.5701834,56,88264,88319,88306,0
88370,1559024748038375,72669541,0.60298794,51,88320,88370,88341,0
88446,1559024748404583,72649708,0.60204624,76,88371,88446,88401,0
88563,1559024749750000,72380041,0.56066409,117,88447,88563,88554,0
88819,1559024751912250,71054250,0.59933504,256,88564,88819,88796,0
88989,1559024753086833,70583708,0.61451882,170,88820,88989,88947,0
89245,1559024754171000,70663125,0.64303692,256,88990,89245,89078,0
89407,1559024756006833,69843000,0.57807864,162,89246,89407,89335,0
89661,1559024756348458,71125292,0.61402743,254,89408,89661,89611,0
89880,1559024758096875,70362375,0.59535371,219,89662,89880,89827,0
89939,1559024758099833,70636708,0.57895925,59,89881,89939,89927,0
90161,1559024759008958,70789500,0.61915101,222,89940,90161,89963,0
90244,1559024759013125,71256250,0.57221192,83,90162,90244,90226,0
90425,1559024759116916,71878250,0.61467062,181,90245,90425,90317,0
90595,1559024759507166,72267209,0.59832341,170,90426,90595,90499,0
90716,1559024759513166,72885459,0.57762067,121,90596,90716,90641,0
90875,1559024761562791,71542709,0.5910827,159,90717,90875,90815,0
90981,1559024761568125,72054833,0.60441898,106,90876,90981,90906,0
91141,1559024762193416,72155417,0.60027493,160,90982,91141,91111,0
91331,1559024762202958,72994250,0.61028263,190,91142,91331,91281,0
91515,1559024763335375,72742041,0.66421782,184,91332,91515,91410,0
91653,1559024764038625,72671791,0.61290356,138,91516,91653,91574,0
91755,1559024764045625,73127791,0.60278975,102,91654,91755,91713,0
91969,1559024765007250,73233791,0.64918656,214,91756,91969,91800,0
92191,1559024766114291,73215834,0.59092323,222,91970,92191,92037,0
92323,1559024766120458,73727917,0.59030164,132,92192,92323,92263,0
92579,1559024769059291,72003875,0.65669599,256,92324,92579,92546,0
92595,1559024769060041,72073750,0.63011053,16,92580,92595,92582,0
92611,1559024769060750,72116250,0.60953219,16,92596,92611,92608,0
92627,1559024769061541,72238792,0.56683029,16,92612,92627,92617,0
92703,1559024769367333,72287417,0.63442299,76,92628,92703,92633,0
92761,1559024769370083,72495083,0.54975996,58,92704,92761,92734,0
92968,1559024769436958,73335333,0.59736265,207,92762,92968,92835,0
93224,1559024769452041,74471875,0.62120374,256,92969,93224,93029,0
93480,1559024770123375,74940000,0.60772612,256,93225,93480,93425,0
93522,1559024771159791,74107292,0.60193256,42,93481,93522,93481,0
93651,1559024771165791,74677167,0.57006598,129,93523,93651,93623,0
93723,1559024771169166,74979417,0.57819875,72,93652,93723,93714,0
93827,1559024772339666,74274667,0.55917741,104,93724,93827,93756,0
94044,1559024773623166,74295959,0.62012724,217,93828,94044,93966,0
94300,1559024774374041,74817417,0.62712254,256,94045,94300,94281,0
94521,1559024775110666,75116167,0.60192367,221,94301,94521,94373,0
94777,1559024776787000,74588333,0.59939127,256,94522,94777,94578,0
95018,1559024778351041,74131792,0.62206653,241,94778,95018,94923,0
95226,1559024779326541,74142334,0.62019624,208,95019,95226,95197,0
95400,1559024780179083,74104792,0.62414991,174,95227,95400,95367,0
95601,1559024780583625,74883375,0.62464416,201,95401,95601,95509,0
95635,1559024781320375,74216375,0.5783423,34,95602,95635,95602,0
95871,1559024783569041,72958667,0.57558784,236,95636,95871,95683,0
95922,1559024783571625,73178916,0.53749776,51,95872,95922,95915,0
96122,1559024784324500,73641208,0.63017868,200,95923,96122,96085,0
96340,1559024785069041,73711917,0.57751257,218,96123,96340,96337,0
96524,1559024785901166,73685917,0.61242889,184,96341,96524,96400,0
96780,1559024789355291,71336584,0.59227937,256,96525,96780,96660,0
97036,1559024791531791,70287584,0.59442219,256,96781,97036,96912,0
97205,1559024792584208,69975958,0.63125636,169,97037,97205,97204,0
97221,1559024792585125,70054041,0.5611185,16,97206,97221,97206,0
97303,1559024792589875,70412083,0.63925784,82,97222,97303,97231,0
97454,1559024792793583,70943458,0.61598194,151,97304,97454,97317,0
97658,1559024795391041,69227917,0.58870569,204,97455,97658,97567,0
97867,1559024797060958,68488458,0.61103145,209,97659,97867,97792,0
98112,1559024797810125,68833791,0.61090879,245,97868,98112,98079,0
98220,1559024798200958,68926542,0.59589135,108,98113,98220,98153,0
98466,1559024799216000,68993875,0.61692627,246,98221,98466,98449,0
98570,1559024799221208,69451750,0.59304753,104,98467,98570,98479,0
98775,1559024799939833,69648583,0.59929395,205,98571,98775,98638,0
98845,1559024799943291,69949292,0.57751384,70,98776,98845,98785,0
99049,1559024801115166,69696292,0.64087453,204,98846,99049,98872,0
99076,1559024801116500,69809291,0.4995355,27,99050,99076,99068,0
99318,1559024801709750,70366541,0.6315689,242,99077,99318,99100,0
99574,1559024802858500,70299041,0.61522731,256,99319,99574,99562,0
99619,1559024802860791,70499292,0.63829549,45,99575,99619,99582,0
99635,1559024802861583,70560250,0.51897098,16,99620,99635,99625,0
99825,1559024804702541,69591334,0.62853484,190,99636,99825,99785,0
99982,1559024805929625,69087208,0.5970506,157,99826,99982,99975,0
100040,1559024806722458,68545208,0.60755528,58,99983,100040,99992,0
100118,1559024806726333,68900458,0.59831643,78,100041,100118,100071,0
100223,1559024807368291,68778292,0.60530327,105,100119,100223,100165,0
100470,1559024807806625,69406250,0.60754791,247,100224,100470,100431,0
100697,1559024808721708,69524500,0.62263458,227,100471,100697,100529,0
100915,1559024809834541,69397542,0.60779822,218,100698,100915,100800,0
101171,1559024810654958,69724750,0.60230919,256,100916,101171,100956,0
101391,1559024812272375,69258666,0.63330478,220,101172,101391,101378,0
101536,1559024813342208,68748333,0.62107006,145,101392,101536,101418,0
101792,1559024815903708,67398833,0.64410942,256,101537,101792,101775,0
101870,1559024815907666,67781292,0.56726176,78,101793,101870,101858,0
101990,1559024817348166,66903500,0.59444516,120,101871,101990,101939,0
102225,1559024818297875,67172791,0.6023155,235,101991,102225,102198,0
102442,1559024819351333,66971250,0.59392582,217,102226,102442,102393,0
102678,1559024820492916,66987584,0.6397648,236,102443,102678,102632,0
102911,1559024820709875,67972291,0.63364895,233,102679,102911,102719,0
103163,1559024822130916,67729625,0.60877202,252,102912,103163,102968,0
103339,1559024822880916,67874792,0.61318985,176,103164,103339,103213,0
103404,1559024822884166,68117792,0.62750057,65,103340,103404,103340,0
103631,1559024823761416,68343125,0.63772835,227,103405,103631,103564,0
103764,1559024827476125,65277833,0.61225154,133,103632,103764,103693,0
103908,1559024827483416,65936875,0.60141272,144,103765,103908,103780,0
104131,1559024828781625,65663875,0.64164905,223,103909,104131,103983,0
104361,1559024831036750,64479833,0.64319282,230,104132,104361,104236,0
104557,1559024831046625,65354958,0.60900428,196,104362,104557,104495,0
104813,1559024832454208,65157875,0.63325526,256,104558,104813,104770,0
105009,1559024832463916,66048875,0.63732299,196,104814,105009,104909,0
105206,1559024833212291,66168334,0.574203,197,105010,105206,105132,0
105319,1559024833695750,66251166,0.59443301,113,105207,105319,105257,0
105447,1559024833702125,66812041,0.64122953,128,105320,105447,105392,0
105637,1559024835402625,65981708,0.62660174,190,105448,105637,105570,0
105798,1559024835410750,66743708,0.64987984,161,105638,105798,105685,0
106054,1559024836768333,66588333,0.60605493,256,105799,106054,105837,0
106310,1559024837248041,67335459,0.65296432,256,106055,106310,106301,0
106332,1559024838757000,65948041,0.63426197,22,106311,106332,106311,0
106348,1559024838757791,66013875,0.62393145,16,106333,106348,106345,0
106470,1559024838763875,66775083,0.57621968,122,106349,106470,106453,0
106701,1559024839286458,67302042,0.61340293,231,106471,106701,106526,0
106774,1559024839290083,67638625,0.64018076,73,106702,106774,106720,0
107005,1559024839877000,68135291,0.62623433,231,106775,107005,106952,0
107139,1559024841088083,67548292,0.63829761,134,107006,107139,107086,0
107395,1559024841166666,68624167,0.59043634,256,107140,107395,107340,0
107650,1559024841347583,69678625,0.61976185,255,107396,107650,107469,0
107757,1559024841724625,69808958,0.58665878,107,107651,107757,107746,0
107934,1559024841911125,70483083,0.64076093,177,107758,107934,107886,0
108190,1559024842817208,70795417,0.60188761,256,107935,108190,108135,0
108446,1559024843991375,70827541,0.64467236,256,108191,108446,108411,0
108570,1559024845093041,70288042,0.61130411,124,108447,108570,108568,0
108586,1559024845093833,70383750,0.59548323,16,108571,108586,108576,0
108612,1559024845095166,70510209,0.57333524,26,108587,108612,108600,0
108868,1559024845312208,71495667,0.62364927,256,108613,108868,108705,0
109124,1559024846170791,71881750,0.67610459,256,108869,109124,109061,0
109144,1559024846171791,72041834,0.60968774,20,109125,109144,109125,0
109311,1559024846633083,72323208,0.61145127,167,109145,109311,109239,0
109533,1559024847985500,71951958,0.64185669,222,109312,109533,109531,0
109549,1559024849252916,70763625,0.61218954,16,109534,109549,109547,0
109565,1559024849253708,70853458,0.63188469,16,109550,109565,109553,0
109581,1559024849254500,70930500,0.53284677,16,109566,109581,109573,0
109783,1559024850283875,70817958,0.59322286,202,109582,109783,109671,0
110016,1559024851590541,70612584,0.60819544,233,109784,110016,109835,0
110159,1559024852531375,70490375,0.58116441,143,110017,110159,110078,0
110356,1559024852541250,71445250,0.60853292,197,110160,110356,110172,0
110514,1559024855408625,69363583,0.62492758,158,110357,110514,110455,0
110643,1559024855772125,69616791,0.65325771,129,110515,110643,110628,0
110659,1559024855772958,69724333,0.54957731,16,110644,110659,110652,0
110675,1559024855773750,69767000,0.67894507,16,110660,110675,110670,0
110787,1559024855779375,70277875,0.59033335,112,110676,110787,110778,0
110933,1559024856761250,70002750,0.60293968,146,110788,110933,110874,0
111131,1559024857899833,69772250,0.62888831,198,110934,111131,111130,0
111147,1559024857900625,69885250,0.64961557,16,111132,111147,111141,0
111163,1559024857901416,69944167,0.60670492,16,111148,111163,111152,0
111293,1559024858925458,69525917,0.61990471,130,111164,111293,111164,0
111549,1559024859664458,69970333,0.65605684,256,111294,111549,111445,0
111805,1559024860741333,70186542,0.63862436,256,111550,111805,111769,0
111984,1559024861908375,69788583,0.61520012,179,111806,111984,111924,0
112240,1559024862602000,70362875,0.64809905,256,111985,112240,112177,0
112258,1559024862602916,70425500,0.60487272,18,112241,112258,112258,0
112280,1559024862604000,70542666,0.59843965,22,112259,112280,112269,0
112324,1559024862669500,70694708,0.61243982,44,112281,112324,112291,0
112378,1559024862672208,70911625,0.60094351,54,112325,112378,112345,0
112634,1559024863040666,71799709,0.61548058,256,112379,112634,112614,0
112837,1559024865636958,70176833,0.59944774,203,112635,112837,112746,0
113093,1559024866741583,70208333,0.64472019,256,112838,113093,113083,0
113294,1559024868272250,69643041,0.6103563,201,113094,113294,113170,0
113537,1559024868716666,70366542,0.60813703,243,113295,113537,113493,0
113605,1559024868720041,70712584,0.6762325,68,113538,113605,113542,0
113655,1559024869963083,69721875,0.62823744,50,113606,113655,113626,0
113671,1559024870839083,68929708,0.5566697,16,113656,113671,113661,0
113827,1559024870995791,69482042,0.59521602,156,113672,113827,113768,0
114063,1559024872293083,69297208,0.63039284,236,113828,114063,113973,0
114299,1559024873399500,69330000,0.65093792,236,114064,114299,114183,0
114534,1559024873482166,70358167,0.61951663,235,114300,114534,114506,0
114669,1559024874374416,70100625,0.57141395,135,114535,114669,114569,0
114900,1559024876215041,69341584,0.60176922,231,114670,114900,114706,0
115108,1559024877396250,69120333,0.62239543,208,114901,115108,115087,0
115238,1559024878275000,68833958,0.62346011,130,115109,115238,115153,0
115394,1559024881492375,66354916,0.62318861,156,115239,115394,115354,0
115595,1559024881533333,67318042,0.60631253,201,115395,115595,115412,0
115709,1559024882128833,67295708,0.5983163,114,115596,115709,115687,0
115862,1559024882136500,68033125,0.60674639,153,115710,115862,115743,0
116118,1559024883772625,67632208,0.59356166,256,115863,116118,116042,0
116374,1559024885630000,66990666,0.62176583,256,116119,116374,116319,0
116621,1559024888803500,64974708,0.67761214,247,116375,116621,116606,0
116637,1559024888804333,65047917,0.61553055,16,116622,116637,116632,0
116653,1559024888805125,65128916,0.59797442,16,116638,116653,116650,0
116836,1559024889887375,65486083,0.582646,183,116654,116836,116675,0
117052,1559024890789500,65191708,0.63351258,216,116837,117052,116970,0
117143,1559024890794041,65568875,0.59799253,91,117053,117143,117104,0
117374,1559024891081708,66366375,0.6318691,231,117144,117374,117349,0
117491,1559024892139916,65842917,0.61632936,117,117375,117491,117400,0
117743,1559024893506166,65654250,0.60372303,252,117492,117743,117572,0
117813,1559024895674333,63808167,0.5882785,70,117744,117813,117751,0
118012,1559024896484708,64089917,0.58486997,199,117814,118012,117928,0
118150,1559024896491708,64788875,0.59024759,138,118013,118150,118099,0
118393,1559024897616583,64748667,0.59034687,243,118151,118393,118390,0
118409,1559024898544958,63891375,0.55699863,16,118394,118409,118403,0
118567,1559024898552875,64631500,0.62271564,158,118410,118567,118538,0
118823,1559024899980916,64432875,0.68728591,256,118568,118823,118577,0
119036,1559024900527958,64897667,0.61264445,213,118824,119036,118860,0
119205,1559024901379708,64815792,0.60049282,169,119037,119205,119088,0
119431,1559024902319291,64923917,0.61710258,226,119206,119431,119209,0
119687,1559024903412208,65039083,0.6286582,256,119432,119687,119592,0
119925,1559024905053375,64550833,0.6453923,238,119688,119925,119761,0
119957,1559024905054916,64692000,0.63490297,32,119926,119957,119931,0
120115,1559024905062750,65471416,0.58354475,158,119958,120115,120090,0
120238,1559024905571708,65556083,0.598356,123,120116,120238,120229,0
120254,1559024905572500,65649583,0.61071043,16,120239,120254,120244,0
120335,1559024905576583,66038917,0.6416423,81,120255,120335,120262,0
120543,1559024906633291,66236209,0.60697028,208,120336,120543,120435,0
120689,1559024906641833,67147542,0.62430912,146,120544,120689,120661,0
120775,1559024908708500,65639166,0.63129476,86,120690,120775,120723,0
120964,1559024909844000,65691666,0.62201745,189,120776,120964,120885,0
121153,1559024911134750,65587583,0.64913662,189,120965,121153,121021,0
121382,1559024911601875,66277708,0.64973736,229,121154,121382,121379,0
121398,1559024911602666,66343000,0.63136751,16,121383,121398,121383,0
121414,1559024911603458,66435917,0.61705484,16,121399,121414,121404,0
121469,1559024911606208,66674083,0.55190295,55,121415,121469,121417,0
121725,1559024913758916,65634500,0.58835701,256,121470,121725,121724,0
121901,1559024914886916,65251834,0.61284035,176,121726,121901,121740,0
122157,1559024915535416,65730667,0.64470687,256,121902,122157,122057,0
122405,1559024915636583,66712333,0.59847605,248,122158,122405,122228,0
122519,1559024918096458,64721125,0.63934525,114,122406,122519,122519,0
122775,1559024918197250,65757375,0.68487594,256,122520,122775,122573,0
123031,1559024919029041,66095084,0.60635518,256,122776,123031,122827,0
123237,1559024920165875,65857166,0.63492915,206,123032,123237,123095,0
123493,1559024920178833,66949208,0.64038003,256,123238,123493,123424,0
123694,1559024920258458,67732125,0.60458498,201,123494,123694,123626,0
123903,1559024920268916,68816459,0.59896902,209,123695,123903,123733,0
124115,1559024922171083,67770417,0.61138184,212,123904,124115,123938,0
124326,1559024923221833,67671292,0.57218914,211,124116,124326,124261,0
124476,1559024925470000,66101250,0.62098797,150,124327,124476,124466,0
124548,1559024925473625,66406041,0.59808108,72,124477,124548,124491,0
124776,1559024925534458,67420417,0.62856775,228,124549,124776,124618,0
124888,1559024926109250,67372625,0.59053032,112,124777,124888,124870,0
125022,1559024926115958,67943208,0.59013306,134,124889,125022,124920,0
125278,1559024927892833,67402667,0.64044553,256,125023,125278,125223,0
125421,1559024927900041,68046375,0.59338657,143,125279,125421,125400,0
125677,1559024929728625,67445625,0.62097953,256,125422,125677,125488,0
125846,1559024930845583,67095500,0.59937517,169,125678,125846,125735,0
126000,1559024931822041,67161917,0.60027526,154,125847,126000,125892,0
126016,1559024931822833,67287042,0.60962017,16,126001,126016,126008,0
126044,1559024931824208,67477125,0.56337285,28,126017,126044,126017,0
126283,1559024933033041,67779959,0.60111605,239,126045,126283,126149,0
126451,1559024933041458,68704958,0.61720247,168,126284,126451,126347,0
126707,1559024933173583,69809042,0.64102501,256,126452,126707,126538,0
126963,1559024933395041,70746292,0.58298577,256,126708,126963,126939,0
127219,1559024933630958,72016833,0.59691529,256,126964,127219,127134,0
127475,1559024934821333,71970417,0.6443855,256,127220,127475,127259,0
127660,1559024935829458,71833625,0.65614144,185,127476,127660,127559,0
127801,1559024937069666,71235250,0.57842803,141,127661,127801,127773,0
128057,1559024937978000,71788000,0.61891241,256,127802,128057,128054,0
128191,1559024937984791,72667000,0.6332931,134,128058,128191,128081,0
128362,1559024939177083,72339167,0.58710934,171,128192,128362,128196,0
128492,1559024939467291,72635834,0.58076314,130,128363,128492,128452,0
128587,1559024939742875,72835375,0.60331849,95,128493,128587,128493,0
128821,1559024939810291,73847792,0.61998326,234,128588,128821,128701,0
129059,1559024941648583,73089583,0.65400459,238,128822,129059,129035,0
129315,1559024942779583,73149042,0.6237523,256,129060,129315,129134,0
129491,1559024943854041,72874334,0.57439143,176,129316,129491,129387,0
129642,1559024944566875,72913916,0.6458288,151,129492,129642,129599,0
129803,1559024945609500,72626500,0.59749237,161,129643,129803,129752,0
129987,1559024946628750,72482375,0.57496355,184,129804,129987,129961,0
130118,1559024947846833,71899792,0.597402,131,129988,130118,130061,0
130374,1559024948887416,72040000,0.61188899,256,130119,130374,130235,0
130630,1559024950247750,72117166,0.66563199,256,130375,130630,130416,0
130886,1559024951392708,71973917,0.61303204,256,130631,130886,130869,0
131093,1559024952605666,71654417,0.59416986,207,130887,131093,131039,0
131188,1559024952610458,72079708,0.60281846,95,131094,131188,131136,0
131421,1559024954167041,71586500,0.59442221,233,131189,131421,131299,0
131592,1559024954186916,72291959,0.57155643,171,131422,131592,131591,0
131809,1559024954197791,73251292,0.59648675,217,131593,131809,131707,0
131981,1559024955008083,73180750,0.59384777,172,131810,131981,131879,0
132173,1559024955990000,73131458,0.65585927,192,131982,132173,132050,0
132429,1559024956387500,73904000,0.63750405,256,132174,132429,132395,0
132609,1559024958049750,73066625,0.54946415,180,132430,132609,132482,0
132865,1559024959224625,73075458,0.65071636,256,132610,132865,132698,0
133117,1559024959549458,73792833,0.59603534,252,132866,133117,132882,0
133373,1559024960634541,73846667,0.62639294,256,133118,133373,133314,0
133622,1559024962757000,72849500,0.59937858,249,133374,133622,133439,0
133777,1559024962777125,73494208,0.61854913,155,133623,133777,133631,0
133936,1559024963259666,73709834,0.59637254,159,133778,133936,133899,0
134192,1559024964428750,73711125,0.6080745,256,133937,134192,133995,0
134403,1559024965472583,73839625,0.63534921,211,134193,134403,134202,0
134635,1559024966206041,74593500,0.59496119,232,134404,134635,134459,0
134687,1559024966208666,74894375,0.59199943,52,134636,134687,134650,0
134857,1559024967320666,74857209,0.58953778,170,134688,134857,134711,0
135113,1559024968498416,75287209,0.62598071,256,134858,135113,134911,0
135369,1559024969782291,75262000,0.62042115,256,135114,135369,135310,0
135606,1559024970631333,75452417,0.6007891,237,135370,135606,135384,0
135778,1559024971265041,75562334,0.60044824,172,135607,135778,135687,0
135951,1559024971873583,75754208,0.60120333,173,135779,135951,135916,0
136156,1559024972088125,76483958,0.62258164,205,135952,136156,136031,0
136263,1559024972093416,76975792,0.61672773,107,136157,136263,136177,0
136326,1559024972946916,76410875,0.58956175,63,136264,136326,136271,0
136495,1559024972955375,77145875,0.63793373,169,136327,136495,136484,0
136581,1559024973809375,76702375,0.56634498,86,136496,136581,136552,0
136819,1559024974345916,77253584,0.65676825,238,136582,136819,136807,0
136978,1559024975575666,76726875,0.58900255,159,136820,136978,136941,0
137163,1559024975584916,77547292,0.65068601,185,136979,137163,137136,0
137285,1559024976809208,76890542,0.61783429,122,137164,137285,137251,0
137463,1559024976822791,77659792,0.65469798,178,137286,137463,137363,0
137588,1559024977922166,77115292,0.63176897,125,137464,137588,137523,0
137700,1559024977927416,77687209,0.55779443,112,137589,137700,137636,0
137875,1559024978065375,78252541,0.61766377,175,137701,137875,137852,0
137938,1559024978068375,78522041,0.59563738,63,137876,137938,137928,0
138092,1559024978340916,78965250,0.58513977,154,137939,138092,137967,0
138278,1559024978349583,79769417,0.59642016,186,138093,138278,138174,0
138446,1559024979606583,79195708,0.59249444,168,138279,138446,138446,0
138501,1559024980289333,78767292,0.58492042,55,138447,138501,138495,0
138533,1559024980290875,78923958,0.58815758,32,138502,138533,138530,0
138619,1559024980294958,79293125,0.66309834,86,138534,138619,138535,0
138875,1559024982541500,78218875,0.61057383,256,138620,138875,138830,0
139131,1559024982905875,79000291,0.59880173,256,138876,139131,138927,0
139387,1559024984007500,79056000,0.60759245,256,139132,139387,139191,0
139643,1559024985143333,79023083,0.65781552,256,139388,139643,139424,0
139824,1559024986025208,78915750,0.63380544,181,139644,139824,139704,0
139994,1559024987144458,78464792,0.59752637,170,139825,139994,139856,0
140199,1559024988088666,78465917,0.60113956,205,139995,140199,140093,0
140444,1559024990959083,76521167,0.62129579,245,140200,140444,140357,0
140546,1559024990964208,76920417,0.57520302,102,140445,140546,140514,0
140693,1559024991958625,76589708,0.62064396,147,140547,140693,140657,0
140810,1559024991964458,77043667,0.59170674,117,140694,140810,140727,0
141066,1559024993077625,76979458,0.60302827,256,140811,141066,140880,0
141288,1559024994109708,76902875,0.60785975,222,141067,141288,141179,0
141544,1559024995335875,76940958,0.61596974,256,141289,141544,141397,0
141605,1559024995959875,76551458,0.55640944,61,141545,141605,141553,0
141861,1559024997978875,75572625,0.56519687,256,141606,141861,141775,0
142047,1559024999133583,75177208,0.62374666,186,141862,142047,141951,0
142269,1559024999281166,75947000,0.6010083,222,142048,142269,142117,0
142525,1559025000790500,75478708,0.58368317,256,142270,142525,142310,0
142707,1559025004193750,72797708,0.58232311,182,142526,142707,142585,0
142843,1559025006425916,71180084,0.6099363,136,142708,142843,142804,0
142937,1559025006431333,71574375,0.57872117,94,142844,142937,142873,0
143073,1559025006976583,71630750,0.60861314,136,142938,143073,142938,0
143273,1559025007711083,71790667,0.60607571,200,143074,143273,143247,0
143315,1559025007713208,72018583,0.61528807,42,143274,143315,143281,0
143368,1559025007715875,72264750,0.58069453,53,143316,143368,143339,0
143624,1559025008384916,72743792,0.60228561,256,143369,143624,143523,0
143880,1559025009789166,72444792,0.65134198,256,143625,143880,143862,0
144059,1559025010683875,72335375,0.54998836,179,143881,144059,143974,0
144265,1559025011540875,72392250,0.62799196,206,144060,144265,144136,0
144521,1559025012187666,72834500,0.64382915,256,144266,144521,144454,0
144777,1559025013757333,72394833,0.61922696,256,144522,144777,144668,0
144956,1559025015996500,70939166,0.60329803,179,144778,144956,144799,0
145212,1559025016789916,71420084,0.62816033,256,144957,145212,145159,0
145468,1559025017541791,71850709,0.57488227,256,145213,145468,145390,0
145692,1559025018307041,72133875,0.64913908,224,145469,145692,145529,0
145859,1559025019130625,71977791,0.59932455,167,145693,145859,145820,0
146061,1559025019763083,72212250,0.58963899,202,145860,146061,145982,0
146077,1559025019763916,72278042,0.53059912,16,146062,146077,146069,0
146243,1559025020950750,71831208,0.61677297,166,146078,146243,146227,0
146347,1559025020955916,72280459,0.65642894,104,146244,146347,146328,0
146487,1559025022385250,71474750,0.59803943,140,146348,146487,146352,0
146652,1559025023940333,70640750,0.61479246,165,146488,146652,146554,0
146765,1559025023947625,71117041,0.58687898,113,146653,146765,146724,0
146924,1559025024323916,71424709,0.55178688,159,146766,146924,146795,0
147142,1559025025770166,70938250,0.59135754,218,146925,147142,147140,0
147273,1559025026531583,70770875,0.60889053,131,147143,147273,147192,0
147529,1559025029120625,69300625,0.63722307,256,147274,147529,147528,0
147785,1559025030305833,69267917,0.6789547,256,147530,147785,147564,0
147945,1559025030313833,69901542,0.574897,160,147786,147945,147829,0
148201,1559025032265875,69087708,0.62730144,256,147946,148201,147963,0
148316,1559025032271541,69576792,0.57473111,115,148202,148316,148260,0
148571,1559025033399416,69553417,0.64256733,255,148317,148571,148558,0
148827,1559025034755541,69346292,0.62837244,256,148572,148827,148738,0
148843,1559025034756375,69420666,0.61037447,16,148828,148843,148830,0
148859,1559025034757166,69507417,0.58086085,16,148844,148859,148848,0
148945,1559025035636041,68999417,0.5982365,86,148860,148945,148934,0
149090,1559025036319375,69027458,0.59210864,145,148946,149090,149019,0
149243,1559025036327125,69657375,0.60359799,153,149091,149243,149210,0
149499,1559025036996166,70102959,0.58793211,256,149244,149499,149267,0
149642,1559025038453666,69240792,0.56453933,143,149500,149642,149549,0
149898,1559025039373000,69459666,0.59659302,256,149643,149898,149648,0
150154,1559025040802083,69127958,0.61424866,256,149899,150154,150051,0
150357,1559025043773916,67067709,0.62930165,203,150155,150357,150343,0
150507,1559025045070291,66417875,0.56470256,150,150358,150507,150367,0
150735,1559025046090500,66411125,0.58270619,228,150508,150735,150654,0
150945,1559025047676875,65735250,0.58112582,210,150736,150945,150827,0
151197,1559025048607833,65928167,0.62488011,252,150946,151197,150957,0
151321,1559025049119291,66002042,0.57593519,124,151198,151321,151231,0
151403,1559025049341750,66121083,0.58236464,82,151322,151403,151396,0
151461,1559025049344666,66360750,0.57055229,58,151404,151461,151419,0
151615,1559025049352333,67060792,0.62010245,154,151462,151615,151578,0
151794,1559025050109333,67085417,0.61426755,179,151616,151794,151636,0
151887,1559025050473875,67119291,0.61091659,93,151795,151887,151830,0
152143,1559025051726166,66993584,0.59584126,256,151888,152143,152094,0
152399,1559025052321958,67493417,0.60658991,256,152144,152399,152213,0
152620,1559025053161791,67641625,0.61519844,221,152400,152620,152489,0
152831,1559025053759041,68100542,0.59425728,211,152621,152831,152738,0
153069,1559025056392166,66464167,0.61129457,238,152832,153069,153016,0
153308,1559025056632041,67251000,0.60562089,239,153070,153308,153295,0
153479,1559025057312333,67315625,0.58043604,171,153309,153479,153374,0
153735,1559025058131250,67603708,0.60377393,256,153480,153735,153520,0
153885,1559025058845875,67573125,0.62713047,150,153736,153885,153836,0
153967,1559025058850000,67936333,0.6093607,82,153886,153967,153945,0
154160,1559025059085791,68555167,0.5839479,193,153968,154160,153972,0
154416,1559025059255791,69475750,0.65692913,256,154161,154416,154263,0
154672,1559025060811875,69056958,0.61805452,256,154417,154672,154465,0
154899,1559025061951583,68913917,0.62261602,227,154673,154899,154803,0
155089,1559025063068916,68890875,0.57629691,190,154900,155089,155030,0
155278,1559025063078291,70081792,0.61549548,189,155090,155278,155236,0
155475,1559025064945041,69434250,0.59284452,197,155279,155475,155433,0
155670,1559025066603333,68760333,0.59535012,195,155476,155670,155536,0
155807,1559025067497000,68496541,0.60383213,137,155671,155807,155690,0
156063,1559025068754041,68383709,0.58227665,256,155808,156063,156062,0
156319,1559025069078625,69142000,0.57086195,256,156064,156319,156064,0
156444,1559025069084458,69917542,0.59378722,125,156320,156444,156332,0
156574,1559025070072750,69576541,0.56336057,130,156445,156574,156467,0
156824,1559025071017625,69704541,0.62129146,250,156575,156824,156802,0
156951,1559025072294375,68987208,0.62494963,127,156825,156951,156835,0
157203,1559025072513666,69896750,0.59723363,252,156952,157203,157044,0
157459,1559025073600666,69979750,0.58792185,256,157204,157459,157302,0
157667,1559025074360000,70125083,0.61263605,208,157460,157667,157590,0
157852,1559025075273791,70079917,0.59954949,185,157668,157852,157720,0
158090,1559025077049666,69375334,0.61526841,238,157853,158090,157875,0
158293,1559025077676000,69618208,0.57430543,203,158091,158293,158290,0
158316,1559025077677166,69742084,0.60018103,23,158294,158316,158300,0
158332,1559025077677958,69822125,0.61289621,16,158317,158332,158324,0
158411,1559025077681916,70175584,0.58664847,79,158333,158411,158350,0
158571,1559025078042166,70592834,0.69292101,160,158412,158571,158558,0
158587,1559025078043125,70666916,0.6426057,16,158572,158587,158573,0
158603,1559025078044083,70732417,0.62522518,16,158588,158603,158601,0
158619,1559025078045083,70823125,0.59500802,16,158604,158619,158615,0
158635,1559025078046041,70910834,0.57497912,16,158620,158635,158625,0
158766,1559025078053750,71517250,0.59693152,131,158636,158766,158667,0
158937,1559025078645625,71699625,0.59034389,171,158767,158937,158883,0
158986,1559025078648041,71916334,0.55427947,49,158938,158986,158943,0
159040,1559025079551875,71282000,0.57075411,54,158987,159040,159005,0
159144,1559025079557041,71763834,0.62245042,104,159041,159144,159046,0
159311,1559025079753208,72273958,0.57668844,167,159145,159311,159171,0
159567,1559025080041458,73149208,0.59891146,256,159312,159567,159472,0
159787,1559025082242333,71927500,0.59348389,220,159568,159787,159762,0
159918,1559025083025875,71766791,0.59958757,131,159788,159918,159897,0
160067,1559025083033291,72417959,0.58000046,149,159919,160067,160050,0
160270,1559025083982791,72339209,0.55770293,203,160068,160270,160242,0
160526,1559025085064958,72392500,0.60133077,256,160271,160526,160289,0
160782,1559025086994708,71677375,0.63295032,256,160527,160782,160666,0
161038,1559025088128541,71713667,0.60153947,256,160783,161038,161002,0
161248,1559025089493958,71338958,0.59920349,210,161039,161248,161040,0
161448,1559025090425583,71281583,0.59158211,200,161249,161448,161373,0
161704,1559025091140250,71752625,0.64671385,256,161449,161704,161544,0
161960,1559025092072791,72037125,0.63386269,256,161705,161960,161875,0
161976,1559025092073583,72112625,0.60426512,16,161961,161976,161966,0
161992,1559025092074375,72180333,0.52578471,16,161977,161992,161989,0
162140,1559025092081791,72810542,0.5932298,148,161993,162140,162117,0
162300,1559025092822291,72857167,0.63753856,160,162141,162300,162260,0
162556,1559025095109333,71710000,0.59024547,256,162301,162556,162375,0
162707,1559025097323250,70194958,0.63687953,151,162557,162707,162655,0
162952,1559025100266750,68352500,0.60181328,245,162708,162952,162774,0
163076,1559025101769666,67420792,0.64143286,124,162953,163076,162978,0
163299,1559025104133875,66090750,0.57706709,223,163077,163299,163164,0
163543,1559025104196416,67077459,0.61257362,244,163300,163543,163429,0
163653,1559025104201958,68237583,0.57822341,110,163544,163653,163593,0
163823,1559025104306291,68211834,0.60967855,170,163654,163823,163686,0
163972,1559025104683333,68494125,0.59341199,149,163824,163972,163831,0
164167,1559025106020500,68105708,0.64639082,195,163973,164167,164021,0
164183,1559025106021333,68274208,0.5305742,16,164168,164183,164171,0
164376,1559025107150750,67867541,0.61029215,193,164184,164376,164207,0
164513,1559025107157625,68468916,0.62883106,137,164377,164513,164431,0
164763,1559025107766375,68974791,0.56860543,250,164514,164763,164630,0
164929,1559025108851458,68639292,0.56441215,166,164764,164929,164810,0
165122,1559025108861041,69484292,0.60762078,193,164930,165122,165012,0
165295,1559025110067500,69133958,0.61130886,173,165123,165295,165189,0
165503,1559025110935791,69111792,0.5750652,208,165296,165503,165347,0
165759,1559025111577625,69631166,0.58355571,256,165504,165759,165754,0
165957,1559025112583833,69488042,0.58718128,198,165760,165957,165933,0
166213,1559025115172708,68061292,0.61997599,256,165958,166213,166045,0
166351,1559025115536500,68313041,0.59053964,138,166214,166351,166343,0
166607,1559025115810583,69185333,0.63354144,256,166352,166607,166553,0
166863,1559025117260083,68873167,0.61653147,256,166608,166863,166699,0
167105,1559025117787625,69409000,0.56357814,242,166864,167105,166908,0
167288,1559025118903291,69129209,0.59877957,183,167106,167288,167263,0
167464,1559025119854750,68954583,0.60738056,176,167289,167464,167316,0
167650,1559025120863625,68816166,0.61848223,186,167465,167650,167567,0
167906,1559025121879250,68900125,0.5728344,256,167651,167906,167799,0
168162,1559025123921875,68021750,0.61213227,256,167907,168162,168026,0
168364,1559025125736208,67100750,0.59197516,202,168163,168364,168185,0
168582,1559025126438875,67394500,0.59319544,218,168365,168582,168469,0
168684,1559025126801083,67475292,0.56035767,102,168583,168684,168614,0
168901,1559025127776500,67465291,0.59242797,217,168685,168901,168764,0
169138,1559025128761750,67518416,0.59253761,237,168902,169138,169107,0
169244,1559025129954166,66829792,0.6337925,106,169139,169244,169185,0
169500,1559025130961083,66992917,0.62627704,256,169245,169500,169375,0
169756,1559025131976041,67123459,0.57674917,256,169501,169756,169699,0
169859,1559025133115750,66440916,0.58328891,103,169757,169859,169794,0
170082,1559025134342041,66225917,0.61252297,223,169860,170082,170042,0
170338,1559025135363416,66373875,0.63678324,256,170083,170338,170318,0
170379,1559025135365416,66575750,0.54759996,41,170339,170379,170361,0
170588,1559025136072208,66774125,0.61420734,209,170380,170588,170414,0
170794,1559025137175000,66617291,0.60904724,206,170589,170794,170774,0
170954,1559025137183166,67316959,0.5744922,160,170795,170954,170931,0
171206,1559025139043583,66582458,0.60613878,252,170955,171206,171059,0
171455,1559025139618416,67115542,0.59180814,249,171207,171455,171400,0
171655,1559025140814291,66846375,0.61424834,200,171456,171655,171517,0
171818,1559025141330750,67078916,0.59625723,163,171656,171818,171789,0
171924,1559025141336125,67534125,0.58037812,106,171819,171924,171915,0
172050,1559025142435500,67000500,0.60373505,126,171925,172050,172002,0
172293,1559025143588625,66949875,0.61460563,243,172051,172293,172272,0
172316,1559025143589791,67051542,0.53343172,23,172294,172316,172295,0
172423,1559025143595125,67533583,0.63025999,107,172317,172423,172376,0
172679,1559025145386375,66923833,0.66362755,256,172424,172679,172543,0
172889,1559025146461458,66783667,0.59566289,210,172680,172889,172887,0
173145,1559025147317875,67121458,0.62217051,256,172890,173145,172917,0
173401,1559025147551333,68091208,0.64805175,256,173146,173401,173382,0
173657,1559025147914541,68881542,0.60259417,256,173402,173657,173615,0
173913,1559025148652916,69299042,0.62971467,256,173658,173913,173773,0
174122,1559025148759458,70124125,0.6198063,209,173914,174122,173982,0
174330,1559025148873541,70933750,0.58066036,208,174123,174330,174261,0
174536,1559025148983833,71753708,0.62529003,206,174331,174536,174439,0
174736,1559025149556291,72155167,0.60866964,200,174537,174736,174643,0
174766,1559025149557791,72238750,0.62864922,30,174737,174766,174749,0
174861,1559025149562583,72659625,0.58913855,95,174767,174861,174808,0
175117,1559025150598458,72775083,0.62037311,256,174862,175117,175030,0
175222,1559025150603666,73216375,0.55518353,105,175118,175222,175129,0
175364,1559025150855041,73577334,0.55209246,142,175223,175364,175270,0
175592,1559025151332125,74157125,0.63898438,228,175365,175592,175524,0
175736,1559025151339416,74821417,0.60914251,144,175593,175736,175632,0
175802,1559025152053000,74390958,0.57661624,66,175737,175802,175762,0
176008,1559025153222625,74121333,0.60579449,206,175803,176008,175865,0
176264,1559025155119208,73378167,0.59432828,256,176009,176264,176156,0
176392,1559025155463833,73605958,0.56983826,128,176265,176392,176319,0
176562,1559025157500583,72301375,0.57141594,170,176393,176562,176495,0
176818,1559025158720041,72303709,0.58731305,256,176563,176818,176756,0
177001,1559025159879833,71903042,0.59258233,183,176819,177001,176966,0
177068,1559025159883166,72201959,0.63939749,67,177002,177068,177044,0
177084,1559025159883958,72293500,0.61651825,16,177069,177084,177074,0
177100,1559025159884750,72370791,0.55318249,16,177085,177100,177088,0
177255,1559025160904958,72041542,0.58810538,155,177101,177255,177125,0
177511,1559025161715583,72387458,0.63027226,256,177256,177511,177374,0
177700,1559025161725083,73216458,0.58755874,189,177512,177700,177610,0
177956,1559025162958875,73155666,0.56916369,256,177701,177956,177873,0
178081,1559025164129416,72526709,0.62146377,125,177957,178081,177982,0
178286,1559025164224458,73380417,0.60246461,205,178082,178286,178132,0
178470,1559025164318000,74106791,0.59872554,184,178287,178470,178429,0
178695,1559025164921666,74510875,0.59822397,225,178471,178695,178555,0
178875,1559025166886916,73309834,0.59446178,180,178696,178875,178809,0
179113,1559025167558125,73701000,0.61647809,238,178876,179113,179082,0
179244,1559025168682250,73177166,0.61940373,131,179114,179244,179121,0
179446,1559025169293333,73506583,0.61862896,202,179245,179446,179321,0
179642,1559025170200583,73455375,0.64121584,196,179447,179642,179528,0
179740,1559025171758750,72360666,0.58915033,98,179643,179740,179691,0
179910,1559025172558583,72348000,0.60850876,170,179741,179910,179793,0
180166,1559025173194125,72852958,0.59243858,256,179911,180166,180049,0
180422,1559025174099833,73105667,0.63755647,256,180167,180422,180220,0
180590,1559025174172708,73784375,0.60332944,168,180423,180590,180530,0
180753,1559025175060666,73619459,0.55736775,163,180591,180753,180625,0
180938,1559025175706500,73842083,0.6298314,185,180754,180938,180816,0
181097,1559025175714416,74551584,0.5681895,159,180939,181097,181068,0
181310,1559025179200833,72009750,0.58800449,213,181098,181310,181254,0
181551,1559025180430166,71885084,0.5797155,241,181311,181551,181501,0
181721,1559025181220333,71812750,0.58821582,170,181552,181721,181558,0
181977,1559025182136500,72057041,0.61040398,256,181722,181977,181805,0
182224,1559025183881541,71482375,0.6066355,247,181978,182224,182016,0
182464,1559025185021416,71377875,0.57977163,240,182225,182464,182353,0
182504,1559025185023416,71531584,0.54903925,40,182465,182504,182502,0
182757,1559025186214000,71494916,0.65932005,253,182505,182757,182599,0
183013,1559025188033916,70832584,0.59602317,256,182758,183013,182964,0
183181,1559025188042333,71596083,0.60274246,168,183014,183181,183133,0
183384,1559025189671500,70879375,0.59988771,203,183182,183384,183364,0
183550,1559025190828833,70472750,0.59365443,166,183385,183550,183546,0
183629,1559025190835166,70868459,0.61212021,79,183551,183629,183568,0
183825,1559025191970250,70668458,0.6686183,196,183630,183825,183692,0
184018,1559025193828333,69690625,0.56468519,193,183826,184018,183867,0
184274,1559025194305208,70565875,0.61662286,256,184019,184274,184199,0
184413,1559025194312208,71256000,0.64193169,139,184275,184413,184347,0
184578,1559025195440916,70875084,0.56950513,165,184414,184578,184506,0
184678,1559025195445958,71318750,0.58499298,100,184579,184678,184588,0
184865,1559025196836125,70774875,0.58175114,187,184679,184865,184783,0
185072,1559025198115125,70427375,0.6016676,207,184866,185072,185064,0
185233,1559025199136875,70126666,0.592464,161,185073,185233,185123,0
185484,1559025199640791,70789667,0.61858467,251,185234,185484,185336,0
185634,1559025199648333,71479458,0.58407239,150,185485,185634,185503,0
185731,1559025200560833,71037667,0.59487259,97,185635,185731,185695,0
185933,1559025201765708,70779458,0.57453155,202,185732,185933,185774,0
186189,1559025201970500,71667958,0.58325845,256,185934,186189,186087,0
186391,1559025202918708,71625500,0.57110776,202,186190,186391,186261,0
186626,1559025204526416,71070917,0.62981849,235,186392,186626,186568,0
186751,1559025204532791,71627209,0.57381751,125,186627,186751,186640,0
186987,1559025206950916,70299667,0.61250639,236,186752,186987,186967,0
187243,1559025207055458,71471583,0.65859587,256,186988,187243,187048,0
187445,1559025207697333,71745458,0.60433851,202,187244,187445,187327,0
187682,1559025208952291,71572500,0.60328128,237,187446,187682,187525,0
187829,1559025209498625,71702041,0.58603592,147,187683,187829,187736,0
188067,1559025210567250,71701125,0.58117719,238,187830,188067,188034,0
188263,1559025210682083,72468000,0.6051523,196,188068,188263,188138,0
188319,1559025210684916,72717250,0.5701834,56,188264,188319,188306,0
188370,1559025210687458,72974000,0.60298794,51,188320,188370,188341,0
188446,1559025211165750,72842583,0.60204624,76,188371,188446,188401,0
188563,1559025212393916,72144417,0.56066409,117,188447,188563,188554,0
188819,1559025214502041,71201042,0.59933504,256,188564,188819,188796,0
188989,1559025215658541,70831667,0.61451882,170,188820,188989,188947,0
189245,1559025216794291,70854167,0.64303692,256,188990,189245,189078,0
189407,1559025217989250,70383666,0.57807864,162,189246,189407,189335,0
189661,1559025218906333,70644083,0.61402743,254,189408,189661,189611,0
189880,1559025220791500,69746708,0.59535371,219,189662,189880,189827,0
189939,1559025220794500,70006125,0.57895925,59,189881,189939,189927,0
190161,1559025221773958,70067875,0.61915101,222,189940,190161,189963,0
190244,1559025221778125,70432666,0.57221192,83,190162,190244,190226,0
190425,1559025222450250,70616708,0.61467062,181,190245,190425,190317,0
190595,1559025222459750,71369083,0.59832341,170,190426,190595,190499,0
190716,1559025222465791,71943125,0.57762067,121,190596,190716,190641,0
190875,1559025223851500,71286958,0.5910827,159,190717,190875,190815,0
190981,1559025223856791,71772000,0.60441898,106,190876,190981,190906,0
191141,1559025224448333,71926458,0.60027493,160,190982,191141,191111,0
191331,1559025224457875,72793333,0.61028263,190,191142,191331,191281,0
191515,1559025225527708,72644083,0.66421782,184,191332,191515,191410,0
191653,1559025226186708,72590000,0.61290356,138,191516,191653,191574,0
191755,1559025226192791,73036959,0.60278975,102,191654,191755,191713,0
191969,1559025227371166,72826334,0.64918656,214,191756,191969,191800,0
192191,1559025228555958,72651750,0.59092323,222,191970,192191,192037,0
192323,1559025228562625,73237041,0.59030164,132,192192,192323,192263,0
192579,1559025231954541,71023709,0.65669599,256,192324,192579,192546,0
192595,1559025231955333,71106458,0.63011053,16,192580,192595,192582,0
192611,1559025231956125,71199333,0.60953219,16,192596,192611,192608,0
192627,1559025231956916,71300125,0.56683029,16,192612,192627,192617,0
192703,1559025232179833,71431875,0.63442299,76,192628,192703,192633,0
192761,1559025232182750,71691291,0.54975996,58,192704,192761,192734,0
192968,1559025232193125,72643750,0.59736265,207,192762,192968,192835,0
193224,1559025232282458,73722958,0.62120374,256,192969,193224,193029,0
193480,1559025232983333,74150000,0.60772612,256,193225,193480,193425,0
193522,1559025234093875,73228708,0.60193256,42,193481,193522,193481,0
193651,1559025234100333,73800542,0.57006598,129,193523,193651,193623,0
193723,1559025234103916,74097917,0.57819875,72,193652,193723,193714,0
193827,1559025234996000,73663541,0.55917741,104,193724,193827,193756,0
194044,1559025236700291,72908959,0.62012724,217,193828,194044,193966,0
194300,1559025237617875,73146208,0.62712254,256,194045,194300,194281,0
194521,1559025238503708,73279500,0.60192367,221,194301,194521,194373,0
194777,1559025240233416,72688042,0.59939127,256,194522,194777,194578,0
195018,1559025241900416,72088500,0.62206653,241,194778,195018,194923,0
195226,1559025242877541,72058584,0.62019624,208,195019,195226,195197,0
195400,1559025243729458,72023458,0.62414991,174,195227,195400,195367,0
195601,1559025244173500,72497916,0.62464416,201,195401,195601,195509,0
195635,1559025244951250,71887541,0.5783423,34,195602,195635,195602,0
195871,1559025247331416,70507792,0.57558784,236,195636,195871,195683,0
195922,1559025247334000,70713083,0.53749776,51,195872,195922,195915,0
196122,1559025247966791,70948209,0.63017868,200,195923,196122,196085,0
196340,1559025248694041,71149750,0.57751257,218,196123,196340,196337,0
196524,1559025249573791,71086709,0.61242889,184,196341,196524,196400,0
196780,1559025253100958,68663292,0.59227937,256,196525,196780,196660,0
197036,1559025255591500,67304916,0.59442219,256,196781,197036,196912,0
197205,1559025256967958,66715917,0.63125636,169,197037,197205,197204,0
197221,1559025256968875,66767958,0.5611185,16,197206,197221,197206,0
197303,1559025256973583,67109125,0.63925784,82,197222,197303,197231,0
197454,1559025256982291,67756292,0.61598194,151,197304,197454,197317,0
197658,1559025258880708,66768250,0.58870569,204,197455,197658,197567,0
197867,1559025260605833,65949708,0.61103145,209,197659,197867,197792,0
198112,1559025261335500,66327791,0.61090879,245,197868,198112,198079,0
198220,1559025261758083,66377708,0.59589135,108,198113,198220,198153,0
198466,1559025262693500,66512666,0.61692627,246,198221,198466,198449,0
198570,1559025262698750,66961041,0.59304753,104,198467,198570,198479,0
198775,1559025263531041,67050584,0.59929395,205,198571,198775,198638,0
198845,1559025263534541,67351792,0.57751384,70,198776,198845,198785,0
199049,1559025265095458,66717500,0.64087453,204,198846,199049,198872,0
199076,1559025265097041,66822792,0.4995355,27,199050,199076,199068,0
199318,1559025265863208,67081333,0.6315689,242,199077,199318,199100,0
199574,1559025266815041,67269000,0.61522731,256,199319,199574,199562,0
199619,1559025266817250,67489375,0.63829549,45,199575,199619,199582,0
199635,1559025266818083,67564292,0.51897098,16,199620,199635,199625,0
199825,1559025268564000,66660541,0.62853484,190,199636,199825,199785,0
199982,1559025269323208,66631958,0.5970506,157,199826,199982,199975,0
200040,1559025270484708,65745750,0.60755528,58,199983,200040,199992,0
200118,1559025270488708,66101583,0.59831643,78,200041,200118,200071,0
200223,1559025271139625,65949791,0.60530327,105,200119,200223,200165,0
200470,1559025271845000,66622458,0.60754791,247,200224,200470,200431,0
200697,1559025272541583,66652292,0.62263458,227,200471,200697,200529,0
200915,1559025273765333,66415208,0.60779822,218,200698,200915,200800,0
201171,1559025274593125,66742791,0.60230919,256,200916,201171,200956,0
201391,1559025276179666,66137334,0.63330478,220,201172,201391,201378,0
201536,1559025277285500,65667708,0.62107006,145,201392,201536,201418,0
201792,1559025279500875,64630208,0.64410942,256,201537,201792,201775,0
201870,1559025279504791,64973459,0.56726176,78,201793,201870,201858,0
201990,1559025280550750,64483666,0.59444516,120,201871,201990,201939,0
202225,1559025281203166,64906875,0.6023155,235,201991,202225,202198,0
202442,1559025282353750,64716958,0.59392582,217,202226,202442,202393,0
202678,1559025283455750,64714708,0.6397648,236,202443,202678,202632,0
202911,1559025283730750,65530666,0.63364895,233,202679,202911,202719,0
203163,1559025284539166,65818417,0.60877202,252,202912,203163,202968,0
203339,1559025285759375,65388333,0.61318985,176,203164,203339,203213,0
203404,1559025285762666,65695584,0.62750057,65,203340,203404,203340,0
203631,1559025286554250,65984833,0.63772835,227,203405,203631,203564,0
203764,1559025289563333,63604000,0.61225154,133,203632,203764,203693,0
203908,1559025289570458,64263625,0.60141272,144,203765,203908,203780,0
204131,1559025290881958,63969208,0.64164905,223,203909,204131,203983,0
204361,1559025293097583,62896208,0.64319282,230,204132,204361,204236,0
204557,1559025293108916,63745792,0.60900428,196,204362,204557,204495,0
204813,1559025294460291,63538542,0.63325526,256,204558,204813,204770,0
205009,1559025294471416,64404667,0.63732299,196,204814,205009,204909,0
205206,1559025295230125,64526291,0.574203,197,205010,205206,205132,0
205319,1559025295635500,64648375,0.59443301,113,205207,205319,205257,0
205447,1559025295643000,65213750,0.64122953,128,205320,205447,205392,0
205637,1559025297260583,64459292,0.62660174,190,205448,205637,205570,0
205798,1559025297269833,65201667,0.64987984,161,205638,205798,205685,0
206054,1559025298834875,64825583,0.60605493,256,205799,206054,205837,0
206310,1559025299293666,65565584,0.65296432,256,206055,206310,206301,0
206332,1559025300211041,64755667,0.63426197,22,206311,206332,206311,0
206348,1559025300211833,64853000,0.62393145,16,206333,206348,206345,0
206470,1559025300217958,65356917,0.57621968,122,206349,206470,206453,0
206701,1559025301233958,65396792,0.61340293,231,206471,206701,206526,0
206774,1559025301237583,65712708,0.64018076,73,206702,206774,206720,0
207005,1559025301855166,66151209,0.62623433,231,206775,207005,206952,0
207139,1559025303014083,65597125,0.63829761,134,207006,207139,207086,0
207395,1559025303078833,66651958,0.59043634,256,207140,207395,207340,0
207650,1559025303276916,67627250,0.61976185,255,207396,207650,207469,0
207757,1559025303660500,67730625,0.58665878,107,207651,207757,207746,0
207934,1559025303906833,68332542,0.64076093,177,207758,207934,207886,0
208190,1559025305174916,68233334,0.60188761,256,207935,208190,208135,0
208446,1559025306011583,68593458,0.64467236,256,208191,208446,208411,0
208570,1559025307175625,67998041,0.61130411,124,208447,208570,208568,0
208586,1559025307176416,68084709,0.59548323,16,208571,208586,208576,0
208612,1559025307179250,68205916,0.57333524,26,208587,208612,208600,0
208868,1559025307403458,69163500,0.62364927,256,208613,208868,208705,0
209124,1559025308261125,69526458,0.67610459,256,208869,209124,209061,0
209144,1559025308262125,69628041,0.60968774,20,209125,209144,209125,0
209311,1559025308710000,69955416,0.61145127,167,209145,209311,209239,0
209533,1559025309639458,70048667,0.64185669,222,209312,209533,209531,0
209549,1559025310804333,68978917,0.61218954,16,209534,209549,209547,0
209565,1559025310805291,69061917,0.63188469,16,209550,209565,209553,0
209581,1559025310806250,69127416,0.53284677,16,209566,209581,209573,0
209783,1559025311830000,69010250,0.59322286,202,209582,209783,209671,0
210016,1559025312957416,68977250,0.60819544,233,209784,210016,209835,0
210159,1559025314065291,68511042,0.58116441,143,210017,210159,210078,0
210356,1559025314076791,69406042,0.60853292,197,210160,210356,210172,0
210514,1559025316765833,67468500,0.62492758,158,210357,210514,210455,0
210643,1559025316851291,68065917,0.65325771,129,210515,210643,210628,0
210659,1559025316853458,68065500,0.54957731,16,210644,210659,210652,0
210675,1559025316854250,68160291,0.67894507,16,210660,210675,210670,0
210787,1559025316859833,68663708,0.59033335,112,210676,210787,210778,0
210933,1559025318136125,68068625,0.60293968,146,210788,210933,210874,0
211131,1559025318935333,68201583,0.62888831,198,210934,211131,211130,0
211147,1559025318936125,68291000,0.64961557,16,211132,211147,211141,0
211163,1559025318936958,68364000,0.60670492,16,211148,211163,211152,0
211293,1559025319898250,68008666,0.61990471,130,211164,211293,211164,0
211549,1559025320694791,68393042,0.65605684,256,211294,211549,211445,0
211805,1559025321812375,68491666,0.63862436,256,211550,211805,211769,0
211984,1559025323015416,68129917,0.61520012,179,211806,211984,211924,0
212240,1559025323670750,68791625,0.64809905,256,211985,212240,212177,0
212258,1559025323671666,68883875,0.60487272,18,212241,212258,212258,0
212280,1559025323672750,68988291,0.59843965,22,212259,212280,212269,0
212324,1559025323742083,69143292,0.61243982,44,212281,212324,212291,0
212378,1559025323744791,69400209,0.60094351,54,212325,212378,212345,0
212634,1559025324274833,70090750,0.61548058,256,212379,212634,212614,0
212837,1559025326616333,68677625,0.59944774,203,212635,212837,212746,0
213093,1559025327689875,68846625,0.64472019,256,212838,213093,213083,0
213294,1559025329282500,68226166,0.6103563,201,213094,213294,213170,0
213537,1559025329721666,68913417,0.60813703,243,213295,213537,213493,0
213605,1559025329725083,69279458,0.6762325,68,213538,213605,213542,0
213655,1559025330889916,68363584,0.62823744,50,213606,213655,213626,0
213671,1559025331848291,67474959,0.5566697,16,213656,213671,213661,0
213827,1559025331968416,68057709,0.59521602,156,213672,213827,213768,0
214063,1559025333088750,68550541,0.63039284,236,213828,214063,213973,0
214299,1559025334431750,67836166,0.65093792,236,214064,214299,214183,0
214534,1559025334580583,68785500,0.61951663,235,214300,214534,214506,0
214669,1559025335284875,68708250,0.57141395,135,214535,214669,214569,0
214900,1559025337089041,68009917,0.60176922,231,214670,214900,214706,0
215108,1559025338645916,67413292,0.62239543,208,214901,215108,215087,0
215238,1559025339308916,67341917,0.62346011,130,215109,215238,215153,0
215394,1559025342486708,64874458,0.62318861,156,215239,215394,215354,0
215595,1559025342498083,65859292,0.60631253,201,215395,215595,215412,0
215709,1559025343090833,65819750,0.5983163,114,215596,215709,215687,0
215862,1559025343098625,66548416,0.60674639,153,215710,215862,215743,0
216118,1559025344534000,66287625,0.59356166,256,215863,216118,216042,0
216374,1559025346135375,65877416,0.62176583,256,216119,216374,216319,0
216621,1559025349286916,63975709,0.67761214,247,216375,216621,216606,0
216637,1559025349287708,64037125,0.61553055,16,216622,216637,216632,0
216653,1559025349288500,64107583,0.59797442,16,216638,216653,216650,0
216836,1559025350551458,63690292,0.582646,183,216654,216836,216675,0
217052,1559025351362125,63887083,0.63351258,216,216837,217052,216970,0
217143,1559025351367916,64325959,0.59799253,91,217053,217143,217104,0
217374,1559025351599666,65183209,0.6318691,231,217144,217374,217349,0
217491,1559025352582833,64763000,0.61632936,117,217375,217491,217400,0
217743,1559025353879250,64673208,0.60372303,252,217492,217743,217572,0
217813,1559025355957458,62925167,0.5882785,70,217744,217813,217751,0
218012,1559025356891666,62916917,0.58486997,199,217814,218012,217928,0
218150,1559025356899916,63547834,0.59024759,138,218013,218150,218099,0
218393,1559025358035833,63542375,0.59034687,243,218151,218393,218390,0
218409,1559025358944541,62732042,0.55699863,16,218394,218409,218403,0
218567,1559025358953791,63444334,0.62271564,158,218410,218567,218538,0
218823,1559025360329958,63261542,0.68728591,256,218568,218823,218577,0
219036,1559025360897916,63695167,0.61264445,213,218824,219036,218860,0
219205,1559025361765500,63616541,0.60049282,169,219037,219205,219088,0
219431,1559025362555500,63872250,0.61710258,226,219206,219431,219209,0
219687,1559025363692875,63933583,0.6286582,256,219432,219687,219592,0
219925,1559025364983500,63773333,0.6453923,238,219688,219925,219761,0
219957,1559025364985083,63945042,0.63490297,32,219926,219957,219931,0
220115,1559025365091083,64582167,0.58354475,158,219958,220115,220090,0
220238,1559025365597458,64679417,0.598356,123,220116,220238,220229,0
220254,1559025365598250,64767000,0.61071043,16,220239,220254,220244,0
220335,1559025365602333,65153875,0.6416423,81,220255,220335,220262,0
220543,1559025366639208,65074167,0.60697028,208,220336,220543,220435,0
220689,1559025366650208,65766958,0.62430912,146,220544,220689,220661,0
220775,1559025368630958,64217000,0.63129476,86,220690,220775,220723,0
220964,1559025369793750,63903833,0.62201745,189,220776,220964,220885,0
221153,1559025370932000,63620083,0.64913662,189,220965,221153,221021,0
221382,1559025371629625,64056291,0.64973736,229,221154,221382,221379,0
221398,1559025371630416,64172125,0.63136751,16,221383,221398,221383,0
221414,1559025371631208,64222708,0.61705484,16,221399,221414,221404,0
221469,1559025371633916,64452500,0.55190295,55,221415,221469,221417,0
221725,1559025373432458,63858250,0.58835701,256,221470,221725,221724,0
221901,1559025374621708,63514875,0.61284035,176,221726,221901,221740,0
222157,1559025375282458,64093292,0.64470687,256,221902,222157,222057,0
222405,1559025375420666,65033625,0.59847605,248,222158,222405,222228,0
222519,1559025377813416,63199042,0.63934525,114,222406,222519,222519,0
222775,1559025377937208,64299875,0.68487594,256,222520,222775,222573,0
223031,1559025378724708,64721958,0.60635518,256,222776,223031,222827,0
223237,1559025379756416,64718042,0.63492915,206,223032,223237,223095,0
223493,1559025379815583,65863875,0.64038003,256,223238,223493,223424,0
223694,1559025379919791,66696542,0.60458498,201,223494,223694,223626,0
223903,1559025379979250,67592708,0.59896902,209,223695,223903,223733,0
224115,1559025381965125,66594166,0.61138184,212,223904,224115,223938,0
224326,1559025382582083,66925000,0.57218914,211,224116,224326,224261,0
224476,1559025384906166,65312542,0.62098797,150,224327,224476,224466,0
224548,1559025384909750,65623583,0.59808108,72,224477,224548,224491,0
224776,1559025384971666,66661750,0.62856775,228,224549,224776,224618,0
224888,1559025385629833,66516583,0.59053032,112,224777,224888,224870,0
225022,1559025385637958,67117792,0.59013306,134,224889,225022,224920,0
225278,1559025387185708,66840250,0.64044553,256,225023,225278,225223,0
225421,1559025387194250,67466208,0.59338657,143,225279,225421,225400,0
225677,1559025389181250,66766083,0.62097953,256,225422,225677,225488,0
225846,1559025390337541,66388125,0.59937517,169,225678,225846,225735,0
226000,1559025391236916,66164125,0.60027526,154,225847,226000,225892,0
226016,1559025391237708,66251708,0.60962017,16,226001,226016,226008,0
226044,1559025391239083,66404250,0.56337285,28,226017,226044,226017,0
226283,1559025392505625,66231458,0.60111605,239,226045,226283,226149,0
226451,1559025392514000,67051083,0.61720247,168,226284,226451,226347,0
226707,1559025392683958,68081750,0.64102501,256,226452,226707,226538,0
226963,1559025392954583,69000958,0.58298577,256,226708,226963,226939,0
227219,1559025393144125,70012916,0.59691529,256,226964,227219,227134,0
227475,1559025394351875,69991083,0.6443855,256,227220,227475,227259,0
227660,1559025395322375,69909666,0.65614144,185,227476,227660,227559,0
227801,1559025396587833,69283375,0.57842803,141,227661,227801,227773,0
228057,1559025397596708,69493167,0.61891241,256,227802,228057,228054,0
228191,1559025397603416,70113209,0.6332931,134,228058,228191,228081,0
228362,1559025398727583,69765208,0.58710934,171,228192,228362,228196,0
228492,1559025399048625,70057791,0.58076314,130,228363,228492,228452,0
228587,1559025399320541,70255209,0.60331849,95,228493,228587,228493,0
228821,1559025399392541,71246334,0.61998326,234,228588,228821,228701,0
229059,1559025401218083,70796667,0.65400459,238,228822,229059,229035,0
229315,1559025402718666,70221084,0.6237523,256,229060,229315,229134,0
229491,1559025403379958,70318208,0.57439143,176,229316,229491,229387,0
229642,1559025404023833,70481417,0.6458288,151,229492,229642,229599,0
229803,1559025405092208,70099375,0.59749237,161,229643,229803,229752,0
229987,1559025406043500,70007625,0.57496355,184,229804,229987,229961,0
230118,1559025407423625,69233416,0.597402,131,229988,230118,230061,0
230374,1559025408395166,69449667,0.61188899,256,230119,230374,230235,0
230630,1559025409704416,69342084,0.66563199,256,230375,230630,230416,0
230886,1559025410888458,69352083,0.61303204,256,230631,230886,230869,0
231093,1559025412212083,68943458,0.59416986,207,230887,231093,231039,0
231188,1559025412216833,69376125,0.60281846,95,231094,231188,231136,0
231421,1559025413264708,69398917,0.59442221,233,231189,231421,231299,0
231592,1559025413361083,70076250,0.57155643,171,231422,231592,231591,0
231809,1559025413462166,71039292,0.59648675,217,231593,231809,231707,0
231981,1559025414275708,70961458,0.59384777,172,231810,231981,231879,0
232173,1559025415349375,70751750,0.65585927,192,231982,232173,232050,0
232429,1559025415749375,71575208,0.63750405,256,232174,232429,232395,0
232609,1559025417407541,70694792,0.54946415,180,232430,232609,232482,0
232865,1559025418538666,70817042,0.65071636,256,232610,232865,232698,0
233117,1559025418908625,71541708,0.59603534,252,232866,233117,232882,0
233373,1559025419840083,71784792,0.62639294,256,233118,233373,233314,0
233622,1559025421622666,71169042,0.59937858,249,233374,233622,233439,0
233777,1559025421693291,71780500,0.61854913,155,233623,233777,233631,0
233936,1559025422462000,71730583,0.59637254,159,233778,233936,233899,0
234192,1559025423613583,71765750,0.6080745,256,233937,234192,233995,0
234403,1559025424627208,71795333,0.63534921,211,234193,234403,234202,0
234635,1559025425414958,72063333,0.59496119,232,234404,234635,234459,0
234687,1559025425417583,72297750,0.59199943,52,234636,234687,234650,0
234857,1559025426504375,71987833,0.58953778,170,234688,234857,234711,0
235113,1559025427694875,71972250,0.62598071,256,234858,235113,234911,0
235369,1559025428988958,71838875,0.62042115,256,235114,235369,235310,0
235606,1559025429708625,72241083,0.6007891,237,235370,235606,235384,0
235778,1559025430341333,72312667,0.60044824,172,235607,235778,235687,0
235951,1559025430436083,73031708,0.60120333,173,235779,235951,235916,0
236156,1559025430768791,73669250,0.62258164,205,235952,236156,236031,0
236263,1559025430774166,74349917,0.61672773,107,236157,236263,236177,0
236326,1559025431728500,73582416,0.58956175,63,236264,236326,236271,0
236495,1559025431737083,74265458,0.63793373,169,236327,236495,236484,0
236581,1559025432457458,73913250,0.56634498,86,236496,236581,236552,0
236819,1559025432863750,74605666,0.65676825,238,236582,236819,236807,0
236978,1559025433738583,74420167,0.58900255,159,236820,236978,236941,0
237163,1559025433747958,75251667,0.65068601,185,236979,237163,237136,0
237285,1559025434644333,74915583,0.61783429,122,237164,237285,237251,0
237463,1559025434653208,75716458,0.65469798,178,237286,237463,237363,0
237588,1559025435728541,75182834,0.63176897,125,237464,237588,237523,0
237700,1559025435734166,75662334,0.55779443,112,237589,237700,237636,0
237875,1559025435900333,76283542,0.61766377,175,237701,237875,237852,0
237938,1559025435903500,76542041,0.59563738,63,237876,237938,237928,0
238092,1559025436171541,76965459,0.58513977,154,237939,238092,237967,0
238278,1559025436180958,77777833,0.59642016,186,238093,238278,238174,0
238446,1559025437299625,77371166,0.59249444,168,238279,238446,238446,0
238501,1559025438186250,76809875,0.58492042,55,238447,238501,238495,0
238533,1559025438187875,76906291,0.58815758,32,238502,238533,238530,0
238619,1559025438192125,77268916,0.66309834,86,238534,238619,238535,0
238875,1559025440511416,76102500,0.61057383,256,238620,238875,238830,0
239131,1559025441061958,76698042,0.59880173,256,238876,239131,238927,0
239387,1559025442323958,76541167,0.60759245,256,239132,239387,239191,0
239643,1559025443474000,76542541,0.65781552,256,239388,239643,239424,0
239824,1559025444502708,76296708,0.63380544,181,239644,239824,239704,0
239994,1559025445849333,75784167,0.59752637,170,239825,239994,239856,0
240199,1559025446676958,75783875,0.60113956,205,239995,240199,240093,0
240444,1559025449539291,74029417,0.62129579,245,240200,240444,240357,0
240546,1559025449544416,74444375,0.57520302,102,240445,240546,240514,0
240693,1559025450598583,74085500,0.62064396,147,240547,240693,240657,0
240810,1559025450604458,74582458,0.59170674,117,240694,240810,240727,0
241066,1559025451663166,74654125,0.60302827,256,240811,241066,240880,0
241288,1559025452805791,74536250,0.60785975,222,241067,241288,241179,0
241544,1559025454069833,74388542,0.61596974,256,241289,241544,241397,0
241605,1559025455474125,73230291,0.55640944,61,241545,241605,241553,0
241861,1559025456756041,73081417,0.56519687,256,241606,241861,241775,0
242047,1559025457528458,73127917,0.62374666,186,241862,242047,241951,0
242269,1559025457722916,73910500,0.6010083,222,242048,242269,242117,0
242525,1559025458795166,73958375,0.58368317,256,242270,242525,242310,0
242707,1559025461976541,71556292,0.58232311,182,242526,242707,242585,0
242843,1559025463193125,70945583,0.6099363,136,242708,242843,242804,0
242937,1559025463197791,71372584,0.57872117,94,242844,242937,242873,0
243073,1559025464425958,70733958,0.60861314,136,242938,243073,242938,0
243273,1559025465312583,70743750,0.60607571,200,243074,243273,243247,0
243315,1559025465314750,70959583,0.61528807,42,243274,243315,243281,0
243368,1559025465317375,71185416,0.58069453,53,243316,243368,243339,0
243624,1559025465880083,71768833,0.60228561,256,243369,243624,243523,0
243880,1559025467229833,71543542,0.65134198,256,243625,243880,243862,0
244059,1559025467754541,71781209,0.54998836,179,243881,244059,243974,0
244265,1559025468551541,71894875,0.62799196,206,244060,244265,244136,0
244521,1559025469163250,72399250,0.64382915,256,244266,244521,244454,0
244777,1559025470733291,71966167,0.61922696,256,244522,244777,244668,0
244956,1559025472925208,70553667,0.60329803,179,244778,244956,244799,0
245212,1559025473738500,70873416,0.62816033,256,244957,245212,245159,0
245468,1559025474452250,71254250,0.57488227,256,245213,245468,245390,0
245692,1559025475230750,71462916,0.64913908,224,245469,245692,245529,0
245859,1559025476072375,71368083,0.59932455,167,245693,245859,245820,0
246061,1559025476696541,71604125,0.58963899,202,245860,246061,245982,0
246077,1559025476697333,71678875,0.53059912,16,246062,246077,246069,0
246243,1559025477870166,71246750,0.61677297,166,246078,246243,246227,0
246347,1559025477876375,71697000,0.65642894,104,246244,246347,246328,0
246487,1559025479080375,71141125,0.59803943,140,246348,246487,246352,0
246652,1559025480264416,70643500,0.61479246,165,246488,246652,246554,0
246765,1559025480270125,71131625,0.58687898,113,246653,246765,246724,0
246924,1559025481154875,70965333,0.55178688,159,246766,246924,246795,0
247142,1559025482681666,70367125,0.59135754,218,246925,247142,247140,0
247273,1559025483493625,70154583,0.60889053,131,247143,247273,247192,0
247529,1559025486120250,68683208,0.63722307,256,247274,247529,247528,0
247785,1559025487327000,68660333,0.6789547,256,247530,247785,247564,0
247945,1559025487335000,69270333,0.574897,160,247786,247945,247829,0
248201,1559025489515875,68196708,0.62730144,256,247946,248201,247963,0
248316,1559025489521541,68687084,0.57473111,115,248202,248316,248260,0
248571,1559025490568916,68714292,0.64256733,255,248317,248571,248558,0
248827,1559025491663291,68770459,0.62837244,256,248572,248827,248738,0
248843,1559025491664083,68853208,0.61037447,16,248828,248843,248830,0
248859,1559025491664875,68932875,0.58086085,16,248844,248859,248848,0
248945,1559025492798166,68155792,0.5982365,86,248860,248945,248934,0
249090,1559025493498958,68147917,0.59210864,145,248946,249090,249019,0
249243,1559025493506625,68797958,0.60359799,153,249091,249243,249210,0
249499,1559025494277333,69152708,0.58793211,256,249244,249499,249267,0
249642,1559025495392875,68624416,0.56453933,143,249500,249642,249549,0
249898,1559025496443750,68713625,0.59659302,256,249643,249898,249648,0
250154,1559025497518125,68755583,0.61424866,256,249899,250154,250051,0
250357,1559025499708916,67464375,0.62930165,203,250155,250357,250343,0
250507,1559025500858291,66963709,0.56470256,150,250358,250507,250367,0
250735,1559025501934083,66905708,0.58270619,228,250508,250735,250654,0
250945,1559025503512666,66224709,0.58112582,210,250736,250945,250827,0
251197,1559025504492083,66369500,0.62488011,252,250946,251197,250957,0
251321,1559025505669208,65806625,0.57593519,124,251198,251321,251231,0
251403,1559025505673250,66117916,0.58236464,82,251322,251403,251396,0
251461,1559025505676166,66370792,0.57055229,58,251404,251461,251419,0
251615,1559025505683833,67046583,0.62010245,154,251462,251615,251578,0
251794,1559025506045583,67452833,0.61426755,179,251616,251794,251636,0
251887,1559025506728500,67194250,0.61091659,93,251795,251887,251830,0
252143,1559025507606916,67424625,0.59584126,256,251888,252143,252094,0
252399,1559025508228750,67909708,0.60658991,256,252144,252399,252213,0
252620,1559025509069291,68036000,0.61519844,221,252400,252620,252489,0
252831,1559025509640458,68389083,0.59425728,211,252621,252831,252738,0
253069,1559025512230666,66835500,0.61129457,238,252832,253069,253016,0
253308,1559025512479250,67623750,0.60562089,239,253070,253308,253295,0
253479,1559025513150916,67713709,0.58043604,171,253309,253479,253374,0
253735,1559025514046416,67912000,0.60377393,256,253480,253735,253520,0
253885,1559025514857708,67795000,0.62713047,150,253736,253885,253836,0
253967,1559025514862458,68138250,0.6093607,82,253886,253967,253945,0
254160,1559025514977125,68903083,0.5839479,193,253968,254160,253972,0
254416,1559025515134708,69822542,0.65692913,256,254161,254416,254263,0
254672,1559025516650416,69414125,0.61805452,256,254417,254672,254465,0
254899,1559025517800333,69234167,0.62261602,227,254673,254899,254803,0
255089,1559025519107000,68751500,0.57629691,190,254900,255089,255030,0
255278,1559025519116458,69583792,0.61549548,189,255090,255278,255236,0
255475,1559025520851750,68702791,0.59284452,197,255279,255475,255433,0
255670,1559025522741250,67691708,0.59535012,195,255476,255670,255536,0
255807,1559025524225083,66910500,0.60383213,137,255671,255807,255690,0
256063,1559025524740791,67358959,0.58227665,256,255808,256063,256062,0
256319,1559025525205166,68003542,0.57086195,256,256064,256319,256064,0
256444,1559025525213458,68535875,0.59378722,125,256320,256444,256332,0
256574,1559025526350958,67943083,0.56336057,130,256445,256574,256467,0
256824,1559025527357625,68039041,0.62129146,250,256575,256824,256802,0
256951,1559025528510791,67436375,0.62494963,127,256825,256951,256835,0
257203,1559025528761291,68277500,0.59723363,252,256952,257203,257044,0
257459,1559025529885791,68290792,0.58792185,256,257204,257459,257302,0
257667,1559025530718416,68370417,0.61263605,208,257460,257667,257590,0
257852,1559025531680500,68284416,0.59954949,185,257668,257852,257720,0
258090,1559025533568875,67374166,0.61526841,238,257853,258090,257875,0
258293,1559025534197000,67626500,0.57430543,203,258091,258293,258290,0
258316,1559025534198166,67728542,0.60018103,23,258294,258316,258300,0
258332,1559025534198958,67817000,0.61289621,16,258317,258332,258324,0
258411,1559025534202916,68164375,0.58664847,79,258333,258411,258350,0
258571,1559025534609458,68497583,0.69292101,160,258412,258571,258558,0
258587,1559025534610250,68576291,0.6426057,16,258572,258587,258573,0
258603,1559025534611083,68657042,0.62522518,16,258588,258603,258601,0
258619,1559025534611875,68748000,0.59500802,16,258604,258619,258615,0
258635,1559025534612666,68818542,0.57497912,16,258620,258635,258625,0
258766,1559025534619208,69408167,0.59693152,131,258636,258766,258667,0
258937,1559025535234791,69562375,0.59034389,171,258767,258937,258883,0
258986,1559025535237208,69812500,0.55427947,49,258938,258986,258943,0
259040,1559025536171375,69099291,0.57075411,54,258987,259040,259005,0
259144,1559025536176583,69547583,0.62245042,104,259041,259144,259046,0
259311,1559025536363416,70060542,0.57668844,167,259145,259311,259171,0
259567,1559025536571625,71010916,0.59891146,256,259312,259567,259472,0
259787,1559025538818541,69694084,0.59348389,220,259568,259787,259762,0
259918,1559025539545708,69566792,0.59958757,131,259788,259918,259897,0
260067,1559025539553083,70207125,0.58000046,149,259919,260067,260050,0
260270,1559025540523166,70079750,0.55770293,203,260068,260270,260242,0
260526,1559025541957291,69766667,0.60133077,256,260271,260526,260289,0
260782,1559025543553333,69331917,0.63295032,256,260527,260782,260666,0
261038,1559025544696166,69348084,0.60153947,256,260783,261038,261002,0
261248,1559025545781625,69183333,0.59920349,210,261039,261248,261040,0
261448,1559025546757125,69093166,0.59158211,200,261249,261448,261373,0
261704,1559025547450583,69553917,0.64671385,256,261449,261704,261544,0
261960,1559025548383125,69793541,0.63386269,256,261705,261960,261875,0
261976,1559025548383916,69886792,0.60426512,16,261961,261976,261966,0
261992,1559025548384708,69939583,0.52578471,16,261977,261992,261989,0
262140,1559025548392083,70542708,0.5932298,148,261993,262140,262117,0
262300,1559025549130333,70551500,0.63753856,160,262141,262300,262260,0
262556,1559025551445500,69367458,0.59024547,256,262301,262556,262375,0
262707,1559025553711916,67762584,0.63687953,151,262557,262707,262655,0
262952,1559025556581666,65985667,0.60181328,245,262708,262952,262774,0
263076,1559025557750416,65373167,0.64143286,124,262953,263076,262978,0
263299,1559025560456541,63624084,0.57706709,223,263077,263299,263164,0
263543,1559025560556375,64591375,0.61257362,244,263300,263543,263429,0
263653,1559025560561875,65033083,0.57822341,110,263544,263653,263593,0
263823,1559025560670500,65680625,0.60967855,170,263654,263823,263686,0
263972,1559025561004250,65995958,0.59341199,149,263824,263972,263831,0
264167,1559025562372666,65523167,0.64639082,195,263973,264167,264021,0
264183,1559025562373458,65603708,0.5305742,16,264168,264183,264171,0
264376,1559025563492500,65293000,0.61029215,193,264184,264376,264207,0
264513,1559025563499333,65881875,0.62883106,137,264377,264513,264431,0
264763,1559025564048416,66415125,0.56860543,250,264514,264763,264630,0
264929,1559025565179333,66004125,0.56441215,166,264764,264929,264810,0
265122,1559025565188916,66898542,0.60762078,193,264930,265122,265012,0
265295,1559025566354333,66450708,0.61130886,173,265123,265295,265189,0
265503,1559025567187291,66515959,0.5750652,208,265296,265503,265347,0
265759,1559025567878500,66936500,0.58355571,256,265504,265759,265754,0
265957,1559025568850583,66819292,0.58718128,198,265760,265957,265933,0
266213,1559025571762875,65035041,0.61997599,256,265958,266213,266045,0
266351,1559025572055583,65330458,0.59053964,138,266214,266351,266343,0
266607,1559025572455625,66104625,0.63354144,256,266352,266607,266553,0
266863,1559025573587000,66035291,0.61653147,256,266608,266863,266699,0
267105,1559025573955083,66699417,0.56357814,242,266864,267105,266908,0
267288,1559025575039375,66405125,0.59877957,183,267106,267288,267263,0
267464,1559025576164916,66055917,0.60738056,176,267289,267464,267316,0
267650,1559025577167541,65861417,0.61848223,186,267465,267650,267567,0
267906,1559025578051708,66095250,0.5728344,256,267651,267906,267799,0
268162,1559025580124125,65134916,0.61213227,256,267907,268162,268026,0
268364,1559025582017208,64101500,0.59197516,202,268163,268364,268185,0
268582,1559025582656541,64422792,0.59319544,218,268365,268582,268469,0
268684,1559025583056875,64457333,0.56035767,102,268583,268684,268614,0
268901,1559025583888416,64571667,0.59242797,217,268685,268901,268764,0
269138,1559025585024416,64466875,0.59253761,237,268902,269138,269107,0
269244,1559025586136541,63849709,0.6337925,106,269139,269244,269185,0
269500,1559025587099375,64046250,0.62627704,256,269245,269500,269375,0
269756,1559025587885125,64385291,0.57674917,256,269501,269756,269699,0
269859,1559025588916333,63764042,0.58328891,103,269757,269859,269794,0
270082,1559025589652416,64013750,0.61252297,223,269860,270082,270042,0
270338,1559025590464833,64396542,0.63678324,256,270083,270338,270318,0
270379,1559025590466916,64597334,0.54759996,41,270339,270379,270361,0
270588,1559025591049750,64868750,0.61420734,209,270380,270588,270414,0
270794,1559025592142833,64679167,0.60904724,206,270589,270794,270774,0
270954,1559025592150875,65351833,0.5744922,160,270795,270954,270931,0
271206,1559025593880708,64714958,0.60613878,252,270955,271206,271059,0
271455,1559025594434958,65242750,0.59180814,249,271207,271455,271400,0
271655,1559025595457958,65114625,0.61424834,200,271456,271655,271517,0
271818,1559025595991875,65328375,0.59625723,163,271656,271818,271789,0
271924,1559025595997208,65787542,0.58037812,106,271819,271924,271915,0
272050,1559025597108416,65221125,0.60373505,126,271925,272050,272002,0
272293,1559025598237458,65162333,0.61460563,243,272051,272293,272272,0
272316,1559025598238666,65268375,0.53343172,23,272294,272316,272295,0
272423,1559025598244041,65723750,0.63025999,107,272317,272423,272376,0
272679,1559025599928125,65231416,0.66362755,256,272424,272679,272543,0
272889,1559025600967791,65070917,0.59566289,210,272680,272889,272887,0
273145,1559025601894666,65301125,0.62217051,256,272890,273145,272917,0
273401,1559025602248083,66137875,0.64805175,256,273146,273401,273382,0
273657,1559025602531958,66964792,0.60259417,256,273402,273657,273615,0
273913,1559025603188375,67433583,0.62971467,256,273658,273913,273773,0
274122,1559025603260041,68282084,0.6198063,209,273914,274122,273982,0
274330,1559025603320625,69141750,0.58066036,208,274123,274330,274261,0
274536,1559025603442958,69923458,0.62529003,206,274331,274536,274439,0
274736,1559025604044750,70174458,0.60866964,200,274537,274736,274643,0
274766,1559025604046250,70311708,0.62864922,30,274737,274766,274749,0
274861,1559025604050958,70713958,0.58913855,95,274767,274861,274808,0
275117,1559025605131791,70769000,0.62037311,256,274862,275117,275030,0
275222,1559025605137000,71217916,0.55518353,105,275118,275222,275129,0
275364,1559025605775458,71172000,0.55209246,142,275223,275364,275270,0
275592,1559025605845833,72139417,0.63898438,228,275365,275592,275524,0
275736,1559025605853000,72788208,0.60914251,144,275593,275736,275632,0
275802,1559025606444291,72478417,0.57661624,66,275737,275802,275762,0
276008,1559025607648708,72149167,0.60579449,206,275803,276008,275865,0
276264,1559025609176208,71792792,0.59432828,256,276009,276264,276156,0
276392,1559025609757083,71700417,0.56983826,128,276265,276392,276319,0
276562,1559025611785166,70405334,0.57141594,170,276393,276562,276495,0
276818,1559025612918250,70398041,0.58731305,256,276563,276818,276756,0
277001,1559025614105625,70027166,0.59258233,183,276819,277001,276966,0
277068,1559025614108958,70309000,0.63939749,67,277002,277068,277044,0
277084,1559025614109750,70400541,0.61651825,16,277069,277084,277074,0
277100,1559025614110541,70484709,0.55318249,16,277085,277100,277088,0
277255,1559025615016541,70235417,0.58810538,155,277101,277255,277125,0
277511,1559025615849541,70537542,0.63027226,256,277256,277511,277374,0
277700,1559025615859000,71366875,0.58755874,189,277512,277700,277610,0
277956,1559025617005250,71390333,0.56916369,256,277701,277956,277873,0
278081,1559025618187041,70726459,0.62146377,125,277957,278081,277982,0
278286,1559025618270583,71582458,0.60246461,205,278082,278286,278132,0
278470,1559025618363000,72287875,0.59872554,184,278287,278470,278429,0
278695,1559025619102041,72542209,0.59822397,225,278471,278695,278555,0
278875,1559025620832750,71613958,0.59446178,180,278696,278875,278809,0
279113,1559025621673666,71833375,0.61647809,238,278876,279113,279082,0
279244,1559025622644916,71470375,0.61940373,131,279114,279244,279121,0
279446,1559025623196291,71854292,0.61862896,202,279245,279446,279321,0
279642,1559025624151000,71794708,0.64121584,196,279447,279642,279528,0
279740,1559025625158916,71214209,0.58915033,98,279643,279740,279691,0
279910,1559025626352166,70800500,0.60850876,170,279741,279910,279793,0
280166,1559025627005708,71296792,0.59243858,256,279911,280166,280049,0
280422,1559025627929041,71543542,0.63755647,256,280167,280422,280220,0
280590,1559025628963583,71252417,0.60332944,168,280423,280590,280530,0
280753,1559025628971750,71987083,0.55736775,163,280591,280753,280625,0
280938,1559025629392666,72442834,0.6298314,185,280754,280938,280816,0
281097,1559025629400625,73148333,0.5681895,159,280939,281097,281068,0
281310,1559025632861833,70651625,0.58800449,213,281098,281310,281254,0
281551,1559025633739916,70828417,0.5797155,241,281311,281551,281501,0
281721,1559025634861291,70460417,0.58821582,170,281552,281721,281558,0
281977,1559025635707541,70828500,0.61040398,256,281722,281977,281805,0
282224,1559025637412333,70155667,0.6066355,247,281978,282224,282016,0
282464,1559025638593541,70051042,0.57977163,240,282225,282464,282353,0
282504,1559025638595583,70220708,0.54903925,40,282465,282504,282502,0
282757,1559025639772041,70221709,0.65932005,253,282505,282757,282599,0
283013,1559025641475833,69663292,0.59602317,256,282758,283013,282964,0
283181,1559025641484291,70438250,0.60274246,168,283014,283181,283133,0
283384,1559025643052500,69775125,0.59988771,203,283182,283384,283364,0
283550,1559025644186083,69386750,0.59365443,166,283385,283550,283546,0
283629,1559025644190041,69784167,0.61212021,79,283551,283629,283568,0
283825,1559025645802166,69119584,0.6686183,196,283630,283825,283692,0
284018,1559025647113375,68633416,0.56468519,193,283826,284018,283867,0
284274,1559025647519583,69402542,0.61662286,256,284019,284274,284199,0
284413,1559025647526625,70081541,0.64193169,139,284275,284413,284347,0
284578,1559025648672458,69695542,0.56950513,165,284414,284578,284506,0
284678,1559025648677500,70097291,0.58499298,100,284579,284678,284588,0
284865,1559025650048666,69577000,0.58175114,187,284679,284865,284783,0
285072,1559025651214125,69333000,0.6016676,207,284866,285072,285064,0
285233,1559025652316333,68955167,0.592464,161,285073,285233,285123,0
285484,1559025652757291,69698000,0.61858467,251,285234,285484,285336,0
285634,1559025652764791,70352959,0.58407239,150,285485,285634,285503,0
285731,1559025653653791,69921417,0.59487259,97,285635,285731,285695,0
285933,1559025655141416,69424334,0.57453155,202,285732,285933,285774,0
286189,1559025655154166,70501250,0.58325845,256,285934,286189,286087,0
286391,1559025655949083,70600917,0.57110776,202,286190,286391,286261,0
286626,1559025657509958,70105917,0.62981849,235,286392,286626,286568,0
286751,1559025657516208,70720917,0.57381751,125,286627,286751,286640,0
286987,1559025658632000,70640583,0.61250639,236,286752,286987,286967,0
287243,1559025659742291,70782500,0.65859587,256,286988,287243,287048,0
287445,1559025660630708,70808542,0.60433851,202,287244,287445,287327,0
287682,1559025661826541,70698125,0.60328128,237,287446,287682,287525,0
287829,1559025662348875,70823250,0.58603592,147,287683,287829,287736,0
288067,1559025663806583,70463750,0.58117719,238,287830,288067,288034,0
288263,1559025663816333,71335167,0.6051523,196,288068,288263,288138,0
288319,1559025663819083,71663167,0.5701834,56,288264,288319,288306,0
288370,1559025663821666,71837917,0.60298794,51,288320,288370,288341,0
288446,1559025664025625,72011250,0.60204624,76,288371,288446,288401,0
288563,1559025665159958,71382542,0.56066409,117,288447,288563,288554,0
288819,1559025667221625,70483541,0.59933504,256,288564,288819,288796,0
288989,1559025668427875,71393541,0.61451882,170,288820,288989,288947,0
289245,1559025669514958,70312583,0.64303692,256,288990,289245,289078,0
289407,1559025670647791,70178917,0.57807864,162,289246,289407,289335,0
289661,1559025671847208,69829292,0.61402743,254,289408,289661,289611,0
289880,1559025673476750,69089458,0.59535371,219,289662,289880,289827,0
289939,1559025673479708,69600542,0.57895925,59,289881,289939,289927,0
290161,1559025674313000,69577916,0.61915101,222,289940,290161,289963,0
290244,1559025674317833,69944750,0.57221192,83,290162,290244,290226,0
290425,1559025674378791,70723500,0.61467062,181,290245,290425,290317,0
290595,1559025674852625,71012583,0.59832341,170,290426,290595,290499,0
290716,1559025674858750,71587833,0.57762067,121,290596,290716,290641,0
290875,1559025676365000,70828541,0.5910827,159,290717,290875,290815,0
290981,1559025676370333,71292625,0.60441898,106,290876,290981,290906,0
291141,1559025676988708,71430708,0.60027493,160,290982,291141,291111,0
291331,1559025676998208,72260333,0.61028263,190,291142,291331,291281,0
291515,1559025678034958,73123875,0.66421782,184,291332,291515,291410,0
291653,1559025678691041,72469709,0.61290356,138,291516,291653,291574,0
291755,1559025678696208,72569792,0.60278975,102,291654,291755,291713,0
291969,1559025679886458,72320292,0.64918656,214,291756,291969,291800,0
292191,1559025680957250,72294083,0.59092323,222,291970,292191,292037,0
292323,1559025680964916,72853084,0.59030164,132,292192,292323,292263,0
292579,1559025684130041,71613917,0.65669599,256,292324,292579,292546,0
292595,1559025684130833,71618708,0.63011053,16,292580,292595,292582,0
292611,1559025684131666,71619042,0.60953219,16,292596,292611,292608,0
292627,1559025684132458,71619375,0.56683029,16,292612,292627,292617,0
292703,1559025684446208,71306667,0.63442299,76,292628,292703,292633,0
292761,1559025684449041,71648542,0.54975996,58,292704,292761,292734,0
292968,1559025684550041,72365542,0.59736265,207,292762,292968,292835,0
293224,1559025684645208,73333000,0.62120374,256,292969,293224,293029,0
293480,1559025685305583,73840958,0.60772612,256,293225,293480,293425,0
293522,1559025686457916,72893584,0.60193256,42,293481,293522,293481,0
293651,1559025686464416,73475959,0.57006598,129,293523,293651,293623,0
293723,1559025686468083,73805792,0.57819875,72,293652,293723,293714,0
293827,1559025687287125,73432625,0.55917741,104,293724,293827,293756,0
294044,1559025689028500,72686958,0.62012724,217,293828,294044,293966,0
294300,1559025689833291,73074500,0.62712254,256,294045,294300,294281,0
294521,1559025690722875,73193875,0.60192367,221,294301,294521,294373,0
294777,1559025692455208,72755708,0.59939127,256,294522,294777,294578,0
295018,1559025694160833,72107792,0.62206653,241,294778,295018,294923,0
295226,1559025695071791,72510959,0.62019624,208,295019,295226,295197,0
295400,1559025695998000,71968541,0.62414991,174,295227,295400,295367,0
295601,1559025696453666,72398042,0.62464416,201,295401,295601,295509,0
295635,1559025697364375,71636666,0.5783423,34,295602,295635,295602,0
295871,1559025699525583,70519208,0.57558784,236,295636,295871,295683,0
295922,1559025699528125,70735916,0.53749776,51,295872,295922,295915,0
296122,1559025700288125,70849208,0.63017868,200,295923,296122,296085,0
296340,1559025701141041,71712084,0.57751257,218,296123,296340,296337,0
296524,1559025702078500,71733000,0.61242889,184,296341,296524,296400,0
296780,1559025705795208,68546208,0.59227937,256,296525,296780,296660,0
297036,1559025707639500,67765708,0.59442219,256,296781,297036,296912,0
297205,1559025708681083,67591417,0.63125636,169,297037,297205,297204,0
297221,1559025708682000,67592958,0.5611185,16,297206,297221,297206,0
297303,1559025708686875,67907375,0.63925784,82,297222,297303,297231,0
297454,1559025708896708,68376875,0.61598194,151,297304,297454,297317,0
297658,1559025711196583,67014875,0.58870569,204,297455,297658,297567,0
297867,1559025712916541,66231625,0.61103145,209,297659,297867,297792,0
298112,1559025713593833,66693000,0.61090879,245,297868,298112,298079,0
298220,1559025714017375,66771291,0.59589135,108,298113,298220,298153,0
298466,1559025715150208,66704375,0.61692627,246,298221,298466,298449,0
298570,1559025715155458,67349208,0.59304753,104,298467,298570,298479,0
298775,1559025715784416,67828792,0.59929395,205,298571,298775,298638,0
298845,1559025715787958,67828292,0.57751384,70,298776,298845,298785,0
299049,1559025716951916,67700500,0.64087453,204,298846,299049,298872,0
299076,1559025716953250,67811958,0.4995355,27,299050,299076,299068,0
299318,1559025717610291,68247292,0.6315689,242,299077,299318,299100,0
299574,1559025718823250,68133250,0.61522731,256,299319,299574,299562,0
299619,1559025718825500,68380000,0.63829549,45,299575,299619,299582,0
299635,1559025718826291,68507584,0.51897098,16,299620,299635,299625,0
299825,1559025720583416,70253834,0.62853484,190,299636,299825,299785,0
299982,1559025721303583,69590083,0.5970506,157,299826,299982,299975,0
300040,1559025722539333,68708833,0.60755528,58,299983,300040,299992,0
300118,1559025722543208,68711542,0.59831643,78,300041,300118,300071,0
300223,1559025723140666,68115084,0.60530327,105,300119,300223,300165,0
300470,1559025724413458,66843417,0.60754791,247,300224,300470,300431,0
300697,1559025724616666,67537500,0.62263458,227,300471,300697,300529,0
300915,1559025725718208,67851292,0.60779822,218,300698,300915,300800,0
301171,1559025726606958,68064500,0.60230919,256,300916,301171,300956,0
301391,1559025728289041,67382167,0.63330478,220,301172,301391,301378,0
301536,1559025729340041,66999000,0.62107006,145,301392,301536,301418,0
301792,1559025731470625,66106541,0.64410942,256,301537,301792,301775,0
301870,1559025731474541,66522542,0.56726176,78,301793,301870,301858,0
301990,1559025732840583,65677167,0.59444516,120,301871,301990,301939,0
302225,1559025733255708,66333667,0.6023155,235,301991,302225,302198,0
302442,1559025734286916,66424584,0.59392582,217,302226,302442,302393,0
302678,1559025735452291,66245000,0.6397648,236,302443,302678,302632,0
302911,1559025735714666,67318417,0.63364895,233,302679,302911,302719,0
303163,1559025736646000,67699708,0.60877202,252,302912,303163,302968,0
303339,1559025737761583,67624000,0.61318985,176,303164,303339,303213,0
303404,1559025737764791,67866792,0.62750057,65,303340,303404,303340,0
303631,1559025738528375,68263958,0.63772835,227,303405,303631,303564,0
303764,1559025741628875,65732000,0.61225154,133,303632,303764,303693,0
303908,1559025741636083,66243417,0.60141272,144,303765,303908,303780,0
304131,1559025742849583,66060250,0.64164905,223,303909,304131,303983,0
304361,1559025745156916,64883500,0.64319282,230,304132,304361,304236,0
304557,1559025745166750,65740250,0.60900428,196,304362,304557,304495,0
304813,1559025746479625,65675333,0.63325526,256,304558,304813,304770,0
305009,1559025746489416,66560125,0.63732299,196,304814,305009,304909,0
305206,1559025747203500,66975333,0.574203,197,305010,305206,305132,0
305319,1559025747671750,66989666,0.59443301,113,305207,305319,305257,0
305447,1559025747678083,67545000,0.64122953,128,305320,305447,305392,0
305637,1559025749364000,66591208,0.62660174,190,305448,305637,305570,0
305798,1559025749372000,67369750,0.64987984,161,305638,305798,305685,0
306054,1559025750794458,67253083,0.60605493,256,305799,306054,305837,0
306310,1559025751306708,68295167,0.65296432,256,306055,306310,306301,0
306332,1559025752254958,67422083,0.63426197,22,306311,306332,306311,0
306348,1559025752255750,67553875,0.62393145,16,306333,306348,306345,0
306470,1559025752262541,68292417,0.57621968,122,306349,306470,306453,0
306701,1559025753219958,69412417,0.61340293,231,306471,306701,306526,0
306774,1559025753223625,69426333,0.64018076,73,306702,306774,306720,0
307005,1559025753915875,69672291,0.62623433,231,306775,307005,306952,0
307139,1559025755142291,69030084,0.63829761,134,307006,307139,307086,0
307395,1559025755155083,70171833,0.59043634,256,307140,307395,307340,0
307650,1559025755291291,71207625,0.61976185,255,307396,307650,307469,0
307757,1559025755667125,71411833,0.58665878,107,307651,307757,307746,0
307934,1559025755916166,71901292,0.64076093,177,307758,307934,307886,0
308190,1559025756874666,72126917,0.60188761,256,307935,308190,308135,0
308446,1559025758171208,72113833,0.64467236,256,308191,308446,308411,0
308570,1559025759158416,71777334,0.61130411,124,308447,308570,308568,0
308586,1559025759159208,71803375,0.59548323,16,308571,308586,308576,0
308612,1559025759160500,72053250,0.57333524,26,308587,308612,308600,0
308868,1559025759379583,72851125,0.62364927,256,308613,308868,308705,0
309124,1559025760272250,73213708,0.67610459,256,308869,309124,309061,0
309144,1559025760273208,73335833,0.60968774,20,309125,309144,309125,0
309311,1559025760754541,73785334,0.61145127,167,309145,309311,309239,0
309533,1559025761737958,73854083,0.64185669,222,309312,309533,309531,0
309549,1559025762952916,72685167,0.61218954,16,309534,309549,309547,0
309565,1559025762953750,72738166,0.63188469,16,309550,309565,309553,0
309581,1559025762954541,72779042,0.53284677,16,309566,309581,309573,0
309783,1559025763960708,72744125,0.59322286,202,309582,309783,309671,0
310016,1559025765131083,72625875,0.60819544,233,309784,310016,309835,0
310159,1559025766289583,72615250,0.58116441,143,310017,310159,310078,0
310356,1559025766322083,73295667,0.60853292,197,310160,310356,310172,0
310514,1559025768873583,71665917,0.62492758,158,310357,310514,310455,0
310643,1559025769037708,71930792,0.65325771,129,310515,310643,310628,0
310659,1559025769038541,71997542,0.54957731,16,310644,310659,310652,0
310675,1559025769039333,72025542,0.67894507,16,310660,310675,310670,0
310787,1559025769045000,72530958,0.59033335,112,310676,310787,310778,0
310933,1559025770298041,71953584,0.60293968,146,310788,310933,310874,0
311131,1559025771156791,72101042,0.62888831,198,310934,311131,311130,0
311147,1559025771157583,72179125,0.64961557,16,311132,311147,311141,0
311163,1559025771158375,72246375,0.60670492,16,311148,311163,311152,0
311293,1559025772324625,71710208,0.61990471,130,311164,311293,311164,0
311549,1559025773083541,72207542,0.65605684,256,311294,311549,311445,0
311805,1559025774256083,72077875,0.63862436,256,311550,311805,311769,0
311984,1559025775669458,71488167,0.61520012,179,311806,311984,311924,0
312240,1559025776229875,73443916,0.64809905,256,311985,312240,312177,0
312258,1559025776230750,73458916,0.60487272,18,312241,312258,312258,0
312280,1559025776231875,73459000,0.59843965,22,312259,312280,312269,0
312324,1559025776234083,73457792,0.61243982,44,312281,312324,312291,0
312378,1559025776236750,73456208,0.60094351,54,312325,312378,312345,0
312634,1559025776645000,73621458,0.61548058,256,312379,312634,312614,0
312837,1559025779220791,72196834,0.59944774,203,312635,312837,312746,0
313093,1559025780321500,72232791,0.64472019,256,312838,313093,313083,0
313294,1559025781938208,72654667,0.6103563,201,313094,313294,313170,0
313537,1559025782462375,72203750,0.60813703,243,313295,313537,313493,0
313605,1559025782465708,73017292,0.6762325,68,313538,313605,313542,0
313655,1559025783719375,71827708,0.62823744,50,313606,313655,313626,0
313671,1559025785136916,70513375,0.5566697,16,313656,313671,313661,0
313827,1559025785160208,71575167,0.59521602,156,313672,313827,313768,0
314063,1559025785896333,71633458,0.63039284,236,313828,314063,313973,0
314299,1559025787245250,71433083,0.65093792,236,314064,314299,314183,0
314534,1559025787325333,72386917,0.61951663,235,314300,314534,314506,0
314669,1559025788232875,72142833,0.57141395,135,314535,314669,314569,0
314900,1559025790254458,71160708,0.60176922,231,314670,314900,314706,0
315108,1559025791222791,71118125,0.62239543,208,314901,315108,315087,0
315238,1559025792381458,70555125,0.62346011,130,315109,315238,315153,0
315394,1559025795718791,67911959,0.62318861,156,315239,315394,315354,0
315595,1559025795732083,68872042,0.60631253,201,315395,315595,315412,0
315709,1559025796421375,68712625,0.5983163,114,315596,315709,315687,0
315862,1559025796429041,69435959,0.60674639,153,315710,315862,315743,0
316118,1559025797949541,69056500,0.59356166,256,315863,316118,316042,0
316374,1559025799634833,68724042,0.62176583,256,316119,316374,316319,0
316621,1559025803255958,66422042,0.67761214,247,316375,316621,316606,0
316637,1559025803256875,66537250,0.61553055,16,316622,316637,316632,0
316653,1559025803257833,66620417,0.59797442,16,316638,316653,316650,0
316836,1559025804392166,66321417,0.582646,183,316654,316836,316675,0
317052,1559025805266833,66545417,0.63351258,216,316837,317052,316970,0
317143,1559025805272291,67016709,0.59799253,91,317053,317143,317104,0
317374,1559025805591916,67744834,0.6318691,231,317144,317374,317349,0
317491,1559025806615541,67265959,0.61632936,117,317375,317491,317400,0
317743,1559025807904166,67159917,0.60372303,252,317492,317743,317572,0
317813,1559025810214083,65143125,0.5882785,70,317744,317813,317751,0
318012,1559025810947000,65323541,0.58486997,199,317814,318012,317928,0
318150,1559025810953875,65972250,0.59024759,138,318013,318150,318099,0
318393,1559025812153375,65858541,0.59034687,243,318151,318393,318390,0
318409,1559025813055708,65010750,0.55699863,16,318394,318409,318403,0
318567,1559025813063583,65712375,0.62271564,158,318410,318567,318538,0
318823,1559025814550583,65405083,0.68728591,256,318568,318823,318577,0
319036,1559025815102625,65812250,0.61264445,213,318824,319036,318860,0
319205,1559025815969125,65737041,0.60049282,169,319037,319205,319088,0
319431,1559025816791125,65933000,0.61710258,226,319206,319431,319209,0
319687,1559025818105875,65772250,0.6286582,256,319432,319687,319592,0
319925,1559025819706750,65280458,0.6453923,238,319688,319925,319761,0
319957,1559025819708375,65445083,0.63490297,32,319926,319957,319931,0
320115,1559025819864791,66013000,0.58354475,158,319958,320115,320090,0
320238,1559025820568458,65892917,0.598356,123,320116,320238,320229,0
320254,1559025820569250,66002916,0.61071043,16,320239,320254,320244,0
320335,1559025820573291,66377334,0.6416423,81,320255,320335,320262,0
320543,1559025822522250,65362708,0.60697028,208,320336,320543,320435,0
320689,1559025822530875,66326125,0.62430912,146,320544,320689,320661,0
320775,1559025824223208,65188458,0.63129476,86,320690,320775,320723,0
320964,1559025825347250,65131750,0.62201745,189,320776,320964,320885,0
321153,1559025826595291,64735375,0.64913662,189,320965,321153,321021,0
321382,1559025827214208,65238458,0.64973736,229,321154,321382,321379,0
321398,1559025827215000,65311250,0.63136751,16,321383,321398,321383,0
321414,1559025827215791,65390917,0.61705484,16,321399,321414,321404,0
321469,1559025827218541,65644084,0.55190295,55,321415,321469,321417,0
321725,1559025829037208,65047208,0.58835701,256,321470,321725,321724,0
321901,1559025830279583,64611083,0.61284035,176,321726,321901,321740,0
322157,1559025830988875,65162916,0.64470687,256,321902,322157,322057,0
322405,1559025831169000,66122041,0.59847605,248,322158,322405,322228,0
322519,1559025833506125,64336666,0.63934525,114,322406,322519,322519,0
322775,1559025833611875,65465791,0.68487594,256,322520,322775,322573,0
323031,1559025834441833,65867042,0.60635518,256,322776,323031,322827,0
323237,1559025835690708,65637417,0.63492915,206,323032,323237,323095,0
323493,1559025835707041,66837125,0.64038003,256,323238,323493,323424,0
323694,1559025835718750,67773000,0.60458498,201,323494,323694,323626,0
323903,1559025835911416,68538417,0.59896902,209,323695,323903,323733,0
324115,1559025837777666,68027584,0.61138184,212,323904,324115,323938,0
324326,1559025838663625,67922208,0.57218914,211,324116,324326,324261,0
324476,1559025840927583,66422958,0.62098797,150,324327,324476,324466,0
324548,1559025840931166,66690625,0.59808108,72,324477,324548,324491,0
324776,1559025841027708,67685625,0.62856775,228,324549,324776,324618,0
324888,1559025841629041,67568375,0.59053032,112,324777,324888,324870,0
325022,1559025841635791,68186834,0.59013306,134,324889,325022,324920,0
325278,1559025843254791,67845792,0.64044553,256,325023,325278,325223,0
325421,1559025843262041,68516125,0.59338657,143,325279,325421,325400,0
325677,1559025845268916,67781042,0.62097953,256,325422,325677,325488,0
325846,1559025846350541,67513334,0.59937517,169,325678,325846,325735,0
326000,1559025847217791,67315959,0.60027526,154,325847,326000,325892,0
326016,1559025847218583,67420875,0.60962017,16,326001,326016,326008,0
326044,1559025847220000,67534041,0.56337285,28,326017,326044,326017,0
326283,1559025848487416,67391334,0.60111605,239,326045,326283,326149,0
326451,1559025848510000,68215083,0.61720247,168,326284,326451,326347,0
326707,1559025849111541,68783334,0.64102501,256,326452,326707,326538,0
326963,1559025849445208,70099792,0.58298577,256,326708,326963,326939,0
327219,1559025849618375,71098333,0.59691529,256,326964,327219,327134,0
327475,1559025850352166,71669792,0.6443855,256,327220,327475,327259,0
327660,1559025851306750,71743000,0.65614144,185,327476,327660,327559,0
327801,1559025852574458,71086500,0.57842803,141,327661,327801,327773,0
328057,1559025853604000,71161375,0.61891241,256,327802,328057,328054,0
328191,1559025853645083,71746792,0.6332931,134,328058,328191,328081,0
328362,1559025854651541,71519042,0.58710934,171,328192,328362,328196,0
328492,1559025855189375,71600791,0.58076314,130,328363,328492,328452,0
328587,1559025855533000,71680333,0.60331849,95,328493,328587,328493,0
328821,1559025855658458,72651708,0.61998326,234,328588,328821,328701,0
329059,1559025857608708,71811000,0.65400459,238,328822,329059,329035,0
329315,1559025858701291,71901167,0.6237523,256,329060,329315,329134,0
329491,1559025859846875,71563791,0.57439143,176,329316,329491,329387,0
329642,1559025860413041,72099875,0.6458288,151,329492,329642,329599,0
329803,1559025861553208,71988542,0.59749237,161,329643,329803,329752,0
329987,1559025862423416,72237584,0.57496355,184,329804,329987,329961,0
330118,1559025863694166,71725167,0.597402,131,329988,330118,330061,0
330374,1559025864698291,71934709,0.61188899,256,330119,330374,330235,0
330630,1559025865918125,71920916,0.66563199,256,330375,330630,330416,0
330886,1559025867039750,72052708,0.61303204,256,330631,330886,330869,0
331093,1559025868442416,71559834,0.59416986,207,330887,331093,331039,0
331188,1559025868447208,72031708,0.60281846,95,331094,331188,331136,0
331421,1559025869721750,71814916,0.59442221,233,331189,331421,331299,0
331592,1559025869789125,72503791,0.57155643,171,331422,331592,331591,0
331809,1559025869927791,73353750,0.59648675,217,331593,331809,331707,0
331981,1559025870777875,73257750,0.59384777,172,331810,331981,331879,0
332173,1559025872848083,72123542,0.65585927,192,331982,332173,332050,0
332429,1559025872874833,73279958,0.63750405,256,332174,332429,332395,0
332609,1559025873958125,73050083,0.54946415,180,332430,332609,332482,0
332865,1559025875107166,73042209,0.65071636,256,332610,332865,332698,0
333117,1559025875431791,73777500,0.59603534,252,332866,333117,332882,0
333373,1559025876296541,74036084,0.62639294,256,333118,333373,333314,0
333622,1559025878081125,73371583,0.59937858,249,333374,333622,333439,0
333777,1559025878088875,74043458,0.61854913,155,333623,333777,333631,0
333936,1559025878809916,74025709,0.59637254,159,333778,333936,333899,0
334192,1559025880149708,74130375,0.6080745,256,333937,334192,333995,0
334403,1559025880973083,74550042,0.63534921,211,334193,334403,334202,0
334635,1559025881782625,74830208,0.59496119,232,334404,334635,334459,0
334687,1559025881785291,75025709,0.59199943,52,334636,334687,334650,0
334857,1559025882756500,74814166,0.58953778,170,334688,334857,334711,0
335113,1559025883914750,74811500,0.62598071,256,334858,335113,334911,0
335369,1559025885192333,74680708,0.62042115,256,335114,335369,335310,0
335606,1559025885948000,74992708,0.6007891,237,335370,335606,335384,0
335778,1559025886568291,75133917,0.60044824,172,335607,335778,335687,0
335951,1559025886576875,75931875,0.60120333,173,335779,335951,335916,0
336156,1559025886973000,76552708,0.62258164,205,335952,336156,336031,0
336263,1559025886979208,77094292,0.61672773,107,336157,336263,336177,0
336326,1559025887942416,76390542,0.58956175,63,336264,336326,336271,0
336495,1559025887950833,77745625,0.63793373,169,336327,336495,336484,0
336581,1559025888971500,77017083,0.56634498,86,336496,336581,336552,0
336819,1559025889510375,77420208,0.65676825,238,336582,336819,336807,0
336978,1559025890537708,77102083,0.58900255,159,336820,336978,336941,0
337163,1559025890546916,77952500,0.65068601,185,336979,337163,337136,0
337285,1559025891505750,77585750,0.61783429,122,337164,337285,337251,0
337463,1559025891516083,78401292,0.65469798,178,337286,337463,337363,0
337588,1559025892520958,77967250,0.63176897,125,337464,337588,337523,0
337700,1559025892536291,78452084,0.55779443,112,337589,337700,337636,0
337875,1559025892683333,79472708,0.61766377,175,337701,337875,337852,0
337938,1559025892686500,79779291,0.59563738,63,337876,337938,337928,0
338092,1559025892980416,80081625,0.58513977,154,337939,338092,337967,0
338278,1559025892989791,80882250,0.59642016,186,338093,338278,338174,0
338446,1559025894162916,80437584,0.59249444,168,338279,338446,338446,0
338501,1559025894961041,79906709,0.58492042,55,338447,338501,338495,0
338533,1559025894962625,80080750,0.58815758,32,338502,338533,338530,0
338619,1559025894966958,80444958,0.66309834,86,338534,338619,338535,0
338875,1559025897439750,79182375,0.61057383,256,338620,338875,338830,0
339131,1559025897888625,79880041,0.59880173,256,338876,339131,338927,0
339387,1559025899170375,79750625,0.60759245,256,339132,339387,339191,0
339643,1559025900335791,79765250,0.65781552,256,339388,339643,339424,0
339824,1559025901402125,79594291,0.63380544,181,339644,339824,339704,0
339994,1559025902633000,79108583,0.59752637,170,339825,339994,339856,0
340199,1559025903553666,79130584,0.60113956,205,339995,340199,340093,0
340444,1559025907167875,76588000,0.62129579,245,340200,340444,340357,0
340546,1559025907173000,77040041,0.57520302,102,340445,340546,340514,0
340693,1559025907614166,77302084,0.62064396,147,340547,340693,340657,0
340810,1559025907770416,77692167,0.59170674,117,340694,340810,340727,0
341066,1559025908724041,77891917,0.60302827,256,340811,341066,340880,0
341288,1559025909869500,77793333,0.60785975,222,341067,341288,341179,0
341544,1559025911165083,77943208,0.61596974,256,341289,341544,341397,0
341605,1559025911807375,77381916,0.55640944,61,341545,341605,341553,0
341861,1559025913951750,76484291,0.56519687,256,341606,341861,341775,0
342047,1559025914737125,76506208,0.62374666,186,341862,342047,341951,0
342269,1559025914851875,77358541,0.6010083,222,342048,342269,342117,0
342525,1559025915922666,77468125,0.58368317,256,342270,342525,342310,0
342707,1559025919575291,74588042,0.58232311,182,342526,342707,342585,0
342843,1559025920750875,74040958,0.6099363,136,342708,342843,342804,0
342937,1559025920756333,74479625,0.57872117,94,342844,342937,342873,0
343073,1559025922650708,73180500,0.60861314,136,342938,343073,342938,0
343273,1559025923400791,73381709,0.60607571,200,343074,343273,343247,0
343315,1559025923403291,73613250,0.61528807,42,343274,343315,343281,0
343368,1559025923406333,73866542,0.58069453,53,343316,343368,343339,0
343624,1559025923780625,74676958,0.60228561,256,343369,343624,343523,0
343880,1559025924807000,74841666,0.65134198,256,343625,343880,343862,0
344059,1559025925486166,74909459,0.54998836,179,343881,344059,343974,0
344265,1559025926213750,75116041,0.62799196,206,344060,344265,344136,0
344521,1559025926829916,75652750,0.64382915,256,344266,344521,344454,0
344777,1559025928379166,75724209,0.61922696,256,344522,344777,344668,0
344956,1559025930760375,74540333,0.60329803,179,344778,344956,344799,0
345212,1559025931508083,74851333,0.62816033,256,344957,345212,345159,0
345468,1559025932557500,74840166,0.57488227,256,345213,345468,345390,0
345692,1559025933567750,74867250,0.64913908,224,345469,345692,345529,0
345859,1559025934734083,74418208,0.59932455,167,345693,345859,345820,0
346061,1559025935509458,74529583,0.58963899,202,345860,346061,345982,0
346077,1559025935510291,74628667,0.53059912,16,346062,346077,346069,0
346243,1559025936699875,74177541,0.61677297,166,346078,346243,346227,0
346347,1559025936705125,74651791,0.65642894,104,346244,346347,346328,0
346487,1559025937914791,74073042,0.59803943,140,346348,346487,346352,0
346652,1559025940334041,72392959,0.61479246,165,346488,346652,346554,0
346765,1559025940339708,72958417,0.58687898,113,346653,346765,346724,0
346924,1559025940601583,73341125,0.55178688,159,346766,346924,346795,0
347142,1559025941705625,73241250,0.59135754,218,346925,347142,347140,0
347273,1559025942339375,73213916,0.60889053,131,347143,347273,347192,0
347529,1559025945057125,71650916,0.63722307,256,347274,347529,347528,0
347785,1559025946205291,71803917,0.6789547,256,347530,347785,347564,0
347945,1559025946213250,72397375,0.574897,160,347786,347945,347829,0
348201,1559025948190500,72099625,0.62730144,256,347946,348201,347963,0
348316,1559025948197208,72814625,0.57473111,115,348202,348316,348260,0
348571,1559025949238875,73042375,0.64256733,255,348317,348571,348558,0
348827,1559025950450875,73014666,0.62837244,256,348572,348827,348738,0
348843,1559025950451666,73085750,0.61037447,16,348828,348843,348830,0
348859,1559025950452458,73198333,0.58086085,16,348844,348859,348848,0
348945,1559025951520166,72505084,0.5982365,86,348860,348945,348934,0
349090,1559025952234416,72466667,0.59210864,145,348946,349090,349019,0
349243,1559025952242125,73127000,0.60359799,153,349091,349243,349210,0
349499,1559025952909541,73608667,0.58793211,256,349244,349499,349267,0
349642,1559025954261458,72903083,0.56453933,143,349500,349642,349549,0
349898,1559025955871541,72402084,0.59659302,256,349643,349898,349648,0
350154,1559025956849250,72581541,0.61424866,256,349899,350154,350051,0
350357,1559025958893458,71481250,0.62930165,203,350155,350357,350343,0
350507,1559025959980208,71068625,0.56470256,150,350358,350507,350367,0
350735,1559025960957958,71136208,0.58270619,228,350508,350735,350654,0
350945,1559025962561583,70453625,0.58112582,210,350736,350945,350827,0
351197,1559025963559416,70604125,0.62488011,252,350946,351197,350957,0
351321,1559025964094291,70848709,0.57593519,124,351198,351321,351231,0
351403,1559025964444416,70922625,0.58236464,82,351322,351403,351396,0
351461,1559025964447875,71175250,0.57055229,58,351404,351461,351419,0
351615,1559025964456958,71871250,0.62010245,154,351462,351615,351578,0
351794,1559025965467916,71654875,0.61426755,179,351616,351794,351636,0
351887,1559025965821333,71727750,0.61091659,93,351795,351887,351830,0
352143,1559025966957541,71815292,0.59584126,256,351888,352143,352094,0
352399,1559025967663083,72236000,0.60658991,256,352144,352399,352213,0
352620,1559025968585541,72266875,0.61519844,221,352400,352620,352489,0
352831,1559025969159250,72596250,0.59425728,211,352621,352831,352738,0
353069,1559025972560583,70253375,0.61129457,238,352832,353069,353016,0
353308,1559025972572500,71258291,0.60562089,239,353070,353308,353295,0
353479,1559025973235041,71364625,0.58043604,171,353309,353479,353374,0
353735,1559025973906083,72395542,0.60377393,256,353480,353735,353520,0
353885,1559025974686541,72325334,0.62713047,150,353736,353885,353836,0
353967,1559025974690625,72677291,0.6093607,82,353886,353967,353945,0
354160,1559025974892500,73341166,0.5839479,193,353968,354160,353972,0
354416,1559025975084666,74307667,0.65692913,256,354161,354416,354263,0
354672,1559025976610416,73836459,0.61805452,256,354417,354672,354465,0
354899,1559025977781000,73677000,0.62261602,227,354673,354899,354803,0
355089,1559025978963958,73326917,0.57629691,190,354900,355089,355030,0
355278,1559025978973583,74180000,0.61549548,189,355090,355278,355236,0
355475,1559025980979208,73026000,0.59284452,197,355279,355475,355433,0
355670,1559025982743125,72154125,0.59535012,195,355476,355670,355536,0
355807,1559025984339625,71238125,0.60383213,137,355671,355807,355690,0
356063,1559025985022750,71672458,0.58227665,256,355808,356063,356062,0
356319,1559025985521125,72275208,0.57086195,256,356064,356319,356064,0
356444,1559025985527333,72831042,0.59378722,125,356320,356444,356332,0
356574,1559025986650583,72293500,0.56336057,130,356445,356574,356467,0
356824,1559025987736833,72343333,0.62129146,250,356575,356824,356802,0
356951,1559025989114750,71540541,0.62494963,127,356825,356951,356835,0
357203,1559025989252875,72499541,0.59723363,252,356952,357203,357044,0
357459,1559025990416000,72510083,0.58792185,256,357204,357459,357302,0
357667,1559025991396458,72458042,0.61263605,208,357460,357667,357590,0
357852,1559025992414666,72314834,0.59954949,185,357668,357852,357720,0
358090,1559025994195958,71591625,0.61526841,238,357853,358090,357875,0
358293,1559025994836416,71846375,0.57430543,203,358091,358293,358290,0
358316,1559025994837583,71939875,0.60018103,23,358294,358316,358300,0
358332,1559025994838375,72051458,0.61289621,16,358317,358332,358324,0
358411,1559025994842375,72404458,0.58664847,79,358333,358411,358350,0
358571,1559025995306250,72668583,0.69292101,160,358412,358571,358558,0
358587,1559025995307041,72784500,0.6426057,16,358572,358587,358573,0
358603,1559025995307875,72864791,0.62522518,16,358588,358603,358601,0
358619,1559025995308666,72949959,0.59500802,16,358604,358619,358615,0
358635,1559025995309500,73030333,0.57497912,16,358620,358635,358625,0
358766,1559025995316041,73646709,0.59693152,131,358636,358766,358667,0
358937,1559025995868791,73891042,0.59034389,171,358767,358937,358883,0
358986,1559025995871250,74085833,0.55427947,49,358938,358986,358943,0
359040,1559025996768000,73436541,0.57075411,54,358987,359040,359005,0
359144,1559025996773166,73905834,0.62245042,104,359041,359144,359046,0
359311,1559025997046958,74362792,0.57668844,167,359145,359311,359171,0
359567,1559025997300708,75281708,0.59891146,256,359312,359567,359472,0
359787,1559025999691708,73934708,0.59348389,220,359568,359787,359762,0
359918,1559026000513416,73685375,0.59958757,131,359788,359918,359897,0
360067,1559026000520916,74312042,0.58000046,149,359919,360067,360050,0
360270,1559026001373500,74341291,0.55770293,203,360068,360270,360242,0
360526,1559026002737500,74114791,0.60133077,256,360271,360526,360289,0
360782,1559026005250708,72823375,0.63295032,256,360527,360782,360666,0
361038,1559026006410083,72836250,0.60153947,256,360783,361038,361002,0
361248,1559026007464125,72737125,0.59920349,210,361039,361248,361040,0
361448,1559026008502041,72592625,0.59158211,200,361249,361448,361373,0
361704,1559026009179166,73118792,0.64671385,256,361449,361704,361544,0
361960,1559026010212791,73287584,0.63386269,256,361705,361960,361875,0
361976,1559026010223041,73354792,0.60426512,16,361961,361976,361966,0
361992,1559026010223958,73434875,0.52578471,16,361977,361992,361989,0
362140,1559026010232625,74065166,0.5932298,148,361993,362140,362117,0
362300,1559026010917125,74148208,0.63753856,160,362141,362300,362260,0
362556,1559026013272541,72938167,0.59024547,256,362301,362556,362375,0
362707,1559026015570666,71320167,0.63687953,151,362557,362707,362655,0
362952,1559026018764458,69254292,0.60181328,245,362708,362952,362774,0
363076,1559026020304500,68367458,0.64143286,124,362953,363076,362978,0
363299,1559026023518083,66074500,0.57706709,223,363077,363299,363164,0
363543,1559026023602208,67106000,0.61257362,244,363300,363543,363429,0
363653,1559026023607666,67561792,0.57822341,110,363544,363653,363593,0
363823,1559026023675916,68329959,0.60967855,170,363654,363823,363686,0
363972,1559026024048666,68677000,0.59341199,149,363824,363972,363831,0
364167,1559026025458750,68245375,0.64639082,195,363973,364167,364021,0
364183,1559026025459583,68324792,0.5305742,16,364168,364183,364171,0
364376,1559026026553208,68213875,0.61029215,193,364184,364376,364207,0
364513,1559026026560041,68806459,0.62883106,137,364377,364513,364431,0
364763,1559026027173750,69397916,0.56860543,250,364514,364763,364630,0
364929,1559026028529666,68823709,0.56441215,166,364764,364929,364810,0
365122,1559026028539458,69774375,0.60762078,193,364930,365122,365012,0
365295,1559026029457250,69696625,0.61130886,173,365123,365295,365189,0
365503,1559026030388125,69770208,0.5750652,208,365296,365503,365347,0
365759,1559026031079208,70327083,0.58355571,256,365504,365759,365754,0
365957,1559026032157000,70153083,0.58718128,198,365760,365957,365933,0
366213,1559026034967500,68568125,0.61997599,256,365958,366213,366045,0
366351,1559026035390125,68731416,0.59053964,138,366214,366351,366343,0
366607,1559026035688875,70095791,0.63354144,256,366352,366607,366553,0
366863,1559026037244000,69656416,0.61653147,256,366608,366863,366699,0
367105,1559026037581166,70358125,0.56357814,242,366864,367105,366908,0
367288,1559026038861875,69861208,0.59877957,183,367106,367288,367263,0
367464,1559026039919583,69586125,0.60738056,176,367289,367464,367316,0
367650,1559026040896583,69419708,0.61848223,186,367465,367650,367567,0
367906,1559026041837083,69594500,0.5728344,256,367651,367906,367799,0
368162,1559026043903875,68646333,0.61213227,256,367907,368162,368026,0
368364,1559026046284958,67129417,0.59197516,202,368163,368364,368185,0
368582,1559026047023708,67346500,0.59319544,218,368365,368582,368469,0
368684,1559026047413083,67394417,0.56035767,102,368583,368684,368614,0
368901,1559026048308833,67442333,0.59242797,217,368685,368901,368764,0
369138,1559026049387750,67404250,0.59253761,237,368902,369138,369107,0
369244,1559026050461750,66817625,0.6337925,106,369139,369244,369185,0
369500,1559026051477125,66959250,0.62627704,256,369245,369500,369375,0
369756,1559026052327500,67847625,0.57674917,256,369501,369756,369699,0
369859,1559026053222125,67597875,0.58328891,103,369757,369859,369794,0
370082,1559026054105791,68110292,0.61252297,223,369860,370082,370042,0
370338,1559026055012208,68442167,0.63678324,256,370083,370338,370318,0
370379,1559026055014250,68606458,0.54759996,41,370339,370379,370361,0
370588,1559026055583541,69010875,0.61420734,209,370380,370588,370414,0
370794,1559026056734541,68781917,0.60904724,206,370589,370794,370774,0
370954,1559026056742625,69484333,0.5744922,160,370795,370954,370931,0
371206,1559026058425375,68909583,0.60613878,252,370955,371206,371059,0
371455,1559026059014875,69458416,0.59180814,249,371207,371455,371400,0
371655,1559026060140541,69244000,0.61424834,200,371456,371655,371517,0
371818,1559026060681250,69453000,0.59625723,163,371656,371818,371789,0
371924,1559026060686541,69913792,0.58037812,106,371819,371924,371915,0
372050,1559026061887750,69265916,0.60373505,126,371925,372050,372002,0
372293,1559026062933416,69898250,0.61460563,243,372051,372293,372272,0
372316,1559026062934583,70029542,0.53343172,23,372294,372316,372295,0
372423,1559026062939916,70706375,0.63025999,107,372317,372423,372376,0
372679,1559026064777250,70395125,0.66362755,256,372424,372679,372543,0
372889,1559026065816666,70449125,0.59566289,210,372680,372889,372887,0
373145,1559026066696791,70753209,0.62217051,256,372890,373145,372917,0
373401,1559026066929916,71753667,0.64805175,256,373146,373401,373382,0
373657,1559026067299000,72548791,0.60259417,256,373402,373657,373615,0
373913,1559026068051416,72933125,0.62971467,256,373658,373913,373773,0
374122,1559026068150875,73790291,0.6198063,209,373914,374122,373982,0
374330,1559026068226500,74627708,0.58066036,208,374123,374330,374261,0
374536,1559026068459458,75321708,0.62529003,206,374331,374536,374439,0
374736,1559026068959333,75735583,0.60866964,200,374537,374736,374643,0
374766,1559026068960833,75867417,0.62864922,30,374737,374766,374749,0
374861,1559026068965583,76307333,0.58913855,95,374767,374861,374808,0
375117,1559026070000875,76422958,0.62037311,256,374862,375117,375030,0
375222,1559026070006125,76883625,0.55518353,105,375118,375222,375129,0
375364,1559026070247250,77240666,0.55209246,142,375223,375364,375270,0
375592,1559026070729208,77808708,0.63898438,228,375365,375592,375524,0
375736,1559026070736500,78486708,0.60914251,144,375593,375736,375632,0
375802,1559026071760958,77734958,0.57661624,66,375737,375802,375762,0
376008,1559026072652041,77798167,0.60579449,206,375803,376008,375865,0
376264,1559026074211875,77338666,0.59432828,256,376009,376264,376156,0
376392,1559026074927791,77195834,0.56983826,128,376265,376392,376319,0
376562,1559026076941291,75934542,0.57141594,170,376393,376562,376495,0
376818,1559026078178000,75790875,0.58731305,256,376563,376818,376756,0
377001,1559026079349541,75443750,0.59258233,183,376819,377001,376966,0
377068,1559026079352875,75892250,0.63939749,67,377002,377068,377044,0
377084,1559026079353708,75895167,0.61651825,16,377069,377084,377074,0
377100,1559026079354500,75895416,0.55318249,16,377085,377100,377088,0
377255,1559026080240458,75662958,0.58810538,155,377101,377255,377125,0
377511,1559026081164875,75860708,0.63027226,256,377256,377511,377374,0
377700,1559026081174416,76699834,0.58755874,189,377512,377700,377610,0
377956,1559026082380958,76580542,0.56916369,256,377701,377956,377873,0
378081,1559026083556291,75949250,0.62146377,125,377957,378081,377982,0
378286,1559026083667583,76743000,0.60246461,205,378082,378286,378132,0
378470,1559026083724416,77504167,0.59872554,184,378287,378470,378429,0
378695,1559026084377083,77835125,0.59822397,225,378471,378695,378555,0
378875,1559026086228958,76774667,0.59446178,180,378696,378875,378809,0
379113,1559026087061750,76993416,0.61647809,238,378876,379113,379082,0
379244,1559026088048875,76595958,0.61940373,131,379114,379244,379121,0
379446,1559026089018500,76510750,0.61862896,202,379245,379446,379321,0
379642,1559026089649291,76729875,0.64121584,196,379447,379642,379528,0
379740,1559026090729541,76082167,0.58915033,98,379643,379740,379691,0
379910,1559026092082375,75503083,0.60850876,170,379741,379910,379793,0
380166,1559026092758708,75945875,0.59243858,256,379911,380166,380049,0
380422,1559026093757166,76086584,0.63755647,256,380167,380422,380220,0
380590,1559026093839541,76731584,0.60332944,168,380423,380590,380530,0
380753,1559026094794208,76484208,0.55736775,163,380591,380753,380625,0
380938,1559026095416666,76771792,0.6298314,185,380754,380938,380816,0
381097,1559026095425333,77463083,0.5681895,159,380939,381097,381068,0
381310,1559026099186166,74646792,0.58800449,213,381098,381310,381254,0
381551,1559026100187416,74688125,0.5797155,241,381311,381551,381501,0
381721,1559026101424958,74188000,0.58821582,170,381552,381721,381558,0
381977,1559026102465375,74324166,0.61040398,256,381722,381977,381805,0
382224,1559026104303375,73609291,0.6066355,247,381978,382224,382016,0
382464,1559026106231208,72836917,0.57977163,240,382225,382464,382353,0
382504,1559026106233208,73032792,0.54903925,40,382465,382504,382502,0
382757,1559026106921000,73607166,0.65932005,253,382505,382757,382599,0
383013,1559026108758041,72998459,0.59602317,256,382758,383013,382964,0
383181,1559026108766541,73842042,0.60274246,168,383014,383181,383133,0
383384,1559026110334708,73253125,0.59988771,203,383182,383384,383364,0
383550,1559026111515833,72855042,0.59365443,166,383385,383550,383546,0
383629,1559026111519791,73281334,0.61212021,79,383551,383629,383568,0
383825,1559026112578291,73268625,0.6686183,196,383630,383825,383692,0
384018,1559026114387958,72361333,0.56468519,193,383826,384018,383867,0
384274,1559026114842875,73196208,0.61662286,256,384019,384274,384199,0
384413,1559026114849875,73865708,0.64193169,139,384275,384413,384347,0
384578,1559026115807875,73696791,0.56950513,165,384414,384578,384506,0
384678,1559026115812833,74192667,0.58499298,100,384579,384678,384588,0
384865,1559026117352166,73528417,0.58175114,187,384679,384865,384783,0
385072,1559026118495750,73291666,0.6016676,207,384866,385072,385064,0
385233,1559026120184958,72318583,0.592464,161,385073,385233,385123,0
385484,1559026120834541,72826792,0.61858467,251,385234,385484,385336,0
385634,1559026120842041,73526417,0.58407239,150,385485,385634,385503,0
385731,1559026122217416,72619709,0.59487259,97,385635,385731,385695,0
385933,1559026123636541,72107209,0.57453155,202,385732,385933,385774,0
386189,1559026123712166,73212000,0.58325845,256,385934,386189,386087,0
386391,1559026124588916,73232375,0.57110776,202,386190,386391,386261,0
386626,1559026126274333,72642542,0.62981849,235,386392,386626,386568,0
386751,1559026126280625,73153541,0.57381751,125,386627,386751,386640,0
386987,1559026127419375,73090416,0.61250639,236,386752,386987,386967,0
387243,1559026128494833,73266500,0.65859587,256,386988,387243,387048,0
387445,1559026129440583,73267167,0.60433851,202,387244,387445,387327,0
387682,1559026130661750,73107791,0.60328128,237,387446,387682,387525,0
387829,1559026131596125,72838541,0.58603592,147,387683,387829,387736,0
388067,1559026132834958,72698583,0.58117719,238,387830,388067,388034,0
388263,1559026132999750,73420875,0.6051523,196,388068,388263,388138,0
388319,1559026133002541,73723292,0.5701834,56,388264,388319,388306,0
388370,1559026133005125,73912375,0.60298794,51,388320,388370,388341,0
388446,1559026133694250,73580208,0.60204624,76,388371,388446,388401,0
388563,1559026135163833,72630458,0.56066409,117,388447,388563,388554,0
388819,1559026137516416,71426375,0.59933504,256,388564,388819,388796,0
388989,1559026139032000,70694541,0.61451882,170,388820,388989,388947,0
389245,1559026140728041,70174042,0.64303692,256,388990,389245,389078,0
389407,1559026140994875,70641666,0.57807864,162,389246,389407,389335,0
389661,1559026141963125,70836791,0.61402743,254,389408,389661,389611,0
389880,1559026143847708,69974917,0.59535371,219,389662,389880,389827,0
389939,1559026143851166,70253542,0.57895925,59,389881,389939,389927,0
390161,1559026144708625,70428125,0.61915101,222,389940,390161,389963,0
390244,1559026144712791,70799625,0.57221192,83,390162,390244,390226,0
390425,1559026144853041,71500042,0.61467062,181,390245,390425,390317,0
390595,1559026145348875,71774208,0.59832341,170,390426,390595,390499,0
390716,1559026145355000,72341875,0.57762067,121,390596,390716,390641,0
390875,1559026146950708,71457792,0.5910827,159,390717,390875,390815,0
390981,1559026146956041,71947750,0.60441898,106,390876,390981,390906,0
391141,1559026147523333,72119000,0.60027493,160,390982,391141,391111,0
391331,1559026147532875,73004291,0.61028263,190,391142,391331,391281,0
391515,1559026149053791,72412084,0.66421782,184,391332,391515,391410,0
391653,1559026149293458,72757208,0.61290356,138,391516,391653,391574,0
391755,1559026149298583,73203750,0.60278975,102,391654,391755,391713,0
391969,1559026150417958,73071333,0.64918656,214,391756,391969,391800,0
392191,1559026151650041,72819625,0.59092323,222,391970,392191,392037,0
392323,1559026151656625,73423666,0.59030164,132,392192,392323,392263,0
392579,1559026155607500,70643791,0.65669599,256,392324,392579,392546,0
392595,1559026155608291,70726334,0.63011053,16,392580,392595,392582,0
392611,1559026155609125,70814250,0.60953219,16,392596,392611,392608,0
392627,1559026155609916,70899000,0.56683029,16,392612,392627,392617,0
392703,1559026155613750,71260791,0.63442299,76,392628,392703,392633,0
392761,1559026155616625,71518583,0.54975996,58,392704,392761,392734,0
392968,1559026155627000,72445208,0.59736265,207,392762,392968,392835,0
393224,1559026155639833,73608958,0.62120374,256,392969,393224,393029,0
393480,1559026156032958,74392417,0.60772612,256,393225,393480,393425,0
393522,1559026157481208,73154250,0.60193256,42,393481,393522,393481,0
393651,1559026157489041,73722750,0.57006598,129,393523,393651,393623,0
393723,1559026157492666,74034917,0.57819875,72,393652,393723,393714,0
393827,1559026157864666,74125459,0.55917741,104,393724,393827,393756,0
394044,1559026159595041,73383834,0.62012724,217,393828,394044,393966,0
394300,1559026160449083,73712333,0.62712254,256,394045,394300,394281,0
394521,1559026161247000,73943166,0.60192367,221,394301,394521,394373,0
394777,1559026163056375,73295666,0.59939127,256,394522,394777,394578,0
395018,1559026164675041,72779042,0.62206653,241,394778,395018,394923,0
395226,1559026166173666,72274167,0.62019624,208,395019,395226,395197,0
395400,1559026166417708,72898208,0.62414991,174,395227,395400,395367,0
395601,1559026166845541,73472792,0.62464416,201,395401,395601,395509,0
395635,1559026167603083,72863417,0.5783423,34,395602,395635,395602,0
395871,1559026169881083,71722292,0.57558784,236,395636,395871,395683,0
395922,1559026169883625,72003916,0.53749776,51,395872,395922,395915,0
396122,1559026170597250,72830166,0.63017868,200,395923,396122,396085,0
396340,1559026171308791,72534209,0.57751257,218,396123,396340,396337,0
396524,1559026172466250,72269541,0.61242889,184,396341,396524,396400,0
396780,1559026175673166,70329375,0.59227937,256,396525,396780,396660,0
397036,1559026177973708,69263292,0.59442219,256,396781,397036,396912,0
397205,1559026179145750,68896166,0.63125636,169,397037,397205,397204,0
397221,1559026179146625,69010208,0.5611185,16,397206,397221,397206,0
397303,1559026179151000,69413833,0.63925784,82,397222,397303,397231,0
397454,1559026179320125,69998916,0.61598194,151,397304,397454,397317,0
397658,1559026181886208,68399417,0.58870569,204,397455,397658,397567,0
397867,1559026183626916,67669709,0.61103145,209,397659,397867,397792,0
398112,1559026184444583,68054083,0.61090879,245,397868,398112,398079,0
398220,1559026184865750,68117625,0.59589135,108,398113,398220,398153,0
398466,1559026185892083,68191750,0.61692627,246,398221,398466,398449,0
398570,1559026185897708,68671125,0.59304753,104,398467,398570,398479,0
398775,1559026186800250,68683291,0.59929395,205,398571,398775,398638,0
398845,1559026186804041,69014334,0.57751384,70,398776,398845,398785,0
399049,1559026188180875,68562791,0.64087453,204,398846,399049,398872,0
399076,1559026188182333,68701042,0.4995355,27,399050,399076,399068,0
399318,1559026189076791,68877334,0.6315689,242,399077,399318,399100,0
399574,1559026190240333,68861458,0.61522731,256,399319,399574,399562,0
399619,1559026190242750,69084666,0.63829549,45,399575,399619,399582,0
399635,1559026190243625,69164958,0.51897098,16,399620,399635,399625,0
399825,1559026191816916,68458334,0.62853484,190,399636,399825,399785,0
399982,1559026192535333,68477250,0.5970506,157,399826,399982,399975,0
400040,1559026193719083,67575667,0.60755528,58,399983,400040,399992,0
400118,1559026193723000,67946291,0.59831643,78,400041,400118,400071,0
400223,1559026194418875,67768041,0.60530327,105,400119,400223,400165,0
400470,1559026194866041,68446375,0.60754791,247,400224,400470,400431,0
400697,1559026195819458,68589250,0.62263458,227,400471,400697,400529,0
400915,1559026196986333,68500625,0.60779822,218,400698,400915,400800,0
401171,1559026197814458,68797667,0.60230919,256,400916,401171,400956,0
401391,1559026199921875,67665583,0.63330478,220,401172,401391,401378,0
401536,1559026200562458,67724708,0.62107006,145,401392,401536,401418,0
401792,1559026202736583,66715292,0.64410942,256,401537,401792,401775,0
401870,1559026202740541,67068834,0.56726176,78,401793,401870,401858,0
401990,1559026203819750,66546750,0.59444516,120,401871,401990,401939,0
402225,1559026204462916,67018125,0.6023155,235,401991,402225,402198,0
402442,1559026205923208,66534708,0.59392582,217,402226,402442,402393,0
402678,1559026206775250,66880000,0.6397648,236,402443,402678,402632,0
402911,1559026206946000,67757041,0.63364895,233,402679,402911,402719,0
403163,1559026207919041,67911667,0.60877202,252,402912,403163,402968,0
403339,1559026209017583,67629958,0.61318985,176,403164,403339,403213,0
403404,1559026209020875,67933041,0.62750057,65,403340,403404,403340,0
403631,1559026209786083,68265167,0.63772835,227,403405,403631,403564,0
403764,1559026212865000,65810166,0.61225154,133,403632,403764,403693,0
403908,1559026212872208,66501583,0.60141272,144,403765,403908,403780,0
404131,1559026214113958,66330542,0.64164905,223,403909,404131,403983,0
404361,1559026216409041,65128250,0.64319282,230,404132,404361,404236,0
404557,1559026216418916,66003167,0.60900428,196,404362,404557,404495,0
404813,1559026217875750,65767875,0.63325526,256,404558,404813,404770,0
405009,1559026217885666,66661792,0.63732299,196,404814,405009,404909,0
405206,1559026218462833,66982750,0.574203,197,405010,405206,405132,0
405319,1559026218956416,67070875,0.59443301,113,405207,405319,405257,0
405447,1559026218962833,67618917,0.64122953,128,405320,405447,405392,0
405637,1559026220592875,66859125,0.62660174,190,405448,405637,405570,0
405798,1559026220601000,67705875,0.64987984,161,405638,405798,405685,0
406054,1559026222191708,67330125,0.60605493,256,405799,406054,405837,0
406310,1559026222576000,68162500,0.65296432,256,406055,406310,406301,0
406332,1559026223694166,67183500,0.63426197,22,406311,406332,406311,0
406348,1559026223695000,67235750,0.62393145,16,406333,406348,406345,0
406470,1559026223701166,67783542,0.57621968,122,406349,406470,406453,0
406701,1559026224531166,68015834,0.61340293,231,406471,406701,406526,0
406774,1559026224534833,68346250,0.64018076,73,406702,406774,406720,0
407005,1559026225121041,68849959,0.62623433,231,406775,407005,406952,0
407139,1559026226317000,68280916,0.63829761,134,407006,407139,407086,0
407395,1559026226385666,69365000,0.59043634,256,407140,407395,407340,0
407650,1559026226568750,70383000,0.61976185,255,407396,407650,407469,0
407757,1559026226938333,70523583,0.58665878,107,407651,407757,407746,0
407934,1559026227167916,71164542,0.64076093,177,407758,407934,407886,0
408190,1559026228112541,71426500,0.60188761,256,407935,408190,408135,0
408446,1559026229297541,71463125,0.64467236,256,408191,408446,408411,0
408570,1559026230454541,70869792,0.61130411,124,408447,408570,408568,0
408586,1559026230455375,70962125,0.59548323,16,408571,408586,408576,0
408612,1559026230456666,71084375,0.57333524,26,408587,408612,408600,0
408868,1559026230685166,72087834,0.62364927,256,408613,408868,408705,0
409124,1559026231574916,72447584,0.67610459,256,408869,409124,409061,0
409144,1559026231575875,72551625,0.60968774,20,409125,409144,409125,0
409311,1559026232089000,72852583,0.61145127,167,409145,409311,409239,0
409533,1559026233004291,72964417,0.64185669,222,409312,409533,409531,0
409549,1559026234264083,71781458,0.61218954,16,409534,409549,409547,0
409565,1559026234264916,71866125,0.63188469,16,409550,409565,409553,0
409581,1559026234265708,71943417,0.53284677,16,409566,409581,409573,0
409783,1559026235237041,71914084,0.59322286,202,409582,409783,409671,0
410016,1559026236426458,71735958,0.60819544,233,409784,410016,409835,0
410159,1559026237497041,71303917,0.58116441,143,410017,410159,410078,0
410356,1559026237506958,72230292,0.60853292,197,410160,410356,410172,0
410514,1559026240386250,70094250,0.62492758,158,410357,410514,410455,0
410643,1559026240554916,70536000,0.65325771,129,410515,410643,410628,0
410659,1559026240555791,70614584,0.54957731,16,410644,410659,410652,0
410675,1559026240556666,70697250,0.67894507,16,410660,410675,410670,0
410787,1559026240562750,71199708,0.59033335,112,410676,410787,410778,0
410933,1559026241893250,70545125,0.60293968,146,410788,410933,410874,0
411131,1559026242891708,70499625,0.62888831,198,410934,411131,411130,0
411147,1559026242892541,70588875,0.64961557,16,411132,411147,411141,0
411163,1559026242893416,70696167,0.60670492,16,411148,411163,411152,0
411293,1559026243881041,70372334,0.61990471,130,411164,411293,411164,0
411549,1559026244819833,70702208,0.65605684,256,411294,411549,411445,0
411805,1559026246021125,70795416,0.63862436,256,411550,411805,411769,0
411984,1559026247312375,70363416,0.61520012,179,411806,411984,411924,0
412240,1559026248093291,70982750,0.64809905,256,411985,412240,412177,0
412258,1559026248094291,71049209,0.60487272,18,412241,412258,412258,0
412280,1559026248095458,71172875,0.59843965,22,412259,412280,412269,0
412324,1559026248194375,71291041,0.61243982,44,412281,412324,412291,0
412378,1559026248197250,71551208,0.60094351,54,412325,412378,412345,0
412634,1559026248573250,72453833,0.61548058,256,412379,412634,412614,0
412837,1559026251344416,70936959,0.59944774,203,412635,412837,412746,0
413093,1559026252549333,71226333,0.64472019,256,412838,413093,413083,0
413294,1559026254145333,70667500,0.6103563,201,413094,413294,413170,0
413537,1559026254615291,71394625,0.60813703,243,413295,413537,413493,0
413605,1559026254618750,71712250,0.6762325,68,413538,413605,413542,0
413655,1559026255859583,70716125,0.62823744,50,413606,413655,413626,0
413671,1559026256804916,69861709,0.5566697,16,413656,413671,413661,0
413827,1559026257023791,70321459,0.59521602,156,413672,413827,413768,0
414063,1559026257999875,70423750,0.63039284,236,413828,414063,413973,0
414299,1559026259399833,70119542,0.65093792,236,414064,414299,414183,0
414534,1559026259459083,71129000,0.61951663,235,414300,414534,414506,0
414669,1559026260314708,70898000,0.57141395,135,414535,414669,414569,0
414900,1559026262239833,70030708,0.60176922,231,414670,414900,414706,0
415108,1559026263350208,69845708,0.62239543,208,414901,415108,415087,0
415238,1559026264399500,69393875,0.62346011,130,415109,415238,415153,0
415394,1559026267646916,66860750,0.62318861,156,415239,415394,415354,0
415595,1559026267656916,67787334,0.60631253,201,415395,415595,415412,0
415709,1559026268432500,67561375,0.5983163,114,415596,415709,415687,0
415862,1559026268440208,68286042,0.60674639,153,415710,415862,415743,0
416118,1559026269837458,68026583,0.59356166,256,415863,416118,416042,0
416374,1559026271693583,67347542,0.62176583,256,416119,416374,416319,0
416621,1559026274760625,65493833,0.67761214,247,416375,416621,416606,0
416637,1559026274761416,65567584,0.61553055,16,416622,416637,416632,0
416653,1559026274762208,65628208,0.59797442,16,416638,416653,416650,0
416836,1559026275886333,65328542,0.582646,183,416654,416836,416675,0
417052,1559026276746541,65451250,0.63351258,216,416837,417052,416970,0
417143,1559026276751875,65845875,0.59799253,91,417053,417143,417104,0
417374,1559026277342416,66329209,0.6318691,231,417144,417374,417349,0
417491,1559026278071958,66147833,0.61632936,117,417375,417491,417400,0
417743,1559026279378375,65985375,0.60372303,252,417492,417743,417572,0
417813,1559026281547708,64134917,0.5882785,70,417744,417813,417751,0
418012,1559026282478625,64090208,0.58486997,199,417814,418012,417928,0
418150,1559026282485583,64708625,0.59024759,138,418013,418150,418099,0
418393,1559026283702000,64599875,0.59034687,243,418151,418393,418390,0
418409,1559026284574083,63793708,0.55699863,16,418394,418409,418403,0
418567,1559026284581958,64506375,0.62271564,158,418410,418567,418538,0
418823,1559026286122958,64163833,0.68728591,256,418568,418823,418577,0
419036,1559026286611375,64622166,0.61264445,213,418824,419036,418860,0
419205,1559026287492250,64570958,0.60049282,169,419037,419205,419088,0
419431,1559026288476875,64575708,0.61710258,226,419206,419431,419209,0
419687,1559026289585791,64644000,0.6286582,256,419432,419687,419592,0
419925,1559026290943416,64397417,0.6453923,238,419688,419925,419761,0
419957,1559026290945041,64558875,0.63490297,32,419926,419957,419931,0
420115,1559026291017458,65232208,0.58354475,158,419958,420115,420090,0
420238,1559026291537791,65333042,0.598356,123,420116,420238,420229,0
420254,1559026291538583,65396833,0.61071043,16,420239,420254,420244,0
420335,1559026291542666,65755875,0.6416423,81,420255,420335,420262,0
420543,1559026292614416,65627417,0.60697028,208,420336,420543,420435,0
420689,1559026292621791,66299084,0.62430912,146,420544,420689,420661,0
420775,1559026294755416,64589459,0.63129476,86,420690,420775,420723,0
420964,1559026295783125,64388541,0.62201745,189,420776,420964,420885,0
421153,1559026297002333,64010542,0.64913662,189,420965,421153,421021,0
421382,1559026297500791,64576084,0.64973736,229,421154,421382,421379,0
421398,1559026297501625,64661375,0.63136751,16,421383,421398,421383,0
421414,1559026297502416,64753500,0.61705484,16,421399,421414,421404,0
421469,1559026297505166,64986209,0.55190295,55,421415,421469,421417,0
421725,1559026299581416,64068709,0.58835701,256,421470,421725,421724,0
421901,1559026300878541,63641209,0.61284035,176,421726,421901,421740,0
422157,1559026301514083,64248917,0.64470687,256,421902,422157,422057,0
422405,1559026301653166,65330167,0.59847605,248,422158,422405,422228,0
422519,1559026304041583,63538500,0.63934525,114,422406,422519,422519,0
422775,1559026304184916,65072459,0.68487594,256,422520,422775,422573,0
423031,1559026305110666,65767875,0.60635518,256,422776,423031,422827,0
423237,1559026306035208,66075958,0.63492915,206,423032,423237,423095,0
423493,1559026306048000,67370875,0.64038003,256,423238,423493,423424,0
423694,1559026306169500,68258500,0.60458498,201,423494,423694,423626,0
423903,1559026306239416,69209792,0.59896902,209,423695,423903,423733,0
424115,1559026308264375,68129708,0.61138184,212,423904,424115,423938,0
424326,1559026308876041,68496625,0.57218914,211,424116,424326,424261,0
424476,1559026311100541,66999834,0.62098797,150,424327,424476,424466,0
424548,1559026311104166,67300542,0.59808108,72,424477,424548,424491,0
424776,1559026311226458,68279625,0.62856775,228,424549,424776,424618,0
424888,1559026311803958,68208583,0.59053032,112,424777,424888,424870,0
425022,1559026311811708,68819208,0.59013306,134,424889,425022,424920,0
425278,1559026313453041,68436625,0.64044553,256,425023,425278,425223,0
425421,1559026313460791,69073584,0.59338657,143,425279,425421,425400,0
425677,1559026315590750,68219750,0.62097953,256,425422,425677,425488,0
425846,1559026316846041,67745959,0.59937517,169,425678,425846,425735,0
426000,1559026317700250,67594208,0.60027526,154,425847,426000,425892,0
426016,1559026317701125,67655375,0.60962017,16,426001,426016,426008,0
426044,1559026317702625,67831875,0.56337285,28,426017,426044,426017,0
426283,1559026319148333,67483875,0.60111605,239,426045,426283,426149,0
426451,1559026319157416,68290667,0.61720247,168,426284,426451,426347,0
426707,1559026319366416,69262792,0.64102501,256,426452,426707,426538,0
426963,1559026319529375,70351666,0.58298577,256,426708,426963,426939,0
427219,1559026319784083,71231292,0.59691529,256,426964,427219,427134,0
427475,1559026321060958,71096542,0.6443855,256,427220,427475,427259,0
427660,1559026322306958,70724875,0.65614144,185,427476,427660,427559,0
427801,1559026323807083,69843833,0.57842803,141,427661,427801,427773,0
428057,1559026324810416,70039667,0.61891241,256,427802,428057,428054,0
428191,1559026324817750,70629916,0.6332931,134,428058,428191,428081,0
428362,1559026326160583,70043417,0.58710934,171,428192,428362,428196,0
428492,1559026326392916,70396209,0.58076314,130,428363,428492,428452,0
428587,1559026326654666,70562667,0.60331849,95,428493,428587,428493,0
428821,1559026326666500,71595875,0.61998326,234,428588,428821,428701,0
429059,1559026328723750,70626000,0.65400459,238,428822,429059,429035,0
429315,1559026329589541,70902917,0.6237523,256,429060,429315,429134,0
429491,1559026330643166,70627209,0.57439143,176,429316,429491,429387,0
429642,1559026331257666,70877542,0.6458288,151,429492,429642,429599,0
429803,1559026332329000,70899666,0.59749237,161,429643,429803,429752,0
429987,1559026333265291,71105209,0.57496355,184,429804,429987,429961,0
430118,1559026334595458,70614125,0.597402,131,429988,430118,430061,0
430374,1559026335529708,71244417,0.61188899,256,430119,430374,430235,0
430630,1559026336992583,70985583,0.66563199,256,430375,430630,430416,0
430886,1559026337900041,71254917,0.61303204,256,430631,430886,430869,0
431093,1559026339143708,70942458,0.59416986,207,430887,431093,431039,0
431188,1559026339148500,71360750,0.60281846,95,431094,431188,431136,0
431421,1559026340286416,71372000,0.59442221,233,431189,431421,431299,0
431592,1559026340393125,72000875,0.57155643,171,431422,431592,431591,0
431809,1559026340404125,72965333,0.59648675,217,431593,431809,431707,0
431981,1559026341253500,72864541,0.59384777,172,431810,431981,431879,0
432173,1559026342241000,72813250,0.65585927,192,431982,432173,432050,0
432429,1559026342645250,73626250,0.63750405,256,432174,432429,432395,0
432609,1559026344298791,72758417,0.54946415,180,432430,432609,432482,0
432865,1559026345453125,72807333,0.65071636,256,432610,432865,432698,0
433117,1559026345721833,73673542,0.59603534,252,432866,433117,432882,0
433373,1559026346672833,73905792,0.62639294,256,433118,433373,433314,0
433622,1559026348341000,73385666,0.59937858,249,433374,433622,433439,0
433777,1559026348396750,74023875,0.61854913,155,433623,433777,433631,0
433936,1559026349126708,74013500,0.59637254,159,433778,433936,433899,0
434192,1559026350297291,74053000,0.6080745,256,433937,434192,433995,0
434403,1559026351326750,74119583,0.63534921,211,434193,434403,434202,0
434635,1559026352056625,74573458,0.59496119,232,434404,434635,434459,0
434687,1559026352059208,74803542,0.59199943,52,434636,434687,434650,0
434857,1559026353064750,74622125,0.58953778,170,434688,434857,434711,0
435113,1559026354245958,74738792,0.62598071,256,434858,435113,434911,0
435369,1559026355632625,74606375,0.62042115,256,435114,435369,435310,0
435606,1559026356256833,75114583,0.6007891,237,435370,435606,435384,0
435778,1559026356867958,75321875,0.60044824,172,435607,435778,435687,0
435951,1559026356955916,76114500,0.60120333,173,435779,435951,435916,0
436156,1559026357345666,76766667,0.62258164,205,435952,436156,436031,0
436263,1559026357351000,77324833,0.61672773,107,436157,436263,436177,0
436326,1559026358274500,76793041,0.58956175,63,436264,436326,436271,0
436495,1559026358283083,77593000,0.63793373,169,436327,436495,436484,0
436581,1559026358953791,77275584,0.56634498,86,436496,436581,436552,0
436819,1559026359404375,78002208,0.65676825,238,436582,436819,436807,0
436978,1559026360249541,77869542,0.58900255,159,436820,436978,436941,0
437163,1559026360258791,78713000,0.65068601,185,436979,437163,437136,0
437285,1559026361069083,78666958,0.61783429,122,437164,437285,437251,0
437463,1559026361078000,79275541,0.65469798,178,437286,437463,437363,0
437588,1559026362193708,78697958,0.63176897,125,437464,437588,437523,0
437700,1559026362199375,79158833,0.55779443,112,437589,437700,437636,0
437875,1559026362328833,79821708,0.61766377,175,437701,437875,437852,0
437938,1559026362332041,80084542,0.59563738,63,437876,437938,437928,0
438092,1559026362527791,80573917,0.58513977,154,437939,438092,437967,0
438278,1559026362538625,81391458,0.59642016,186,438093,438278,438174,0
438446,1559026363771250,80951708,0.59249444,168,438279,438446,438446,0
438501,1559026364604250,80313500,0.58492042,55,438447,438501,438495,0
438533,1559026364606000,80459750,0.58815758,32,438502,438533,438530,0
438619,1559026364610666,80834959,0.66309834,86,438534,438619,438535,0
438875,1559026367065750,79510875,0.61057383,256,438620,438875,438830,0
439131,1559026367664375,80351416,0.59880173,256,438876,439131,438927,0
439387,1559026369279666,79570167,0.60759245,256,439132,439387,439191,0
439643,1559026370878041,79090209,0.65781552,256,439388,439643,439424,0
439824,1559026372466666,78299000,0.63380544,181,439644,439824,439704,0
439994,1559026373455625,78052500,0.59752637,170,439825,439994,439856,0
440199,1559026374468958,77956375,0.60113956,205,439995,440199,440093,0
440444,1559026377422333,76079333,0.62129579,245,440200,440444,440357,0
440546,1559026377427416,76515709,0.57520302,102,440445,440546,440514,0
440693,1559026378541416,76088750,0.62064396,147,440547,440693,440657,0
440810,1559026378547333,76777333,0.59170674,117,440694,440810,440727,0
441066,1559026379588625,76670208,0.60302827,256,440811,441066,440880,0
441288,1559026380680833,76589917,0.60785975,222,441067,441288,441179,0
441544,1559026381943458,76442750,0.61596974,256,441289,441544,441397,0
441605,1559026382587500,76068458,0.55640944,61,441545,441605,441553,0
441861,1559026384609083,75159042,0.56519687,256,441606,441861,441775,0
442047,1559026385405000,75184541,0.62374666,186,441862,442047,441951,0
442269,1559026385565500,75995541,0.6010083,222,442048,442269,442117,0
442525,1559026386685000,76020291,0.58368317,256,442270,442525,442310,0
442707,1559026389859458,73608250,0.58232311,182,442526,442707,442585,0
442843,1559026391037166,73048542,0.6099363,136,442708,442843,442804,0
442937,1559026391041875,73496166,0.57872117,94,442844,442937,442873,0
443073,1559026392214875,72912333,0.60861314,136,442938,443073,442938,0
443273,1559026393056208,72940000,0.60607571,200,443074,443273,443247,0
443315,1559026393058291,73151292,0.61528807,42,443274,443315,443281,0
443368,1559026393060958,73406042,0.58069453,53,443316,443368,443339,0
443624,1559026393710291,73886000,0.60228561,256,443369,443624,443523,0
443880,1559026395055625,73652750,0.65134198,256,443625,443880,443862,0
444059,1559026395646083,73830583,0.54998836,179,443881,444059,443974,0
444265,1559026396274958,74125792,0.62799196,206,444060,444265,444136,0
444521,1559026396878750,74630500,0.64382915,256,444266,444521,444454,0
444777,1559026398317458,74500417,0.61922696,256,444522,444777,444668,0
444956,1559026400569041,72950542,0.60329803,179,444778,444956,444799,0
445212,1559026401339625,73407958,0.62816033,256,444957,445212,445159,0
445468,1559026402214208,73676042,0.57488227,256,445213,445468,445390,0
445692,1559026403193875,73786291,0.64913908,224,445469,445692,445529,0
445859,1559026404358416,73390792,0.59932455,167,445693,445859,445820,0
446061,1559026405735125,72963875,0.58963899,202,445860,446061,445982,0
446077,1559026405735916,73052042,0.53059912,16,446062,446077,446069,0
446243,1559026406972291,72594750,0.61677297,166,446078,446243,446227,0
446347,1559026406977541,73090875,0.65642894,104,446244,446347,446328,0
446487,1559026408015416,72737959,0.59803943,140,446348,446487,446352,0
446652,1559026409163875,72363875,0.61479246,165,446488,446652,446554,0
446765,1559026409169541,72892292,0.58687898,113,446653,446765,446724,0
446924,1559026410093625,72704500,0.55178688,159,446766,446924,446795,0
447142,1559026411668541,72140584,0.59135754,218,446925,447142,447140,0
447273,1559026412449458,71979042,0.60889053,131,447143,447273,447192,0
447529,1559026415168500,70790625,0.63722307,256,447274,447529,447528,0
447785,1559026416286291,70816000,0.6789547,256,447530,447785,447564,0
447945,1559026416294250,71491291,0.574897,160,447786,447945,447829,0
448201,1559026418275916,71276042,0.62730144,256,447946,448201,447963,0
448316,1559026418281625,71590416,0.57473111,115,448202,448316,448260,0
448571,1559026419450000,71577041,0.64256733,255,448317,448571,448558,0
448827,1559026420662291,71405084,0.62837244,256,448572,448827,448738,0
448843,1559026420663083,71488667,0.61037447,16,448828,448843,448830,0
448859,1559026420663916,71558625,0.58086085,16,448844,448859,448848,0
448945,1559026421761125,70847375,0.5982365,86,448860,448945,448934,0
449090,1559026422565541,70709959,0.59210864,145,448946,449090,449019,0
449243,1559026422573208,71356792,0.60359799,153,449091,449243,449210,0
449499,1559026423656750,71407416,0.58793211,256,449244,449499,449267,0
449642,1559026424512666,71168125,0.56453933,143,449500,449642,449549,0
449898,1559026425496291,71294417,0.59659302,256,449643,449898,449648,0
450154,1559026426676416,71238375,0.61424866,256,449899,450154,450051,0
450357,1559026428994000,69804083,0.62930165,203,450155,450357,450343,0
450507,1559026430371125,69084791,0.56470256,150,450358,450507,450367,0
450735,1559026431391958,69080292,0.58270619,228,450508,450735,450654,0
450945,1559026433129375,68321791,0.58112582,210,450736,450945,450827,0
451197,1559026434161958,68975917,0.62488011,252,450946,451197,450957,0
451321,1559026434717333,69177750,0.57593519,124,451198,451321,451231,0
451403,1559026435044875,69390458,0.58236464,82,451322,451403,451396,0
451461,1559026435048000,69830583,0.57055229,58,451404,451461,451419,0
451615,1559026435057875,70458666,0.62010245,154,451462,451615,451578,0
451794,1559026435894458,70402083,0.61426755,179,451616,451794,451636,0
451887,1559026436275625,70449833,0.61091659,93,451795,451887,451830,0
452143,1559026437455375,70345000,0.59584126,256,451888,452143,452094,0
452399,1559026439190958,69706958,0.60658991,256,452144,452399,452213,0
452620,1559026439201916,70674292,0.61519844,221,452400,452620,452489,0
452831,1559026439606583,71183083,0.59425728,211,452621,452831,452738,0
453069,1559026442160583,69677917,0.61129457,238,452832,453069,453016,0
453308,1559026442481791,70400209,0.60562089,239,453070,453308,453295,0
453479,1559026443154708,70462417,0.58043604,171,453309,453479,453374,0
453735,1559026443951291,70802209,0.60377393,256,453480,453735,453520,0
453885,1559026444741583,70723125,0.62713047,150,453736,453885,453836,0
453967,1559026444745708,71048458,0.6093607,82,453886,453967,453945,0
454160,1559026444947416,71713250,0.5839479,193,453968,454160,453972,0
454416,1559026445115333,72626125,0.65692913,256,454161,454416,454263,0
454672,1559026446784416,72068500,0.61805452,256,454417,454672,454465,0
454899,1559026447883750,71931958,0.62261602,227,454673,454899,454803,0
455089,1559026449052041,71590209,0.57629691,190,454900,455089,455030,0
455278,1559026449061541,72399417,0.61549548,189,455090,455278,455236,0
455475,1559026450797916,71563334,0.59284452,197,455279,455475,455433,0
455670,1559026452461291,70718000,0.59535012,195,455476,455670,455536,0
455807,1559026453559125,70239666,0.60383213,137,455671,455807,455690,0
456063,1559026454690500,70186291,0.58227665,256,455808,456063,456062,0
456319,1559026455815083,70144875,0.57086195,256,456064,456319,456064,0
456444,1559026455822583,70692417,0.59378722,125,456320,456444,456332,0
456574,1559026457113250,69966958,0.56336057,130,456445,456574,456467,0
456824,1559026457476875,70703416,0.62129146,250,456575,456824,456802,0
456951,1559026458415041,70312584,0.62494963,127,456825,456951,456835,0
457203,1559026458658333,71147125,0.59723363,252,456952,457203,457044,0
457459,1559026459813083,71159292,0.58792185,256,457204,457459,457302,0
457667,1559026460632500,71258541,0.61263605,208,457460,457667,457590,0
457852,1559026461619708,71079417,0.59954949,185,457668,457852,457720,0
458090,1559026463556041,70213709,0.61526841,238,457853,458090,457875,0
458293,1559026464095416,70481917,0.57430543,203,458091,458293,458290,0
458316,1559026464096583,70603917,0.60018103,23,458294,458316,458300,0
458332,1559026464097375,70690875,0.61289621,16,458317,458332,458324,0
458411,1559026464101375,71030750,0.58664847,79,458333,458411,458350,0
458571,1559026464545958,71329542,0.69292101,160,458412,458571,458558,0
458587,1559026464546791,71410334,0.6426057,16,458572,458587,458573,0
458603,1559026464547583,71509208,0.62522518,16,458588,458603,458601,0
458619,1559026464548375,71574625,0.59500802,16,458604,458619,458615,0
458635,1559026464549166,71652875,0.57497912,16,458620,458635,458625,0
458766,1559026464555750,72276958,0.59693152,131,458636,458766,458667,0
458937,1559026465157375,72489250,0.59034389,171,458767,458937,458883,0
458986,1559026465159833,72717000,0.55427947,49,458938,458986,458943,0
459040,1559026466019916,72218917,0.57075411,54,458987,459040,459005,0
459144,1559026466025166,72675834,0.62245042,104,459041,459144,459046,0
459311,1559026466228000,73199500,0.57668844,167,459145,459311,459171,0
459567,1559026466471083,74189875,0.59891146,256,459312,459567,459472,0
459787,1559026468738000,72948000,0.59348389,220,459568,459787,459762,0
459918,1559026469574166,72751542,0.59958757,131,459788,459918,459897,0
460067,1559026469581625,73441916,0.58000046,149,459919,460067,460050,0
460270,1559026470432583,73504375,0.55770293,203,460068,460270,460242,0
460526,1559026471930541,73206917,0.60133077,256,460271,460526,460289,0
460782,1559026473816583,72585042,0.63295032,256,460527,460782,460666,0
461038,1559026474803208,72817167,0.60153947,256,460783,461038,461002,0
461248,1559026475939375,72628791,0.59920349,210,461039,461248,461040,0
461448,1559026477022041,72398917,0.59158211,200,461249,461448,461373,0
461704,1559026477820125,72769708,0.64671385,256,461449,461704,461544,0
461960,1559026478794625,73154625,0.63386269,256,461705,461960,461875,0
461976,1559026478795750,73262708,0.60426512,16,461961,461976,461966,0
461992,1559026478796750,73590916,0.52578471,16,461977,461992,461989,0
462140,1559026478805500,74291666,0.5932298,148,461993,462140,462117,0
462300,1559026479582125,74518666,0.63753856,160,462141,462300,462260,0
462556,1559026482114250,73323208,0.59024547,256,462301,462556,462375,0
462707,1559026484532583,71618208,0.63687953,151,462557,462707,462655,0
462952,1559026487802958,69407542,0.60181328,245,462708,462952,462774,0
463076,1559026489396916,68343709,0.64143286,124,462953,463076,462978,0
463299,1559026492083875,66623166,0.57706709,223,463077,463299,463164,0
463543,1559026492173208,67592917,0.61257362,244,463300,463543,463429,0
463653,1559026492178708,68043792,0.57822341,110,463544,463653,463593,0
463823,1559026492260416,68699459,0.60967855,170,463654,463823,463686,0
463972,1559026492647458,68980250,0.59341199,149,463824,463972,463831,0
464167,1559026493973083,68542667,0.64639082,195,463973,464167,464021,0
464183,1559026493973875,68606541,0.5305742,16,464168,464183,464171,0
464376,1559026495115208,68336750,0.61029215,193,464184,464376,464207,0
464513,1559026495122041,68922334,0.62883106,137,464377,464513,464431,0
464763,1559026495722250,69408750,0.56860543,250,464514,464763,464630,0
464929,1559026496857458,68988833,0.56441215,166,464764,464929,464810,0
465122,1559026496867041,69819167,0.60762078,193,464930,465122,465012,0
465295,1559026497954083,69479167,0.61130886,173,465123,465295,465189,0
465503,1559026498898916,69505625,0.5750652,208,465296,465503,465347,0
465759,1559026499484166,69953917,0.58355571,256,465504,465759,465754,0
465957,1559026500557458,69738917,0.58718128,198,465760,465957,465933,0
466213,1559026503965708,67549250,0.61997599,256,465958,466213,466045,0
466351,1559026504468833,67719833,0.59053964,138,466214,466351,466343,0
466607,1559026505515625,67926500,0.63354144,256,466352,466607,466553,0
466863,1559026506364791,68179292,0.61653147,256,466608,466863,466699,0
467105,1559026506704250,68850416,0.56357814,242,466864,467105,466908,0
467288,1559026508046708,68360458,0.59877957,183,467106,467288,467263,0
467464,1559026508955750,68206291,0.60738056,176,467289,467464,467316,0
467650,1559026509906041,68073375,0.61848223,186,467465,467650,467567,0
467906,1559026510833791,68289417,0.5728344,256,467651,467906,467799,0
468162,1559026512918125,67361666,0.61213227,256,467907,468162,468026,0
468364,1559026514822083,66350417,0.59197516,202,468163,468364,468185,0
468582,1559026515598791,66569125,0.59319544,218,468365,468582,468469,0
468684,1559026515938208,66656250,0.56035767,102,468583,468684,468614,0
468901,1559026516726708,66854958,0.59242797,217,468685,468901,468764,0
469138,1559026517761333,66875125,0.59253761,237,468902,469138,469107,0
469244,1559026518985958,66178917,0.6337925,106,469139,469244,469185,0
469500,1559026519851666,66456125,0.62627704,256,469245,469500,469375,0
469756,1559026520695875,66735791,0.57674917,256,469501,469756,469699,0
469859,1559026521521458,66372250,0.58328891,103,469757,469859,469794,0
470082,1559026522785458,66142583,0.61252297,223,469860,470082,470042,0
470338,1559026523336625,66807291,0.63678324,256,470083,470338,470318,0
470379,1559026523338666,66941792,0.54759996,41,470339,470379,470361,0
470588,1559026523855541,67365000,0.61420734,209,470380,470588,470414,0
470794,1559026524999708,67156417,0.60904724,206,470589,470794,470774,0
470954,1559026525008833,67856542,0.5744922,160,470795,470954,470931,0
471206,1559026526563791,67419667,0.60613878,252,470955,471206,471059,0
471455,1559026527152708,67954500,0.59180814,249,471207,471455,471400,0
471655,1559026528204500,67811416,0.61424834,200,471456,471655,471517,0
471818,1559026528775291,67986084,0.59625723,163,471656,471818,471789,0
471924,1559026528781458,68459167,0.58037812,106,471819,471924,471915,0
472050,1559026529872541,67933625,0.60373505,126,471925,472050,472002,0
472293,1559026530992125,67992250,0.61460563,243,472051,472293,472272,0
472316,1559026530993291,68095417,0.53343172,23,472294,472316,472295,0
472423,1559026530998666,68627084,0.63025999,107,472317,472423,472376,0
472679,1559026532753250,68131333,0.66362755,256,472424,472679,472543,0
472889,1559026533780541,68255125,0.59566289,210,472680,472889,472887,0
473145,1559026534630791,68991250,0.62217051,256,472890,473145,472917,0
473401,1559026534884875,70064125,0.64805175,256,473146,473401,473382,0
473657,1559026535204416,70948292,0.60259417,256,473402,473657,473615,0
473913,1559026535935166,71501834,0.62971467,256,473658,473913,473773,0
474122,1559026536047875,72398083,0.6198063,209,473914,474122,473982,0
474330,1559026536144000,73270416,0.58066036,208,474123,474330,474261,0
474536,1559026536257208,74167958,0.62529003,206,474331,474536,474439,0
474736,1559026536847416,74485500,0.60866964,200,474537,474736,474643,0
474766,1559026536849041,74621084,0.62864922,30,474737,474766,474749,0
474861,1559026536854166,75047042,0.58913855,95,474767,474861,474808,0
475117,1559026537954083,75106833,0.62037311,256,474862,475117,475030,0
475222,1559026537959791,75563459,0.55518353,105,475118,475222,475129,0
475364,1559026538463708,75674417,0.55209246,142,475223,475364,475270,0
475592,1559026538804583,76373792,0.63898438,228,475365,475592,475524,0
475736,1559026538812375,77037333,0.60914251,144,475593,475736,475632,0
475802,1559026539463166,76738792,0.57661624,66,475737,475802,475762,0
476008,1559026540734416,76311584,0.60579449,206,475803,476008,475865,0
476264,1559026542387333,75798792,0.59432828,256,476009,476264,476156,0
476392,1559026543033291,75731250,0.56983826,128,476265,476392,476319,0
476562,1559026545182625,74320250,0.57141594,170,476393,476562,476495,0
476818,1559026546423125,74205125,0.58731305,256,476563,476818,476756,0
477001,1559026547676625,73792416,0.59258233,183,476819,477001,476966,0
477068,1559026547679958,74080500,0.63939749,67,477002,477068,477044,0
477084,1559026547680791,74195209,0.61651825,16,477069,477084,477074,0
477100,1559026547681583,74249333,0.55318249,16,477085,477100,477088,0
477255,1559026548609541,74027500,0.58810538,155,477101,477255,477125,0
477511,1559026549433375,74759166,0.63027226,256,477256,477511,477374,0
477700,1559026549442833,75567417,0.58755874,189,477512,477700,477610,0
477956,1559026550674458,75482333,0.56916369,256,477701,477956,477873,0
478081,1559026552006541,74708000,0.62146377,125,477957,478081,477982,0
478286,1559026552127833,75531042,0.60246461,205,478082,478286,478132,0
478470,1559026552174000,76286750,0.59872554,184,478287,478470,478429,0
478695,1559026553111458,76427375,0.59822397,225,478471,478695,478555,0
478875,1559026555436500,74889208,0.59446178,180,478696,478875,478809,0
479113,1559026556144041,75238459,0.61647809,238,478876,479113,479082,0
479244,1559026557259958,74715083,0.61940373,131,479114,479244,479121,0
479446,1559026557782708,75129625,0.61862896,202,479245,479446,479321,0
479642,1559026558848000,74903500,0.64121584,196,479447,479642,479528,0
479740,1559026559841541,74333209,0.58915033,98,479643,479740,479691,0
479910,1559026561006833,73943625,0.60850876,170,479741,479910,479793,0
480166,1559026561746916,74343334,0.59243858,256,479911,480166,480049,0
480422,1559026562559791,74699334,0.63755647,256,480167,480422,480220,0
480590,1559026562626250,75388125,0.60332944,168,480423,480590,480530,0
480753,1559026563502708,75258292,0.55736775,163,480591,480753,480625,0
480938,1559026564077083,75530583,0.6298314,185,480754,480938,480816,0
481097,1559026564085083,76250792,0.5681895,159,480939,481097,481068,0
481310,1559026567503208,73760042,0.58800449,213,481098,481310,481254,0
481551,1559026568413416,73932834,0.5797155,241,481311,481551,481501,0
481721,1559026569481458,73610000,0.58821582,170,481552,481721,481558,0
481977,1559026570369416,73883375,0.61040398,256,481722,481977,481805,0
482224,1559026572279958,73058458,0.6066355,247,481978,482224,482016,0
482464,1559026573391833,73007708,0.57977163,240,482225,482464,482353,0
482504,1559026573393875,73190041,0.54903925,40,482465,482504,482502,0
482757,1559026574516083,73236708,0.65932005,253,482505,482757,482599,0
483013,1559026576425166,72472959,0.59602317,256,482758,483013,482964,0
483181,1559026576437125,73305125,0.60274246,168,483014,483181,483133,0
483384,1559026578029500,72712000,0.59988771,203,483182,483384,483364,0
483550,1559026579140166,72401209,0.59365443,166,483385,483550,483546,0
483629,1559026579144166,72812417,0.61212021,79,483551,483629,483568,0
483825,1559026580293500,72643125,0.6686183,196,483630,483825,483692,0
484018,1559026582168708,71670000,0.56468519,193,483826,484018,483867,0
484274,1559026582662708,72410792,0.61662286,256,484019,484274,484199,0
484413,1559026582669666,73135084,0.64193169,139,484275,484413,484347,0
484578,1559026583642458,72898958,0.56950513,165,484414,484578,484506,0
484678,1559026583647458,73367958,0.58499298,100,484579,484678,484588,0
484865,1559026585240208,72662000,0.58175114,187,484679,484865,484783,0
485072,1559026586315083,72549292,0.6016676,207,484866,485072,485064,0
485233,1559026587452791,72175417,0.592464,161,485073,485233,485123,0
485484,1559026587965916,72884292,0.61858467,251,485234,485484,485336,0
485634,1559026587973500,73588666,0.58407239,150,485485,485634,485503,0
485731,1559026588951458,73076000,0.59487259,97,485635,485731,485695,0
485933,1559026590124666,72808000,0.57453155,202,485732,485933,485774,0
486189,1559026590334125,73702916,0.58325845,256,485934,486189,486087,0
486391,1559026591277916,73670459,0.57110776,202,486190,486391,486261,0
486626,1559026592968666,72969667,0.62981849,235,486392,486626,486568,0
486751,1559026592974875,73521375,0.57381751,125,486627,486751,486640,0
486987,1559026594045916,73528167,0.61250639,236,486752,486987,486967,0
487243,1559026595133000,73647750,0.65859587,256,486988,487243,487048,0
487445,1559026596075416,73592917,0.60433851,202,487244,487445,487327,0
487682,1559026597282125,73433125,0.60328128,237,487446,487682,487525,0
487829,1559026597812625,73550666,0.58603592,147,487683,487829,487736,0
488067,1559026599056333,73500708,0.58117719,238,487830,488067,488034,0
488263,1559026599108500,74199750,0.6051523,196,488068,488263,488138,0
488319,1559026599111541,74438334,0.5701834,56,488264,488319,488306,0
488370,1559026599114333,74702875,0.60298794,51,488320,488370,488341,0
488446,1559026599665625,74475166,0.60204624,76,488371,488446,488401,0
488563,1559026600942666,73701959,0.56066409,117,488447,488563,488554,0
488819,1559026603631791,72148917,0.59933504,256,488564,488819,488796,0
488989,1559026605067083,71483542,0.61451882,170,488820,488989,488947,0
489245,1559026606233708,71467375,0.64303692,256,488990,489245,489078,0
489407,1559026607471083,70910917,0.57807864,162,489246,489407,489335,0
489661,1559026608446916,71074250,0.61402743,254,489408,489661,489611,0
489880,1559026610464708,70038542,0.59535371,219,489662,489880,489827,0
489939,1559026610467916,70306417,0.57895925,59,489881,489939,489927,0
490161,1559026611430750,70379458,0.61915101,222,489940,490161,489963,0
490244,1559026611435000,70708958,0.57221192,83,490162,490244,490226,0
490425,1559026612005625,70957541,0.61467062,181,490245,490425,490317,0
490595,1559026612104625,71639000,0.59832341,170,490426,490595,490499,0
490716,1559026612111625,72169916,0.57762067,121,490596,490716,490641,0
490875,1559026613578833,71419708,0.5910827,159,490717,490875,490815,0
490981,1559026613584166,71901917,0.60441898,106,490876,490981,490906,0
491141,1559026614197375,71981000,0.60027493,160,490982,491141,491111,0
491331,1559026614206875,72837333,0.61028263,190,491142,491331,491281,0
491515,1559026615197916,72711625,0.66421782,184,491332,491515,491410,0
491653,1559026615902166,72632459,0.61290356,138,491516,491653,491574,0
491755,1559026615907333,73066750,0.60278975,102,491654,491755,491713,0
491969,1559026617086208,72830167,0.64918656,214,491756,491969,491800,0
492191,1559026618221708,72708542,0.59092323,222,491970,492191,492037,0
492323,1559026618228333,73268250,0.59030164,132,492192,492323,492263,0
492579,1559026621495833,71168167,0.65669599,256,492324,492579,492546,0
492595,1559026621496625,71231708,0.63011053,16,492580,492595,492582,0
492611,1559026621497416,71328709,0.60953219,16,492596,492611,492608,0
492627,1559026621498208,71416750,0.56683029,16,492612,492627,492617,0
492703,1559026621836208,71427083,0.63442299,76,492628,492703,492633,0
492761,1559026621839083,71675292,0.54975996,58,492704,492761,492734,0
492968,1559026621910000,72549583,0.59736265,207,492762,492968,492835,0
493224,1559026622014375,73562333,0.62120374,256,492969,493224,493029,0
493480,1559026622759291,73988334,0.60772612,256,493225,493480,493425,0
493522,1559026624209000,72735333,0.60193256,42,493481,493522,493481,0
493651,1559026624215458,73310333,0.57006598,129,493523,493651,493623,0
493723,1559026624219041,73596542,0.57819875,72,493652,493723,493714,0
493827,1559026625019625,73302625,0.55917741,104,493724,493827,493756,0
494044,1559026626783083,72443250,0.62012724,217,493828,494044,493966,0
494300,1559026627825833,72572958,0.62712254,256,494045,494300,494281,0
494521,1559026629651750,71746750,0.60192367,221,494301,494521,494373,0
494777,1559026630428083,72101917,0.59939127,256,494522,494777,494578,0
495018,1559026631976166,71642834,0.62206653,241,494778,495018,494923,0
495226,1559026632945458,71603417,0.62019624,208,495019,495226,495197,0
495400,1559026633784458,71637792,0.62414991,174,495227,495400,495367,0
495601,1559026634297125,71961625,0.62464416,201,495401,495601,495509,0
495635,1559026635076916,71339084,0.5783423,34,495602,495635,495602,0
495871,1559026637305000,70214250,0.57558784,236,495636,495871,495683,0
495922,1559026637307541,70360292,0.53749776,51,495872,495922,495915,0
496122,1559026638031833,70483125,0.63017868,200,495923,496122,496085,0
496340,1559026638753375,70701791,0.57751257,218,496123,496340,496337,0
496524,1559026639661250,70601541,0.61242889,184,496341,496524,496400,0
496780,1559026643141125,68327750,0.59227937,256,496525,496780,496660,0
497036,1559026645424750,67252916,0.59442219,256,496781,497036,496912,0
497205,1559026646456416,67015334,0.63125636,169,497037,497205,497204,0
497221,1559026646457208,67090042,0.5611185,16,497206,497221,497206,0
497303,1559026646461291,67487834,0.63925784,82,497222,497303,497231,0
497454,1559026646978333,67697958,0.61598194,151,497304,497454,497317,0
497658,1559026648970833,66671958,0.58870569,204,497455,497658,497567,0
497867,1559026650778875,65853416,0.61103145,209,497659,497867,497792,0
498112,1559026651579500,66228333,0.61090879,245,497868,498112,498079,0
498220,1559026652020708,66312458,0.59589135,108,498113,498220,498153,0
498466,1559026653050375,66498708,0.61692627,246,498221,498466,498449,0
498570,1559026653055958,66949042,0.59304753,104,498467,498570,498479,0
498775,1559026653899708,67095917,0.59929395,205,498571,498775,498638,0
498845,1559026653903500,67423000,0.57751384,70,498776,498845,498785,0
499049,1559026655601208,66727000,0.64087453,204,498846,499049,498872,0
499076,1559026655602666,66816917,0.4995355,27,499050,499076,499068,0
499318,1559026655907625,67501958,0.6315689,242,499077,499318,499100,0
499574,1559026657119958,67448500,0.61522731,256,499319,499574,499562,0
499619,1559026657122416,67649750,0.63829549,45,499575,499619,499582,0
499635,1559026657123291,67716875,0.51897098,16,499620,499635,499625,0
499825,1559026658947375,66747375,0.62853484,190,499636,499825,499785,0
499982,1559026659626333,66775792,0.5970506,157,499826,499982,499975,0
500040,1559026660861208,65832958,0.60755528,58,499983,500040,499992,0
500118,1559026660865458,66182333,0.59831643,78,500041,500118,500071,0
500223,1559026661607416,65948500,0.60530327,105,500119,500223,500165,0
500470,1559026662078000,66583208,0.60754791,247,500224,500470,500431,0
500697,1559026662995416,66672792,0.62263458,227,500471,500697,500529,0
500915,1559026664156958,66522375,0.60779822,218,500698,500915,500800,0
501171,1559026664905000,66900666,0.60230919,256,500916,501171,500956,0
501391,1559026666540791,66246250,0.63330478,220,501172,501391,501378,0
501536,1559026667575916,65845584,0.62107006,145,501392,501536,501418,0
501792,1559026669744041,64861459,0.64410942,256,501537,501792,501775,0
501870,1559026669747958,65210583,0.56726176,78,501793,501870,501858,0
501990,1559026670729583,64766042,0.59444516,120,501871,501990,501939,0
502225,1559026672586541,63972750,0.6023155,235,501991,502225,502198,0
502442,1559026672597416,64922167,0.59392582,217,502226,502442,502393,0
502678,1559026673613000,65036041,0.6397648,236,502443,502678,502632,0
502911,1559026673838750,65866208,0.63364895,233,502679,502911,502719,0
503163,1559026674659083,66190292,0.60877202,252,502912,503163,502968,0
503339,1559026675824500,65793166,0.61318985,176,503164,503339,503213,0
503404,1559026675827791,66091542,0.62750057,65,503340,503404,503340,0
503631,1559026676633250,66522208,0.63772835,227,503405,503631,503564,0
503764,1559026679618708,64021917,0.61225154,133,503632,503764,503693,0
503908,1559026679625916,64650542,0.60141272,144,503765,503908,503780,0
504131,1559026680784625,64530625,0.64164905,223,503909,504131,503983,0
504361,1559026682994625,63389541,0.64319282,230,504132,504361,504236,0
504557,1559026683007541,64268250,0.60900428,196,504362,504557,504495,0
504813,1559026684334125,64143625,0.63325526,256,504558,504813,504770,0
505009,1559026684343958,64987208,0.63732299,196,504814,505009,504909,0
505206,1559026685010583,65220042,0.574203,197,505010,505206,505132,0
505319,1559026685560166,65179750,0.59443301,113,505207,505319,505257,0
505447,1559026685566583,65810167,0.64122953,128,505320,505447,505392,0
505637,1559026687075958,65101333,0.62660174,190,505448,505637,505570,0
505798,1559026687084041,65907084,0.64987984,161,505638,505798,505685,0
506054,1559026688549666,65548417,0.60605493,256,505799,506054,505837,0
506310,1559026689548958,65754042,0.65296432,256,506055,506310,506301,0
506332,1559026689997875,65467958,0.63426197,22,506311,506332,506311,0
506348,1559026689998791,65518000,0.62393145,16,506333,506348,506345,0
506470,1559026690005791,66038584,0.57621968,122,506349,506470,506453,0
506701,1559026690944958,66130708,0.61340293,231,506471,506701,506526,0
506774,1559026690949250,66450708,0.64018076,73,506702,506774,506720,0
507005,1559026691528583,66925625,0.62623433,231,506775,507005,506952,0
507139,1559026692706541,66337792,0.63829761,134,507006,507139,507086,0
507395,1559026692769666,67463917,0.59043634,256,507140,507395,507340,0
507650,1559026692939958,68579417,0.61976185,255,507396,507650,507469,0
507757,1559026693326208,68721583,0.58665878,107,507651,507757,507746,0
507934,1559026693590041,69390417,0.64076093,177,507758,507934,507886,0
508190,1559026694525416,69688709,0.60188761,256,507935,508190,508135,0
508446,1559026695618333,70089167,0.64467236,256,508191,508446,508411,0
508570,1559026696783791,69543500,0.61130411,124,508447,508570,508568,0
508586,1559026696784583,69601792,0.59548323,16,508571,508586,508576,0
508612,1559026696785875,69772416,0.57333524,26,508587,508612,508600,0
508868,1559026696979041,70827584,0.62364927,256,508613,508868,508705,0
509124,1559026698230166,70904292,0.67610459,256,508869,509124,509061,0
509144,1559026698231166,71022375,0.60968774,20,509125,509144,509125,0
509311,1559026698320416,71782292,0.61145127,167,509145,509311,509239,0
509533,1559026699305791,71927334,0.64185669,222,509312,509533,509531,0
509549,1559026700389708,70928583,0.61218954,16,509534,509549,509547,0
509565,1559026700390500,71085291,0.63188469,16,509550,509565,509553,0
509581,1559026700391291,71165792,0.53284677,16,509566,509581,509573,0
509783,1559026701431416,71330209,0.59322286,202,509582,509783,509671,0
510016,1559026702569125,71089041,0.60819544,233,509784,510016,509835,0
510159,1559026703658458,70662333,0.58116441,143,510017,510159,510078,0
510356,1559026703668291,71591834,0.60853292,197,510160,510356,510172,0
510514,1559026707236333,68789042,0.62492758,158,510357,510514,510455,0
510643,1559026707242875,69388958,0.65325771,129,510515,510643,510628,0
510659,1559026707243708,69457208,0.54957731,16,510644,510659,510652,0
510675,1559026707244541,69541500,0.67894507,16,510660,510675,510670,0
510787,1559026707250250,70049000,0.59033335,112,510676,510787,510778,0
510933,1559026707699458,70280333,0.60293968,146,510788,510933,510874,0
511131,1559026708541041,70355334,0.62888831,198,510934,511131,511130,0
511147,1559026708541833,70443583,0.64961557,16,511132,511147,511141,0
511163,1559026708542666,70524500,0.60670492,16,511148,511163,511152,0
511293,1559026709528958,70167917,0.61990471,130,511164,511293,511164,0
511549,1559026710268916,70678834,0.65605684,256,511294,511549,511445,0
511805,1559026711543166,70535250,0.63862436,256,511550,511805,511769,0
511984,1559026712724916,70199292,0.61520012,179,511806,511984,511924,0
512240,1559026713500875,70689291,0.64809905,256,511985,512240,512177,0
512258,1559026713501875,70783791,0.60487272,18,512241,512258,512258,0
512280,1559026713503041,70856250,0.59843965,22,512259,512280,512269,0
512324,1559026713603791,70967917,0.61243982,44,512281,512324,512291,0
512378,1559026713606750,71211458,0.60094351,54,512325,512378,512345,0
512634,1559026714028041,72424667,0.61548058,256,512379,512634,512614,0
512837,1559026716661875,71048041,0.59944774,203,512635,512837,512746,0
513093,1559026717872083,71432833,0.64472019,256,512838,513093,513083,0
513294,1559026719569750,70393958,0.6103563,201,513094,513294,513170,0
513537,1559026720073583,71021750,0.60813703,243,513295,513537,513493,0
513605,1559026720077250,71352416,0.6762325,68,513538,513605,513542,0
513655,1559026721656333,70053417,0.62823744,50,513606,513655,513626,0
513671,1559026722404833,69354958,0.5566697,16,513656,513671,513661,0
513827,1559026722478708,69969292,0.59521602,156,513672,513827,513768,0
514063,1559026723564000,70013583,0.63039284,236,513828,514063,513973,0
514299,1559026724850208,69766208,0.65093792,236,514064,514299,514183,0
514534,1559026724911166,70773959,0.61951663,235,514300,514534,514506,0
514669,1559026725770041,70543709,0.57141395,135,514535,514669,514569,0
514900,1559026727624916,69749084,0.60176922,231,514670,514900,514706,0
515108,1559026728714708,69611042,0.62239543,208,514901,515108,515087,0
515238,1559026729719916,69206209,0.62346011,130,515109,515238,515153,0
515394,1559026733286625,66363416,0.62318861,156,515239,515394,515354,0
515595,1559026733296708,67512750,0.60631253,201,515395,515595,515412,0
515709,1559026733454000,67859583,0.5983163,114,515596,515709,515687,0
515862,1559026733461708,68386542,0.60674639,153,515710,515862,515743,0
516118,1559026734988250,68009500,0.59356166,256,515863,516118,516042,0
516374,1559026736624791,67540834,0.62176583,256,516119,516374,516319,0
516621,1559026739747041,65912875,0.67761214,247,516375,516621,516606,0
516637,1559026739747875,65921708,0.61553055,16,516622,516637,516632,0
516653,1559026739748625,65921958,0.59797442,16,516638,516653,516650,0
516836,1559026740857208,65868292,0.582646,183,516654,516836,516675,0
517052,1559026741696500,66334625,0.63351258,216,516837,517052,516970,0
517143,1559026741701125,66746458,0.59799253,91,517053,517143,517104,0
517374,1559026742014333,67539792,0.6318691,231,517144,517374,517349,0
517491,1559026743027583,67089125,0.61632936,117,517375,517491,517400,0
517743,1559026744351791,66942417,0.60372303,252,517492,517743,517572,0
517813,1559026746479791,65142375,0.5882785,70,517744,517813,517751,0
518012,1559026747293000,65260625,0.58486997,199,517814,518012,517928,0
518150,1559026747299833,65896375,0.59024759,138,518013,518150,518099,0
518393,1559026748561125,65814000,0.59034687,243,518151,518393,518390,0
518409,1559026749515750,64944125,0.55699863,16,518394,518409,518403,0
518567,1559026749523708,65665792,0.62271564,158,518410,518567,518538,0
518823,1559026750758000,65640000,0.68728591,256,518568,518823,518577,0
519036,1559026751357875,65996625,0.61264445,213,518824,519036,518860,0
519205,1559026752197833,65933417,0.60049282,169,519037,519205,519088,0
519431,1559026752961833,66187458,0.61710258,226,519206,519431,519209,0
519687,1559026754164166,66138875,0.6286582,256,519432,519687,519592,0
519925,1559026755901166,65747084,0.6453923,238,519688,519925,519761,0
519957,1559026755902750,65747291,0.63490297,32,519926,519957,519931,0
520115,1559026755910583,66516208,0.58354475,158,519958,520115,520090,0
520238,1559026756037416,67023917,0.598356,123,520116,520238,520229,0
520254,1559026756038208,67062167,0.61071043,16,520239,520254,520244,0
520335,1559026756042208,67433708,0.6416423,81,520255,520335,520262,0
520543,1559026757151583,67276833,0.60697028,208,520336,520543,520435,0
520689,1559026757158875,67919875,0.62430912,146,520544,520689,520661,0
520775,1559026759078750,66413708,0.63129476,86,520690,520775,520723,0
520964,1559026760255791,66073792,0.62201745,189,520776,520964,520885,0
521153,1559026761546875,65633875,0.64913662,189,520965,521153,521021,0
521382,1559026762100208,66133708,0.64973736,229,521154,521382,521379,0
521398,1559026762101041,66222167,0.63136751,16,521383,521398,521383,0
521414,1559026762101916,66293875,0.61705484,16,521399,521414,521404,0
521469,1559026762104875,66547625,0.55190295,55,521415,521469,521417,0
521725,1559026764311583,65508417,0.58835701,256,521470,521725,521724,0
521901,1559026765844250,64784500,0.61284035,176,521726,521901,521740,0
522157,1559026766435125,65384583,0.64470687,256,521902,522157,522057,0
522405,1559026766594000,66361625,0.59847605,248,522158,522405,522228,0
522519,1559026769193958,64288417,0.63934525,114,522406,522519,522519,0
522775,1559026769316291,65400625,0.68487594,256,522520,522775,522573,0
523031,1559026770146416,65738959,0.60635518,256,522776,523031,522827,0
523237,1559026771248458,65618625,0.63492915,206,523032,523237,523095,0
523493,1559026771392250,66780916,0.64038003,256,523238,523493,523424,0
523694,1559026772554958,66428083,0.60458498,201,523494,523694,523626,0
523903,1559026772772416,67250500,0.59896902,209,523695,523903,523733,0
524115,1559026773748291,67170875,0.61138184,212,523904,524115,523938,0
524326,1559026774328958,67560167,0.57218914,211,524116,524326,524261,0
524476,1559026776718833,65864208,0.62098797,150,524327,524476,524466,0
524548,1559026776722416,66177667,0.59808108,72,524477,524548,524491,0
524776,1559026776795625,67210833,0.62856775,228,524549,524776,524618,0
524888,1559026777404541,67116500,0.59053032,112,524777,524888,524870,0
525022,1559026777412416,67729042,0.59013306,134,524889,525022,524920,0
525278,1559026778932208,67447458,0.64044553,256,525023,525278,525223,0
525421,1559026778940750,68129916,0.59338657,143,525279,525421,525400,0
525677,1559026780960750,67359125,0.62097953,256,525422,525677,525488,0
525846,1559026782121750,66968916,0.59937517,169,525678,525846,525735,0
526000,1559026782966750,66824041,0.60027526,154,525847,526000,525892,0
526016,1559026782967666,66927834,0.60962017,16,526001,526016,526008,0
526044,1559026782969333,67053917,0.56337285,28,526017,526044,526017,0
526283,1559026784195041,66941459,0.60111605,239,526045,526283,526149,0
526451,1559026784203458,67741000,0.61720247,168,526284,526451,526347,0
526707,1559026784397750,68737291,0.64102501,256,526452,526707,526538,0
526963,1559026784653833,69661208,0.58298577,256,526708,526963,526939,0
527219,1559026784876458,70616708,0.59691529,256,526964,527219,527134,0
527475,1559026786484500,70339875,0.6443855,256,527220,527475,527259,0
527660,1559026787741416,69959917,0.65614144,185,527476,527660,527559,0
527801,1559026789353083,68997042,0.57842803,141,527661,527801,527773,0
528057,1559026790023625,69553750,0.61891241,256,527802,528057,528054,0
528191,1559026790030291,70170167,0.6332931,134,528058,528191,528081,0
528362,1559026791092208,69865708,0.58710934,171,528192,528362,528196,0
528492,1559026791468666,70088500,0.58076314,130,528363,528492,528452,0
528587,1559026791749000,70252000,0.60331849,95,528493,528587,528493,0
528821,1559026791760750,71321250,0.61998326,234,528588,528821,528701,0
529059,1559026793536791,70642292,0.65400459,238,528822,529059,529035,0
529315,1559026794669333,70697833,0.6237523,256,529060,529315,529134,0
529491,1559026795805291,70374500,0.57439143,176,529316,529491,529387,0
529642,1559026796367416,70556875,0.6458288,151,529492,529642,529599,0
529803,1559026797459166,70207042,0.59749237,161,529643,529803,529752,0
529987,1559026798440833,70074167,0.57496355,184,529804,529987,529961,0
530118,1559026799684541,69438667,0.597402,131,529988,530118,530061,0
530374,1559026800816958,69465458,0.61188899,256,530119,530374,530235,0
530630,1559026802419791,69158709,0.66563199,256,530375,530630,530416,0
530886,1559026803006708,70001625,0.61303204,256,530631,530886,530869,0
531093,1559026804272708,69741000,0.59416986,207,530887,531093,531039,0
531188,1559026804277500,70213833,0.60281846,95,531094,531188,531136,0
531421,1559026805824833,69841500,0.59442221,233,531189,531421,531299,0
531592,1559026805856500,70628416,0.57155643,171,531422,531592,531591,0
531809,1559026805867416,71724875,0.59648675,217,531593,531809,531707,0
531981,1559026806772208,71588292,0.59384777,172,531810,531981,531879,0
532173,1559026808072083,71301000,0.65585927,192,531982,532173,532050,0
532429,1559026808508541,72153084,0.63750405,256,532174,532429,532395,0
532609,1559026810290000,71223750,0.54946415,180,532430,532609,532482,0
532865,1559026811333208,71573042,0.65071636,256,532610,532865,532698,0
533117,1559026811701291,72262750,0.59603534,252,532866,533117,532882,0
533373,1559026812593833,72547292,0.62639294,256,533118,533373,533314,0
533622,1559026814343291,71923584,0.59937858,249,533374,533622,533439,0
533777,1559026814415541,72541292,0.61854913,155,533623,533777,533631,0
533936,1559026815280458,72386500,0.59637254,159,533778,533936,533899,0
534192,1559026816468875,72423375,0.6080745,256,533937,534192,533995,0
534403,1559026817405875,72481166,0.63534921,211,534193,534403,534202,0
534635,1559026818189208,72785750,0.59496119,232,534404,534635,534459,0
534687,1559026818191833,73009542,0.59199943,52,534636,534687,534650,0
534857,1559026819364625,72727875,0.58953778,170,534688,534857,534711,0
535113,1559026820368500,72790833,0.62598071,256,534858,535113,534911,0
535369,1559026822146416,72170292,0.62042115,256,535114,535369,535310,0
535606,1559026822537125,72829208,0.6007891,237,535370,535606,535384,0
535778,1559026823105750,73054666,0.60044824,172,535607,535778,535687,0
535951,1559026823176666,73798625,0.60120333,173,535779,535951,535916,0
536156,1559026823552500,74363041,0.62258164,205,535952,536156,536031,0
536263,1559026823557833,74909417,0.61672773,107,536157,536263,536177,0
536326,1559026824420125,74348708,0.58956175,63,536264,536326,536271,0
536495,1559026824428708,75089917,0.63793373,169,536327,536495,536484,0
536581,1559026825212833,74706083,0.56634498,86,536496,536581,536552,0
536819,1559026825548208,75579292,0.65676825,238,536582,536819,536807,0
536978,1559026826388250,75580583,0.58900255,159,536820,536978,536941,0
537163,1559026826400416,76403792,0.65068601,185,536979,537163,537136,0
537285,1559026827245833,76135542,0.61783429,122,537164,537285,537251,0
537463,1559026827266708,76931875,0.65469798,178,537286,537463,537363,0
537588,1559026828255500,76602375,0.63176897,125,537464,537588,537523,0
537700,1559026828262000,77044791,0.55779443,112,537589,537700,537636,0
537875,1559026828529166,77596792,0.61766377,175,537701,537875,537852,0
537938,1559026828532375,77869666,0.59563738,63,537876,537938,537928,0
538092,1559026828749541,78325959,0.58513977,154,537939,538092,537967,0
538278,1559026828758958,79152000,0.59642016,186,538093,538278,538174,0
538446,1559026829873125,78777083,0.59249444,168,538279,538446,538446,0
538501,1559026830627000,78287166,0.58492042,55,538447,538501,538495,0
538533,1559026830628583,78416125,0.58815758,32,538502,538533,538530,0
538619,1559026830632958,78813375,0.66309834,86,538534,538619,538535,0
538875,1559026833021458,77572333,0.61057383,256,538620,538875,538830,0
539131,1559026833552250,78165458,0.59880173,256,538876,539131,538927,0
539387,1559026834707916,78693542,0.60759245,256,539132,539387,539191,0
539643,1559026836035583,78547333,0.65781552,256,539388,539643,539424,0
539824,1559026836933166,78460209,0.63380544,181,539644,539824,539704,0
539994,1559026838361666,77801500,0.59752637,170,539825,539994,539856,0
540199,1559026839014666,78135292,0.60113956,205,539995,540199,540093,0
540444,1559026841997583,76301917,0.62129579,245,540200,540444,540357,0
540546,1559026842012166,76725334,0.57520302,102,540445,540546,540514,0
540693,1559026842911833,76506292,0.62064396,147,540547,540693,540657,0
540810,1559026842917750,77023458,0.59170674,117,540694,540810,540727,0
541066,1559026844105958,76977958,0.60302827,256,540811,541066,540880,0
541288,1559026845270791,77031584,0.60785975,222,541067,541288,541179,0
541544,1559026846395125,77060958,0.61596974,256,541289,541544,541397,0
541605,1559026847090333,76633500,0.55640944,61,541545,541605,541553,0
541861,1559026849146625,75742583,0.56519687,256,541606,541861,541775,0
542047,1559026849959583,75782500,0.62374666,186,541862,542047,541951,0
542269,1559026850077541,76671292,0.6010083,222,542048,542269,542117,0
542525,1559026851364541,76549042,0.58368317,256,542270,542525,542310,0
542707,1559026854366500,74351500,0.58232311,182,542526,542707,542585,0
542843,1559026855578166,73765084,0.6099363,136,542708,542843,542804,0
542937,1559026855582875,74193250,0.57872117,94,542844,542937,542873,0
543073,1559026856850333,73545750,0.60861314,136,542938,543073,542938,0
543273,1559026857753041,73586834,0.60607571,200,543074,543273,543247,0
543315,1559026857755125,73771333,0.61528807,42,543274,543315,543281,0
543368,1559026857757750,74037291,0.58069453,53,543316,543368,543339,0
543624,1559026858360583,74605042,0.60228561,256,543369,543624,543523,0
543880,1559026859646208,74507375,0.65134198,256,543625,543880,543862,0
544059,1559026860298958,74640250,0.54998836,179,543881,544059,543974,0
544265,1559026860984708,74881875,0.62799196,206,544060,544265,544136,0
544521,1559026861628875,75401208,0.64382915,256,544266,544521,544454,0
544777,1559026863127916,75199917,0.61922696,256,544522,544777,544668,0
544956,1559026865423791,73669292,0.60329803,179,544778,544956,544799,0
545212,1559026866211458,74027958,0.62816033,256,544957,545212,545159,0
545468,1559026866964458,74413750,0.57488227,256,545213,545468,545390,0
545692,1559026867675541,74755042,0.64913908,224,545469,545692,545529,0
545859,1559026868588416,74575417,0.59932455,167,545693,545859,545820,0
546061,1559026869187750,74991875,0.58963899,202,545860,546061,545982,0
546077,1559026869188541,75080459,0.53059912,16,546062,546077,546069,0
546243,1559026870331166,74660834,0.61677297,166,546078,546243,546227,0
546347,1559026870337208,75130583,0.65642894,104,546244,546347,546328,0
546487,1559026871624541,74471000,0.59803943,140,546348,546487,546352,0
546652,1559026873036916,73771209,0.61479246,165,546488,546652,546554,0
546765,1559026873043083,74255417,0.58687898,113,546653,546765,546724,0
546924,1559026874046125,73917458,0.55178688,159,546766,546924,546795,0
547142,1559026875708791,73222709,0.59135754,218,546925,547142,547140,0
547273,1559026876521708,72972042,0.60889053,131,547143,547273,547192,0
547529,1559026879408416,71233042,0.63722307,256,547274,547529,547528,0
547785,1559026880689708,71171375,0.6789547,256,547530,547785,547564,0
547945,1559026880698375,71812833,0.574897,160,547786,547945,547829,0
548201,1559026882819458,70846292,0.62730144,256,547946,548201,547963,0
548316,1559026882827458,71314625,0.57473111,115,548202,548316,548260,0
548571,1559026884017458,71327417,0.64256733,255,548317,548571,548558,0
548827,1559026885297375,71242250,0.62837244,256,548572,548827,548738,0
548843,1559026885298166,71318167,0.61037447,16,548828,548843,548830,0
548859,1559026885298958,71406417,0.58086085,16,548844,548859,548848,0
548945,1559026886297708,70787250,0.5982365,86,548860,548945,548934,0
549090,1559026887015083,70752583,0.59210864,145,548946,549090,549019,0
549243,1559026887022750,71476000,0.60359799,153,549091,549243,549210,0
549499,1559026887740666,71870959,0.58793211,256,549244,549499,549267,0
549642,1559026889018791,71220667,0.56453933,143,549500,549642,549549,0
549898,1559026889924875,71502083,0.59659302,256,549643,549898,549648,0
550154,1559026891030875,71521791,0.61424866,256,549899,550154,550051,0
550357,1559026893228125,70229833,0.62930165,203,550155,550357,550343,0
550507,1559026894332166,69817250,0.56470256,150,550358,550507,550367,0
550735,1559026895424791,69766917,0.58270619,228,550508,550735,550654,0
550945,1559026897020250,69087000,0.58112582,210,550736,550945,550827,0
551197,1559026897978666,69304917,0.62488011,252,550946,551197,550957,0
551321,1559026898513000,69452125,0.57593519,124,551198,551321,551231,0
551403,1559026898808375,69594000,0.58236464,82,551322,551403,551396,0
551461,1559026898811333,69736458,0.57055229,58,551404,551461,551419,0
551615,1559026898819041,70400792,0.62010245,154,551462,551615,551578,0
551794,1559026899577791,70475250,0.61426755,179,551616,551794,551636,0
551887,1559026899963916,70505417,0.61091659,93,551795,551887,551830,0
552143,1559026901076041,70877709,0.59584126,256,551888,552143,552094,0
552399,1559026902251375,70584500,0.60658991,256,552144,552399,552213,0
552620,1559026902886416,70950084,0.61519844,221,552400,552620,552489,0
552831,1559026903399583,71386208,0.59425728,211,552621,552831,552738,0
553069,1559026906400708,69469042,0.61129457,238,552832,553069,553016,0
553308,1559026906415250,70549083,0.60562089,239,553070,553308,553295,0
553479,1559026907130958,70629000,0.58043604,171,553309,553479,553374,0
553735,1559026907971083,70954042,0.60377393,256,553480,553735,553520,0
553885,1559026908729166,70829459,0.62713047,150,553736,553885,553836,0
553967,1559026908733250,71204125,0.6093607,82,553886,553967,553945,0
554160,1559026908931666,71860334,0.5839479,193,553968,554160,553972,0
554416,1559026909142125,72754083,0.65692913,256,554161,554416,554263,0
554672,1559026910791583,72215042,0.61805452,256,554417,554672,554465,0
554899,1559026911764833,72231167,0.62261602,227,554673,554899,554803,0
555089,1559026913690291,71136334,0.57629691,190,554900,555089,555030,0
555278,1559026913702833,71982708,0.61549548,189,555090,555278,555236,0
555475,1559026915434250,71099416,0.59284452,197,555279,555475,555433,0
555670,1559026917130166,70270584,0.59535012,195,555476,555670,555536,0
555807,1559026918316666,69729417,0.60383213,137,555671,555807,555690,0
556063,1559026919993875,69335416,0.58227665,256,555808,556063,556062,0
556319,1559026920006916,70315500,0.57086195,256,556064,556319,556064,0
556444,1559026920013208,70867500,0.59378722,125,556320,556444,556332,0
556574,1559026921135333,70303042,0.56336057,130,556445,556574,556467,0
556824,1559026922445750,70102458,0.62129146,250,556575,556824,556802,0
556951,1559026923521250,69583208,0.62494963,127,556825,556951,556835,0
557203,1559026923741875,70450916,0.59723363,252,556952,557203,557044,0
557459,1559026924917375,70453625,0.58792185,256,557204,557459,557302,0
557667,1559026925855416,70444209,0.61263605,208,557460,557667,557590,0
557852,1559026926914875,70203583,0.59954949,185,557668,557852,557720,0
558090,1559026928763958,69380458,0.61526841,238,557853,558090,557875,0
558293,1559026929433083,69577875,0.57430543,203,558091,558293,558290,0
558316,1559026929434208,69708208,0.60018103,23,558294,558316,558300,0
558332,1559026929435000,69787916,0.61289621,16,558317,558332,558324,0
558411,1559026929439000,70143166,0.58664847,79,558333,558411,558350,0
558571,1559026929853708,70477125,0.69292101,160,558412,558571,558558,0
558587,1559026929854500,70519125,0.6426057,16,558572,558587,558573,0
558603,1559026929855291,70601250,0.62522518,16,558588,558603,558601,0
558619,1559026929856125,70701083,0.59500802,16,558604,558619,558615,0
558635,1559026929856916,70772709,0.57497912,16,558620,558635,558625,0
558766,1559026929863458,71347333,0.59693152,131,558636,558766,558667,0
558937,1559026930595333,71460167,0.59034389,171,558767,558937,558883,0
558986,1559026930597791,71640625,0.55427947,49,558938,558986,558943,0
559040,1559026931383916,71138417,0.57075411,54,558987,559040,559005,0
559144,1559026931389125,71650791,0.62245042,104,559041,559144,559046,0
559311,1559026931610375,72096875,0.57668844,167,559145,559311,559171,0
559567,1559026931840958,73067125,0.59891146,256,559312,559567,559472,0
559787,1559026934150958,71867208,0.59348389,220,559568,559787,559762,0
559918,1559026935001916,71649250,0.59958757,131,559788,559918,559897,0
560067,1559026935009458,72251833,0.58000046,149,559919,560067,560050,0
560270,1559026935948666,72173459,0.55770293,203,560068,560270,560242,0
560526,1559026937067166,72217750,0.60133077,256,560271,560526,560289,0
560782,1559026939122791,71435084,0.63295032,256,560527,560782,560666,0
561038,1559026940323750,71501000,0.60153947,256,560783,561038,561002,0
561248,1559026941401125,71503000,0.59920349,210,561039,561248,561040,0
561448,1559026942457458,71420125,0.59158211,200,561249,561448,561373,0
561704,1559026943229416,71926417,0.64671385,256,561449,561704,561544,0
561960,1559026944365250,72074250,0.63386269,256,561705,561960,561875,0
561976,1559026944366041,72170500,0.60426512,16,561961,561976,561966,0
561992,1559026944366791,72246125,0.52578471,16,561977,561992,561989,0
562140,1559026944374291,72927042,0.5932298,148,561993,562140,562117,0
562300,1559026945092416,73018875,0.63753856,160,562141,562300,562260,0
562556,1559026947367291,72044167,0.59024547,256,562301,562556,562375,0
562707,1559026949524625,70642583,0.63687953,151,562557,562707,562655,0
562952,1559026952526416,68989209,0.60181328,245,562708,562952,562774,0
563076,1559026953707583,68363542,0.64143286,124,562953,563076,562978,0
563299,1559026956574041,66437292,0.57706709,223,563077,563299,563164,0
563543,1559026956728958,67361583,0.61257362,244,563300,563543,563429,0
563653,1559026956734500,67818375,0.57822341,110,563544,563653,563593,0
563823,1559026956806416,68518917,0.60967855,170,563654,563823,563686,0
563972,1559026957109291,68880459,0.59341199,149,563824,563972,563831,0
564167,1559026958486500,68436083,0.64639082,195,563973,564167,564021,0
564183,1559026958507916,68477167,0.5305742,16,564168,564183,564171,0
564376,1559026959641000,68232000,0.61029215,193,564184,564376,564207,0
564513,1559026959650916,68806292,0.62883106,137,564377,564513,564431,0
564763,1559026960277541,69297125,0.56860543,250,564514,564763,564630,0
564929,1559026961480375,68845750,0.56441215,166,564764,564929,564810,0
565122,1559026961491583,69818708,0.60762078,193,564930,565122,565012,0
565295,1559026962635041,69387625,0.61130886,173,565123,565295,565189,0
565503,1559026963592958,69315750,0.5750652,208,565296,565503,565347,0
565759,1559026964315625,69743166,0.58355571,256,565504,565759,565754,0
565957,1559026965242500,69702375,0.58718128,198,565760,565957,565933,0
566213,1559026967972291,68259000,0.61997599,256,565958,566213,566045,0
566351,1559026968433416,68372334,0.59053964,138,566214,566351,566343,0
566607,1559026968661791,69274292,0.63354144,256,566352,566607,566553,0
566863,1559026970110916,68973917,0.61653147,256,566608,566863,566699,0
567105,1559026970557500,69808833,0.56357814,242,566864,567105,566908,0
567288,1559026972388458,68792167,0.59877957,183,567106,567288,567263,0
567464,1559026972910041,69035209,0.60738056,176,567289,567464,567316,0
567650,1559026973882041,68887292,0.61848223,186,567465,567650,567567,0
567906,1559026974830250,69115625,0.5728344,256,567651,567906,567799,0
568162,1559026977038708,68123250,0.61213227,256,567907,568162,568026,0
568364,1559026978951208,67040667,0.59197516,202,568163,568364,568185,0
568582,1559026979599541,67380292,0.59319544,218,568365,568582,568469,0
568684,1559026980165958,67243375,0.56035767,102,568583,568684,568614,0
568901,1559026980982875,67430875,0.59242797,217,568685,568901,568764,0
569138,1559026981960500,67473291,0.59253761,237,568902,569138,569107,0
569244,1559026983063458,66830167,0.6337925,106,569139,569244,569185,0
569500,1559026984054375,66976750,0.62627704,256,569245,569500,569375,0
569756,1559026984918083,67218000,0.57674917,256,569501,569756,569699,0
569859,1559026985801333,66783417,0.58328891,103,569757,569859,569794,0
570082,1559026986612750,66960708,0.61252297,223,569860,570082,570042,0
570338,1559026987498458,67417792,0.63678324,256,570083,570338,570318,0
570379,1559026987500500,67853416,0.54759996,41,570339,570379,570361,0
570588,1559026988678583,67308667,0.61420734,209,570380,570588,570414,0
570794,1559026989294166,67630875,0.60904724,206,570589,570794,570774,0
570954,1559026989319166,68287792,0.5744922,160,570795,570954,570931,0
571206,1559026990950916,67748500,0.60613878,252,570955,571206,571059,0
571455,1559026991469500,68294666,0.59180814,249,571207,571455,571400,0
571655,1559026992614458,68070958,0.61424834,200,571456,571655,571517,0
571818,1559026993174916,68261292,0.59625723,163,571656,571818,571789,0
571924,1559026993180291,68714167,0.58037812,106,571819,571924,571915,0
572050,1559026994274750,68142333,0.60373505,126,571925,572050,572002,0
572293,1559026995430375,68084375,0.61460563,243,572051,572293,572272,0
572316,1559026995431541,68243959,0.53343172,23,572294,572316,572295,0
572423,1559026995438291,68688917,0.63025999,107,572317,572423,572376,0
572679,1559026997232500,68024333,0.66362755,256,572424,572679,572543,0
572889,1559026998191250,68215125,0.59566289,210,572680,572889,572887,0
573145,1559026999121875,68862791,0.62217051,256,572890,573145,572917,0
573401,1559026999310791,69862584,0.64805175,256,573146,573401,573382,0
573657,1559026999608250,70720166,0.60259417,256,573402,573657,573615,0
573913,1559027000340875,71399791,0.62971467,256,573658,573913,573773,0
574122,1559027000402750,72061458,0.6198063,209,573914,574122,573982,0
574330,1559027000496833,72852667,0.58066036,208,574123,574330,574261,0
574536,1559027000686583,73610542,0.62529003,206,574331,574536,574439,0
574736,1559027001258041,73890334,0.60866964,200,574537,574736,574643,0
574766,1559027001259500,74018708,0.62864922,30,574737,574766,574749,0
574861,1559027001264291,74422959,0.58913855,95,574767,574861,574808,0
575117,1559027002257208,74580125,0.62037311,256,574862,575117,575030,0
575222,1559027002262500,75032416,0.55518353,105,575118,575222,575129,0
575364,1559027002552875,75336583,0.55209246,142,575223,575364,575270,0
575592,1559027003019708,75899917,0.63898438,228,575365,575592,575524,0
575736,1559027003027000,76682958,0.60914251,144,575593,575736,575632,0
575802,1559027003775416,76139209,0.57661624,66,575737,575802,575762,0
576008,1559027004977500,75854166,0.60579449,206,575803,576008,575865,0
576264,1559027006806416,75138709,0.59432828,256,576009,576264,576156,0
576392,1559027007462375,75473791,0.56983826,128,576265,576392,576319,0
576562,1559027009342916,73937125,0.57141594,170,576393,576562,576495,0
576818,1559027010622541,73805667,0.58731305,256,576563,576818,576756,0
577001,1559027011888875,73344000,0.59258233,183,576819,577001,576966,0
577068,1559027011892500,73644625,0.63939749,67,577002,577068,577044,0
577084,1559027011893375,73740958,0.61651825,16,577069,577084,577074,0
577100,1559027011894250,73814833,0.55318249,16,577085,577100,577088,0
577255,1559027012978916,73404042,0.58810538,155,577101,577255,577125,0
577511,1559027013908541,73656500,0.63027226,256,577256,577511,577374,0
577700,1559027013921416,74673459,0.58755874,189,577512,577700,577610,0
577956,1559027015381333,74343083,0.56916369,256,577701,577956,577873,0
578081,1559027016482250,73779000,0.62146377,125,577957,578081,577982,0
578286,1559027016587500,74613125,0.60246461,205,578082,578286,578132,0
578470,1559027016681208,75338625,0.59872554,184,578287,578470,578429,0
578695,1559027017372875,75633916,0.59822397,225,578471,578695,578555,0
578875,1559027019434333,74346458,0.59446178,180,578696,578875,578809,0
579113,1559027020205625,74655125,0.61647809,238,578876,579113,579082,0
579244,1559027022012541,73452709,0.61940373,131,579114,579244,579121,0
579446,1559027022433583,73987083,0.61862896,202,579245,579446,579321,0
579642,1559027023195333,74121542,0.64121584,196,579447,579642,579528,0
579740,1559027024196416,73616667,0.58915033,98,579643,579740,579691,0
579910,1559027025355041,73219834,0.60850876,170,579741,579910,579793,0
580166,1559027026045416,73630209,0.59243858,256,579911,580166,580049,0
580422,1559027026970916,73951917,0.63755647,256,580167,580422,580220,0
580590,1559027027035125,74565833,0.60332944,168,580423,580590,580530,0
580753,1559027027867250,74474041,0.55736775,163,580591,580753,580625,0
580938,1559027028528041,74668834,0.6298314,185,580754,580938,580816,0
581097,1559027028536000,75339416,0.5681895,159,580939,581097,581068,0
581310,1559027032045500,72765000,0.58800449,213,581098,581310,581254,0
581551,1559027032967416,73196209,0.5797155,241,581311,581551,581501,0
581721,1559027034108541,72908917,0.58821582,170,581552,581721,581558,0
581977,1559027034996916,73198125,0.61040398,256,581722,581977,581805,0
582224,1559027036812958,72470625,0.6066355,247,581978,582224,582016,0
582464,1559027037966250,72387375,0.57977163,240,582225,582464,582353,0
582504,1559027037969500,72553500,0.54903925,40,582465,582504,582502,0
582757,1559027039436250,72246833,0.65932005,253,582505,582757,582599,0
583013,1559027041341500,71503541,0.59602317,256,582758,583013,582964,0
583181,1559027041349958,72319500,0.60274246,168,583014,583181,583133,0
583384,1559027042803166,71811250,0.59988771,203,583182,583384,583364,0
583550,1559027043993208,71344708,0.59365443,166,583385,583550,583546,0
583629,1559027044006875,71846125,0.61212021,79,583551,583629,583568,0
583825,1559027045148125,71549125,0.6686183,196,583630,583825,583692,0
584018,1559027047042666,70462875,0.56468519,193,583826,584018,583867,0
584274,1559027047456750,71220791,0.61662286,256,584019,584274,584199,0
584413,1559027047463750,71876583,0.64193169,139,584275,584413,584347,0
584578,1559027048396833,71681458,0.56950513,165,584414,584578,584506,0
584678,1559027048401791,72131459,0.58499298,100,584579,584678,584588,0
584865,1559027049941500,72452125,0.58175114,187,584679,584865,584783,0
585072,1559027051056875,71340541,0.6016676,207,584866,585072,585064,0
585233,1559027052163291,70941459,0.592464,161,585073,585233,585123,0
585484,1559027052610708,71622000,0.61858467,251,585234,585484,585336,0
585634,1559027052618291,72267000,0.58407239,150,585485,585634,585503,0
585731,1559027053612208,71728083,0.59487259,97,585635,585731,585695,0
585933,1559027055620250,70620708,0.57453155,202,585732,585933,585774,0
586189,1559027055642375,71731416,0.58325845,256,585934,586189,586087,0
586391,1559027056064000,72185208,0.57110776,202,586190,586391,586261,0
586626,1559027057663166,71634875,0.62981849,235,586392,586626,586568,0
586751,1559027057669458,72184875,0.57381751,125,586627,586751,586640,0
586987,1559027058786833,72156042,0.61250639,236,586752,586987,586967,0
587243,1559027059796791,72667084,0.65859587,256,586988,587243,587048,0
587445,1559027060720083,72522583,0.60433851,202,587244,587445,587327,0
587682,1559027061935416,72367167,0.60328128,237,587446,587682,587525,0
587829,1559027062434458,72542167,0.58603592,147,587683,587829,587736,0
588067,1559027063614000,72413750,0.58117719,238,587830,588067,588034,0
588263,1559027063694791,73193334,0.6051523,196,588068,588263,588138,0
588319,1559027063698666,73444000,0.5701834,56,588264,588319,588306,0
588370,1559027063701166,73696584,0.60298794,51,588320,588370,588341,0
588446,1559027064155625,73570166,0.60204624,76,588371,588446,588401,0
588563,1559027065333083,72989917,0.56066409,117,588447,588563,588554,0
588819,1559027067954375,71507833,0.59933504,256,588564,588819,588796,0
588989,1559027069261708,70977875,0.61451882,170,588820,588989,588947,0
589245,1559027070322583,71047750,0.64303692,256,588990,589245,589078,0
589407,1559027072427041,69662125,0.57807864,162,589246,589407,589335,0
589661,1559027072607041,70605834,0.61402743,254,589408,589661,589611,0
589880,1559027074330583,69879208,0.59535371,219,589662,589880,589827,0
589939,1559027074333500,70154583,0.57895925,59,589881,589939,589927,0
590161,1559027075204708,70315708,0.61915101,222,589940,590161,589963,0
590244,1559027075217458,70695042,0.57221192,83,590162,590244,590226,0
590425,1559027075346625,71477333,0.61467062,181,590245,590425,590317,0
590595,1559027075778750,71896291,0.59832341,170,590426,590595,590499,0
590716,1559027075784791,72537625,0.57762067,121,590596,590716,590641,0
590875,1559027077308291,71831750,0.5910827,159,590717,590875,590815,0
590981,1559027077315750,72298125,0.60441898,106,590876,590981,590906,0
591141,1559027077902250,72496833,0.60027493,160,590982,591141,591111,0
591331,1559027077911833,73441833,0.61028263,190,591142,591331,591281,0
591515,1559027078964041,73332250,0.66421782,184,591332,591515,591410,0
591653,1559027079606083,73372000,0.61290356,138,591516,591653,591574,0
591755,1559027079611208,73868583,0.60278975,102,591654,591755,591713,0
591969,1559027080837000,73899291,0.64918656,214,591756,591969,591800,0
592191,1559027082126125,73782375,0.59092323,222,591970,592191,592037,0
592323,1559027082132666,74433834,0.59030164,132,592192,592323,592263,0
592579,1559027085281208,72581167,0.65669599,256,592324,592579,592546,0
592595,1559027085282125,72655416,0.63011053,16,592580,592595,592582,0
592611,1559027085283125,72775458,0.60953219,16,592596,592611,592608,0
592627,1559027085284041,72855167,0.56683029,16,592612,592627,592617,0
592703,1559027085566750,72945958,0.63442299,76,592628,592703,592633,0
592761,1559027085569625,73180166,0.54975996,58,592704,592761,592734,0
592968,1559027085656791,74020042,0.59736265,207,592762,592968,592835,0
593224,1559027085757041,75093500,0.62120374,256,592969,593224,593029,0
593480,1559027086435291,75599709,0.60772612,256,593225,593480,593425,0
593522,1559027087569416,74652834,0.60193256,42,593481,593522,593481,0
593651,1559027087589750,75222791,0.57006598,129,593523,593651,593623,0
593723,1559027087593375,75554333,0.57819875,72,593652,593723,593714,0
593827,1559027089092875,74514458,0.55917741,104,593724,593827,593756,0
594044,1559027090312791,74318750,0.62012724,217,593828,594044,593966,0
594300,1559027091240333,74529667,0.62712254,256,594045,594300,594281,0
594521,1559027092074500,74710500,0.60192367,221,594301,594521,594373,0
594777,1559027093805375,74142125,0.59939127,256,594522,594777,594578,0
595018,1559027095486291,73545625,0.62206653,241,594778,595018,594923,0
595226,1559027096598791,73362875,0.62019624,208,595019,595226,595197,0
595400,1559027097355666,73404292,0.62414991,174,595227,595400,595367,0
595601,1559027097805125,73975416,0.62464416,201,595401,595601,595509,0
595635,1559027098656625,73428875,0.5783423,34,595602,595635,595602,0
595871,1559027100861000,72041333,0.57558784,236,595636,595871,595683,0
595922,1559027100863541,72294709,0.53749776,51,595872,595922,595915,0
596122,1559027102008916,72005625,0.63017868,200,595923,596122,596085,0
596340,1559027102361500,72619750,0.57751257,218,596123,596340,596337,0
596524,1559027103234250,72607125,0.61242889,184,596341,596524,596400,0
596780,1559027107125958,69846250,0.59227937,256,596525,596780,596660,0
597036,1559027109307958,68802917,0.59442219,256,596781,597036,596912,0
597205,1559027110383583,68477000,0.63125636,169,597037,597205,597204,0
597221,1559027110384375,68557041,0.5611185,16,597206,597221,597206,0
597303,1559027110388500,68937916,0.63925784,82,597222,597303,597231,0
597454,1559027110656958,69356667,0.61598194,151,597304,597454,597317,0
597658,1559027112921500,68016791,0.58870569,204,597455,597658,597567,0
597867,1559027114598208,67297917,0.61103145,209,597659,597867,597792,0
598112,1559027115371375,67753416,0.61090879,245,597868,598112,598079,0
598220,1559027115923583,67618333,0.59589135,108,598113,598220,598153,0
598466,1559027116700208,67916292,0.61692627,246,598221,598466,598449,0
598570,1559027116705458,68401583,0.59304753,104,598467,598570,598479,0
598775,1559027117554833,68465167,0.59929395,205,598571,598775,598638,0
598845,1559027117558291,68750500,0.57751384,70,598776,598845,598785,0
599049,1559027118773291,68447209,0.64087453,204,598846,599049,598872,0
599076,1559027118774791,68566042,0.4995355,27,599050,599076,599068,0
599318,1559027119369708,69017875,0.6315689,242,599077,599318,599100,0
599574,1559027120602958,68925625,0.61522731,256,599319,599574,599562,0
599619,1559027120605666,69140667,0.63829549,45,599575,599619,599582,0
599635,1559027120606583,69222083,0.51897098,16,599620,599635,599625,0
599825,1559027122468208,68237250,0.62853484,190,599636,599825,599785,0
599982,1559027123135208,68278083,0.5970506,157,599826,599982,599975,0
600040,1559027124289791,67372750,0.60755528,58,599983,600040,599992,0
600118,1559027124293750,67745208,0.59831643,78,600041,600118,600071,0
600223,1559027124936041,67603500,0.60530327,105,600119,600223,600165,0
600470,1559027125385416,68249459,0.60754791,247,600224,600470,600431,0
600697,1559027126285041,68427209,0.62263458,227,600471,600697,600529,0
600915,1559027127474541,68237667,0.60779822,218,600698,600915,600800,0
601171,1559027128359791,68539542,0.60230919,256,600916,601171,600956,0
601391,1559027129910083,67991167,0.63330478,220,601172,601391,601378,0
601536,1559027131099625,67480583,0.62107006,145,601392,601536,601418,0
601792,1559027133283750,66483458,0.64410942,256,601537,601792,601775,0
601870,1559027133287666,66858125,0.56726176,78,601793,601870,601858,0
601990,1559027134393958,66315625,0.59444516,120,601871,601990,601939,0
602225,1559027135102416,66751334,0.6023155,235,601991,602225,602198,0
602442,1559027136155666,66628750,0.59392582,217,602226,602442,602393,0
602678,1559027137176166,66765000,0.6397648,236,602443,602678,602632,0
602911,1559027137407958,67807083,0.63364895,233,602679,602911,602719,0
603163,1559027138683833,67677417,0.60877202,252,602912,603163,602968,0
603339,1559027139458916,67694667,0.61318985,176,603164,603339,603213,0
603404,1559027139462250,68039875,0.62750057,65,603340,603404,603340,0
603631,1559027140319291,68242084,0.63772835,227,603405,603631,603564,0
603764,1559027143261625,65889041,0.61225154,133,603632,603764,603693,0
603908,1559027143280041,66540625,0.60141272,144,603765,603908,603780,0
604131,1559027144626583,66217792,0.64164905,223,603909,604131,603983,0
604361,1559027146826541,65112209,0.64319282,230,604132,604361,604236,0
604557,1559027146837208,65988208,0.60900428,196,604362,604557,604495,0
604813,1559027148310916,65699584,0.63325526,256,604558,604813,604770,0
605009,1559027148321541,66559292,0.63732299,196,604814,605009,604909,0
605206,1559027149099833,66675083,0.574203,197,605010,605206,605132,0
605319,1559027149653750,66697583,0.59443301,113,605207,605319,605257,0
605447,1559027149660625,67248416,0.64122953,128,605320,605447,605392,0
605637,1559027151536000,66339958,0.62660174,190,605448,605637,605570,0
605798,1559027151545333,67012083,0.64987984,161,605638,605798,605685,0
606054,1559027153040875,66670500,0.60605493,256,605799,606054,605837,0
606310,1559027153602416,67313375,0.65296432,256,606055,606310,606301,0
606332,1559027155207250,65821000,0.63426197,22,606311,606332,606311,0
606348,1559027155220541,65920834,0.62393145,16,606333,606348,606345,0
606470,1559027155227583,66443333,0.57621968,122,606349,606470,606453,0
606701,1559027155957500,66850666,0.61340293,231,606471,606701,606526,0
606774,1559027155961500,67172833,0.64018076,73,606702,606774,606720,0
607005,1559027156601958,67650292,0.62623433,231,606775,607005,606952,0
607139,1559027157921041,66928250,0.63829761,134,607006,607139,607086,0
607395,1559027158012958,68018750,0.59043634,256,607140,607395,607340,0
607650,1559027158145250,69118791,0.61976185,255,607396,607650,607469,0
607757,1559027158568458,69172000,0.58665878,107,607651,607757,607746,0
607934,1559027158831125,69784541,0.64076093,177,607758,607934,607886,0
608190,1559027159778625,69985083,0.60188761,256,607935,608190,608135,0
608446,1559027161273666,69674875,0.64467236,256,608191,608446,608411,0
608570,1559027162072875,69444625,0.61130411,124,608447,608570,608568,0
608586,1559027162073708,69535583,0.59548323,16,608571,608586,608576,0
608612,1559027162075083,69654833,0.57333524,26,608587,608612,608600,0
608868,1559027162272500,70690750,0.62364927,256,608613,608868,608705,0
609124,1559027163234833,70960500,0.67610459,256,608869,609124,609061,0
609144,1559027163235833,71011708,0.60968774,20,609125,609144,609125,0
609311,1559027163653875,71405750,0.61145127,167,609145,609311,609239,0
609533,1559027164652333,71412667,0.64185669,222,609312,609533,609531,0
609549,1559027165874375,70285333,0.61218954,16,609534,609549,609547,0
609565,1559027165875166,70377750,0.63188469,16,609550,609565,609553,0
609581,1559027165875958,70437917,0.53284677,16,609566,609581,609573,0
609783,1559027166873291,70339334,0.59322286,202,609582,609783,609671,0
610016,1559027167963958,70674417,0.60819544,233,609784,610016,609835,0
610159,1559027169855750,69525875,0.58116441,143,610017,610159,610078,0
610356,1559027169865833,70399125,0.60853292,197,610160,610356,610172,0
610514,1559027172210583,68809917,0.62492758,158,610357,610514,610455,0
610643,1559027172218041,69404834,0.65325771,129,610515,610643,610628,0
610659,1559027172218958,69496667,0.54957731,16,610644,610659,610652,0
610675,1559027172219875,69568833,0.67894507,16,610660,610675,610670,0
610787,1559027172226375,70079625,0.59033335,112,610676,610787,610778,0
610933,1559027173173583,69830000,0.60293968,146,610788,610933,610874,0
611131,1559027174123833,69860125,0.62888831,198,610934,611131,611130,0
611147,1559027174124625,69904333,0.64961557,16,611132,611147,611141,0
611163,1559027174125458,69964667,0.60670492,16,611148,611163,611152,0
611293,1559027175045500,69653958,0.61990471,130,611164,611293,611164,0
611549,1559027175885916,69993459,0.65605684,256,611294,611549,611445,0
611805,1559027177063375,70001458,0.63862436,256,611550,611805,611769,0
611984,1559027178520958,69410792,0.61520012,179,611806,611984,611924,0
612240,1559027178920458,70258500,0.64809905,256,611985,612240,612177,0
612258,1559027178921416,70327459,0.60487272,18,612241,612258,612258,0
612280,1559027178922500,70454583,0.59843965,22,612259,612280,612269,0
612324,1559027178993458,70563792,0.61243982,44,612281,612324,612291,0
612378,1559027178996625,70862625,0.60094351,54,612325,612378,612345,0
612634,1559027179367833,71686125,0.61548058,256,612379,612634,612614,0
612837,1559027181946458,70058167,0.59944774,203,612635,612837,612746,0
613093,1559027183093041,70162084,0.64472019,256,612838,613093,613083,0
613294,1559027184724041,69511292,0.6103563,201,613094,613294,613170,0
613537,1559027185177000,70670083,0.60813703,243,613295,613537,613493,0
613605,1559027185196875,71065583,0.6762325,68,613538,613605,613542,0
613655,1559027186397458,70054750,0.62823744,50,613606,613655,613626,0
613671,1559027187306750,69218750,0.5566697,16,613656,613671,613661,0
613827,1559027187407583,69861292,0.59521602,156,613672,613827,613768,0
614063,1559027188440791,69840750,0.63039284,236,613828,614063,613973,0
614299,1559027189811791,69588292,0.65093792,236,614064,614299,614183,0
614534,1559027189900541,70565167,0.61951663,235,614300,614534,614506,0
614669,1559027190749833,70351708,0.57141395,135,614535,614669,614569,0
614900,1559027192656708,69491833,0.60176922,231,614670,614900,614706,0
615108,1559027193690083,69438542,0.62239543,208,614901,615108,615087,0
615238,1559027194776333,68911542,0.62346011,130,615109,615238,615153,0
615394,1559027197965583,66441208,0.62318861,156,615239,615394,615354,0
615595,1559027197977666,67389167,0.60631253,201,615395,615595,615412,0
615709,1559027198609541,67296334,0.5983163,114,615596,615709,615687,0
615862,1559027198617208,68009583,0.60674639,153,615710,615862,615743,0
616118,1559027200209125,67571333,0.59356166,256,615863,616118,616042,0
616374,1559027201913875,67026416,0.62176583,256,616119,616374,616319,0
616621,1559027205840583,64309792,0.67761214,247,616375,616621,616606,0
616637,1559027205841375,64365000,0.61553055,16,616622,616637,616632,0
616653,1559027205842166,64460250,0.59797442,16,616638,616653,616650,0
616836,1559027206405416,64886834,0.582646,183,616654,616836,616675,0
617052,1559027207210708,65158083,0.63351258,216,616837,617052,616970,0
617143,1559027207215291,65580625,0.59799253,91,617053,617143,617104,0
617374,1559027207558916,66324000,0.6318691,231,617144,617374,617349,0
617491,1559027208575208,65867333,0.61632936,117,617375,617491,617400,0
617743,1559027209899541,65770459,0.60372303,252,617492,617743,617572,0
617813,1559027211961458,63993625,0.5882785,70,617744,617813,617751,0
618012,1559027212910958,63999500,0.58486997,199,617814,618012,617928,0
618150,1559027212988375,64621875,0.59024759,138,618013,618150,618099,0
618393,1559027214073166,64614834,0.59034687,243,618151,618393,618390,0
618409,1559027214918833,63821083,0.55699863,16,618394,618409,618403,0
618567,1559027214929916,64543459,0.62271564,158,618410,618567,618538,0
618823,1559027216374666,64323042,0.68728591,256,618568,618823,618577,0
619036,1559027216932416,64776042,0.61264445,213,618824,619036,618860,0
619205,1559027217885666,64608834,0.60049282,169,619037,619205,619088,0
619431,1559027218661541,64892625,0.61710258,226,619206,619431,619209,0
619687,1559027219759416,64989667,0.6286582,256,619432,619687,619592,0
619925,1559027221120708,64742167,0.6453923,238,619688,619925,619761,0
619957,1559027221122583,64916583,0.63490297,32,619926,619957,619931,0
620115,1559027221202791,65541542,0.58354475,158,619958,620115,620090,0
620238,1559027222400666,64952750,0.598356,123,620116,620238,620229,0
620254,1559027222401500,65018791,0.61071043,16,620239,620254,620244,0
620335,1559027222405541,65416959,0.6416423,81,620255,620335,620262,0
620543,1559027222817666,65968584,0.60697028,208,620336,620543,620435,0
620689,1559027222825083,66673125,0.62430912,146,620544,620689,620661,0
620775,1559027224873125,65073583,0.63129476,86,620690,620775,620723,0
620964,1559027226116250,64594208,0.62201745,189,620776,620964,620885,0
621153,1559027227326250,64224958,0.64913662,189,620965,621153,621021,0
621382,1559027227855541,64755959,0.64973736,229,621154,621382,621379,0
621398,1559027227856375,64844125,0.63136751,16,621383,621398,621383,0
621414,1559027227857166,64915500,0.61705484,16,621399,621414,621404,0
621469,1559027227859916,65186125,0.55190295,55,621415,621469,621417,0
621725,1559027230199083,64046250,0.58835701,256,621470,621725,621724,0
621901,1559027231002750,64149208,0.61284035,176,621726,621901,621740,0
622157,1559027231675000,65055708,0.64470687,256,621902,622157,622057,0
622405,1559027231816333,66178417,0.59847605,248,622158,622405,622228,0
622519,1559027234223083,64388125,0.63934525,114,622406,622519,622519,0
622775,1559027234316500,65604041,0.68487594,256,622520,622775,622573,0
623031,1559027235128916,66133375,0.60635518,256,622776,623031,622827,0
623237,1559027236119791,66251084,0.63492915,206,623032,623237,623095,0
623493,1559027236197375,67471041,0.64038003,256,623238,623493,623424,0
623694,1559027236281083,68521792,0.60458498,201,623494,623694,623626,0
623903,1559027236396208,69393583,0.59896902,209,623695,623903,623733,0
624115,1559027238687416,68063584,0.61138184,212,623904,624115,623938,0
624326,1559027240082083,67605875,0.57218914,211,624116,624326,624261,0
624476,1559027241720875,66671291,0.62098797,150,624327,624476,624466,0
624548,1559027241724541,66974000,0.59808108,72,624477,624548,624491,0
624776,1559027241804166,67974542,0.62856775,228,624549,624776,624618,0
624888,1559027242350625,67914500,0.59053032,112,624777,624888,624870,0
625022,1559027242357375,68541666,0.59013306,134,624889,625022,624920,0
625278,1559027244005958,68084000,0.64044553,256,625023,625278,625223,0
625421,1559027244013166,68751292,0.59338657,143,625279,625421,625400,0
625677,1559027245925750,68063750,0.62097953,256,625422,625677,625488,0
625846,1559027247732416,67013834,0.59937517,169,625678,625846,625735,0
626000,1559027247937708,67500625,0.60027526,154,625847,626000,625892,0
626016,1559027247938625,67606041,0.60962017,16,626001,626016,626008,0
626044,1559027247940250,67718208,0.56337285,28,626017,626044,626017,0
626283,1559027249176208,67568208,0.60111605,239,626045,626283,626149,0
626451,1559027249186208,68359250,0.61720247,168,626284,626451,626347,0
626707,1559027249417500,69390833,0.64102501,256,626452,626707,626538,0
626963,1559027249606291,70319667,0.58298577,256,626708,626963,626939,0
627219,1559027249867541,71225709,0.59691529,256,626964,627219,627134,0
627475,1559027251078375,71308750,0.6443855,256,627220,627475,627259,0
627660,1559027252068666,71109709,0.65614144,185,627476,627660,627559,0
627801,1559027253289541,70516209,0.57842803,141,627661,627801,627773,0
628057,1559027254243458,70787750,0.61891241,256,627802,628057,628054,0
628191,1559027254250208,71343042,0.6332931,134,628058,628191,628081,0
628362,1559027255876000,70469541,0.58710934,171,628192,628362,628196,0
628492,1559027256229000,70702625,0.58076314,130,628363,628492,628452,0
628587,1559027256518750,70855333,0.60331849,95,628493,628587,628493,0
628821,1559027256577625,71872500,0.61998326,234,628588,628821,628701,0
629059,1559027258335833,71298333,0.65400459,238,628822,629059,629035,0
629315,1559027259426250,71485000,0.6237523,256,629060,629315,629134,0
629491,1559027260543750,71130083,0.57439143,176,629316,629491,629387,0
629642,1559027261190750,71184333,0.6458288,151,629492,629642,629599,0
629803,1559027262292958,71361667,0.59749237,161,629643,629803,629752,0
629987,1559027263223458,70728083,0.57496355,184,629804,629987,629961,0
630118,1559027264457541,70090375,0.597402,131,629988,630118,630061,0
630374,1559027265378375,70292000,0.61188899,256,630119,630374,630235,0
630630,1559027266656291,70189375,0.66563199,256,630375,630630,630416,0
630886,1559027267816416,70189917,0.61303204,256,630631,630886,630869,0
631093,1559027269029416,69991792,0.59416986,207,630887,631093,631039,0
631188,1559027269035041,70355209,0.60281846,95,631094,631188,631136,0
631421,1559027270282000,70258291,0.59442221,233,631189,631421,631299,0
631592,1559027270465458,70769958,0.57155643,171,631422,631592,631591,0
631809,1559027270478041,71740500,0.59648675,217,631593,631809,631707,0
631981,1559027271372750,71617958,0.59384777,172,631810,631981,631879,0
632173,1559027272585583,71368375,0.65585927,192,631982,632173,632050,0
632429,1559027272806250,72416250,0.63750405,256,632174,632429,632395,0
632609,1559027274473291,71737125,0.54946415,180,632430,632609,632482,0
632865,1559027275660250,72615125,0.65071636,256,632610,632865,632698,0
633117,1559027275991250,72426375,0.59603534,252,632866,633117,632882,0
633373,1559027276978708,72577542,0.62639294,256,633118,633373,633314,0
633622,1559027278727291,71928250,0.59937858,249,633374,633622,633439,0
633777,1559027278810416,72537625,0.61854913,155,633623,633777,633631,0
633936,1559027279554333,72481000,0.59637254,159,633778,633936,633899,0
634192,1559027280748666,72594709,0.6080745,256,633937,634192,633995,0
634403,1559027281831125,72413833,0.63534921,211,634193,634403,634202,0
634635,1559027282537708,72806917,0.59496119,232,634404,634635,634459,0
634687,1559027282540333,73244667,0.59199943,52,634636,634687,634650,0
634857,1559027283599958,72692208,0.58953778,170,634688,634857,634711,0
635113,1559027284789916,72660000,0.62598071,256,634858,635113,634911,0
635369,1559027286084041,72493792,0.62042115,256,635114,635369,635310,0
635606,1559027286807666,72799584,0.6007891,237,635370,635606,635384,0
635778,1559027287445125,72904916,0.60044824,172,635607,635778,635687,0
635951,1559027287541375,73653166,0.60120333,173,635779,635951,635916,0
636156,1559027287841583,74338958,0.62258164,205,635952,636156,636031,0
636263,1559027287847000,74802250,0.61672773,107,636157,636263,636177,0
636326,1559027288808875,74131958,0.58956175,63,636264,636326,636271,0
636495,1559027288831541,74942000,0.63793373,169,636327,636495,636484,0
636581,1559027289611041,74534584,0.56634498,86,636496,636581,636552,0
636819,1559027289962125,75319541,0.65676825,238,636582,636819,636807,0
636978,1559027290811916,75195125,0.58900255,159,636820,636978,636941,0
637163,1559027290821333,76022083,0.65068601,185,636979,637163,637136,0
637285,1559027291581375,75855666,0.61783429,122,637164,637285,637251,0
637463,1559027291590375,76655750,0.65469798,178,637286,637463,637363,0
637588,1559027292686000,76107666,0.63176897,125,637464,637588,637523,0
637700,1559027292692750,76599208,0.55779443,112,637589,637700,637636,0
637875,1559027292840708,77275833,0.61766377,175,637701,637875,637852,0
637938,1559027292843916,77538459,0.59563738,63,637876,637938,637928,0
638092,1559027293031583,78042667,0.58513977,154,637939,638092,637967,0
638278,1559027293042625,79012208,0.59642016,186,638093,638278,638174,0
638446,1559027294310958,78564958,0.59249444,168,638279,638446,638446,0
638501,1559027295154000,77946000,0.58492042,55,638447,638501,638495,0
638533,1559027295155708,78077792,0.58815758,32,638502,638533,638530,0
638619,1559027295160375,78466208,0.66309834,86,638534,638619,638535,0
638875,1559027298032208,76758792,0.61057383,256,638620,638875,638830,0
639131,1559027298629916,77300750,0.59880173,256,638876,639131,638927,0
639387,1559027300009458,77045708,0.60759245,256,639132,639387,639191,0
639643,1559027301364291,76831459,0.65781552,256,639388,639643,639424,0
639824,1559027302409166,76606084,0.63380544,181,639644,639824,639704,0
639994,1559027303747541,75998750,0.59752637,170,639825,639994,639856,0
640199,1559027304870958,75826875,0.60113956,205,639995,640199,640093,0
640444,1559027307832000,73977708,0.62129579,245,640200,640444,640357,0
640546,1559027307837166,74395125,0.57520302,102,640445,640546,640514,0
640693,1559027308719500,74182583,0.62064396,147,640547,640693,640657,0
640810,1559027308726458,74665042,0.59170674,117,640694,640810,640727,0
641066,1559027309807833,74700125,0.60302827,256,640811,641066,640880,0
641288,1559027310923750,74610791,0.60785975,222,641067,641288,641179,0
641544,1559027312152333,74630125,0.61596974,256,641289,641544,641397,0
641605,1559027312836000,74230041,0.55640944,61,641545,641605,641553,0
641861,1559027314812416,73703542,0.56519687,256,641606,641861,641775,0
642047,1559027315543666,73735459,0.62374666,186,641862,642047,641951,0
642269,1559027315804583,74406125,0.6010083,222,642048,642269,642117,0
642525,1559027316824333,74510500,0.58368317,256,642270,642525,642310,0
642707,1559027319986625,72145875,0.58232311,182,642526,642707,642585,0
642843,1559027321215041,71509917,0.6099363,136,642708,642843,642804,0
642937,1559027321219750,71956791,0.57872117,94,642844,642937,642873,0
643073,1559027322490250,71334000,0.60861314,136,642938,643073,642938,0
643273,1559027323224416,71558459,0.60607571,200,643074,643273,643247,0
643315,1559027323226500,71793458,0.61528807,42,643274,643315,643281,0
643368,1559027323229166,72043000,0.58069453,53,643316,643368,643339,0
643624,1559027323864625,72748125,0.60228561,256,643369,643624,643523,0
643880,1559027325066500,72789375,0.65134198,256,643625,643880,643862,0
644059,1559027325686875,73020125,0.54998836,179,643881,644059,643974,0
644265,1559027326416041,73359000,0.62799196,206,644060,644265,644136,0
644521,1559027326988958,73984667,0.64382915,256,644266,644521,644454,0
644777,1559027328443375,73798583,0.61922696,256,644522,644777,644668,0
644956,1559027330954750,72137833,0.60329803,179,644778,644956,644799,0
645212,1559027331791666,72497750,0.62816033,256,644957,645212,645159,0
645468,1559027332397541,73018250,0.57488227,256,645213,645468,645390,0
645692,1559027333158291,73273959,0.64913908,224,645469,645692,645529,0
645859,1559027334082250,73083458,0.59932455,167,645693,645859,645820,0
646061,1559027334586291,73493750,0.58963899,202,645860,646061,645982,0
646077,1559027334587083,73566958,0.53059912,16,646062,646077,646069,0
646243,1559027335765625,73133625,0.61677297,166,646078,646243,646227,0
646347,1559027335770791,73603875,0.65642894,104,646244,646347,646328,0
646487,1559027336971791,73040959,0.59803943,140,646348,646487,646352,0
646652,1559027338326291,72433750,0.61479246,165,646488,646652,646554,0
646765,1559027338332875,72933250,0.58687898,113,646653,646765,646724,0
646924,1559027339193375,72775916,0.55178688,159,646766,646924,646795,0
647142,1559027340523250,72418000,0.59135754,218,646925,647142,647140,0
647273,1559027341365000,72156083,0.60889053,131,647143,647273,647192,0
647529,1559027343945666,70749625,0.63722307,256,647274,647529,647528,0
647785,1559027345177541,70668875,0.6789547,256,647530,647785,647564,0
647945,1559027345185500,71349416,0.574897,160,647786,647945,647829,0
648201,1559027347334041,70362625,0.62730144,256,647946,648201,647963,0
648316,1559027347373791,70833417,0.57473111,115,648202,648316,648260,0
648571,1559027348370041,70958167,0.64256733,255,648317,648571,648558,0
648827,1559027349526666,70977125,0.62837244,256,648572,648827,648738,0
648843,1559027349527458,71056917,0.61037447,16,648828,648843,648830,0
648859,1559027349528250,71139375,0.58086085,16,648844,648859,648848,0
648945,1559027350862208,70185167,0.5982365,86,648860,648945,648934,0
649090,1559027351349666,70400459,0.59210864,145,648946,649090,649019,0
649243,1559027351357375,71056291,0.60359799,153,649091,649243,649210,0
649499,1559027352077166,71506792,0.58793211,256,649244,649499,649267,0
649642,1559027353355333,70829875,0.56453933,143,649500,649642,649549,0
649898,1559027354298083,71038292,0.59659302,256,649643,649898,649648,0
650154,1559027355563000,70915208,0.61424866,256,649899,650154,650051,0
650357,1559027357513916,69887709,0.62930165,203,650155,650357,650343,0
650507,1559027358620375,69445708,0.56470256,150,650358,650507,650367,0
650735,1559027359760875,69352125,0.58270619,228,650508,650735,650654,0
650945,1559027361230416,68817500,0.58112582,210,650736,650945,650827,0
651197,1559027362181583,69037333,0.62488011,252,650946,651197,650957,0
651321,1559027362679041,69104625,0.57593519,124,651198,651321,651231,0
651403,1559027363011958,69124125,0.58236464,82,651322,651403,651396,0
651461,1559027363017250,69408583,0.57055229,58,651404,651461,651419,0
651615,1559027363039958,70053625,0.62010245,154,651462,651615,651578,0
651794,1559027363744166,70193459,0.61426755,179,651616,651794,651636,0
651887,1559027364194875,70136416,0.61091659,93,651795,651887,651830,0
652143,1559027365444625,70035083,0.59584126,256,651888,652143,652094,0
652399,1559027365991375,70630000,0.60658991,256,652144,652399,652213,0
652620,1559027366906125,70717583,0.61519844,221,652400,652620,652489,0
652831,1559027367411083,71171292,0.59425728,211,652621,652831,652738,0
653069,1559027370155500,69458083,0.61129457,238,652832,653069,653016,0
653308,1559027370467708,70197292,0.60562089,239,653070,653308,653295,0
653479,1559027371116666,70270042,0.58043604,171,653309,653479,653374,0
653735,1559027372135500,70404708,0.60377393,256,653480,653735,653520,0
653885,1559027372865916,70415917,0.62713047,150,653736,653885,653836,0
653967,1559027372870041,70792500,0.6093607,82,653886,653967,653945,0
654160,1559027373178666,71429000,0.5839479,193,653968,654160,653972,0
654416,1559027373359500,72415625,0.65692913,256,654161,654416,654263,0
654672,1559027374824625,72146416,0.61805452,256,654417,654672,654465,0
654899,1559027376108541,71902792,0.62261602,227,654673,654899,654803,0
655089,1559027377141458,71763417,0.57629691,190,654900,655089,655030,0
655278,1559027377151000,72626541,0.61549548,189,655090,655278,655236,0
655475,1559027379052541,71665667,0.59284452,197,655279,655475,655433,0
655670,1559027380760958,70877917,0.59535012,195,655476,655670,655536,0
655807,1559027381849791,70429959,0.60383213,137,655671,655807,655690,0
656063,1559027382969875,70450500,0.58227665,256,655808,656063,656062,0
656319,1559027383447708,71070583,0.57086195,256,656064,656319,656064,0
656444,1559027383455291,71723000,0.59378722,125,656320,656444,656332,0
656574,1559027384554083,71209833,0.56336057,130,656445,656574,656467,0
656824,1559027385567291,71405167,0.62129146,250,656575,656824,656802,0
656951,1559027386865875,70587333,0.62494963,127,656825,656951,656835,0
657203,1559027387118750,71357833,0.59723363,252,656952,657203,657044,0
657459,1559027388584375,71016750,0.58792185,256,657204,657459,657302,0
657667,1559027389240625,71282750,0.61263605,208,657460,657667,657590,0
657852,1559027390341625,71015833,0.59954949,185,657668,657852,657720,0
658090,1559027392164708,70225917,0.61526841,238,657853,658090,657875,0
658293,1559027393140041,70133250,0.57430543,203,658091,658293,658290,0
658316,1559027393141333,70233292,0.60018103,23,658294,658316,658300,0
658332,1559027393142166,70311334,0.61289621,16,658317,658332,658324,0
658411,1559027393146583,70654208,0.58664847,79,658333,658411,658350,0
658571,1559027393316958,71222958,0.69292101,160,658412,658571,658558,0
658587,1559027393317875,71316458,0.6426057,16,658572,658587,658573,0
658603,1559027393318791,71384042,0.62522518,16,658588,658603,658601,0
658619,1559027393319708,71475542,0.59500802,16,658604,658619,658615,0
658635,1559027393320625,71639125,0.57497912,16,658620,658635,658625,0
658766,1559027393328125,72552708,0.59693152,131,658636,658766,658667,0
658937,1559027393829833,73127542,0.59034389,171,658767,658937,658883,0
658986,1559027393832833,73430333,0.55427947,49,658938,658986,658943,0
659040,1559027394865125,72732333,0.57075411,54,658987,659040,659005,0
659144,1559027394870833,73397583,0.62245042,104,659041,659144,659046,0
659311,1559027395052041,74104875,0.57668844,167,659145,659311,659171,0
659567,1559027395351000,74960791,0.59891146,256,659312,659567,659472,0
659787,1559027397935333,73319083,0.59348389,220,659568,659787,659762,0
659918,1559027398733208,73116667,0.59958757,131,659788,659918,659897,0
660067,1559027398753958,73977000,0.58000046,149,659919,660067,660050,0
660270,1559027399777416,73690709,0.55770293,203,660068,660270,660242,0
660526,1559027400980208,73583292,0.60133077,256,660271,660526,660289,0
660782,1559027403080083,72666750,0.63295032,256,660527,660782,660666,0
661038,1559027404368583,72549583,0.60153947,256,660783,661038,661002,0
661248,1559027405575625,72312250,0.59920349,210,661039,661248,661040,0
661448,1559027406499458,72291125,0.59158211,200,661249,661448,661373,0
661704,1559027407178458,72798375,0.64671385,256,661449,661704,661544,0
661960,1559027408216250,72990291,0.63386269,256,661705,661960,661875,0
661976,1559027408217083,73080500,0.60426512,16,661961,661976,661966,0
661992,1559027408217916,73122792,0.52578471,16,661977,661992,661989,0
662140,1559027408225458,73753458,0.5932298,148,661993,662140,662117,0
662300,1559027408945875,73804166,0.63753856,160,662141,662300,662260,0
662556,1559027411297208,72601375,0.59024547,256,662301,662556,662375,0
662707,1559027413541750,71040375,0.63687953,151,662557,662707,662655,0
662952,1559027416611291,69083417,0.60181328,245,662708,662952,662774,0
663076,1559027417735958,68539208,0.64143286,124,662953,663076,662978,0
663299,1559027420565250,66675125,0.57706709,223,663077,663299,663164,0
663543,1559027420666875,67895291,0.61257362,244,663300,663543,663429,0
663653,1559027420672416,68327959,0.57822341,110,663544,663653,663593,0
663823,1559027420723875,68996500,0.60967855,170,663654,663823,663686,0
663972,1559027421064291,69410375,0.59341199,149,663824,663972,663831,0
664167,1559027422489333,68925958,0.64639082,195,663973,664167,664021,0
664183,1559027422490166,69006125,0.5305742,16,664168,664183,664171,0
664376,1559027423602375,68815541,0.61029215,193,664184,664376,664207,0
664513,1559027423609291,69468292,0.62883106,137,664377,664513,664431,0
664763,1559027424246125,70025333,0.56860543,250,664514,664763,664630,0
664929,1559027425368625,69697375,0.56441215,166,664764,664929,664810,0
665122,1559027425378333,70620292,0.60762078,193,664930,665122,665012,0
665295,1559027426541083,70315750,0.61130886,173,665123,665295,665189,0
665503,1559027427434583,70410042,0.5750652,208,665296,665503,665347,0
665759,1559027428147125,70925458,0.58355571,256,665504,665759,665754,0
665957,1559027429149291,70872042,0.58718128,198,665760,665957,665933,0
666213,1559027431782458,69488667,0.61997599,256,665958,666213,666045,0
666351,1559027432177500,69790666,0.59053964,138,666214,666351,666343,0
666607,1559027432431000,70678291,0.63354144,256,666352,666607,666553,0
666863,1559027433963375,70302208,0.61653147,256,666608,666863,666699,0
667105,1559027434342250,70992666,0.56357814,242,666864,667105,666908,0
667288,1559027435523416,70634292,0.59877957,183,667106,667288,667263,0
667464,1559027436660208,70281042,0.60738056,176,667289,667464,667316,0
667650,1559027437688375,70079500,0.61848223,186,667465,667650,667567,0
667906,1559027438619916,70293625,0.5728344,256,667651,667906,667799,0
668162,1559027440679083,69390917,0.61213227,256,667907,668162,668026,0
668364,1559027442603666,68349792,0.59197516,202,668163,668364,668185,0
668582,1559027443383416,68547709,0.59319544,218,668365,668582,668469,0
668684,1559027443742000,68639666,0.56035767,102,668583,668684,668614,0
668901,1559027444724166,68621209,0.59242797,217,668685,668901,668764,0
669138,1559027445811250,68604583,0.59253761,237,668902,669138,669107,0
669244,1559027447019500,67896125,0.6337925,106,669139,669244,669185,0
669500,1559027448067458,68056792,0.62627704,256,669245,669500,669375,0
669756,1559027448947166,68304834,0.57674917,256,669501,669756,669699,0
669859,1559027449836333,67848667,0.58328891,103,669757,669859,669794,0
670082,1559027450772333,67919958,0.61252297,223,669860,670082,670042,0
670338,1559027451713875,68183166,0.63678324,256,670083,670338,670318,0
670379,1559027451716083,68324000,0.54759996,41,670339,670379,670361,0
670588,1559027452521291,68458417,0.61420734,209,670380,670588,670414,0
670794,1559027453462250,68466625,0.60904724,206,670589,670794,670774,0
670954,1559027453470291,69163584,0.5744922,160,670795,670954,670931,0
671206,1559027455184291,68612542,0.60613878,252,670955,671206,671059,0
671455,1559027455750250,69113750,0.59180814,249,671207,671455,671400,0
671655,1559027456914791,68890417,0.61424834,200,671456,671655,671517,0
671818,1559027457434791,69170084,0.59625723,163,671656,671818,671789,0
671924,1559027457440083,69656625,0.58037812,106,671819,671924,671915,0
672050,1559027458551333,69147750,0.60373505,126,671925,672050,672002,0
672293,1559027459669375,69233875,0.61460563,243,672051,672293,672272,0
672316,1559027459670541,69343875,0.53343172,23,672294,672316,672295,0
672423,1559027459675833,69850458,0.63025999,107,672317,672423,672376,0
672679,1559027461440458,69364250,0.66362755,256,672424,672679,672543,0
672889,1559027462422000,69428541,0.59566289,210,672680,672889,672887,0
673145,1559027463454708,69654667,0.62217051,256,672890,673145,672917,0
673401,1559027463525958,70883083,0.64805175,256,673146,673401,673382,0
673657,1559027463860375,71771958,0.60259417,256,673402,673657,673615,0
673913,1559027464562208,72350375,0.62971467,256,673658,673913,673773,0
674122,1559027464664916,73278084,0.6198063,209,673914,674122,673982,0
674330,1559027464731041,74132042,0.58066036,208,674123,674330,674261,0
674536,1559027465019083,74782042,0.62529003,206,674331,674536,674439,0
674736,1559027465923666,74773875,0.60866964,200,674537,674736,674643,0
674766,1559027465925166,74901084,0.62864922,30,674737,674766,674749,0
674861,1559027465929875,75307583,0.58913855,95,674767,674861,674808,0
675117,1559027467302250,75116666,0.62037311,256,674862,675117,675030,0
675222,1559027467307541,75573709,0.55518353,105,675118,675222,675129,0
675364,1559027467662041,75835750,0.55209246,142,675223,675364,675270,0
675592,1559027468284625,76272708,0.63898438,228,675365,675592,675524,0
675736,1559027468291875,76931916,0.60914251,144,675593,675736,675632,0
675802,1559027469252625,76255791,0.57661624,66,675737,675802,675762,0
676008,1559027470421041,75980625,0.60579449,206,675803,676008,675865,0
676264,1559027471915250,75668791,0.59432828,256,676009,676264,676156,0
676392,1559027472776375,75326875,0.56983826,128,676265,676392,676319,0
676562,1559027474621750,74230166,0.57141594,170,676393,676562,676495,0
676818,1559027475788041,74208167,0.58731305,256,676563,676818,676756,0
677001,1559027477028625,73809333,0.59258233,183,676819,677001,676966,0
677068,1559027477032000,74098166,0.63939749,67,677002,677068,677044,0
677084,1559027477032791,74183875,0.61651825,16,677069,677084,677074,0
677100,1559027477033625,74268708,0.55318249,16,677085,677100,677088,0
677255,1559027478024083,73951583,0.58810538,155,677101,677255,677125,0
677511,1559027478834166,74303250,0.63027226,256,677256,677511,677374,0
677700,1559027478843791,75150084,0.58755874,189,677512,677700,677610,0
677956,1559027480014333,76034292,0.56916369,256,677701,677956,677873,0
678081,1559027481242375,74812083,0.62146377,125,677957,678081,677982,0
678286,1559027481334791,75281000,0.60246461,205,678082,678286,678132,0
678470,1559027481383458,76046125,0.59872554,184,678287,678470,678429,0
678695,1559027481992083,76438750,0.59822397,225,678471,678695,678555,0
678875,1559027483955041,75263500,0.59446178,180,678696,678875,678809,0
679113,1559027484644875,75653333,0.61647809,238,678876,679113,679082,0
679244,1559027485879791,75012917,0.61940373,131,679114,679244,679121,0
679446,1559027486334291,75488917,0.61862896,202,679245,679446,679321,0
679642,1559027487271916,75438042,0.64121584,196,679447,679642,679528,0
679740,1559027488569291,74595459,0.58915033,98,679643,679740,679691,0
679910,1559027489757125,74186875,0.60850876,170,679741,679910,679793,0
680166,1559027490452041,74607875,0.59243858,256,679911,680166,680049,0
680422,1559027491448166,74807167,0.63755647,256,680167,680422,680220,0
680590,1559027491503041,75499542,0.60332944,168,680423,680590,680530,0
680753,1559027492441291,75272917,0.55736775,163,680591,680753,680625,0
680938,1559027493133250,75443833,0.6298314,185,680754,680938,680816,0
681097,1559027493141958,76201542,0.5681895,159,680939,681097,681068,0
681310,1559027496951500,73329291,0.58800449,213,681098,681310,681254,0
681551,1559027497975666,73375709,0.5797155,241,681311,681551,681501,0
681721,1559027499107958,73046292,0.58821582,170,681552,681721,681558,0
681977,1559027500071625,73138458,0.61040398,256,681722,681977,681805,0
682224,1559027501928125,72357416,0.6066355,247,681978,682224,682016,0
682464,1559027503206791,72133084,0.57977163,240,682225,682464,682353,0
682504,1559027503208833,72279708,0.54903925,40,682465,682504,682502,0
682757,1559027504323500,72351875,0.65932005,253,682505,682757,682599,0
683013,1559027506201125,71687708,0.59602317,256,682758,683013,682964,0
683181,1559027506209500,72518708,0.60274246,168,683014,683181,683133,0
683384,1559027507795166,71916875,0.59988771,203,683182,683384,683364,0
683550,1559027508956000,71525083,0.59365443,166,683385,683550,683546,0
683629,1559027508960000,71928458,0.61212021,79,683551,683629,683568,0
683825,1559027510116291,71777917,0.6686183,196,683630,683825,683692,0
684018,1559027511961833,70800083,0.56468519,193,683826,684018,683867,0
684274,1559027512693875,71313208,0.61662286,256,684019,684274,684199,0
684413,1559027512700791,71990459,0.64193169,139,684275,684413,684347,0
684578,1559027513407541,72046875,0.56950513,165,684414,684578,684506,0
684678,1559027513416208,72526542,0.58499298,100,684579,684678,684588,0
684865,1559027514934416,71905417,0.58175114,187,684679,684865,684783,0
685072,1559027516163000,71630000,0.6016676,207,684866,685072,685064,0
685233,1559027517291833,71288333,0.592464,161,685073,685233,685123,0
685484,1559027517743291,71966000,0.61858467,251,685234,685484,685336,0
685634,1559027517750750,72646208,0.58407239,150,685485,685634,685503,0
685731,1559027518722458,72093458,0.59487259,97,685635,685731,685695,0
685933,1559027519952458,71757500,0.57453155,202,685732,685933,685774,0
686189,1559027520152583,72723417,0.58325845,256,685934,686189,686087,0
686391,1559027521158250,72551166,0.57110776,202,686190,686391,686261,0
686626,1559027522705916,72062875,0.62981849,235,686392,686626,686568,0
686751,1559027522712208,72607792,0.57381751,125,686627,686751,686640,0
686987,1559027523795291,72599084,0.61250639,236,686752,686987,686967,0
687243,1559027524934666,72640000,0.65859587,256,686988,687243,687048,0
687445,1559027525834875,72686750,0.60433851,202,687244,687445,687327,0
687682,1559027527177166,72365042,0.60328128,237,687446,687682,687525,0
687829,1559027527750125,72428833,0.58603592,147,687683,687829,687736,0
688067,1559027529056750,72179541,0.58117719,238,687830,688067,688034,0
688263,1559027529679875,72446375,0.6051523,196,688068,688263,688138,0
688319,1559027529682916,72664292,0.5701834,56,688264,688319,688306,0
688370,1559027529685708,72917125,0.60298794,51,688320,688370,688341,0
688446,1559027529689833,73278125,0.60204624,76,688371,688446,688401,0
688563,1559027530862083,72592167,0.56066409,117,688447,688563,688554,0
688819,1559027533174125,71400333,0.59933504,256,688564,688819,688796,0
688989,1559027534446875,70962958,0.61451882,170,688820,688989,688947,0
689245,1559027535738583,70787250,0.64303692,256,688990,689245,689078,0
689407,1559027536997166,70241459,0.57807864,162,689246,689407,689335,0
689661,1559027538819875,69589291,0.61402743,254,689408,689661,689611,0
689880,1559027539897541,69527625,0.59535371,219,689662,689880,689827,0
689939,1559027539900458,69799500,0.57895925,59,689881,689939,689927,0
690161,1559027540716250,70001000,0.61915101,222,689940,690161,689963,0
690244,1559027540720458,70386167,0.57221192,83,690162,690244,690226,0
690425,1559027540866625,71086000,0.61467062,181,690245,690425,690317,0
690595,1559027541327250,71408875,0.59832341,170,690426,690595,690499,0
690716,1559027541333375,71987041,0.57762067,121,690596,690716,690641,0
690875,1559027542887583,71149375,0.5910827,159,690717,690875,690815,0
690981,1559027542892958,71626708,0.60441898,106,690876,690981,690906,0
691141,1559027543538166,71746542,0.60027493,160,690982,691141,691111,0
691331,1559027543547708,72579625,0.61028263,190,691142,691331,691281,0
691515,1559027544561958,72451375,0.66421782,184,691332,691515,691410,0
691653,1559027545277375,72354083,0.61290356,138,691516,691653,691574,0
691755,1559027545282458,72819917,0.60278975,102,691654,691755,691713,0
691969,1559027547445125,71639958,0.64918656,214,691756,691969,691800,0
692191,1559027547551625,72525791,0.59092323,222,691970,692191,692037,0
692323,1559027547569833,73122083,0.59030164,132,692192,692323,692263,0
692579,1559027550859000,71092750,0.65669599,256,692324,692579,692546,0
692595,1559027550859833,71096083,0.63011053,16,692580,692595,692582,0
692611,1559027550860625,71225250,0.60953219,16,692596,692611,692608,0
692627,1559027550861416,71295000,0.56683029,16,692612,692627,692617,0
692703,1559027551216416,71312084,0.63442299,76,692628,692703,692633,0
692761,1559027551219291,71579417,0.54975996,58,692704,692761,692734,0
692968,1559027551229625,72471541,0.59736265,207,692762,692968,692835,0
693224,1559027551347375,73515916,0.62120374,256,692969,693224,693029,0
693480,1559027552025208,74017833,0.60772612,256,693225,693480,693425,0
693522,1559027553158000,73092208,0.60193256,42,693481,693522,693481,0
693651,1559027553164375,73674875,0.57006598,129,693523,693651,693623,0
693723,1559027553168041,73993042,0.57819875,72,693652,693723,693714,0
693827,1559027554021000,73597541,0.55917741,104,693724,693827,693756,0
694044,1559027555743625,72895875,0.62012724,217,693828,694044,693966,0
694300,1559027556644500,73181750,0.62712254,256,694045,694300,694281,0
694521,1559027557482750,73368291,0.60192367,221,694301,694521,694373,0
694777,1559027559277208,73146583,0.59939127,256,694522,694777,694578,0
695018,1559027560947250,73018583,0.62206653,241,694778,695018,694923,0
695226,1559027561873250,73161875,0.62019624,208,695019,695226,695197,0
695400,1559027562724041,73099125,0.62414991,174,695227,695400,695367,0
695601,1559027563202750,73566166,0.62464416,201,695401,695601,695509,0
695635,1559027564255625,72666958,0.5783423,34,695602,695635,695602,0
695871,1559027566289375,71752041,0.57558784,236,695636,695871,695683,0
695922,1559027566291916,72015042,0.53749776,51,695872,695922,695915,0
696122,1559027567075041,72473417,0.63017868,200,695923,696122,696085,0
696340,1559027567761416,72721084,0.57751257,218,696123,696340,696337,0
696524,1559027568635000,72743833,0.61242889,184,696341,696524,696400,0
696780,1559027573573875,69044041,0.59227937,256,696525,696780,696660,0
697036,1559027574297250,69556833,0.59442219,256,696781,697036,696912,0
697205,1559027575371208,69291542,0.63125636,169,697037,697205,697204,0
697221,1559027575372000,69378375,0.5611185,16,697206,697221,697206,0
697303,1559027575376166,69792542,0.63925784,82,697222,697303,697231,0
697454,1559027575561208,70354542,0.61598194,151,697304,697454,697317,0
697658,1559027577934125,68995125,0.58870569,204,697455,697658,697567,0
697867,1559027579721791,68215875,0.61103145,209,697659,697867,697792,0
698112,1559027580483916,68685375,0.61090879,245,697868,698112,698079,0
698220,1559027580950833,68740125,0.59589135,108,698113,698220,698153,0
698466,1559027581870041,68972375,0.61692627,246,698221,698466,698449,0
698570,1559027581875666,69419834,0.59304753,104,698467,698570,698479,0
698775,1559027582764125,69462958,0.59929395,205,698571,698775,698638,0
698845,1559027582767916,69770084,0.57751384,70,698776,698845,698785,0
699049,1559027584005333,69487875,0.64087453,204,698846,699049,698872,0
699076,1559027584006833,69605208,0.4995355,27,699050,699076,699068,0
699318,1559027584735666,69953500,0.6315689,242,699077,699318,699100,0
699574,1559027586019333,69845917,0.61522731,256,699319,699574,699562,0
699619,1559027586021750,70047708,0.63829549,45,699575,699619,699582,0
699635,1559027586022625,70148250,0.51897098,16,699620,699635,699625,0
699825,1559027587838708,69182750,0.62853484,190,699636,699825,699785,0
699982,1559027588611458,69148250,0.5970506,157,699826,699982,699975,0
700040,1559027590114375,67917916,0.60755528,58,699983,700040,699992,0
700118,1559027590118250,68286250,0.59831643,78,700041,700118,700071,0
700223,1559027590803291,68103250,0.60530327,105,700119,700223,700165,0
700470,1559027590898666,69146625,0.60754791,247,700224,700470,700431,0
700697,1559027591766166,69325167,0.62263458,227,700471,700697,700529,0
700915,1559027592876375,69242208,0.60779822,218,700698,700915,700800,0
701171,1559027593743666,69554459,0.60230919,256,700916,701171,700956,0
701391,1559027595341791,68970084,0.63330478,220,701172,701391,701378,0
701536,1559027596443416,68530500,0.62107006,145,701392,701536,701418,0
701792,1559027598522750,67674333,0.64410942,256,701537,701792,701775,0
701870,1559027598526666,68020000,0.56726176,78,701793,701870,701858,0
701990,1559027599576541,67522709,0.59444516,120,701871,701990,701939,0
702225,1559027600229958,67990458,0.6023155,235,701991,702225,702198,0
702442,1559027601306750,67854083,0.59392582,217,702226,702442,702393,0
702678,1559027602437333,67868125,0.6397648,236,702443,702678,702632,0
702911,1559027602651458,68858708,0.63364895,233,702679,702911,702719,0
703163,1559027603476375,69098625,0.60877202,252,702912,703163,702968,0
703339,1559027604626166,68742750,0.61318985,176,703164,703339,703213,0
703404,1559027604629458,69077125,0.62750057,65,703340,703404,703340,0
703631,1559027605537541,69239209,0.63772835,227,703405,703631,703564,0
703764,1559027608426458,67010000,0.61225154,133,703632,703764,703693,0
703908,1559027608433791,68687917,0.60141272,144,703765,703908,703780,0
704131,1559027609781583,67408333,0.64164905,223,703909,704131,703983,0
704361,1559027611992083,66258750,0.64319282,230,704132,704361,704236,0
704557,1559027612002041,67135917,0.60900428,196,704362,704557,704495,0
704813,1559027613323708,67077875,0.63325526,256,704558,704813,704770,0
705009,1559027613333666,67958042,0.63732299,196,704814,705009,704909,0
705206,1559027614036500,68154000,0.574203,197,705010,705206,705132,0
705319,1559027614550833,68188292,0.59443301,113,705207,705319,705257,0
705447,1559027614557250,68775791,0.64122953,128,705320,705447,705392,0
705637,1559027616174000,68042500,0.62660174,190,705448,705637,705570,0
705798,1559027616182166,68791709,0.64987984,161,705638,705798,705685,0
706054,1559027617692458,68491042,0.60605493,256,705799,706054,705837,0
706310,1559027618332791,69084709,0.65296432,256,706055,706310,706301,0
706332,1559027619112500,68421000,0.63426197,22,706311,706332,706311,0
706348,1559027619113333,68497458,0.62393145,16,706333,706348,706345,0
706470,1559027619119500,69122583,0.57621968,122,706349,706470,706453,0
706701,1559027620141708,69089500,0.61340293,231,706471,706701,706526,0
706774,1559027620145333,69411042,0.64018076,73,706702,706774,706720,0
707005,1559027620698791,70005459,0.62623433,231,706775,707005,706952,0
707139,1559027621971541,69286042,0.63829761,134,707006,707139,707086,0
707395,1559027622151500,70269958,0.59043634,256,707140,707395,707340,0
707650,1559027622313583,71325750,0.61976185,255,707396,707650,707469,0
707757,1559027622523708,71605292,0.58665878,107,707651,707757,707746,0
707934,1559027622797375,72202416,0.64076093,177,707758,707934,707886,0
708190,1559027623861333,72335833,0.60188761,256,707935,708190,708135,0
708446,1559027625147625,72293500,0.64467236,256,708191,708446,708411,0
708570,1559027626071375,71948750,0.61130411,124,708447,708570,708568,0
708586,1559027626072291,72027084,0.59548323,16,708571,708586,708576,0
708612,1559027626073958,72147000,0.57333524,26,708587,708612,708600,0
708868,1559027626296375,73145500,0.62364927,256,708613,708868,708705,0
709124,1559027627279666,73402917,0.67610459,256,708869,709124,709061,0
709144,1559027627280791,73517000,0.60968774,20,709125,709144,709125,0
709311,1559027627709041,73876750,0.61145127,167,709145,709311,709239,0
709533,1559027628667083,73946042,0.64185669,222,709312,709533,709531,0
709549,1559027629918916,72788167,0.61218954,16,709534,709549,709547,0
709565,1559027629919708,72877375,0.63188469,16,709550,709565,709553,0
709581,1559027629920541,72950709,0.53284677,16,709566,709581,709573,0
709783,1559027630965250,72836291,0.59322286,202,709582,709783,709671,0
710016,1559027632461166,72662542,0.60819544,233,709784,710016,709835,0
710159,1559027633901625,71868083,0.58116441,143,710017,710159,710078,0
710356,1559027633913625,72797000,0.60853292,197,710160,710356,710172,0
710514,1559027636796500,70692500,0.62492758,158,710357,710514,710455,0
710643,1559027636988416,71122292,0.65325771,129,710515,710643,710628,0
710659,1559027636989333,71195167,0.54957731,16,710644,710659,710652,0
710675,1559027636990333,71291500,0.67894507,16,710660,710675,710670,0
710787,1559027636997041,71788625,0.59033335,112,710676,710787,710778,0
710933,1559027638355958,71142875,0.60293968,146,710788,710933,710874,0
711131,1559027639594166,70840417,0.62888831,198,710934,711131,711130,0
711147,1559027639595000,70940500,0.64961557,16,711132,711147,711141,0
711163,1559027639595916,71022292,0.60670492,16,711148,711163,711152,0
711293,1559027640633375,70638916,0.61990471,130,711164,711293,711164,0
711549,1559027641542208,71040917,0.65605684,256,711294,711549,711445,0
711805,1559027642649458,71254042,0.63862436,256,711550,711805,711769,0
711984,1559027644028041,70790000,0.61520012,179,711806,711984,711924,0
712240,1559027644798416,71445417,0.64809905,256,711985,712240,712177,0
712258,1559027644799416,71515667,0.60487272,18,712241,712258,712258,0
712280,1559027644800583,71643708,0.59843965,22,712259,712280,712269,0
712324,1559027644803000,71883625,0.61243982,44,712281,712324,712291,0
712378,1559027644805875,72126583,0.60094351,54,712325,712378,712345,0
712634,1559027645209166,73055917,0.61548058,256,712379,712634,712614,0
712837,1559027648007625,71304125,0.59944774,203,712635,712837,712746,0
713093,1559027649202791,71414084,0.64472019,256,712838,713093,713083,0
713294,1559027650864708,70848500,0.6103563,201,713094,713294,713170,0
713537,1559027651308500,71566125,0.60813703,243,713295,713537,713493,0
713605,1559027651311916,71932417,0.6762325,68,713538,713605,713542,0
713655,1559027652585833,70916792,0.62823744,50,713606,713655,713626,0
713671,1559027653664000,69927875,0.5566697,16,713656,713671,713661,0
713827,1559027653763833,70534167,0.59521602,156,713672,713827,713768,0
714063,1559027654741916,70672834,0.63039284,236,713828,714063,713973,0
714299,1559027656219791,70303667,0.65093792,236,714064,714299,714183,0
714534,1559027656231500,71390875,0.61951663,235,714300,714534,714506,0
714669,1559027657085625,71157250,0.57141395,135,714535,714669,714569,0
714900,1559027658952708,70364458,0.60176922,231,714670,714900,714706,0
715108,1559027660051458,70223000,0.62239543,208,714901,715108,715087,0
715238,1559027661093208,69798917,0.62346011,130,715109,715238,715153,0
715394,1559027664329541,67291542,0.62318861,156,715239,715394,715354,0
715595,1559027664339541,68266292,0.60631253,201,715395,715595,715412,0
715709,1559027665029375,68131083,0.5983163,114,715596,715709,715687,0
715862,1559027665037041,68855167,0.60674639,153,715710,715862,715743,0
716118,1559027666554125,68511500,0.59356166,256,715863,716118,716042,0
716374,1559027668190291,68084209,0.62176583,256,716119,716374,716319,0
716621,1559027671664958,65798750,0.67761214,247,716375,716621,716606,0
716637,1559027671665750,65885333,0.61553055,16,716622,716637,716632,0
716653,1559027671666583,65966500,0.59797442,16,716638,716653,716650,0
716836,1559027672606208,65936208,0.582646,183,716654,716836,716675,0
717052,1559027673410500,66096708,0.63351258,216,716837,717052,716970,0
717143,1559027673415000,66528541,0.59799253,91,717053,717143,717104,0
717374,1559027673748416,67273542,0.6318691,231,717144,717374,717349,0
717491,1559027674803833,66767125,0.61632936,117,717375,717491,717400,0
717743,1559027676128833,66639458,0.60372303,252,717492,717743,717572,0
717813,1559027678270000,64878416,0.5882785,70,717744,717813,717751,0
718012,1559027679164708,64850125,0.58486997,199,717814,718012,717928,0
718150,1559027679172625,65495750,0.59024759,138,718013,718150,718099,0
718393,1559027680426375,65347166,0.59034687,243,718151,718393,718390,0
718409,1559027681325375,64529875,0.55699863,16,718394,718409,718403,0
718567,1559027681333291,65273292,0.62271564,158,718410,718567,718538,0
718823,1559027682769166,65037000,0.68728591,256,718568,718823,718577,0
719036,1559027683382333,65477417,0.61264445,213,718824,719036,718860,0
719205,1559027684340291,65371000,0.60049282,169,719037,719205,719088,0
719431,1559027685105041,65727834,0.61710258,226,719206,719431,719209,0
719687,1559027686205125,65936791,0.6286582,256,719432,719687,719592,0
719925,1559027687594708,65748750,0.6453923,238,719688,719925,719761,0
719957,1559027687596375,65938833,0.63490297,32,719926,719957,719931,0
720115,1559027687666708,66666333,0.58354475,158,719958,720115,720090,0
720238,1559027688896541,66088875,0.598356,123,720116,720238,720229,0
720254,1559027688897333,66192167,0.61071043,16,720239,720254,720244,0
720335,1559027688901375,66649750,0.6416423,81,720255,720335,720262,0
720543,1559027689260500,67285416,0.60697028,208,720336,720543,720435,0
720689,1559027689267791,68032250,0.62430912,146,720544,720689,720661,0
720775,1559027691315500,66435958,0.63129476,86,720690,720775,720723,0
720964,1559027692476250,66206291,0.62201745,189,720776,720964,720885,0
721153,1559027693647416,65976125,0.64913662,189,720965,721153,721021,0
721382,1559027694206125,66582125,0.64973736,229,721154,721382,721379,0
721398,1559027694206958,66666625,0.63136751,16,721383,721398,721383,0
721414,1559027694207791,66761292,0.61705484,16,721399,721414,721404,0
721469,1559027694210583,67003917,0.55190295,55,721415,721469,721417,0
721725,1559027696211458,66244292,0.58835701,256,721470,721725,721724,0
721901,1559027697493083,65738625,0.61284035,176,721726,721901,721740,0
722157,1559027698127208,66301333,0.64470687,256,721902,722157,722057,0
722405,1559027698283666,67304959,0.59847605,248,722158,722405,722228,0
722519,1559027700695541,65456250,0.63934525,114,722406,722519,722519,0
722775,1559027700805583,66581125,0.68487594,256,722520,722775,722573,0
723031,1559027701760541,66841167,0.60635518,256,722776,723031,722827,0
723237,1559027702661125,66957416,0.63492915,206,723032,723237,723095,0
723493,1559027702775041,68032750,0.64038003,256,723238,723493,723424,0
723694,1559027702871958,68873917,0.60458498,201,723494,723694,723626,0
723903,1559027702930875,69767833,0.59896902,209,723695,723903,723733,0
724115,1559027705383083,68264042,0.61138184,212,723904,724115,723938,0
724326,1559027705900583,68733792,0.57218914,211,724116,724326,724261,0
724476,1559027708116500,67214375,0.62098797,150,724327,724476,724466,0
724548,1559027708120083,67527208,0.59808108,72,724477,724548,724491,0
724776,1559027708187291,68569917,0.62856775,228,724549,724776,724618,0
724888,1559027708819416,68444500,0.59053032,112,724777,724888,724870,0
725022,1559027708826208,69072125,0.59013306,134,724889,725022,724920,0
725278,1559027710493500,68648166,0.64044553,256,725023,725278,725223,0
725421,1559027710501250,69295625,0.59338657,143,725279,725421,725400,0
725677,1559027712623666,68412542,0.62097953,256,725422,725677,725488,0
725846,1559027713954083,67867917,0.59937517,169,725678,725846,725735,0
726000,1559027714849375,67675708,0.60027526,154,725847,726000,725892,0
726016,1559027714850250,67759333,0.60962017,16,726001,726016,726008,0
726044,1559027714851791,67907792,0.56337285,28,726017,726044,726017,0
726283,1559027716275541,67662042,0.60111605,239,726045,726283,726149,0
726451,1559027716284541,68413459,0.61720247,168,726284,726451,726347,0
726707,1559027716491833,69448333,0.64102501,256,726452,726707,726538,0
726963,1559027716725291,70329459,0.58298577,256,726708,726963,726939,0
727219,1559027716942708,71310958,0.59691529,256,726964,727219,727134,0
727475,1559027718313791,71127667,0.6443855,256,727220,727475,727259,0
727660,1559027719520708,70842750,0.65614144,185,727476,727660,727559,0
727801,1559027720649083,70476958,0.57842803,141,727661,727801,727773,0
728057,1559027721969500,70201291,0.61891241,256,727802,728057,728054,0
728191,1559027721976750,70826291,0.6332931,134,728058,728191,728081,0
728362,1559027722907583,70688750,0.58710934,171,728192,728362,728196,0
728492,1559027723272916,70899750,0.58076314,130,728363,728492,728452,0
728587,1559027723561416,71066792,0.60331849,95,728493,728587,728493,0
728821,1559027723625833,72067083,0.61998326,234,728588,728821,728701,0
729059,1559027725480500,71315833,0.65400459,238,728822,729059,729035,0
729315,1559027726584166,71464917,0.6237523,256,729060,729315,729134,0
729491,1559027727734125,71167291,0.57439143,176,729316,729491,729387,0
729642,1559027728498958,71222750,0.6458288,151,729492,729642,729599,0
729803,1559027729405958,71050500,0.59749237,161,729643,729803,729752,0
729987,1559027730310916,70992792,0.57496355,184,729804,729987,729961,0
730118,1559027731640666,70350500,0.597402,131,729988,730118,730061,0
730374,1559027732642208,71192625,0.61188899,256,730119,730374,730235,0
730630,1559027733932833,70596750,0.66563199,256,730375,730630,730416,0
730886,1559027735072708,72077625,0.61303204,256,730631,730886,730869,0
731093,1559027736669833,70483625,0.59416986,207,730887,731093,731039,0
731188,1559027736674666,70607625,0.60281846,95,731094,731188,731136,0
731421,1559027737462791,71068584,0.59442221,233,731189,731421,731299,0
731592,1559027737580500,71687125,0.57155643,171,731422,731592,731591,0
731809,1559027737670375,72640125,0.59648675,217,731593,731809,731707,0
731981,1559027738657958,72409000,0.59384777,172,731810,731981,731879,0
732173,1559027739497208,72466458,0.65585927,192,731982,732173,732050,0
732429,1559027740038958,73133000,0.63750405,256,732174,732429,732395,0
732609,1559027741646250,72343958,0.54946415,180,732430,732609,732482,0
732865,1559027742814833,72398417,0.65071636,256,732610,732865,732698,0
733117,1559027743159583,73145708,0.59603534,252,732866,733117,732882,0
733373,1559027744072250,73426416,0.62639294,256,733118,733373,733314,0
733622,1559027745837333,72813708,0.59937858,249,733374,733622,733439,0
733777,1559027745945583,73385792,0.61854913,155,733623,733777,733631,0
733936,1559027746635791,73458584,0.59637254,159,733778,733936,733899,0
734192,1559027747994625,73235791,0.6080745,256,733937,734192,733995,0
734403,1559027748883583,73592458,0.63534921,211,734193,734403,734202,0
734635,1559027749753583,73883833,0.59496119,232,734404,734635,734459,0
734687,1559027749756375,74125291,0.59199943,52,734636,734687,734650,0
734857,1559027750875208,73818292,0.58953778,170,734688,734857,734711,0
735113,1559027752207166,73766250,0.62598071,256,734858,735113,734911,0
735369,1559027753687083,73581500,0.62042115,256,735114,735369,735310,0
735606,1559027754377375,73980875,0.6007891,237,735370,735606,735384,0
735778,1559027755077625,74109500,0.60044824,172,735607,735778,735687,0
735951,1559027755087041,74977959,0.60120333,173,735779,735951,735916,0
736156,1559027755532500,75580875,0.62258164,205,735952,736156,736031,0
736263,1559027755538291,76136709,0.61672773,107,736157,736263,736177,0
736326,1559027756665625,75316958,0.58956175,63,736264,736326,736271,0
736495,1559027756674750,76185375,0.63793373,169,736327,736495,736484,0
736581,1559027757300083,75949125,0.56634498,86,736496,736581,736552,0
736819,1559027757810708,76637125,0.65676825,238,736582,736819,736807,0
736978,1559027758713875,76512458,0.58900255,159,736820,736978,736941,0
737163,1559027758723791,77428084,0.65068601,185,736979,737163,737136,0
737285,1559027759667875,77120208,0.61783429,122,737164,737285,737251,0
737463,1559027759677458,77980583,0.65469798,178,737286,737463,737363,0
737588,1559027760840000,77806958,0.63176897,125,737464,737588,737523,0
737700,1559027760845583,78186458,0.55779443,112,737589,737700,737636,0
737875,1559027761012291,78872834,0.61766377,175,737701,737875,737852,0
737938,1559027761015458,79118833,0.59563738,63,737876,737938,737928,0
738092,1559027761263625,79609916,0.58513977,154,737939,738092,737967,0
738278,1559027761272916,80480917,0.59642016,186,738093,738278,738174,0
738446,1559027762966625,79568583,0.59249444,168,738279,738446,738446,0
738501,1559027763446375,79398958,0.58492042,55,738447,738501,738495,0
738533,1559027763448000,79525041,0.58815758,32,738502,738533,738530,0
738619,1559027763452375,79964666,0.66309834,86,738534,738619,738535,0
738875,1559027765618833,79047417,0.61057383,256,738620,738875,738830,0
739131,1559027766227458,79633125,0.59880173,256,738876,739131,738927,0
739387,1559027767466958,79659417,0.60759245,256,739132,739387,739191,0
739643,1559027768648958,79633750,0.65781552,256,739388,739643,739424,0
739824,1559027769680666,79471959,0.63380544,181,739644,739824,739704,0
739994,1559027770893416,79027709,0.59752637,170,739825,739994,739856,0
740199,1559027771761958,79174417,0.60113956,205,739995,740199,740093,0
740444,1559027774655750,77416791,0.62129579,245,740200,740444,740357,0
740546,1559027774660875,77887083,0.57520302,102,740445,740546,740514,0
740693,1559027775658208,77651083,0.62064396,147,740547,740693,740657,0
740810,1559027775664125,78194541,0.59170674,117,740694,740810,740727,0
741066,1559027776808125,78309666,0.60302827,256,740811,741066,740880,0
741288,1559027777916458,78300625,0.60785975,222,741067,741288,741179,0
741544,1559027779204833,78163083,0.61596974,256,741289,741544,741397,0
741605,1559027779816541,77864375,0.55640944,61,741545,741605,741553,0
741861,1559027782026500,76817875,0.56519687,256,741606,741861,741775,0
742047,1559027782663375,77007791,0.62374666,186,741862,742047,741951,0
742269,1559027782761875,77888958,0.6010083,222,742048,742269,742117,0
742525,1559027783888333,77881833,0.58368317,256,742270,742525,742310,0
742707,1559027787138208,75400417,0.58232311,182,742526,742707,742585,0
742843,1559027788982291,74176167,0.6099363,136,742708,742843,742804,0
742937,1559027788987000,74612541,0.57872117,94,742844,742937,742873,0
743073,1559027789618291,74545542,0.60861314,136,742938,743073,742938,0
743273,1559027790337833,74758958,0.60607571,200,743074,743273,743247,0
743315,1559027790339916,74954417,0.61528807,42,743274,743315,743281,0
743368,1559027790342583,75200667,0.58069453,53,743316,743368,743339,0
743624,1559027791048500,75612083,0.60228561,256,743369,743624,743523,0
743880,1559027792214125,75605083,0.65134198,256,743625,743880,743862,0
744059,1559027792859625,75680333,0.54998836,179,743881,744059,743974,0
744265,1559027793651916,75796834,0.62799196,206,744060,744265,744136,0
744521,1559027794237416,76402042,0.64382915,256,744266,744521,744454,0
744777,1559027795739833,75964917,0.61922696,256,744522,744777,744668,0
744956,1559027797987458,74541458,0.60329803,179,744778,744956,744799,0
745212,1559027798826625,74823875,0.62816033,256,744957,745212,745159,0
745468,1559027799595875,75100958,0.57488227,256,745213,745468,745390,0
745692,1559027800406041,75281417,0.64913908,224,745469,745692,745529,0
745859,1559027801361083,75039583,0.59932455,167,745693,745859,745820,0
746061,1559027802015041,75274667,0.58963899,202,745860,746061,745982,0
746077,1559027802015916,75338667,0.53059912,16,746062,746077,746069,0
746243,1559027803274750,74817916,0.61677297,166,746078,746243,746227,0
746347,1559027803280375,75274583,0.65642894,104,746244,746347,746328,0
746487,1559027804570458,74606125,0.59803943,140,746348,746487,746352,0
746652,1559027805882875,74056833,0.61479246,165,746488,746652,746554,0
746765,1559027805888958,74527417,0.58687898,113,746653,746765,746724,0
746924,1559027806825458,74270542,0.55178688,159,746766,746924,746795,0
747142,1559027808525916,73535375,0.59135754,218,746925,747142,747140,0
747273,1559027809348583,73277583,0.60889053,131,747143,747273,747192,0
747529,1559027812066541,71656625,0.63722307,256,747274,747529,747528,0
747785,1559027813619208,71229500,0.6789547,256,747530,747785,747564,0
747945,1559027813627291,71935167,0.574897,160,747786,747945,747829,0
748201,1559027815405958,71290333,0.62730144,256,747946,748201,747963,0
748316,1559027815411750,71769125,0.57473111,115,748202,748316,748260,0
748571,1559027816518125,71798125,0.64256733,255,748317,748571,748558,0
748827,1559027817529333,71932333,0.62837244,256,748572,748827,748738,0
748843,1559027817530125,72390541,0.61037447,16,748828,748843,748830,0
748859,1559027817530916,72426334,0.58086085,16,748844,748859,748848,0
748945,1559027818671208,71338208,0.5982365,86,748860,748945,748934,0
749090,1559027819481208,71549458,0.59210864,145,748946,749090,749019,0
749243,1559027819488833,71870500,0.60359799,153,749091,749243,749210,0
749499,1559027820182625,72269458,0.58793211,256,749244,749499,749267,0
749642,1559027821265416,71789000,0.56453933,143,749500,749642,749549,0
749898,1559027822906458,71253875,0.59659302,256,749643,749898,749648,0
750154,1559027824041083,71234792,0.61424866,256,749899,750154,750051,0
750357,1559027826068208,70119750,0.62930165,203,750155,750357,750343,0
750507,1559027827244750,69680041,0.56470256,150,750358,750507,750367,0
750735,1559027828416125,69575916,0.58270619,228,750508,750735,750654,0
750945,1559027830252750,68724416,0.58112582,210,750736,750945,750827,0
751197,1559027831919666,68262000,0.62488011,252,750946,751197,750957,0
751321,1559027831926375,68841833,0.57593519,124,751198,751321,751231,0
751403,1559027832350250,68814166,0.58236464,82,751322,751403,751396,0
751461,1559027832353375,69078333,0.57055229,58,751404,751461,751419,0
751615,1559027832361666,69810792,0.62010245,154,751462,751615,751578,0
751794,1559027833575791,69443125,0.61426755,179,751616,751794,751636,0
751887,1559027833580750,69880041,0.61091659,93,751795,751887,751830,0
752143,1559027834479083,70192792,0.59584126,256,751888,752143,752094,0
752399,1559027835280625,70755500,0.60658991,256,752144,752399,752213,0
752620,1559027836237791,70862875,0.61519844,221,752400,752620,752489,0
752831,1559027836855958,71222417,0.59425728,211,752621,752831,752738,0
753069,1559027841084708,68052708,0.61129457,238,752832,753069,753016,0
753308,1559027841098458,69101208,0.60562089,239,753070,753308,753295,0
753479,1559027841108291,69849292,0.58043604,171,753309,753479,753374,0
753735,1559027841787458,70316167,0.60377393,256,753480,753735,753520,0
753885,1559027842586625,70233625,0.62713047,150,753736,753885,753836,0
753967,1559027842591583,70587417,0.6093607,82,753886,753967,753945,0
754160,1559027842817125,71259166,0.5839479,193,753968,754160,753972,0
754416,1559027843071333,72143042,0.65692913,256,754161,754416,754263,0
754672,1559027844714250,71667541,0.61805452,256,754417,754672,754465,0
754899,1559027845895958,71457917,0.62261602,227,754673,754899,754803,0
755089,1559027847133458,71362000,0.57629691,190,754900,755089,755030,0
755278,1559027847143666,72481167,0.61549548,189,755090,755278,755236,0
755475,1559027849433916,71419875,0.59284452,197,755279,755475,755433,0
755670,1559027850976125,70965750,0.59535012,195,755476,755670,755536,0
755807,1559027852124625,70402958,0.60383213,137,755671,755807,755690,0
756063,1559027853395250,70281625,0.58227665,256,755808,756063,756062,0
756319,1559027853940875,70768250,0.57086195,256,756064,756319,756064,0
756444,1559027853948291,71301250,0.59378722,125,756320,756444,756332,0
756574,1559027855104291,70706417,0.56336057,130,756445,756574,756467,0
756824,1559027857021833,69885125,0.62129146,250,756575,756824,756802,0
756951,1559027857433250,70032666,0.62494963,127,756825,756951,756835,0
757203,1559027857680833,70859750,0.59723363,252,756952,757203,757044,0
757459,1559027859006208,70674750,0.58792185,256,757204,757459,757302,0
757667,1559027859690958,70894708,0.61263605,208,757460,757667,757590,0
757852,1559027860697125,70764791,0.59954949,185,757668,757852,757720,0
758090,1559027862631541,69818250,0.61526841,238,757853,758090,757875,0
758293,1559027863234625,70081208,0.57430543,203,758091,758293,758290,0
758316,1559027863235791,70234625,0.60018103,23,758294,758316,758300,0
758332,1559027863236583,70321583,0.61289621,16,758317,758332,758324,0
758411,1559027863240541,70622375,0.58664847,79,758333,758411,758350,0
758571,1559027863641750,71012875,0.69292101,160,758412,758571,758558,0
758587,1559027863642583,71074417,0.6426057,16,758572,758587,758573,0
758603,1559027863643375,71125583,0.62522518,16,758588,758603,758601,0
758619,1559027863644208,71256208,0.59500802,16,758604,758619,758615,0
758635,1559027863645000,71293416,0.57497912,16,758620,758635,758625,0
758766,1559027863651583,71892083,0.59693152,131,758636,758766,758667,0
758937,1559027864214208,72075125,0.59034389,171,758767,758937,758883,0
758986,1559027864216666,72289000,0.55427947,49,758938,758986,758943,0
759040,1559027865133833,71623958,0.57075411,54,758987,759040,759005,0
759144,1559027865139000,72082625,0.62245042,104,759041,759144,759046,0
759311,1559027865307791,72636125,0.57668844,167,759145,759311,759171,0
759567,1559027865535208,73614167,0.59891146,256,759312,759567,759472,0
759787,1559027867793958,72341375,0.59348389,220,759568,759787,759762,0
759918,1559027868554250,72184791,0.59958757,131,759788,759918,759897,0
760067,1559027868563125,72792166,0.58000046,149,759919,760067,760050,0
760270,1559027869517458,72717542,0.55770293,203,760068,760270,760242,0
760526,1559027870579958,72813667,0.60133077,256,760271,760526,760289,0
760782,1559027872542666,72036084,0.63295032,256,760527,760782,760666,0
761038,1559027873906125,71859208,0.60153947,256,760783,761038,761002,0
761248,1559027874821916,71989334,0.59920349,210,761039,761248,761040,0
761448,1559027876207791,71557209,0.59158211,200,761249,761448,761373,0
761704,1559027876500500,72691875,0.64671385,256,761449,761704,761544,0
761960,1559027877415625,72971166,0.63386269,256,761705,761960,761875,0
761976,1559027877416583,73038167,0.60426512,16,761961,761976,761966,0
761992,1559027877417541,73124667,0.52578471,16,761977,761992,761989,0
762140,1559027877426291,73842959,0.5932298,148,761993,762140,762117,0
762300,1559027878149916,73898375,0.63753856,160,762141,762300,762260,0
762556,1559027880446083,72810792,0.59024547,256,762301,762556,762375,0
762707,1559027882618083,71372458,0.63687953,151,762557,762707,762655,0
762952,1559027885592000,69764166,0.60181328,245,762708,762952,762774,0
763076,1559027886756833,68985625,0.64143286,124,762953,763076,762978,0
763299,1559027889720458,67071583,0.57706709,223,763077,763299,763164,0
763543,1559027889940958,67965208,0.61257362,244,763300,763543,763429,0
763653,1559027889946458,68402792,0.57822341,110,763544,763653,763593,0
763823,1559027889967541,69123667,0.60967855,170,763654,763823,763686,0
763972,1559027890073583,69663833,0.59341199,149,763824,763972,763831,0
764167,1559027891457791,69176625,0.64639082,195,763973,764167,764021,0
764183,1559027891458791,69256125,0.5305742,16,764168,764183,764171,0
764376,1559027892572291,69013125,0.61029215,193,764184,764376,764207,0
764513,1559027892579250,69553416,0.62883106,137,764377,764513,764431,0
764763,1559027893550750,69672208,0.56860543,250,764514,764763,764630,0
764929,1559027894169833,69774125,0.56441215,166,764764,764929,764810,0
765122,1559027894179583,70625250,0.60762078,193,764930,765122,765012,0
765295,1559027895342958,70229750,0.61130886,173,765123,765295,765189,0
765503,1559027896233666,70230667,0.5750652,208,765296,765503,765347,0
765759,1559027896959500,70616208,0.58355571,256,765504,765759,765754,0
765957,1559027898047250,70380041,0.58718128,198,765760,765957,765933,0
766213,1559027900763125,68801375,0.61997599,256,765958,766213,766045,0
766351,1559027901413750,68738291,0.59053964,138,766214,766351,766343,0
766607,1559027902262791,69027584,0.63354144,256,766352,766607,766553,0
766863,1559027903030500,69410625,0.61653147,256,766608,766863,766699,0
767105,1559027903504416,70054042,0.56357814,242,766864,767105,766908,0
767288,1559027904994708,69343583,0.59877957,183,767106,767288,767263,0
767464,1559027906054166,69067625,0.60738056,176,767289,767464,767316,0
767650,1559027907119791,68835084,0.61848223,186,767465,767650,767567,0
767906,1559027908083791,69025042,0.5728344,256,767651,767906,767799,0
768162,1559027910300458,67952292,0.61213227,256,767907,768162,768026,0
768364,1559027912142708,66995042,0.59197516,202,768163,768364,768185,0
768582,1559027912824083,67288583,0.59319544,218,768365,768582,768469,0
768684,1559027913225833,67344208,0.56035767,102,768583,768684,768614,0
768901,1559027914144458,67418042,0.59242797,217,768685,768901,768764,0
769138,1559027915280250,67357750,0.59253761,237,768902,769138,769107,0
769244,1559027916396500,66781708,0.6337925,106,769139,769244,769185,0
769500,1559027917427500,67026625,0.62627704,256,769245,769500,769375,0
769756,1559027918514625,67149708,0.57674917,256,769501,769756,769699,0
769859,1559027919637958,66506750,0.58328891,103,769757,769859,769794,0
770082,1559027920875958,66307667,0.61252297,223,769860,770082,770042,0
770338,1559027922202500,66306666,0.63678324,256,770083,770338,770318,0
770379,1559027922204541,66460542,0.54759996,41,770339,770379,770361,0
770588,1559027922662166,66964750,0.61420734,209,770380,770588,770414,0
770794,1559027923673041,66943625,0.60904724,206,770589,770794,770774,0
770954,1559027923681125,67695958,0.5744922,160,770795,770954,770931,0
771206,1559027925315541,67241250,0.60613878,252,770955,771206,771059,0
771455,1559027925890166,67801125,0.59180814,249,771207,771455,771400,0
771655,1559027926986458,67628958,0.61424834,200,771456,771655,771517,0
771818,1559027927512416,67817334,0.59625723,163,771656,771818,771789,0
771924,1559027927517750,68253583,0.58037812,106,771819,771924,771915,0
772050,1559027928630625,67670625,0.60373505,126,771925,772050,772002,0
772293,1559027929723791,67663750,0.61460563,243,772051,772293,772272,0
772316,1559027929724958,67767833,0.53343172,23,772294,772316,772295,0
772423,1559027929732250,68224625,0.63025999,107,772317,772423,772376,0
772679,1559027931478833,67643083,0.66362755,256,772424,772679,772543,0
772889,1559027932535583,67489292,0.59566289,210,772680,772889,772887,0
773145,1559027933391875,67790416,0.62217051,256,772890,773145,772917,0
773401,1559027933549625,69404875,0.64805175,256,773146,773401,773382,0
773657,1559027933921708,70626000,0.60259417,256,773402,773657,773615,0
773913,1559027934639750,71107666,0.62971467,256,773658,773913,773773,0
774122,1559027934723416,71985459,0.6198063,209,773914,774122,773982,0
774330,1559027934817333,72794875,0.58066036,208,774123,774330,774261,0
774536,1559027935161291,73416667,0.62529003,206,774331,774536,774439,0
774736,1559027935630125,73857291,0.60866964,200,774537,774736,774643,0
774766,1559027935631666,74001500,0.62864922,30,774737,774766,774749,0
774861,1559027935636500,74416000,0.58913855,95,774767,774861,774808,0
775117,1559027936593833,74624875,0.62037311,256,774862,775117,775030,0
775222,1559027936599875,75081291,0.55518353,105,775118,775222,775129,0
775364,1559027936773958,75530250,0.55209246,142,775223,775364,775270,0
775592,1559027937251333,76088958,0.63898438,228,775365,775592,775524,0
775736,1559027937258583,76750333,0.60914251,144,775593,775736,775632,0
775802,1559027937973000,76324000,0.57661624,66,775737,775802,775762,0
776008,1559027939206041,75994625,0.60579449,206,775803,776008,775865,0
776264,1559027940761625,75587541,0.59432828,256,776009,776264,776156,0
776392,1559027941381416,75540125,0.56983826,128,776265,776392,776319,0
776562,1559027943391083,74310958,0.57141594,170,776393,776562,776495,0
776818,1559027944581541,74236875,0.58731305,256,776563,776818,776756,0
777001,1559027945754833,73885333,0.59258233,183,776819,777001,776966,0
777068,1559027945758208,74199917,0.63939749,67,777002,777068,777044,0
777084,1559027945759000,74282250,0.61651825,16,777069,777084,777074,0
777100,1559027945759791,74359209,0.55318249,16,777085,777100,777088,0
777255,1559027946842041,73957667,0.58810538,155,777101,777255,777125,0
777511,1559027947797250,74173208,0.63027226,256,777256,777511,777374,0
777700,1559027947807416,75010334,0.58755874,189,777512,777700,777610,0
777956,1559027949079458,74856792,0.56916369,256,777701,777956,777873,0
778081,1559027950451708,74050750,0.62146377,125,777957,778081,777982,0
778286,1559027950533291,74898709,0.60246461,205,778082,778286,778132,0
778470,1559027950620500,75644833,0.59872554,184,778287,778470,778429,0
778695,1559027951481791,75801709,0.59822397,225,778471,778695,778555,0
778875,1559027953395708,74674042,0.59446178,180,778696,778875,778809,0
779113,1559027954004208,75128833,0.61647809,238,778876,779113,779082,0
779244,1559027955192041,74579584,0.61940373,131,779114,779244,779121,0
779446,1559027955748250,74998791,0.61862896,202,779245,779446,779321,0
779642,1559027956861541,74809250,0.64121584,196,779447,779642,779528,0
779740,1559027957922666,74232292,0.58915033,98,779643,779740,779691,0
779910,1559027959130750,73862250,0.60850876,170,779741,779910,779793,0
780166,1559027959816708,74430333,0.59243858,256,779911,780166,780049,0
780422,1559027960687791,74818584,0.63755647,256,780167,780422,780220,0
780590,1559027960761291,75549167,0.60332944,168,780423,780590,780530,0
780753,1559027961609333,75507042,0.55736775,163,780591,780753,780625,0
780938,1559027962238125,75792666,0.6298314,185,780754,780938,780816,0
781097,1559027962248541,76540209,0.5681895,159,780939,781097,781068,0
781310,1559027965567958,74272625,0.58800449,213,781098,781310,781254,0
781551,1559027966510916,74471125,0.5797155,241,781311,781551,781501,0
781721,1559027967598166,74192000,0.58821582,170,781552,781721,781558,0
781977,1559027968472416,74507875,0.61040398,256,781722,781977,781805,0
782224,1559027970418791,73661292,0.6066355,247,781978,782224,782016,0
782464,1559027971393958,73765042,0.57977163,240,782225,782464,782353,0
782504,1559027971395958,73952500,0.54903925,40,782465,782504,782502,0
782757,1559027972523958,73969875,0.65932005,253,782505,782757,782599,0
783013,1559027974387875,73254500,0.59602317,256,782758,783013,782964,0
783181,1559027974396291,74037459,0.60274246,168,783014,783181,783133,0
783384,1559027975987000,73351875,0.59988771,203,783182,783384,783364,0
783550,1559027977129791,72962584,0.59365443,166,783385,783550,783546,0
783629,1559027977133750,73351791,0.61212021,79,783551,783629,783568,0
783825,1559027978282375,73135166,0.6686183,196,783630,783825,783692,0
784018,1559027980265625,72005291,0.56468519,193,783826,784018,783867,0
784274,1559027980584250,72860166,0.61662286,256,784019,784274,784199,0
784413,1559027980591208,73527417,0.64193169,139,784275,784413,784347,0
784578,1559027981574875,73265708,0.56950513,165,784414,784578,784506,0
784678,1559027981579916,73726375,0.58499298,100,784579,784678,784588,0
784865,1559027983191375,72948291,0.58175114,187,784679,784865,784783,0
785072,1559027984534666,72536250,0.6016676,207,784866,785072,785064,0
785233,1559027985741958,72025500,0.592464,161,785073,785233,785123,0
785484,1559027986219750,72714250,0.61858467,251,785234,785484,785336,0
785634,1559027986227875,73394208,0.58407239,150,785485,785634,785503,0
785731,1559027987254291,72822334,0.59487259,97,785635,785731,785695,0
785933,1559027988495708,72491000,0.57453155,202,785732,785933,785774,0
786189,1559027988673291,73493834,0.58325845,256,785934,786189,786087,0
786391,1559027989734375,73338166,0.57110776,202,786190,786391,786261,0
786626,1559027991424666,72717042,0.62981849,235,786392,786626,786568,0
786751,1559027991431500,73258291,0.57381751,125,786627,786751,786640,0
786987,1559027992599458,73170917,0.61250639,236,786752,786987,786967,0
787243,1559027993759958,73246667,0.65859587,256,786988,787243,787048,0
787445,1559027994624541,73358625,0.60433851,202,787244,787445,787327,0
787682,1559027995828083,73309167,0.60328128,237,787446,787682,787525,0
787829,1559027996417791,73445334,0.58603592,147,787683,787829,787736,0
788067,1559027997420083,73637583,0.58117719,238,787830,788067,788034,0
788263,1559027997516583,74504333,0.6051523,196,788068,788263,788138,0
788319,1559027997519416,74868459,0.5701834,56,788264,788319,788306,0
788370,1559027997522041,75245375,0.60298794,51,788320,788370,788341,0
788446,1559027997993541,75250209,0.60204624,76,788371,788446,788401,0
788563,1559027999136708,74671125,0.56066409,117,788447,788563,788554,0
788819,1559028001208416,73851417,0.59933504,256,788564,788819,788796,0
788989,1559028002960833,72944042,0.61451882,170,788820,788989,788947,0
789245,1559028004521458,72631417,0.64303692,256,788990,789245,789078,0
789407,1559028006053083,71901500,0.57807864,162,789246,789407,789335,0
789661,1559028006747708,72469708,0.61402743,254,789408,789661,789611,0
789880,1559028008603000,71716791,0.59535371,219,789662,789880,789827,0
789939,1559028008605958,72435167,0.57895925,59,789881,789939,789927,0
790161,1559028009552458,72020833,0.61915101,222,789940,790161,789963,0
790244,1559028009556625,72378875,0.57221192,83,790162,790244,790226,0
790425,1559028009661083,73122083,0.61467062,181,790245,790425,790317,0
790595,1559028010068875,73490208,0.59832341,170,790426,790595,790499,0
790716,1559028010074958,74058042,0.57762067,121,790596,790716,790641,0
790875,1559028011741958,73389250,0.5910827,159,790717,790875,790815,0
790981,1559028011747250,74068041,0.60441898,106,790876,790981,790906,0
791141,1559028012330458,74476125,0.60027493,160,790982,791141,791111,0
791331,1559028012339958,75692458,0.61028263,190,791142,791331,791281,0
791515,1559028014322666,74764625,0.66421782,184,791332,791515,791410,0
791653,1559028014330875,75371708,0.61290356,138,791516,791653,791574,0
791755,1559028014350625,75809125,0.60278975,102,791654,791755,791713,0
791969,1559028015215166,75885959,0.64918656,214,791756,791969,791800,0
792191,1559028016392416,75696417,0.59092323,222,791970,792191,792037,0
792323,1559028016399000,76271958,0.59030164,132,792192,792323,792263,0
792579,1559028019685375,74175041,0.65669599,256,792324,792579,792546,0
792595,1559028019686166,74233000,0.63011053,16,792580,792595,792582,0
792611,1559028019687000,74315125,0.60953219,16,792596,792611,792608,0
792627,1559028019687791,74396500,0.56683029,16,792612,792627,792617,0
792703,1559028020036083,74425583,0.63442299,76,792628,792703,792633,0
792761,1559028020039041,74670584,0.54975996,58,792704,792761,792734,0
792968,1559028020124041,75491375,0.59736265,207,792762,792968,792835,0
793224,1559028020261958,76494750,0.62120374,256,792969,793224,793029,0
793480,1559028020887250,77017416,0.60772612,256,793225,793480,793425,0
793522,1559028021987833,76117417,0.60193256,42,793481,793522,793481,0
793651,1559028021994291,76684875,0.57006598,129,793523,793651,793623,0
793723,1559028021997875,77000083,0.57819875,72,793652,793723,793714,0
793827,1559028023039541,76455500,0.55917741,104,793724,793827,793756,0
794044,1559028024560291,75852000,0.62012724,217,793828,794044,793966,0
794300,1559028025488541,76071417,0.62712254,256,794045,794300,794281,0
794521,1559028026334125,76238958,0.60192367,221,794301,794521,794373,0
794777,1559028028159250,75545250,0.59939127,256,794522,794777,794578,0
795018,1559028029787500,75024208,0.62206653,241,794778,795018,794923,0
795226,1559028030764541,74987125,0.62019624,208,795019,795226,795197,0
795400,1559028031715875,74937458,0.62414991,174,795227,795400,795367,0
795601,1559028032213208,75291125,0.62464416,201,795401,795601,795509,0
795635,1559028033040500,74616250,0.5783423,34,795602,795635,795602,0
795871,1559028035569250,73150875,0.57558784,236,795636,795871,795683,0
795922,1559028035572041,73376959,0.53749776,51,795872,795922,795915,0
796122,1559028036379958,73459625,0.63017868,200,795923,796122,796085,0
796340,1559028037146166,73652584,0.57751257,218,796123,796340,796337,0
796524,1559028038267750,73380083,0.61242889,184,796341,796524,796400,0
796780,1559028041789875,70991250,0.59227937,256,796525,796780,796660,0
797036,1559028044099750,69911375,0.59442219,256,796781,797036,796912,0
797205,1559028045211750,69545208,0.63125636,169,797037,797205,797204,0
797221,1559028045212541,69549000,0.5611185,16,797206,797221,797206,0
797303,1559028045216750,69929750,0.63925784,82,797222,797303,797231,0
797454,1559028045373583,70468042,0.61598194,151,797304,797454,797317,0
797658,1559028047694041,69086959,0.58870569,204,797455,797658,797567,0
797867,1559028049427250,68354666,0.61103145,209,797659,797867,797792,0
798112,1559028050149166,69114792,0.61090879,245,797868,798112,798079,0
798220,1559028050532500,69405125,0.59589135,108,798113,798220,798153,0
798466,1559028051472916,70058042,0.61692627,246,798221,798466,798449,0
798570,1559028051478125,70647166,0.59304753,104,798467,798570,798479,0
798775,1559028052312291,70792959,0.59929395,205,798571,798775,798638,0
798845,1559028052315750,71145791,0.57751384,70,798776,798845,798785,0
799049,1559028053519291,70947042,0.64087453,204,798846,799049,798872,0
799076,1559028053520666,71066292,0.4995355,27,799050,799076,799068,0
799318,1559028054380000,71354875,0.6315689,242,799077,799318,799100,0
799574,1559028055381833,71614250,0.61522731,256,799319,799574,799562,0
799619,1559028055384083,71852917,0.63829549,45,799575,799619,799582,0
799635,1559028055384875,71930625,0.51897098,16,799620,799635,799625,0
799825,1559028057148625,71065875,0.62853484,190,799636,799825,799785,0
799982,1559028057785250,71185625,0.5970506,157,799826,799982,799975,0
800040,1559028058992583,70255458,0.60755528,58,799983,800040,799992,0
800118,1559028058996583,70624750,0.59831643,78,800041,800118,800071,0
800223,1559028059666625,70474750,0.60530327,105,800119,800223,800165,0
800470,1559028060124125,71166333,0.60754791,247,800224,800470,800431,0
800697,1559028061036041,71693959,0.62263458,227,800471,800697,800529,0
800915,1559028062185000,71871000,0.60779822,218,800698,800915,800800,0
801171,1559028063154541,72506084,0.60230919,256,800916,801171,800956,0
801391,1559028064711791,72314084,0.63330478,220,801172,801391,801378,0
801536,1559028065921458,71977375,0.62107006,145,801392,801536,801418,0
801792,1559028068031916,71149417,0.64410942,256,801537,801792,801775,0
801870,1559028068036166,71524334,0.56726176,78,801793,801870,801858,0
801990,1559028069149791,71041042,0.59444516,120,801871,801990,801939,0
802225,1559028069893875,71293541,0.6023155,235,801991,802225,802198,0
802442,1559028071124000,71010208,0.59392582,217,802226,802442,802393,0
802678,1559028072769083,70486917,0.6397648,236,802443,802678,802632,0
802911,1559028072890375,71457833,0.63364895,233,802679,802911,802719,0
803163,1559028073854291,71685667,0.60877202,252,802912,803163,802968,0
803339,1559028075125875,71222083,0.61318985,176,803164,803339,803213,0
803404,1559028075129416,71529584,0.62750057,65,803340,803404,803340,0
803631,1559028075955083,71862625,0.63772835,227,803405,803631,803564,0
803764,1559028079208000,69228291,0.61225154,133,803632,803764,803693,0
803908,1559028079215875,69910916,0.60141272,144,803765,803908,803780,0
804131,1559028080791250,69395833,0.64164905,223,803909,804131,803983,0
804361,1559028082830625,68411291,0.64319282,230,804132,804361,804236,0
804557,1559028082840500,69304000,0.60900428,196,804362,804557,804495,0
804813,1559028084200125,69169416,0.63325526,256,804558,804813,804770,0
805009,1559028084210125,70061458,0.63732299,196,804814,805009,804909,0
805206,1559028085143416,70125834,0.574203,197,805010,805206,805132,0
805319,1559028085840208,69956417,0.59443301,113,805207,805319,805257,0
805447,1559028085846583,70664125,0.64122953,128,805320,805447,805392,0
805637,1559028088014375,69268625,0.62660174,190,805448,805637,805570,0
805798,1559028088022458,69997083,0.64987984,161,805638,805798,805685,0
806054,1559028089769083,69446792,0.60605493,256,805799,806054,805837,0
806310,1559028090206791,70180209,0.65296432,256,806055,806310,806301,0
806332,1559028091166625,69333125,0.63426197,22,806311,806332,806311,0
806348,1559028091167416,69409375,0.62393145,16,806333,806348,806345,0
806470,1559028091173583,69941125,0.57621968,122,806349,806470,806453,0
806701,1559028092202458,69958292,0.61340293,231,806471,806701,806526,0
806774,1559028092206125,70273458,0.64018076,73,806702,806774,806720,0
807005,1559028092718750,70812291,0.62623433,231,806775,807005,806952,0
807139,1559028093901625,70285541,0.63829761,134,807006,807139,807086,0
807395,1559028093970333,71390917,0.59043634,256,807140,807395,807340,0
807650,1559028094136583,72419292,0.61976185,255,807396,807650,807469,0
807757,1559028094467000,72910000,0.58665878,107,807651,807757,807746,0
807934,1559028094767541,73099917,0.64076093,177,807758,807934,807886,0
808190,1559028095643416,73425709,0.60188761,256,807935,808190,808135,0
808446,1559028096851833,73397792,0.64467236,256,808191,808446,808411,0
808570,1559028097929708,72884958,0.61130411,124,808447,808570,808568,0
808586,1559028097930500,72964208,0.59548323,16,808571,808586,808576,0
808612,1559028097931791,73088375,0.57333524,26,808587,808612,808600,0
808868,1559028098152875,74130708,0.62364927,256,808613,808868,808705,0
809124,1559028099062666,74855375,0.67610459,256,808869,809124,809061,0
809144,1559028099063625,74872583,0.60968774,20,809125,809144,809125,0
809311,1559028099480666,75197709,0.61145127,167,809145,809311,809239,0
809533,1559028100488791,75216792,0.64185669,222,809312,809533,809531,0
809549,1559028101601541,74177917,0.61218954,16,809534,809549,809547,0
809565,1559028101602333,74273417,0.63188469,16,809550,809565,809553,0
809581,1559028101603166,74353584,0.53284677,16,809566,809581,809573,0
809783,1559028102622833,74260667,0.59322286,202,809582,809783,809671,0
810016,1559028103748875,74185833,0.60819544,233,809784,810016,809835,0
810159,1559028104880708,73699583,0.58116441,143,810017,810159,810078,0
810356,1559028104890541,74624959,0.60853292,197,810160,810356,810172,0
810514,1559028107835708,72442917,0.62492758,158,810357,810514,810455,0
810643,1559028107842291,73036459,0.65325771,129,810515,810643,810628,0
810659,1559028107843125,73155916,0.54957731,16,810644,810659,810652,0
810675,1559028107843916,73211167,0.67894507,16,810660,810675,810670,0
810787,1559028107849625,73742333,0.59033335,112,810676,810787,810778,0
810933,1559028109011458,73261250,0.60293968,146,810788,810933,810874,0
811131,1559028109887708,73325667,0.62888831,198,810934,811131,811130,0
811147,1559028109888500,73391125,0.64961557,16,811132,811147,811141,0
811163,1559028109889333,73476917,0.60670492,16,811148,811163,811152,0
811293,1559028110839166,73163375,0.61990471,130,811164,811293,811164,0
811549,1559028111709166,73444500,0.65605684,256,811294,811549,811445,0
811805,1559028112844583,73527333,0.63862436,256,811550,811805,811769,0
811984,1559028114013791,73212500,0.61520012,179,811806,811984,811924,0
812240,1559028115052000,73745625,0.64809905,256,811985,812240,812177,0
812258,1559028115052916,73761875,0.60487272,18,812241,812258,812258,0
812280,1559028115054041,73762542,0.59843965,22,812259,812280,812269,0
812324,1559028115056250,74055666,0.61243982,44,812281,812324,812291,0
812378,1559028115059000,74406916,0.60094351,54,812325,812378,812345,0
812634,1559028115355541,75246875,0.61548058,256,812379,812634,812614,0
812837,1559028117840208,73648500,0.59944774,203,812635,812837,812746,0
813093,1559028119278833,73454583,0.64472019,256,812838,813093,813083,0
813294,1559028121569708,72118250,0.6103563,201,813094,813294,813170,0
813537,1559028122207458,72624625,0.60813703,243,813295,813537,813493,0
813605,1559028122211166,72974542,0.6762325,68,813538,813605,813542,0
813655,1559028123733291,71707542,0.62823744,50,813606,813655,813626,0
813671,1559028124596875,70917958,0.5566697,16,813656,813671,813661,0
813827,1559028124605333,71632792,0.59521602,156,813672,813827,813768,0
814063,1559028125771166,71616334,0.63039284,236,813828,814063,813973,0
814299,1559028127290666,71191042,0.65093792,236,814064,814299,814183,0
814534,1559028127356208,72227583,0.61951663,235,814300,814534,814506,0
814669,1559028128247250,71953833,0.57141395,135,814535,814669,814569,0
814900,1559028130202083,71037250,0.60176922,231,814670,814900,814706,0
815108,1559028131339291,70817084,0.62239543,208,814901,815108,815087,0
815238,1559028132738166,70035792,0.62346011,130,815109,815238,815153,0
815394,1559028137019750,66448750,0.62318861,156,815239,815394,815354,0
815595,1559028137029875,67398958,0.60631253,201,815395,815595,815412,0
815709,1559028137958375,67354916,0.5983163,114,815596,815709,815687,0
815862,1559028137966083,67961083,0.60674639,153,815710,815862,815743,0
816118,1559028139649916,67519500,0.59356166,256,815863,816118,816042,0
816374,1559028141360083,66979667,0.62176583,256,816119,816374,816319,0
816621,1559028144397416,65172292,0.67761214,247,816375,816621,816606,0
816637,1559028144398250,65243250,0.61553055,16,816622,816637,816632,0
816653,1559028144399041,65327959,0.59797442,16,816638,816653,816650,0
816836,1559028145577750,65005166,0.582646,183,816654,816836,816675,0
817052,1559028146384666,65202917,0.63351258,216,816837,817052,816970,0
817143,1559028146392625,65619666,0.59799253,91,817053,817143,817104,0
817374,1559028146736541,66376292,0.6318691,231,817144,817374,817349,0
817491,1559028147817958,65856708,0.61632936,117,817375,817491,817400,0
817743,1559028149254375,65680291,0.60372303,252,817492,817743,817572,0
817813,1559028151265083,64042458,0.5882785,70,817744,817813,817751,0
818012,1559028152222416,64077334,0.58486997,199,817814,818012,817928,0
818150,1559028152230666,64745417,0.59024759,138,818013,818150,818099,0
818393,1559028153476000,64945291,0.59034687,243,818151,818393,818390,0
818409,1559028154315125,64128791,0.55699863,16,818394,818409,818403,0
818567,1559028154323083,64964500,0.62271564,158,818410,818567,818538,0
818823,1559028155948291,64594334,0.68728591,256,818568,818823,818577,0
819036,1559028156580291,65295292,0.61264445,213,818824,819036,818860,0
819205,1559028157379958,65254333,0.60049282,169,819037,819205,819088,0
819431,1559028158299333,65427083,0.61710258,226,819206,819431,819209,0
819687,1559028159298875,65692208,0.6286582,256,819432,819687,819592,0
819925,1559028160549458,65683625,0.6453923,238,819688,819925,819761,0
819957,1559028160551083,65795208,0.63490297,32,819926,819957,819931,0
820115,1559028160659666,66502584,0.58354475,158,819958,820115,820090,0
820238,1559028161177500,66523708,0.598356,123,820116,820238,820229,0
820254,1559028161178291,66606125,0.61071043,16,820239,820254,820244,0
820335,1559028161182416,67146875,0.6416423,81,820255,820335,820262,0
820543,1559028162195375,67654875,0.60697028,208,820336,820543,820435,0
820689,1559028162202750,68206458,0.62430912,146,820544,820689,820661,0
820775,1559028164202666,66638167,0.63129476,86,820690,820775,820723,0
820964,1559028165335458,66355625,0.62201745,189,820776,820964,820885,0
821153,1559028166529708,66026458,0.64913662,189,820965,821153,821021,0
821382,1559028167095125,66605875,0.64973736,229,821154,821382,821379,0
821398,1559028167095916,66668917,0.63136751,16,821383,821398,821383,0
821414,1559028167096708,66774125,0.61705484,16,821399,821414,821404,0
821469,1559028167099458,66986208,0.55190295,55,821415,821469,821417,0
821725,1559028169099916,66251167,0.58835701,256,821470,821725,821724,0
821901,1559028170319625,65794708,0.61284035,176,821726,821901,821740,0
822157,1559028170972541,66348584,0.64470687,256,821902,822157,822057,0
822405,1559028171113250,67358208,0.59847605,248,822158,822405,822228,0
822519,1559028173772416,65225875,0.63934525,114,822406,822519,822519,0
822775,1559028173932083,66768292,0.68487594,256,822520,822775,822573,0
823031,1559028174723291,67146917,0.60635518,256,822776,823031,822827,0
823237,1559028175718375,67157125,0.63492915,206,823032,823237,823095,0
823493,1559028175847958,68268125,0.64038003,256,823238,823493,823424,0
823694,1559028175920916,69131959,0.60458498,201,823494,823694,823626,0
823903,1559028175988416,70016459,0.59896902,209,823695,823903,823733,0
824115,1559028178011958,68940583,0.61138184,212,823904,824115,823938,0
824326,1559028178604583,69331833,0.57218914,211,824116,824326,824261,0
824476,1559028180961958,67676375,0.62098797,150,824327,824476,824466,0
824548,1559028180969291,67990917,0.59808108,72,824477,824548,824491,0
824776,1559028181055583,69013583,0.62856775,228,824549,824776,824618,0
824888,1559028181660458,68929792,0.59053032,112,824777,824888,824870,0
825022,1559028181667166,69555000,0.59013306,134,824889,825022,824920,0
825278,1559028183189125,69587666,0.64044553,256,825023,825278,825223,0
825421,1559028183224833,70128708,0.59338657,143,825279,825421,825400,0
825677,1559028185204458,69351625,0.62097953,256,825422,825677,825488,0
825846,1559028186412833,68938167,0.59937517,169,825678,825846,825735,0
826000,1559028187248291,69040834,0.60027526,154,825847,826000,825892,0
826016,1559028187249083,69134167,0.60962017,16,826001,826016,826008,0
826044,1559028187250500,69333916,0.56337285,28,826017,826044,826017,0
826283,1559028188828416,68860625,0.60111605,239,826045,826283,826149,0
826451,1559028188891041,69611375,0.61720247,168,826284,826451,826347,0
826707,1559028189016125,70640500,0.64102501,256,826452,826707,826538,0
826963,1559028189074625,71751375,0.58298577,256,826708,826963,826939,0
827219,1559028189323958,72939625,0.59691529,256,826964,827219,827134,0
827475,1559028190551666,72890750,0.6443855,256,827220,827475,827259,0
827660,1559028191571000,72739750,0.65614144,185,827476,827660,827559,0
827801,1559028192825708,72117583,0.57842803,141,827661,827801,827773,0
828057,1559028193831791,72306500,0.61891241,256,827802,828057,828054,0
828191,1559028193839625,72893458,0.6332931,134,828058,828191,828081,0
828362,1559028194969416,72549584,0.58710934,171,828192,828362,828196,0
828492,1559028195260291,72866750,0.58076314,130,828363,828492,828452,0
828587,1559028195467833,73066125,0.60331849,95,828493,828587,828493,0
828821,1559028195545916,74059709,0.61998326,234,828588,828821,828701,0
829059,1559028197437708,73235167,0.65400459,238,828822,829059,829035,0
829315,1559028198536125,73554541,0.6237523,256,829060,829315,829134,0
829491,1559028199590791,73281375,0.57439143,176,829316,829491,829387,0
829642,1559028200283833,73384375,0.6458288,151,829492,829642,829599,0
829803,1559028201366000,72952750,0.59749237,161,829643,829803,829752,0
829987,1559028202620291,72544417,0.57496355,184,829804,829987,829961,0
830118,1559028203498833,72256833,0.597402,131,829988,830118,830061,0
830374,1559028204516500,72353583,0.61188899,256,830119,830374,830235,0
830630,1559028205977625,72080791,0.66563199,256,830375,830630,830416,0
830886,1559028207215166,71992292,0.61303204,256,830631,830886,830869,0
831093,1559028208400083,71706667,0.59416986,207,830887,831093,831039,0
831188,1559028208404875,72124875,0.60281846,95,831094,831188,831136,0
831421,1559028209622708,71972583,0.59442221,233,831189,831421,831299,0
831592,1559028209769833,72595708,0.57155643,171,831422,831592,831591,0
831809,1559028209782583,73504542,0.59648675,217,831593,831809,831707,0
831981,1559028210682500,73377333,0.59384777,172,831810,831981,831879,0
832173,1559028211663625,73360000,0.65585927,192,831982,832173,832050,0
832429,1559028212085000,74187250,0.63750405,256,832174,832429,832395,0
832609,1559028213694750,73379458,0.54946415,180,832430,832609,832482,0
832865,1559028214978458,73329083,0.65071636,256,832610,832865,832698,0
833117,1559028215338208,74370042,0.59603534,252,832866,833117,832882,0
833373,1559028216335291,74639042,0.62639294,256,833118,833373,833314,0
833622,1559028218655458,73574792,0.59937858,249,833374,833622,833439,0
833777,1559028218664291,74303125,0.61854913,155,833623,833777,833631,0
833936,1559028219362416,74407875,0.59637254,159,833778,833936,833899,0
834192,1559028220591166,74664292,0.6080745,256,833937,834192,833995,0
834403,1559028222089250,74194458,0.63534921,211,834193,834403,834202,0
834635,1559028222655333,74748042,0.59496119,232,834404,834635,834459,0
834687,1559028222658125,74989625,0.59199943,52,834636,834687,834650,0
834857,1559028223848625,74594791,0.58953778,170,834688,834857,834711,0
835113,1559028225074958,74627667,0.62598071,256,834858,835113,834911,0
835369,1559028226391500,74522375,0.62042115,256,835114,835369,835310,0
835606,1559028227210750,75169291,0.6007891,237,835370,835606,835384,0
835778,1559028228237875,75065041,0.60044824,172,835607,835778,835687,0
835951,1559028228247958,75782833,0.60120333,173,835779,835951,835916,0
836156,1559028228435708,76610792,0.62258164,205,835952,836156,836031,0
836263,1559028228441083,77086958,0.61672773,107,836157,836263,836177,0
836326,1559028229669208,76489958,0.58956175,63,836264,836326,836271,0
836495,1559028229677666,77144667,0.63793373,169,836327,836495,836484,0
836581,1559028230407125,76946083,0.56634498,86,836496,836581,836552,0
836819,1559028230863375,78012625,0.65676825,238,836582,836819,836807,0
836978,1559028231753083,78125208,0.58900255,159,836820,836978,836941,0
837163,1559028231762375,79022666,0.65068601,185,836979,837163,837136,0
837285,1559028232578875,78739250,0.61783429,122,837164,837285,837251,0
837463,1559028232587833,79535083,0.65469798,178,837286,837463,837363,0
837588,1559028233720250,78947000,0.63176897,125,837464,837588,837523,0
837700,1559028233725875,79438250,0.55779443,112,837589,837700,837636,0
837875,1559028233853958,80094833,0.61766377,175,837701,837875,837852,0
837938,1559028233857125,80347125,0.59563738,63,837876,837938,837928,0
838092,1559028234118000,80774041,0.58513977,154,837939,838092,837967,0
838278,1559028234127333,81590208,0.59642016,186,838093,838278,838174,0
838446,1559028235368666,81067417,0.59249444,168,838279,838446,838446,0
838501,1559028236160166,80539042,0.58492042,55,838447,838501,838495,0
838533,1559028236162250,80683875,0.58815758,32,838502,838533,838530,0
838619,1559028236167250,81055333,0.66309834,86,838534,838619,838535,0
838875,1559028238535375,79889375,0.61057383,256,838620,838875,838830,0
839131,1559028239069541,80524792,0.59880173,256,838876,839131,838927,0
839387,1559028240727375,80019958,0.60759245,256,839132,839387,839191,0
839643,1559028241901166,80128209,0.65781552,256,839388,839643,839424,0
839824,1559028242914000,80212000,0.63380544,181,839644,839824,839704,0
839994,1559028244122916,79744834,0.59752637,170,839825,839994,839856,0
840199,1559028245109875,79696208,0.60113956,205,839995,840199,840093,0
840444,1559028247975583,77948667,0.62129579,245,840200,840444,840357,0
840546,1559028247980750,78400250,0.57520302,102,840445,840546,840514,0
840693,1559028248972875,78129500,0.62064396,147,840547,840693,840657,0
840810,1559028248978750,78752875,0.59170674,117,840694,840810,840727,0
841066,1559028250186500,78688125,0.60302827,256,840811,841066,840880,0
841288,1559028251225166,78660500,0.60785975,222,841067,841288,841179,0
841544,1559028252981208,78031375,0.61596974,256,841289,841544,841397,0
841605,1559028253644750,77636791,0.55640944,61,841545,841605,841553,0
841861,1559028255605041,76783250,0.56519687,256,841606,841861,841775,0
842047,1559028256402666,76814834,0.62374666,186,841862,842047,841951,0
842269,1559028256613708,77582708,0.6010083,222,842048,842269,842117,0
842525,1559028257762958,77595208,0.58368317,256,842270,842525,842310,0
842707,1559028260884208,75230500,0.58232311,182,842526,842707,842585,0
842843,1559028262345916,74400500,0.6099363,136,842708,842843,842804,0
842937,1559028262363625,74818708,0.57872117,94,842844,842937,842873,0
843073,1559028263512166,74251292,0.60861314,136,842938,843073,842938,0
843273,1559028264394833,74402375,0.60607571,200,843074,843273,843247,0
843315,1559028264396958,74600542,0.61528807,42,843274,843315,843281,0
843368,1559028264399625,75066625,0.58069453,53,843316,843368,843339,0
843624,1559028265046833,75769667,0.60228561,256,843369,843624,843523,0
843880,1559028266179791,76183667,0.65134198,256,843625,843880,843862,0
844059,1559028266801166,76673500,0.54998836,179,843881,844059,843974,0
844265,1559028267621541,76995709,0.62799196,206,844060,844265,844136,0
844521,1559028268167416,77581709,0.64382915,256,844266,844521,844454,0
844777,1559028269790708,77204500,0.61922696,256,844522,844777,844668,0
844956,1559028272370375,75319625,0.60329803,179,844778,844956,844799,0
845212,1559028272922125,75883250,0.62816033,256,844957,845212,845159,0
845468,1559028273716208,76200583,0.57488227,256,845213,845468,845390,0
845692,1559028274405833,76468458,0.64913908,224,845469,845692,845529,0
845859,1559028275226250,76385208,0.59932455,167,845693,845859,845820,0
846061,1559028275804541,76709084,0.58963899,202,845860,846061,845982,0
846077,1559028275805333,76771208,0.53059912,16,846062,846077,846069,0
846243,1559028276966000,76351583,0.61677297,166,846078,846243,846227,0
846347,1559028276971250,76845083,0.65642894,104,846244,846347,846328,0
846487,1559028278103166,76318042,0.59803943,140,846348,846487,846352,0
846652,1559028279364916,76106459,0.61479246,165,846488,846652,846554,0
846765,1559028279371416,76655000,0.58687898,113,846653,846765,846724,0
846924,1559028280191583,76522083,0.55178688,159,846766,846924,846795,0
847142,1559028281686333,76048750,0.59135754,218,846925,847142,847140,0
847273,1559028282412916,75862834,0.60889053,131,847143,847273,847192,0
847529,1559028285047791,74385542,0.63722307,256,847274,847529,847528,0
847785,1559028286336000,74270625,0.6789547,256,847530,847785,847564,0
847945,1559028286344083,75028917,0.574897,160,847786,847945,847829,0
848201,1559028288362500,74145666,0.62730144,256,847946,848201,847963,0
848316,1559028288368291,74679667,0.57473111,115,848202,848316,848260,0
848571,1559028289798333,74384792,0.64256733,255,848317,848571,848558,0
848827,1559028291185916,74233875,0.62837244,256,848572,848827,848738,0
848843,1559028291186791,74236042,0.61037447,16,848828,848843,848830,0
848859,1559028291187625,74443333,0.58086085,16,848844,848859,848848,0
848945,1559028292270750,73693500,0.5982365,86,848860,848945,848934,0
849090,1559028293034583,73571000,0.59210864,145,848946,849090,849019,0
849243,1559028293042916,74210334,0.60359799,153,849091,849243,849210,0
849499,1559028293842958,74601125,0.58793211,256,849244,849499,849267,0
849642,1559028295241208,73814375,0.56453933,143,849500,849642,849549,0
849898,1559028296729958,73471167,0.59659302,256,849643,849898,849648,0
850154,1559028297562166,73799750,0.61424866,256,849899,850154,850051,0
850357,1559028299722208,72604333,0.62930165,203,850155,850357,850343,0
850507,1559028300996958,72116542,0.56470256,150,850358,850507,850367,0
850735,1559028302370708,71700167,0.58270619,228,850508,850735,850654,0
850945,1559028304101583,70866000,0.58112582,210,850736,850945,850827,0
851197,1559028305139875,70946666,0.62488011,252,850946,851197,850957,0
851321,1559028305546666,71099209,0.57593519,124,851198,851321,851231,0
851403,1559028306111500,70894000,0.58236464,82,851322,851403,851396,0
851461,1559028306114416,71140709,0.57055229,58,851404,851461,851419,0
851615,1559028306122083,71845667,0.62010245,154,851462,851615,851578,0
851794,1559028307073000,71754583,0.61426755,179,851616,851794,851636,0
851887,1559028307489875,71760708,0.61091659,93,851795,851887,851830,0
852143,1559028308870416,71645625,0.59584126,256,851888,852143,852094,0
852399,1559028309891291,71839084,0.60658991,256,852144,852399,852213,0
852620,1559028310810416,71963584,0.61519844,221,852400,852620,852489,0
852831,1559028311372000,72357291,0.59425728,211,852621,852831,852738,0
853069,1559028313980125,70884541,0.61129457,238,852832,853069,853016,0
853308,1559028314304166,71884125,0.60562089,239,853070,853308,853295,0
853479,1559028315004166,72265084,0.58043604,171,853309,853479,853374,0
853735,1559028315770458,72994292,0.60377393,256,853480,853735,853520,0
853885,1559028316469083,72986500,0.62713047,150,853736,853885,853836,0
853967,1559028316473208,73400083,0.6093607,82,853886,853967,853945,0
854160,1559028316752458,73964250,0.5839479,193,853968,854160,853972,0
854416,1559028316898166,74957417,0.65692913,256,854161,854416,854263,0
854672,1559028318515291,74480709,0.61805452,256,854417,854672,854465,0
854899,1559028319643750,74401166,0.62261602,227,854673,854899,854803,0
855089,1559028320789208,74040125,0.57629691,190,854900,855089,855030,0
855278,1559028320800333,74869125,0.61549548,189,855090,855278,855236,0
855475,1559028323214750,73409250,0.59284452,197,855279,855475,855433,0
855670,1559028324916416,72518125,0.59535012,195,855476,855670,855536,0
855807,1559028325927083,72107542,0.60383213,137,855671,855807,855690,0
856063,1559028327126041,72038750,0.58227665,256,855808,856063,856062,0
856319,1559028327777750,72775875,0.57086195,256,856064,856319,856064,0
856444,1559028327786333,73038708,0.59378722,125,856320,856444,856332,0
856574,1559028328885666,72457459,0.56336057,130,856445,856574,856467,0
856824,1559028330183333,72262292,0.62129146,250,856575,856824,856802,0
856951,1559028331048958,71983417,0.62494963,127,856825,856951,856835,0
857203,1559028331289833,72801750,0.59723363,252,856952,857203,857044,0
857459,1559028332455250,72833583,0.58792185,256,857204,857459,857302,0
857667,1559028333267708,72956792,0.61263605,208,857460,857667,857590,0
857852,1559028334271208,72929208,0.59954949,185,857668,857852,857720,0
858090,1559028336273166,71997375,0.61526841,238,857853,858090,857875,0
858293,1559028336781916,72382417,0.57430543,203,858091,858293,858290,0
858316,1559028336783083,72498542,0.60018103,23,858294,858316,858300,0
858332,1559028336783875,72591958,0.61289621,16,858317,858332,858324,0
858411,1559028336799500,72924250,0.58664847,79,858333,858411,858350,0
858571,1559028337282625,73190041,0.69292101,160,858412,858571,858558,0
858587,1559028337283458,73285458,0.6426057,16,858572,858587,858573,0
858603,1559028337284250,73356291,0.62522518,16,858588,858603,858601,0
858619,1559028337285041,73444917,0.59500802,16,858604,858619,858615,0
858635,1559028337285875,73518708,0.57497912,16,858620,858635,858625,0
858766,1559028337292416,74127292,0.59693152,131,858636,858766,858667,0
858937,1559028337857500,74354166,0.59034389,171,858767,858937,858883,0
858986,1559028337859958,74579792,0.55427947,49,858938,858986,858943,0
859040,1559028339198041,73482167,0.57075411,54,858987,859040,859005,0
859144,1559028339204125,73986541,0.62245042,104,859041,859144,859046,0
859311,1559028339544916,74422000,0.57668844,167,859145,859311,859171,0
859567,1559028339751083,75396250,0.59891146,256,859312,859567,859472,0
859787,1559028342395291,73696250,0.59348389,220,859568,859787,859762,0
859918,1559028343530750,73177791,0.59958757,131,859788,859918,859897,0
860067,1559028343539458,73835833,0.58000046,149,859919,860067,860050,0
860270,1559028344670916,73559292,0.55770293,203,860068,860270,860242,0
860526,1559028345779833,73563792,0.60133077,256,860271,860526,860289,0
860782,1559028347897708,72614250,0.63295032,256,860527,860782,860666,0
861038,1559028348853791,72960500,0.60153947,256,860783,861038,861002,0
861248,1559028349949791,72827542,0.59920349,210,861039,861248,861040,0
861448,1559028350948916,72775292,0.59158211,200,861249,861448,861373,0
861704,1559028351655708,73192667,0.64671385,256,861449,861704,861544,0
861960,1559028352657666,73410417,0.63386269,256,861705,861960,861875,0
861976,1559028352658500,73492333,0.60426512,16,861961,861976,861966,0
861992,1559028352659333,73568750,0.52578471,16,861977,861992,861989,0
862140,1559028352666833,74179500,0.5932298,148,861993,862140,862117,0
862300,1559028353379833,74221458,0.63753856,160,862141,862300,862260,0
862556,1559028356178458,72575000,0.59024547,256,862301,862556,862375,0
862707,1559028358386375,71079291,0.63687953,151,862557,862707,862655,0
862952,1559028361347291,69290709,0.60181328,245,862708,862952,862774,0
863076,1559028362561958,68578125,0.64143286,124,862953,863076,862978,0
863299,1559028365367875,66789500,0.57706709,223,863077,863299,863164,0
863543,1559028365461625,67797250,0.61257362,244,863300,863543,863429,0
863653,1559028365487916,68257792,0.57822341,110,863544,863653,863593,0
863823,1559028365599000,68899666,0.60967855,170,863654,863823,863686,0
863972,1559028365933583,69591875,0.59341199,149,863824,863972,863831,0
864167,1559028367316958,69413875,0.64639082,195,863973,864167,864021,0
864183,1559028367317750,69566583,0.5305742,16,864168,864183,864171,0
864376,1559028368509625,69549958,0.61029215,193,864184,864376,864207,0
864513,1559028368516541,70375459,0.62883106,137,864377,864513,864431,0
864763,1559028369146333,71285000,0.56860543,250,864514,864763,864630,0
864929,1559028370233708,70741375,0.56441215,166,864764,864929,864810,0
865122,1559028370245083,71386917,0.60762078,193,864930,865122,865012,0
865295,1559028371450708,70958000,0.61130886,173,865123,865295,865189,0
865503,1559028372427708,70873208,0.5750652,208,865296,865503,865347,0
865759,1559028373446250,70985166,0.58355571,256,865504,865759,865754,0
865957,1559028374580625,70696958,0.58718128,198,865760,865957,865933,0
866213,1559028376756333,69650083,0.61997599,256,865958,866213,866045,0
866351,1559028377047833,69957583,0.59053964,138,866214,866351,866343,0
866607,1559028377329041,70854834,0.63354144,256,866352,866607,866553,0
866863,1559028378894583,70398250,0.61653147,256,866608,866863,866699,0
867105,1559028379281250,71058166,0.56357814,242,866864,867105,866908,0
867288,1559028380600833,70574333,0.59877957,183,867106,867288,867263,0
867464,1559028381788416,70140292,0.60738056,176,867289,867464,867316,0
867650,1559028382816000,69920750,0.61848223,186,867465,867650,867567,0
867906,1559028383756500,70103791,0.5728344,256,867651,867906,867799,0
868162,1559028386237958,68892167,0.61213227,256,867907,868162,868026,0
868364,1559028388916875,67117916,0.59197516,202,868163,868364,868185,0
868582,1559028389520458,67626042,0.59319544,218,868365,868582,868469,0
868684,1559028389862375,67678666,0.56035767,102,868583,868684,868614,0
868901,1559028390809833,67617000,0.59242797,217,868685,868901,868764,0
869138,1559028391960458,67504583,0.59253761,237,868902,869138,869107,0
869244,1559028393002750,67002708,0.6337925,106,869139,869244,869185,0
869500,1559028394057583,67094375,0.62627704,256,869245,869500,869375,0
869756,1559028394872166,67397667,0.57674917,256,869501,869756,869699,0
869859,1559028395737916,66994834,0.58328891,103,869757,869859,869794,0
870082,1559028396645750,67161000,0.61252297,223,869860,870082,870042,0
870338,1559028397451875,67615125,0.63678324,256,870083,870338,870318,0
870379,1559028397473708,67821750,0.54759996,41,870339,870379,870361,0
870588,1559028398114083,68218125,0.61420734,209,870380,870588,870414,0
870794,1559028399182291,68121209,0.60904724,206,870589,870794,870774,0
870954,1559028399194083,68871625,0.5744922,160,870795,870954,870931,0
871206,1559028400856416,68359250,0.60613878,252,870955,871206,871059,0
871455,1559028401408041,68936334,0.59180814,249,871207,871455,871400,0
871655,1559028402579125,68741083,0.61424834,200,871456,871655,871517,0
871818,1559028403096833,69269292,0.59625723,163,871656,871818,871789,0
871924,1559028403102291,69882917,0.58037812,106,871819,871924,871915,0
872050,1559028404140625,69572916,0.60373505,126,871925,872050,872002,0
872293,1559028405302541,69820625,0.61460563,243,872051,872293,872272,0
872316,1559028405303833,69826500,0.53343172,23,872294,872316,872295,0
872423,1559028405310083,70230542,0.63025999,107,872317,872423,872376,0
872679,1559028407236791,69551250,0.66362755,256,872424,872679,872543,0
872889,1559028408447750,69252250,0.59566289,210,872680,872889,872887,0
873145,1559028409214916,69666459,0.62217051,256,872890,873145,872917,0
873401,1559028409422333,70655000,0.64805175,256,873146,873401,873382,0
873657,1559028409742666,71485125,0.60259417,256,873402,873657,873615,0
873913,1559028410621416,71770584,0.62971467,256,873658,873913,873773,0
874122,1559028410633500,72765291,0.6198063,209,873914,874122,873982,0
874330,1559028410747000,73553541,0.58066036,208,874123,874330,874261,0
874536,1559028410887166,74565459,0.62529003,206,874331,874536,874439,0
874736,1559028411457416,75252125,0.60866964,200,874537,874736,874643,0
874766,1559028411459250,75441958,0.62864922,30,874737,874766,874749,0
874861,1559028411464916,76024750,0.58913855,95,874767,874861,874808,0
875117,1559028412464833,76469625,0.62037311,256,874862,875117,875030,0
875222,1559028412470125,76901666,0.55518353,105,875118,875222,875129,0
875364,1559028412740458,77380583,0.55209246,142,875223,875364,875270,0
875592,1559028413204916,77873209,0.63898438,228,875365,875592,875524,0
875736,1559028413212166,78464250,0.60914251,144,875593,875736,875632,0
875802,1559028413951833,78002875,0.57661624,66,875737,875802,875762,0
876008,1559028415132750,77701750,0.60579449,206,875803,876008,875865,0
876264,1559028417093833,76860917,0.59432828,256,876009,876264,876156,0
876392,1559028417466333,77050292,0.56983826,128,876265,876392,876319,0
876562,1559028419531958,75717875,0.57141594,170,876393,876562,876495,0
876818,1559028420584666,75787042,0.58731305,256,876563,876818,876756,0
877001,1559028421906666,75265500,0.59258233,183,876819,877001,876966,0
877068,1559028421910083,75560500,0.63939749,67,877002,877068,877044,0
877084,1559028421910875,75656208,0.61651825,16,877069,877084,877074,0
877100,1559028421911666,75727000,0.55318249,16,877085,877100,877088,0
877255,1559028422837000,75462500,0.58810538,155,877101,877255,877125,0
877511,1559028423726791,75716250,0.63027226,256,877256,877511,877374,0
877700,1559028423747583,76581500,0.58755874,189,877512,877700,877610,0
877956,1559028424931958,76560667,0.56916369,256,877701,877956,877873,0
878081,1559028426084250,75959666,0.62146377,125,877957,878081,877982,0
878286,1559028426152833,76883250,0.60246461,205,878082,878286,878132,0
878470,1559028426258208,77538208,0.59872554,184,878287,878470,878429,0
878695,1559028426924583,77889417,0.59822397,225,878471,878695,878555,0
878875,1559028428808250,76953833,0.59446178,180,878696,878875,878809,0
879113,1559028429496708,77307250,0.61647809,238,878876,879113,879082,0
879244,1559028430593375,76859375,0.61940373,131,879114,879244,879121,0
879446,1559028431208708,77128250,0.61862896,202,879245,879446,879321,0
879642,1559028432218333,76949917,0.64121584,196,879447,879642,879528,0
879740,1559028433293708,76341083,0.58915033,98,879643,879740,879691,0
879910,1559028434751375,75671583,0.60850876,170,879741,879910,879793,0
880166,1559028435527708,76048875,0.59243858,256,879911,880166,880049,0
880422,1559028436797666,75906042,0.63755647,256,880167,880422,880220,0
880590,1559028436901458,76544875,0.60332944,168,880423,880590,880530,0
880753,1559028438422750,75726166,0.55736775,163,880591,880753,880625,0
880938,1559028439013041,75972709,0.6298314,185,880754,880938,880816,0
881097,1559028439045750,76642041,0.5681895,159,880939,881097,881068,0
881310,1559028442442375,74195708,0.58800449,213,881098,881310,881254,0
881551,1559028443808583,73899542,0.5797155,241,881311,881551,881501,0
881721,1559028444450125,74000500,0.58821582,170,881552,881721,881558,0
881977,1559028445369625,74215708,0.61040398,256,881722,881977,881805,0
882224,1559028447043541,73586250,0.6066355,247,881978,882224,882016,0
882464,1559028448255458,73650375,0.57977163,240,882225,882464,882353,0
882504,1559028448257500,73819916,0.54903925,40,882465,882504,882502,0
882757,1559028449407875,74005916,0.65932005,253,882505,882757,882599,0
883013,1559028451225250,73344083,0.59602317,256,882758,883013,882964,0
883181,1559028451259833,74112042,0.60274246,168,883014,883181,883133,0
883384,1559028452766041,73536000,0.59988771,203,883182,883384,883364,0
883550,1559028453991416,73041959,0.59365443,166,883385,883550,883546,0
883629,1559028453996041,73450209,0.61212021,79,883551,883629,883568,0
883825,1559028455113666,73281375,0.6686183,196,883630,883825,883692,0
884018,1559028456999083,72254250,0.56468519,193,883826,884018,883867,0
884274,1559028457461875,72966666,0.61662286,256,884019,884274,884199,0
884413,1559028457497541,73577542,0.64193169,139,884275,884413,884347,0
884578,1559028458419416,73396375,0.56950513,165,884414,884578,884506,0
884678,1559028458424416,73854167,0.58499298,100,884579,884678,884588,0
884865,1559028460054375,73088833,0.58175114,187,884679,884865,884783,0
885072,1559028461290375,72805541,0.6016676,207,884866,885072,885064,0
885233,1559028462324333,72526208,0.592464,161,885073,885233,885123,0
885484,1559028462829208,73208292,0.61858467,251,885234,885484,885336,0
885634,1559028462836875,73821208,0.58407239,150,885485,885634,885503,0
885731,1559028463881208,73220375,0.59487259,97,885635,885731,885695,0
885933,1559028465114500,72891000,0.57453155,202,885732,885933,885774,0
886189,1559028465325708,74063708,0.58325845,256,885934,886189,886087,0
886391,1559028466352416,73928917,0.57110776,202,886190,886391,886261,0
886626,1559028468080208,73301917,0.62981849,235,886392,886626,886568,0
886751,1559028468098666,73841250,0.57381751,125,886627,886751,886640,0
886987,1559028469733041,73281042,0.61250639,236,886752,886987,886967,0
887243,1559028470393291,73940750,0.65859587,256,886988,887243,887048,0
887445,1559028471711041,73585042,0.60433851,202,887244,887445,887327,0
887682,1559028473002291,73316125,0.60328128,237,887446,887682,887525,0
887829,1559028473728083,73284583,0.58603592,147,887683,887829,887736,0
888067,1559028475232625,72850250,0.58117719,238,887830,888067,888034,0
888263,1559028475243208,73730792,0.6051523,196,888068,888263,888138,0
888319,1559028475246250,73975500,0.5701834,56,888264,888319,888306,0
888370,1559028475249000,74235625,0.60298794,51,888320,888370,888341,0
888446,1559028475624500,74197708,0.60204624,76,888371,888446,888401,0
888563,1559028476798541,73569834,0.56066409,117,888447,888563,888554,0
888819,1559028478935166,72757792,0.59933504,256,888564,888819,888796,0
888989,1559028480122250,72417458,0.61451882,170,888820,888989,888947,0
889245,1559028481272083,72539042,0.64303692,256,888990,889245,889078,0
889407,1559028482466083,72123083,0.57807864,162,889246,889407,889335,0
889661,1559028483377500,72639625,0.61402743,254,889408,889661,889611,0
889880,1559028485466416,71515250,0.59535371,219,889662,889880,889827,0
889939,1559028485469416,71785500,0.57895925,59,889881,889939,889927,0
890161,1559028486752625,71598166,0.61915101,222,889940,890161,889963,0
890244,1559028486768583,71979625,0.57221192,83,890162,890244,890226,0
890425,1559028486936041,72726167,0.61467062,181,890245,890425,890317,0
890595,1559028487522833,72952750,0.59832341,170,890426,890595,890499,0
890716,1559028487529000,73566750,0.57762067,121,890596,890716,890641,0
890875,1559028489438833,72432083,0.5910827,159,890717,890875,890815,0
890981,1559028489444208,72940417,0.60441898,106,890876,890981,890906,0
891141,1559028490139666,73026375,0.60027493,160,890982,891141,891111,0
891331,1559028490149250,73842500,0.61028263,190,891142,891331,891281,0
891515,1559028491062958,73846500,0.66421782,184,891332,891515,891410,0
891653,1559028491793041,73701709,0.61290356,138,891516,891653,891574,0
891755,1559028491798166,74173542,0.60278975,102,891654,891755,891713,0
891969,1559028492911208,74036417,0.64918656,214,891756,891969,891800,0
892191,1559028494115833,73833708,0.59092323,222,891970,892191,892037,0
892323,1559028494123583,74472083,0.59030164,132,892192,892323,892263,0
892579,1559028497278208,72520625,0.65669599,256,892324,892579,892546,0
892595,1559028497279041,72573584,0.63011053,16,892580,892595,892582,0
892611,1559028497279833,72665458,0.60953219,16,892596,892611,892608,0
892627,1559028497280666,72757500,0.56683029,16,892612,892627,892617,0
892703,1559028497490875,72923291,0.63442299,76,892628,892703,892633,0
892761,1559028497493833,73176750,0.54975996,58,892704,892761,892734,0
892968,1559028497596041,74534959,0.59736265,207,892762,892968,892835,0
893224,1559028497672708,75349667,0.62120374,256,892969,893224,893029,0
893480,1559028498416916,75758292,0.60772612,256,893225,893480,893425,0
893522,1559028499487375,74856833,0.60193256,42,893481,893522,893481,0
893651,1559028499493875,75426458,0.57006598,129,893523,893651,893623,0
893723,1559028499497500,75739833,0.57819875,72,893652,893723,893714,0
893827,1559028500388541,75301959,0.55917741,104,893724,893827,893756,0
894044,1559028502074125,74588750,0.62012724,217,893828,894044,893966,0
894300,1559028503229958,74854000,0.62712254,256,894045,894300,894281,0
894521,1559028503838416,75290292,0.60192367,221,894301,894521,894373,0
894777,1559028505942916,74345709,0.59939127,256,894522,894777,894578,0
895018,1559028507476875,73910000,0.62206653,241,894778,895018,894923,0
895226,1559028508364125,74286000,0.62019624,208,895019,895226,895197,0
895400,1559028509225625,74445833,0.62414991,174,895227,895400,895367,0
895601,1559028509712166,75143750,0.62464416,201,895401,895601,895509,0
895635,1559028510427666,74648667,0.5783423,34,895602,895635,895602,0
895871,1559028512789416,73669459,0.57558784,236,895636,895871,895683,0
895922,1559028512792000,73887291,0.53749776,51,895872,895922,895915,0
896122,1559028513487250,74310750,0.63017868,200,895923,896122,896085,0
896340,1559028514146708,75489542,0.57751257,218,896123,896340,896337,0
896524,1559028515022916,75223042,0.61242889,184,896341,896524,896400,0
896780,1559028518430125,72770291,0.59227937,256,896525,896780,896660,0
897036,1559028520723083,71601958,0.59442219,256,896781,897036,896912,0
897205,1559028522384833,70698417,0.63125636,169,897037,897205,897204,0
897221,1559028522385666,70770084,0.5611185,16,897206,897221,897206,0
897303,1559028522407625,71109166,0.63925784,82,897222,897303,897231,0
897454,1559028522446625,71812500,0.61598194,151,897304,897454,897317,0
897658,1559028524582750,70547041,0.58870569,204,897455,897658,897567,0
897867,1559028526316125,69716500,0.61103145,209,897659,897867,897792,0
898112,1559028527068708,70289667,0.61090879,245,897868,898112,898079,0
898220,1559028527521583,70142125,0.59589135,108,898113,898220,898153,0
898466,1559028528405083,70894625,0.61692627,246,898221,898466,898449,0
898570,1559028528410291,70895292,0.59304753,104,898467,898570,898479,0
898775,1559028529373000,70743791,0.59929395,205,898571,898775,898638,0
898845,1559028529376541,71021917,0.57751384,70,898776,898845,898785,0
899049,1559028530447083,71112167,0.64087453,204,898846,899049,898872,0
899076,1559028530448458,71282000,0.4995355,27,899050,899076,899068,0
899318,1559028531326041,71729542,0.6315689,242,899077,899318,899100,0
899574,1559028532305958,72094042,0.61522731,256,899319,899574,899562,0
899619,1559028532308208,72260042,0.63829549,45,899575,899619,899582,0
899635,1559028532309000,74174833,0.51897098,16,899620,899635,899625,0
899825,1559028534171708,72662000,0.62853484,190,899636,899825,899785,0
899982,1559028534819958,72446042,0.5970506,157,899826,899982,899975,0
900040,1559028535986291,71476375,0.60755528,58,899983,900040,899992,0
900118,1559028535990208,71884917,0.59831643,78,900041,900118,900071,0
900223,1559028536728916,71691084,0.60530327,105,900119,900223,900165,0
900470,1559028537148416,72492292,0.60754791,247,900224,900470,900431,0
900697,1559028538029833,72643958,0.62263458,227,900471,900697,900529,0
900915,1559028540274875,71826541,0.60779822,218,900698,900915,900800,0
901171,1559028540331666,72769875,0.60230919,256,900916,901171,900956,0
901391,1559028541965250,72270000,0.63330478,220,901172,901391,901378,0
901536,1559028543074791,71826875,0.62107006,145,901392,901536,901418,0
901792,1559028545275541,70850709,0.64410942,256,901537,901792,901775,0
901870,1559028545279458,71221167,0.56726176,78,901793,901870,901858,0
901990,1559028546996041,70086834,0.59444516,120,901871,901990,901939,0
902225,1559028547159208,71104417,0.6023155,235,901991,902225,902198,0
902442,1559028548473125,70933791,0.59392582,217,902226,902442,902393,0
902678,1559028549248833,71385375,0.6397648,236,902443,902678,902632,0
902911,1559028549537541,72361042,0.63364895,233,902679,902911,902719,0
903163,1559028550405875,73308458,0.60877202,252,902912,903163,902968,0
903339,1559028551700000,72712041,0.61318985,176,903164,903339,903213,0
903404,1559028551703541,73025167,0.62750057,65,903340,903404,903340,0
903631,1559028552600500,73510041,0.63772835,227,903405,903631,903564,0
903764,1559028556174083,70424083,0.61225154,133,903632,903764,903693,0
903908,1559028556181833,71139708,0.60141272,144,903765,903908,903780,0
904131,1559028557272666,71402542,0.64164905,223,903909,904131,903983,0
904361,1559028559677375,70273666,0.64319282,230,904132,904361,904236,0
904557,1559028559688041,71768292,0.60900428,196,904362,904557,904495,0
904813,1559028561147708,71463167,0.63325526,256,904558,904813,904770,0
905009,1559028561175541,72489000,0.63732299,196,904814,905009,904909,0
905206,1559028561932666,73134250,0.574203,197,905010,905206,905132,0
905319,1559028562480500,73285458,0.59443301,113,905207,905319,905257,0
905447,1559028562504250,73862708,0.64122953,128,905320,905447,905392,0
905637,1559028564033041,73449792,0.62660174,190,905448,905637,905570,0
905798,1559028564042583,74604417,0.64987984,161,905638,905798,905685,0
906054,1559028565533625,74519125,0.60605493,256,905799,906054,905837,0
906310,1559028566091375,75177000,0.65296432,256,906055,906310,906301,0
906332,1559028566988583,74592667,0.63426197,22,906311,906332,906311,0
906348,1559028566989375,74703041,0.62393145,16,906333,906348,906345,0
906470,1559028566995541,75364417,0.57621968,122,906349,906470,906453,0
906701,1559028568031416,75439750,0.61340293,231,906471,906701,906526,0
906774,1559028568035083,75787958,0.64018076,73,906702,906774,906720,0
907005,1559028568609833,76342083,0.62623433,231,906775,907005,906952,0
907139,1559028569797500,75840583,0.63829761,134,907006,907139,907086,0
907395,1559028569888750,76982250,0.59043634,256,907140,907395,907340,0
907650,1559028570105708,78049292,0.61976185,255,907396,907650,907469,0
907757,1559028570476958,78220167,0.58665878,107,907651,907757,907746,0
907934,1559028570673375,78914500,0.64076093,177,907758,907934,907886,0
908190,1559028572283416,78561500,0.60188761,256,907935,908190,908135,0
908446,1559028573161541,79271500,0.64467236,256,908191,908446,908411,0
908570,1559028574190208,78821500,0.61130411,124,908447,908570,908568,0
908586,1559028574191000,78904125,0.59548323,16,908571,908586,908576,0
908612,1559028574192333,79020375,0.57333524,26,908587,908612,908600,0
908868,1559028574410791,80047834,0.62364927,256,908613,908868,908705,0
909124,1559028575299458,80572958,0.67610459,256,908869,909124,909061,0
909144,1559028575300458,80626208,0.60968774,20,909125,909144,909125,0
909311,1559028575758333,81024250,0.61145127,167,909145,909311,909239,0
909533,1559028576733250,81078083,0.64185669,222,909312,909533,909531,0
909549,1559028578217583,79692708,0.61218954,16,909534,909549,909547,0
909565,1559028578218375,79783791,0.63188469,16,909550,909565,909553,0
909581,1559028578219166,79849792,0.53284677,16,909566,909581,909573,0
909783,1559028579210250,79794458,0.59322286,202,909582,909783,909671,0
910016,1559028580299416,79805709,0.60819544,233,909784,910016,909835,0
910159,1559028581445666,79315542,0.58116441,143,910017,910159,910078,0
910356,1559028581462500,80254125,0.60853292,197,910160,910356,910172,0
910514,1559028585388625,77106250,0.62492758,158,910357,910514,910455,0
910643,1559028585395041,77731959,0.65325771,129,910515,910643,910628,0
910659,1559028585395833,77899458,0.54957731,16,910644,910659,910652,0
910675,1559028585396666,77936125,0.67894507,16,910660,910675,910670,0
910787,1559028585402250,78506000,0.59033335,112,910676,910787,910778,0
910933,1559028587047583,77601125,0.60293968,146,910788,910933,910874,0
911131,1559028587806875,77881500,0.62888831,198,910934,911131,911130,0
911147,1559028587807666,77991500,0.64961557,16,911132,911147,911141,0
911163,1559028587808458,78186292,0.60670492,16,911148,911163,911152,0
911293,1559028590115666,76451375,0.61990471,130,911164,911293,911164,0
911549,1559028594128625,73741083,0.65605684,256,911294,911549,911445,0
911805,1559028594143458,75039000,0.63862436,256,911550,911805,911769,0
911984,1559028594153750,75941500,0.61520012,179,911806,911984,911924,0
912240,1559028594168500,77384916,0.64809905,256,911985,912240,912177,0
912258,1559028594169500,77476916,0.60487272,18,912241,912258,912258,0
912280,1559028594170791,77829375,0.59843965,22,912259,912280,912269,0
912324,1559028594173291,78000709,0.61243982,44,912281,912324,912291,0
912378,1559028594176416,78309125,0.60094351,54,912325,912378,912345,0
912634,1559028594218625,79546375,0.61548058,256,912379,912634,912614,0
912837,1559028596204625,78665666,0.59944774,203,912635,912837,912746,0
913093,1559028597367208,78718708,0.64472019,256,912838,913093,913083,0
913294,1559028599389458,77660208,0.6103563,201,913094,913294,913170,0
913537,1559028599423291,78766125,0.60813703,243,913295,913537,913493,0
913605,1559028599427166,79122542,0.6762325,68,913538,913605,913542,0
913655,1559028600400041,78402625,0.62823744,50,913606,913655,913626,0
913671,1559028601584125,77293458,0.5566697,16,913656,913671,913661,0
913827,1559028601775291,77812000,0.59521602,156,913672,913827,913768,0
914063,1559028603091791,77656875,0.63039284,236,913828,914063,913973,0
914299,1559028604682541,77143792,0.65093792,236,914064,914299,914183,0
914534,1559028604695291,78267667,0.61951663,235,914300,914534,914506,0
914669,1559028607236583,76481375,0.57141395,135,914535,914669,914569,0
914900,1559028608435916,76340167,0.60176922,231,914670,914900,914706,0
915108,1559028609591041,76175292,0.62239543,208,914901,915108,915087,0
915238,1559028610687000,75695458,0.62346011,130,915109,915238,915153,0
915394,1559028614261625,72842833,0.62318861,156,915239,915394,915354,0
915595,1559028614288583,73905792,0.60631253,201,915395,915595,915412,0
915709,1559028614938041,73879250,0.5983163,114,915596,915709,915687,0
915862,1559028614946791,74635417,0.60674639,153,915710,915862,915743,0
916118,1559028617389750,73532791,0.59356166,256,915863,916118,916042,0
916374,1559028618253958,73610875,0.62176583,256,916119,916374,916319,0
916621,1559028627675541,65370667,0.67761214,247,916375,916621,916606,0
916637,1559028627676375,65468708,0.61553055,16,916622,916637,916632,0
916653,1559028627677250,65540083,0.59797442,16,916638,916653,916650,0
916836,1559028627697625,66346583,0.582646,183,916654,916836,916675,0
917052,1559028627730583,67310875,0.63351258,216,916837,917052,916970,0
917143,1559028627745416,67716875,0.59799253,91,917053,917143,917104,0
917374,1559028627757833,68769708,0.6318691,231,917144,917374,917349,0
917491,1559028627764125,69320750,0.61632936,117,917375,917491,917400,0
917743,1559028627777666,70539459,0.60372303,252,917492,917743,917572,0
917813,1559028630000250,68607791,0.5882785,70,917744,917813,917751,0
918012,1559028631576708,67918792,0.58486997,199,917814,918012,917928,0
918150,1559028631584208,68535458,0.59024759,138,918013,918150,918099,0
918393,1559028632765875,68466458,0.59034687,243,918151,918393,918390,0
918409,1559028633739750,67625750,0.55699863,16,918394,918409,918403,0
918567,1559028633748791,68297375,0.62271564,158,918410,918567,918538,0
918823,1559028635793875,67413666,0.68728591,256,918568,918823,918577,0
919036,1559028636376416,67800667,0.61264445,213,918824,919036,918860,0
919205,1559028637576750,67737333,0.60049282,169,919037,919205,919088,0
919431,1559028639294000,67004583,0.61710258,226,919206,919431,919209,0
919687,1559028640432250,67087291,0.6286582,256,919432,919687,919592,0
919925,1559028641627916,67016125,0.6453923,238,919688,919925,919761,0
919957,1559028641629625,67195750,0.63490297,32,919926,919957,919931,0
920115,1559028641696666,67915125,0.58354475,158,919958,920115,920090,0
920238,1559028642464791,67720625,0.598356,123,920116,920238,920229,0
920254,1559028642465666,67780875,0.61071043,16,920239,920254,920244,0
920335,1559028642470041,68178125,0.6416423,81,920255,920335,920262,0
920543,1559028643516291,68150584,0.60697028,208,920336,920543,920435,0
920689,1559028643524250,68916333,0.62430912,146,920544,920689,920661,0
920775,1559028645674250,67209875,0.63129476,86,920690,920775,920723,0
920964,1559028646974500,66837833,0.62201745,189,920776,920964,920885,0
921153,1559028648235875,66512500,0.64913662,189,920965,921153,921021,0
921382,1559028648823958,67097708,0.64973736,229,921154,921382,921379,0
921398,1559028648824791,67203042,0.63136751,16,921383,921398,921383,0
921414,1559028648825666,67284750,0.61705484,16,921399,921414,921404,0
921469,1559028648828666,67573292,0.55190295,55,921415,921469,921417,0
921725,1559028650882833,66813167,0.58835701,256,921470,921725,921724,0
921901,1559028652424208,66153875,0.61284035,176,921726,921901,921740,0
922157,1559028653153208,66935042,0.64470687,256,921902,922157,922057,0
922405,1559028653276750,68407833,0.59847605,248,922158,922405,922228,0
922519,1559028655882875,66446416,0.63934525,114,922406,922519,922519,0
922775,1559028655989208,67656875,0.68487594,256,922520,922775,922573,0
923031,1559028656788916,68032667,0.60635518,256,922776,923031,922827,0
923237,1559028657993791,67808292,0.63492915,206,923032,923237,923095,0
923493,1559028658006708,69018708,0.64038003,256,923238,923493,923424,0
923694,1559028658179666,69723042,0.60458498,201,923494,923694,923626,0
923903,1559028658190208,70642417,0.59896902,209,923695,923903,923733,0
924115,1559028660117250,69660416,0.61138184,212,923904,924115,923938,0
924326,1559028660820375,69912666,0.57218914,211,924116,924326,924261,0
924476,1559028663153791,68302000,0.62098797,150,924327,924476,924466,0
924548,1559028663157708,68583333,0.59808108,72,924477,924548,924491,0
924776,1559028663318041,69553000,0.62856775,228,924549,924776,924618,0
924888,1559028663963166,69371500,0.59053032,112,924777,924888,924870,0
925022,1559028663973041,69959500,0.59013306,134,924889,925022,924920,0
925278,1559028665740625,69491875,0.64044553,256,925023,925278,925223,0
925421,1559028665748333,70108958,0.59338657,143,925279,925421,925400,0
925677,1559028668060708,69015417,0.62097953,256,925422,925677,925488,0
925846,1559028669225916,68623750,0.59937517,169,925678,925846,925735,0
926000,1559028670112166,68413250,0.60027526,154,925847,926000,925892,0
926016,1559028670113041,68518625,0.60962017,16,926001,926016,926008,0
926044,1559028670114541,68638334,0.56337285,28,926017,926044,926017,0
926283,1559028671907500,68357958,0.60111605,239,926045,926283,926149,0
926451,1559028671942125,69404166,0.61720247,168,926284,926451,926347,0
926707,1559028672062916,71359459,0.64102501,256,926452,926707,926538,0
926963,1559028672532750,71640458,0.58298577,256,926708,926963,926939,0
927219,1559028672621041,72721750,0.59691529,256,926964,927219,927134,0
927475,1559028673821500,72739750,0.6443855,256,927220,927475,927259,0
927660,1559028674963625,72479875,0.65614144,185,927476,927660,927559,0
927801,1559028676174208,71959667,0.57842803,141,927661,927801,927773,0
928057,1559028677142541,72303584,0.61891241,256,927802,928057,928054,0
928191,1559028677152125,73004333,0.6332931,134,928058,928191,928081,0
928362,1559028678218708,72749667,0.58710934,171,928192,928362,928196,0
928492,1559028678609958,73034375,0.58076314,130,928363,928492,928452,0
928587,1559028678872500,73369958,0.60331849,95,928493,928587,928493,0
928821,1559028678946833,74598208,0.61998326,234,928588,928821,928701,0
929059,1559028680796000,74202125,0.65400459,238,928822,929059,929035,0
929315,1559028681922958,74977500,0.6237523,256,929060,929315,929134,0
929491,1559028683000916,74756917,0.57439143,176,929316,929491,929387,0
929642,1559028683597291,74929709,0.6458288,151,929492,929642,929599,0
929803,1559028684767583,74572917,0.59749237,161,929643,929803,929752,0
929987,1559028685773541,74518084,0.57496355,184,929804,929987,929961,0
930118,1559028687163458,73767083,0.597402,131,929988,930118,930061,0
930374,1559028688460875,73745875,0.61188899,256,930119,930374,930235,0
930630,1559028689560583,73935250,0.66563199,256,930375,930630,930416,0
930886,1559028690819875,73919125,0.61303204,256,930631,930886,930869,0
931093,1559028691951125,73795041,0.59416986,207,930887,931093,931039,0
931188,1559028691955958,74332958,0.60281846,95,931094,931188,931136,0
931421,1559028693106750,74480333,0.59442221,233,931189,931421,931299,0
931592,1559028693255541,75466459,0.57155643,171,931422,931592,931591,0
931809,1559028693277333,76540250,0.59648675,217,931593,931809,931707,0
931981,1559028694085125,76526500,0.59384777,172,931810,931981,931879,0
932173,1559028695113708,76727292,0.65585927,192,931982,932173,932050,0
932429,1559028695514166,77925250,0.63750405,256,932174,932429,932395,0
932609,1559028697140291,77343625,0.54946415,180,932430,932609,932482,0
932865,1559028698299125,77521958,0.65071636,256,932610,932865,932698,0
933117,1559028698658208,78579917,0.59603534,252,932866,933117,932882,0
933373,1559028699522625,79135416,0.62639294,256,933118,933373,933314,0
933622,1559028701313791,78794625,0.59937858,249,933374,933622,933439,0
933777,1559028701337000,79496041,0.61854913,155,933623,933777,933631,0
933936,1559028702192000,79390458,0.59637254,159,933778,933936,933899,0
934192,1559028703251541,79581084,0.6080745,256,933937,934192,933995,0
934403,1559028704239666,79674000,0.63534921,211,934193,934403,934202,0
934635,1559028705310666,79729667,0.59496119,232,934404,934635,934459,0
934687,1559028705313291,79986417,0.59199943,52,934636,934687,934650,0
934857,1559028706321041,79910292,0.58953778,170,934688,934857,934711,0
935113,1559028707522041,80179167,0.62598071,256,934858,935113,934911,0
935369,1559028708899125,80378916,0.62042115,256,935114,935369,935310,0
935606,1559028709640666,80774959,0.6007891,237,935370,935606,935384,0
935778,1559028710239041,81010292,0.60044824,172,935607,935778,935687,0
935951,1559028710399916,81746334,0.60120333,173,935779,935951,935916,0
936156,1559028710687125,82514083,0.62258164,205,935952,936156,936031,0
936263,1559028710692500,83102291,0.61672773,107,936157,936263,936177,0
936326,1559028711701208,82403417,0.58956175,63,936264,936326,936271,0
936495,1559028711710333,83219667,0.63793373,169,936327,936495,936484,0
936581,1559028712465333,82919292,0.56634498,86,936496,936581,936552,0
936819,1559028712961375,83635708,0.65676825,238,936582,936819,936807,0
936978,1559028713893541,83454292,0.58900255,159,936820,936978,936941,0
937163,1559028713903666,84385375,0.65068601,185,936979,937163,937136,0
937285,1559028714849291,84055167,0.61783429,122,937164,937285,937251,0
937463,1559028714858916,84922042,0.65469798,178,937286,937463,937363,0
937588,1559028715971125,84439750,0.63176897,125,937464,937588,937523,0
937700,1559028715977166,84971875,0.55779443,112,937589,937700,937636,0
937875,1559028716179708,85661000,0.61766377,175,937701,937875,937852,0
937938,1559028716183125,85992750,0.59563738,63,937876,937938,937928,0
938092,1559028716418875,86476250,0.58513977,154,937939,938092,937967,0
938278,1559028716428958,87394542,0.59642016,186,938093,938278,938174,0
938446,1559028717802875,86838958,0.59249444,168,938279,938446,938446,0
938501,1559028718946916,86038500,0.58492042,55,938447,938501,938495,0
938533,1559028718948833,86250708,0.58815758,32,938502,938533,938530,0
938619,1559028718953791,86571209,0.66309834,86,938534,938619,938535,0
938875,1559028722212500,84832208,0.61057383,256,938620,938875,938830,0
939131,1559028722515833,85767333,0.59880173,256,938876,939131,938927,0
939387,1559028723725666,85817500,0.60759245,256,939132,939387,939191,0
939643,1559028724886166,85870584,0.65781552,256,939388,939643,939424,0
939824,1559028725881541,85691500,0.63380544,181,939644,939824,939704,0
939994,1559028727134708,85207708,0.59752637,170,939825,939994,939856,0
940199,1559028728018125,85295000,0.60113956,205,939995,940199,940093,0
940444,1559028730758916,83690417,0.62129579,245,940200,940444,940357,0
940546,1559028730764041,84109750,0.57520302,102,940445,940546,940514,0
940693,1559028731812833,83781792,0.62064396,147,940547,940693,940657,0
940810,1559028731818791,84289125,0.59170674,117,940694,940810,940727,0
941066,1559028732895666,84340417,0.60302827,256,940811,941066,940880,0
941288,1559028733960625,84344166,0.60785975,222,941067,941288,941179,0
941544,1559028735283208,84325583,0.61596974,256,941289,941544,941397,0
941605,1559028735894000,83960500,0.55640944,61,941545,941605,941553,0
941861,1559028737946375,83119500,0.56519687,256,941606,941861,941775,0
942047,1559028738658625,83479416,0.62374666,186,941862,942047,941951,0
942269,1559028738771416,84359125,0.6010083,222,942048,942269,942117,0
942525,1559028740810250,83468250,0.58368317,256,942270,942525,942310,0
942707,1559028744261958,80801167,0.58232311,182,942526,942707,942585,0
942843,1559028745602750,80101458,0.6099363,136,942708,942843,942804,0
942937,1559028745617041,80524000,0.57872117,94,942844,942937,942873,0
943073,1559028746673125,80060916,0.60861314,136,942938,943073,942938,0
943273,1559028747596583,80076125,0.60607571,200,943074,943273,943247,0
943315,1559028747598875,80281833,0.61528807,42,943274,943315,943281,0
943368,1559028747605000,80525541,0.58069453,53,943316,943368,943339,0
943624,1559028748235541,81077375,0.60228561,256,943369,943624,943523,0
943880,1559028749499291,80975459,0.65134198,256,943625,943880,943862,0
944059,1559028750271125,80969291,0.54998836,179,943881,944059,943974,0
944265,1559028751177291,81409792,0.62799196,206,944060,944265,944136,0
944521,1559028751797333,82385083,0.64382915,256,944266,944521,944454,0
944777,1559028753743666,81976750,0.61922696,256,944522,944777,944668,0
944956,1559028756892833,79586333,0.60329803,179,944778,944956,944799,0
945212,1559028757838166,79771875,0.62816033,256,944957,945212,945159,0
945468,1559028758610250,80239833,0.57488227,256,945213,945468,945390,0
945692,1559028759497541,80447375,0.64913908,224,945469,945692,945529,0
945859,1559028760396500,80346500,0.59932455,167,945693,945859,945820,0
946061,1559028760948833,80676375,0.58963899,202,945860,946061,945982,0
946077,1559028760949833,80743542,0.53059912,16,946062,946077,946069,0
946243,1559028762961500,79488583,0.61677297,166,946078,946243,946227,0
946347,1559028762967500,80001041,0.65642894,104,946244,946347,946328,0
946487,1559028763499916,80095500,0.59803943,140,946348,946487,946352,0
946652,1559028764813000,79499000,0.61479246,165,946488,946652,946554,0
946765,1559028764819125,79971958,0.58687898,113,946653,946765,946724,0
946924,1559028765834833,79642500,0.55178688,159,946766,946924,946795,0
947142,1559028767684750,78729208,0.59135754,218,946925,947142,947140,0
947273,1559028768783291,78281625,0.60889053,131,947143,947273,947192,0
947529,1559028771850958,76357042,0.63722307,256,947274,947529,947528,0
947785,1559028773490916,75902959,0.6789547,256,947530,947785,947564,0
947945,1559028773499541,76594375,0.574897,160,947786,947945,947829,0
948201,1559028776047916,75282542,0.62730144,256,947946,948201,947963,0
948316,1559028776054166,76186834,0.57473111,115,948202,948316,948260,0
948571,1559028777435291,76085500,0.64256733,255,948317,948571,948558,0
948827,1559028778737791,76123334,0.62837244,256,948572,948827,948738,0
948843,1559028778738666,76197209,0.61037447,16,948828,948843,948830,0
948859,1559028778739500,76316000,0.58086085,16,948844,948859,948848,0
948945,1559028780461666,75132042,0.5982365,86,948860,948945,948934,0
949090,1559028780883625,75466500,0.59210864,145,948946,949090,949019,0
949243,1559028780891916,76168709,0.60359799,153,949091,949243,949210,0
949499,1559028781609583,76747750,0.58793211,256,949244,949499,949267,0
949642,1559028782897833,76177042,0.56453933,143,949500,949642,949549,0
949898,1559028783975791,76230709,0.59659302,256,949643,949898,949648,0
950154,1559028785082208,76407958,0.61424866,256,949899,950154,950051,0
950357,1559028787698041,74666542,0.62930165,203,950155,950357,950343,0
950507,1559028789544166,73495167,0.56470256,150,950358,950507,950367,0
950735,1559028790475750,73659375,0.58270619,228,950508,950735,950654,0
950945,1559028792198083,72855875,0.58112582,210,950736,950945,950827,0
951197,1559028793250208,72961250,0.62488011,252,950946,951197,950957,0
951321,1559028793855583,72855792,0.57593519,124,951198,951321,951231,0
951403,1559028794143916,72939000,0.58236464,82,951322,951403,951396,0
951461,1559028794147083,73187292,0.57055229,58,951404,951461,951419,0
951615,1559028794155458,73859542,0.62010245,154,951462,951615,951578,0
951794,1559028795043291,74084334,0.61426755,179,951616,951794,951636,0
951887,1559028795417583,74140958,0.61091659,93,951795,951887,951830,0
952143,1559028797035166,73679667,0.59584126,256,951888,952143,952094,0
952399,1559028797484708,74714833,0.60658991,256,952144,952399,952213,0
952620,1559028798386875,74659166,0.61519844,221,952400,952620,952489,0
952831,1559028798927875,75280833,0.59425728,211,952621,952831,952738,0
953069,1559028801889541,73155167,0.61129457,238,952832,953069,953016,0
953308,1559028802246708,73864292,0.60562089,239,953070,953308,953295,0
953479,1559028802988166,73869292,0.58043604,171,953309,953479,953374,0
953735,1559028803900583,74119958,0.60377393,256,953480,953735,953520,0
953885,1559028804896583,73812458,0.62713047,150,953736,953885,953836,0
953967,1559028804901250,74165208,0.6093607,82,953886,953967,953945,0
954160,1559028806199208,73735542,0.5839479,193,953968,954160,953972,0
954416,1559028806214000,74847958,0.65692913,256,954161,954416,954263,0
954672,1559028807175583,75033000,0.61805452,256,954417,954672,954465,0
954899,1559028808354666,74808292,0.62261602,227,954673,954899,954803,0
955089,1559028809581208,74415667,0.57629691,190,954900,955089,955030,0
955278,1559028809603666,75262167,0.61549548,189,955090,955278,955236,0
955475,1559028811650416,74045125,0.59284452,197,955279,955475,955433,0
955670,1559028813451958,73106083,0.59535012,195,955476,955670,955536,0
955807,1559028814486000,72695000,0.60383213,137,955671,955807,955690,0
956063,1559028815671083,73891667,0.58227665,256,955808,956063,956062,0
956319,1559028816158958,73558417,0.57086195,256,956064,956319,956064,0
956444,1559028816165166,74022959,0.59378722,125,956320,956444,956332,0
956574,1559028817303458,73491625,0.56336057,130,956445,956574,956467,0
956824,1559028818416041,73581125,0.62129146,250,956575,956824,956802,0
956951,1559028819627916,72936417,0.62494963,127,956825,956951,956835,0
957203,1559028819961125,73748458,0.59723363,252,956952,957203,957044,0
957459,1559028821081958,73800833,0.58792185,256,957204,957459,957302,0
957667,1559028822826416,73019042,0.61263605,208,957460,957667,957590,0
957852,1559028823423291,73296167,0.59954949,185,957668,957852,957720,0
958090,1559028825116250,72697958,0.61526841,238,957853,958090,957875,0
958293,1559028825820125,72985208,0.57430543,203,958091,958293,958290,0
958316,1559028825821291,73141375,0.60018103,23,958294,958316,958300,0
958332,1559028825822083,73192792,0.61289621,16,958317,958332,958324,0
958411,1559028825826083,73620375,0.58664847,79,958333,958411,958350,0
958571,1559028826190416,74035292,0.69292101,160,958412,958571,958558,0
958587,1559028826191333,74123250,0.6426057,16,958572,958587,958573,0
958603,1559028826192333,74220750,0.62522518,16,958588,958603,958601,0
958619,1559028826193291,74317417,0.59500802,16,958604,958619,958615,0
958635,1559028826194208,74422458,0.57497912,16,958620,958635,958625,0
958766,1559028826202041,75034167,0.59693152,131,958636,958766,958667,0
958937,1559028826831416,75265667,0.59034389,171,958767,958937,958883,0
958986,1559028826833875,75488541,0.55427947,49,958938,958986,958943,0
959040,1559028827681125,74913500,0.57075411,54,958987,959040,959005,0
959144,1559028827686333,75451458,0.62245042,104,959041,959144,959046,0
959311,1559028827916708,76018667,0.57668844,167,959145,959311,959171,0
959567,1559028828166291,77074417,0.59891146,256,959312,959567,959472,0
959787,1559028830498375,76043666,0.59348389,220,959568,959787,959762,0
959918,1559028831370000,76066625,0.59958757,131,959788,959918,959897,0
960067,1559028831377500,76894041,0.58000046,149,959919,960067,960050,0
960270,1559028832655166,76584334,0.55770293,203,960068,960270,960242,0
960526,1559028834183333,76257333,0.60133077,256,960271,960526,960289,0
960782,1559028836505083,75184083,0.63295032,256,960527,960782,960666,0
961038,1559028837652166,75238292,0.60153947,256,960783,961038,961002,0
961248,1559028839168541,74655584,0.59920349,210,961039,961248,961040,0
961448,1559028840531958,74223167,0.59158211,200,961249,961448,961373,0
961704,1559028840823333,75178958,0.64671385,256,961449,961704,961544,0
961960,1559028841744333,75441375,0.63386269,256,961705,961960,961875,0
961976,1559028841745125,75561708,0.60426512,16,961961,961976,961966,0
961992,1559028841745916,75562542,0.52578471,16,961977,961992,961989,0
962140,1559028841753333,76324542,0.5932298,148,961993,962140,962117,0
962300,1559028842486625,76313500,0.63753856,160,962141,962300,962260,0
962556,1559028844932666,75339625,0.59024547,256,962301,962556,962375,0
962707,1559028847021958,73971667,0.63687953,151,962557,962707,962655,0
962952,1559028850209208,72154542,0.60181328,245,962708,962952,962774,0
963076,1559028851416958,71428292,0.64143286,124,962953,963076,962978,0
963299,1559028855068708,68741583,0.57706709,223,963077,963299,963164,0
963543,1559028855081833,69786917,0.61257362,244,963300,963543,963429,0
963653,1559028855089625,70243958,0.57822341,110,963544,963653,963593,0
963823,1559028855238666,70862875,0.60967855,170,963654,963823,963686,0
963972,1559028855789125,70980250,0.59341199,149,963824,963972,963831,0
964167,1559028857742791,69944084,0.64639082,195,963973,964167,964021,0
964183,1559028857743666,69960209,0.5305742,16,964168,964183,964171,0
964376,1559028858376166,70185167,0.61029215,193,964184,964376,964207,0
964513,1559028858384208,70784250,0.62883106,137,964377,964513,964431,0
964763,1559028859007333,71268292,0.56860543,250,964514,964763,964630,0
964929,1559028860276833,70732458,0.56441215,166,964764,964929,964810,0
965122,1559028860287333,71562458,0.60762078,193,964930,965122,965012,0
965295,1559028861556458,71070417,0.61130886,173,965123,965295,965189,0
965503,1559028862464041,71077125,0.5750652,208,965296,965503,965347,0
965759,1559028863109291,71903417,0.58355571,256,965504,965759,965754,0
965957,1559028864094625,72033583,0.58718128,198,965760,965957,965933,0
966213,1559028866797625,70943666,0.61997599,256,965958,966213,966045,0
966351,1559028867272833,71485625,0.59053964,138,966214,966351,966343,0
966607,1559028867369875,72563916,0.63354144,256,966352,966607,966553,0
966863,1559028869139541,72004584,0.61653147,256,966608,966863,966699,0
967105,1559028869630958,72636333,0.56357814,242,966864,967105,966908,0
967288,1559028870815125,72257541,0.59877957,183,967106,967288,967263,0
967464,1559028872062541,71855959,0.60738056,176,967289,967464,967316,0
967650,1559028873057875,71726583,0.61848223,186,967465,967650,967567,0
967906,1559028874315750,71664458,0.5728344,256,967651,967906,967799,0
968162,1559028876162916,70969084,0.61213227,256,967907,968162,968026,0
968364,1559028878027250,69972250,0.59197516,202,968163,968364,968185,0
968582,1559028878782916,70165250,0.59319544,218,968365,968582,968469,0
968684,1559028879127416,70255542,0.56035767,102,968583,968684,968614,0
968901,1559028880022666,70346334,0.59242797,217,968685,968901,968764,0
969138,1559028881107375,70316041,0.59253761,237,968902,969138,969107,0
969244,1559028882295458,69636292,0.6337925,106,969139,969244,969185,0
969500,1559028883300958,69798333,0.62627704,256,969245,969500,969375,0
969756,1559028883982875,70252958,0.57674917,256,969501,969756,969699,0
969859,1559028884955125,69762375,0.58328891,103,969757,969859,969794,0
970082,1559028885822833,69943875,0.61252297,223,969860,970082,970042,0
970338,1559028886594708,70852250,0.63678324,256,970083,970338,970318,0
970379,1559028886596791,71110834,0.54759996,41,970339,970379,970361,0
970588,1559028887396500,71298916,0.61420734,209,970380,970588,970414,0
970794,1559028889177750,70439708,0.60904724,206,970589,970794,970774,0
970954,1559028889194458,71143417,0.5744922,160,970795,970954,970931,0
971206,1559028890266083,71175042,0.60613878,252,970955,971206,971059,0
971455,1559028890862000,71678875,0.59180814,249,971207,971455,971400,0
971655,1559028892090416,71349959,0.61424834,200,971456,971655,971517,0
971818,1559028892605375,71547291,0.59625723,163,971656,971818,971789,0
971924,1559028892610666,72008750,0.58037812,106,971819,971924,971915,0
972050,1559028893738916,71406667,0.60373505,126,971925,972050,972002,0
972293,1559028894947958,71291250,0.61460563,243,972051,972293,972272,0
972316,1559028894949083,71380208,0.53343172,23,972294,972316,972295,0
972423,1559028894954458,71846500,0.63025999,107,972317,972423,972376,0
972679,1559028896755208,71199917,0.66362755,256,972424,972679,972543,0
972889,1559028897898250,70976458,0.59566289,210,972680,972889,972887,0
973145,1559028898835541,71219500,0.62217051,256,972890,973145,972917,0
973401,1559028899094708,72144292,0.64805175,256,973146,973401,973382,0
973657,1559028899431625,73158208,0.60259417,256,973402,973657,973615,0
973913,1559028900772208,72951333,0.62971467,256,973658,973913,973773,0
974122,1559028900784375,73899833,0.6198063,209,973914,974122,973982,0
974330,1559028900796416,75227375,0.58066036,208,974123,974330,974261,0
974536,1559028900808291,76552959,0.62529003,206,974331,974536,974439,0
974736,1559028901257000,77046291,0.60866964,200,974537,974736,974643,0
974766,1559028901258625,77207875,0.62864922,30,974737,974766,974749,0
974861,1559028901264875,77590500,0.58913855,95,974767,974861,974808,0
975117,1559028902367500,77616666,0.62037311,256,974862,975117,975030,0
975222,1559028902373166,78128334,0.55518353,105,975118,975222,975129,0
975364,1559028902669000,78359750,0.55209246,142,975223,975364,975270,0
975592,1559028903205708,78852583,0.63898438,228,975365,975592,975524,0
975736,1559028903213541,79492000,0.60914251,144,975593,975736,975632,0
975802,1559028904011500,78995125,0.57661624,66,975737,975802,975762,0
976008,1559028905265166,78603375,0.60579449,206,975803,976008,975865,0
976264,1559028907420000,77733958,0.59432828,256,976009,976264,976156,0
976392,1559028908338916,77251375,0.56983826,128,976265,976392,976319,0
976562,1559028910570833,75795208,0.57141594,170,976393,976562,976495,0
976818,1559028911707750,75786875,0.58731305,256,976563,976818,976756,0
977001,1559028912944000,75648083,0.59258233,183,976819,977001,976966,0
977068,1559028912948375,75851083,0.63939749,67,977002,977068,977044,0
977084,1559028912949208,75851958,0.61651825,16,977069,977084,977074,0
977100,1559028912950000,75926833,0.55318249,16,977085,977100,977088,0
977255,1559028913897708,75647083,0.58810538,155,977101,977255,977125,0
977511,1559028914753791,75902292,0.63027226,256,977256,977511,977374,0
977700,1559028914763208,76747167,0.58755874,189,977512,977700,977610,0
977956,1559028915989791,76608167,0.56916369,256,977701,977956,977873,0
978081,1559028917287333,75855500,0.62146377,125,977957,978081,977982,0
978286,1559028917393541,76673625,0.60246461,205,978082,978286,978132,0
978470,1559028917402708,77466958,0.59872554,184,978287,978470,978429,0
978695,1559028918085916,77773084,0.59822397,225,978471,978695,978555,0
978875,1559028920306791,76329167,0.59446178,180,978696,978875,978809,0
979113,1559028921021375,76640083,0.61647809,238,978876,979113,979082,0
979244,1559028922670291,75588292,0.61940373,131,979114,979244,979121,0
979446,1559028922904875,76289375,0.61862896,202,979245,979446,979321,0
979642,1559028923843166,76186792,0.64121584,196,979447,979642,979528,0
979740,1559028924930041,75535667,0.58915033,98,979643,979740,979691,0
979910,1559028926132250,75093375,0.60850876,170,979741,979910,979793,0
980166,1559028926767125,75675791,0.59243858,256,979911,980166,980049,0
980422,1559028927753916,75787750,0.63755647,256,980167,980422,980220,0
980590,1559028927830416,76475542,0.60332944,168,980423,980590,980530,0
980753,1559028928631958,76766000,0.55736775,163,980591,980753,980625,0
980938,1559028929205000,76959875,0.6298314,185,980754,980938,980816,0
981097,1559028929224625,77621208,0.5681895,159,980939,981097,981068,0
981310,1559028932694791,75112625,0.58800449,213,981098,981310,981254,0
981551,1559028933641625,75241583,0.5797155,241,981311,981551,981501,0
981721,1559028935267625,74371000,0.58821582,170,981552,981721,981558,0
981977,1559028936173125,74725041,0.61040398,256,981722,981977,981805,0
982224,1559028938821583,73284417,0.6066355,247,981978,982224,982016,0
982464,1559028939937750,73321708,0.57977163,240,982225,982464,982353,0
982504,1559028939939916,73508000,0.54903925,40,982465,982504,982502,0
982757,1559028941152166,73552834,0.65932005,253,982505,982757,982599,0
983013,1559028943152083,72808833,0.59602317,256,982758,983013,982964,0
983181,1559028943161166,73650584,0.60274246,168,983014,983181,983133,0
983384,1559028944836791,72953709,0.59988771,203,983182,983384,983364,0
983550,1559028946044583,72547083,0.59365443,166,983385,983550,983546,0
983629,1559028946048875,72988708,0.61212021,79,983551,983629,983568,0
983825,1559028947231375,72873166,0.6686183,196,983630,983825,983692,0
984018,1559028949042875,71962083,0.56468519,193,983826,984018,983867,0
984274,1559028949448625,72906583,0.61662286,256,984019,984274,984199,0
984413,1559028949455541,73519125,0.64193169,139,984275,984413,984347,0
984578,1559028950430083,73253667,0.56950513,165,984414,984578,984506,0
984678,1559028950436041,73719167,0.58499298,100,984579,984678,984588,0
984865,1559028952024875,72955041,0.58175114,187,984679,984865,984783,0
985072,1559028953169541,72735042,0.6016676,207,984866,985072,985064,0
985233,1559028954256250,72371250,0.592464,161,985073,985233,985123,0
985484,1559028954762458,73030917,0.61858467,251,985234,985484,985336,0
985634,1559028954769958,73761583,0.58407239,150,985485,985634,985503,0
985731,1559028955879208,73078833,0.59487259,97,985635,985731,985695,0
985933,1559028957501166,72431125,0.57453155,202,985732,985933,985774,0
986189,1559028957763666,73317209,0.58325845,256,985934,986189,986087,0
986391,1559028958735125,73209541,0.57110776,202,986190,986391,986261,0
986626,1559028960413541,72588250,0.62981849,235,986392,986626,986568,0
986751,1559028960419875,73143416,0.57381751,125,986627,986751,986640,0
986987,1559028961546541,73106042,0.61250639,236,986752,986987,986967,0
987243,1559028962560958,73379000,0.65859587,256,986988,987243,987048,0
987445,1559028963482416,73398875,0.60433851,202,987244,987445,987327,0
987682,1559028964716833,73234167,0.60328128,237,987446,987682,987525,0
987829,1559028965253666,73420875,0.58603592,147,987683,987829,987736,0
988067,1559028966290708,73581500,0.58117719,238,987830,988067,988034,0
988263,1559028966406083,74278625,0.6051523,196,988068,988263,988138,0
988319,1559028966408916,74527709,0.5701834,56,988264,988319,988306,0
988370,1559028966411458,74779917,0.60298794,51,988320,988370,988341,0
988446,1559028966911250,74629041,0.60204624,76,988371,988446,988401,0
988563,1559028967975125,74068458,0.56066409,117,988447,988563,988554,0
988819,1559028970146541,73025625,0.59933504,256,988564,988819,988796,0
988989,1559028971271625,72674041,0.61451882,170,988820,988989,988947,0
989245,1559028972668625,72423291,0.64303692,256,988990,989245,989078,0
989407,1559028973793833,72003125,0.57807864,162,989246,989407,989335,0
989661,1559028974871000,72083041,0.61402743,254,989408,989661,989611,0
989880,1559028977372041,70615917,0.59535371,219,989662,989880,989827,0
989939,1559028977374958,70831292,0.57895925,59,989881,989939,989927,0
990161,1559028978339958,70916458,0.61915101,222,989940,990161,989963,0
990244,1559028978344166,71270209,0.57221192,83,990162,990244,990226,0
990425,1559028978471416,71996792,0.61467062,181,990245,990425,990317,0
990595,1559028978844500,72439500,0.59832341,170,990426,990595,990499,0
990716,1559028978850583,72930708,0.57762067,121,990596,990716,990641,0
990875,1559028980481208,72021375,0.5910827,159,990717,990875,990815,0
990981,1559028980492250,72513291,0.60441898,106,990876,990981,990906,0
991141,1559028981076333,72661583,0.60027493,160,990982,991141,991111,0
991331,1559028981085916,73552084,0.61028263,190,991142,991331,991281,0
991515,1559028982247583,73299708,0.66421782,184,991332,991515,991410,0
991653,1559028982743500,73860583,0.61290356,138,991516,991653,991574,0
991755,1559028982750208,74374750,0.60278975,102,991654,991755,991713,0
991969,1559028983954583,74494333,0.64918656,214,991756,991969,991800,0
992191,1559028985078458,74752917,0.59092323,222,991970,992191,992037,0
992323,1559028985085083,75555958,0.59030164,132,992192,992323,992263,0
992579,1559028988982500,73145958,0.65669599,256,992324,992579,992546,0
992595,1559028988983375,73258166,0.63011053,16,992580,992595,992582,0
992611,1559028988984291,73342959,0.60953219,16,992596,992611,992608,0
992627,1559028988985208,73472250,0.56683029,16,992612,992627,992617,0
992703,1559028988989625,73922250,0.63442299,76,992628,992703,992633,0
992761,1559028988993083,74314583,0.54975996,58,992704,992761,992734,0
992968,1559028989055583,75214917,0.59736265,207,992762,992968,992835,0
993224,1559028989098875,76292708,0.62120374,256,992969,993224,993029,0
993480,1559028989594208,77002292,0.60772612,256,993225,993480,993425,0
993522,1559028990672708,76109958,0.60193256,42,993481,993522,993481,0
993651,1559028990679208,76705750,0.57006598,129,993523,993651,993623,0
993723,1559028990682791,77001792,0.57819875,72,993652,993723,993714,0
993827,1559028991518583,76631417,0.55917741,104,993724,993827,993756,0
994044,1559028993191708,75963333,0.62012724,217,993828,994044,993966,0
994300,1559028994150041,76199125,0.62712254,256,994045,994300,994281,0
994521,1559028994981541,76562375,0.60192367,221,994301,994521,994373,0
994777,1559028996777666,76154084,0.59939127,256,994522,994777,994578,0
995018,1559028998339041,75732250,0.62206653,241,994778,995018,994923,0
995226,1559028999285208,75743208,0.62019624,208,995019,995226,995197,0
995400,1559029000160458,75690000,0.62414991,174,995227,995400,995367,0
995601,1559029000510583,76276417,0.62464416,201,995401,995601,995509,0
995635,1559029001252416,75691709,0.5783423,34,995602,995635,995602,0
995871,1559029003625291,74435792,0.57558784,236,995636,995871,995683,0
995922,1559029003627875,74605208,0.53749776,51,995872,995922,995915,0
996122,1559029004355916,74750084,0.63017868,200,995923,996122,996085,0
996340,1559029006027458,74047333,0.57751257,218,996123,996340,996337,0
996524,1559029006192875,75071833,0.61242889,184,996341,996524,996400,0
996780,1559029009695541,72383000,0.59227937,256,996525,996780,996660,0
997036,1559029012156333,71151375,0.59442219,256,996781,997036,996912,0
997205,1559029014072416,69963000,0.63125636,169,997037,997205,997204,0
997221,1559029014073416,70038625,0.5611185,16,997206,997221,997206,0
997303,1559029014078125,70463125,0.63925784,82,997222,997303,997231,0
997454,1559029014086833,71158417,0.61598194,151,997304,997454,997317,0
997658,1559029015985750,70255125,0.58870569,204,997455,997658,997567,0
997867,1559029017827500,69437500,0.61103145,209,997659,997867,997792,0
998112,1559029018633833,70041292,0.61090879,245,997868,998112,998079,0
998220,1559029019115625,69922416,0.59589135,108,998113,998220,998153,0
998466,1559029020161291,70068709,0.61692627,246,998221,998466,998449,0
998570,1559029020166875,70546708,0.59304753,104,998467,998570,998479,0
998775,1559029021051083,70648542,0.59929395,205,998571,998775,998638,0
998845,1559029021054875,70948625,0.57751384,70,998776,998845,998785,0
999049,1559029022693041,70311584,0.64087453,204,998846,999049,998872,0
999076,1559029022694416,70428875,0.4995355,27,999050,999076,999068,0
999318,1559029022983166,71285500,0.6315689,242,999077,999318,999100,0
999574,1559029024157750,71346666,0.61522731,256,999319,999574,999562,0
999619,1559029024160000,71592625,0.63829549,45,999575,999619,999582,0
999635,1559029024160833,71672500,0.51897098,16,999620,999635,999625,0
999825,1559029025942916,70784750,0.62853484,190,999636,999825,999785,0
999982,1559029026669333,70769667,0.5970506,157,999826,999982,999975,0
1000040,1559029027839833,69880583,0.60755528,58,999983,1000040,999992,0
1000118,1559029027843833,70211208,0.59831643,78,1000041,1000118,1000071,0
1000223,1559029028564333,69994542,0.60530327,105,1000119,1000223,1000165,0
1000470,1559029028970916,70712500,0.60754791,247,1000224,1000470,1000431,0
1000697,1559029029929458,70796792,0.62263458,227,1000471,1000697,1000529,0
1000915,1559029031057125,70621250,0.60779822,218,1000698,1000915,1000800,0
1001171,1559029031947333,70875917,0.60230919,256,1000916,1001171,1000956,0
1001391,1559029033606583,70205167,0.63330478,220,1001172,1001391,1001378,0
1001536,1559029034676375,69772833,0.62107006,145,1001392,1001536,1001418,0
1001792,1559029036878083,68969375,0.64410942,256,1001537,1001792,1001775,0
1001870,1559029036882125,69199458,0.56726176,78,1001793,1001870,1001858,0
1001990,1559029037989958,68763500,0.59444516,120,1001871,1001990,1001939,0
1002225,1559029038727416,68975917,0.6023155,235,1001991,1002225,1002198,0
1002442,1559029039920666,68940292,0.59392582,217,1002226,1002442,1002393,0
1002678,1559029041084291,68758209,0.6397648,236,1002443,1002678,1002632,0
1002911,1559029041346458,69584667,0.63364895,233,1002679,1002911,1002719,0
1003163,1559029042080708,70032500,0.60877202,252,1002912,1003163,1002968,0
1003339,1559029043258291,69659542,0.61318985,176,1003164,1003339,1003213,0
1003404,1559029043272166,70079667,0.62750057,65,1003340,1003404,1003340,0
1003631,1559029044058666,70307792,0.63772835,227,1003405,1003631,1003564,0
1003764,1559029047014000,68058375,0.61225154,133,1003632,1003764,1003693,0
1003908,1559029047053125,69242791,0.60141272,144,1003765,1003908,1003780,0
1004131,1559029048383083,68789208,0.64164905,223,1003909,1004131,1003983,0
1004361,1559029050450416,67756834,0.64319282,230,1004132,1004361,1004236,0
1004557,1559029050462083,68711542,0.60900428,196,1004362,1004557,1004495,0
1004813,1559029051983625,68366708,0.63325526,256,1004558,1004813,1004770,0
1005009,1559029051995000,69316458,0.63732299,196,1004814,1005009,1004909,0
1005206,1559029052604083,69735583,0.574203,197,1005010,1005206,1005132,0
1005319,1559029053020250,69947625,0.59443301,113,1005207,1005319,1005257,0
1005447,1559029053026625,70639125,0.64122953,128,1005320,1005447,1005392,0
1005637,1559029054644166,69892292,0.62660174,190,1005448,1005637,1005570,0
1005798,1559029054652291,70710292,0.64987984,161,1005638,1005798,1005685,0
1006054,1559029056749833,69960083,0.60605493,256,1005799,1006054,1005837,0
1006310,1559029057165500,70835833,0.65296432,256,1006055,1006310,1006301,0
1006332,1559029058507458,69638625,0.63426197,22,1006311,1006332,1006311,0
1006348,1559029058508375,69721333,0.62393145,16,1006333,1006348,1006345,0
1006470,1559029058515666,70307000,0.57621968,122,1006349,1006470,1006453,0
1006701,1559029059817333,70186458,0.61340293,231,1006471,1006701,1006526,0
1006774,1559029059821000,70538500,0.64018076,73,1006702,1006774,1006720,0
1007005,1559029060710833,70893125,0.62623433,231,1006775,1007005,1006952,0
1007139,1559029062202750,70010541,0.63829761,134,1007006,1007139,1007086,0
1007395,1559029062261291,71502375,0.59043634,256,1007140,1007395,1007340,0
1007650,1559029062459333,72561917,0.61976185,255,1007396,1007650,1007469,0
1007757,1559029062970833,72533667,0.58665878,107,1007651,1007757,1007746,0
1007934,1559029063329208,73026083,0.64076093,177,1007758,1007934,1007886,0
1008190,1559029064312500,73242041,0.60188761,256,1007935,1008190,1008135,0
1008446,1559029065494000,73472125,0.64467236,256,1008191,1008446,1008411,0
1008570,1559029066650708,72817833,0.61130411,124,1008447,1008570,1008568,0
1008586,1559029066651541,72881917,0.59548323,16,1008571,1008586,1008576,0
1008612,1559029066652833,73002667,0.57333524,26,1008587,1008612,1008600,0
1008868,1559029066831291,74054875,0.62364927,256,1008613,1008868,1008705,0
1009124,1559029067727166,74421125,0.67610459,256,1008869,1009124,1009061,0
1009144,1559029067728166,74528875,0.60968774,20,1009125,1009144,1009125,0
1009311,1559029068216291,74833875,0.61145127,167,1009145,1009311,1009239,0
1009533,1559029069259000,74822791,0.64185669,222,1009312,1009533,1009531,0
1009549,1559029070384666,73778167,0.61218954,16,1009534,1009549,1009547,0
1009565,1559029070385458,73861000,0.63188469,16,1009550,1009565,1009553,0
1009581,1559029070386250,73932541,0.53284677,16,1009566,1009581,1009573,0
1009783,1559029072108166,73128459,0.59322286,202,1009582,1009783,1009671,0
1010016,1559029072982041,73326500,0.60819544,233,1009784,1010016,1009835,0
1010159,1559029074084041,72874250,0.58116441,143,1010017,1010159,1010078,0
1010356,1559029074101291,74157000,0.60853292,197,1010160,1010356,1010172,0
1010514,1559029076819833,72429292,0.62492758,158,1010357,1010514,1010455,0
1010643,1559029077004208,73075458,0.65325771,129,1010515,1010643,1010628,0
1010659,1559029077005041,73157250,0.54957731,16,1010644,1010659,1010652,0
1010675,1559029077005833,73226208,0.67894507,16,1010660,1010675,1010670,0
1010787,1559029077011416,73810334,0.59033335,112,1010676,1010787,1010778,0
1010933,1559029078302458,73277417,0.60293968,146,1010788,1010933,1010874,0
1011131,1559029079208291,73280875,0.62888831,198,1010934,1011131,1011130,0
1011147,1559029079220291,73317584,0.64961557,16,1011132,1011147,1011141,0
1011163,1559029079221125,73410500,0.60670492,16,1011148,1011163,1011152,0
1011293,1559029080108416,73121417,0.61990471,130,1011164,1011293,1011164,0
1011549,1559029080953125,73507666,0.65605684,256,1011294,1011549,1011445,0
1011805,1559029082185333,73569000,0.63862436,256,1011550,1011805,1011769,0
1011984,1559029083263833,73198667,0.61520012,179,1011806,1011984,1011924,0
1012240,1559029084052666,73692500,0.64809905,256,1011985,1012240,1012177,0
1012258,1559029084053625,73779750,0.60487272,18,1012241,1012258,1012258,0
1012280,1559029084054833,74029875,0.59843965,22,1012259,1012280,1012269,0
1012324,1559029084089166,74170459,0.61243982,44,1012281,1012324,1012291,0
1012378,1559029084092083,74410125,0.60094351,54,1012325,1012378,1012345,0
1012634,1559029084603541,75101250,0.61548058,256,1012379,1012634,1012614,0
1012837,1559029087350000,73297458,0.59944774,203,1012635,1012837,1012746,0
1013093,1559029088661041,73210709,0.64472019,256,1012838,1013093,1013083,0
1013294,1559029090264916,72534709,0.6103563,201,1013094,1013294,1013170,0
1013537,1559029090757875,73141041,0.60813703,243,1013295,1013537,1013493,0
1013605,1559029090761958,73495250,0.6762325,68,1013538,1013605,1013542,0
1013655,1559029092274541,72225792,0.62823744,50,1013606,1013655,1013626,0
1013671,1559029093060666,71506459,0.5566697,16,1013656,1013671,1013661,0
1013827,1559029093159833,72123333,0.59521602,156,1013672,1013827,1013768,0
1014063,1559029094285333,72112042,0.63039284,236,1013828,1014063,1013973,0
1014299,1559029095785875,71717208,0.65093792,236,1014064,1014299,1014183,0
1014534,1559029095855541,72732459,0.61951663,235,1014300,1014534,1014506,0
1014669,1559029096811833,72416042,0.57141395,135,1014535,1014669,1014569,0
1014900,1559029098591375,71712375,0.60176922,231,1014670,1014900,1014706,0
1015108,1559029099691208,71515708,0.62239543,208,1014901,1015108,1015087,0
1015238,1559029100864083,71107208,0.62346011,130,1015109,1015238,1015153,0
1015394,1559029103811500,68887958,0.62318861,156,1015239,1015394,1015354,0
1015595,1559029103821666,69859459,0.60631253,201,1015395,1015595,1015412,0
1015709,1559029104474250,69763291,0.5983163,114,1015596,1015709,1015687,0
1015862,1559029104481916,70496750,0.60674639,153,1015710,1015862,1015743,0
1016118,1559029106100291,70096125,0.59356166,256,1015863,1016118,1016042,0
1016374,1559029107730333,69642375,0.62176583,256,1016119,1016374,1016319,0
1016621,1559029110983458,67678750,0.67761214,247,1016375,1016621,1016606,0
1016637,1559029110984250,67679333,0.61553055,16,1016622,1016637,1016632,0
1016653,1559029110985083,67786042,0.59797442,16,1016638,1016653,1016650,0
1016836,1559029112124166,67427542,0.582646,183,1016654,1016836,1016675,0
1017052,1559029112985500,67542708,0.63351258,216,1016837,1017052,1016970,0
1017143,1559029113005875,67947833,0.59799253,91,1017053,1017143,1017104,0
1017374,1559029113407583,68623042,0.6318691,231,1017144,1017374,1017349,0
1017491,1559029114473958,68149875,0.61632936,117,1017375,1017491,1017400,0
1017743,1559029115921708,67961333,0.60372303,252,1017492,1017743,1017572,0
1017813,1559029118367875,65867583,0.5882785,70,1017744,1017813,1017751,0
1018012,1559029119162291,66090000,0.58486997,199,1017814,1018012,1017928,0
1018150,1559029119169250,66740750,0.59024759,138,1018013,1018150,1018099,0
1018393,1559029120425958,66671375,0.59034687,243,1018151,1018393,1018390,0
1018409,1559029121442875,65739333,0.55699863,16,1018394,1018409,1018403,0
1018567,1559029121481375,66487708,0.62271564,158,1018410,1018567,1018538,0
1018823,1559029123022583,66602542,0.68728591,256,1018568,1018823,1018577,0
1019036,1559029123799333,66870833,0.61264445,213,1018824,1019036,1018860,0
1019205,1559029124602208,67015167,0.60049282,169,1019037,1019205,1019088,0
1019431,1559029125463541,67218709,0.61710258,226,1019206,1019431,1019209,0
1019687,1559029126937458,67025583,0.6286582,256,1019432,1019687,1019592,0
1019925,1559029128168916,66985000,0.6453923,238,1019688,1019925,1019761,0
1019957,1559029128170666,67147125,0.63490297,32,1019926,1019957,1019931,0
1020115,1559029128254416,67826084,0.58354475,158,1019958,1020115,1020090,0
1020238,1559029128865625,67798666,0.598356,123,1020116,1020238,1020229,0
1020254,1559029128866500,67892333,0.61071043,16,1020239,1020254,1020244,0
1020335,1559029128870916,68278417,0.6416423,81,1020255,1020335,1020262,0
1020543,1559029130042500,68066500,0.60697028,208,1020336,1020543,1020435,0
1020689,1559029130050333,68777458,0.62430912,146,1020544,1020689,1020661,0
1020775,1559029132269583,67055500,0.63129476,86,1020690,1020775,1020723,0
1020964,1559029133827416,66347000,0.62201745,189,1020776,1020964,1020885,0
1021153,1559029135271208,65744750,0.64913662,189,1020965,1021153,1021021,0
1021382,1559029135742625,66415291,0.64973736,229,1021154,1021382,1021379,0
1021398,1559029135743541,66444292,0.63136751,16,1021383,1021398,1021383,0
1021414,1559029135744500,66517125,0.61705484,16,1021399,1021414,1021404,0
1021469,1559029135747666,66773167,0.55190295,55,1021415,1021469,1021417,0
1021725,1559029137648541,66025792,0.58835701,256,1021470,1021725,1021724,0
1021901,1559029139079125,65417500,0.61284035,176,1021726,1021901,1021740,0
1022157,1559029139606375,66192625,0.64470687,256,1021902,1022157,1022057,0
1022405,1559029139766625,67097041,0.59847605,248,1022158,1022405,1022228,0
1022519,1559029142202833,65202083,0.63934525,114,1022406,1022519,1022519,0
1022775,1559029142276916,66343917,0.68487594,256,1022520,1022775,1022573,0
1023031,1559029143116250,66700500,0.60635518,256,1022776,1023031,1022827,0
1023237,1559029144263583,66569250,0.63492915,206,1023032,1023237,1023095,0
1023493,1559029144276458,67809417,0.64038003,256,1023238,1023493,1023424,0
1023694,1559029144286541,68731167,0.60458498,201,1023494,1023694,1023626,0
1023903,1559029144358250,69591041,0.59896902,209,1023695,1023903,1023733,0
1024115,1559029146396083,68514208,0.61138184,212,1023904,1024115,1023938,0
1024326,1559029147007125,68886833,0.57218914,211,1024116,1024326,1024261,0
1024476,1559029150077166,66598209,0.62098797,150,1024327,1024476,1024466,0
1024548,1559029150080791,66846875,0.59808108,72,1024477,1024548,1024491,0
1024776,1559029150180416,67892459,0.62856775,228,1024549,1024776,1024618,0
1024888,1559029150879958,67717042,0.59053032,112,1024777,1024888,1024870,0
1025022,1559029150886708,68333333,0.59013306,134,1024889,1025022,1024920,0
1025278,1559029152582666,67848250,0.64044553,256,1025023,1025278,1025223,0
1025421,1559029152589916,68549334,0.59338657,143,1025279,1025421,1025400,0
1025677,1559029154422541,68121500,0.62097953,256,1025422,1025677,1025488,0
1025846,1559029155635000,67704916,0.59937517,169,1025678,1025846,1025735,0
1026000,1559029156492541,67540292,0.60027526,154,1025847,1026000,1025892,0
1026016,1559029156493333,67629000,0.60962017,16,1026001,1026016,1026008,0
1026044,1559029156494750,67767458,0.56337285,28,1026017,1026044,1026017,0
1026283,1559029157836833,67558375,0.60111605,239,1026045,1026283,1026149,0
1026451,1559029157845250,68374333,0.61720247,168,1026284,1026451,1026347,0
1026707,1559029158108250,69298875,0.64102501,256,1026452,1026707,1026538,0
1026963,1559029158349625,70242833,0.58298577,256,1026708,1026963,1026939,0
1027219,1559029158560583,71219917,0.59691529,256,1026964,1027219,1027134,0
1027475,1559029159839958,71138708,0.6443855,256,1027220,1027475,1027259,0
1027660,1559029160686958,71175792,0.65614144,185,1027476,1027660,1027559,0
1027801,1559029161860541,70668167,0.57842803,141,1027661,1027801,1027773,0
1028057,1559029162801916,71049542,0.61891241,256,1027802,1028057,1028054,0
1028191,1559029162808666,71716834,0.6332931,134,1028058,1028191,1028081,0
1028362,1559029163990333,71352708,0.58710934,171,1028192,1028362,1028196,0
1028492,1559029164424708,71559000,0.58076314,130,1028363,1028492,1028452,0
1028587,1559029164609458,71846917,0.60331849,95,1028493,1028587,1028493,0
1028821,1559029164699625,72910291,0.61998326,234,1028588,1028821,1028701,0
1029059,1559029166398666,72429500,0.65400459,238,1028822,1029059,1029035,0
1029315,1559029167561083,72488292,0.6237523,256,1029060,1029315,1029134,0
1029491,1559029168595625,72328208,0.57439143,176,1029316,1029491,1029387,0
1029642,1559029169287041,72428750,0.6458288,151,1029492,1029642,1029599,0
1029803,1559029170371250,72144458,0.59749237,161,1029643,1029803,1029752,0
1029987,1559029171232916,72215000,0.57496355,184,1029804,1029987,1029961,0
1030118,1559029172853833,71290333,0.597402,131,1029988,1030118,1030061,0
1030374,1559029173749875,71608291,0.61188899,256,1030119,1030374,1030235,0
1030630,1559029175036000,71602583,0.66563199,256,1030375,1030630,1030416,0
1030886,1559029176215791,71547000,0.61303204,256,1030631,1030886,1030869,0
1031093,1559029177404041,71270250,0.59416986,207,1030887,1031093,1031039,0
1031188,1559029177408833,71708125,0.60281846,95,1031094,1031188,1031136,0
1031421,1559029178676666,71535125,0.59442221,233,1031189,1031421,1031299,0
1031592,1559029178685333,72276292,0.57155643,171,1031422,1031592,1031591,0
1031809,1559029178772541,73217625,0.59648675,217,1031593,1031809,1031707,0
1031981,1559029179597583,73120458,0.59384777,172,1031810,1031981,1031879,0
1032173,1559029180567958,73135542,0.65585927,192,1031982,1032173,1032050,0
1032429,1559029181040541,74040917,0.63750405,256,1032174,1032429,1032395,0
1032609,1559029182653333,73152917,0.54946415,180,1032430,1032609,1032482,0
1032865,1559029183938166,73018209,0.65071636,256,1032610,1032865,1032698,0
1033117,1559029184268958,73831333,0.59603534,252,1032866,1033117,1032882,0
1033373,1559029185375416,73889834,0.62639294,256,1033118,1033373,1033314,0
1033622,1559029187305500,73117500,0.59937858,249,1033374,1033622,1033439,0
1033777,1559029187314458,73817458,0.61854913,155,1033623,1033777,1033631,0
1033936,1559029188016583,73854333,0.59637254,159,1033778,1033936,1033899,0
1034192,1559029189760083,73334958,0.6080745,256,1033937,1034192,1033995,0
1034403,1559029191255375,72847791,0.63534921,211,1034193,1034403,1034202,0
1034635,1559029191637958,73559833,0.59496119,232,1034404,1034635,1034459,0
1034687,1559029191640791,73789667,0.59199943,52,1034636,1034687,1034650,0
1034857,1559029192726500,73452583,0.58953778,170,1034688,1034857,1034711,0
1035113,1559029194032000,73312083,0.62598071,256,1034858,1035113,1034911,0
1035369,1559029195519375,72991250,0.62042115,256,1035114,1035369,1035310,0
1035606,1559029196168166,73417167,0.6007891,237,1035370,1035606,1035384,0
1035778,1559029196744708,73620958,0.60044824,172,1035607,1035778,1035687,0
1035951,1559029196812916,74376834,0.60120333,173,1035779,1035951,1035916,0
1036156,1559029197183583,75068458,0.62258164,205,1035952,1036156,1036031,0
1036263,1559029197188958,75546167,0.61672773,107,1036157,1036263,1036177,0
1036326,1559029198187291,74841167,0.58956175,63,1036264,1036326,1036271,0
1036495,1559029198195750,75551208,0.63793373,169,1036327,1036495,1036484,0
1036581,1559029198944208,75152125,0.56634498,86,1036496,1036581,1036552,0
1036819,1559029199472250,75742416,0.65676825,238,1036582,1036819,1036807,0
1036978,1559029200197166,75703209,0.58900255,159,1036820,1036978,1036941,0
1037163,1559029200206458,76538417,0.65068601,185,1036979,1037163,1037136,0
1037285,1559029201029583,76275000,0.61783429,122,1037164,1037285,1037251,0
1037463,1559029201040583,77064208,0.65469798,178,1037286,1037463,1037363,0
1037588,1559029202215791,76479042,0.63176897,125,1037464,1037588,1037523,0
1037700,1559029202221416,76934375,0.55779443,112,1037589,1037700,1037636,0
1037875,1559029202412958,77545250,0.61766377,175,1037701,1037875,1037852,0
1037938,1559029202417166,77861375,0.59563738,63,1037876,1037938,1037928,0
1038092,1559029202593375,78343750,0.58513977,154,1037939,1038092,1037967,0
1038278,1559029202602708,79186333,0.59642016,186,1038093,1038278,1038174,0
1038446,1559029204446291,78129084,0.59249444,168,1038279,1038446,1038446,0
1038501,1559029204481333,78320917,0.58492042,55,1038447,1038501,1038495,0
1038533,1559029204482958,78507292,0.58815758,32,1038502,1038533,1038530,0
1038619,1559029204487333,78914208,0.66309834,86,1038534,1038619,1038535,0
1038875,1559029206920750,77698375,0.61057383,256,1038620,1038875,1038830,0
1039131,1559029207456041,78409584,0.59880173,256,1038876,1039131,1038927,0
1039387,1559029208662833,78416042,0.60759245,256,1039132,1039387,1039191,0
1039643,1559029209889166,78447042,0.65781552,256,1039388,1039643,1039424,0
1039824,1559029210891583,78585750,0.63380544,181,1039644,1039824,1039704,0
1039994,1559029212158208,78043750,0.59752637,170,1039825,1039994,1039856,0
1040199,1559029213315125,77936000,0.60113956,205,1039995,1040199,1040093,0
1040444,1559029215916500,76491041,0.62129579,245,1040200,1040444,1040357,0
1040546,1559029215921625,76988625,0.57520302,102,1040445,1040546,1040514,0
1040693,1559029217010916,76665459,0.62064396,147,1040547,1040693,1040657,0
1040810,1559029217016791,77223959,0.59170674,117,1040694,1040810,1040727,0
1041066,1559029218117083,77305333,0.60302827,256,1040811,1041066,1040880,0
1041288,1559029219206291,77272875,0.60785975,222,1041067,1041288,1041179,0
1041544,1559029220477541,77220917,0.61596974,256,1041289,1041544,1041397,0
1041605,1559029221287958,76664958,0.55640944,61,1041545,1041605,1041553,0
1041861,1559029223361916,75816834,0.56519687,256,1041606,1041861,1041775,0
1042047,1559029224183750,76036291,0.62374666,186,1041862,1042047,1041951,0
1042269,1559029224295916,77282709,0.6010083,222,1042048,1042269,1042117,0
1042525,1559029225455000,77231166,0.58368317,256,1042270,1042525,1042310,0
1042707,1559029228640208,74824833,0.58232311,182,1042526,1042707,1042585,0
1042843,1559029229970250,74114541,0.6099363,136,1042708,1042843,1042804,0
1042937,1559029229975708,74519292,0.57872117,94,1042844,1042937,1042873,0
1043073,1559029231058041,74071042,0.60861314,136,1042938,1043073,1042938,0
1043273,1559029231947375,74367208,0.60607571,200,1043074,1043273,1043247,0
1043315,1559029231949500,74454875,0.61528807,42,1043274,1043315,1043281,0
1043368,1559029231952166,74706667,0.58069453,53,1043316,1043368,1043339,0
1043624,1559029232597958,119315792,0.60228561,256,1043369,1043624,1043523,0
1043880,1559029233922000,126733166,0.65134198,256,1043625,1043880,1043862,0
1044059,1559029234563666,126093000,0.54998836,179,1043881,1044059,1043974,0
1044265,1559029235456750,125201000,0.62799196,206,1044060,1044265,1044136,0
1044521,1559029236043458,124615250,0.64382915,256,1044266,1044521,1044454,0
1044777,1559029237660083,123117000,0.61922696,256,1044522,1044777,1044668,0
1044956,1559029240168250,122820541,0.60329803,179,1044778,1044956,1044799,0
1045212,1559029240962916,122694584,0.62816033,256,1044957,1045212,1045159,0
1045468,1559029241767250,136172208,0.57488227,256,1045213,1045468,1045390,0
1045692,1559029242551083,136807875,0.64913908,224,1045469,1045692,1045529,0
1045859,1559029243493791,136436750,0.59932455,167,1045693,1045859,1045820,0
1046061,1559029244203500,136696375,0.58963899,202,1045860,1046061,1045982,0
1046077,1559029244204375,136764416,0.53059912,16,1046062,1046077,1046069,0
1046243,1559029245382583,136381208,0.61677297,166,1046078,1046243,1046227,0
1046347,1559029245387833,136873875,0.65642894,104,1046244,1046347,1046328,0
1046487,1559029246641333,136301792,0.59803943,140,1046348,1046487,1046352,0
1046652,1559029248176833,135592042,0.61479246,165,1046488,1046652,1046554,0
1046765,1559029248182583,136144000,0.58687898,113,1046653,1046765,1046724,0
1046924,1559029248727000,136355000,0.55178688,159,1046766,1046924,1046795,0
1047142,1559029250272125,135862250,0.59135754,218,1046925,1047142,1047140,0
1047273,1559029251000833,135765750,0.60889053,131,1047143,1047273,1047192,0
1047529,1559029253691666,134325417,0.63722307,256,1047274,1047529,1047528,0
1047785,1559029255390375,133902333,0.6789547,256,1047530,1047785,1047564,0
1047945,1559029255398375,134665458,0.574897,160,1047786,1047945,1047829,0
1048201,1559029257300250,134032625,0.62730144,256,1047946,1048201,1047963,0
1048316,1559029257306041,134609584,0.57473111,115,1048202,1048316,1048260,0
1048571,1559029258149416,134976334,0.64256733,255,1048317,1048571,1048558,0
1048827,1559029259439750,134957250,0.62837244,256,1048572,1048827,1048738,0
1048843,1559029259440541,135056125,0.61037447,16,1048828,1048843,1048830,0
1048859,1559029259441333,135139750,0.58086085,16,1048844,1048859,1048848,0
1048945,1559029260514250,134482416,0.5982365,86,1048860,1048945,1048934,0
1049090,1559029261170000,134563541,0.59210864,145,1048946,1049090,1049019,0
1049243,1559029261177708,135296917,0.60359799,153,1049091,1049243,1049210,0
1049499,1559029261850833,135859167,0.58793211,256,1049244,1049499,1049267,0
1049642,1559029263061916,135311584,0.56453933,143,1049500,1049642,1049549,0
1049898,1559029264158500,135541666,0.59659302,256,1049643,1049898,1049648,0
1050154,1559029265319208,135642542,0.61424866,256,1049899,1050154,1050051,0
1050357,1559029267429000,134399833,0.62930165,203,1050155,1050357,1050343,0
1050507,1559029268541541,134011834,0.56470256,150,1050358,1050507,1050367,0
1050735,1559029269635500,134007083,0.58270619,228,1050508,1050735,1050654,0
1050945,1559029271210000,133411083,0.58112582,210,1050736,1050945,1050827,0
1051197,1559029272354458,133495958,0.62488011,252,1050946,1051197,1050957,0
1051321,1559029272770916,133881875,0.57593519,124,1051198,1051321,1051231,0
1051403,1559029273061291,133930500,0.58236464,82,1051322,1051403,1051396,0
1051461,1559029273064250,134206375,0.57055229,58,1051404,1051461,1051419,0
1051615,1559029273072000,134955125,0.62010245,154,1051462,1051615,1051578,0
1051794,1559029274160750,134747750,0.61426755,179,1051616,1051794,1051636,0
1051887,1559029274305833,135164083,0.61091659,93,1051795,1051887,1051830,0
1052143,1559029275256125,135474916,0.59584126,256,1051888,1052143,1052094,0
1052399,1559029275995458,135991625,0.60658991,256,1052144,1052399,1052213,0
1052620,1559029276813583,136262333,0.61519844,221,1052400,1052620,1052489,0
1052831,1559029277385458,136696542,0.59425728,211,1052621,1052831,1052738,0
1053069,1559029280025750,135250875,0.61129457,238,1052832,1053069,1053016,0
1053308,1559029280321875,136105166,0.60562089,239,1053070,1053308,1053295,0
1053479,1559029281027500,136203916,0.58043604,171,1053309,1053479,1053374,0
1053735,1559029282020000,136356666,0.60377393,256,1053480,1053735,1053520,0
1053885,1559029282593458,136509042,0.62713047,150,1053736,1053885,1053836,0
1053967,1559029282598250,136885250,0.6093607,82,1053886,1053967,1053945,0
1054160,1559029282814583,137595333,0.5839479,193,1053968,1054160,1053972,0
1054416,1559029283013041,138548917,0.65692913,256,1054161,1054416,1054263,0
1054672,1559029284675916,138390292,0.61805452,256,1054417,1054672,1054465,0
1054899,1559029285954375,138097166,0.62261602,227,1054673,1054899,1054803,0
1055089,1559029287095041,137783584,0.57629691,190,1054900,1055089,1055030,0
1055278,1559029287118291,138622792,0.61549548,189,1055090,1055278,1055236,0
1055475,1559029289515583,137090208,0.59284452,197,1055279,1055475,1055433,0
1055670,1559029291277791,136200417,0.59535012,195,1055476,1055670,1055536,0
1055807,1559029292510708,135572625,0.60383213,137,1055671,1055807,1055690,0
1056063,1559029293756625,135402958,0.58227665,256,1055808,1056063,1056062,0
1056319,1559029294280833,135962167,0.57086195,256,1056064,1056319,1056064,0
1056444,1559029294290500,136502416,0.59378722,125,1056320,1056444,1056332,0
1056574,1559029295437916,135916542,0.56336057,130,1056445,1056574,1056467,0
1056824,1559029296610916,135840292,0.62129146,250,1056575,1056824,1056802,0
1056951,1559029297750708,135284667,0.62494963,127,1056825,1056951,1056835,0
1057203,1559029298036250,136069875,0.59723363,252,1056952,1057203,1057044,0
1057459,1559029299183750,136093375,0.58792185,256,1057204,1057459,1057302,0
1057667,1559029300260083,135932125,0.61263605,208,1057460,1057667,1057590,0
1057852,1559029301590000,135449875,0.59954949,185,1057668,1057852,1057720,0
1058090,1559029303510041,134618667,0.61526841,238,1057853,1058090,1057875,0
1058293,1559029304099625,134994250,0.57430543,203,1058091,1058293,1058290,0
1058316,1559029304100791,135107792,0.60018103,23,1058294,1058316,1058300,0
1058332,1559029304101583,135199375,0.61289621,16,1058317,1058332,1058324,0
1058411,1559029304105541,135568042,0.58664847,79,1058333,1058411,1058350,0
1058571,1559029304530041,135844042,0.69292101,160,1058412,1058571,1058558,0
1058587,1559029304530833,135922500,0.6426057,16,1058572,1058587,1058573,0
1058603,1559029304531666,136006125,0.62522518,16,1058588,1058603,1058601,0
1058619,1559029304532500,136091083,0.59500802,16,1058604,1058619,1058615,0
1058635,1559029304533291,136178459,0.57497912,16,1058620,1058635,1058625,0
1058766,1559029304539875,136800916,0.59693152,131,1058636,1058766,1058667,0
1058937,1559029305210375,136966875,0.59034389,171,1058767,1058937,1058883,0
1058986,1559029305212833,137212458,0.55427947,49,1058938,1058986,1058943,0
1059040,1559029306330375,136375666,0.57075411,54,1058987,1059040,1059005,0
1059144,1559029306336416,137066125,0.62245042,104,1059041,1059144,1059046,0
1059311,1559029306555041,137619584,0.57668844,167,1059145,1059311,1059171,0
1059567,1559029306779958,138651333,0.59891146,256,1059312,1059567,1059472,0
1059787,1559029360700375,85755083,0.59348389,220,1059568,1059787,1059762,0
1059918,1559029360707875,86379625,0.59958757,131,1059788,1059918,1059897,0
1060067,1559029360716375,87114416,0.58000046,149,1059919,1060067,1060050,0
1060270,1559029360727916,87972375,0.55770293,203,1060068,1060270,1060242,0
1060526,1559029360742541,89165292,0.60133077,256,1060271,1060526,1060289,0
1060782,1559029361816250,89511666,0.63295032,256,1060527,1060782,1060666,0
1061038,1559029363617500,88849541,0.60153947,256,1060783,1061038,1061002,0
1061248,1559029379303416,74177209,0.59920349,210,1061039,1061248,1061040,0
1061448,1559029379371916,75028292,0.59158211,200,1061249,1061448,1061373,0
1061704,1559029380011750,75659291,0.64671385,256,1061449,1061704,1061544,0
1061960,1559029381003416,75940292,0.63386269,256,1061705,1061960,1061875,0
1061976,1559029381004291,76037167,0.60426512,16,1061961,1061976,1061966,0
1061992,1559029381005125,76101125,0.52578471,16,1061977,1061992,1061989,0
1062140,1559029381013208,76709833,0.5932298,148,1061993,1062140,1062117,0
1062300,1559029381848750,76614458,0.63753856,160,1062141,1062300,1062260,0
1062556,1559029384412333,75196208,0.59024547,256,1062301,1062556,1062375,0
1062707,1559029386815000,73512458,0.63687953,151,1062557,1062707,1062655,0
1062952,1559029390116166,71259625,0.60181328,245,1062708,1062952,1062774,0
1063076,1559029391402125,70520666,0.64143286,124,1062953,1063076,1062978,0
1063299,1559029394485833,68397333,0.57706709,223,1063077,1063299,1063164,0
1063543,1559029394576833,69383042,0.61257362,244,1063300,1063543,1063429,0
1063653,1559029394582791,70160292,0.57822341,110,1063544,1063653,1063593,0
1063823,1559029394657583,71171000,0.60967855,170,1063654,1063823,1063686,0
1063972,1559029395084083,71620625,0.59341199,149,1063824,1063972,1063831,0
1064167,1559029396537541,71350250,0.64639082,195,1063973,1064167,1064021,0
1064183,1559029396538416,71455125,0.5305742,16,1064168,1064183,1064171,0
1064376,1559029397720958,71154792,0.61029215,193,1064184,1064376,1064207,0
1064513,1559029397728375,71812041,0.62883106,137,1064377,1064513,1064431,0
1064763,1559029398447541,72320750,0.56860543,250,1064514,1064763,1064630,0
1064929,1559029399716625,71898458,0.56441215,166,1064764,1064929,1064810,0
1065122,1559029399727083,72925667,0.60762078,193,1064930,1065122,1065012,0
1065295,1559029400915500,72480208,0.61130886,173,1065123,1065295,1065189,0
1065503,1559029401922000,72465166,0.5750652,208,1065296,1065503,1065347,0
1065759,1559029402627083,73005542,0.58355571,256,1065504,1065759,1065754,0
1065957,1559029403703000,72896958,0.58718128,198,1065760,1065957,1065933,0
1066213,1559029406619500,71248708,0.61997599,256,1065958,1066213,1066045,0
1066351,1559029407044583,71446958,0.59053964,138,1066214,1066351,1066343,0
1066607,1559029407306291,72422959,0.63354144,256,1066352,1066607,1066553,0
1066863,1559029409003291,71815084,0.61653147,256,1066608,1066863,1066699,0
1067105,1559029409621791,72263334,0.56357814,242,1066864,1067105,1066908,0
1067288,1559029410813458,71875458,0.59877957,183,1067106,1067288,1067263,0
1067464,1559029412070125,71403791,0.60738056,176,1067289,1067464,1067316,0
1067650,1559029413421375,70888875,0.61848223,186,1067465,1067650,1067567,0
1067906,1559029414178583,71377917,0.5728344,256,1067651,1067906,1067799,0
1068162,1559029416445125,70156500,0.61213227,256,1067907,1068162,1068026,0
1068364,1559029418454583,69019125,0.59197516,202,1068163,1068364,1068185,0
1068582,1559029419121833,69489875,0.59319544,218,1068365,1068582,1068469,0
1068684,1559029419532458,69655125,0.56035767,102,1068583,1068684,1068614,0
1068901,1559029420474500,69469125,0.59242797,217,1068685,1068901,1068764,0
1069138,1559029422383500,68582000,0.59253761,237,1068902,1069138,1069107,0
1069244,1559029423099208,68359542,0.6337925,106,1069139,1069244,1069185,0
1069500,1559029424132791,68467917,0.62627704,256,1069245,1069500,1069375,0
1069756,1559029424923333,68839167,0.57674917,256,1069501,1069756,1069699,0
1069859,1559029425729625,68495500,0.58328891,103,1069757,1069859,1069794,0
1070082,1559029426652583,68513958,0.61252297,223,1069860,1070082,1070042,0
1070338,1559029427490583,68965625,0.63678324,256,1070083,1070338,1070318,0
1070379,1559029427492666,69043542,0.54759996,41,1070339,1070379,1070361,0
1070588,1559029428180666,69284042,0.61420734,209,1070380,1070588,1070414,0
1070794,1559029429227958,69187500,0.60904724,206,1070589,1070794,1070774,0
1070954,1559029429236000,69895250,0.5744922,160,1070795,1070954,1070931,0
1071206,1559029430896708,69384875,0.60613878,252,1070955,1071206,1071059,0
1071455,1559029431383833,69978083,0.59180814,249,1071207,1071455,1071400,0
1071655,1559029432486250,69909625,0.61424834,200,1071456,1071655,1071517,0
1071818,1559029433102791,69994542,0.59625723,163,1071656,1071818,1071789,0
1071924,1559029433108125,70486416,0.58037812,106,1071819,1071924,1071915,0
1072050,1559029434178458,69947667,0.60373505,126,1071925,1072050,1072002,0
1072293,1559029435349875,70040833,0.61460563,243,1072051,1072293,1072272,0
1072316,1559029435351041,70133709,0.53343172,23,1072294,1072316,1072295,0
1072423,1559029435356458,70555583,0.63025999,107,1072317,1072423,1072376,0
1072679,1559029437111208,69944667,0.66362755,256,1072424,1072679,1072543,0
1072889,1559029438315125,69646625,0.59566289,210,1072680,1072889,1072887,0
1073145,1559029439596083,69529417,0.62217051,256,1072890,1073145,1072917,0
1073401,1559029440072500,70253666,0.64805175,256,1073146,1073401,1073382,0
1073657,1559029440086458,71395583,0.60259417,256,1073402,1073657,1073615,0
1073913,1559029440461125,72213750,0.62971467,256,1073658,1073913,1073773,0
1074122,1559029440471708,73164250,0.6198063,209,1073914,1074122,1073982,0
1074330,1559029440560166,73978750,0.58066036,208,1074123,1074330,1074261,0
1074536,1559029440730000,74739083,0.62529003,206,1074331,1074536,1074439,0
1074736,1559029441386291,74996292,0.60866964,200,1074537,1074736,1074643,0
1074766,1559029441387958,75144167,0.62864922,30,1074737,1074766,1074749,0
1074861,1559029441393083,75596292,0.58913855,95,1074767,1074861,1074808,0
1075117,1559029442423416,75828334,0.62037311,256,1074862,1075117,1075030,0
1075222,1559029442430166,76323667,0.55518353,105,1075118,1075222,1075129,0
1075364,1559029442734166,76725250,0.55209246,142,1075223,1075364,1075270,0
1075592,1559029443463708,77176208,0.63898438,228,1075365,1075592,1075524,0
1075736,1559029443471541,77856917,0.60914251,144,1075593,1075736,1075632,0
1075802,1559029444272000,77606708,0.57661624,66,1075737,1075802,1075762,0
1076008,1559029445475541,77258000,0.60579449,206,1075803,1076008,1075865,0
1076264,1559029447772708,76189625,0.59432828,256,1076009,1076264,1076156,0
1076392,1559029447872541,76683667,0.56983826,128,1076265,1076392,1076319,0
1076562,1559029449919125,75448666,0.57141594,170,1076393,1076562,1076495,0
1076818,1559029451266291,75361417,0.58731305,256,1076563,1076818,1076756,0
1077001,1559029452475500,75049000,0.59258233,183,1076819,1077001,1076966,0
1077068,1559029452479208,75396958,0.63939749,67,1077002,1077068,1077044,0
1077084,1559029452480083,75506292,0.61651825,16,1077069,1077084,1077074,0
1077100,1559029452480916,75571167,0.55318249,16,1077085,1077100,1077088,0
1077255,1559029453532541,75261750,0.58810538,155,1077101,1077255,1077125,0
1077511,1559029454424166,75602667,0.63027226,256,1077256,1077511,1077374,0
1077700,1559029454435875,76454250,0.58755874,189,1077512,1077700,1077610,0
1077956,1559029455724666,76269709,0.56916369,256,1077701,1077956,1077873,0
1078081,1559029456987041,75567375,0.62146377,125,1077957,1078081,1077982,0
1078286,1559029457064958,76406125,0.60246461,205,1078082,1078286,1078132,0
1078470,1559029457175208,77083458,0.59872554,184,1078287,1078470,1078429,0
1078695,1559029457776583,77430000,0.59822397,225,1078471,1078695,1078555,0
1078875,1559029459645041,76349917,0.59446178,180,1078696,1078875,1078809,0
1079113,1559029460339625,76742208,0.61647809,238,1078876,1079113,1079082,0
1079244,1559029461433875,76224375,0.61940373,131,1079114,1079244,1079121,0
1079446,1559029461977416,76880750,0.61862896,202,1079245,1079446,1079321,0
1079642,1559029462966875,76594666,0.64121584,196,1079447,1079642,1079528,0
1079740,1559029464032500,75967750,0.58915033,98,1079643,1079740,1079691,0
1079910,1559029465802375,74936791,0.60850876,170,1079741,1079910,1079793,0
1080166,1559029466718875,75158541,0.59243858,256,1079911,1080166,1080049,0
1080422,1559029467919166,75182084,0.63755647,256,1080167,1080422,1080220,0
1080590,1559029468042500,75867625,0.60332944,168,1080423,1080590,1080530,0
1080753,1559029469035583,75683208,0.55736775,163,1080591,1080753,1080625,0
1080938,1559029469588041,76086875,0.6298314,185,1080754,1080938,1080816,0
1081097,1559029469596666,76843459,0.5681895,159,1080939,1081097,1081068,0
1081310,1559029474290791,73229417,0.58800449,213,1081098,1081310,1081254,0
1081551,1559029474427083,74273792,0.5797155,241,1081311,1081551,1081501,0
1081721,1559029475618916,73814000,0.58821582,170,1081552,1081721,1081558,0
1081977,1559029476587458,74112000,0.61040398,256,1081722,1081977,1081805,0
1082224,1559029478572958,73310250,0.6066355,247,1081978,1082224,1082016,0
1082464,1559029479774458,73282417,0.57977163,240,1082225,1082464,1082353,0
1082504,1559029479776458,73473250,0.54903925,40,1082465,1082504,1082502,0
1082757,1559029480908083,73670000,0.65932005,253,1082505,1082757,1082599,0
1083013,1559029482720666,73086917,0.59602317,256,1082758,1083013,1082964,0
1083181,1559029482729125,73826541,0.60274246,168,1083014,1083181,1083133,0
1083384,1559029484326458,73130917,0.59988771,203,1083182,1083384,1083364,0
1083550,1559029485522666,72647584,0.59365443,166,1083385,1083550,1083546,0
1083629,1559029485526625,73037458,0.61212021,79,1083551,1083629,1083568,0
1083825,1559029486687333,72782167,0.6686183,196,1083630,1083825,1083692,0
1084018,1559029489027916,71263542,0.56468519,193,1083826,1084018,1083867,0
1084274,1559029489258375,72212625,0.61662286,256,1084019,1084274,1084199,0
1084413,1559029489266625,72857375,0.64193169,139,1084275,1084413,1084347,0
1084578,1559029490133708,72691125,0.56950513,165,1084414,1084578,1084506,0
1084678,1559029490139541,73183834,0.58499298,100,1084579,1084678,1084588,0
1084865,1559029491529875,72586875,0.58175114,187,1084679,1084865,1084783,0
1085072,1559029492653000,72428291,0.6016676,207,1084866,1085072,1085064,0
1085233,1559029493744541,71986334,0.592464,161,1085073,1085233,1085123,0
1085484,1559029494219500,72647166,0.61858467,251,1085234,1085484,1085336,0
1085634,1559029494227166,73325292,0.58407239,150,1085485,1085634,1085503,0
1085731,1559029495209458,72903250,0.59487259,97,1085635,1085731,1085695,0
1085933,1559029496400625,72486375,0.57453155,202,1085732,1085933,1085774,0
1086189,1559029496714125,73306625,0.58325845,256,1085934,1086189,1086087,0
1086391,1559029497557000,73333916,0.57110776,202,1086190,1086391,1086261,0
1086626,1559029499928333,72230958,0.62981849,235,1086392,1086626,1086568,0
1086751,1559029499935541,72802792,0.57381751,125,1086627,1086751,1086640,0
1086987,1559029500319083,73518417,0.61250639,236,1086752,1086987,1086967,0
1087243,1559029501428458,73650167,0.65859587,256,1086988,1087243,1087048,0
1087445,1559029502372541,73613709,0.60433851,202,1087244,1087445,1087327,0
1087682,1559029503646666,73399959,0.60328128,237,1087446,1087682,1087525,0
1087829,1559029504165416,73544625,0.58603592,147,1087683,1087829,1087736,0
1088067,1559029505870041,73006584,0.58117719,238,1087830,1088067,1088034,0
1088263,1559029505879916,73978584,0.6051523,196,1088068,1088263,1088138,0
1088319,1559029505882750,74230750,0.5701834,56,1088264,1088319,1088306,0
1088370,1559029505885291,74509667,0.60298794,51,1088320,1088370,1088341,0
1088446,1559029505968208,74769292,0.60204624,76,1088371,1088446,1088401,0
1088563,1559029507103750,74212916,0.56066409,117,1088447,1088563,1088554,0
1088819,1559029509193875,73351958,0.59933504,256,1088564,1088819,1088796,0
1088989,1559029510375541,73024209,0.61451882,170,1088820,1088989,1088947,0
1089245,1559029511587500,73022208,0.64303692,256,1088990,1089245,1089078,0
1089407,1559029512718208,72640792,0.57807864,162,1089246,1089407,1089335,0
1089661,1559029513722750,72876500,0.61402743,254,1089408,1089661,1089611,0
1089880,1559029515517958,72140500,0.59535371,219,1089662,1089880,1089827,0
1089939,1559029515520958,72412833,0.57895925,59,1089881,1089939,1089927,0
1090161,1559029517062916,72346334,0.61915101,222,1089940,1090161,1089963,0
1090244,1559029517067666,72626084,0.57221192,83,1090162,1090244,1090226,0
1090425,1559029517078166,73539584,0.61467062,181,1090245,1090425,1090317,0
1090595,1559029517088041,74316625,0.59832341,170,1090426,1090595,1090499,0
1090716,1559029517095125,74858333,0.57762067,121,1090596,1090716,1090641,0
1090875,1559029518808833,73870583,0.5910827,159,1090717,1090875,1090815,0
1090981,1559029518814541,74363125,0.60441898,106,1090876,1090981,1090906,0
1091141,1559029519482541,74416459,0.60027493,160,1090982,1091141,1091111,0
1091331,1559029519492791,75287709,0.61028263,190,1091142,1091331,1091281,0
1091515,1559029520670958,74996000,0.66421782,184,1091332,1091515,1091410,0
1091653,1559029521322708,75062417,0.61290356,138,1091516,1091653,1091574,0
1091755,1559029521328375,75465000,0.60278975,102,1091654,1091755,1091713,0
1091969,1559029522787291,74967834,0.64918656,214,1091756,1091969,1091800,0
1092191,1559029523979333,74816958,0.59092323,222,1091970,1092191,1092037,0
1092323,1559029523986458,75431708,0.59030164,132,1092192,1092323,1092263,0
1092579,1559029527573166,73000459,0.65669599,256,1092324,1092579,1092546,0
1092595,1559029527574041,73145042,0.63011053,16,1092580,1092595,1092582,0
1092611,1559029527574916,73169709,0.60953219,16,1092596,1092611,1092608,0
1092627,1559029527575791,73287875,0.56683029,16,1092612,1092627,1092617,0
1092703,1559029527983250,73249625,0.63442299,76,1092628,1092703,1092633,0
1092761,1559029527986416,73609292,0.54975996,58,1092704,1092761,1092734,0
1092968,1559029528066625,74333875,0.59736265,207,1092762,1092968,1092835,0
1093224,1559029528080583,75474958,0.62120374,256,1092969,1093224,1093029,0
1093480,1559029528843458,76212250,0.60772612,256,1093225,1093480,1093425,0
1093522,1559029530050041,75007375,0.60193256,42,1093481,1093522,1093481,0
1093651,1559029530056541,75719917,0.57006598,129,1093523,1093651,1093623,0
1093723,1559029530060125,75937416,0.57819875,72,1093652,1093723,1093714,0
1093827,1559029530928083,75539458,0.55917741,104,1093724,1093827,1093756,0
1094044,1559029532606041,74888375,0.62012724,217,1093828,1094044,1093966,0
1094300,1559029533524708,75156083,0.62712254,256,1094045,1094300,1094281,0
1094521,1559029534349375,75359541,0.60192367,221,1094301,1094521,1094373,0
1094777,1559029536055375,74794208,0.59939127,256,1094522,1094777,1094578,0
1095018,1559029537717500,74238208,0.62206653,241,1094778,1095018,1094923,0
1095226,1559029538812333,74114500,0.62019624,208,1095019,1095226,1095197,0
1095400,1559029539573791,74206042,0.62414991,174,1095227,1095400,1095367,0
1095601,1559029540000791,74782084,0.62464416,201,1095401,1095601,1095509,0
1095635,1559029540820333,74134083,0.5783423,34,1095602,1095635,1095602,0
1095871,1559029543147416,72964042,0.57558784,236,1095636,1095871,1095683,0
1095922,1559029543150250,73165458,0.53749776,51,1095872,1095922,1095915,0
1096122,1559029543952250,73318208,0.63017868,200,1095923,1096122,1096085,0
1096340,1559029544748791,73508250,0.57751257,218,1096123,1096340,1096337,0
1096524,1559029545744583,73386958,0.61242889,184,1096341,1096524,1096400,0
1096780,1559029549460083,70868917,0.59227937,256,1096525,1096780,1096660,0
1097036,1559029551931500,69607916,0.59442219,256,1096781,1097036,1096912,0
1097205,1559029553059750,69347083,0.63125636,169,1097037,1097205,1097204,0
1097221,1559029553060625,69489583,0.5611185,16,1097206,1097221,1097206,0
1097303,1559029553065041,69945500,0.63925784,82,1097222,1097303,1097231,0
1097454,1559029553282708,70366792,0.61598194,151,1097304,1097454,1097317,0
1097658,1559029555906583,68742292,0.58870569,204,1097455,1097658,1097567,0
1097867,1559029557484375,68334125,0.61103145,209,1097659,1097867,1097792,0
1098112,1559029558278208,68830708,0.61090879,245,1097868,1098112,1098079,0
1098220,1559029558715291,68873625,0.59589135,108,1098113,1098220,1098153,0
1098466,1559029559560708,69110625,0.61692627,246,1098221,1098466,1098449,0
1098570,1559029559566041,69563792,0.59304753,104,1098467,1098570,1098479,0
1098775,1559029560367541,69681875,0.59929395,205,1098571,1098775,1098638,0
1098845,1559029560371125,69973000,0.57751384,70,1098776,1098845,1098785,0
1099049,1559029561505875,69827041,0.64087453,204,1098846,1099049,1098872,0
1099076,1559029561507250,69961791,0.4995355,27,1099050,1099076,1099068,0
1099318,1559029562161666,70297667,0.6315689,242,1099077,1099318,1099100,0
1099574,1559029563369166,70226042,0.61522731,256,1099319,1099574,1099562,0
1099619,1559029563371458,70483708,0.63829549,45,1099575,1099619,1099582,0
1099635,1559029563372291,70530917,0.51897098,16,1099620,1099635,1099625,0
1099825,1559029565064625,69720750,0.62853484,190,1099636,1099825,1099785,0
1099982,1559029565818208,69680750,0.5970506,157,1099826,1099982,1099975,0
1100040,1559029566953375,68822166,0.60755528,58,1099983,1100040,1099992,0
1100118,1559029566957250,69434125,0.59831643,78,1100041,1100118,1100071,0
1100223,1559029567594166,69465125,0.60530327,105,1100119,1100223,1100165,0
1100470,1559029567998583,70669917,0.60754791,247,1100224,1100470,1100431,0
1100697,1559029568959166,70585750,0.62263458,227,1100471,1100697,1100529,0
1100915,1559029570075250,70463041,0.60779822,218,1100698,1100915,1100800,0
1101171,1559029570917000,70774875,0.60230919,256,1100916,1101171,1100956,0
1101391,1559029572827083,69862583,0.63330478,220,1101172,1101391,1101378,0
1101536,1559029574103750,69268041,0.62107006,145,1101392,1101536,1101418,0
1101792,1559029576010875,68505875,0.64410942,256,1101537,1101792,1101775,0
1101870,1559029576016333,68849958,0.56726176,78,1101793,1101870,1101858,0
1101990,1559029577163791,68247250,0.59444516,120,1101871,1101990,1101939,0
1102225,1559029577818250,68672541,0.6023155,235,1101991,1102225,1102198,0
1102442,1559029578920833,68581792,0.59392582,217,1102226,1102442,1102393,0
1102678,1559029580224291,68467584,0.6397648,236,1102443,1102678,1102632,0
1102911,1559029580406333,69362875,0.63364895,233,1102679,1102911,1102719,0
1103163,1559029581401458,69519042,0.60877202,252,1102912,1103163,1102968,0
1103339,1559029582687291,69061000,0.61318985,176,1103164,1103339,1103213,0
1103404,1559029582690833,69350833,0.62750057,65,1103340,1103404,1103340,0
1103631,1559029583401250,69745750,0.63772835,227,1103405,1103631,1103564,0
1103764,1559029586627625,67154416,0.61225154,133,1103632,1103764,1103693,0
1103908,1559029586635458,67846667,0.60141272,144,1103765,1103908,1103780,0
1104131,1559029588019041,67707459,0.64164905,223,1103909,1104131,1103983,0
1104361,1559029590683583,66118458,0.64319282,230,1104132,1104361,1104236,0
1104557,1559029590708708,66983083,0.60900428,196,1104362,1104557,1104495,0
1104813,1559029592080500,66784208,0.63325526,256,1104558,1104813,1104770,0
1105009,1559029592090416,67668584,0.63732299,196,1104814,1105009,1104909,0
1105206,1559029592802541,67836959,0.574203,197,1105010,1105206,1105132,0
1105319,1559029593241708,67929333,0.59443301,113,1105207,1105319,1105257,0
1105447,1559029593256958,68499417,0.64122953,128,1105320,1105447,1105392,0
1105637,1559029594820708,67787250,0.62660174,190,1105448,1105637,1105570,0
1105798,1559029594828833,68527125,0.64987984,161,1105638,1105798,1105685,0
1106054,1559029596343083,68296875,0.60605493,256,1105799,1106054,1105837,0
1106310,1559029596837500,69115666,0.65296432,256,1106055,1106310,1106301,0
1106332,1559029597813166,68255875,0.63426197,22,1106311,1106332,1106311,0
1106348,1559029597814000,68333208,0.62393145,16,1106333,1106348,1106345,0
1106470,1559029597820125,68996208,0.57621968,122,1106349,1106470,1106453,0
1106701,1559029598920583,69126167,0.61340293,231,1106471,1106701,1106526,0
1106774,1559029598924791,69386709,0.64018076,73,1106702,1106774,1106720,0
1107005,1559029599530208,69940792,0.62623433,231,1106775,1107005,1106952,0
1107139,1559029600647916,69502292,0.63829761,134,1107006,1107139,1107086,0
1107395,1559029600721375,70775041,0.59043634,256,1107140,1107395,1107340,0
1107650,1559029601065333,71823083,0.61976185,255,1107396,1107650,1107469,0
1107757,1559029601310916,72167750,0.58665878,107,1107651,1107757,1107746,0
1107934,1559029601509833,72942250,0.64076093,177,1107758,1107934,1107886,0
1108190,1559029602559500,73151208,0.60188761,256,1107935,1108190,1108135,0
1108446,1559029603655375,73318708,0.64467236,256,1108191,1108446,1108411,0
1108570,1559029604819625,72821125,0.61130411,124,1108447,1108570,1108568,0
1108586,1559029604820458,72822500,0.59548323,16,1108571,1108586,1108576,0
1108612,1559029604821750,72929500,0.57333524,26,1108587,1108612,1108600,0
1108868,1559029604986833,73986292,0.62364927,256,1108613,1108868,1108705,0
1109124,1559029606122208,74132833,0.67610459,256,1108869,1109124,1109061,0
1109144,1559029606123208,74228625,0.60968774,20,1109125,1109144,1109125,0
1109311,1559029606561416,74545459,0.61145127,167,1109145,1109311,1109239,0
1109533,1559029607516250,74633541,0.64185669,222,1109312,1109533,1109531,0
1109549,1559029608744958,73490625,0.61218954,16,1109534,1109549,1109547,0
1109565,1559029608745791,73613209,0.63188469,16,1109550,1109565,1109553,0
1109581,1559029608746583,73706250,0.53284677,16,1109566,1109581,1109573,0
1109783,1559029609862875,73447958,0.59322286,202,1109582,1109783,1109671,0
1110016,1559029610918708,73508542,0.60819544,233,1109784,1110016,1109835,0
1110159,1559029612005500,73023625,0.58116441,143,1110017,1110159,1110078,0
1110356,1559029612017083,73943625,0.60853292,197,1110160,1110356,1110172,0
1110514,1559029614927833,71777917,0.62492758,158,1110357,1110514,1110455,0
1110643,1559029615080916,72234125,0.65325771,129,1110515,1110643,1110628,0
1110659,1559029615081833,72307667,0.54957731,16,1110644,1110659,1110652,0
1110675,1559029615082833,72384125,0.67894507,16,1110660,1110675,1110670,0
1110787,1559029615089458,72896500,0.59033335,112,1110676,1110787,1110778,0
1110933,1559029616423958,72476292,0.60293968,146,1110788,1110933,1110874,0
1111131,1559029617351166,72426959,0.62888831,198,1110934,1111131,1111130,0
1111147,1559029617352041,72556375,0.64961557,16,1111132,1111147,1111141,0
1111163,1559029617352875,72690416,0.60670492,16,1111148,1111163,1111152,0
1111293,1559029618281666,72301167,0.61990471,130,1111164,1111293,1111164,0
1111549,1559029619215291,72981792,0.65605684,256,1111294,1111549,1111445,0
1111805,1559029620395041,72958834,0.63862436,256,1111550,1111805,1111769,0
1111984,1559029621756666,72428625,0.61520012,179,1111806,1111984,1111924,0
1112240,1559029622514000,72960583,0.64809905,256,1111985,1112240,1112177,0
1112258,1559029622515000,73042500,0.60487272,18,1112241,1112258,1112258,0
1112280,1559029622516166,73154334,0.59843965,22,1112259,1112280,1112269,0
1112324,1559029622518583,73349042,0.61243982,44,1112281,1112324,1112291,0
1112378,1559029622546750,73565791,0.60094351,54,1112325,1112378,1112345,0
1112634,1559029623069250,74331750,0.61548058,256,1112379,1112634,1112614,0
1112837,1559029625894541,72438459,0.59944774,203,1112635,1112837,1112746,0
1113093,1559029627304666,72321625,0.64472019,256,1112838,1113093,1113083,0
1113294,1559029628801666,71788500,0.6103563,201,1113094,1113294,1113170,0
1113537,1559029629159958,72704667,0.60813703,243,1113295,1113537,1113493,0
1113605,1559029629163375,73081416,0.6762325,68,1113538,1113605,1113542,0
1113655,1559029630420291,72106209,0.62823744,50,1113606,1113655,1113626,0
1113671,1559029631319416,71283084,0.5566697,16,1113656,1113671,1113661,0
1113827,1559029631498500,71842041,0.59521602,156,1113672,1113827,1113768,0
1114063,1559029632485791,72053625,0.63039284,236,1113828,1114063,1113973,0
1114299,1559029633919958,72505417,0.65093792,236,1114064,1114299,1114183,0
1114534,1559029634018791,73582084,0.61951663,235,1114300,1114534,1114506,0
1114669,1559029635019708,73262792,0.57141395,135,1114535,1114669,1114569,0
1114900,1559029637069583,72398292,0.60176922,231,1114670,1114900,1114706,0
1115108,1559029638645708,71885958,0.62239543,208,1114901,1115108,1115087,0
1115238,1559029639548000,71611250,0.62346011,130,1115109,1115238,1115153,0
1115394,1559029642777583,69191792,0.62318861,156,1115239,1115394,1115354,0
1115595,1559029642791333,70218208,0.60631253,201,1115395,1115595,1115412,0
1115709,1559029643353166,70197834,0.5983163,114,1115596,1115709,1115687,0
1115862,1559029643360833,70916542,0.60674639,153,1115710,1115862,1115743,0
1116118,1559029644909250,70522500,0.59356166,256,1115863,1116118,1116042,0
1116374,1559029646536458,70087542,0.62176583,256,1116119,1116374,1116319,0
1116621,1559029649852708,68138542,0.67761214,247,1116375,1116621,1116606,0
1116637,1559029649853500,68182458,0.61553055,16,1116622,1116637,1116632,0
1116653,1559029649854333,68182625,0.59797442,16,1116638,1116653,1116650,0
1116836,1559029650999875,67870958,0.582646,183,1116654,1116836,1116675,0
1117052,1559029651872291,67907875,0.63351258,216,1116837,1117052,1116970,0
1117143,1559029651877583,68305875,0.59799253,91,1117053,1117143,1117104,0
1117374,1559029652318291,68965250,0.6318691,231,1117144,1117374,1117349,0
1117491,1559029653202916,68731375,0.61632936,117,1117375,1117491,1117400,0
1117743,1559029654556125,68460291,0.60372303,252,1117492,1117743,1117572,0
1117813,1559029656871833,66463083,0.5882785,70,1117744,1117813,1117751,0
1118012,1559029657747250,66505000,0.58486997,199,1117814,1118012,1117928,0
1118150,1559029657754208,67141625,0.59024759,138,1118013,1118150,1118099,0
1118393,1559029658915916,67106250,0.59034687,243,1118151,1118393,1118390,0
1118409,1559029659795916,66317709,0.55699863,16,1118394,1118409,1118403,0
1118567,1559029659803875,67069875,0.62271564,158,1118410,1118567,1118538,0
1118823,1559029661250500,66826791,0.68728591,256,1118568,1118823,1118577,0
1119036,1559029661800166,67263167,0.61264445,213,1118824,1119036,1118860,0
1119205,1559029662670333,67200833,0.60049282,169,1119037,1119205,1119088,0
1119431,1559029663411250,67489125,0.61710258,226,1119206,1119431,1119209,0
1119687,1559029664697833,67403167,0.6286582,256,1119432,1119687,1119592,0
1119925,1559029666138583,67306375,0.6453923,238,1119688,1119925,1119761,0
1119957,1559029666140333,67473708,0.63490297,32,1119926,1119957,1119931,0
1120115,1559029666229958,68112083,0.58354475,158,1119958,1120115,1120090,0
1120238,1559029666821541,68112334,0.598356,123,1120116,1120238,1120229,0
1120254,1559029666822375,68206708,0.61071043,16,1120239,1120254,1120244,0
1120335,1559029666826791,68593750,0.6416423,81,1120255,1120335,1120262,0
1120543,1559029667989458,68401042,0.60697028,208,1120336,1120543,1120435,0
1120689,1559029667997291,69076625,0.62430912,146,1120544,1120689,1120661,0
1120775,1559029670366333,67095417,0.63129476,86,1120690,1120775,1120723,0
1120964,1559029671549958,66850250,0.62201745,189,1120776,1120964,1120885,0
1121153,1559029672918041,66236625,0.64913662,189,1120965,1121153,1121021,0
1121382,1559029673441708,67106208,0.64973736,229,1121154,1121382,1121379,0
1121398,1559029673442583,67204833,0.63136751,16,1121383,1121398,1121383,0
1121414,1559029673443458,67274208,0.61705484,16,1121399,1121414,1121404,0
1121469,1559029673446416,67533292,0.55190295,55,1121415,1121469,1121417,0
1121725,1559029675744875,66450833,0.58835701,256,1121470,1121725,1121724,0
1121901,1559029677025208,65990208,0.61284035,176,1121726,1121901,1121740,0
1122157,1559029677796666,66431917,0.64470687,256,1121902,1122157,1122057,0
1122405,1559029677969791,67442959,0.59847605,248,1122158,1122405,1122228,0
1122519,1559029680330833,65639708,0.63934525,114,1122406,1122519,1122519,0
1122775,1559029680386791,66812084,0.68487594,256,1122520,1122775,1122573,0
1123031,1559029681144750,67191750,0.60635518,256,1122776,1123031,1122827,0
1123237,1559029682133458,67206625,0.63492915,206,1123032,1123237,1123095,0
1123493,1559029682282375,68370791,0.64038003,256,1123238,1123493,1123424,0
1123694,1559029682380208,69215875,0.60458498,201,1123494,1123694,1123626,0
1123903,1559029682463500,70170708,0.59896902,209,1123695,1123903,1123733,0
1124115,1559029684490291,69166917,0.61138184,212,1123904,1124115,1123938,0
1124326,1559029685143291,69547375,0.57218914,211,1124116,1124326,1124261,0
1124476,1559029687390250,68340500,0.62098797,150,1124327,1124476,1124466,0
1124548,1559029687394458,68521708,0.59808108,72,1124477,1124548,1124491,0
1124776,1559029687508416,69517459,0.62856775,228,1124549,1124776,1124618,0
1124888,1559029688032375,69536416,0.59053032,112,1124777,1124888,1124870,0
1125022,1559029688039166,70155959,0.59013306,134,1124889,1125022,1124920,0
1125278,1559029689807041,69717667,0.64044553,256,1125023,1125278,1125223,0
1125421,1559029689816375,70386708,0.59338657,143,1125279,1125421,1125400,0
1125677,1559029692256833,69355042,0.62097953,256,1125422,1125677,1125488,0
1125846,1559029693517500,68818083,0.59937517,169,1125678,1125846,1125735,0
1126000,1559029694216250,68836708,0.60027526,154,1125847,1126000,1125892,0
1126016,1559029694217041,68891584,0.60962017,16,1126001,1126016,1126008,0
1126044,1559029694218458,69047167,0.56337285,28,1126017,1126044,1126017,0
1126283,1559029695542166,68784167,0.60111605,239,1126045,1126283,1126149,0
1126451,1559029695551958,69577625,0.61720247,168,1126284,1126451,1126347,0
1126707,1559029696485500,69797541,0.64102501,256,1126452,1126707,1126538,0
1126963,1559029696516916,70899417,0.58298577,256,1126708,1126963,1126939,0
1127219,1559029696529916,72043334,0.59691529,256,1126964,1127219,1127134,0
1127475,1559029697436083,72442833,0.6443855,256,1127220,1127475,1127259,0
1127660,1559029698391166,72371375,0.65614144,185,1127476,1127660,1127559,0
1127801,1559029699670500,71790083,0.57842803,141,1127661,1127801,1127773,0
1128057,1559029700669000,72101500,0.61891241,256,1127802,1128057,1128054,0
1128191,1559029700676250,72715250,0.6332931,134,1128058,1128191,1128081,0
1128362,1559029701979333,72194958,0.58710934,171,1128192,1128362,1128196,0
1128492,1559029702341875,72440125,0.58076314,130,1128363,1128492,1128452,0
1128587,1559029702645500,72568291,0.60331849,95,1128493,1128587,1128493,0
1128821,1559029702658166,73625417,0.61998326,234,1128588,1128821,1128701,0
1129059,1559029704579458,72804750,0.65400459,238,1128822,1129059,1129035,0
1129315,1559029706440500,72185833,0.6237523,256,1129060,1129315,1129134,0
1129491,1559029707622916,71820125,0.57439143,176,1129316,1129491,1129387,0
1129642,1559029708380125,71795750,0.6458288,151,1129492,1129642,1129599,0
1129803,1559029709502166,71408334,0.59749237,161,1129643,1129803,1129752,0
1129987,1559029710638041,71125292,0.57496355,184,1129804,1129987,1129961,0
1130118,1559029712050958,70327167,0.597402,131,1129988,1130118,1130061,0
1130374,1559029713061250,70487000,0.61188899,256,1130119,1130374,1130235,0
1130630,1559029714334750,70393625,0.66563199,256,1130375,1130630,1130416,0
1130886,1559029715477250,70528416,0.61303204,256,1130631,1130886,1130869,0
1131093,1559029716683708,70278208,0.59416986,207,1130887,1131093,1131039,0
1131188,1559029716688500,70784833,0.60281846,95,1131094,1131188,1131136,0
1131421,1559029717866791,70824084,0.59442221,233,1131189,1131421,1131299,0
1131592,1559029717962791,71699209,0.57155643,171,1131422,1131592,1131591,0
1131809,1559029718018083,72673583,0.59648675,217,1131593,1131809,1131707,0
1131981,1559029718878625,72597500,0.59384777,172,1131810,1131981,1131879,0
1132173,1559029719858541,72607417,0.65585927,192,1131982,1132173,1132050,0
1132429,1559029720262333,73475917,0.63750405,256,1132174,1132429,1132395,0
1132609,1559029722130291,72449209,0.54946415,180,1132430,1132609,1132482,0
1132865,1559029723149416,72709709,0.65071636,256,1132610,1132865,1132698,0
1133117,1559029723422041,73650334,0.59603534,252,1132866,1133117,1132882,0
1133373,1559029724307875,74055791,0.62639294,256,1133118,1133373,1133314,0
1133622,1559029726060666,73424875,0.59937858,249,1133374,1133622,1133439,0
1133777,1559029726133458,73978833,0.61854913,155,1133623,1133777,1133631,0
1133936,1559029726905166,73887792,0.59637254,159,1133778,1133936,1133899,0
1134192,1559029728139750,73808166,0.6080745,256,1133937,1134192,1133995,0
1134403,1559029729117666,73840292,0.63534921,211,1134193,1134403,1134202,0
1134635,1559029730593083,73460667,0.59496119,232,1134404,1134635,1134459,0
1134687,1559029730596041,73679667,0.59199943,52,1134636,1134687,1134650,0
1134857,1559029730973291,74327375,0.58953778,170,1134688,1134857,1134711,0
1135113,1559029732123250,74401583,0.62598071,256,1134858,1135113,1134911,0
1135369,1559029733656083,73942542,0.62042115,256,1135114,1135369,1135310,0
1135606,1559029734417375,74129083,0.6007891,237,1135370,1135606,1135384,0
1135778,1559029734991333,74293708,0.60044824,172,1135607,1135778,1135687,0
1135951,1559029735057625,75020583,0.60120333,173,1135779,1135951,1135916,0
1136156,1559029735415958,75628875,0.62258164,205,1135952,1136156,1136031,0
1136263,1559029735424333,76126750,0.61672773,107,1136157,1136263,1136177,0
1136326,1559029736356416,75479625,0.58956175,63,1136264,1136326,1136271,0
1136495,1559029736364916,76241292,0.63793373,169,1136327,1136495,1136484,0
1136581,1559029737141041,75884917,0.56634498,86,1136496,1136581,1136552,0
1136819,1559029737532916,76606084,0.65676825,238,1136582,1136819,1136807,0
1136978,1559029739630583,75254250,0.58900255,159,1136820,1136978,1136941,0
1137163,1559029739641333,76112000,0.65068601,185,1136979,1137163,1137136,0
1137285,1559029739648583,76649625,0.61783429,122,1137164,1137285,1137251,0
1137463,1559029739658833,77461333,0.65469798,178,1137286,1137463,1137363,0
1137588,1559029740612958,77077542,0.63176897,125,1137464,1137588,1137523,0
1137700,1559029740618625,77574625,0.55779443,112,1137589,1137700,1137636,0
1137875,1559029740743416,78255917,0.61766377,175,1137701,1137875,1137852,0
1137938,1559029740746541,78554334,0.59563738,63,1137876,1137938,1137928,0
1138092,1559029740994375,79014458,0.58513977,154,1137939,1138092,1137967,0
1138278,1559029741003750,79907333,0.59642016,186,1138093,1138278,1138174,0
1138446,1559029742214375,79569250,0.59249444,168,1138279,1138446,1138446,0
1138501,1559029743088750,78920416,0.58492042,55,1138447,1138501,1138495,0
1138533,1559029743090375,79189416,0.58815758,32,1138502,1138533,1138530,0
1138619,1559029743094666,79653375,0.66309834,86,1138534,1138619,1138535,0
1138875,1559029745532750,78193958,0.61057383,256,1138620,1138875,1138830,0
1139131,1559029745993791,78942834,0.59880173,256,1138876,1139131,1138927,0
1139387,1559029747224416,78927292,0.60759245,256,1139132,1139387,1139191,0
1139643,1559029748389458,78976208,0.65781552,256,1139388,1139643,1139424,0
1139824,1559029749417208,78800000,0.63380544,181,1139644,1139824,1139704,0
1139994,1559029750680416,78360542,0.59752637,170,1139825,1139994,1139856,0
1140199,1559029751653750,78402500,0.60113956,205,1139995,1140199,1140093,0
1140444,1559029755884416,75325375,0.62129579,245,1140200,1140444,1140357,0
1140546,1559029755890416,75792167,0.57520302,102,1140445,1140546,1140514,0
1140693,1559029755899125,76570958,0.62064396,147,1140547,1140693,1140657,0
1140810,1559029755906125,77090708,0.59170674,117,1140694,1140810,1140727,0
1141066,1559029757436416,76749750,0.60302827,256,1140811,1141066,1140880,0
1141288,1559029758248125,77035125,0.60785975,222,1141067,1141288,1141179,0
1141544,1559029759544833,76901083,0.61596974,256,1141289,1141544,1141397,0
1141605,1559029760308250,76413000,0.55640944,61,1141545,1141605,1141553,0
1141861,1559029762360125,75549500,0.56519687,256,1141606,1141861,1141775,0
1142047,1559029763313708,75545625,0.62374666,186,1141862,1142047,1141951,0
1142269,1559029763486416,76365834,0.6010083,222,1142048,1142269,1142117,0
1142525,1559029764370416,76700584,0.58368317,256,1142270,1142525,1142310,0
1142707,1559029767450291,74352417,0.58232311,182,1142526,1142707,1142585,0
1142843,1559029768589375,73844500,0.6099363,136,1142708,1142843,1142804,0
1142937,1559029768594083,74281000,0.57872117,94,1142844,1142937,1142873,0
1143073,1559029769919125,73551916,0.60861314,136,1142938,1143073,1142938,0
1143273,1559029770739916,73671542,0.60607571,200,1143074,1143273,1143247,0
1143315,1559029770742041,73871125,0.61528807,42,1143274,1143315,1143281,0
1143368,1559029770744708,74124917,0.58069453,53,1143316,1143368,1143339,0
1143624,1559029771528958,74541000,0.60228561,256,1143369,1143624,1143523,0
1143880,1559029772830291,74376167,0.65134198,256,1143625,1143880,1143862,0
1144059,1559029773476708,74544583,0.54998836,179,1143881,1144059,1143974,0
1144265,1559029774274083,74758250,0.62799196,206,1144060,1144265,1144136,0
1144521,1559029774833791,75304417,0.64382915,256,1144266,1144521,1144454,0
1144777,1559029776391916,74925084,0.61922696,256,1144522,1144777,1144668,0
1144956,1559029778659458,73507958,0.60329803,179,1144778,1144956,1144799,0
1145212,1559029779446625,73832708,0.62816033,256,1144957,1145212,1145159,0
1145468,1559029780353375,74060708,0.57488227,256,1145213,1145468,1145390,0
1145692,1559029781008500,74543833,0.64913908,224,1145469,1145692,1145529,0
1145859,1559029781805416,74448625,0.59932455,167,1145693,1145859,1145820,0
1146061,1559029782447250,74816583,0.58963899,202,1145860,1146061,1145982,0
1146077,1559029782448041,74848375,0.53059912,16,1146062,1146077,1146069,0
1146243,1559029783564458,74595000,0.61677297,166,1146078,1146243,1146227,0
1146347,1559029783569750,74890791,0.65642894,104,1146244,1146347,1146328,0
1146487,1559029784808041,74290334,0.59803943,140,1146348,1146487,1146352,0
1146652,1559029785956958,73890667,0.61479246,165,1146488,1146652,1146554,0
1146765,1559029785963125,74371166,0.58687898,113,1146653,1146765,1146724,0
1146924,1559029786992375,74058000,0.55178688,159,1146766,1146924,1146795,0
1147142,1559029788761083,73353625,0.59135754,218,1146925,1147142,1147140,0
1147273,1559029789953791,72775750,0.60889053,131,1147143,1147273,1147192,0
1147529,1559029792531083,71416458,0.63722307,256,1147274,1147529,1147528,0
1147785,1559029793774708,71430125,0.6789547,256,1147530,1147785,1147564,0
1147945,1559029793783375,72193041,0.574897,160,1147786,1147945,1147829,0
1148201,1559029795891041,71423125,0.62730144,256,1147946,1148201,1147963,0
1148316,1559029795897333,71849042,0.57473111,115,1148202,1148316,1148260,0
1148571,1559029797140208,71764625,0.64256733,255,1148317,1148571,1148558,0
1148827,1559029798399375,71736125,0.62837244,256,1148572,1148827,1148738,0
1148843,1559029798400291,71817334,0.61037447,16,1148828,1148843,1148830,0
1148859,1559029798401333,71911750,0.58086085,16,1148844,1148859,1148848,0
1148945,1559029799449666,71273417,0.5982365,86,1148860,1148945,1148934,0
1149090,1559029800167583,71395333,0.59210864,145,1148946,1149090,1149019,0
1149243,1559029800184833,72024000,0.60359799,153,1149091,1149243,1149210,0
1149499,1559029800845166,73098917,0.58793211,256,1149244,1149499,1149267,0
1149642,1559029801996291,72040834,0.56453933,143,1149500,1149642,1149549,0
1149898,1559029802994458,72177292,0.59659302,256,1149643,1149898,1149648,0
1150154,1559029804097000,72185000,0.61424866,256,1149899,1150154,1150051,0
1150357,1559029806664583,70505958,0.62930165,203,1150155,1150357,1150343,0
1150507,1559029807787000,70056541,0.56470256,150,1150358,1150507,1150367,0
1150735,1559029808782916,70070625,0.58270619,228,1150508,1150735,1150654,0
1150945,1559029810122125,69641583,0.58112582,210,1150736,1150945,1150827,0
1151197,1559029811123958,69771333,0.62488011,252,1150946,1151197,1150957,0
1151321,1559029811628208,69828958,0.57593519,124,1151198,1151321,1151231,0
1151403,1559029811905458,69972125,0.58236464,82,1151322,1151403,1151396,0
1151461,1559029811926333,70187042,0.57055229,58,1151404,1151461,1151419,0
1151615,1559029811935416,70917959,0.62010245,154,1151462,1151615,1151578,0
1151794,1559029812608916,71161667,0.61426755,179,1151616,1151794,1151636,0
1151887,1559029813108666,71097750,0.61091659,93,1151795,1151887,1151830,0
1152143,1559029814200375,71003166,0.59584126,256,1151888,1152143,1152094,0
1152399,1559029815185333,71242875,0.60658991,256,1152144,1152399,1152213,0
1152620,1559029815743166,71598584,0.61519844,221,1152400,1152620,1152489,0
1152831,1559029816530541,71788834,0.59425728,211,1152621,1152831,1152738,0
1153069,1559029819023916,70425459,0.61129457,238,1152832,1153069,1153016,0
1153308,1559029819378041,71183084,0.60562089,239,1153070,1153308,1153295,0
1153479,1559029820028666,71261417,0.58043604,171,1153309,1153479,1153374,0
1153735,1559029820856750,71598208,0.60377393,256,1153480,1153735,1153520,0
1153885,1559029822249208,71065042,0.62713047,150,1153736,1153885,1153836,0
1153967,1559029822254041,71607500,0.6093607,82,1153886,1153967,1153945,0
1154160,1559029822596166,72494250,0.5839479,193,1153968,1154160,1153972,0
1154416,1559029822716708,73702708,0.65692913,256,1154161,1154416,1154263,0
1154672,1559029823937125,73664416,0.61805452,256,1154417,1154672,1154465,0
1154899,1559029825008416,73677500,0.62261602,227,1154673,1154899,1154803,0
1155089,1559029826227083,73346792,0.57629691,190,1154900,1155089,1155030,0
1155278,1559029826237333,74289583,0.61549548,189,1155090,1155278,1155236,0
1155475,1559029828253750,73216250,0.59284452,197,1155279,1155475,1155433,0
1155670,1559029830125000,72271833,0.59535012,195,1155476,1155670,1155536,0
1155807,1559029831251750,71828291,0.60383213,137,1155671,1155807,1155690,0
1156063,1559029832676333,71599167,0.58227665,256,1155808,1156063,1156062,0
1156319,1559029833168500,72399708,0.57086195,256,1156064,1156319,1156064,0
1156444,1559029833175333,72992417,0.59378722,125,1156320,1156444,1156332,0
1156574,1559029834207833,72567667,0.56336057,130,1156445,1156574,1156467,0
1156824,1559029835374791,72587959,0.62129146,250,1156575,1156824,1156802,0
1156951,1559029836455041,72104834,0.62494963,127,1156825,1156951,1156835,0
1157203,1559029836725250,73100291,0.59723363,252,1156952,1157203,1157044,0
1157459,1559029837976375,72898583,0.58792185,256,1157204,1157459,1157302,0
1157667,1559029839191583,72589167,0.61263605,208,1157460,1157667,1157590,0
1157852,1559029839916416,72710917,0.59954949,185,1157668,1157852,1157720,0
1158090,1559029841907125,71764083,0.61526841,238,1157853,1158090,1157875,0
1158293,1559029842464291,72164292,0.57430543,203,1158091,1158293,1158290,0
1158316,1559029842465458,72180417,0.60018103,23,1158294,1158316,1158300,0
1158332,1559029842466291,72275459,0.61289621,16,1158317,1158332,1158324,0
1158411,1559029842474666,72660917,0.58664847,79,1158333,1158411,1158350,0
1158571,1559029842911416,72984375,0.69292101,160,1158412,1158571,1158558,0
1158587,1559029842912208,73064458,0.6426057,16,1158572,1158587,1158573,0
1158603,1559029842913000,73153416,0.62522518,16,1158588,1158603,1158601,0
1158619,1559029842913791,73396084,0.59500802,16,1158604,1158619,1158615,0
1158635,1559029842914625,73417000,0.57497912,16,1158620,1158635,1158625,0
1158766,1559029842921250,74463791,0.59693152,131,1158636,1158766,1158667,0
1158937,1559029843565916,74071625,0.59034389,171,1158767,1158937,1158883,0
1158986,1559029843568375,74287708,0.55427947,49,1158938,1158986,1158943,0
1159040,1559029844409208,73678417,0.57075411,54,1158987,1159040,1159005,0
1159144,1559029844414541,74162000,0.62245042,104,1159041,1159144,1159046,0
1159311,1559029844675250,74588875,0.57668844,167,1159145,1159311,1159171,0
1159567,1559029844920750,75516625,0.59891146,256,1159312,1159567,1159472,0
1159787,1559029847328500,74197208,0.59348389,220,1159568,1159787,1159762,0
1159918,1559029848049875,74009750,0.59958757,131,1159788,1159918,1159897,0
1160067,1559029848057333,74872208,0.58000046,149,1159919,1160067,1160050,0
1160270,1559029849060500,74789208,0.55770293,203,1160068,1160270,1160242,0
1160526,1559029850229000,74837208,0.60133077,256,1160271,1160526,1160289,0
1160782,1559029852423791,73931042,0.63295032,256,1160527,1160782,1160666,0
1161038,1559029853328791,74264792,0.60153947,256,1160783,1161038,1161002,0
1161248,1559029854471541,74132459,0.59920349,210,1161039,1161248,1161040,0
1161448,1559029855540125,74003333,0.59158211,200,1161249,1161448,1161373,0
1161704,1559029856812208,74010292,0.64671385,256,1161449,1161704,1161544,0
1161960,1559029857378875,74699875,0.63386269,256,1161705,1161960,1161875,0
1161976,1559029857379666,74792500,0.60426512,16,1161961,1161976,1161966,0
1161992,1559029857380458,74866875,0.52578471,16,1161977,1161992,1161989,0
1162140,1559029857387875,75547208,0.5932298,148,1161993,1162140,1162117,0
1162300,1559029858352708,75384875,0.63753856,160,1162141,1162300,1162260,0
1162556,1559029860519166,74542542,0.59024547,256,1162301,1162556,1162375,0
1162707,1559029862752916,72915959,0.63687953,151,1162557,1162707,1162655,0
1162952,1559029866001750,70767166,0.60181328,245,1162708,1162952,1162774,0
1163076,1559029867296708,70009833,0.64143286,124,1162953,1163076,1162978,0
1163299,1559029870202833,68061667,0.57706709,223,1163077,1163299,1163164,0
1163543,1559029870261958,69081292,0.61257362,244,1163300,1163543,1163429,0
1163653,1559029870267916,69602875,0.57822341,110,1163544,1163653,1163593,0
1163823,1559029870329708,70229792,0.60967855,170,1163654,1163823,1163686,0
1163972,1559029870758958,70450917,0.59341199,149,1163824,1163972,1163831,0
1164167,1559029872284083,69833250,0.64639082,195,1163973,1164167,1164021,0
1164183,1559029872284958,69950583,0.5305742,16,1164168,1164183,1164171,0
1164376,1559029873709125,69322291,0.61029215,193,1164184,1164376,1164207,0
1164513,1559029873716000,69900625,0.62883106,137,1164377,1164513,1164431,0
1164763,1559029874103458,70621167,0.56860543,250,1164514,1164763,1164630,0
1164929,1559029875980708,69444167,0.56441215,166,1164764,1164929,1164810,0
1165122,1559029875991791,70270667,0.60762078,193,1164930,1165122,1165012,0
1165295,1559029876334416,70710292,0.61130886,173,1165123,1165295,1165189,0
1165503,1559029877214458,70722792,0.5750652,208,1165296,1165503,1165347,0
1165759,1559029877922916,71581125,0.58355571,256,1165504,1165759,1165754,0
1165957,1559029878951000,71447541,0.58718128,198,1165760,1165957,1165933,0
1166213,1559029881512208,70064000,0.61997599,256,1165958,1166213,1166045,0
1166351,1559029881929208,70358000,0.59053964,138,1166214,1166351,1166343,0
1166607,1559029882145708,71195958,0.63354144,256,1166352,1166607,1166553,0
1166863,1559029883723875,70744291,0.61653147,256,1166608,1166863,1166699,0
1167105,1559029884169958,71365417,0.56357814,242,1166864,1167105,1166908,0
1167288,1559029885237583,71469125,0.59877957,183,1167106,1167288,1167263,0
1167464,1559029886427375,71062083,0.60738056,176,1167289,1167464,1167316,0
1167650,1559029887492166,70793209,0.61848223,186,1167465,1167650,1167567,0
1167906,1559029888328125,71074000,0.5728344,256,1167651,1167906,1167799,0
1168162,1559029890539541,70064167,0.61213227,256,1167907,1168162,1168026,0
1168364,1559029892585000,68879083,0.59197516,202,1168163,1168364,1168185,0
1168582,1559029893322458,69118417,0.59319544,218,1168365,1168582,1168469,0
1168684,1559029893931458,68950250,0.56035767,102,1168583,1168684,1168614,0
1168901,1559029895116541,68731875,0.59242797,217,1168685,1168901,1168764,0
1169138,1559029896483791,68439709,0.59253761,237,1168902,1169138,1169107,0
1169244,1559029897633958,67773083,0.6337925,106,1169139,1169244,1169185,0
1169500,1559029898748541,67874375,0.62627704,256,1169245,1169500,1169375,0
1169756,1559029899681916,68081625,0.57674917,256,1169501,1169756,1169699,0
1169859,1559029900545208,67686375,0.58328891,103,1169757,1169859,1169794,0
1170082,1559029901519458,67811958,0.61252297,223,1169860,1170082,1170042,0
1170338,1559029902877166,67574375,0.63678324,256,1170083,1170338,1170318,0
1170379,1559029902879416,67756959,0.54759996,41,1170339,1170379,1170361,0
1170588,1559029903130666,68538417,0.61420734,209,1170380,1170588,1170414,0
1170794,1559029904368083,68205417,0.60904724,206,1170589,1170794,1170774,0
1170954,1559029904376750,68921583,0.5744922,160,1170795,1170954,1170931,0
1171206,1559029906200708,68255208,0.60613878,252,1170955,1171206,1171059,0
1171455,1559029906801000,68841125,0.59180814,249,1171207,1171455,1171400,0
1171655,1559029907999000,68625000,0.61424834,200,1171456,1171655,1171517,0
1171818,1559029908680458,68743292,0.59625723,163,1171656,1171818,1171789,0
1171924,1559029908686208,69232292,0.58037812,106,1171819,1171924,1171915,0
1172050,1559029909875208,68697708,0.60373505,126,1171925,1172050,1172002,0
1172293,1559029910881916,68783417,0.61460563,243,1172051,1172293,1172272,0
1172316,1559029910883083,68879667,0.53343172,23,1172294,1172316,1172295,0
1172423,1559029910888458,69381125,0.63025999,107,1172317,1172423,1172376,0
1172679,1559029912646625,68881833,0.66362755,256,1172424,1172679,1172543,0
1172889,1559029913688916,68845667,0.59566289,210,1172680,1172889,1172887,0
1173145,1559029914565458,69232042,0.62217051,256,1172890,1173145,1172917,0
1173401,1559029914772250,70294708,0.64805175,256,1173146,1173401,1173382,0
1173657,1559029915095166,71223459,0.60259417,256,1173402,1173657,1173615,0
1173913,1559029915855250,71496333,0.62971467,256,1173658,1173913,1173773,0
1174122,1559029915985541,72444250,0.6198063,209,1173914,1174122,1173982,0
1174330,1559029916053333,73384500,0.58066036,208,1174123,1174330,1174261,0
1174536,1559029916207541,74089084,0.62529003,206,1174331,1174536,1174439,0
1174736,1559029916959000,74225583,0.60866964,200,1174537,1174736,1174643,0
1174766,1559029916960500,74320833,0.62864922,30,1174737,1174766,1174749,0
1174861,1559029917074791,74617334,0.58913855,95,1174767,1174861,1174808,0
1175117,1559029917867833,74986083,0.62037311,256,1174862,1175117,1175030,0
1175222,1559029917873125,75445666,0.55518353,105,1175118,1175222,1175129,0
1175364,1559029918117791,75833917,0.55209246,142,1175223,1175364,1175270,0
1175592,1559029918724750,76279791,0.63898438,228,1175365,1175592,1175524,0
1175736,1559029918731958,76926625,0.60914251,144,1175593,1175736,1175632,0
1175802,1559029919517458,76440208,0.57661624,66,1175737,1175802,1175762,0
1176008,1559029920473000,76389500,0.60579449,206,1175803,1176008,1175865,0
1176264,1559029922096875,75902541,0.59432828,256,1176009,1176264,1176156,0
1176392,1559029922929041,75634000,0.56983826,128,1176265,1176392,1176319,0
1176562,1559029925168333,74133917,0.57141594,170,1176393,1176562,1176495,0
1176818,1559029926429500,74029500,0.58731305,256,1176563,1176818,1176756,0
1177001,1559029928066458,73229792,0.59258233,183,1176819,1177001,1176966,0
1177068,1559029928070458,73535417,0.63939749,67,1177002,1177068,1177044,0
1177084,1559029928071375,73646791,0.61651825,16,1177069,1177084,1177074,0
1177100,1559029928072291,73686292,0.55318249,16,1177085,1177100,1177088,0
1177255,1559029928653291,73936959,0.58810538,155,1177101,1177255,1177125,0
1177511,1559029929583500,74069166,0.63027226,256,1177256,1177511,1177374,0
1177700,1559029929593750,74899833,0.58755874,189,1177512,1177700,1177610,0
1177956,1559029930926208,74968042,0.56916369,256,1177701,1177956,1177873,0
1178081,1559029932178208,74286625,0.62146377,125,1177957,1178081,1177982,0
1178286,1559029932250958,75103417,0.60246461,205,1178082,1178286,1178132,0
1178470,1559029932306833,75882750,0.59872554,184,1178287,1178470,1178429,0
1178695,1559029932953500,76236500,0.59822397,225,1178471,1178695,1178555,0
1178875,1559029935067291,74982667,0.59446178,180,1178696,1178875,1178809,0
1179113,1559029935884625,75322416,0.61647809,238,1178876,1179113,1179082,0
1179244,1559029936950500,74957625,0.61940373,131,1179114,1179244,1179121,0
1179446,1559029937433125,75489500,0.61862896,202,1179245,1179446,1179321,0
1179642,1559029938299916,75544417,0.64121584,196,1179447,1179642,1179528,0
1179740,1559029939454291,74887167,0.58915033,98,1179643,1179740,1179691,0
1179910,1559029940592416,74589375,0.60850876,170,1179741,1179910,1179793,0
1180166,1559029941250333,75152875,0.59243858,256,1179911,1180166,1180049,0
1180422,1559029942140333,75555167,0.63755647,256,1180167,1180422,1180220,0
1180590,1559029942207916,76339375,0.60332944,168,1180423,1180590,1180530,0
1180753,1559029943049625,76265041,0.55736775,163,1180591,1180753,1180625,0
1180938,1559029943655375,76604916,0.6298314,185,1180754,1180938,1180816,0
1181097,1559029943663375,77373541,0.5681895,159,1180939,1181097,1181068,0
1181310,1559029947121083,75071417,0.58800449,213,1181098,1181310,1181254,0
1181551,1559029948005500,75255458,0.5797155,241,1181311,1181551,1181501,0
1181721,1559029949597791,74385334,0.58821582,170,1181552,1181721,1181558,0
1181977,1559029950468416,74699167,0.61040398,256,1181722,1181977,1181805,0
1182224,1559029952321000,73937750,0.6066355,247,1181978,1182224,1182016,0
1182464,1559029953474333,73871750,0.57977163,240,1182225,1182464,1182353,0
1182504,1559029953476333,74069417,0.54903925,40,1182465,1182504,1182502,0
1182757,1559029954525791,74158542,0.65932005,253,1182505,1182757,1182599,0
1183013,1559029956825291,73030750,0.59602317,256,1182758,1183013,1182964,0
1183181,1559029956848750,73779750,0.60274246,168,1183014,1183181,1183133,0
1183384,1559029958328250,73243458,0.59988771,203,1183182,1183384,1183364,0
1183550,1559029959461875,72802083,0.59365443,166,1183385,1183550,1183546,0
1183629,1559029959465875,73157625,0.61212021,79,1183551,1183629,1183568,0
1183825,1559029960607208,72927542,0.6686183,196,1183630,1183825,1183692,0
1184018,1559029962525708,71855708,0.56468519,193,1183826,1184018,1183867,0
1184274,1559029962929125,72901750,0.61662286,256,1184019,1184274,1184199,0
1184413,1559029962936125,73540166,0.64193169,139,1184275,1184413,1184347,0
1184578,1559029963892541,73318750,0.56950513,165,1184414,1184578,1184506,0
1184678,1559029963897625,73765916,0.58499298,100,1184579,1184678,1184588,0
1184865,1559029965504083,73196708,0.58175114,187,1184679,1184865,1184783,0
1185072,1559029966659833,72899792,0.6016676,207,1184866,1185072,1185064,0
1185233,1559029967816583,72463333,0.592464,161,1185073,1185233,1185123,0
1185484,1559029968269291,73175917,0.61858467,251,1185234,1185484,1185336,0
1185634,1559029968279125,73846416,0.58407239,150,1185485,1185634,1185503,0
1185731,1559029969529166,73064084,0.59487259,97,1185635,1185731,1185695,0
1185933,1559029970540625,72993458,0.57453155,202,1185732,1185933,1185774,0
1186189,1559029970744833,73946167,0.58325845,256,1185934,1186189,1186087,0
1186391,1559029971954250,73623708,0.57110776,202,1186190,1186391,1186261,0
1186626,1559029973305083,73383958,0.62981849,235,1186392,1186626,1186568,0
1186751,1559029973318000,73988833,0.57381751,125,1186627,1186751,1186640,0
1186987,1559029974516750,73957291,0.61250639,236,1186752,1186987,1186967,0
1187243,1559029975833500,73974000,0.65859587,256,1186988,1187243,1187048,0
1187445,1559029976771708,74047667,0.60433851,202,1187244,1187445,1187327,0
1187682,1559029978020291,74009250,0.60328128,237,1187446,1187682,1187525,0
1187829,1559029978633666,74256250,0.58603592,147,1187683,1187829,1187736,0
1188067,1559029979771333,74319750,0.58117719,238,1187830,1188067,1188034,0
1188263,1559029979874958,75249042,0.6051523,196,1188068,1188263,1188138,0
1188319,1559029979878000,75408916,0.5701834,56,1188264,1188319,1188306,0
1188370,1559029979880750,75777666,0.60298794,51,1188320,1188370,1188341,0
1188446,1559029980408000,75760291,0.60204624,76,1188371,1188446,1188401,0
1188563,1559029981589375,75149833,0.56066409,117,1188447,1188563,1188554,0
1188819,1559029983806875,74345041,0.59933504,256,1188564,1188819,1188796,0
1188989,1559029985143000,73957833,0.61451882,170,1188820,1188989,1188947,0
1189245,1559029986308708,73952958,0.64303692,256,1188990,1189245,1189078,0
1189407,1559029987350791,73641625,0.57807864,162,1189246,1189407,1189335,0
1189661,1559029989494583,72698542,0.61402743,254,1189408,1189661,1189611,0
1189880,1559029990375666,72821250,0.59535371,219,1189662,1189880,1189827,0
1189939,1559029990378625,73116250,0.57895925,59,1189881,1189939,1189927,0
1190161,1559029991162041,73359125,0.61915101,222,1189940,1190161,1189963,0
1190244,1559029991166208,73710292,0.57221192,83,1190162,1190244,1190226,0
1190425,1559029991341291,74450292,0.61467062,181,1190245,1190425,1190317,0
1190595,1559029991740958,74791125,0.59832341,170,1190426,1190595,1190499,0
1190716,1559029991747041,75338792,0.57762067,121,1190596,1190716,1190641,0
1190875,1559029993371708,74432542,0.5910827,159,1190717,1190875,1190815,0
1190981,1559029993377083,74913292,0.60441898,106,1190876,1190981,1190906,0
1191141,1559029993996750,75287500,0.60027493,160,1190982,1191141,1191111,0
1191331,1559029994006500,76153416,0.61028263,190,1191142,1191331,1191281,0
1191515,1559029995042458,76005583,0.66421782,184,1191332,1191515,1191410,0
1191653,1559029995710041,76203375,0.61290356,138,1191516,1191653,1191574,0
1191755,1559029995727416,76546000,0.60278975,102,1191654,1191755,1191713,0
1191969,1559029997531000,75734541,0.64918656,214,1191756,1191969,1191800,0
1192191,1559029998031416,76239959,0.59092323,222,1191970,1192191,1192037,0
1192323,1559029998038083,76836958,0.59030164,132,1192192,1192323,1192263,0
1192579,1559030001361083,74682292,0.65669599,256,1192324,1192579,1192546,0
1192595,1559030001361916,74775792,0.63011053,16,1192580,1192595,1192582,0
1192611,1559030001362708,74865875,0.60953219,16,1192596,1192611,1192608,0
1192627,1559030001363541,74950875,0.56683029,16,1192612,1192627,1192617,0
1192703,1559030001632166,75058792,0.63442299,76,1192628,1192703,1192633,0
1192761,1559030001635541,75304792,0.54975996,58,1192704,1192761,1192734,0
1192968,1559030001724833,76143708,0.59736265,207,1192762,1192968,1192835,0
1193224,1559030001808375,77443875,0.62120374,256,1192969,1193224,1193029,0
1193480,1559030002466708,78082542,0.60772612,256,1193225,1193480,1193425,0
1193522,1559030003702458,77891542,0.60193256,42,1193481,1193522,1193481,0
1193651,1559030003708958,77972792,0.57006598,129,1193523,1193651,1193623,0
1193723,1559030003714166,77968792,0.57819875,72,1193652,1193723,1193714,0
1193827,1559030004527500,77627083,0.55917741,104,1193724,1193827,1193756,0
1194044,1559030006481000,76537291,0.62012724,217,1193828,1194044,1193966,0
1194300,1559030007443708,76741792,0.62712254,256,1194045,1194300,1194281,0
1194521,1559030008186083,77176292,0.60192367,221,1194301,1194521,1194373,0
1194777,1559030010148833,76552417,0.59939127,256,1194522,1194777,1194578,0
1195018,1559030011972583,75826833,0.62206653,241,1194778,1195018,1194923,0
1195226,1559030013000875,75905750,0.62019624,208,1195019,1195226,1195197,0
1195400,1559030013934750,75930875,0.62414991,174,1195227,1195400,1195367,0
1195601,1559030014519125,76243041,0.62464416,201,1195401,1195601,1195509,0
1195635,1559030015212041,75617667,0.5783423,34,1195602,1195635,1195602,0
1195871,1559030017741250,74119541,0.57558784,236,1195636,1195871,1195683,0
1195922,1559030017744000,74333083,0.53749776,51,1195872,1195922,1195915,0
1196122,1559030018566625,74375000,0.63017868,200,1195923,1196122,1196085,0
1196340,1559030019404625,74466291,0.57751257,218,1196123,1196340,1196337,0
1196524,1559030020275500,74416208,0.61242889,184,1196341,1196524,1196400,0
1196780,1559030024030708,71824125,0.59227937,256,1196525,1196780,1196660,0
1197036,1559030026315083,70748500,0.59442219,256,1196781,1197036,1196912,0
1197205,1559030027399666,70496750,0.63125636,169,1197037,1197205,1197204,0
1197221,1559030027400458,70548292,0.5611185,16,1197206,1197221,1197206,0
1197303,1559030027404625,70916333,0.63925784,82,1197222,1197303,1197231,0
1197454,1559030027589375,71490333,0.61598194,151,1197304,1197454,1197317,0
1197658,1559030029872166,70191209,0.58870569,204,1197455,1197658,1197567,0
1197867,1559030031642541,69424750,0.61103145,209,1197659,1197867,1197792,0
1198112,1559030032267375,70028083,0.61090879,245,1197868,1198112,1198079,0
1198220,1559030032667458,70166500,0.59589135,108,1198113,1198220,1198153,0
1198466,1559030033568958,70478250,0.61692627,246,1198221,1198466,1198449,0
1198570,1559030033574208,70998708,0.59304753,104,1198467,1198570,1198479,0
1198775,1559030034499791,71209125,0.59929395,205,1198571,1198775,1198638,0
1198845,1559030034503291,71482709,0.57751384,70,1198776,1198845,1198785,0
1199049,1559030035850125,71129041,0.64087453,204,1198846,1199049,1198872,0
1199076,1559030035851458,71215458,0.4995355,27,1199050,1199076,1199068,0
1199318,1559030036507416,71688500,0.6315689,242,1199077,1199318,1199100,0
1199574,1559030037665083,71660042,0.61522731,256,1199319,1199574,1199562,0
1199619,1559030037667333,71870333,0.63829549,45,1199575,1199619,1199582,0
1199635,1559030037668125,71938166,0.51897098,16,1199620,1199635,1199625,0
1199825,1559030039645250,70808333,0.62853484,190,1199636,1199825,1199785,0
1199982,1559030040415833,70772583,0.5970506,157,1199826,1199982,1199975,0
1200040,1559030041471333,69997875,0.60755528,58,1199983,1200040,1199992,0
1200118,1559030041475291,70347834,0.59831643,78,1200041,1200118,1200071,0
1200223,1559030042182000,70137541,0.60530327,105,1200119,1200223,1200165,0
1200470,1559030042678708,70767542,0.60754791,247,1200224,1200470,1200431,0
1200697,1559030043528583,70982375,0.62263458,227,1200471,1200697,1200529,0
1200915,1559030044769583,70695500,0.60779822,218,1200698,1200915,1200800,0
1201171,1559030045671958,70931167,0.60230919,256,1200916,1201171,1200956,0
1201391,1559030047333666,70263959,0.63330478,220,1201172,1201391,1201378,0
1201536,1559030048846916,69406500,0.62107006,145,1201392,1201536,1201418,0
1201792,1559030050856000,68552458,0.64410942,256,1201537,1201792,1201775,0
1201870,1559030050861958,68901417,0.56726176,78,1201793,1201870,1201858,0
1201990,1559030052078833,68233875,0.59444516,120,1201871,1201990,1201939,0
1202225,1559030052933541,68642000,0.6023155,235,1201991,1202225,1202198,0
1202442,1559030054173583,68311667,0.59392582,217,1202226,1202442,1202393,0
1202678,1559030055354833,68229333,0.6397648,236,1202443,1202678,1202632,0
1202911,1559030055598791,69084375,0.63364895,233,1202679,1202911,1202719,0
1203163,1559030056901375,68908208,0.60877202,252,1202912,1203163,1202968,0
1203339,1559030058578750,68005791,0.61318985,176,1203164,1203339,1203213,0
1203404,1559030058583000,68313083,0.62750057,65,1203340,1203404,1203340,0
1203631,1559030059149666,68812375,0.63772835,227,1203405,1203631,1203564,0
1203764,1559030062223166,66355084,0.61225154,133,1203632,1203764,1203693,0
1203908,1559030062230416,67017417,0.60141272,144,1203765,1203908,1203780,0
1204131,1559030063490291,66817334,0.64164905,223,1203909,1204131,1203983,0
1204361,1559030065855291,65580792,0.64319282,230,1204132,1204361,1204236,0
1204557,1559030065876750,66603750,0.60900428,196,1204362,1204557,1204495,0
1204813,1559030067098208,66684833,0.63325526,256,1204558,1204813,1204770,0
1205009,1559030067108000,67548250,0.63732299,196,1204814,1205009,1204909,0
1205206,1559030067845333,67861375,0.574203,197,1205010,1205206,1205132,0
1205319,1559030068352083,68105458,0.59443301,113,1205207,1205319,1205257,0
1205447,1559030068358541,68925500,0.64122953,128,1205320,1205447,1205392,0
1205637,1559030070196000,68490125,0.62660174,190,1205448,1205637,1205570,0
1205798,1559030070205416,69076250,0.64987984,161,1205638,1205798,1205685,0
1206054,1559030072238125,68260541,0.60605493,256,1205799,1206054,1205837,0
1206310,1559030072457416,69192542,0.65296432,256,1206055,1206310,1206301,0
1206332,1559030073322083,68431250,0.63426197,22,1206311,1206332,1206311,0
1206348,1559030073322875,68509208,0.62393145,16,1206333,1206348,1206345,0
1206470,1559030073329000,69057083,0.57621968,122,1206349,1206470,1206453,0
1206701,1559030074369083,69080333,0.61340293,231,1206471,1206701,1206526,0
1206774,1559030074372750,69412375,0.64018076,73,1206702,1206774,1206720,0
1207005,1559030074963208,69925417,0.62623433,231,1206775,1207005,1206952,0
1207139,1559030076103375,69460416,0.63829761,134,1207006,1207139,1207086,0
1207395,1559030076197583,70666167,0.59043634,256,1207140,1207395,1207340,0
1207650,1559030076371666,71801167,0.61976185,255,1207396,1207650,1207469,0
1207757,1559030076742708,72030542,0.58665878,107,1207651,1207757,1207746,0
1207934,1559030076996500,72646750,0.64076093,177,1207758,1207934,1207886,0
1208190,1559030077950541,73024459,0.60188761,256,1207935,1208190,1208135,0
1208446,1559030079346791,73110084,0.64467236,256,1208191,1208446,1208411,0
1208570,1559030080571250,72526791,0.61130411,124,1208447,1208570,1208568,0
1208586,1559030080572250,72611958,0.59548323,16,1208571,1208586,1208576,0
1208612,1559030080573708,72746292,0.57333524,26,1208587,1208612,1208600,0
1208868,1559030080945000,73695166,0.62364927,256,1208613,1208868,1208705,0
1209124,1559030081601166,74454875,0.67610459,256,1208869,1209124,1209061,0
1209144,1559030081602166,74522959,0.60968774,20,1209125,1209144,1209125,0
1209311,1559030082048291,74933584,0.61145127,167,1209145,1209311,1209239,0
1209533,1559030083389750,74613375,0.64185669,222,1209312,1209533,1209531,0
1209549,1559030084316916,73781167,0.61218954,16,1209534,1209549,1209547,0
1209565,1559030084317833,73862167,0.63188469,16,1209550,1209565,1209553,0
1209581,1559030084318791,73964042,0.53284677,16,1209566,1209581,1209573,0
1209783,1559030085375000,73808416,0.59322286,202,1209582,1209783,1209671,0
1210016,1559030086796666,73470834,0.60819544,233,1209784,1210016,1209835,0
1210159,1559030087862875,73062333,0.58116441,143,1210017,1210159,1210078,0
1210356,1559030087872791,73984459,0.60853292,197,1210160,1210356,1210172,0
1210514,1559030090738583,71880208,0.62492758,158,1210357,1210514,1210455,0
1210643,1559030091068958,72162667,0.65325771,129,1210515,1210643,1210628,0
1210659,1559030091069875,72241875,0.54957731,16,1210644,1210659,1210652,0
1210675,1559030091070791,72330334,0.67894507,16,1210660,1210675,1210670,0
1210787,1559030091077250,72836708,0.59033335,112,1210676,1210787,1210778,0
1210933,1559030092098125,72560791,0.60293968,146,1210788,1210933,1210874,0
1211131,1559030093016291,72562459,0.62888831,198,1210934,1211131,1211130,0
1211147,1559030093017125,72630416,0.64961557,16,1211132,1211147,1211141,0
1211163,1559030093017875,72802500,0.60670492,16,1211148,1211163,1211152,0
1211293,1559030093894625,72492541,0.61990471,130,1211164,1211293,1211164,0
1211549,1559030094769083,72839042,0.65605684,256,1211294,1211549,1211445,0
1211805,1559030095921166,72901334,0.63862436,256,1211550,1211805,1211769,0
1211984,1559030097209666,72462834,0.61520012,179,1211806,1211984,1211924,0
1212240,1559030097965625,73116375,0.64809905,256,1211985,1212240,1212177,0
1212258,1559030097968125,73203375,0.60487272,18,1212241,1212258,1212258,0
1212280,1559030097969333,73328375,0.59843965,22,1212259,1212280,1212269,0
1212324,1559030098092791,73453834,0.61243982,44,1212281,1212324,1212291,0
1212378,1559030098096000,73713583,0.60094351,54,1212325,1212378,1212345,0
1212634,1559030098432958,74788375,0.61548058,256,1212379,1212634,1212614,0
1212837,1559030101399958,72850500,0.59944774,203,1212635,1212837,1212746,0
1213093,1559030102337791,73228917,0.64472019,256,1212838,1213093,1213083,0
1213294,1559030104063166,72528459,0.6103563,201,1213094,1213294,1213170,0
1213537,1559030104677958,73167500,0.60813703,243,1213295,1213537,1213493,0
1213605,1559030104681666,73544042,0.6762325,68,1213538,1213605,1213542,0
1213655,1559030106056416,72445042,0.62823744,50,1213606,1213655,1213626,0
1213671,1559030107012291,71567250,0.5566697,16,1213656,1213671,1213661,0
1213827,1559030107077791,72278209,0.59521602,156,1213672,1213827,1213768,0
1214063,1559030108203833,72345417,0.63039284,236,1213828,1214063,1213973,0
1214299,1559030109563666,72230125,0.65093792,236,1214064,1214299,1214183,0
1214534,1559030109632875,73302208,0.61951663,235,1214300,1214534,1214506,0
1214669,1559030110467875,73129458,0.57141395,135,1214535,1214669,1214569,0
1214900,1559030112350833,72324958,0.60176922,231,1214670,1214900,1214706,0
1215108,1559030113519500,72116583,0.62239543,208,1214901,1215108,1215087,0
1215238,1559030114614833,71614375,0.62346011,130,1215109,1215238,1215153,0
1215394,1559030117695333,69269667,0.62318861,156,1215239,1215394,1215354,0
1215595,1559030117743583,70215042,0.60631253,201,1215395,1215595,1215412,0
1215709,1559030118317708,70413250,0.5983163,114,1215596,1215709,1215687,0
1215862,1559030118325416,71152250,0.60674639,153,1215710,1215862,1215743,0
1216118,1559030119812625,70956041,0.59356166,256,1215863,1216118,1216042,0
1216374,1559030122036125,69863291,0.62176583,256,1216119,1216374,1216319,0
1216621,1559030124711541,68364209,0.67761214,247,1216375,1216621,1216606,0
1216637,1559030124712333,68457583,0.61553055,16,1216622,1216637,1216632,0
1216653,1559030124713166,68552250,0.59797442,16,1216638,1216653,1216650,0
1216836,1559030125948250,68160541,0.582646,183,1216654,1216836,1216675,0
1217052,1559030126606083,68510042,0.63351258,216,1216837,1217052,1216970,0
1217143,1559030126619750,68925791,0.59799253,91,1217053,1217143,1217104,0
1217374,1559030126936833,69705750,0.6318691,231,1217144,1217374,1217349,0
1217491,1559030128014666,69197417,0.61632936,117,1217375,1217491,1217400,0
1217743,1559030129349666,69117709,0.60372303,252,1217492,1217743,1217572,0
1217813,1559030131809125,66952166,0.5882785,70,1217744,1217813,1217751,0
1218012,1559030132540750,67199958,0.58486997,199,1217814,1218012,1217928,0
1218150,1559030132547708,67827167,0.59024759,138,1218013,1218150,1218099,0
1218393,1559030133826375,67628833,0.59034687,243,1218151,1218393,1218390,0
1218409,1559030134817833,66703750,0.55699863,16,1218394,1218409,1218403,0
1218567,1559030134827000,67807791,0.62271564,158,1218410,1218567,1218538,0
1218823,1559030136478583,67332417,0.68728591,256,1218568,1218823,1218577,0
1219036,1559030137314583,67485833,0.61264445,213,1218824,1219036,1218860,0
1219205,1559030138662166,66928209,0.60049282,169,1219037,1219205,1219088,0
1219431,1559030139378458,67569417,0.61710258,226,1219206,1219431,1219209,0
1219687,1559030140569958,67558292,0.6286582,256,1219432,1219687,1219592,0
1219925,1559030141841208,67548583,0.6453923,238,1219688,1219925,1219761,0
1219957,1559030141842833,67697583,0.63490297,32,1219926,1219957,1219931,0
1220115,1559030141899208,68471792,0.58354475,158,1219958,1220115,1220090,0
1220238,1559030142426791,68627334,0.598356,123,1220116,1220238,1220229,0
1220254,1559030142427583,68677667,0.61071043,16,1220239,1220254,1220244,0
1220335,1559030142431666,69108750,0.6416423,81,1220255,1220335,1220262,0
1220543,1559030143490125,69050125,0.60697028,208,1220336,1220543,1220435,0
1220689,1559030143497458,69819833,0.62430912,146,1220544,1220689,1220661,0
1220775,1559030145617916,68130917,0.63129476,86,1220690,1220775,1220723,0
1220964,1559030146887166,67849125,0.62201745,189,1220776,1220964,1220885,0
1221153,1559030148244083,67475083,0.64913662,189,1220965,1221153,1221021,0
1221382,1559030148823250,68368250,0.64973736,229,1221154,1221382,1221379,0
1221398,1559030148824083,68371625,0.63136751,16,1221383,1221398,1221383,0
1221414,1559030148824958,68371792,0.61705484,16,1221399,1221414,1221404,0
1221469,1559030148827958,68510833,0.55190295,55,1221415,1221469,1221417,0
1221725,1559030151030791,67697917,0.58835701,256,1221470,1221725,1221724,0
1221901,1559030152496791,67268917,0.61284035,176,1221726,1221901,1221740,0
1222157,1559030153195791,67810417,0.64470687,256,1221902,1222157,1222057,0
1222405,1559030153349958,68822625,0.59847605,248,1222158,1222405,1222228,0
1222519,1559030156103083,66713417,0.63934525,114,1222406,1222519,1222519,0
1222775,1559030156179041,67835500,0.68487594,256,1222520,1222775,1222573,0
1223031,1559030157023333,68348458,0.60635518,256,1222776,1223031,1222827,0
1223237,1559030158043541,68210584,0.63492915,206,1223032,1223237,1223095,0
1223493,1559030158197375,69301041,0.64038003,256,1223238,1223493,1223424,0
1223694,1559030158278083,70143333,0.60458498,201,1223494,1223694,1223626,0
1223903,1559030158373125,70990166,0.59896902,209,1223695,1223903,1223733,0
1224115,1559030160375541,69931834,0.61138184,212,1223904,1224115,1223938,0
1224326,1559030160919666,70362875,0.57218914,211,1224116,1224326,1224261,0
1224476,1559030163310208,68680875,0.62098797,150,1224327,1224476,1224466,0
1224548,1559030163313833,69023542,0.59808108,72,1224477,1224548,1224491,0
1224776,1559030163371791,70060125,0.62856775,228,1224549,1224776,1224618,0
1224888,1559030163966875,70008125,0.59053032,112,1224777,1224888,1224870,0
1225022,1559030163973541,70601959,0.59013306,134,1224889,1225022,1224920,0
1225278,1559030165601708,70229917,0.64044553,256,1225023,1225278,1225223,0
1225421,1559030165608875,70868166,0.59338657,143,1225279,1225421,1225400,0
1225677,1559030167648416,70022917,0.62097953,256,1225422,1225677,1225488,0
1225846,1559030168847250,69579625,0.59937517,169,1225678,1225846,1225735,0
1226000,1559030169709791,69817292,0.60027526,154,1225847,1226000,1225892,0
1226016,1559030169710708,69820000,0.60962017,16,1226001,1226016,1226008,0
1226044,1559030169712333,69871708,0.56337285,28,1226017,1226044,1226017,0
1226283,1559030171128041,69588125,0.60111605,239,1226045,1226283,1226149,0
1226451,1559030171137166,70364709,0.61720247,168,1226284,1226451,1226347,0
1226707,1559030171334208,71346167,0.64102501,256,1226452,1226707,1226538,0
1226963,1559030171559041,72245084,0.58298577,256,1226708,1226963,1226939,0
1227219,1559030171840458,73124792,0.59691529,256,1226964,1227219,1227134,0
1227475,1559030173380666,72847209,0.6443855,256,1227220,1227475,1227259,0
1227660,1559030174325541,72841000,0.65614144,185,1227476,1227660,1227559,0
1227801,1559030175772750,72075833,0.57842803,141,1227661,1227801,1227773,0
1228057,1559030176661541,72468084,0.61891241,256,1227802,1228057,1228054,0
1228191,1559030176668875,73142666,0.6332931,134,1228058,1228191,1228081,0
1228362,1559030178042125,72576416,0.58710934,171,1228192,1228362,1228196,0
1228492,1559030178617833,72734625,0.58076314,130,1228363,1228492,1228452,0
1228587,1559030178721791,73022000,0.60331849,95,1228493,1228587,1228493,0
1228821,1559030178735333,74141500,0.61998326,234,1228588,1228821,1228701,0
1229059,1559030180568875,73467250,0.65400459,238,1228822,1229059,1229035,0
1229315,1559030181846458,73418500,0.6237523,256,1229060,1229315,1229134,0
1229491,1559030183005625,73120750,0.57439143,176,1229316,1229491,1229387,0
1229642,1559030183686958,73205167,0.6458288,151,1229492,1229642,1229599,0
1229803,1559030184695958,73041458,0.59749237,161,1229643,1229803,1229752,0
1229987,1559030185678708,72860167,0.57496355,184,1229804,1229987,1229961,0
1230118,1559030187013541,72130709,0.597402,131,1229988,1230118,1230061,0
1230374,1559030187980291,72303250,0.61188899,256,1230119,1230374,1230235,0
1230630,1559030189501375,71966041,0.66563199,256,1230375,1230630,1230416,0
1230886,1559030190783250,71823833,0.61303204,256,1230631,1230886,1230869,0
1231093,1559030191938125,71565500,0.59416986,207,1230887,1231093,1231039,0
1231188,1559030191943000,72023875,0.60281846,95,1231094,1231188,1231136,0
1231421,1559030193120083,71885417,0.59442221,233,1231189,1231421,1231299,0
1231592,1559030193211875,72523791,0.57155643,171,1231422,1231592,1231591,0
1231809,1559030193294583,73409375,0.59648675,217,1231593,1231809,1231707,0
1231981,1559030194188333,73252292,0.59384777,172,1231810,1231981,1231879,0
1232173,1559030195937458,72456458,0.65585927,192,1231982,1232173,1232050,0
1232429,1559030195950458,73719208,0.63750405,256,1232174,1232429,1232395,0
1232609,1559030197255083,73183375,0.54946415,180,1232430,1232609,1232482,0
1232865,1559030198467958,73315958,0.65071636,256,1232610,1232865,1232698,0
1233117,1559030198796916,74362125,0.59603534,252,1232866,1233117,1232882,0
1233373,1559030199716458,74600500,0.62639294,256,1233118,1233373,1233314,0
1233622,1559030201623333,73818958,0.59937858,249,1233374,1233622,1233439,0
1233777,1559030201631125,74491500,0.61854913,155,1233623,1233777,1233631,0
1233936,1559030202732000,74090958,0.59637254,159,1233778,1233936,1233899,0
1234192,1559030203922083,74061083,0.6080745,256,1233937,1234192,1233995,0
1234403,1559030204897916,74178625,0.63534921,211,1234193,1234403,1234202,0
1234635,1559030205598375,74523208,0.59496119,232,1234404,1234635,1234459,0
1234687,1559030205601000,74748000,0.59199943,52,1234636,1234687,1234650,0
1234857,1559030207122541,73973334,0.58953778,170,1234688,1234857,1234711,0
1235113,1559030208195166,74060667,0.62598071,256,1234858,1235113,1234911,0
1235369,1559030209578791,73855334,0.62042115,256,1235114,1235369,1235310,0
1235606,1559030210424375,74169583,0.6007891,237,1235370,1235606,1235384,0
1235778,1559030211088916,74311500,0.60044824,172,1235607,1235778,1235687,0
1235951,1559030211186375,75076625,0.60120333,173,1235779,1235951,1235916,0
1236156,1559030211543875,75730166,0.62258164,205,1235952,1236156,1236031,0
1236263,1559030211549708,76304708,0.61672773,107,1236157,1236263,1236177,0
1236326,1559030213131791,75099209,0.58956175,63,1236264,1236326,1236271,0
1236495,1559030213141875,76169125,0.63793373,169,1236327,1236495,1236484,0
1236581,1559030213363666,76356125,0.56634498,86,1236496,1236581,1236552,0
1236819,1559030213801625,77105000,0.65676825,238,1236582,1236819,1236807,0
1236978,1559030214839708,76815792,0.58900255,159,1236820,1236978,1236941,0
1237163,1559030214850916,77705834,0.65068601,185,1236979,1237163,1237136,0
1237285,1559030215799958,77396292,0.61783429,122,1237164,1237285,1237251,0
1237463,1559030215825625,78246375,0.65469798,178,1237286,1237463,1237363,0
1237588,1559030217176083,77556583,0.63176897,125,1237464,1237588,1237523,0
1237700,1559030217182125,78016458,0.55779443,112,1237589,1237700,1237636,0
1237875,1559030217209583,78784958,0.61766377,175,1237701,1237875,1237852,0
1237938,1559030217213291,79032084,0.59563738,63,1237876,1237938,1237928,0
1238092,1559030217369666,79561792,0.58513977,154,1237939,1238092,1237967,0
1238278,1559030217379750,80385083,0.59642016,186,1238093,1238278,1238174,0
1238446,1559030218762750,79730958,0.59249444,168,1238279,1238446,1238446,0
1238501,1559030219839041,78978000,0.58492042,55,1238447,1238501,1238495,0
1238533,1559030219841000,79062916,0.58815758,32,1238502,1238533,1238530,0
1238619,1559030219846000,79438166,0.66309834,86,1238534,1238619,1238535,0
1238875,1559030222445291,77985500,0.61057383,256,1238620,1238875,1238830,0
1239131,1559030222867750,78680291,0.59880173,256,1238876,1239131,1238927,0
1239387,1559030224087916,78808084,0.60759245,256,1239132,1239387,1239191,0
1239643,1559030225296166,78756584,0.65781552,256,1239388,1239643,1239424,0
1239824,1559030226330583,78562750,0.63380544,181,1239644,1239824,1239704,0
1239994,1559030227559625,78089791,0.59752637,170,1239825,1239994,1239856,0
1240199,1559030228538708,78607958,0.60113956,205,1239995,1240199,1240093,0
1240444,1559030231292041,76962584,0.62129579,245,1240200,1240444,1240357,0
1240546,1559030231297208,77426083,0.57520302,102,1240445,1240546,1240514,0
1240693,1559030232340916,77151709,0.62064396,147,1240547,1240693,1240657,0
1240810,1559030232346791,77680334,0.59170674,117,1240694,1240810,1240727,0
1241066,1559030233459500,77802041,0.60302827,256,1240811,1241066,1240880,0
1241288,1559030234705416,77699000,0.60785975,222,1241067,1241288,1241179,0
1241544,1559030235901000,77712791,0.61596974,256,1241289,1241544,1241397,0
1241605,1559030236523458,77356333,0.55640944,61,1241545,1241605,1241553,0
1241861,1559030238874458,76234042,0.56519687,256,1241606,1241861,1241775,0
1242047,1559030239450708,76541958,0.62374666,186,1241862,1242047,1241951,0
1242269,1559030239708708,77335125,0.6010083,222,1242048,1242269,1242117,0
1242525,1559030240752916,77540000,0.58368317,256,1242270,1242525,1242310,0
1242707,1559030243826291,75343125,0.58232311,182,1242526,1242707,1242585,0
1242843,1559030245046916,74773375,0.6099363,136,1242708,1242843,1242804,0
1242937,1559030245051666,75245875,0.57872117,94,1242844,1242937,1242873,0
1243073,1559030246377333,74496000,0.60861314,136,1242938,1243073,1242938,0
1243273,1559030247686625,74461500,0.60607571,200,1243074,1243273,1243247,0
1243315,1559030247688958,74520292,0.61528807,42,1243274,1243315,1243281,0
1243368,1559030247691791,74978875,0.58069453,53,1243316,1243368,1243339,0
1243624,1559030247920875,75723666,0.60228561,256,1243369,1243624,1243523,0
1243880,1559030249172333,75615292,0.65134198,256,1243625,1243880,1243862,0
1244059,1559030249809583,75764250,0.54998836,179,1243881,1244059,1243974,0
1244265,1559030250762666,75765084,0.62799196,206,1244060,1244265,1244136,0
1244521,1559030251400166,76285000,0.64382915,256,1244266,1244521,1244454,0
1244777,1559030252911333,75926333,0.61922696,256,1244522,1244777,1244668,0
1244956,1559030255338833,74367375,0.60329803,179,1244778,1244956,1244799,0
1245212,1559030256939458,73810958,0.62816033,256,1244957,1245212,1245159,0
1245468,1559030256994833,74849500,0.57488227,256,1245213,1245468,1245390,0
1245692,1559030257724250,75101000,0.64913908,224,1245469,1245692,1245529,0
1245859,1559030258549708,74999667,0.59932455,167,1245693,1245859,1245820,0
1246061,1559030259254833,75211125,0.58963899,202,1245860,1246061,1245982,0
1246077,1559030259255666,75269459,0.53059912,16,1246062,1246077,1246069,0
1246243,1559030260334041,74925042,0.61677297,166,1246078,1246243,1246227,0
1246347,1559030260339333,75588583,0.65642894,104,1246244,1246347,1246328,0
1246487,1559030261727458,74792500,0.59803943,140,1246348,1246487,1246352,0
1246652,1559030262677166,74767042,0.61479246,165,1246488,1246652,1246554,0
1246765,1559030262683791,75253167,0.58687898,113,1246653,1246765,1246724,0
1246924,1559030263571250,75114708,0.55178688,159,1246766,1246924,1246795,0
1247142,1559030265094875,74552500,0.59135754,218,1246925,1247142,1247140,0
1247273,1559030265742916,74467209,0.60889053,131,1247143,1247273,1247192,0
1247529,1559030268446291,72887459,0.63722307,256,1247274,1247529,1247528,0
1247785,1559030269747208,72733042,0.6789547,256,1247530,1247785,1247564,0
1247945,1559030269755333,73410583,0.574897,160,1247786,1247945,1247829,0
1248201,1559030271803416,72565542,0.62730144,256,1247946,1248201,1247963,0
1248316,1559030271809208,73027375,0.57473111,115,1248202,1248316,1248260,0
1248571,1559030273213750,72726333,0.64256733,255,1248317,1248571,1248558,0
1248827,1559030274367666,72731042,0.62837244,256,1248572,1248827,1248738,0
1248843,1559030274368458,72828125,0.61037447,16,1248828,1248843,1248830,0
1248859,1559030274369291,72930334,0.58086085,16,1248844,1248859,1248848,0
1248945,1559030275509416,72143459,0.5982365,86,1248860,1248945,1248934,0
1249090,1559030276184041,72113292,0.59210864,145,1248946,1249090,1249019,0
1249243,1559030276192791,72792125,0.60359799,153,1249091,1249243,1249210,0
1249499,1559030276920833,73170958,0.58793211,256,1249244,1249499,1249267,0
1249642,1559030278039083,72638208,0.56453933,143,1249500,1249642,1249549,0
1249898,1559030279193708,72614917,0.59659302,256,1249643,1249898,1249648,0
1250154,1559030280203291,72868375,0.61424866,256,1249899,1250154,1250051,0
1250357,1559030282285666,71735250,0.62930165,203,1250155,1250357,1250343,0
1250507,1559030283524541,71165875,0.56470256,150,1250358,1250507,1250367,0
1250735,1559030284614500,71212208,0.58270619,228,1250508,1250735,1250654,0
1250945,1559030286298375,70433625,0.58112582,210,1250736,1250945,1250827,0
1251197,1559030287389125,70541458,0.62488011,252,1250946,1251197,1250957,0
1251321,1559030287886916,70625875,0.57593519,124,1251198,1251321,1251231,0
1251403,1559030288259625,70659583,0.58236464,82,1251322,1251403,1251396,0
1251461,1559030288272708,70918458,0.57055229,58,1251404,1251461,1251419,0
1251615,1559030288288250,71629625,0.62010245,154,1251462,1251615,1251578,0
1251794,1559030289529333,71233375,0.61426755,179,1251616,1251794,1251636,0
1251887,1559030289876875,71336708,0.61091659,93,1251795,1251887,1251830,0
1252143,1559030290912916,71530792,0.59584126,256,1251888,1252143,1252094,0
1252399,1559030291687125,72058833,0.60658991,256,1252144,1252399,1252213,0
1252620,1559030292609083,72167458,0.61519844,221,1252400,1252620,1252489,0
1252831,1559030293257875,72561333,0.59425728,211,1252621,1252831,1252738,0
1253069,1559030296104958,70853167,0.61129457,238,1252832,1253069,1253016,0
1253308,1559030296657125,71431541,0.60562089,239,1253070,1253308,1253295,0
1253479,1559030296984250,72052083,0.58043604,171,1253309,1253479,1253374,0
1253735,1559030297810875,72348875,0.60377393,256,1253480,1253735,1253520,0
1253885,1559030298614750,72273291,0.62713047,150,1253736,1253885,1253836,0
1253967,1559030298618875,72622708,0.6093607,82,1253886,1253967,1253945,0
1254160,1559030298793458,73412375,0.5839479,193,1253968,1254160,1253972,0
1254416,1559030298939833,74492000,0.65692913,256,1254161,1254416,1254263,0
1254672,1559030300467041,74118209,0.61805452,256,1254417,1254672,1254465,0
1254899,1559030301607583,73932583,0.62261602,227,1254673,1254899,1254803,0
1255089,1559030302946416,73401084,0.57629691,190,1254900,1255089,1255030,0
1255278,1559030302955875,74244333,0.61549548,189,1255090,1255278,1255236,0
1255475,1559030305529375,72584083,0.59284452,197,1255279,1255475,1255433,0
1255670,1559030307202666,71785959,0.59535012,195,1255476,1255670,1255536,0
1255807,1559030308319541,71330250,0.60383213,137,1255671,1255807,1255690,0
1256063,1559030309568416,71244000,0.58227665,256,1255808,1256063,1256062,0
1256319,1559030310119833,71812458,0.57086195,256,1256064,1256319,1256064,0
1256444,1559030310126625,72358541,0.59378722,125,1256320,1256444,1256332,0
1256574,1559030311319416,71741875,0.56336057,130,1256445,1256574,1256467,0
1256824,1559030312531750,71653416,0.62129146,250,1256575,1256824,1256802,0
1256951,1559030313683083,71074000,0.62494963,127,1256825,1256951,1256835,0
1257203,1559030313968958,71915250,0.59723363,252,1256952,1257203,1257044,0
1257459,1559030315256125,71817750,0.58792185,256,1257204,1257459,1257302,0
1257667,1559030316091625,72127541,0.61263605,208,1257460,1257667,1257590,0
1257852,1559030317096708,72063833,0.59954949,185,1257668,1257852,1257720,0
1258090,1559030319262125,70949791,0.61526841,238,1257853,1258090,1257875,0
1258293,1559030319914708,71172167,0.57430543,203,1258091,1258293,1258290,0
1258316,1559030319915958,71243042,0.60018103,23,1258294,1258316,1258300,0
1258332,1559030319916833,71349750,0.61289621,16,1258317,1258332,1258324,0
1258411,1559030319921125,71679291,0.58664847,79,1258333,1258411,1258350,0
1258571,1559030320319458,72012250,0.69292101,160,1258412,1258571,1258558,0
1258587,1559030320320291,72089167,0.6426057,16,1258572,1258587,1258573,0
1258603,1559030320321166,72173209,0.62522518,16,1258588,1258603,1258601,0
1258619,1559030320322041,72267709,0.59500802,16,1258604,1258619,1258615,0
1258635,1559030320322916,72341625,0.57497912,16,1258620,1258635,1258625,0
1258766,1559030320330041,72920042,0.59693152,131,1258636,1258766,1258667,0
1258937,1559030320941791,73080250,0.59034389,171,1258767,1258937,1258883,0
1258986,1559030320944250,73284708,0.55427947,49,1258938,1258986,1258943,0
1259040,1559030322572750,71995541,0.57075411,54,1258987,1259040,1259005,0
1259144,1559030322583833,72452042,0.62245042,104,1259041,1259144,1259046,0
1259311,1559030322636541,73166209,0.57668844,167,1259145,1259311,1259171,0
1259567,1559030322649333,74423083,0.59891146,256,1259312,1259567,1259472,0
1259787,1559030324801333,73374333,0.59348389,220,1259568,1259787,1259762,0
1259918,1559030325637208,73178625,0.59958757,131,1259788,1259918,1259897,0
1260067,1559030325644750,73913166,0.58000046,149,1259919,1260067,1260050,0
1260270,1559030326596875,73898958,0.55770293,203,1260068,1260270,1260242,0
1260526,1559030327800375,73920458,0.60133077,256,1260271,1260526,1260289,0
1260782,1559030329730625,73545333,0.63295032,256,1260527,1260782,1260666,0
1261038,1559030330773500,73763750,0.60153947,256,1260783,1261038,1261002,0
1261248,1559030331935750,73756666,0.59920349,210,1261039,1261248,1261040,0
1261448,1559030332911333,73669042,0.59158211,200,1261249,1261448,1261373,0
1261704,1559030333579541,74193709,0.64671385,256,1261449,1261704,1261544,0
1261960,1559030334545125,74454166,0.63386269,256,1261705,1261960,1261875,0
1261976,1559030334545916,74465500,0.60426512,16,1261961,1261976,1261966,0
1261992,1559030334546750,74535041,0.52578471,16,1261977,1261992,1261989,0
1262140,1559030334554208,75147458,0.5932298,148,1261993,1262140,1262117,0
1262300,1559030335397750,75035625,0.63753856,160,1262141,1262300,1262260,0
1262556,1559030337930000,73648833,0.59024547,256,1262301,1262556,1262375,0
1262707,1559030340530041,71736417,0.63687953,151,1262557,1262707,1262655,0
1262952,1559030343201625,70250500,0.60181328,245,1262708,1262952,1262774,0
1263076,1559030344393083,69602542,0.64143286,124,1262953,1263076,1262978,0
1263299,1559030347173041,67823917,0.57706709,223,1263077,1263299,1263164,0
1263543,1559030347288375,68774958,0.61257362,244,1263300,1263543,1263429,0
1263653,1559030347316708,69212042,0.57822341,110,1263544,1263653,1263593,0
1263823,1559030347328625,70912458,0.60967855,170,1263654,1263823,1263686,0
1263972,1559030347753708,70489417,0.59341199,149,1263824,1263972,1263831,0
1264167,1559030348980583,69822708,0.64639082,195,1263973,1264167,1264021,0
1264183,1559030348981375,69883583,0.5305742,16,1264168,1264183,1264171,0
1264376,1559030350181291,69536250,0.61029215,193,1264184,1264376,1264207,0
1264513,1559030350199541,70128459,0.62883106,137,1264377,1264513,1264431,0
1264763,1559030350794250,70874291,0.56860543,250,1264514,1264763,1264630,0
1264929,1559030351832625,70336375,0.56441215,166,1264764,1264929,1264810,0
1265122,1559030351842291,71448125,0.60762078,193,1264930,1265122,1265012,0
1265295,1559030353162791,70919959,0.61130886,173,1265123,1265295,1265189,0
1265503,1559030354068416,70888709,0.5750652,208,1265296,1265503,1265347,0
1265759,1559030355224333,70828083,0.58355571,256,1265504,1265759,1265754,0
1265957,1559030356001208,70899458,0.58718128,198,1265760,1265957,1265933,0
1266213,1559030358596291,69448084,0.61997599,256,1265958,1266213,1266045,0
1266351,1559030359023875,69649000,0.59053964,138,1266214,1266351,1266343,0
1266607,1559030359383583,70366542,0.63354144,256,1266352,1266607,1266553,0
1266863,1559030360855083,70103417,0.61653147,256,1266608,1266863,1266699,0
1267105,1559030361285625,70743625,0.56357814,242,1266864,1267105,1266908,0
1267288,1559030362526375,70356291,0.59877957,183,1267106,1267288,1267263,0
1267464,1559030363771750,70050625,0.60738056,176,1267289,1267464,1267316,0
1267650,1559030365054333,69551750,0.61848223,186,1267465,1267650,1267567,0
1267906,1559030366172250,69982666,0.5728344,256,1267651,1267906,1267799,0
1268162,1559030368111000,69618625,0.61213227,256,1267907,1268162,1268026,0
1268364,1559030370214500,68566333,0.59197516,202,1268163,1268364,1268185,0
1268582,1559030370913750,69236125,0.59319544,218,1268365,1268582,1268469,0
1268684,1559030371295083,69351000,0.56035767,102,1268583,1268684,1268614,0
1268901,1559030372741625,68763958,0.59242797,217,1268685,1268901,1268764,0
1269138,1559030373391000,69145958,0.59253761,237,1268902,1269138,1269107,0
1269244,1559030374561208,68468750,0.6337925,106,1269139,1269244,1269185,0
1269500,1559030375583500,68629083,0.62627704,256,1269245,1269500,1269375,0
1269756,1559030376368791,68979292,0.57674917,256,1269501,1269756,1269699,0
1269859,1559030377241000,68568625,0.58328891,103,1269757,1269859,1269794,0
1270082,1559030378223458,68670458,0.61252297,223,1269860,1270082,1270042,0
1270338,1559030379071583,68959667,0.63678324,256,1270083,1270338,1270318,0
1270379,1559030379073666,69188167,0.54759996,41,1270339,1270379,1270361,0
1270588,1559030379688583,69522167,0.61420734,209,1270380,1270588,1270414,0
1270794,1559030380852333,69229083,0.60904724,206,1270589,1270794,1270774,0
1270954,1559030380860375,69936291,0.5744922,160,1270795,1270954,1270931,0
1271206,1559030382509958,69480292,0.60613878,252,1270955,1271206,1271059,0
1271455,1559030383115875,69931583,0.59180814,249,1271207,1271455,1271400,0
1271655,1559030384238166,69724167,0.61424834,200,1271456,1271655,1271517,0
1271818,1559030384773791,69940584,0.59625723,163,1271656,1271818,1271789,0
1271924,1559030384779125,70471666,0.58037812,106,1271819,1271924,1271915,0
1272050,1559030385900250,69976583,0.60373505,126,1271925,1272050,1272002,0
1272293,1559030387111541,70308292,0.61460563,243,1272051,1272293,1272272,0
1272316,1559030387112666,70311584,0.53343172,23,1272294,1272316,1272295,0
1272423,1559030387118041,70572167,0.63025999,107,1272317,1272423,1272376,0
1272679,1559030389241375,69529708,0.66362755,256,1272424,1272679,1272543,0
1272889,1559030390284125,69372708,0.59566289,210,1272680,1272889,1272887,0
1273145,1559030391107625,69706791,0.62217051,256,1272890,1273145,1272917,0
1273401,1559030391853791,70128084,0.64805175,256,1273146,1273401,1273382,0
1273657,1559030392327833,70765625,0.60259417,256,1273402,1273657,1273615,0
1273913,1559030392408458,71816458,0.62971467,256,1273658,1273913,1273773,0
1274122,1559030392482958,72697125,0.6198063,209,1273914,1274122,1273982,0
1274330,1559030392560041,73562084,0.58066036,208,1274123,1274330,1274261,0
1274536,1559030392755333,74489083,0.62529003,206,1274331,1274536,1274439,0
1274736,1559030393331333,74808417,0.60866964,200,1274537,1274736,1274643,0
1274766,1559030393332833,74977292,0.62864922,30,1274737,1274766,1274749,0
1274861,1559030393337666,75437584,0.58913855,95,1274767,1274861,1274808,0
1275117,1559030394276708,75688292,0.62037311,256,1274862,1275117,1275030,0
1275222,1559030394282458,76168500,0.55518353,105,1275118,1275222,1275129,0
1275364,1559030394565833,76514750,0.55209246,142,1275223,1275364,1275270,0
1275592,1559030395082458,77098000,0.63898438,228,1275365,1275592,1275524,0
1275736,1559030395090291,78259042,0.60914251,144,1275593,1275736,1275632,0
1275802,1559030395878416,78062292,0.57661624,66,1275737,1275802,1275762,0
1276008,1559030397128250,77361916,0.60579449,206,1275803,1276008,1275865,0
1276264,1559030398873708,76856292,0.59432828,256,1276009,1276264,1276156,0
1276392,1559030399634500,76677333,0.56983826,128,1276265,1276392,1276319,0
1276562,1559030401780541,75342084,0.57141594,170,1276393,1276562,1276495,0
1276818,1559030403262000,75132750,0.58731305,256,1276563,1276818,1276756,0
1277001,1559030404589041,74669834,0.59258233,183,1276819,1277001,1276966,0
1277068,1559030404592666,74996209,0.63939749,67,1277002,1277068,1277044,0
1277084,1559030404593541,75078709,0.61651825,16,1277069,1277084,1277074,0
1277100,1559030404594416,75170875,0.55318249,16,1277085,1277100,1277088,0
1277255,1559030405806500,74670083,0.58810538,155,1277101,1277255,1277125,0
1277511,1559030406693875,74990500,0.63027226,256,1277256,1277511,1277374,0
1277700,1559030406703416,75795584,0.58755874,189,1277512,1277700,1277610,0
1277956,1559030407823250,75782250,0.56916369,256,1277701,1277956,1277873,0
1278081,1559030408964000,75187791,0.62146377,125,1277957,1278081,1277982,0
1278286,1559030409074208,76463792,0.60246461,205,1278082,1278286,1278132,0
1278470,1559030409129666,77299167,0.59872554,184,1278287,1278470,1278429,0
1278695,1559030409763083,77635583,0.59822397,225,1278471,1278695,1278555,0
1278875,1559030411608583,76623417,0.59446178,180,1278696,1278875,1278809,0
1279113,1559030412267541,77017959,0.61647809,238,1278876,1279113,1279082,0
1279244,1559030413538083,76339583,0.61940373,131,1279114,1279244,1279121,0
1279446,1559030414103041,76873250,0.61862896,202,1279245,1279446,1279321,0
1279642,1559030415051708,76836917,0.64121584,196,1279447,1279642,1279528,0
1279740,1559030416120333,76192417,0.58915033,98,1279643,1279740,1279691,0
1279910,1559030418154875,74915833,0.60850876,170,1279741,1279910,1279793,0
1280166,1559030418198208,75989042,0.59243858,256,1279911,1280166,1280049,0
1280422,1559030418882708,76437708,0.63755647,256,1280167,1280422,1280220,0
1280590,1559030418975875,77069791,0.60332944,168,1280423,1280590,1280530,0
1280753,1559030419754041,76991084,0.55736775,163,1280591,1280753,1280625,0
1280938,1559030420362166,77247750,0.6298314,185,1280754,1280938,1280816,0
1281097,1559030420370166,77916250,0.5681895,159,1280939,1281097,1281068,0
1281310,1559030424079666,75156625,0.58800449,213,1281098,1281310,1281254,0
1281551,1559030425030500,75273750,0.5797155,241,1281311,1281551,1281501,0
1281721,1559030426083000,74905791,0.58821582,170,1281552,1281721,1281558,0
1281977,1559030426948291,75789959,0.61040398,256,1281722,1281977,1281805,0
1282224,1559030428676333,75128875,0.6066355,247,1281978,1282224,1282016,0
1282464,1559030429820375,75135250,0.57977163,240,1282225,1282464,1282353,0
1282504,1559030429822375,75385416,0.54903925,40,1282465,1282504,1282502,0
1282757,1559030430923208,75482917,0.65932005,253,1282505,1282757,1282599,0
1283013,1559030433073583,74659250,0.59602317,256,1282758,1283013,1282964,0
1283181,1559030433083416,75434084,0.60274246,168,1283014,1283181,1283133,0
1283384,1559030434708708,74794792,0.59988771,203,1283182,1283384,1283364,0
1283550,1559030436188708,74101542,0.59365443,166,1283385,1283550,1283546,0
1283629,1559030436193000,74554333,0.61212021,79,1283551,1283629,1283568,0
1283825,1559030437724625,74313416,0.6686183,196,1283630,1283825,1283692,0
1284018,1559030439954333,73300208,0.56468519,193,1283826,1284018,1283867,0
1284274,1559030440451041,74031709,0.61662286,256,1284019,1284274,1284199,0
1284413,1559030440553375,74626625,0.64193169,139,1284275,1284413,1284347,0
1284578,1559030441425166,74548209,0.56950513,165,1284414,1284578,1284506,0
1284678,1559030441430708,75027458,0.58499298,100,1284579,1284678,1284588,0
1284865,1559030443599708,73755125,0.58175114,187,1284679,1284865,1284783,0
1285072,1559030444236291,74051250,0.6016676,207,1284866,1285072,1285064,0
1285233,1559030445432500,73995125,0.592464,161,1285073,1285233,1285123,0
1285484,1559030445897583,74891583,0.61858467,251,1285234,1285484,1285336,0
1285634,1559030445905125,75582208,0.58407239,150,1285485,1285634,1285503,0
1285731,1559030446837125,75152833,0.59487259,97,1285635,1285731,1285695,0
1285933,1559030448085541,74797834,0.57453155,202,1285732,1285933,1285774,0
1286189,1559030448217041,75799042,0.58325845,256,1285934,1286189,1286087,0
1286391,1559030449202000,75679750,0.57110776,202,1286190,1286391,1286261,0
1286626,1559030450876291,75083042,0.62981849,235,1286392,1286626,1286568,0
1286751,1559030450882583,75616167,0.57381751,125,1286627,1286751,1286640,0
1286987,1559030451988791,75579542,0.61250639,236,1286752,1286987,1286967,0
1287243,1559030453171083,75618333,0.65859587,256,1286988,1287243,1287048,0
1287445,1559030453979750,75718833,0.60433851,202,1287244,1287445,1287327,0
1287682,1559030455334541,75387792,0.60328128,237,1287446,1287682,1287525,0
1287829,1559030455828958,75543833,0.58603592,147,1287683,1287829,1287736,0
1288067,1559030457327125,75145166,0.58117719,238,1287830,1288067,1288034,0
1288263,1559030457338833,75983917,0.6051523,196,1288068,1288263,1288138,0
1288319,1559030457342125,76249833,0.5701834,56,1288264,1288319,1288306,0
1288370,1559030457345125,76495916,0.60298794,51,1288320,1288370,1288341,0
1288446,1559030457620625,76578791,0.60204624,76,1288371,1288446,1288401,0
1288563,1559030458871000,75851208,0.56066409,117,1288447,1288563,1288554,0
1288819,1559030460842208,75258708,0.59933504,256,1288564,1288819,1288796,0
1288989,1559030462097666,74799042,0.61451882,170,1288820,1288989,1288947,0
1289245,1559030463155416,74863209,0.64303692,256,1288990,1289245,1289078,0
1289407,1559030464307958,74570917,0.57807864,162,1289246,1289407,1289335,0
1289661,1559030465211333,74801917,0.61402743,254,1289408,1289661,1289611,0
1289880,1559030467285458,73725792,0.59535371,219,1289662,1289880,1289827,0
1289939,1559030467288958,73985167,0.57895925,59,1289881,1289939,1289927,0
1290161,1559030468253833,74036250,0.61915101,222,1289940,1290161,1289963,0
1290244,1559030468258333,74428417,0.57221192,83,1290162,1290244,1290226,0
1290425,1559030468351083,75295292,0.61467062,181,1290245,1290425,1290317,0
1290595,1559030468865750,75636333,0.59832341,170,1290426,1290595,1290499,0
1290716,1559030468872666,76258459,0.57762067,121,1290596,1290716,1290641,0
1290875,1559030470623833,75279292,0.5910827,159,1290717,1290875,1290815,0
1290981,1559030470630000,75766125,0.60441898,106,1290876,1290981,1290906,0
1291141,1559030471131958,76046417,0.60027493,160,1290982,1291141,1291111,0
1291331,1559030471142416,76935750,0.61028263,190,1291142,1291331,1291281,0
1291515,1559030472277708,76735167,0.66421782,184,1291332,1291515,1291410,0
1291653,1559030473697500,75968416,0.61290356,138,1291516,1291653,1291574,0
1291755,1559030473703625,76493250,0.60278975,102,1291654,1291755,1291713,0
1291969,1559030474523750,76689750,0.64918656,214,1291756,1291969,1291800,0
1292191,1559030475815333,76473667,0.59092323,222,1291970,1292191,1292037,0
1292323,1559030475822500,77089250,0.59030164,132,1292192,1292323,1292263,0
1292579,1559030479295750,74881583,0.65669599,256,1292324,1292579,1292546,0
1292595,1559030479296708,74976500,0.63011053,16,1292580,1292595,1292582,0
1292611,1559030479297625,75082375,0.60953219,16,1292596,1292611,1292608,0
1292627,1559030479298541,75163917,0.56683029,16,1292612,1292627,1292617,0
1292703,1559030479607583,75267000,0.63442299,76,1292628,1292703,1292633,0
1292761,1559030479610750,75770958,0.54975996,58,1292704,1292761,1292734,0
1292968,1559030479713291,76386959,0.59736265,207,1292762,1292968,1292835,0
1293224,1559030479806000,77678541,0.62120374,256,1292969,1293224,1293029,0
1293480,1559030480533375,78142000,0.60772612,256,1293225,1293480,1293425,0
1293522,1559030481694916,77173750,0.60193256,42,1293481,1293522,1293481,0
1293651,1559030481701416,77765375,0.57006598,129,1293523,1293651,1293623,0
1293723,1559030481718041,78071667,0.57819875,72,1293652,1293723,1293714,0
1293827,1559030482554583,77724833,0.55917741,104,1293724,1293827,1293756,0
1294044,1559030484255916,77008584,0.62012724,217,1293828,1294044,1293966,0
1294300,1559030485589041,76854667,0.62712254,256,1294045,1294300,1294281,0
1294521,1559030486474750,76996458,0.60192367,221,1294301,1294521,1294373,0
1294777,1559030488530666,76140417,0.59939127,256,1294522,1294777,1294578,0
1295018,1559030489903333,75832833,0.62206653,241,1294778,1295018,1294923,0
1295226,1559030490881541,75832167,0.62019624,208,1295019,1295226,1295197,0
1295400,1559030491930125,75619458,0.62414991,174,1295227,1295400,1295367,0
1295601,1559030492421083,76141917,0.62464416,201,1295401,1295601,1295509,0
1295635,1559030493068000,75620291,0.5783423,34,1295602,1295635,1295602,0
1295871,1559030495373000,74346000,0.57558784,236,1295636,1295871,1295683,0
1295922,1559030495375958,74565417,0.53749776,51,1295872,1295922,1295915,0
1296122,1559030496096583,74721958,0.63017868,200,1295923,1296122,1296085,0
1296340,1559030496814583,74953583,0.57751257,218,1296123,1296340,1296337,0
1296524,1559030497631833,74937083,0.61242889,184,1296341,1296524,1296400,0
1296780,1559030501105916,72555709,0.59227937,256,1296525,1296780,1296660,0
1297036,1559030503848291,70943167,0.59442219,256,1296781,1297036,1296912,0
1297205,1559030505491875,70031250,0.63125636,169,1297037,1297205,1297204,0
1297221,1559030505492708,70113583,0.5611185,16,1297206,1297221,1297206,0
1297303,1559030505496833,70471625,0.63925784,82,1297222,1297303,1297231,0
1297454,1559030505562875,71106208,0.61598194,151,1297304,1297454,1297317,0
1297658,1559030507747416,69812334,0.58870569,204,1297455,1297658,1297567,0
1297867,1559030509557208,68955542,0.61103145,209,1297659,1297867,1297792,0
1298112,1559030510407458,69348125,0.61090879,245,1297868,1298112,1298079,0
1298220,1559030510854125,69342791,0.59589135,108,1298113,1298220,1298153,0
1298466,1559030512123541,69230209,0.61692627,246,1298221,1298466,1298449,0
1298570,1559030512129625,69711791,0.59304753,104,1298467,1298570,1298479,0
1298775,1559030513278333,69550042,0.59929395,205,1298571,1298775,1298638,0
1298845,1559030513282416,69872875,0.57751384,70,1298776,1298845,1298785,0
1299049,1559030514528333,69647250,0.64087453,204,1298846,1299049,1298872,0
1299076,1559030514529833,69735375,0.4995355,27,1299050,1299076,1299068,0
1299318,1559030515243541,70336542,0.6315689,242,1299077,1299318,1299100,0
1299574,1559030516495083,70331875,0.61522731,256,1299319,1299574,1299562,0
1299619,1559030516497500,70592166,0.63829549,45,1299575,1299619,1299582,0
1299635,1559030516498333,70661833,0.51897098,16,1299620,1299635,1299625,0
1299825,1559030518445666,69896667,0.62853484,190,1299636,1299825,1299785,0
1299982,1559030519452333,69514083,0.5970506,157,1299826,1299982,1299975,0
1300040,1559030520943791,68380917,0.60755528,58,1299983,1300040,1299992,0
1300118,1559030520947791,68806750,0.59831643,78,1300041,1300118,1300071,0
1300223,1559030521756333,68440292,0.60530327,105,1300119,1300223,1300165,0
1300470,1559030522282625,69129833,0.60754791,247,1300224,1300470,1300431,0
1300697,1559030522940750,69617791,0.62263458,227,1300471,1300697,1300529,0
1300915,1559030524045166,69573542,0.60779822,218,1300698,1300915,1300800,0
1301171,1559030524926875,69834666,0.60230919,256,1300916,1301171,1300956,0
1301391,1559030526541541,69238417,0.63330478,220,1301172,1301391,1301378,0
1301536,1559030527614000,68833041,0.62107006,145,1301392,1301536,1301418,0
1301792,1559030529741666,68016167,0.64410942,256,1301537,1301792,1301775,0
1301870,1559030529745583,68300292,0.56726176,78,1301793,1301870,1301858,0
1301990,1559030530766958,67788708,0.59444516,120,1301871,1301990,1301939,0
1302225,1559030531482333,68160083,0.6023155,235,1301991,1302225,1302198,0
1302442,1559030532485625,68141083,0.59392582,217,1302226,1302442,1302393,0
1302678,1559030533640083,68187417,0.6397648,236,1302443,1302678,1302632,0
1302911,1559030533893458,69045833,0.63364895,233,1302679,1302911,1302719,0
1303163,1559030534840041,69230500,0.60877202,252,1302912,1303163,1302968,0
1303339,1559030536233208,69102333,0.61318985,176,1303164,1303339,1303213,0
1303404,1559030536237041,69200750,0.62750057,65,1303340,1303404,1303340,0
1303631,1559030537002875,69670291,0.63772835,227,1303405,1303631,1303564,0
1303764,1559030540068000,67248875,0.61225154,133,1303632,1303764,1303693,0
1303908,1559030540089083,67907042,0.60141272,144,1303765,1303908,1303780,0
1304131,1559030541363416,67695167,0.64164905,223,1303909,1304131,1303983,0
1304361,1559030543720041,66438750,0.64319282,230,1304132,1304361,1304236,0
1304557,1559030543730708,67301083,0.60900428,196,1304362,1304557,1304495,0
1304813,1559030545142041,67169042,0.63325526,256,1304558,1304813,1304770,0
1305009,1559030545164125,68005750,0.63732299,196,1304814,1305009,1304909,0
1305206,1559030545925583,68160417,0.574203,197,1305010,1305206,1305132,0
1305319,1559030546433083,68163792,0.59443301,113,1305207,1305319,1305257,0
1305447,1559030546440000,68791916,0.64122953,128,1305320,1305447,1305392,0
1305637,1559030548150791,67887709,0.62660174,190,1305448,1305637,1305570,0
1305798,1559030548169000,68620708,0.64987984,161,1305638,1305798,1305685,0
1306054,1559030549735166,68273625,0.60605493,256,1305799,1306054,1305837,0
1306310,1559030550252791,69039959,0.65296432,256,1306055,1306310,1306301,0
1306332,1559030551227750,68203500,0.63426197,22,1306311,1306332,1306311,0
1306348,1559030551228625,68388000,0.62393145,16,1306333,1306348,1306345,0
1306470,1559030551235291,68866834,0.57621968,122,1306349,1306470,1306453,0
1306701,1559030552396041,68828500,0.61340293,231,1306471,1306701,1306526,0
1306774,1559030552400041,69230292,0.64018076,73,1306702,1306774,1306720,0
1307005,1559030552983541,69884875,0.62623433,231,1306775,1307005,1306952,0
1307139,1559030554337250,69279416,0.63829761,134,1307006,1307139,1307086,0
1307395,1559030554352083,70382458,0.59043634,256,1307140,1307395,1307340,0
1307650,1559030554650875,71365708,0.61976185,255,1307396,1307650,1307469,0
1307757,1559030555646291,70901959,0.58665878,107,1307651,1307757,1307746,0
1307934,1559030555655208,71797917,0.64076093,177,1307758,1307934,1307886,0
1308190,1559030556185166,72600125,0.60188761,256,1307935,1308190,1308135,0
1308446,1559030557529666,72519625,0.64467236,256,1308191,1308446,1308411,0
1308570,1559030558672916,71985584,0.61130411,124,1308447,1308570,1308568,0
1308586,1559030558673708,72078125,0.59548323,16,1308571,1308586,1308576,0
1308612,1559030558675041,72203167,0.57333524,26,1308587,1308612,1308600,0
1308868,1559030558943583,73133000,0.62364927,256,1308613,1308868,1308705,0
1309124,1559030559832416,73491167,0.67610459,256,1308869,1309124,1309061,0
1309144,1559030559833416,73578292,0.60968774,20,1309125,1309144,1309125,0
1309311,1559030560321458,73859292,0.61145127,167,1309145,1309311,1309239,0
1309533,1559030561311541,73938917,0.64185669,222,1309312,1309533,1309531,0
1309549,1559030562515000,72803166,0.61218954,16,1309534,1309549,1309547,0
1309565,1559030562515791,72902167,0.63188469,16,1309550,1309565,1309553,0
1309581,1559030562516583,72967083,0.53284677,16,1309566,1309581,1309573,0
1309783,1559030564053250,72430333,0.59322286,202,1309582,1309783,1309671,0
1310016,1559030564699083,72875208,0.60819544,233,1309784,1310016,1309835,0
1310159,1559030565747708,72982042,0.58116441,143,1310017,1310159,1310078,0
1310356,1559030565757625,74019000,0.60853292,197,1310160,1310356,1310172,0
1310514,1559030568544208,72082000,0.62492758,158,1310357,1310514,1310455,0
1310643,1559030568837625,72400000,0.65325771,129,1310515,1310643,1310628,0
1310659,1559030568838583,72480083,0.54957731,16,1310644,1310659,1310652,0
1310675,1559030568839541,72560250,0.67894507,16,1310660,1310675,1310670,0
1310787,1559030568846125,73083583,0.59033335,112,1310676,1310787,1310778,0
1310933,1559030569994250,72631500,0.60293968,146,1310788,1310933,1310874,0
1311131,1559030570830041,72777625,0.62888831,198,1310934,1311131,1311130,0
1311147,1559030570830833,72859958,0.64961557,16,1311132,1311147,1311141,0
1311163,1559030570831666,72939667,0.60670492,16,1311148,1311163,1311152,0
1311293,1559030572684458,71693708,0.61990471,130,1311164,1311293,1311164,0
1311549,1559030572697291,72947250,0.65605684,256,1311294,1311549,1311445,0
1311805,1559030573895083,73115375,0.63862436,256,1311550,1311805,1311769,0
1311984,1559030574870083,72850042,0.61520012,179,1311806,1311984,1311924,0
1312240,1559030575562083,73442667,0.64809905,256,1311985,1312240,1312177,0
1312258,1559030575563041,73520167,0.60487272,18,1312241,1312258,1312258,0
1312280,1559030575564125,73625625,0.59843965,22,1312259,1312280,1312269,0
1312324,1559030575690541,73713417,0.61243982,44,1312281,1312324,1312291,0
1312378,1559030575693333,73950458,0.60094351,54,1312325,1312378,1312345,0
1312634,1559030575983958,74853250,0.61548058,256,1312379,1312634,1312614,0
1312837,1559030578589958,73173833,0.59944774,203,1312635,1312837,1312746,0
1313093,1559030579841791,73136542,0.64472019,256,1312838,1313093,1313083,0
1313294,1559030581472666,72515000,0.6103563,201,1313094,1313294,1313170,0
1313537,1559030581958625,73333083,0.60813703,243,1313295,1313537,1313493,0
1313605,1559030581962333,73634833,0.6762325,68,1313538,1313605,1313542,0
1313655,1559030583212500,72601125,0.62823744,50,1313606,1313655,1313626,0
1313671,1559030584262083,71565083,0.5566697,16,1313656,1313671,1313661,0
1313827,1559030584368083,72317250,0.59521602,156,1313672,1313827,1313768,0
1314063,1559030585642500,72212208,0.63039284,236,1313828,1314063,1313973,0
1314299,1559030587084291,71939459,0.65093792,236,1314064,1314299,1314183,0
1314534,1559030587209541,72982792,0.61951663,235,1314300,1314534,1314506,0
1314669,1559030589466666,71405459,0.57141395,135,1314535,1314669,1314569,0
1314900,1559030590825916,71233125,0.60176922,231,1314670,1314900,1314706,0
1315108,1559030591466125,71591583,0.62239543,208,1314901,1315108,1315087,0
1315238,1559030592596750,71113500,0.62346011,130,1315109,1315238,1315153,0
1315394,1559030595812625,68663916,0.62318861,156,1315239,1315394,1315354,0
1315595,1559030595824458,69693333,0.60631253,201,1315395,1315595,1315412,0
1315709,1559030596524250,69585416,0.5983163,114,1315596,1315709,1315687,0
1315862,1559030596550750,70339125,0.60674639,153,1315710,1315862,1315743,0
1316118,1559030598073958,69990417,0.59356166,256,1315863,1316118,1316042,0
1316374,1559030599660375,69755041,0.62176583,256,1316119,1316374,1316319,0
1316621,1559030602966583,67821083,0.67761214,247,1316375,1316621,1316606,0
1316637,1559030602967416,67940500,0.61553055,16,1316622,1316637,1316632,0
1316653,1559030602968208,68020875,0.59797442,16,1316638,1316653,1316650,0
1316836,1559030604106166,67993542,0.582646,183,1316654,1316836,1316675,0
1317052,1559030605793708,67244875,0.63351258,216,1316837,1317052,1316970,0
1317143,1559030605799000,67590958,0.59799253,91,1317053,1317143,1317104,0
1317374,1559030605812458,68643208,0.6318691,231,1317144,1317374,1317349,0
1317491,1559030607079541,67915625,0.61632936,117,1317375,1317491,1317400,0
1317743,1559030608023041,68129000,0.60372303,252,1317492,1317743,1317572,0
1317813,1559030610178625,66288333,0.5882785,70,1317744,1317813,1317751,0
1318012,1559030611060291,66310709,0.58486997,199,1317814,1318012,1317928,0
1318150,1559030611067208,66940167,0.59024759,138,1318013,1318150,1318099,0
1318393,1559030612345041,66772000,0.59034687,243,1318151,1318393,1318390,0
1318409,1559030613227583,65962833,0.55699863,16,1318394,1318409,1318403,0
1318567,1559030613264833,66755208,0.62271564,158,1318410,1318567,1318538,0
1318823,1559030614655791,66461084,0.68728591,256,1318568,1318823,1318577,0
1319036,1559030615408458,66676125,0.61264445,213,1318824,1319036,1318860,0
1319205,1559030616091958,66807708,0.60049282,169,1319037,1319205,1319088,0
1319431,1559030616841500,67109875,0.61710258,226,1319206,1319431,1319209,0
1319687,1559030618041958,67022500,0.6286582,256,1319432,1319687,1319592,0
1319925,1559030619450083,66709125,0.6453923,238,1319688,1319925,1319761,0
1319957,1559030619452000,66870958,0.63490297,32,1319926,1319957,1319931,0
1320115,1559030619606541,67461417,0.58354475,158,1319958,1320115,1320090,0
1320238,1559030620148916,67510500,0.598356,123,1320116,1320238,1320229,0
1320254,1559030620149833,67597500,0.61071043,16,1320239,1320254,1320244,0
1320335,1559030620156666,68094542,0.6416423,81,1320255,1320335,1320262,0
1320543,1559030621271916,67937875,0.60697028,208,1320336,1320543,1320435,0
1320689,1559030621282375,68864791,0.62430912,146,1320544,1320689,1320661,0
1320775,1559030624855625,65652375,0.63129476,86,1320690,1320775,1320723,0
1320964,1559030624865916,66471167,0.62201745,189,1320776,1320964,1320885,0
1321153,1559030626010375,66187916,0.64913662,189,1320965,1321153,1321021,0
1321382,1559030626621041,66716875,0.64973736,229,1321154,1321382,1321379,0
1321398,1559030626621916,66819042,0.63136751,16,1321383,1321398,1321383,0
1321414,1559030626622791,66899000,0.61705484,16,1321399,1321414,1321404,0
1321469,1559030626625791,67164500,0.55190295,55,1321415,1321469,1321417,0
1321725,1559030628855750,66233125,0.58835701,256,1321470,1321725,1321724,0
1321901,1559030630073875,65917708,0.61284035,176,1321726,1321901,1321740,0
1322157,1559030630905458,66422542,0.64470687,256,1321902,1322157,1322057,0
1322405,1559030630945916,67648834,0.59847605,248,1322158,1322405,1322228,0
1322519,1559030633364833,65842583,0.63934525,114,1322406,1322519,1322519,0
1322775,1559030633420791,67106917,0.68487594,256,1322520,1322775,1322573,0
1323031,1559030634220166,67595000,0.60635518,256,1322776,1323031,1322827,0
1323237,1559030635269625,67641875,0.63492915,206,1323032,1323237,1323095,0
1323493,1559030635358125,68875791,0.64038003,256,1323238,1323493,1323424,0
1323694,1559030635533208,70134750,0.60458498,201,1323494,1323694,1323626,0
1323903,1559030635715083,70990542,0.59896902,209,1323695,1323903,1323733,0
1324115,1559030637905166,69641750,0.61138184,212,1323904,1324115,1323938,0
1324326,1559030639359291,69042125,0.57218914,211,1324116,1324326,1324261,0
1324476,1559030641297541,67784584,0.62098797,150,1324327,1324476,1324466,0
1324548,1559030641301166,68127292,0.59808108,72,1324477,1324548,1324491,0
1324776,1559030641374750,69091041,0.62856775,228,1324549,1324776,1324618,0
1324888,1559030641981041,68972959,0.59053032,112,1324777,1324888,1324870,0
1325022,1559030641987875,69577375,0.59013306,134,1324889,1325022,1324920,0
1325278,1559030643610875,69195166,0.64044553,256,1325023,1325278,1325223,0
1325421,1559030643618125,69832416,0.59338657,143,1325279,1325421,1325400,0
1325677,1559030645671250,69194250,0.62097953,256,1325422,1325677,1325488,0
1325846,1559030646903541,68767334,0.59937517,169,1325678,1325846,1325735,0
1326000,1559030647781083,68586125,0.60027526,154,1325847,1326000,1325892,0
1326016,1559030647781875,68675541,0.60962017,16,1326001,1326016,1326008,0
1326044,1559030647783291,68804542,0.56337285,28,1326017,1326044,1326017,0
1326283,1559030649121250,68602750,0.60111605,239,1326045,1326283,1326149,0
1326451,1559030649130625,69405208,0.61720247,168,1326284,1326451,1326347,0
1326707,1559030649337041,70401667,0.64102501,256,1326452,1326707,1326538,0
1326963,1559030649535208,71390958,0.58298577,256,1326708,1326963,1326939,0
1327219,1559030649753833,72422625,0.59691529,256,1326964,1327219,1327134,0
1327475,1559030650855791,72570209,0.6443855,256,1327220,1327475,1327259,0
1327660,1559030651816416,72469084,0.65614144,185,1327476,1327660,1327559,0
1327801,1559030653058625,71811041,0.57842803,141,1327661,1327801,1327773,0
1328057,1559030654002916,72052292,0.61891241,256,1327802,1328057,1328054,0
1328191,1559030654009666,72642209,0.6332931,134,1328058,1328191,1328081,0
1328362,1559030655738500,71677291,0.58710934,171,1328192,1328362,1328196,0
1328492,1559030655972041,72040834,0.58076314,130,1328363,1328492,1328452,0
1328587,1559030655976750,72478916,0.60331849,95,1328493,1328587,1328493,0
1328821,1559030656092666,73398667,0.61998326,234,1328588,1328821,1328701,0
1329059,1559030657916958,72739667,0.65400459,238,1328822,1329059,1329035,0
1329315,1559030659177708,72731958,0.6237523,256,1329060,1329315,1329134,0
1329491,1559030660264750,72916583,0.57439143,176,1329316,1329491,1329387,0
1329642,1559030660885500,72622416,0.6458288,151,1329492,1329642,1329599,0
1329803,1559030662104208,72202958,0.59749237,161,1329643,1329803,1329752,0
1329987,1559030663099416,72105167,0.57496355,184,1329804,1329987,1329961,0
1330118,1559030664592791,71250000,0.597402,131,1329988,1330118,1330061,0
1330374,1559030665609791,71458834,0.61188899,256,1330119,1330374,1330235,0
1330630,1559030667254833,71080083,0.66563199,256,1330375,1330630,1330416,0
1330886,1559030668095750,71648000,0.61303204,256,1330631,1330886,1330869,0
1331093,1559030669449708,71260875,0.59416986,207,1330887,1331093,1331039,0
1331188,1559030669454458,71666417,0.60281846,95,1331094,1331188,1331136,0
1331421,1559030670858000,71281625,0.59442221,233,1331189,1331421,1331299,0
1331592,1559030670934541,71934750,0.57155643,171,1331422,1331592,1331591,0
1331809,1559030671015833,72799667,0.59648675,217,1331593,1331809,1331707,0
1331981,1559030672560250,71994500,0.59384777,172,1331810,1331981,1331879,0
1332173,1559030673203041,72268834,0.65585927,192,1331982,1332173,1332050,0
1332429,1559030673784166,72865834,0.63750405,256,1332174,1332429,1332395,0
1332609,1559030675052708,72425583,0.54946415,180,1332430,1332609,1332482,0
1332865,1559030676171791,72472625,0.65071636,256,1332610,1332865,1332698,0
1333117,1559030676495208,73265333,0.59603534,252,1332866,1333117,1332882,0
1333373,1559030677373375,73567958,0.62639294,256,1333118,1333373,1333314,0
1333622,1559030679144458,72950292,0.59937858,249,1333374,1333622,1333439,0
1333777,1559030679218000,73564708,0.61854913,155,1333623,1333777,1333631,0
1333936,1559030679970208,73905792,0.59637254,159,1333778,1333936,1333899,0
1334192,1559030681230000,74169750,0.6080745,256,1333937,1334192,1333995,0
1334403,1559030682131875,74467250,0.63534921,211,1334193,1334403,1334202,0
1334635,1559030682968291,74642417,0.59496119,232,1334404,1334635,1334459,0
1334687,1559030682971375,74822083,0.59199943,52,1334636,1334687,1334650,0
1334857,1559030684033458,74496417,0.58953778,170,1334688,1334857,1334711,0
1335113,1559030685117541,74689084,0.62598071,256,1334858,1335113,1334911,0
1335369,1559030686409708,74548958,0.62042115,256,1335114,1335369,1335310,0
1335606,1559030687133875,74899166,0.6007891,237,1335370,1335606,1335384,0
1335778,1559030687707541,75071584,0.60044824,172,1335607,1335778,1335687,0
1335951,1559030687800041,75869750,0.60120333,173,1335779,1335951,1335916,0
1336156,1559030689150625,75449916,0.62258164,205,1335952,1336156,1336031,0
1336263,1559030689157666,76009334,0.61672773,107,1336157,1336263,1336177,0
1336326,1559030689497750,75894500,0.58956175,63,1336264,1336326,1336271,0
1336495,1559030689507750,76706500,0.63793373,169,1336327,1336495,1336484,0
1336581,1559030690392500,76191375,0.56634498,86,1336496,1336581,1336552,0
1336819,1559030690618375,77269125,0.65676825,238,1336582,1336819,1336807,0
1336978,1559030691353250,77553416,0.58900255,159,1336820,1336978,1336941,0
1337163,1559030691362625,78434625,0.65068601,185,1336979,1337163,1337136,0
1337285,1559030692269208,78089000,0.61783429,122,1337164,1337285,1337251,0
1337463,1559030692287083,78884125,0.65469798,178,1337286,1337463,1337363,0
1337588,1559030693421000,78488208,0.63176897,125,1337464,1337588,1337523,0
1337700,1559030693427125,78837291,0.55779443,112,1337589,1337700,1337636,0
1337875,1559030693541458,79537500,0.61766377,175,1337701,1337875,1337852,0
1337938,1559030693544833,79827125,0.59563738,63,1337876,1337938,1337928,0
1338092,1559030693842625,80248666,0.58513977,154,1337939,1338092,1337967,0
1338278,1559030693852708,81065542,0.59642016,186,1338093,1338278,1338174,0
1338446,1559030695146875,80533500,0.59249444,168,1338279,1338446,1338446,0
1338501,1559030696034333,79892083,0.58492042,55,1338447,1338501,1338495,0
1338533,1559030696036125,80040791,0.58815758,32,1338502,1338533,1338530,0
1338619,1559030696040791,80425334,0.66309834,86,1338534,1338619,1338535,0
1338875,1559030698697000,78947833,0.61057383,256,1338620,1338875,1338830,0
1339131,1559030699329125,79506541,0.59880173,256,1338876,1339131,1338927,0
1339387,1559030700694250,79388291,0.60759245,256,1339132,1339387,1339191,0
1339643,1559030701912583,79501667,0.65781552,256,1339388,1339643,1339424,0
1339824,1559030702954583,79440208,0.63380544,181,1339644,1339824,1339704,0
1339994,1559030704323458,78864958,0.59752637,170,1339825,1339994,1339856,0
1340199,1559030705740750,78461958,0.60113956,205,1339995,1340199,1340093,0
1340444,1559030708473833,76890292,0.62129579,245,1340200,1340444,1340357,0
1340546,1559030708479833,77342833,0.57520302,102,1340445,1340546,1340514,0
1340693,1559030709406458,77169042,0.62064396,147,1340547,1340693,1340657,0
1340810,1559030709412291,77708875,0.59170674,117,1340694,1340810,1340727,0
1341066,1559030710541500,77770708,0.60302827,256,1340811,1341066,1340880,0
1341288,1559030711574708,78113708,0.60785975,222,1341067,1341288,1341179,0
1341544,1559030712886125,78080333,0.61596974,256,1341289,1341544,1341397,0
1341605,1559030713465250,77838416,0.55640944,61,1341545,1341605,1341553,0
1341861,1559030715733916,76762959,0.56519687,256,1341606,1341861,1341775,0
1342047,1559030716568833,76760042,0.62374666,186,1341862,1342047,1341951,0
1342269,1559030716664333,77686208,0.6010083,222,1342048,1342269,1342117,0
1342525,1559030717777875,77637666,0.58368317,256,1342270,1342525,1342310,0
1342707,1559030720944750,75251916,0.58232311,182,1342526,1342707,1342585,0
1342843,1559030722458166,74363084,0.6099363,136,1342708,1342843,1342804,0
1342937,1559030722486375,74750291,0.57872117,94,1342844,1342937,1342873,0
1343073,1559030723428375,74406166,0.60861314,136,1342938,1343073,1342938,0
1343273,1559030724606416,74146792,0.60607571,200,1343074,1343273,1343247,0
1343315,1559030724608875,74346041,0.61528807,42,1343274,1343315,1343281,0
1343368,1559030724611958,74621583,0.58069453,53,1343316,1343368,1343339,0
1343624,1559030724885375,75458000,0.60228561,256,1343369,1343624,1343523,0
1343880,1559030726139041,75608917,0.65134198,256,1343625,1343880,1343862,0
1344059,1559030726811916,75744292,0.54998836,179,1343881,1344059,1343974,0
1344265,1559030727465833,76004875,0.62799196,206,1344060,1344265,1344136,0
1344521,1559030728135583,76505750,0.64382915,256,1344266,1344521,1344454,0
1344777,1559030729532041,76457042,0.61922696,256,1344522,1344777,1344668,0
1344956,1559030731958250,74843833,0.60329803,179,1344778,1344956,1344799,0
1345212,1559030732888833,75081458,0.62816033,256,1344957,1345212,1345159,0
1345468,1559030733778541,75287459,0.57488227,256,1345213,1345468,1345390,0
1345692,1559030734370541,75723334,0.64913908,224,1345469,1345692,1345529,0
1345859,1559030735244250,75586958,0.59932455,167,1345693,1345859,1345820,0
1346061,1559030735937666,75814209,0.58963899,202,1345860,1346061,1345982,0
1346077,1559030735938583,75871667,0.53059912,16,1346062,1346077,1346069,0
1346243,1559030737084958,75478708,0.61677297,166,1346078,1346243,1346227,0
1346347,1559030737090666,75967334,0.65642894,104,1346244,1346347,1346328,0
1346487,1559030738457000,75238791,0.59803943,140,1346348,1346487,1346352,0
1346652,1559030739732833,74706458,0.61479246,165,1346488,1346652,1346554,0
1346765,1559030739762000,75189583,0.58687898,113,1346653,1346765,1346724,0
1346924,1559030740712125,75019875,0.55178688,159,1346766,1346924,1346795,0
1347142,1559030742150333,74680250,0.59135754,218,1346925,1347142,1347140,0
1347273,1559030742867500,74630541,0.60889053,131,1347143,1347273,1347192,0
1347529,1559030745543708,73335583,0.63722307,256,1347274,1347529,1347528,0
1347785,1559030746734666,73406917,0.6789547,256,1347530,1347785,1347564,0
1347945,1559030746746416,74133375,0.574897,160,1347786,1347945,1347829,0
1348201,1559030748668625,73618916,0.62730144,256,1347946,1348201,1347963,0
1348316,1559030748674416,74347625,0.57473111,115,1348202,1348316,1348260,0
1348571,1559030749880041,74523250,0.64256733,255,1348317,1348571,1348558,0
1348827,1559030750988916,74712209,0.62837244,256,1348572,1348827,1348738,0
1348843,1559030750989708,74797250,0.61037447,16,1348828,1348843,1348830,0
1348859,1559030750990541,74854625,0.58086085,16,1348844,1348859,1348848,0
1348945,1559030752102000,74175291,0.5982365,86,1348860,1348945,1348934,0
1349090,1559030753065500,73980291,0.59210864,145,1348946,1349090,1349019,0
1349243,1559030753073250,74646291,0.60359799,153,1349091,1349243,1349210,0
1349499,1559030753896000,74975958,0.58793211,256,1349244,1349499,1349267,0
1349642,1559030755713666,73774292,0.56453933,143,1349500,1349642,1349549,0
1349898,1559030756600416,74042125,0.59659302,256,1349643,1349898,1349648,0
1350154,1559030757545416,74219875,0.61424866,256,1349899,1350154,1350051,0
1350357,1559030759881875,72807291,0.62930165,203,1350155,1350357,1350343,0
1350507,1559030761025208,72365583,0.56470256,150,1350358,1350507,1350367,0
1350735,1559030762043208,72406708,0.58270619,228,1350508,1350735,1350654,0
1350945,1559030763657333,71981167,0.58112582,210,1350736,1350945,1350827,0
1351197,1559030764605958,72226542,0.62488011,252,1350946,1351197,1350957,0
1351321,1559030765116791,72280750,0.57593519,124,1351198,1351321,1351231,0
1351403,1559030765435708,72351833,0.58236464,82,1351322,1351403,1351396,0
1351461,1559030765438583,72614708,0.57055229,58,1351404,1351461,1351419,0
1351615,1559030765446291,73397959,0.62010245,154,1351462,1351615,1351578,0
1351794,1559030766201625,73428416,0.61426755,179,1351616,1351794,1351636,0
1351887,1559030766668625,73412458,0.61091659,93,1351795,1351887,1351830,0
1352143,1559030768072583,73095125,0.59584126,256,1351888,1352143,1352094,0
1352399,1559030768934416,73361875,0.60658991,256,1352144,1352399,1352213,0
1352620,1559030769854958,73409750,0.61519844,221,1352400,1352620,1352489,0
1352831,1559030770447791,73706875,0.59425728,211,1352621,1352831,1352738,0
1353069,1559030773064958,72144375,0.61129457,238,1352832,1353069,1353016,0
1353308,1559030773355583,72885833,0.60562089,239,1353070,1353308,1353295,0
1353479,1559030774071500,72901458,0.58043604,171,1353309,1353479,1353374,0
1353735,1559030774979500,73104458,0.60377393,256,1353480,1353735,1353520,0
1353885,1559030775774708,73003958,0.62713047,150,1353736,1353885,1353836,0
1353967,1559030775778875,73386125,0.6093607,82,1353886,1353967,1353945,0
1354160,1559030776015208,73996583,0.5839479,193,1353968,1354160,1353972,0
1354416,1559030776171625,74942375,0.65692913,256,1354161,1354416,1354263,0
1354672,1559030777667500,74582500,0.61805452,256,1354417,1354672,1354465,0
1354899,1559030778986708,74294292,0.62261602,227,1354673,1354899,1354803,0
1355089,1559030780114750,74039666,0.57629691,190,1354900,1355089,1355030,0
1355278,1559030780173500,74872083,0.61549548,189,1355090,1355278,1355236,0
1355475,1559030782423041,73790625,0.59284452,197,1355279,1355475,1355433,0
1355670,1559030784273708,72844458,0.59535012,195,1355476,1355670,1355536,0
1355807,1559030785486541,72304084,0.60383213,137,1355671,1355807,1355690,0
1356063,1559030786630958,72333792,0.58227665,256,1355808,1356063,1356062,0
1356319,1559030787142875,73056333,0.57086195,256,1356064,1356319,1356064,0
1356444,1559030787149708,73628333,0.59378722,125,1356320,1356444,1356332,0
1356574,1559030788359583,73069042,0.56336057,130,1356445,1356574,1356467,0
1356824,1559030789714291,72909250,0.62129146,250,1356575,1356824,1356802,0
1356951,1559030790935208,72340333,0.62494963,127,1356825,1356951,1356835,0
1357203,1559030791264958,73167083,0.59723363,252,1356952,1357203,1357044,0
1357459,1559030792531083,73134417,0.58792185,256,1357204,1357459,1357302,0
1357667,1559030793375000,73210833,0.61263605,208,1357460,1357667,1357590,0
1357852,1559030794334083,73119000,0.59954949,185,1357668,1357852,1357720,0
1358090,1559030796230875,72584375,0.61526841,238,1357853,1358090,1357875,0
1358293,1559030796872291,72788834,0.57430543,203,1358091,1358293,1358290,0
1358316,1559030796873458,72915833,0.60018103,23,1358294,1358316,1358300,0
1358332,1559030796874291,72998959,0.61289621,16,1358317,1358332,1358324,0
1358411,1559030796879750,73358666,0.58664847,79,1358333,1358411,1358350,0
1358571,1559030797271375,73778500,0.69292101,160,1358412,1358571,1358558,0
1358587,1559030797272166,73867917,0.6426057,16,1358572,1358587,1358573,0
1358603,1559030797272958,73950458,0.62522518,16,1358588,1358603,1358601,0
1358619,1559030797273750,74065458,0.59500802,16,1358604,1358619,1358615,0
1358635,1559030797274541,74195625,0.57497912,16,1358620,1358635,1358625,0
1358766,1559030797281166,74794292,0.59693152,131,1358636,1358766,1358667,0
1358937,1559030797875166,75245875,0.59034389,171,1358767,1358937,1358883,0
1358986,1559030797877666,75475625,0.55427947,49,1358938,1358986,1358943,0
1359040,1559030798819291,74802750,0.57075411,54,1358987,1359040,1359005,0
1359144,1559030798825375,75250625,0.62245042,104,1359041,1359144,1359046,0
1359311,1559030798968500,75842791,0.57668844,167,1359145,1359311,1359171,0
1359567,1559030799206833,76798958,0.59891146,256,1359312,1359567,1359472,0
1359787,1559030801778541,75192875,0.59348389,220,1359568,1359787,1359762,0
1359918,1559030802622083,74955708,0.59958757,131,1359788,1359918,1359897,0
1360067,1559030802629666,75635375,0.58000046,149,1359919,1360067,1360050,0
1360270,1559030803519541,75596292,0.55770293,203,1360068,1360270,1360242,0
1360526,1559030804696791,75576584,0.60133077,256,1360271,1360526,1360289,0
1360782,1559030806820291,74657667,0.63295032,256,1360527,1360782,1360666,0
1361038,1559030808089750,74563666,0.60153947,256,1360783,1361038,1361002,0
1361248,1559030809149166,74516167,0.59920349,210,1361039,1361248,1361040,0
1361448,1559030810175875,74369916,0.59158211,200,1361249,1361448,1361373,0
1361704,1559030811067375,74761625,0.64671385,256,1361449,1361704,1361544,0
1361960,1559030811916750,75093375,0.63386269,256,1361705,1361960,1361875,0
1361976,1559030811917541,75151792,0.60426512,16,1361961,1361976,1361966,0
1361992,1559030811918375,75212541,0.52578471,16,1361977,1361992,1361989,0
1362140,1559030811925833,75830042,0.5932298,148,1361993,1362140,1362117,0
1362300,1559030812605625,75913250,0.63753856,160,1362141,1362300,1362260,0
1362556,1559030814968750,74897458,0.59024547,256,1362301,1362556,1362375,0
1362707,1559030817549333,73019875,0.63687953,151,1362557,1362707,1362655,0
1362952,1559030820940416,70824250,0.60181328,245,1362708,1362952,1362774,0
1363076,1559030822815583,69641000,0.64143286,124,1362953,1363076,1362978,0
1363299,1559030825702916,67840750,0.57706709,223,1363077,1363299,1363164,0
1363543,1559030825778000,68970750,0.61257362,244,1363300,1363543,1363429,0
1363653,1559030825783958,69478292,0.57822341,110,1363544,1363653,1363593,0
1363823,1559030825939458,70158875,0.60967855,170,1363654,1363823,1363686,0
1363972,1559030826344000,70488458,0.59341199,149,1363824,1363972,1363831,0
1364167,1559030827790208,70031250,0.64639082,195,1363973,1364167,1364021,0
1364183,1559030827791000,70111791,0.5305742,16,1364168,1364183,1364171,0
1364376,1559030828915250,69908708,0.61029215,193,1364184,1364376,1364207,0
1364513,1559030828922125,70569750,0.62883106,137,1364377,1364513,1364431,0
1364763,1559030829549333,71132250,0.56860543,250,1364514,1364763,1364630,0
1364929,1559030830659083,70855958,0.56441215,166,1364764,1364929,1364810,0
1365122,1559030830668791,71763042,0.60762078,193,1364930,1365122,1365012,0
1365295,1559030831795416,71469000,0.61130886,173,1365123,1365295,1365189,0
1365503,1559030832715541,71661459,0.5750652,208,1365296,1365503,1365347,0
1365759,1559030833474416,72105167,0.58355571,256,1365504,1365759,1365754,0
1365957,1559030834522791,72133250,0.58718128,198,1365760,1365957,1365933,0
1366213,1559030837430333,70409000,0.61997599,256,1365958,1366213,1366045,0
1366351,1559030837795541,70622000,0.59053964,138,1366214,1366351,1366343,0
1366607,1559030838153125,71405666,0.63354144,256,1366352,1366607,1366553,0
1366863,1559030839716458,70990792,0.61653147,256,1366608,1366863,1366699,0
1367105,1559030840084458,71651917,0.56357814,242,1366864,1367105,1366908,0
1367288,1559030841216250,71319458,0.59877957,183,1367106,1367288,1367263,0
1367464,1559030842256958,71087958,0.60738056,176,1367289,1367464,1367316,0
1367650,1559030843308666,70827042,0.61848223,186,1367465,1367650,1367567,0
1367906,1559030844250708,71046625,0.5728344,256,1367651,1367906,1367799,0
1368162,1559030846260666,70090917,0.61213227,256,1367907,1368162,1368026,0
1368364,1559030848118625,69173708,0.59197516,202,1368163,1368364,1368185,0
1368582,1559030848860250,69495708,0.59319544,218,1368365,1368582,1368469,0
1368684,1559030849234958,69679333,0.56035767,102,1368583,1368684,1368614,0
1368901,1559030850045333,69859208,0.59242797,217,1368685,1368901,1368764,0
1369138,1559030851196333,69771333,0.59253761,237,1368902,1369138,1369107,0
1369244,1559030852332291,69181125,0.6337925,106,1369139,1369244,1369185,0
1369500,1559030853359166,69366959,0.62627704,256,1369245,1369500,1369375,0
1369756,1559030854281375,69512958,0.57674917,256,1369501,1369756,1369699,0
1369859,1559030855157416,69095417,0.58328891,103,1369757,1369859,1369794,0
1370082,1559030856178708,69038083,0.61252297,223,1369860,1370082,1370042,0
1370338,1559030857168458,69207333,0.63678324,256,1370083,1370338,1370318,0
1370379,1559030857170625,69371708,0.54759996,41,1370339,1370379,1370361,0
1370588,1559030857892291,69565209,0.61420734,209,1370380,1370588,1370414,0
1370794,1559030858972833,69439875,0.60904724,206,1370589,1370794,1370774,0
1370954,1559030858981583,70213458,0.5744922,160,1370795,1370954,1370931,0
1371206,1559030860824791,69579209,0.60613878,252,1370955,1371206,1371059,0
1371455,1559030861484708,70139958,0.59180814,249,1371207,1371455,1371400,0
1371655,1559030862752875,69874250,0.61424834,200,1371456,1371655,1371517,0
1371818,1559030863281916,70140167,0.59625723,163,1371656,1371818,1371789,0
1371924,1559030863287625,70640250,0.58037812,106,1371819,1371924,1371915,0
1372050,1559030864508208,70017542,0.60373505,126,1371925,1372050,1372002,0
1372293,1559030865749041,69963500,0.61460563,243,1372051,1372293,1372272,0
1372316,1559030865750208,70063958,0.53343172,23,1372294,1372316,1372295,0
1372423,1559030865755583,70579167,0.63025999,107,1372317,1372423,1372376,0
1372679,1559030867561125,70058041,0.66362755,256,1372424,1372679,1372543,0
1372889,1559030868837583,70249458,0.59566289,210,1372680,1372889,1372887,0
1373145,1559030869703916,70809417,0.62217051,256,1372890,1373145,1372917,0
1373401,1559030869931416,71563834,0.64805175,256,1373146,1373401,1373382,0
1373657,1559030870353625,72283291,0.60259417,256,1373402,1373657,1373615,0
1373913,1559030871088291,72696250,0.62971467,256,1373658,1373913,1373773,0
1374122,1559030871145791,73597417,0.6198063,209,1373914,1374122,1373982,0
1374330,1559030871281208,74389042,0.58066036,208,1374123,1374330,1374261,0
1374536,1559030871554000,75106708,0.62529003,206,1374331,1374536,1374439,0
1374736,1559030872431541,75118709,0.60866964,200,1374537,1374736,1374643,0
1374766,1559030872433291,75312875,0.62864922,30,1374737,1374766,1374749,0
1374861,1559030872438833,75655083,0.58913855,95,1374767,1374861,1374808,0
1375117,1559030873442875,75810375,0.62037311,256,1374862,1375117,1375030,0
1375222,1559030873460458,76262417,0.55518353,105,1375118,1375222,1375129,0
1375364,1559030873683708,76645083,0.55209246,142,1375223,1375364,1375270,0
1375592,1559030874126833,77244958,0.63898438,228,1375365,1375592,1375524,0
1375736,1559030874138666,78103167,0.60914251,144,1375593,1375736,1375632,0
1375802,1559030874871291,77794250,0.57661624,66,1375737,1375802,1375762,0
1376008,1559030876020208,77610375,0.60579449,206,1375803,1376008,1375865,0
1376264,1559030877605791,77231375,0.59432828,256,1376009,1376264,1376156,0
1376392,1559030878329875,77104500,0.56983826,128,1376265,1376392,1376319,0
1376562,1559030880356291,75840875,0.57141594,170,1376393,1376562,1376495,0
1376818,1559030881537916,75800750,0.58731305,256,1376563,1376818,1376756,0
1377001,1559030882700916,75445792,0.59258233,183,1376819,1377001,1376966,0
1377068,1559030882704333,75741958,0.63939749,67,1377002,1377068,1377044,0
1377084,1559030882705125,75822000,0.61651825,16,1377069,1377084,1377074,0
1377100,1559030882705916,75895542,0.55318249,16,1377085,1377100,1377088,0
1377255,1559030883709083,75562375,0.58810538,155,1377101,1377255,1377125,0
1377511,1559030884587791,75814667,0.63027226,256,1377256,1377511,1377374,0
1377700,1559030884597291,76625167,0.58755874,189,1377512,1377700,1377610,0
1377956,1559030885785583,76544708,0.56916369,256,1377701,1377956,1377873,0
1378081,1559030887020916,75864459,0.62146377,125,1377957,1378081,1377982,0
1378286,1559030887131666,76956334,0.60246461,205,1378082,1378286,1378132,0
1378470,1559030887224916,77525625,0.59872554,184,1378287,1378470,1378429,0
1378695,1559030887865958,77880542,0.59822397,225,1378471,1378695,1378555,0
1378875,1559030890213166,76229625,0.59446178,180,1378696,1378875,1378809,0
1379113,1559030890631583,76791292,0.61647809,238,1378876,1379113,1379082,0
1379244,1559030891826625,76188583,0.61940373,131,1379114,1379244,1379121,0
1379446,1559030892521958,76402083,0.61862896,202,1379245,1379446,1379321,0
1379642,1559030893612250,76178541,0.64121584,196,1379447,1379642,1379528,0
1379740,1559030894776541,75447167,0.58915033,98,1379643,1379740,1379691,0
1379910,1559030896115625,74878916,0.60850876,170,1379741,1379910,1379793,0
1380166,1559030896886666,75358459,0.59243858,256,1379911,1380166,1380049,0
1380422,1559030897838125,75663833,0.63755647,256,1380167,1380422,1380220,0
1380590,1559030897942125,76259125,0.60332944,168,1380423,1380590,1380530,0
1380753,1559030898857875,76120791,0.55736775,163,1380591,1380753,1380625,0
1380938,1559030899602541,76171667,0.6298314,185,1380754,1380938,1380816,0
1381097,1559030899611125,76816541,0.5681895,159,1380939,1381097,1381068,0
1381310,1559030903341208,74063542,0.58800449,213,1381098,1381310,1381254,0
1381551,1559030904420958,74100208,0.5797155,241,1381311,1381551,1381501,0
1381721,1559030905571041,73748542,0.58821582,170,1381552,1381721,1381558,0
1381977,1559030907124500,73421541,0.61040398,256,1381722,1381977,1381805,0
1382224,1559030908453333,73252833,0.6066355,247,1381978,1382224,1382016,0
1382464,1559030909605583,73266917,0.57977163,240,1382225,1382464,1382353,0
1382504,1559030909607583,73415333,0.54903925,40,1382465,1382504,1382502,0
1382757,1559030910731583,73507083,0.65932005,253,1382505,1382757,1382599,0
1383013,1559030912556500,72913708,0.59602317,256,1382758,1383013,1382964,0
1383181,1559030912564958,73758208,0.60274246,168,1383014,1383181,1383133,0
1383384,1559030914197666,73109375,0.59988771,203,1383182,1383384,1383364,0
1383550,1559030915238750,72995916,0.59365443,166,1383385,1383550,1383546,0
1383629,1559030915242750,73512750,0.61212021,79,1383551,1383629,1383568,0
1383825,1559030916388416,73344667,0.6686183,196,1383630,1383825,1383692,0
1384018,1559030918398708,72156125,0.56468519,193,1383826,1384018,1383867,0
1384274,1559030918957833,72794083,0.61662286,256,1384019,1384274,1384199,0
1384413,1559030918965958,73438833,0.64193169,139,1384275,1384413,1384347,0
1384578,1559030919965500,73189500,0.56950513,165,1384414,1384578,1384506,0
1384678,1559030919970583,73622125,0.58499298,100,1384579,1384678,1384588,0
1384865,1559030922401083,72056583,0.58175114,187,1384679,1384865,1384783,0
1385072,1559030923022708,72329958,0.6016676,207,1384866,1385072,1385064,0
1385233,1559030924107500,71969208,0.592464,161,1385073,1385233,1385123,0
1385484,1559030924400625,72884708,0.61858467,251,1385234,1385484,1385336,0
1385634,1559030924409375,73546458,0.58407239,150,1385485,1385634,1385503,0
1385731,1559030925221708,73229708,0.59487259,97,1385635,1385731,1385695,0
1385933,1559030926526708,72824958,0.57453155,202,1385732,1385933,1385774,0
1386189,1559030926655250,73917583,0.58325845,256,1385934,1386189,1386087,0
1386391,1559030927494041,73933750,0.57110776,202,1386190,1386391,1386261,0
1386626,1559030929205791,73268375,0.62981849,235,1386392,1386626,1386568,0
1386751,1559030929212583,73819208,0.57381751,125,1386627,1386751,1386640,0
1386987,1559030930404000,73678875,0.61250639,236,1386752,1386987,1386967,0
1387243,1559030931825416,73796667,0.65859587,256,1386988,1387243,1387048,0
1387445,1559030932678083,73884542,0.60433851,202,1387244,1387445,1387327,0
1387682,1559030933958916,73912917,0.60328128,237,1387446,1387682,1387525,0
1387829,1559030934524791,74016042,0.58603592,147,1387683,1387829,1387736,0
1388067,1559030935789333,73818708,0.58117719,238,1387830,1388067,1388034,0
1388263,1559030935854250,74659083,0.6051523,196,1388068,1388263,1388138,0
1388319,1559030935857333,74867917,0.5701834,56,1388264,1388319,1388306,0
1388370,1559030935860083,75115375,0.60298794,51,1388320,1388370,1388341,0
1388446,1559030936387666,74935084,0.60204624,76,1388371,1388446,1388401,0
1388563,1559030937696375,74143000,0.56066409,117,1388447,1388563,1388554,0
1388819,1559030941313750,71673541,0.59933504,256,1388564,1388819,1388796,0
1388989,1559030941742833,72060625,0.61451882,170,1388820,1388989,1388947,0
1389245,1559030942678750,72341500,0.64303692,256,1388990,1389245,1389078,0
1389407,1559030943911166,71877209,0.57807864,162,1389246,1389407,1389335,0
1389661,1559030944803458,72365542,0.61402743,254,1389408,1389661,1389611,0
1389880,1559030946644666,71632584,0.59535371,219,1389662,1389880,1389827,0
1389939,1559030946647625,71902625,0.57895925,59,1389881,1389939,1389927,0
1390161,1559030947560625,72105625,0.61915101,222,1389940,1390161,1389963,0
1390244,1559030947564791,72510500,0.57221192,83,1390162,1390244,1390226,0
1390425,1559030947690916,73327375,0.61467062,181,1390245,1390425,1390317,0
1390595,1559030948113583,73717417,0.59832341,170,1390426,1390595,1390499,0
1390716,1559030948119666,74444375,0.57762067,121,1390596,1390716,1390641,0
1390875,1559030949721375,73555750,0.5910827,159,1390717,1390875,1390815,0
1390981,1559030949726708,74194958,0.60441898,106,1390876,1390981,1390906,0
1391141,1559030950342083,74349833,0.60027493,160,1390982,1391141,1391111,0
1391331,1559030950351625,75234083,0.61028263,190,1391142,1391331,1391281,0
1391515,1559030951450791,75043042,0.66421782,184,1391332,1391515,1391410,0
1391653,1559030952284583,74816208,0.61290356,138,1391516,1391653,1391574,0
1391755,1559030952289708,75278875,0.60278975,102,1391654,1391755,1391713,0
1391969,1559030953775375,74727166,0.64918656,214,1391756,1391969,1391800,0
1392191,1559030954824166,74654167,0.59092323,222,1391970,1392191,1392037,0
1392323,1559030954839416,75240292,0.59030164,132,1392192,1392323,1392263,0
1392579,1559030958265333,72979833,0.65669599,256,1392324,1392579,1392546,0
1392595,1559030958266166,73085125,0.63011053,16,1392580,1392595,1392582,0
1392611,1559030958266958,73143417,0.60953219,16,1392596,1392611,1392608,0
1392627,1559030958267791,73224834,0.56683029,16,1392612,1392627,1392617,0
1392703,1559030958518291,73347625,0.63442299,76,1392628,1392703,1392633,0
1392761,1559030958521208,73615458,0.54975996,58,1392704,1392761,1392734,0
1392968,1559030958584416,74489167,0.59736265,207,1392762,1392968,1392835,0
1393224,1559030958652666,75571542,0.62120374,256,1392969,1393224,1393029,0
1393480,1559030959327833,76147875,0.60772612,256,1393225,1393480,1393425,0
1393522,1559030960439708,75120000,0.60193256,42,1393481,1393522,1393481,0
1393651,1559030960446208,75706625,0.57006598,129,1393523,1393651,1393623,0
1393723,1559030960449875,76051791,0.57819875,72,1393652,1393723,1393714,0
1393827,1559030961264833,75678708,0.55917741,104,1393724,1393827,1393756,0
1394044,1559030962917083,74985000,0.62012724,217,1393828,1394044,1393966,0
1394300,1559030963912166,75266834,0.62712254,256,1394045,1394300,1394281,0
1394521,1559030964702750,75414916,0.60192367,221,1394301,1394521,1394373,0
1394777,1559030966486916,74772750,0.59939127,256,1394522,1394777,1394578,0
1395018,1559030968033541,74355167,0.62206653,241,1394778,1395018,1394923,0
1395226,1559030968953500,74426416,0.62019624,208,1395019,1395226,1395197,0
1395400,1559030969868541,74310917,0.62414991,174,1395227,1395400,1395367,0
1395601,1559030970261541,74887209,0.62464416,201,1395401,1395601,1395509,0
1395635,1559030971066833,74194750,0.5783423,34,1395602,1395635,1395602,0
1395871,1559030973494541,72825334,0.57558784,236,1395636,1395871,1395683,0
1395922,1559030973497125,73038791,0.53749776,51,1395872,1395922,1395915,0
1396122,1559030974263291,73181000,0.63017868,200,1395923,1396122,1396085,0
1396340,1559030975044625,73375541,0.57751257,218,1396123,1396340,1396337,0
1396524,1559030975822208,73423292,0.61242889,184,1396341,1396524,1396400,0
1396780,1559030979391250,70996208,0.59227937,256,1396525,1396780,1396660,0
1397036,1559030981844458,69789083,0.59442219,256,1396781,1397036,1396912,0
1397205,1559030982862916,69549875,0.63125636,169,1397037,1397205,1397204,0
1397221,1559030982863833,69656792,0.5611185,16,1397206,1397221,1397206,0
1397303,1559030982868625,70277208,0.63925784,82,1397222,1397303,1397231,0
1397454,1559030983110708,70921417,0.61598194,151,1397304,1397454,1397317,0
1397658,1559030985541083,69746167,0.58870569,204,1397455,1397658,1397567,0
1397867,1559030987354625,68869916,0.61103145,209,1397659,1397867,1397792,0
1398112,1559030988663625,68770708,0.61090879,245,1397868,1398112,1398079,0
1398220,1559030988909041,69033542,0.59589135,108,1398113,1398220,1398153,0
1398466,1559030989814375,69371583,0.61692627,246,1398221,1398466,1398449,0
1398570,1559030989836166,69906167,0.59304753,104,1398467,1398570,1398479,0
1398775,1559030990758125,69957583,0.59929395,205,1398571,1398775,1398638,0
1398845,1559030990762166,70281167,0.57751384,70,1398776,1398845,1398785,0
1399049,1559030991884916,70162875,0.64087453,204,1398846,1399049,1398872,0
1399076,1559030991886250,70305916,0.4995355,27,1399050,1399076,1399068,0
1399318,1559030992474708,70852458,0.6315689,242,1399077,1399318,1399100,0
1399574,1559030993635833,70860292,0.61522731,256,1399319,1399574,1399562,0
1399619,1559030993638083,71084500,0.63829549,45,1399575,1399619,1399582,0
1399635,1559030993638916,71158500,0.51897098,16,1399620,1399635,1399625,0
1399825,1559030995373583,70317917,0.62853484,190,1399636,1399825,1399785,0
1399982,1559030996142291,70261584,0.5970506,157,1399826,1399982,1399975,0
1400040,1559030997311250,69371166,0.60755528,58,1399983,1400040,1399992,0
1400118,1559030997315166,69738917,0.59831643,78,1400041,1400118,1400071,0
1400223,1559030998016875,69545416,0.60530327,105,1400119,1400223,1400165,0
1400470,1559030998502250,70587666,0.60754791,247,1400224,1400470,1400431,0
1400697,1559030999393041,70759125,0.62263458,227,1400471,1400697,1400529,0
1400915,1559031000679958,70473833,0.60779822,218,1400698,1400915,1400800,0
1401171,1559031001515833,70873958,0.60230919,256,1400916,1401171,1400956,0
1401391,1559031003045666,70479250,0.63330478,220,1401172,1401391,1401378,0
1401536,1559031004182125,70000666,0.62107006,145,1401392,1401536,1401418,0
1401792,1559031006519208,68845500,0.64410942,256,1401537,1401792,1401775,0
1401870,1559031006523166,69225625,0.56726176,78,1401793,1401870,1401858,0
1401990,1559031007975208,68286167,0.59444516,120,1401871,1401990,1401939,0
1402225,1559031008623625,68693166,0.6023155,235,1401991,1402225,1402198,0
1402442,1559031009664833,68659333,0.59392582,217,1402226,1402442,1402393,0
1402678,1559031010742833,68693083,0.6397648,236,1402443,1402678,1402632,0
1402911,1559031011015791,69469959,0.63364895,233,1402679,1402911,1402719,0
1403163,1559031011855750,69793416,0.60877202,252,1402912,1403163,1402968,0
1403339,1559031013060833,69356958,0.61318985,176,1403164,1403339,1403213,0
1403404,1559031013064333,69659458,0.62750057,65,1403340,1403404,1403340,0
1403631,1559031013855291,70605542,0.63772835,227,1403405,1403631,1403564,0
1403764,1559031017225541,67414292,0.61225154,133,1403632,1403764,1403693,0
1403908,1559031017233333,67880292,0.60141272,144,1403765,1403908,1403780,0
1404131,1559031018647833,67500333,0.64164905,223,1403909,1404131,1403983,0
1404361,1559031021023208,66230125,0.64319282,230,1404132,1404361,1404236,0
1404557,1559031021033833,67397833,0.60900428,196,1404362,1404557,1404495,0
1404813,1559031022929875,66838125,0.63325526,256,1404558,1404813,1404770,0
1405009,1559031022940500,67779583,0.63732299,196,1404814,1405009,1404909,0
1405206,1559031023382791,68339625,0.574203,197,1405010,1405206,1405132,0
1405319,1559031023930000,68378416,0.59443301,113,1405207,1405319,1405257,0
1405447,1559031023936958,69038208,0.64122953,128,1405320,1405447,1405392,0
1405637,1559031025600000,68306916,0.62660174,190,1405448,1405637,1405570,0
1405798,1559031025610500,69192875,0.64987984,161,1405638,1405798,1405685,0
1406054,1559031027249791,68896250,0.60605493,256,1405799,1406054,1405837,0
1406310,1559031027656500,69790916,0.65296432,256,1406055,1406310,1406301,0
1406332,1559031028562000,69008958,0.63426197,22,1406311,1406332,1406311,0
1406348,1559031028562791,69098709,0.62393145,16,1406333,1406348,1406345,0
1406470,1559031028569041,69692000,0.57621968,122,1406349,1406470,1406453,0
1406701,1559031029714125,69686083,0.61340293,231,1406471,1406701,1406526,0
1406774,1559031029717791,70052750,0.64018076,73,1406702,1406774,1406720,0
1407005,1559031030195958,70724792,0.62623433,231,1406775,1407005,1406952,0
1407139,1559031031285625,70283083,0.63829761,134,1407006,1407139,1407086,0
1407395,1559031031340250,71373250,0.59043634,256,1407140,1407395,1407340,0
1407650,1559031031544250,72370625,0.61976185,255,1407396,1407650,1407469,0
1407757,1559031031931875,72495750,0.58665878,107,1407651,1407757,1407746,0
1407934,1559031032167416,73313000,0.64076093,177,1407758,1407934,1407886,0
1408190,1559031033051041,73614709,0.60188761,256,1407935,1408190,1408135,0
1408446,1559031034212583,73671250,0.64467236,256,1408191,1408446,1408411,0
1408570,1559031035422541,73044959,0.61130411,124,1408447,1408570,1408568,0
1408586,1559031035423458,73129542,0.59548323,16,1408571,1408586,1408576,0
1408612,1559031035425125,73259375,0.57333524,26,1408587,1408612,1408600,0
1408868,1559031035623708,74315667,0.62364927,256,1408613,1408868,1408705,0
1409124,1559031036490458,74695083,0.67610459,256,1408869,1409124,1409061,0
1409144,1559031036491458,74817208,0.60968774,20,1409125,1409144,1409125,0
1409311,1559031037001291,75132417,0.61145127,167,1409145,1409311,1409239,0
1409533,1559031037987375,75180541,0.64185669,222,1409312,1409533,1409531,0
1409549,1559031039175708,74077625,0.61218954,16,1409534,1409549,1409547,0
1409565,1559031039176500,74157291,0.63188469,16,1409550,1409565,1409553,0
1409581,1559031039177291,74227584,0.53284677,16,1409566,1409581,1409573,0
1409783,1559031040129875,74197041,0.59322286,202,1409582,1409783,1409671,0
1410016,1559031041297833,74126500,0.60819544,233,1409784,1410016,1409835,0
1410159,1559031042427416,73663542,0.58116441,143,1410017,1410159,1410078,0
1410356,1559031042439375,74597916,0.60853292,197,1410160,1410356,1410172,0
1410514,1559031045140041,72680000,0.62492758,158,1410357,1410514,1410455,0
1410643,1559031045352333,73104458,0.65325771,129,1410515,1410643,1410628,0
1410659,1559031045354333,73149875,0.54957731,16,1410644,1410659,1410652,0
1410675,1559031045355166,73305334,0.67894507,16,1410660,1410675,1410670,0
1410787,1559031045360791,73763875,0.59033335,112,1410676,1410787,1410778,0
1410933,1559031046555541,73414125,0.60293968,146,1410788,1410933,1410874,0
1411131,1559031047529500,73391125,0.62888831,198,1410934,1411131,1411130,0
1411147,1559031047530291,73464084,0.64961557,16,1411132,1411147,1411141,0
1411163,1559031047531083,73574292,0.60670492,16,1411148,1411163,1411152,0
1411293,1559031048420333,73279875,0.61990471,130,1411164,1411293,1411164,0
1411549,1559031049273666,73815084,0.65605684,256,1411294,1411549,1411445,0
1411805,1559031050432958,73834583,0.63862436,256,1411550,1411805,1411769,0
1411984,1559031051621208,73492250,0.61520012,179,1411806,1411984,1411924,0
1412240,1559031052526375,73992583,0.64809905,256,1411985,1412240,1412177,0
1412258,1559031052527416,74085500,0.60487272,18,1412241,1412258,1412258,0
1412280,1559031052528666,74208125,0.59843965,22,1412259,1412280,1412269,0
1412324,1559031052835125,74126333,0.61243982,44,1412281,1412324,1412291,0
1412378,1559031052838041,74408375,0.60094351,54,1412325,1412378,1412345,0
1412634,1559031053167500,75432833,0.61548058,256,1412379,1412634,1412614,0
1412837,1559031056520791,73146625,0.59944774,203,1412635,1412837,1412746,0
1413093,1559031057478666,73476292,0.64472019,256,1412838,1413093,1413083,0
1413294,1559031059233958,72772208,0.6103563,201,1413094,1413294,1413170,0
1413537,1559031059808625,73465083,0.60813703,243,1413295,1413537,1413493,0
1413605,1559031059815916,74059875,0.6762325,68,1413538,1413605,1413542,0
1413655,1559031061104583,72918750,0.62823744,50,1413606,1413655,1413626,0
1413671,1559031062165375,72014375,0.5566697,16,1413656,1413671,1413661,0
1413827,1559031062235125,72928333,0.59521602,156,1413672,1413827,1413768,0
1414063,1559031063381958,73263250,0.63039284,236,1413828,1414063,1413973,0
1414299,1559031064769166,73089459,0.65093792,236,1414064,1414299,1414183,0
1414534,1559031064849416,74526084,0.61951663,235,1414300,1414534,1414506,0
1414669,1559031065680208,74416250,0.57141395,135,1414535,1414669,1414569,0
1414900,1559031067720333,73453792,0.60176922,231,1414670,1414900,1414706,0
1415108,1559031069129416,72985792,0.62239543,208,1414901,1415108,1415087,0
1415238,1559031070254125,72491291,0.62346011,130,1415109,1415238,1415153,0
1415394,1559031073734583,69754125,0.62318861,156,1415239,1415394,1415354,0
1415595,1559031073744708,70782167,0.60631253,201,1415395,1415595,1415412,0
1415709,1559031074235750,70940125,0.5983163,114,1415596,1415709,1415687,0
1415862,1559031074248041,71608250,0.60674639,153,1415710,1415862,1415743,0
1416118,1559031075778583,71256292,0.59356166,256,1415863,1416118,1416042,0
1416374,1559031077376166,70876750,0.62176583,256,1416119,1416374,1416319,0
1416621,1559031080569416,68866250,0.67761214,247,1416375,1416621,1416606,0
1416637,1559031080570250,68957083,0.61553055,16,1416622,1416637,1416632,0
1416653,1559031080571041,69035875,0.59797442,16,1416638,1416653,1416650,0
1416836,1559031081655250,68770291,0.582646,183,1416654,1416836,1416675,0
1417052,1559031082515041,68888667,0.63351258,216,1416837,1417052,1416970,0
1417143,1559031082519708,69308958,0.59799253,91,1417053,1417143,1417104,0
1417374,1559031082818791,70137625,0.6318691,231,1417144,1417374,1417349,0
1417491,1559031083926416,69557709,0.61632936,117,1417375,1417491,1417400,0
1417743,1559031085160708,69494208,0.60372303,252,1417492,1417743,1417572,0
1417813,1559031087570083,67816583,0.5882785,70,1417744,1417813,1417751,0
1418012,1559031088630166,67494750,0.58486997,199,1417814,1418012,1417928,0
1418150,1559031088638166,68103875,0.59024759,138,1418013,1418150,1418099,0
1418393,1559031089798125,68070833,0.59034687,243,1418151,1418393,1418390,0
1418409,1559031090776875,67169250,0.55699863,16,1418394,1418409,1418403,0
1418567,1559031090785416,67943625,0.62271564,158,1418410,1418567,1418538,0
1418823,1559031092331666,67564459,0.68728591,256,1418568,1418823,1418577,0
1419036,1559031093004416,67912459,0.61264445,213,1418824,1419036,1418860,0
1419205,1559031093994000,67762625,0.60049282,169,1419037,1419205,1419088,0
1419431,1559031094872916,67912042,0.61710258,226,1419206,1419431,1419209,0
1419687,1559031096334416,67661959,0.6286582,256,1419432,1419687,1419592,0
1419925,1559031097599833,67530167,0.6453923,238,1419688,1419925,1419761,0
1419957,1559031097603083,67707125,0.63490297,32,1419926,1419957,1419931,0
1420115,1559031097736625,68323458,0.58354475,158,1419958,1420115,1420090,0
1420238,1559031098301291,68359959,0.598356,123,1420116,1420238,1420229,0
1420254,1559031098302166,68444125,0.61071043,16,1420239,1420254,1420244,0
1420335,1559031098306583,68838750,0.6416423,81,1420255,1420335,1420262,0
1420543,1559031099445958,68652458,0.60697028,208,1420336,1420543,1420435,0
1420689,1559031099456333,69442958,0.62430912,146,1420544,1420689,1420661,0
1420775,1559031101539041,67783750,0.63129476,86,1420690,1420775,1420723,0
1420964,1559031102735750,67457500,0.62201745,189,1420776,1420964,1420885,0
1421153,1559031103977125,67106250,0.64913662,189,1420965,1421153,1421021,0
1421382,1559031104428625,68089833,0.64973736,229,1421154,1421382,1421379,0
1421398,1559031104429416,68138542,0.63136751,16,1421383,1421398,1421383,0
1421414,1559031104430208,68138833,0.61705484,16,1421399,1421414,1421404,0
1421469,1559031104432958,68340458,0.55190295,55,1421415,1421469,1421417,0
1421725,1559031106831333,67143917,0.58835701,256,1421470,1421725,1421724,0
1421901,1559031107917958,66833458,0.61284035,176,1421726,1421901,1421740,0
1422157,1559031108600375,67384500,0.64470687,256,1421902,1422157,1422057,0
1422405,1559031108714750,68515791,0.59847605,248,1422158,1422405,1422228,0
1422519,1559031111213791,66612750,0.63934525,114,1422406,1422519,1422519,0
1422775,1559031111326625,67829541,0.68487594,256,1422520,1422775,1422573,0
1423031,1559031112203333,68267458,0.60635518,256,1422776,1423031,1422827,0
1423237,1559031113324416,68159542,0.63492915,206,1423032,1423237,1423095,0
1423493,1559031113483541,69303209,0.64038003,256,1423238,1423493,1423424,0
1423694,1559031113498416,70286167,0.60458498,201,1423494,1423694,1423626,0
1423903,1559031113720208,71031583,0.59896902,209,1423695,1423903,1423733,0
1424115,1559031115458791,70311625,0.61138184,212,1423904,1424115,1423938,0
1424326,1559031116189750,70641625,0.57218914,211,1424116,1424326,1424261,0
1424476,1559031118464791,69136542,0.62098797,150,1424327,1424476,1424466,0
1424548,1559031118468416,69470542,0.59808108,72,1424477,1424548,1424491,0
1424776,1559031118558375,70641541,0.62856775,228,1424549,1424776,1424618,0
1424888,1559031119184916,70396959,0.59053032,112,1424777,1424888,1424870,0
1425022,1559031119194291,71011667,0.59013306,134,1424889,1425022,1424920,0
1425278,1559031120929458,70521875,0.64044553,256,1425023,1425278,1425223,0
1425421,1559031120936708,71179417,0.59338657,143,1425279,1425421,1425400,0
1425677,1559031123053375,70299166,0.62097953,256,1425422,1425677,1425488,0
1425846,1559031124384125,69793791,0.59937517,169,1425678,1425846,1425735,0
1426000,1559031125187875,69744750,0.60027526,154,1425847,1426000,1425892,0
1426016,1559031125188750,69819083,0.60962017,16,1426001,1426016,1426008,0
1426044,1559031125190250,69918833,0.56337285,28,1426017,1426044,1426017,0
1426283,1559031126631000,69643583,0.60111605,239,1426045,1426283,1426149,0
1426451,1559031126643333,70477667,0.61720247,168,1426284,1426451,1426347,0
1426707,1559031126851291,71621000,0.64102501,256,1426452,1426707,1426538,0
1426963,1559031127026541,72644375,0.58298577,256,1426708,1426963,1426939,0
1427219,1559031127292750,73589541,0.59691529,256,1426964,1427219,1427134,0
1427475,1559031128673625,73361750,0.6443855,256,1427220,1427475,1427259,0
1427660,1559031129753916,73178834,0.65614144,185,1427476,1427660,1427559,0
1427801,1559031131151750,72424416,0.57842803,141,1427661,1427801,1427773,0
1428057,1559031132071291,73191667,0.61891241,256,1427802,1428057,1428054,0
1428191,1559031132079000,73702666,0.6332931,134,1428058,1428191,1428081,0
1428362,1559031133276666,73067042,0.58710934,171,1428192,1428362,1428196,0
1428492,1559031133758666,73183417,0.58076314,130,1428363,1428492,1428452,0
1428587,1559031134078000,73278791,0.60331849,95,1428493,1428587,1428493,0
1428821,1559031134272000,74221166,0.61998326,234,1428588,1428821,1428701,0
1429059,1559031136691458,72946542,0.65400459,238,1428822,1429059,1429035,0
1429315,1559031137895333,72909167,0.6237523,256,1429060,1429315,1429134,0
1429491,1559031139331833,72259708,0.57439143,176,1429316,1429491,1429387,0
1429642,1559031140388208,71918000,0.6458288,151,1429492,1429642,1429599,0
1429803,1559031141207416,71877875,0.59749237,161,1429643,1429803,1429752,0
1429987,1559031142147041,71845417,0.57496355,184,1429804,1429987,1429961,0
1430118,1559031143553125,71146750,0.597402,131,1429988,1430118,1430061,0
1430374,1559031144582708,71324292,0.61188899,256,1430119,1430374,1430235,0
1430630,1559031145905416,71322542,0.66563199,256,1430375,1430630,1430416,0
1430886,1559031147126500,71257416,0.61303204,256,1430631,1430886,1430869,0
1431093,1559031148316541,71045750,0.59416986,207,1430887,1431093,1431039,0
1431188,1559031148321375,71503208,0.60281846,95,1431094,1431188,1431136,0
1431421,1559031149492291,71488209,0.59442221,233,1431189,1431421,1431299,0
1431592,1559031149652833,72207708,0.57155643,171,1431422,1431592,1431591,0
1431809,1559031149779375,73143541,0.59648675,217,1431593,1431809,1431707,0
1431981,1559031150499916,73199584,0.59384777,172,1431810,1431981,1431879,0
1432173,1559031151441208,73298042,0.65585927,192,1431982,1432173,1432050,0
1432429,1559031151907541,73993209,0.63750405,256,1432174,1432429,1432395,0
1432609,1559031153523625,73146375,0.54946415,180,1432430,1432609,1432482,0
1432865,1559031154728083,73119875,0.65071636,256,1432610,1432865,1432698,0
1433117,1559031155827250,73129333,0.59603534,252,1432866,1433117,1432882,0
1433373,1559031156179416,73942292,0.62639294,256,1433118,1433373,1433314,0
1433622,1559031157933791,73394084,0.59937858,249,1433374,1433622,1433439,0
1433777,1559031158005541,73948250,0.61854913,155,1433623,1433777,1433631,0
1433936,1559031158762708,73923875,0.59637254,159,1433778,1433936,1433899,0
1434192,1559031159977916,73839917,0.6080745,256,1433937,1434192,1433995,0
1434403,1559031160939750,73831583,0.63534921,211,1434193,1434403,1434202,0
1434635,1559031161778791,74083875,0.59496119,232,1434404,1434635,1434459,0
1434687,1559031161781416,74259292,0.59199943,52,1434636,1434687,1434650,0
1434857,1559031162844625,73925916,0.58953778,170,1434688,1434857,1434711,0
1435113,1559031164107125,73842250,0.62598071,256,1434858,1435113,1434911,0
1435369,1559031165489666,73675084,0.62042115,256,1435114,1435369,1435310,0
1435606,1559031166132375,74088250,0.6007891,237,1435370,1435606,1435384,0
1435778,1559031166704916,74288000,0.60044824,172,1435607,1435778,1435687,0
1435951,1559031166827875,74957666,0.60120333,173,1435779,1435951,1435916,0
1436156,1559031167200625,75561208,0.62258164,205,1435952,1436156,1436031,0
1436263,1559031167206000,76075708,0.61672773,107,1436157,1436263,1436177,0
1436326,1559031168237083,75327208,0.58956175,63,1436264,1436326,1436271,0
1436495,1559031168245541,76094459,0.63793373,169,1436327,1436495,1436484,0
1436581,1559031168931250,75795000,0.56634498,86,1436496,1436581,1436552,0
1436819,1559031169418375,76449208,0.65676825,238,1436582,1436819,1436807,0
1436978,1559031170228958,76375542,0.58900255,159,1436820,1436978,1436941,0
1437163,1559031170238291,77236500,0.65068601,185,1436979,1437163,1437136,0
1437285,1559031171159208,76919458,0.61783429,122,1437164,1437285,1437251,0
1437463,1559031171168125,77818708,0.65469798,178,1437286,1437463,1437363,0
1437588,1559031172696708,76852250,0.63176897,125,1437464,1437588,1437523,0
1437700,1559031172703333,77337333,0.55779443,112,1437589,1437700,1437636,0
1437875,1559031172713541,78081709,0.61766377,175,1437701,1437875,1437852,0
1437938,1559031172717208,78364833,0.59563738,63,1437876,1437938,1437928,0
1438092,1559031172844291,78977417,0.58513977,154,1437939,1438092,1437967,0
1438278,1559031172870250,79751291,0.59642016,186,1438093,1438278,1438174,0
1438446,1559031173996083,79367333,0.59249444,168,1438279,1438446,1438446,0
1438501,1559031174807125,78810333,0.58492042,55,1438447,1438501,1438495,0
1438533,1559031174808708,78973500,0.58815758,32,1438502,1438533,1438530,0
1438619,1559031174814375,79362541,0.66309834,86,1438534,1438619,1438535,0
1438875,1559031177309000,78072125,0.61057383,256,1438620,1438875,1438830,0
1439131,1559031177886125,78692583,0.59880173,256,1438876,1439131,1438927,0
1439387,1559031179235041,78407875,0.60759245,256,1439132,1439387,1439191,0
1439643,1559031180539125,78286166,0.65781552,256,1439388,1439643,1439424,0
1439824,1559031181609750,78004041,0.63380544,181,1439644,1439824,1439704,0
1439994,1559031182805958,77576042,0.59752637,170,1439825,1439994,1439856,0
1440199,1559031183820625,77501750,0.60113956,205,1439995,1440199,1440093,0
1440444,1559031186837791,75679584,0.62129579,245,1440200,1440444,1440357,0
1440546,1559031186843333,76188083,0.57520302,102,1440445,1440546,1440514,0
1440693,1559031187994250,75787375,0.62064396,147,1440547,1440693,1440657,0
1440810,1559031188019125,76324250,0.59170674,117,1440694,1440810,1440727,0
1441066,1559031189190833,76427417,0.60302827,256,1440811,1441066,1440880,0
1441288,1559031190234375,76558875,0.60785975,222,1441067,1441288,1441179,0
1441544,1559031191572541,76450334,0.61596974,256,1441289,1441544,1441397,0
1441605,1559031192241625,76055541,0.55640944,61,1441545,1441605,1441553,0
1441861,1559031194201875,75330041,0.56519687,256,1441606,1441861,1441775,0
1442047,1559031195031250,75432000,0.62374666,186,1441862,1442047,1441951,0
1442269,1559031195200583,76421625,0.6010083,222,1442048,1442269,1442117,0
1442525,1559031196276125,76530416,0.58368317,256,1442270,1442525,1442310,0
1442707,1559031200810416,72831084,0.58232311,182,1442526,1442707,1442585,0
1442843,1559031200872500,73436750,0.6099363,136,1442708,1442843,1442804,0
1442937,1559031200878166,73849250,0.57872117,94,1442844,1442937,1442873,0
1443073,1559031202069416,73249417,0.60861314,136,1442938,1443073,1442938,0
1443273,1559031202966916,73272459,0.60607571,200,1443074,1443273,1443247,0
1443315,1559031202969458,73480042,0.61528807,42,1443274,1443315,1443281,0
1443368,1559031202972583,73707292,0.58069453,53,1443316,1443368,1443339,0
1443624,1559031203625958,74217500,0.60228561,256,1443369,1443624,1443523,0
1443880,1559031205526125,73449500,0.65134198,256,1443625,1443880,1443862,0
1444059,1559031205873250,73849875,0.54998836,179,1443881,1444059,1443974,0
1444265,1559031206412083,74231208,0.62799196,206,1444060,1444265,1444136,0
1444521,1559031207043583,74793458,0.64382915,256,1444266,1444521,1444454,0
1444777,1559031208545041,74425042,0.61922696,256,1444522,1444777,1444668,0
1444956,1559031210848291,72987042,0.60329803,179,1444778,1444956,1444799,0
1445212,1559031211658041,73299167,0.62816033,256,1444957,1445212,1445159,0
1445468,1559031212361541,73721125,0.57488227,256,1445213,1445468,1445390,0
1445692,1559031213155041,73938917,0.64913908,224,1445469,1445692,1445529,0
1445859,1559031214128125,73720291,0.59932455,167,1445693,1445859,1445820,0
1446061,1559031214720000,74420958,0.58963899,202,1445860,1446061,1445982,0
1446077,1559031214720875,74513333,0.53059912,16,1446062,1446077,1446069,0
1446243,1559031216025666,74188334,0.61677297,166,1446078,1446243,1446227,0
1446347,1559031216033291,74703750,0.65642894,104,1446244,1446347,1446328,0
1446487,1559031217188833,74157000,0.59803943,140,1446348,1446487,1446352,0
1446652,1559031218432750,73686333,0.61479246,165,1446488,1446652,1446554,0
1446765,1559031218440500,74158291,0.58687898,113,1446653,1446765,1446724,0
1446924,1559031219419208,73888542,0.55178688,159,1446766,1446924,1446795,0
1447142,1559031220999416,73287375,0.59135754,218,1446925,1447142,1447140,0
1447273,1559031222361250,72524541,0.60889053,131,1447143,1447273,1447192,0
1447529,1559031224780416,71267042,0.63722307,256,1447274,1447529,1447528,0
1447785,1559031226317041,70901250,0.6789547,256,1447530,1447785,1447564,0
1447945,1559031226326291,71597209,0.574897,160,1447786,1447945,1447829,0
1448201,1559031227878583,71316958,0.62730144,256,1447946,1448201,1447963,0
1448316,1559031227884416,71837209,0.57473111,115,1448202,1448316,1448260,0
1448571,1559031229013875,71828000,0.64256733,255,1448317,1448571,1448558,0
1448827,1559031230227916,71937917,0.62837244,256,1448572,1448827,1448738,0
1448843,1559031230228833,71995208,0.61037447,16,1448828,1448843,1448830,0
1448859,1559031230229833,72081708,0.58086085,16,1448844,1448859,1448848,0
1448945,1559031231294041,71435750,0.5982365,86,1448860,1448945,1448934,0
1449090,1559031232051125,71412000,0.59210864,145,1448946,1449090,1449019,0
1449243,1559031232058875,72156125,0.60359799,153,1449091,1449243,1449210,0
1449499,1559031232750875,72712708,0.58793211,256,1449244,1449499,1449267,0
1449642,1559031233952208,72358500,0.56453933,143,1449500,1449642,1449549,0
1449898,1559031234823083,72710417,0.59659302,256,1449643,1449898,1449648,0
1450154,1559031235843000,72957375,0.61424866,256,1449899,1450154,1450051,0
1450357,1559031238045125,71749583,0.62930165,203,1450155,1450357,1450343,0
1450507,1559031239660291,70890667,0.56470256,150,1450358,1450507,1450367,0
1450735,1559031240261416,71400292,0.58270619,228,1450508,1450735,1450654,0
1450945,1559031241925375,70659333,0.58112582,210,1450736,1450945,1450827,0
1451197,1559031242802125,70949541,0.62488011,252,1450946,1451197,1450957,0
1451321,1559031243339500,70970541,0.57593519,124,1451198,1451321,1451231,0
1451403,1559031243650791,71047917,0.58236464,82,1451322,1451403,1451396,0
1451461,1559031243654208,71316542,0.57055229,58,1451404,1451461,1451419,0
1451615,1559031243663208,72028208,0.62010245,154,1451462,1451615,1451578,0
1451794,1559031244459666,72032750,0.61426755,179,1451616,1451794,1451636,0
1451887,1559031244760416,72140917,0.61091659,93,1451795,1451887,1451830,0
1452143,1559031245878416,72149875,0.59584126,256,1451888,1452143,1452094,0
1452399,1559031246692583,72471000,0.60658991,256,1452144,1452399,1452213,0
1452620,1559031247575416,72545834,0.61519844,221,1452400,1452620,1452489,0
1452831,1559031248109750,72920208,0.59425728,211,1452621,1452831,1452738,0
1453069,1559031250876166,71217834,0.61129457,238,1452832,1453069,1453016,0
1453308,1559031251137666,72431459,0.60562089,239,1453070,1453308,1453295,0
1453479,1559031251804458,72575458,0.58043604,171,1453309,1453479,1453374,0
1453735,1559031253038416,72565125,0.60377393,256,1453480,1453735,1453520,0
1453885,1559031253421208,72922167,0.62713047,150,1453736,1453885,1453836,0
1453967,1559031253436041,73394459,0.6093607,82,1453886,1453967,1453945,0
1454160,1559031253692333,73997500,0.5839479,193,1453968,1454160,1453972,0
1454416,1559031253823833,75090333,0.65692913,256,1454161,1454416,1454263,0
1454672,1559031255503958,74566583,0.61805452,256,1454417,1454672,1454465,0
1454899,1559031256542708,74567917,0.62261602,227,1454673,1454899,1454803,0
1455089,1559031257695458,74306708,0.57629691,190,1454900,1455089,1455030,0
1455278,1559031257724333,75174958,0.61549548,189,1455090,1455278,1455236,0
1455475,1559031259706583,74121458,0.59284452,197,1455279,1455475,1455433,0
1455670,1559031261619083,73208583,0.59535012,195,1455476,1455670,1455536,0
1455807,1559031262563958,72901208,0.60383213,137,1455671,1455807,1455690,0
1456063,1559031263835833,72779458,0.58227665,256,1455808,1456063,1456062,0
1456319,1559031264358333,73335625,0.57086195,256,1456064,1456319,1456064,0
1456444,1559031264365250,74035291,0.59378722,125,1456320,1456444,1456332,0
1456574,1559031265613166,73310917,0.56336057,130,1456445,1456574,1456467,0
1456824,1559031266848458,73181708,0.62129146,250,1456575,1456824,1456802,0
1456951,1559031268050333,72530833,0.62494963,127,1456825,1456951,1456835,0
1457203,1559031268362875,73299416,0.59723363,252,1456952,1457203,1457044,0
1457459,1559031269556625,73269208,0.58792185,256,1457204,1457459,1457302,0
1457667,1559031270471750,73251500,0.61263605,208,1457460,1457667,1457590,0
1457852,1559031271641583,73144833,0.59954949,185,1457668,1457852,1457720,0
1458090,1559031273661166,72181000,0.61526841,238,1457853,1458090,1457875,0
1458293,1559031274356875,72327666,0.57430543,203,1458091,1458293,1458290,0
1458316,1559031274358041,72459542,0.60018103,23,1458294,1458316,1458300,0
1458332,1559031274358875,72540916,0.61289621,16,1458317,1458332,1458324,0
1458411,1559031274362875,72883750,0.58664847,79,1458333,1458411,1458350,0
1458571,1559031274772833,73230250,0.69292101,160,1458412,1458571,1458558,0
1458587,1559031274773625,73284083,0.6426057,16,1458572,1458587,1458573,0
1458603,1559031274774458,73369708,0.62522518,16,1458588,1458603,1458601,0
1458619,1559031274775250,73459958,0.59500802,16,1458604,1458619,1458615,0
1458635,1559031274776041,73537667,0.57497912,16,1458620,1458635,1458625,0
1458766,1559031274782666,74112667,0.59693152,131,1458636,1458766,1458667,0
1458937,1559031275372708,74273125,0.59034389,171,1458767,1458937,1458883,0
1458986,1559031275375166,74493917,0.55427947,49,1458938,1458986,1458943,0
1459040,1559031276303125,73850416,0.57075411,54,1458987,1459040,1459005,0
1459144,1559031276308375,74316291,0.62245042,104,1459041,1459144,1459046,0
1459311,1559031276483166,74828209,0.57668844,167,1459145,1459311,1459171,0
1459567,1559031276732250,75745791,0.59891146,256,1459312,1459567,1459472,0
1459787,1559031279016708,74404083,0.59348389,220,1459568,1459787,1459762,0
1459918,1559031279726500,74292125,0.59958757,131,1459788,1459918,1459897,0
1460067,1559031279734000,74938000,0.58000046,149,1459919,1460067,1460050,0
1460270,1559031280652125,75082208,0.55770293,203,1460068,1460270,1460242,0
1460526,1559031281810958,74997167,0.60133077,256,1460271,1460526,1460289,0
1460782,1559031283803583,74179792,0.63295032,256,1460527,1460782,1460666,0
1461038,1559031285026958,74146750,0.60153947,256,1460783,1461038,1461002,0
1461248,1559031286155166,73944792,0.59920349,210,1461039,1461248,1461040,0
1461448,1559031287153750,73876625,0.59158211,200,1461249,1461448,1461373,0
1461704,1559031288156375,74048375,0.64671385,256,1461449,1461704,1461544,0
1461960,1559031289250625,74161875,0.63386269,256,1461705,1461960,1461875,0
1461976,1559031289251458,74272750,0.60426512,16,1461961,1461976,1461966,0
1461992,1559031289252250,74341541,0.52578471,16,1461977,1461992,1461989,0
1462140,1559031289259708,74939625,0.5932298,148,1461993,1462140,1462117,0
1462300,1559031290249791,74711000,0.63753856,160,1462141,1462300,1462260,0
1462556,1559031292649750,73468916,0.59024547,256,1462301,1462556,1462375,0
1462707,1559031294937375,71890833,0.63687953,151,1462557,1462707,1462655,0
1462952,1559031297948708,70038167,0.60181328,245,1462708,1462952,1462774,0
1463076,1559031299136083,69381208,0.64143286,124,1462953,1463076,1462978,0
1463299,1559031302157750,67341208,0.57706709,223,1463077,1463299,1463164,0
1463543,1559031302394500,68233041,0.61257362,244,1463300,1463543,1463429,0
1463653,1559031302400500,68680666,0.57822341,110,1463544,1463653,1463593,0
1463823,1559031302409708,69703292,0.60967855,170,1463654,1463823,1463686,0
1463972,1559031302829958,70038125,0.59341199,149,1463824,1463972,1463831,0
1464167,1559031304270541,69521542,0.64639082,195,1463973,1464167,1464021,0
1464183,1559031304271416,69580375,0.5305742,16,1464168,1464183,1464171,0
1464376,1559031305512833,69282375,0.61029215,193,1464184,1464376,1464207,0
1464513,1559031305521916,69945167,0.62883106,137,1464377,1464513,1464431,0
1464763,1559031306363416,70293000,0.56860543,250,1464514,1464763,1464630,0
1464929,1559031307609250,69928541,0.56441215,166,1464764,1464929,1464810,0
1465122,1559031307620583,70863625,0.60762078,193,1464930,1465122,1465012,0
1465295,1559031308859125,70439375,0.61130886,173,1465123,1465295,1465189,0
1465503,1559031309875250,70433583,0.5750652,208,1465296,1465503,1465347,0
1465759,1559031310759500,70763208,0.58355571,256,1465504,1465759,1465754,0
1465957,1559031311792916,70671875,0.58718128,198,1465760,1465957,1465933,0
1466213,1559031314352166,69376250,0.61997599,256,1465958,1466213,1466045,0
1466351,1559031314780916,69616084,0.59053964,138,1466214,1466351,1466343,0
1466607,1559031315112125,70688541,0.63354144,256,1466352,1466607,1466553,0
1466863,1559031316573083,70395375,0.61653147,256,1466608,1466863,1466699,0
1467105,1559031316962750,71226958,0.56357814,242,1466864,1467105,1466908,0
1467288,1559031318140375,70653958,0.59877957,183,1467106,1467288,1467263,0
1467464,1559031319229208,70468458,0.60738056,176,1467289,1467464,1467316,0
1467650,1559031320204625,70299500,0.61848223,186,1467465,1467650,1467567,0
1467906,1559031321227041,70391542,0.5728344,256,1467651,1467906,1467799,0
1468162,1559031323602250,69146250,0.61213227,256,1467907,1468162,1468026,0
1468364,1559031325651250,67979791,0.59197516,202,1468163,1468364,1468185,0
1468582,1559031326431250,68188416,0.59319544,218,1468365,1468582,1468469,0
1468684,1559031326800875,68283541,0.56035767,102,1468583,1468684,1468614,0
1468901,1559031327776458,68301500,0.59242797,217,1468685,1468901,1468764,0
1469138,1559031328917000,68303750,0.59253761,237,1468902,1469138,1469107,0
1469244,1559031330678458,66982125,0.6337925,106,1469139,1469244,1469185,0
1469500,1559031331203416,67635917,0.62627704,256,1469245,1469500,1469375,0
1469756,1559031332092708,67882125,0.57674917,256,1469501,1469756,1469699,0
1469859,1559031332906666,67523667,0.58328891,103,1469757,1469859,1469794,0
1470082,1559031333919125,67500666,0.61252297,223,1469860,1470082,1470042,0
1470338,1559031334856250,67785083,0.63678324,256,1470083,1470338,1470318,0
1470379,1559031334858500,67968291,0.54759996,41,1470339,1470379,1470361,0
1470588,1559031335461208,68342333,0.61420734,209,1470380,1470588,1470414,0
1470794,1559031336693500,68149208,0.60904724,206,1470589,1470794,1470774,0
1470954,1559031336702875,68751750,0.5744922,160,1470795,1470954,1470931,0
1471206,1559031339082125,67988000,0.60613878,252,1470955,1471206,1471059,0
1471455,1559031339117291,69497875,0.59180814,249,1471207,1471455,1471400,0
1471655,1559031340048125,69798000,0.61424834,200,1471456,1471655,1471517,0
1471818,1559031340619208,70127208,0.59625723,163,1471656,1471818,1471789,0
1471924,1559031340625583,70581208,0.58037812,106,1471819,1471924,1471915,0
1472050,1559031341711333,70047583,0.60373505,126,1471925,1472050,1472002,0
1472293,1559031342875875,70041708,0.61460563,243,1472051,1472293,1472272,0
1472316,1559031342877041,70167709,0.53343172,23,1472294,1472316,1472295,0
1472423,1559031342882375,70659208,0.63025999,107,1472317,1472423,1472376,0
1472679,1559031344865541,69929584,0.66362755,256,1472424,1472679,1472543,0
1472889,1559031345909875,69897250,0.59566289,210,1472680,1472889,1472887,0
1473145,1559031346766583,70259667,0.62217051,256,1472890,1473145,1472917,0
1473401,1559031347078333,71221750,0.64805175,256,1473146,1473401,1473382,0
1473657,1559031347390375,72135791,0.60259417,256,1473402,1473657,1473615,0
1473913,1559031348020000,72723666,0.62971467,256,1473658,1473913,1473773,0
1474122,1559031348093416,73673334,0.6198063,209,1473914,1474122,1473982,0
1474330,1559031348169333,74602458,0.58066036,208,1474123,1474330,1474261,0
1474536,1559031348312083,75434000,0.62529003,206,1474331,1474536,1474439,0
1474736,1559031348948416,75694167,0.60866964,200,1474537,1474736,1474643,0
1474766,1559031348950708,75823125,0.62864922,30,1474737,1474766,1474749,0
1474861,1559031348955500,76221916,0.58913855,95,1474767,1474861,1474808,0
1475117,1559031349890458,76437000,0.62037311,256,1474862,1475117,1475030,0
1475222,1559031349895708,76868417,0.55518353,105,1475118,1475222,1475129,0
1475364,1559031350211458,77176583,0.55209246,142,1475223,1475364,1475270,0
1475592,1559031350756416,77687542,0.63898438,228,1475365,1475592,1475524,0
1475736,1559031350765041,78339709,0.60914251,144,1475593,1475736,1475632,0
1475802,1559031351385833,77993417,0.57661624,66,1475737,1475802,1475762,0
1476008,1559031352575291,77690917,0.60579449,206,1475803,1476008,1475865,0
1476264,1559031354226541,77156750,0.59432828,256,1476009,1476264,1476156,0
1476392,1559031355759666,76158250,0.56983826,128,1476265,1476392,1476319,0
1476562,1559031356858750,75786333,0.57141594,170,1476393,1476562,1476495,0
1476818,1559031358077000,75756375,0.58731305,256,1476563,1476818,1476756,0
1477001,1559031359177000,75406208,0.59258233,183,1476819,1477001,1476966,0
1477068,1559031359180416,75692000,0.63939749,67,1477002,1477068,1477044,0
1477084,1559031359181208,75866208,0.61651825,16,1477069,1477084,1477074,0
1477100,1559031359182000,75876208,0.55318249,16,1477085,1477100,1477088,0
1477255,1559031360133125,75570625,0.58810538,155,1477101,1477255,1477125,0
1477511,1559031361051458,75816000,0.63027226,256,1477256,1477511,1477374,0
1477700,1559031361061916,76893875,0.58755874,189,1477512,1477700,1477610,0
1477956,1559031362327416,76821709,0.56916369,256,1477701,1477956,1477873,0
1478081,1559031363509916,76178292,0.62146377,125,1477957,1478081,1477982,0
1478286,1559031363521875,76993500,0.60246461,205,1478082,1478286,1478132,0
1478470,1559031363663083,77663292,0.59872554,184,1478287,1478470,1478429,0
1478695,1559031364335041,77964375,0.59822397,225,1478471,1478695,1478555,0
1478875,1559031366168208,76888917,0.59446178,180,1478696,1478875,1478809,0
1479113,1559031366869666,77245084,0.61647809,238,1478876,1479113,1479082,0
1479244,1559031367987250,76736583,0.61940373,131,1479114,1479244,1479121,0
1479446,1559031368610666,77006334,0.61862896,202,1479245,1479446,1479321,0
1479642,1559031369562125,76920625,0.64121584,196,1479447,1479642,1479528,0
1479740,1559031370653291,76376334,0.58915033,98,1479643,1479740,1479691,0
1479910,1559031372139458,76150083,0.60850876,170,1479741,1479910,1479793,0
1480166,1559031372974291,75893167,0.59243858,256,1479911,1480166,1480049,0
1480422,1559031373845583,76125708,0.63755647,256,1480167,1480422,1480220,0
1480590,1559031373893500,76816208,0.60332944,168,1480423,1480590,1480530,0
1480753,1559031374869750,76558166,0.55736775,163,1480591,1480753,1480625,0
1480938,1559031375553416,76720459,0.6298314,185,1480754,1480938,1480816,0
1481097,1559031375626125,77325083,0.5681895,159,1480939,1481097,1481068,0
1481310,1559031379370750,74574750,0.58800449,213,1481098,1481310,1481254,0
1481551,1559031380475500,74624791,0.5797155,241,1481311,1481551,1481501,0
1481721,1559031381568708,74267083,0.58821582,170,1481552,1481721,1481558,0
1481977,1559031382567625,74440041,0.61040398,256,1481722,1481977,1481805,0
1482224,1559031384447333,73617125,0.6066355,247,1481978,1482224,1482016,0
1482464,1559031385814541,73283417,0.57977163,240,1482225,1482464,1482353,0
1482504,1559031385821375,73448500,0.54903925,40,1482465,1482504,1482502,0
1482757,1559031387030375,73412791,0.65932005,253,1482505,1482757,1482599,0
1483013,1559031389676083,72008500,0.59602317,256,1482758,1483013,1482964,0
1483181,1559031389684583,72826125,0.60274246,168,1483014,1483181,1483133,0
1483384,1559031390538666,72997709,0.59988771,203,1483182,1483384,1483364,0
1483550,1559031391646791,72662375,0.59365443,166,1483385,1483550,1483546,0
1483629,1559031391650791,73097209,0.61212021,79,1483551,1483629,1483568,0
1483825,1559031392799125,72880500,0.6686183,196,1483630,1483825,1483692,0
1484018,1559031394656583,71914417,0.56468519,193,1483826,1484018,1483867,0
1484274,1559031395121416,72674000,0.61662286,256,1484019,1484274,1484199,0
1484413,1559031395128416,73369000,0.64193169,139,1484275,1484413,1484347,0
1484578,1559031396185416,73078625,0.56950513,165,1484414,1484578,1484506,0
1484678,1559031396190416,73554042,0.58499298,100,1484579,1484678,1484588,0
1484865,1559031397747916,72881042,0.58175114,187,1484679,1484865,1484783,0
1485072,1559031398912416,73020042,0.6016676,207,1484866,1485072,1485064,0
1485233,1559031400037708,72503375,0.592464,161,1485073,1485233,1485123,0
1485484,1559031400464583,73306833,0.61858467,251,1485234,1485484,1485336,0
1485634,1559031400472125,73980500,0.58407239,150,1485485,1485634,1485503,0
1485731,1559031401440458,73429833,0.59487259,97,1485635,1485731,1485695,0
1485933,1559031402655750,73139916,0.57453155,202,1485732,1485933,1485774,0
1486189,1559031402824750,74119041,0.58325845,256,1485934,1486189,1486087,0
1486391,1559031403778125,74075583,0.57110776,202,1486190,1486391,1486261,0
1486626,1559031406015250,72947750,0.62981849,235,1486392,1486626,1486568,0
1486751,1559031406034666,73474417,0.57381751,125,1486627,1486751,1486640,0
1486987,1559031407092625,73604500,0.61250639,236,1486752,1486987,1486967,0
1487243,1559031408634833,73242125,0.65859587,256,1486988,1487243,1487048,0
1487445,1559031409863708,73193333,0.60433851,202,1487244,1487445,1487327,0
1487682,1559031411301125,72777125,0.60328128,237,1487446,1487682,1487525,0
1487829,1559031411847625,72874708,0.58603592,147,1487683,1487829,1487736,0
1488067,1559031412965375,72881666,0.58117719,238,1487830,1488067,1488034,0
1488263,1559031413115416,73637209,0.6051523,196,1488068,1488263,1488138,0
1488319,1559031413118458,73910250,0.5701834,56,1488264,1488319,1488306,0
1488370,1559031413121250,74167416,0.60298794,51,1488320,1488370,1488341,0
1488446,1559031413733791,73943167,0.60204624,76,1488371,1488446,1488401,0
1488563,1559031414850833,73575333,0.56066409,117,1488447,1488563,1488554,0
1488819,1559031417111541,72560250,0.59933504,256,1488564,1488819,1488796,0
1488989,1559031418340166,72055459,0.61451882,170,1488820,1488989,1488947,0
1489245,1559031419542125,72165291,0.64303692,256,1488990,1489245,1489078,0
1489407,1559031420840375,71558666,0.57807864,162,1489246,1489407,1489335,0
1489661,1559031421878416,71729042,0.61402743,254,1489408,1489661,1489611,0
1489880,1559031423807875,70881791,0.59535371,219,1489662,1489880,1489827,0
1489939,1559031423811083,71147583,0.57895925,59,1489881,1489939,1489927,0
1490161,1559031424747416,71314042,0.61915101,222,1489940,1490161,1489963,0
1490244,1559031424751625,71709708,0.57221192,83,1490162,1490244,1490226,0
1490425,1559031424809583,72617083,0.61467062,181,1490245,1490425,1490317,0
1490595,1559031425247125,72993958,0.59832341,170,1490426,1490595,1490499,0
1490716,1559031425253208,73520500,0.57762067,121,1490596,1490716,1490641,0
1490875,1559031426844583,72724667,0.5910827,159,1490717,1490875,1490815,0
1490981,1559031426849916,73207750,0.60441898,106,1490876,1490981,1490906,0
1491141,1559031427400875,73341791,0.60027493,160,1490982,1491141,1491111,0
1491331,1559031427410458,74201792,0.61028263,190,1491142,1491331,1491281,0
1491515,1559031428503625,73973583,0.66421782,184,1491332,1491515,1491410,0
1491653,1559031429111458,73993042,0.61290356,138,1491516,1491653,1491574,0
1491755,1559031429117500,74465791,0.60278975,102,1491654,1491755,1491713,0
1491969,1559031430299375,74262541,0.64918656,214,1491756,1491969,1491800,0
1492191,1559031431472166,74359625,0.59092323,222,1491970,1492191,1492037,0
1492323,1559031431479750,74928958,0.59030164,132,1492192,1492323,1492263,0
1492579,1559031434713583,72792875,0.65669599,256,1492324,1492579,1492546,0
1492595,1559031434714541,72878542,0.63011053,16,1492580,1492595,1492582,0
1492611,1559031434715458,72992917,0.60953219,16,1492596,1492611,1492608,0
1492627,1559031434716375,73039291,0.56683029,16,1492612,1492627,1492617,0
1492703,1559031434960958,73171667,0.63442299,76,1492628,1492703,1492633,0
1492761,1559031434963916,73411917,0.54975996,58,1492704,1492761,1492734,0
1492968,1559031435039291,74231959,0.59736265,207,1492762,1492968,1492835,0
1493224,1559031435122875,75287291,0.62120374,256,1492969,1493224,1493029,0
1493480,1559031435773958,75782208,0.60772612,256,1493225,1493480,1493425,0
1493522,1559031436875416,74875750,0.60193256,42,1493481,1493522,1493481,0
1493651,1559031436881916,75453459,0.57006598,129,1493523,1493651,1493623,0
1493723,1559031436885500,75770208,0.57819875,72,1493652,1493723,1493714,0
1493827,1559031437967166,75170042,0.55917741,104,1493724,1493827,1493756,0
1494044,1559031439642916,74431209,0.62012724,217,1493828,1494044,1493966,0
1494300,1559031440612666,74996834,0.62712254,256,1494045,1494300,1494281,0
1494521,1559031441357541,75268750,0.60192367,221,1494301,1494521,1494373,0
1494777,1559031443064791,74748125,0.59939127,256,1494522,1494777,1494578,0
1495018,1559031444721416,74204750,0.62206653,241,1494778,1495018,1494923,0
1495226,1559031445699541,74178584,0.62019624,208,1495019,1495226,1495197,0
1495400,1559031446514958,74189000,0.62414991,174,1495227,1495400,1495367,0
1495601,1559031447032666,74726250,0.62464416,201,1495401,1495601,1495509,0
1495635,1559031448067750,73859708,0.5783423,34,1495602,1495635,1495602,0
1495871,1559031450009166,72990875,0.57558784,236,1495636,1495871,1495683,0
1495922,1559031450012666,73235625,0.53749776,51,1495872,1495922,1495915,0
1496122,1559031450779916,73432792,0.63017868,200,1495923,1496122,1496085,0
1496340,1559031451551791,73721500,0.57751257,218,1496123,1496340,1496337,0
1496524,1559031452303333,73873792,0.61242889,184,1496341,1496524,1496400,0
1496780,1559031455950708,71450333,0.59227937,256,1496525,1496780,1496660,0
1497036,1559031458107291,70537250,0.59442219,256,1496781,1497036,1496912,0
1497205,1559031459146458,70305083,0.63125636,169,1497037,1497205,1497204,0
1497221,1559031459147291,70382500,0.5611185,16,1497206,1497221,1497206,0
1497303,1559031459153041,70797375,0.63925784,82,1497222,1497303,1497231,0
1497454,1559031459323125,71376291,0.61598194,151,1497304,1497454,1497317,0
1497658,1559031461733666,69974709,0.58870569,204,1497455,1497658,1497567,0
1497867,1559031463594791,69161625,0.61103145,209,1497659,1497867,1497792,0
1498112,1559031464324000,69643166,0.61090879,245,1497868,1498112,1498079,0
1498220,1559031464733916,69717334,0.59589135,108,1498113,1498220,1498153,0
1498466,1559031465703625,69884000,0.61692627,246,1498221,1498466,1498449,0
1498570,1559031465720666,70334750,0.59304753,104,1498467,1498570,1498479,0
1498775,1559031466736375,70238791,0.59929395,205,1498571,1498775,1498638,0
1498845,1559031466740166,70550834,0.57751384,70,1498776,1498845,1498785,0
1499049,1559031467858958,70665167,0.64087453,204,1498846,1499049,1498872,0
1499076,1559031467860416,70679625,0.4995355,27,1499050,1499076,1499068,0
1499318,1559031468528791,70997125,0.6315689,242,1499077,1499318,1499100,0
1499574,1559031469799916,70939709,0.61522731,256,1499319,1499574,1499562,0
1499619,1559031469802375,71131833,0.63829549,45,1499575,1499619,1499582,0
1499635,1559031469803250,71178333,0.51897098,16,1499620,1499635,1499625,0
1499825,1559031471976500,69905375,0.62853484,190,1499636,1499825,1499785,0
1499982,1559031472602500,69992333,0.5970506,157,1499826,1499982,1499975,0
1500040,1559031473793208,69094375,0.60755528,58,1499983,1500040,1499992,0
1500118,1559031473797083,69453875,0.59831643,78,1500041,1500118,1500071,0
1500223,1559031474480416,69288709,0.60530327,105,1500119,1500223,1500165,0
1500470,1559031475075583,70103083,0.60754791,247,1500224,1500470,1500431,0
1500697,1559031475852208,70797292,0.62263458,227,1500471,1500697,1500529,0
1500915,1559031477008333,70756958,0.60779822,218,1500698,1500915,1500800,0
1501171,1559031477898583,71113417,0.60230919,256,1500916,1501171,1500956,0
1501391,1559031479537333,70615625,0.63330478,220,1501172,1501391,1501378,0
1501536,1559031480647125,70178833,0.62107006,145,1501392,1501536,1501418,0
1501792,1559031482988916,69164459,0.64410942,256,1501537,1501792,1501775,0
1501870,1559031482992833,69535542,0.56726176,78,1501793,1501870,1501858,0
1501990,1559031484167875,68947041,0.59444516,120,1501871,1501990,1501939,0
1502225,1559031484758041,69527750,0.6023155,235,1501991,1502225,1502198,0
1502442,1559031485860125,69524333,0.59392582,217,1502226,1502442,1502393,0
1502678,1559031487069541,69619125,0.6397648,236,1502443,1502678,1502632,0
1502911,1559031487389208,70474625,0.63364895,233,1502679,1502911,1502719,0
1503163,1559031488555458,70513208,0.60877202,252,1502912,1503163,1502968,0
1503339,1559031489610500,70268416,0.61318985,176,1503164,1503339,1503213,0
1503404,1559031489614000,70577666,0.62750057,65,1503340,1503404,1503340,0
1503631,1559031490447541,70820250,0.63772835,227,1503405,1503631,1503564,0
1503764,1559031493813833,68093625,0.61225154,133,1503632,1503764,1503693,0
1503908,1559031493822041,68733459,0.60141272,144,1503765,1503908,1503780,0
1504131,1559031495015416,68568542,0.64164905,223,1503909,1504131,1503983,0
1504361,1559031497450500,67223416,0.64319282,230,1504132,1504361,1504236,0
1504557,1559031497461125,68171291,0.60900428,196,1504362,1504557,1504495,0
1504813,1559031498870750,67925875,0.63325526,256,1504558,1504813,1504770,0
1505009,1559031498880625,68872916,0.63732299,196,1504814,1505009,1504909,0
1505206,1559031499583000,69067791,0.574203,197,1505010,1505206,1505132,0
1505319,1559031500160708,68982458,0.59443301,113,1505207,1505319,1505257,0
1505447,1559031500167166,69581000,0.64122953,128,1505320,1505447,1505392,0
1505637,1559031502042041,68581250,0.62660174,190,1505448,1505637,1505570,0
1505798,1559031502060083,69400500,0.64987984,161,1505638,1505798,1505685,0
1506054,1559031503132375,69594250,0.60605493,256,1505799,1506054,1505837,0
1506310,1559031503605208,70352000,0.65296432,256,1506055,1506310,1506301,0
1506332,1559031504597708,69521750,0.63426197,22,1506311,1506332,1506311,0
1506348,1559031504598500,69522500,0.62393145,16,1506333,1506348,1506345,0
1506470,1559031504604666,70053959,0.57621968,122,1506349,1506470,1506453,0
1506701,1559031505678333,70038083,0.61340293,231,1506471,1506701,1506526,0
1506774,1559031505980916,70057042,0.64018076,73,1506702,1506774,1506720,0
1507005,1559031506465125,70665958,0.62623433,231,1506775,1507005,1506952,0
1507139,1559031507510500,70261458,0.63829761,134,1507006,1507139,1507086,0
1507395,1559031507661583,71250917,0.59043634,256,1507140,1507395,1507340,0
1507650,1559031507867375,72255375,0.61976185,255,1507396,1507650,1507469,0
1507757,1559031508195166,72437792,0.58665878,107,1507651,1507757,1507746,0
1507934,1559031508538958,72944125,0.64076093,177,1507758,1507934,1507886,0
1508190,1559031509379500,73365791,0.60188761,256,1507935,1508190,1508135,0
1508446,1559031510475250,73643833,0.64467236,256,1508191,1508446,1508411,0
1508570,1559031511617375,73139916,0.61130411,124,1508447,1508570,1508568,0
1508586,1559031511618166,73205792,0.59548323,16,1508571,1508586,1508576,0
1508612,1559031511619458,73366958,0.57333524,26,1508587,1508612,1508600,0
1508868,1559031511802791,74504209,0.62364927,256,1508613,1508868,1508705,0
1509124,1559031512681500,75246916,0.67610459,256,1508869,1509124,1509061,0
1509144,1559031512682666,75410709,0.60968774,20,1509125,1509144,1509125,0
1509311,1559031513168916,75866875,0.61145127,167,1509145,1509311,1509239,0
1509533,1559031514127833,76016333,0.64185669,222,1509312,1509533,1509531,0
1509549,1559031515617000,74613833,0.61218954,16,1509534,1509549,1509547,0
1509565,1559031515617833,74722667,0.63188469,16,1509550,1509565,1509553,0
1509581,1559031515618625,74799166,0.53284677,16,1509566,1509581,1509573,0
1509783,1559031516682625,74764166,0.59322286,202,1509582,1509783,1509671,0
1510016,1559031517843541,74806209,0.60819544,233,1509784,1510016,1509835,0
1510159,1559031518935458,74428750,0.58116441,143,1510017,1510159,1510078,0
1510356,1559031518946833,75472833,0.60853292,197,1510160,1510356,1510172,0
1510514,1559031521847541,73364000,0.62492758,158,1510357,1510514,1510455,0
1510643,1559031521982125,73846000,0.65325771,129,1510515,1510643,1510628,0
1510659,1559031521983000,73942958,0.54957731,16,1510644,1510659,1510652,0
1510675,1559031521983875,74036166,0.67894507,16,1510660,1510675,1510670,0
1510787,1559031521989958,74529458,0.59033335,112,1510676,1510787,1510778,0
1510933,1559031523321166,73900042,0.60293968,146,1510788,1510933,1510874,0
1511131,1559031524227375,73940833,0.62888831,198,1510934,1511131,1511130,0
1511147,1559031524228250,74029291,0.64961557,16,1511132,1511147,1511141,0
1511163,1559031524229125,74116458,0.60670492,16,1511148,1511163,1511152,0
1511293,1559031525312958,73653708,0.61990471,130,1511164,1511293,1511164,0
1511549,1559031526280041,73965709,0.65605684,256,1511294,1511549,1511445,0
1511805,1559031527636916,73799125,0.63862436,256,1511550,1511805,1511769,0
1511984,1559031528659625,73659541,0.61520012,179,1511806,1511984,1511924,0
1512240,1559031529507541,74043250,0.64809905,256,1511985,1512240,1512177,0
1512258,1559031529508500,74136791,0.60487272,18,1512241,1512258,1512258,0
1512280,1559031529509750,74248333,0.59843965,22,1512259,1512280,1512269,0
1512324,1559031529621833,74335042,0.61243982,44,1512281,1512324,1512291,0
1512378,1559031529624791,74559250,0.60094351,54,1512325,1512378,1512345,0
1512634,1559031530044750,75490500,0.61548058,256,1512379,1512634,1512614,0
1512837,1559031532792000,73685208,0.59944774,203,1512635,1512837,1512746,0
1513093,1559031533989875,73725875,0.64472019,256,1512838,1513093,1513083,0
1513294,1559031536219666,72465667,0.6103563,201,1513094,1513294,1513170,0
1513537,1559031536233625,73600166,0.60813703,243,1513295,1513537,1513493,0
1513605,1559031536237583,73966667,0.6762325,68,1513538,1513605,1513542,0
1513655,1559031537353375,73144041,0.62823744,50,1513606,1513655,1513626,0
1513671,1559031538687791,71851667,0.5566697,16,1513656,1513671,1513661,0
1513827,1559031538872958,72411042,0.59521602,156,1513672,1513827,1513768,0
1514063,1559031539578708,72755750,0.63039284,236,1513828,1514063,1513973,0
1514299,1559031540975000,72453416,0.65093792,236,1514064,1514299,1514183,0
1514534,1559031541078375,73629125,0.61951663,235,1514300,1514534,1514506,0
1514669,1559031541909416,73210792,0.57141395,135,1514535,1514669,1514569,0
1514900,1559031543862083,72301958,0.60176922,231,1514670,1514900,1514706,0
1515108,1559031545203375,71935750,0.62239543,208,1514901,1515108,1515087,0
1515238,1559031546648125,71063666,0.62346011,130,1515109,1515238,1515153,0
1515394,1559031550111625,68331500,0.62318861,156,1515239,1515394,1515354,0
1515595,1559031550122500,69281583,0.60631253,201,1515395,1515595,1515412,0
1515709,1559031550981083,68953167,0.5983163,114,1515596,1515709,1515687,0
1515862,1559031550991916,69824375,0.60674639,153,1515710,1515862,1515743,0
1516118,1559031552562291,69599042,0.59356166,256,1515863,1516118,1516042,0
1516374,1559031554348000,68830416,0.62176583,256,1516119,1516374,1516319,0
1516621,1559031557878625,66506416,0.67761214,247,1516375,1516621,1516606,0
1516637,1559031557879500,66589041,0.61553055,16,1516622,1516637,1516632,0
1516653,1559031557880375,66675583,0.59797442,16,1516638,1516653,1516650,0
1516836,1559031559181916,66220542,0.582646,183,1516654,1516836,1516675,0
1517052,1559031559922625,66513916,0.63351258,216,1516837,1517052,1516970,0
1517143,1559031559927208,66932792,0.59799253,91,1517053,1517143,1517104,0
1517374,1559031560273291,67713500,0.6318691,231,1517144,1517374,1517349,0
1517491,1559031561770958,66791917,0.61632936,117,1517375,1517491,1517400,0
1517743,1559031562641666,67105042,0.60372303,252,1517492,1517743,1517572,0
1517813,1559031564698916,65364334,0.5882785,70,1517744,1517813,1517751,0
1518012,1559031565651000,65849916,0.58486997,199,1517814,1518012,1517928,0
1518150,1559031565657916,66654292,0.59024759,138,1518013,1518150,1518099,0
1518393,1559031566844125,66996375,0.59034687,243,1518151,1518393,1518390,0
1518409,1559031567788583,66156417,0.55699863,16,1518394,1518409,1518403,0
1518567,1559031567796500,67153333,0.62271564,158,1518410,1518567,1518538,0
1518823,1559031569207250,67040500,0.68728591,256,1518568,1518823,1518577,0
1519036,1559031569793666,67523125,0.61264445,213,1518824,1519036,1518860,0
1519205,1559031570666708,67608958,0.60049282,169,1519037,1519205,1519088,0
1519431,1559031571885500,67617458,0.61710258,226,1519206,1519431,1519209,0
1519687,1559031572797000,68171833,0.6286582,256,1519432,1519687,1519592,0
1519925,1559031574064833,68078833,0.6453923,238,1519688,1519925,1519761,0
1519957,1559031574099083,68209792,0.63490297,32,1519926,1519957,1519931,0
1520115,1559031574178500,68945583,0.58354475,158,1519958,1520115,1520090,0
1520238,1559031574698666,69060334,0.598356,123,1520116,1520238,1520229,0
1520254,1559031574699500,69141583,0.61071043,16,1520239,1520254,1520244,0
1520335,1559031574705541,69536792,0.6416423,81,1520255,1520335,1520262,0
1520543,1559031575797125,69400000,0.60697028,208,1520336,1520543,1520435,0
1520689,1559031575804458,70076250,0.62430912,146,1520544,1520689,1520661,0
1520775,1559031577995291,68294667,0.63129476,86,1520690,1520775,1520723,0
1520964,1559031579004416,68168834,0.62201745,189,1520776,1520964,1520885,0
1521153,1559031580178666,67776500,0.64913662,189,1520965,1521153,1521021,0
1521382,1559031580838875,68201916,0.64973736,229,1521154,1521382,1521379,0
1521398,1559031580839666,68283667,0.63136751,16,1521383,1521398,1521383,0
1521414,1559031580840500,68354833,0.61705484,16,1521399,1521414,1521404,0
1521469,1559031580843208,68623958,0.55190295,55,1521415,1521469,1521417,0
1521725,1559031582787666,67830125,0.58835701,256,1521470,1521725,1521724,0
1521901,1559031584177416,67244250,0.61284035,176,1521726,1521901,1521740,0
1522157,1559031584880083,67733375,0.64470687,256,1521902,1522157,1522057,0
1522405,1559031585042958,68718500,0.59847605,248,1522158,1522405,1522228,0
1522519,1559031587960250,66336291,0.63934525,114,1522406,1522519,1522519,0
1522775,1559031588095375,67406666,0.68487594,256,1522520,1522775,1522573,0
1523031,1559031589272208,67790583,0.60635518,256,1522776,1523031,1522827,0
1523237,1559031590182250,67900333,0.63492915,206,1523032,1523237,1523095,0
1523493,1559031590287583,69016000,0.64038003,256,1523238,1523493,1523424,0
1523694,1559031590388625,69840458,0.60458498,201,1523494,1523694,1523626,0
1523903,1559031590511541,70664792,0.59896902,209,1523695,1523903,1523733,0
1524115,1559031592737708,69401333,0.61138184,212,1523904,1524115,1523938,0
1524326,1559031593434291,69667667,0.57218914,211,1524116,1524326,1524261,0
1524476,1559031595896750,67988791,0.62098797,150,1524327,1524476,1524466,0
1524548,1559031595900333,68329750,0.59808108,72,1524477,1524548,1524491,0
1524776,1559031595962791,69270834,0.62856775,228,1524549,1524776,1524618,0
1524888,1559031596554083,69181625,0.59053032,112,1524777,1524888,1524870,0
1525022,1559031596562833,69795167,0.59013306,134,1524889,1525022,1524920,0
1525278,1559031598190250,69412666,0.64044553,256,1525023,1525278,1525223,0
1525421,1559031598197458,70075208,0.59338657,143,1525279,1525421,1525400,0
1525677,1559031600269791,69255459,0.62097953,256,1525422,1525677,1525488,0
1525846,1559031601459958,68859458,0.59937517,169,1525678,1525846,1525735,0
1526000,1559031602345000,68681416,0.60027526,154,1525847,1526000,1525892,0
1526016,1559031602348625,68779208,0.60962017,16,1526001,1526016,1526008,0
1526044,1559031602350041,68893959,0.56337285,28,1526017,1526044,1526017,0
1526283,1559031603608625,68786083,0.60111605,239,1526045,1526283,1526149,0
1526451,1559031603617166,69575792,0.61720247,168,1526284,1526451,1526347,0
1526707,1559031603801500,70557458,0.64102501,256,1526452,1526707,1526538,0
1526963,1559031603985583,71520958,0.58298577,256,1526708,1526963,1526939,0
1527219,1559031604216416,72443417,0.59691529,256,1526964,1527219,1527134,0
1527475,1559031605559166,72274959,0.6443855,256,1527220,1527475,1527259,0
1527660,1559031606553791,72148084,0.65614144,185,1527476,1527660,1527559,0
1527801,1559031607764000,71578875,0.57842803,141,1527661,1527801,1527773,0
1528057,1559031608764541,71838000,0.61891241,256,1527802,1528057,1528054,0
1528191,1559031608787208,72383458,0.6332931,134,1528058,1528191,1528081,0
1528362,1559031609902500,72133000,0.58710934,171,1528192,1528362,1528196,0
1528492,1559031610259833,72389875,0.58076314,130,1528363,1528492,1528452,0
1528587,1559031610510916,72612709,0.60331849,95,1528493,1528587,1528493,0
1528821,1559031610578750,73709458,0.61998326,234,1528588,1528821,1528701,0
1529059,1559031612429500,73029666,0.65400459,238,1528822,1529059,1529035,0
1529315,1559031613529791,73209250,0.6237523,256,1529060,1529315,1529134,0
1529491,1559031614500708,73115333,0.57439143,176,1529316,1529491,1529387,0
1529642,1559031615200791,73246292,0.6458288,151,1529492,1529642,1529599,0
1529803,1559031616225750,72989541,0.59749237,161,1529643,1529803,1529752,0
1529987,1559031617105500,73008791,0.57496355,184,1529804,1529987,1529961,0
1530118,1559031618449375,72306416,0.597402,131,1529988,1530118,1530061,0
1530374,1559031619439666,72525875,0.61188899,256,1530119,1530374,1530235,0
1530630,1559031620854833,72374250,0.66563199,256,1530375,1530630,1530416,0
1530886,1559031622475750,71915875,0.61303204,256,1530631,1530886,1530869,0
1531093,1559031623199000,72068750,0.59416986,207,1530887,1531093,1531039,0
1531188,1559031623203750,72485041,0.60281846,95,1531094,1531188,1531136,0
1531421,1559031624457541,72290084,0.59442221,233,1531189,1531421,1531299,0
1531592,1559031624538375,72967708,0.57155643,171,1531422,1531592,1531591,0
1531809,1559031624595875,73841000,0.59648675,217,1531593,1531809,1531707,0
1531981,1559031625484000,73702583,0.59384777,172,1531810,1531981,1531879,0
1532173,1559031626469875,73616458,0.65585927,192,1531982,1532173,1532050,0
1532429,1559031626867541,74421500,0.63750405,256,1532174,1532429,1532395,0
1532609,1559031628554000,73733625,0.54946415,180,1532430,1532609,1532482,0
1532865,1559031630016125,73439583,0.65071636,256,1532610,1532865,1532698,0
1533117,1559031630185166,74408334,0.59603534,252,1532866,1533117,1532882,0
1533373,1559031631446333,74420500,0.62639294,256,1533118,1533373,1533314,0
1533622,1559031633827666,73121750,0.59937858,249,1533374,1533622,1533439,0
1533777,1559031633926916,73700250,0.61854913,155,1533623,1533777,1533631,0
1533936,1559031634945291,73382084,0.59637254,159,1533778,1533936,1533899,0
1534192,1559031636282166,73183417,0.6080745,256,1533937,1534192,1533995,0
1534403,1559031637411416,73040375,0.63534921,211,1534193,1534403,1534202,0
1534635,1559031639512166,72003792,0.59496119,232,1534404,1534635,1534459,0
1534687,1559031639514958,72223458,0.59199943,52,1534636,1534687,1534650,0
1534857,1559031639604083,72893708,0.58953778,170,1534688,1534857,1534711,0
1535113,1559031641100875,72539500,0.62598071,256,1534858,1535113,1534911,0
1535369,1559031642361458,72415792,0.62042115,256,1535114,1535369,1535310,0
1535606,1559031643181333,72601875,0.6007891,237,1535370,1535606,1535384,0
1535778,1559031643810708,72725750,0.60044824,172,1535607,1535778,1535687,0
1535951,1559031643896583,73450875,0.60120333,173,1535779,1535951,1535916,0
1536156,1559031644345875,73916166,0.62258164,205,1535952,1536156,1536031,0
1536263,1559031644353833,74460542,0.61672773,107,1536157,1536263,1536177,0
1536326,1559031645263208,73855792,0.58956175,63,1536264,1536326,1536271,0
1536495,1559031645271791,74649667,0.63793373,169,1536327,1536495,1536484,0
1536581,1559031645935583,74387583,0.56634498,86,1536496,1536581,1536552,0
1536819,1559031646395625,75126833,0.65676825,238,1536582,1536819,1536807,0
1536978,1559031647203000,75567625,0.58900255,159,1536820,1536978,1536941,0
1537163,1559031647212333,76429500,0.65068601,185,1536979,1537163,1537136,0
1537285,1559031648030583,76221292,0.61783429,122,1537164,1537285,1537251,0
1537463,1559031648039541,77100959,0.65469798,178,1537286,1537463,1537363,0
1537588,1559031649095250,76674916,0.63176897,125,1537464,1537588,1537523,0
1537700,1559031649100875,77203708,0.55779443,112,1537589,1537700,1537636,0
1537875,1559031649271833,77884667,0.61766377,175,1537701,1537875,1537852,0
1537938,1559031649275000,78186500,0.59563738,63,1537876,1537938,1537928,0
1538092,1559031649564875,78647750,0.58513977,154,1537939,1538092,1537967,0
1538278,1559031649574208,79552542,0.59642016,186,1538093,1538278,1538174,0
1538446,1559031650658833,79232208,0.59249444,168,1538279,1538446,1538446,0
1538501,1559031651410791,78737542,0.58492042,55,1538447,1538501,1538495,0
1538533,1559031651413916,78925750,0.58815758,32,1538502,1538533,1538530,0
1538619,1559031651418250,79290208,0.66309834,86,1538534,1538619,1538535,0
1538875,1559031653783791,78145500,0.61057383,256,1538620,1538875,1538830,0
1539131,1559031654375000,78711250,0.59880173,256,1538876,1539131,1538927,0
1539387,1559031655910833,78308458,0.60759245,256,1539132,1539387,1539191,0
1539643,1559031657150875,78234041,0.65781552,256,1539388,1539643,1539424,0
1539824,1559031658119083,78076667,0.63380544,181,1539644,1539824,1539704,0
1539994,1559031659315000,77648916,0.59752637,170,1539825,1539994,1539856,0
1540199,1559031660235166,77659167,0.60113956,205,1539995,1540199,1540093,0
1540444,1559031663151583,75910208,0.62129579,245,1540200,1540444,1540357,0
1540546,1559031663156708,76535542,0.57520302,102,1540445,1540546,1540514,0
1540693,1559031664173250,76207208,0.62064396,147,1540547,1540693,1540657,0
1540810,1559031664179083,76711125,0.59170674,117,1540694,1540810,1540727,0
1541066,1559031665361083,76682708,0.60302827,256,1540811,1541066,1540880,0
1541288,1559031666393833,76749500,0.60785975,222,1541067,1541288,1541179,0
1541544,1559031667672833,76682833,0.61596974,256,1541289,1541544,1541397,0
1541605,1559031668289708,76346000,0.55640944,61,1541545,1541605,1541553,0
1541861,1559031670389125,75457750,0.56519687,256,1541606,1541861,1541775,0
1542047,1559031671176791,75572667,0.62374666,186,1541862,1542047,1541951,0
1542269,1559031671297375,76508916,0.6010083,222,1542048,1542269,1542117,0
1542525,1559031672707000,76330750,0.58368317,256,1542270,1542525,1542310,0
1542707,1559031675572791,74309167,0.58232311,182,1542526,1542707,1542585,0
1542843,1559031676687791,73841667,0.6099363,136,1542708,1542843,1542804,0
1542937,1559031676692500,74263166,0.57872117,94,1542844,1542937,1542873,0
1543073,1559031677929500,73656708,0.60861314,136,1542938,1543073,1542938,0
1543273,1559031678779625,74231041,0.60607571,200,1543074,1543273,1543247,0
1543315,1559031678781708,74494083,0.61528807,42,1543274,1543315,1543281,0
1543368,1559031678784416,74803334,0.58069453,53,1543316,1543368,1543339,0
1543624,1559031679388208,75726000,0.60228561,256,1543369,1543624,1543523,0
1543880,1559031680528708,75700250,0.65134198,256,1543625,1543880,1543862,0
1544059,1559031681183000,75806208,0.54998836,179,1543881,1544059,1543974,0
1544265,1559031682089166,75837292,0.62799196,206,1544060,1544265,1544136,0
1544521,1559031682765666,76314959,0.64382915,256,1544266,1544521,1544454,0
1544777,1559031684360000,75876041,0.61922696,256,1544522,1544777,1544668,0
1544956,1559031686818166,74244709,0.60329803,179,1544778,1544956,1544799,0
1545212,1559031687621083,74585625,0.62816033,256,1544957,1545212,1545159,0
1545468,1559031688711291,74611042,0.57488227,256,1545213,1545468,1545390,0
1545692,1559031689372833,74976750,0.64913908,224,1545469,1545692,1545529,0
1545859,1559031690142333,74949417,0.59932455,167,1545693,1545859,1545820,0
1546061,1559031690802416,75197792,0.58963899,202,1545860,1546061,1545982,0
1546077,1559031690803250,75276250,0.53059912,16,1546062,1546077,1546069,0
1546243,1559031691998875,74824500,0.61677297,166,1546078,1546243,1546227,0
1546347,1559031692004541,75293292,0.65642894,104,1546244,1546347,1546328,0
1546487,1559031693272500,74655500,0.59803943,140,1546348,1546487,1546352,0
1546652,1559031694423041,74249417,0.61479246,165,1546488,1546652,1546554,0
1546765,1559031694428666,74745542,0.58687898,113,1546653,1546765,1546724,0
1546924,1559031695291541,74587250,0.55178688,159,1546766,1546924,1546795,0
1547142,1559031696803708,74046458,0.59135754,218,1546925,1547142,1547140,0
1547273,1559031697517750,73967166,0.60889053,131,1547143,1547273,1547192,0
1547529,1559031700134875,72493583,0.63722307,256,1547274,1547529,1547528,0
1547785,1559031701524958,72254042,0.6789547,256,1547530,1547785,1547564,0
1547945,1559031701533083,72930583,0.574897,160,1547786,1547945,1547829,0
1548201,1559031703471416,72170709,0.62730144,256,1547946,1548201,1547963,0
1548316,1559031703477208,72660750,0.57473111,115,1548202,1548316,1548260,0
1548571,1559031704614500,72635416,0.64256733,255,1548317,1548571,1548558,0
1548827,1559031705910250,72523625,0.62837244,256,1548572,1548827,1548738,0
1548843,1559031705911041,72601209,0.61037447,16,1548828,1548843,1548830,0
1548859,1559031705911833,72685375,0.58086085,16,1548844,1548859,1548848,0
1548945,1559031707046541,71932042,0.5982365,86,1548860,1548945,1548934,0
1549090,1559031707732125,71931625,0.59210864,145,1548946,1549090,1549019,0
1549243,1559031707739875,72630750,0.60359799,153,1549091,1549243,1549210,0
1549499,1559031708377250,73408125,0.58793211,256,1549244,1549499,1549267,0
1549642,1559031709560583,74407375,0.56453933,143,1549500,1549642,1549549,0
1549898,1559031710555500,73419208,0.59659302,256,1549643,1549898,1549648,0
1550154,1559031711544583,81043792,0.61424866,256,1549899,1550154,1550051,0
1550357,1559031713661916,78932792,0.62930165,203,1550155,1550357,1550343,0
1550507,1559031714803541,77792334,0.56470256,150,1550358,1550507,1550367,0
1550735,1559031715859833,76737292,0.58270619,228,1550508,1550735,1550654,0
1550945,1559031717339291,75258917,0.58112582,210,1550736,1550945,1550827,0
1551197,1559031718318166,74281042,0.62488011,252,1550946,1551197,1550957,0
1551321,1559031718912791,73687334,0.57593519,124,1551198,1551321,1551231,0
1551403,1559031719171250,73429916,0.58236464,82,1551322,1551403,1551396,0
1551461,1559031719174416,73427709,0.57055229,58,1551404,1551461,1551419,0
1551615,1559031719185125,73418041,0.62010245,154,1551462,1551615,1551578,0
1551794,1559031719960041,72973792,0.61426755,179,1551616,1551794,1551636,0
1551887,1559031720377541,72851875,0.61091659,93,1551795,1551887,1551830,0
1552143,1559031721701958,72643875,0.59584126,256,1551888,1552143,1552094,0
1552399,1559031722750916,72792667,0.60658991,256,1552144,1552399,1552213,0
1552620,1559031723694083,72761667,0.61519844,221,1552400,1552620,1552489,0
1552831,1559031724399250,73390083,0.59425728,211,1552621,1552831,1552738,0
1553069,1559031727175208,71656000,0.61129457,238,1552832,1553069,1553016,0
1553308,1559031727512291,72047125,0.60562089,239,1553070,1553308,1553295,0
1553479,1559031728319458,71998125,0.58043604,171,1553309,1553479,1553374,0
1553735,1559031729193333,72358958,0.60377393,256,1553480,1553735,1553520,0
1553885,1559031729980791,72182917,0.62713047,150,1553736,1553885,1553836,0
1553967,1559031729984916,72549292,0.6093607,82,1553886,1553967,1553945,0
1554160,1559031730222041,73151834,0.5839479,193,1553968,1554160,1553972,0
1554416,1559031730381250,74203916,0.65692913,256,1554161,1554416,1554263,0
1554672,1559031731954750,74462166,0.61805452,256,1554417,1554672,1554465,0
1554899,1559031733100458,73777542,0.62261602,227,1554673,1554899,1554803,0
1555089,1559031734282250,73522333,0.57629691,190,1554900,1555089,1555030,0
1555278,1559031734291750,74419250,0.61549548,189,1555090,1555278,1555236,0
1555475,1559031736324291,73352667,0.59284452,197,1555279,1555475,1555433,0
1555670,1559031737991416,72619542,0.59535012,195,1555476,1555670,1555536,0
1555807,1559031739035791,72250375,0.60383213,137,1555671,1555807,1555690,0
1556063,1559031740426208,72065875,0.58227665,256,1555808,1556063,1556062,0
1556319,1559031740962166,72735500,0.57086195,256,1556064,1556319,1556064,0
1556444,1559031740968500,73349541,0.59378722,125,1556320,1556444,1556332,0
1556574,1559031742174000,72767333,0.56336057,130,1556445,1556574,1556467,0
1556824,1559031743178500,72972833,0.62129146,250,1556575,1556824,1556802,0
1556951,1559031744387125,72364375,0.62494963,127,1556825,1556951,1556835,0
1557203,1559031744804083,73049792,0.59723363,252,1556952,1557203,1557044,0
1557459,1559031745901916,73121667,0.58792185,256,1557204,1557459,1557302,0
1557667,1559031746820291,73224667,0.61263605,208,1557460,1557667,1557590,0
1557852,1559031747816916,73012625,0.59954949,185,1557668,1557852,1557720,0
1558090,1559031749865583,72363542,0.61526841,238,1557853,1558090,1557875,0
1558293,1559031750550000,72642208,0.57430543,203,1558091,1558293,1558290,0
1558316,1559031750551250,72711333,0.60018103,23,1558294,1558316,1558300,0
1558332,1559031750552166,72803042,0.61289621,16,1558317,1558332,1558324,0
1558411,1559031750556416,73161584,0.58664847,79,1558333,1558411,1558350,0
1558571,1559031751032750,73448708,0.69292101,160,1558412,1558571,1558558,0
1558587,1559031751033583,73520792,0.6426057,16,1558572,1558587,1558573,0
1558603,1559031751034458,73600583,0.62522518,16,1558588,1558603,1558601,0
1558619,1559031751035333,73701375,0.59500802,16,1558604,1558619,1558615,0
1558635,1559031751036208,73771583,0.57497912,16,1558620,1558635,1558625,0
1558766,1559031751043333,74394792,0.59693152,131,1558636,1558766,1558667,0
1558937,1559031751704833,74507875,0.59034389,171,1558767,1558937,1558883,0
1558986,1559031751707500,74723458,0.55427947,49,1558938,1558986,1558943,0
1559040,1559031752992166,73686292,0.57075411,54,1558987,1559040,1559005,0
1559144,1559031752997916,74169750,0.62245042,104,1559041,1559144,1559046,0
1559311,1559031753269333,74633250,0.57668844,167,1559145,1559311,1559171,0
1559567,1559031753599458,75532792,0.59891146,256,1559312,1559567,1559472,0
1559787,1559031756255875,73884000,0.59348389,220,1559568,1559787,1559762,0
1559918,1559031757046125,73762166,0.59958757,131,1559788,1559918,1559897,0
1560067,1559031757054916,76595084,0.58000046,149,1559919,1560067,1560050,0
1560270,1559031757980875,75670916,0.55770293,203,1560068,1560270,1560242,0
1560526,1559031759196333,74671417,0.60133077,256,1560271,1560526,1560289,0
1560782,1559031761109458,74023292,0.63295032,256,1560527,1560782,1560666,0
1561038,1559031762225000,74163208,0.60153947,256,1560783,1561038,1561002,0
1561248,1559031763396708,74010750,0.59920349,210,1561039,1561248,1561040,0
1561448,1559031764416125,74087083,0.59158211,200,1561249,1561448,1561373,0
1561704,1559031765154833,74857750,0.64671385,256,1561449,1561704,1561544,0
1561960,1559031766128125,75164333,0.63386269,256,1561705,1561960,1561875,0
1561976,1559031766128916,75243667,0.60426512,16,1561961,1561976,1561966,0
1561992,1559031766129750,75331625,0.52578471,16,1561977,1561992,1561989,0
1562140,1559031766137208,76005958,0.5932298,148,1561993,1562140,1562117,0
1562300,1559031766847333,76075917,0.63753856,160,1562141,1562300,1562260,0
1562556,1559031769194958,74963875,0.59024547,256,1562301,1562556,1562375,0
1562707,1559031771466791,73428417,0.63687953,151,1562557,1562707,1562655,0
1562952,1559031774501750,71578541,0.60181328,245,1562708,1562952,1562774,0
1563076,1559031775644916,71019834,0.64143286,124,1562953,1563076,1562978,0
1563299,1559031778486125,69736416,0.57706709,223,1563077,1563299,1563164,0
1563543,1559031778598375,71143416,0.61257362,244,1563300,1563543,1563429,0
1563653,1559031778603958,71808958,0.57822341,110,1563544,1563653,1563593,0
1563823,1559031778716166,72837542,0.60967855,170,1563654,1563823,1563686,0
1563972,1559031779053250,73142291,0.59341199,149,1563824,1563972,1563831,0
1564167,1559031780417375,72748458,0.64639082,195,1563973,1564167,1564021,0
1564183,1559031780418250,72814708,0.5305742,16,1564168,1564183,1564171,0
1564376,1559031781736208,72418167,0.61029215,193,1564184,1564376,1564207,0
1564513,1559031781743541,73031000,0.62883106,137,1564377,1564513,1564431,0
1564763,1559031782364375,73787208,0.56860543,250,1564514,1564763,1564630,0
1564929,1559031783549500,73234333,0.56441215,166,1564764,1564929,1564810,0
1565122,1559031783559875,74081666,0.60762078,193,1564930,1565122,1565012,0
1565295,1559031785648500,72756791,0.61130886,173,1565123,1565295,1565189,0
1565503,1559031786274125,73049583,0.5750652,208,1565296,1565503,1565347,0
1565759,1559031792807000,67628750,0.58355571,256,1565504,1565759,1565754,0
1565957,1559031792819166,68493792,0.58718128,198,1565760,1565957,1565933,0
1566213,1559031792834666,69612292,0.61997599,256,1565958,1566213,1566045,0
1566351,1559031792843000,70212291,0.59053964,138,1566214,1566351,1566343,0
1566607,1559031792858500,71294583,0.63354144,256,1566352,1566607,1566553,0
1566863,1559031792874041,72407375,0.61653147,256,1566608,1566863,1566699,0
1567105,1559031794117083,72184000,0.56357814,242,1566864,1567105,1566908,0
1567288,1559031794416291,72721167,0.59877957,183,1567106,1567288,1567263,0
1567464,1559031795481833,72520042,0.60738056,176,1567289,1567464,1567316,0
1567650,1559031796526375,72299375,0.61848223,186,1567465,1567650,1567567,0
1567906,1559031797461458,72583625,0.5728344,256,1567651,1567906,1567799,0
1568162,1559031799546625,71691375,0.61213227,256,1567907,1568162,1568026,0
1568364,1559031801483541,70729542,0.59197516,202,1568163,1568364,1568185,0
1568582,1559031803273166,70298292,0.59319544,218,1568365,1568582,1568469,0
1568684,1559031803278250,70724375,0.56035767,102,1568583,1568684,1568614,0
1568901,1559031803471708,71513750,0.59242797,217,1568685,1568901,1568764,0
1569138,1559031804621750,71477125,0.59253761,237,1568902,1569138,1569107,0
1569244,1559031805973333,70650500,0.6337925,106,1569139,1569244,1569185,0
1569500,1559031806939958,70953292,0.62627704,256,1569245,1569500,1569375,0
1569756,1559031807838791,71247250,0.57674917,256,1569501,1569756,1569699,0
1569859,1559031808764041,71018917,0.58328891,103,1569757,1569859,1569794,0
1570082,1559031809731916,70871375,0.61252297,223,1569860,1570082,1570042,0
1570338,1559031811858458,69994917,0.63678324,256,1570083,1570338,1570318,0
1570379,1559031811860708,70155958,0.54759996,41,1570339,1570379,1570361,0
1570588,1559031811872000,71154041,0.61420734,209,1570380,1570588,1570414,0
1570794,1559031812564250,71453541,0.60904724,206,1570589,1570794,1570774,0
1570954,1559031812572875,72175875,0.5744922,160,1570795,1570954,1570931,0
1571206,1559031814309958,71616792,0.60613878,252,1570955,1571206,1571059,0
1571455,1559031814972375,72146166,0.59180814,249,1571207,1571455,1571400,0
1571655,1559031816188250,72020500,0.61424834,200,1571456,1571655,1571517,0
1571818,1559031816810000,72190875,0.59625723,163,1571656,1571818,1571789,0
1571924,1559031816815291,72703334,0.58037812,106,1571819,1571924,1571915,0
1572050,1559031817890583,72556167,0.60373505,126,1571925,1572050,1572002,0
1572293,1559031819090208,72813208,0.61460563,243,1572051,1572293,1572272,0
1572316,1559031819091375,72985083,0.53343172,23,1572294,1572316,1572295,0
1572423,1559031819096666,73440709,0.63025999,107,1572317,1572423,1572376,0
1572679,1559031821025000,72691250,0.66362755,256,1572424,1572679,1572543,0
1572889,1559031822279500,72351333,0.59566289,210,1572680,1572889,1572887,0
1573145,1559031823162958,72612292,0.62217051,256,1572890,1573145,1572917,0
1573401,1559031823414166,73525459,0.64805175,256,1573146,1573401,1573382,0
1573657,1559031823758750,74295000,0.60259417,256,1573402,1573657,1573615,0
1573913,1559031824501791,74669542,0.62971467,256,1573658,1573913,1573773,0
1574122,1559031824583208,75526292,0.6198063,209,1573914,1574122,1573982,0
1574330,1559031824701125,76292708,0.58066036,208,1574123,1574330,1574261,0
1574536,1559031824909166,77063792,0.62529003,206,1574331,1574536,1574439,0
1574736,1559031825465666,77404584,0.60866964,200,1574537,1574736,1574643,0
1574766,1559031825467208,77542292,0.62864922,30,1574737,1574766,1574749,0
1574861,1559031825472000,77960125,0.58913855,95,1574767,1574861,1574808,0
1575117,1559031826494750,79327125,0.62037311,256,1574862,1575117,1575030,0
1575222,1559031826500000,79328916,0.55518353,105,1575118,1575222,1575129,0
1575364,1559031826750500,79879666,0.55209246,142,1575223,1575364,1575270,0
1575592,1559031827269833,81492625,0.63898438,228,1575365,1575592,1575524,0
1575736,1559031827277041,81636000,0.60914251,144,1575593,1575736,1575632,0
1575802,1559031827953666,81302709,0.57661624,66,1575737,1575802,1575762,0
1576008,1559031829138250,81087833,0.60579449,206,1575803,1576008,1575865,0
1576264,1559031830851916,80597584,0.59432828,256,1576009,1576264,1576156,0
1576392,1559031832269416,79775667,0.56983826,128,1576265,1576392,1576319,0
1576562,1559031833924958,78936583,0.57141594,170,1576393,1576562,1576495,0
1576818,1559031835221791,78871250,0.58731305,256,1576563,1576818,1576756,0
1577001,1559031836473541,78532000,0.59258233,183,1576819,1577001,1576966,0
1577068,1559031836477208,78851542,0.63939749,67,1577002,1577068,1577044,0
1577084,1559031836478041,78940709,0.61651825,16,1577069,1577084,1577074,0
1577100,1559031836478916,79030875,0.55318249,16,1577085,1577100,1577088,0
1577255,1559031837491291,78737792,0.58810538,155,1577101,1577255,1577125,0
1577511,1559031839169625,78321875,0.63027226,256,1577256,1577511,1577374,0
1577700,1559031839179791,79236167,0.58755874,189,1577512,1577700,1577610,0
1577956,1559031840044625,79600500,0.56916369,256,1577701,1577956,1577873,0
1578081,1559031841331750,78919125,0.62146377,125,1577957,1578081,1577982,0
1578286,1559031841465125,79783791,0.60246461,205,1578082,1578286,1578132,0
1578470,1559031841546458,80613542,0.59872554,184,1578287,1578470,1578429,0
1578695,1559031842225916,80959375,0.59822397,225,1578471,1578695,1578555,0
1578875,1559031844216541,79812959,0.59446178,180,1578696,1578875,1578809,0
1579113,1559031844999500,80148291,0.61647809,238,1578876,1579113,1579082,0
1579244,1559031846127041,79650959,0.61940373,131,1579114,1579244,1579121,0
1579446,1559031847094708,79615958,0.61862896,202,1579245,1579446,1579321,0
1579642,1559031848269791,79312209,0.64121584,196,1579447,1579642,1579528,0
1579740,1559031849747833,78283500,0.58915033,98,1579643,1579740,1579691,0
1579910,1559031851519500,77268708,0.60850876,170,1579741,1579910,1579793,0
1580166,1559031852219583,77652167,0.59243858,256,1579911,1580166,1580049,0
1580422,1559031853178083,77851583,0.63755647,256,1580167,1580422,1580220,0
1580590,1559031853305333,78482667,0.60332944,168,1580423,1580590,1580530,0
1580753,1559031854178291,78303375,0.55736775,163,1580591,1580753,1580625,0
1580938,1559031855583666,77742084,0.6298314,185,1580754,1580938,1580816,0
1581097,1559031855591500,78423041,0.5681895,159,1580939,1581097,1581068,0
1581310,1559031858432541,76622584,0.58800449,213,1581098,1581310,1581254,0
1581551,1559031859342791,76642959,0.5797155,241,1581311,1581551,1581501,0
1581721,1559031860538625,76169708,0.58821582,170,1581552,1581721,1581558,0
1581977,1559031861421208,76423708,0.61040398,256,1581722,1581977,1581805,0
1582224,1559031864010500,74965416,0.6066355,247,1581978,1582224,1582016,0
1582464,1559031865160333,74961667,0.57977163,240,1582225,1582464,1582353,0
1582504,1559031865162666,75167625,0.54903925,40,1582465,1582504,1582502,0
1582757,1559031865390375,76127583,0.65932005,253,1582505,1582757,1582599,0
1583013,1559031867180416,75549542,0.59602317,256,1582758,1583013,1582964,0
1583181,1559031867189458,76373708,0.60274246,168,1583014,1583181,1583133,0
1583384,1559031868878000,75643250,0.59988771,203,1583182,1583384,1583364,0
1583550,1559031870105291,75191834,0.59365443,166,1583385,1583550,1583546,0
1583629,1559031870109541,75613292,0.61212021,79,1583551,1583629,1583568,0
1583825,1559031873491458,73242792,0.6686183,196,1583630,1583825,1583692,0
1584018,1559031873585791,74066709,0.56468519,193,1583826,1584018,1583867,0
1584274,1559031874015958,74846167,0.61662286,256,1584019,1584274,1584199,0
1584413,1559031874023916,75544542,0.64193169,139,1584275,1584413,1584347,0
1584578,1559031875013083,75312417,0.56950513,165,1584414,1584578,1584506,0
1584678,1559031875018500,75797166,0.58499298,100,1584579,1584678,1584588,0
1584865,1559031876694041,74981334,0.58175114,187,1584679,1584865,1584783,0
1585072,1559031877957875,74615291,0.6016676,207,1584866,1585072,1585064,0
1585233,1559031879149125,74141000,0.592464,161,1585073,1585233,1585123,0
1585484,1559031879697916,74721709,0.61858467,251,1585234,1585484,1585336,0
1585634,1559031879706000,75591625,0.58407239,150,1585485,1585634,1585503,0
1585731,1559031880646458,74924958,0.59487259,97,1585635,1585731,1585695,0
1585933,1559031881905333,74531458,0.57453155,202,1585732,1585933,1585774,0
1586189,1559031882089708,75549458,0.58325845,256,1585934,1586189,1586087,0
1586391,1559031883039250,75397250,0.57110776,202,1586190,1586391,1586261,0
1586626,1559031884777541,74706042,0.62981849,235,1586392,1586626,1586568,0
1586751,1559031884784291,75239167,0.57381751,125,1586627,1586751,1586640,0
1586987,1559031885973458,75138375,0.61250639,236,1586752,1586987,1586967,0
1587243,1559031887107958,75188292,0.65859587,256,1586988,1587243,1587048,0
1587445,1559031888793166,74413875,0.60433851,202,1587244,1587445,1587327,0
1587682,1559031889915500,74352416,0.60328128,237,1587446,1587682,1587525,0
1587829,1559031890519416,74443875,0.58603592,147,1587683,1587829,1587736,0
1588067,1559031891927916,74179292,0.58117719,238,1587830,1588067,1588034,0
1588263,1559031892123875,74924666,0.6051523,196,1588068,1588263,1588138,0
1588319,1559031892126708,75176333,0.5701834,56,1588264,1588319,1588306,0
1588370,1559031892129291,75450209,0.60298794,51,1588320,1588370,1588341,0
1588446,1559031892580166,75358417,0.60204624,76,1588371,1588446,1588401,0
1588563,1559031893779458,74709958,0.56066409,117,1588447,1588563,1588554,0
1588819,1559031895864416,73861500,0.59933504,256,1588564,1588819,1588796,0
1588989,1559031897150125,73419500,0.61451882,170,1588820,1588989,1588947,0
1589245,1559031898310333,73611333,0.64303692,256,1588990,1589245,1589078,0
1589407,1559031899607708,72981958,0.57807864,162,1589246,1589407,1589335,0
1589661,1559031900139500,73744000,0.61402743,254,1589408,1589661,1589611,0
1589880,1559031901945125,73008333,0.59535371,219,1589662,1589880,1589827,0
1589939,1559031901948125,73315291,0.57895925,59,1589881,1589939,1589927,0
1590161,1559031902962750,73403666,0.61915101,222,1589940,1590161,1589963,0
1590244,1559031902967250,73768541,0.57221192,83,1590162,1590244,1590226,0
1590425,1559031903071916,74511750,0.61467062,181,1590245,1590425,1590317,0
1590595,1559031903554083,74852167,0.59832341,170,1590426,1590595,1590499,0
1590716,1559031903560666,75368334,0.57762067,121,1590596,1590716,1590641,0
1590875,1559031906715875,72951458,0.5910827,159,1590717,1590875,1590815,0
1590981,1559031906721625,73428250,0.60441898,106,1590876,1590981,1590906,0
1591141,1559031906730291,74152500,0.60027493,160,1590982,1591141,1591111,0
1591331,1559031906740583,75007958,0.61028263,190,1591142,1591331,1591281,0
1591515,1559031908630166,74051875,0.66421782,184,1591332,1591515,1591410,0
1591653,1559031908937000,74354041,0.61290356,138,1591516,1591653,1591574,0
1591755,1559031908942833,74794125,0.60278975,102,1591654,1591755,1591713,0
1591969,1559031910317625,74374500,0.64918656,214,1591756,1591969,1591800,0
1592191,1559031911494791,74203292,0.59092323,222,1591970,1592191,1592037,0
1592323,1559031911503125,74797416,0.59030164,132,1592192,1592323,1592263,0
1592579,1559031915117250,72369791,0.65669599,256,1592324,1592579,1592546,0
1592595,1559031915118125,72458000,0.63011053,16,1592580,1592595,1592582,0
1592611,1559031915119000,72553750,0.60953219,16,1592596,1592611,1592608,0
1592627,1559031915119875,72629750,0.56683029,16,1592612,1592627,1592617,0
1592703,1559031915509500,72613916,0.63442299,76,1592628,1592703,1592633,0
1592761,1559031915512625,72872291,0.54975996,58,1592704,1592761,1592734,0
1592968,1559031915523875,73829833,0.59736265,207,1592762,1592968,1592835,0
1593224,1559031915594958,75063958,0.62120374,256,1592969,1593224,1593029,0
1593480,1559031916556791,75333875,0.60772612,256,1593225,1593480,1593425,0
1593522,1559031917540541,74553334,0.60193256,42,1593481,1593522,1593481,0
1593651,1559031917547583,75185667,0.57006598,129,1593523,1593651,1593623,0
1593723,1559031917551458,75530667,0.57819875,72,1593652,1593723,1593714,0
1593827,1559031918409833,75178542,0.55917741,104,1593724,1593827,1593756,0
1594044,1559031920310666,74334334,0.62012724,217,1593828,1594044,1593966,0
1594300,1559031921345458,74573750,0.62712254,256,1594045,1594300,1594281,0
1594521,1559031922675416,74348042,0.60192367,221,1594301,1594521,1594373,0
1594777,1559031924185416,74106000,0.59939127,256,1594522,1594777,1594578,0
1595018,1559031925820583,73650917,0.62206653,241,1594778,1595018,1594923,0
1595226,1559031926719291,73807875,0.62019624,208,1595019,1595226,1595197,0
1595400,1559031927607666,73913625,0.62414991,174,1595227,1595400,1595367,0
1595601,1559031928031666,74312375,0.62464416,201,1595401,1595601,1595509,0
1595635,1559031928814041,73677084,0.5783423,34,1595602,1595635,1595602,0
1595871,1559031931064125,72495125,0.57558784,236,1595636,1595871,1595683,0
1595922,1559031931066750,72713958,0.53749776,51,1595872,1595922,1595915,0
1596122,1559031931808083,72861083,0.63017868,200,1595923,1596122,1596085,0
1596340,1559031932588416,73073250,0.57751257,218,1596123,1596340,1596337,0
1596524,1559031933683958,72788833,0.61242889,184,1596341,1596524,1596400,0
1596780,1559031936743083,70925708,0.59227937,256,1596525,1596780,1596660,0
1597036,1559031939227166,69532250,0.59442219,256,1596781,1597036,1596912,0
1597205,1559031940191458,69303250,0.63125636,169,1597037,1597205,1597204,0
1597221,1559031940192375,69390916,0.5611185,16,1597206,1597221,1597206,0
1597303,1559031940196791,69752709,0.63925784,82,1597222,1597303,1597231,0
1597454,1559031940382500,70265916,0.61598194,151,1597304,1597454,1597317,0
1597658,1559031942816125,68779875,0.58870569,204,1597455,1597658,1597567,0
1597867,1559031944533541,67983417,0.61103145,209,1597659,1597867,1597792,0
1598112,1559031945365666,68279667,0.61090879,245,1597868,1598112,1598079,0
1598220,1559031945761583,68395250,0.59589135,108,1598113,1598220,1598153,0
1598466,1559031946800541,68714334,0.61692627,246,1598221,1598466,1598449,0
1598570,1559031946806166,69226042,0.59304753,104,1598467,1598570,1598479,0
1598775,1559031947692666,69166959,0.59929395,205,1598571,1598775,1598638,0
1598845,1559031947696416,69656125,0.57751384,70,1598776,1598845,1598785,0
1599049,1559031948923375,69280458,0.64087453,204,1598846,1599049,1598872,0
1599076,1559031948924833,69379292,0.4995355,27,1599050,1599076,1599068,0
1599318,1559031949641250,69783083,0.6315689,242,1599077,1599318,1599100,0
1599574,1559031950827958,69805125,0.61522731,256,1599319,1599574,1599562,0
1599619,1559031950830416,70040959,0.63829549,45,1599575,1599619,1599582,0
1599635,1559031950831250,70123666,0.51897098,16,1599620,1599635,1599625,0
1599825,1559031952583875,69325916,0.62853484,190,1599636,1599825,1599785,0
1599982,1559031953337458,69302000,0.5970506,157,1599826,1599982,1599975,0
1600040,1559031954461166,68475084,0.60755528,58,1599983,1600040,1599992,0
1600118,1559031954465083,68858042,0.59831643,78,1600041,1600118,1600071,0
1600223,1559031955413333,68448208,0.60530327,105,1600119,1600223,1600165,0
1600470,1559031955979208,69068917,0.60754791,247,1600224,1600470,1600431,0
1600697,1559031956510875,69611666,0.62263458,227,1600471,1600697,1600529,0
1600915,1559031957620541,69576500,0.60779822,218,1600698,1600915,1600800,0
1601171,1559031958875833,69419042,0.60230919,256,1600916,1601171,1600956,0
1601391,1559031960138541,69153459,0.63330478,220,1601172,1601391,1601378,0
1601536,1559031961116208,68843542,0.62107006,145,1601392,1601536,1601418,0
1601792,1559031963235583,67894125,0.64410942,256,1601537,1601792,1601775,0
1601870,1559031963239541,68233209,0.56726176,78,1601793,1601870,1601858,0
1601990,1559031964311458,67714625,0.59444516,120,1601871,1601990,1601939,0
1602225,1559031965029625,68065583,0.6023155,235,1601991,1602225,1602198,0
1602442,1559031966145916,67880459,0.59392582,217,1602226,1602442,1602393,0
1602678,1559031967428000,67739291,0.6397648,236,1602443,1602678,1602632,0
1602911,1559031967632583,68577292,0.63364895,233,1602679,1602911,1602719,0
1603163,1559031968525458,68800208,0.60877202,252,1602912,1603163,1602968,0
1603339,1559031969809500,68329250,0.61318985,176,1603164,1603339,1603213,0
1603404,1559031969813083,68661917,0.62750057,65,1603340,1603404,1603340,0
1603631,1559031970623791,68888084,0.63772835,227,1603405,1603631,1603564,0
1603764,1559031973938083,66293958,0.61225154,133,1603632,1603764,1603693,0
1603908,1559031973945916,66997000,0.60141272,144,1603765,1603908,1603780,0
1604131,1559031975273958,66739708,0.64164905,223,1603909,1604131,1603983,0
1604361,1559031977611166,65537834,0.64319282,230,1604132,1604361,1604236,0
1604557,1559031977621000,66473916,0.60900428,196,1604362,1604557,1604495,0
1604813,1559031978972750,66410208,0.63325526,256,1604558,1604813,1604770,0
1605009,1559031978982666,67332459,0.63732299,196,1604814,1605009,1604909,0
1605206,1559031979709458,67557875,0.574203,197,1605010,1605206,1605132,0
1605319,1559031980202708,67630208,0.59443301,113,1605207,1605319,1605257,0
1605447,1559031980209125,68259958,0.64122953,128,1605320,1605447,1605392,0
1605637,1559031981770416,67619167,0.62660174,190,1605448,1605637,1605570,0
1605798,1559031981778458,68434667,0.64987984,161,1605638,1605798,1605685,0
1606054,1559031983296625,68201833,0.60605493,256,1605799,1606054,1605837,0
1606310,1559031983884750,68817583,0.65296432,256,1606055,1606310,1606301,0
1606332,1559031984712208,68107792,0.63426197,22,1606311,1606332,1606311,0
1606348,1559031984713000,68172166,0.62393145,16,1606333,1606348,1606345,0
1606470,1559031984719166,68716000,0.57621968,122,1606349,1606470,1606453,0
1606701,1559031985733083,68752000,0.61340293,231,1606471,1606701,1606526,0
1606774,1559031985736750,69113791,0.64018076,73,1606702,1606774,1606720,0
1607005,1559031986343875,69730041,0.62623433,231,1606775,1607005,1606952,0
1607139,1559031987555416,69164792,0.63829761,134,1607006,1607139,1607086,0
1607395,1559031987632625,70237666,0.59043634,256,1607140,1607395,1607340,0
1607650,1559031987803500,71268958,0.61976185,255,1607396,1607650,1607469,0
1607757,1559031988461083,71118250,0.58665878,107,1607651,1607757,1607746,0
1607934,1559031988469958,71980500,0.64076093,177,1607758,1607934,1607886,0
1608190,1559031989406166,72252625,0.60188761,256,1607935,1608190,1608135,0
1608446,1559031990638250,72224375,0.64467236,256,1608191,1608446,1608411,0
1608570,1559031991913500,71550833,0.61130411,124,1608447,1608570,1608568,0
1608586,1559031991914375,71620750,0.59548323,16,1608571,1608586,1608576,0
1608612,1559031991915791,71796834,0.57333524,26,1608587,1608612,1608600,0
1608868,1559031992216875,72687500,0.62364927,256,1608613,1608868,1608705,0
1609124,1559031993190666,73074000,0.67610459,256,1608869,1609124,1609061,0
1609144,1559031993191750,73193000,0.60968774,20,1609125,1609144,1609125,0
1609311,1559031993589791,73656750,0.61145127,167,1609145,1609311,1609239,0
1609533,1559031994737458,73627583,0.64185669,222,1609312,1609533,1609531,0
1609549,1559031996001375,72453500,0.61218954,16,1609534,1609549,1609547,0
1609565,1559031996002208,72568292,0.63188469,16,1609550,1609565,1609553,0
1609581,1559031996003041,72636000,0.53284677,16,1609566,1609581,1609573,0
1609783,1559031997042625,72670125,0.59322286,202,1609582,1609783,1609671,0
1610016,1559031998311916,72504959,0.60819544,233,1609784,1610016,1609835,0
1610159,1559031999552041,71995875,0.58116441,143,1610017,1610159,1610078,0
1610356,1559031999562750,73000333,0.60853292,197,1610160,1610356,1610172,0
1610514,1559032002397041,71027667,0.62492758,158,1610357,1610514,1610455,0
1610643,1559032002520916,71548625,0.65325771,129,1610515,1610643,1610628,0
1610659,1559032002521916,71740834,0.54957731,16,1610644,1610659,1610652,0
1610675,1559032002522833,71741958,0.67894507,16,1610660,1610675,1610670,0
1610787,1559032002529375,72283916,0.59033335,112,1610676,1610787,1610778,0
1610933,1559032003861875,71707708,0.60293968,146,1610788,1610933,1610874,0
1611131,1559032004727416,71865042,0.62888831,198,1610934,1611131,1611130,0
1611147,1559032004728375,71958750,0.64961557,16,1611132,1611147,1611141,0
1611163,1559032004729375,72065500,0.60670492,16,1611148,1611163,1611152,0
1611293,1559032005825833,71632375,0.61990471,130,1611164,1611293,1611164,0
1611549,1559032006546500,72123000,0.65605684,256,1611294,1611549,1611445,0
1611805,1559032007628333,72258792,0.63862436,256,1611550,1611805,1611769,0
1611984,1559032008782291,72064542,0.61520012,179,1611806,1611984,1611924,0
1612240,1559032009569625,72463291,0.64809905,256,1611985,1612240,1612177,0
1612258,1559032009570541,72553542,0.60487272,18,1612241,1612258,1612258,0
1612280,1559032009571666,72667250,0.59843965,22,1612259,1612280,1612269,0
1612324,1559032009637041,72811917,0.61243982,44,1612281,1612324,1612291,0
1612378,1559032009639750,73053791,0.60094351,54,1612325,1612378,1612345,0
1612634,1559032010083625,73833791,0.61548058,256,1612379,1612634,1612614,0
1612837,1559032012564291,72303375,0.59944774,203,1612635,1612837,1612746,0
1613093,1559032013657458,72448042,0.64472019,256,1612838,1613093,1613083,0
1613294,1559032015400500,71655791,0.6103563,201,1613094,1613294,1613170,0
1613537,1559032016006791,72251042,0.60813703,243,1613295,1613537,1613493,0
1613605,1559032016010750,72560416,0.6762325,68,1613538,1613605,1613542,0
1613655,1559032017240666,71585042,0.62823744,50,1613606,1613655,1613626,0
1613671,1559032018224458,70664792,0.5566697,16,1613656,1613671,1613661,0
1613827,1559032018369000,71211250,0.59521602,156,1613672,1613827,1613768,0
1614063,1559032019483208,71236542,0.63039284,236,1613828,1614063,1613973,0
1614299,1559032020936208,70982167,0.65093792,236,1614064,1614299,1614183,0
1614534,1559032020997125,72076666,0.61951663,235,1614300,1614534,1614506,0
1614669,1559032022505583,71231083,0.57141395,135,1614535,1614669,1614569,0
1614900,1559032023891000,70973791,0.60176922,231,1614670,1614900,1614706,0
1615108,1559032025130333,70770750,0.62239543,208,1614901,1615108,1615087,0
1615238,1559032026168166,70350042,0.62346011,130,1615109,1615238,1615153,0
1615394,1559032029302625,67986166,0.62318861,156,1615239,1615394,1615354,0
1615595,1559032029312750,69013041,0.60631253,201,1615395,1615595,1615412,0
1615709,1559032030013875,68897666,0.5983163,114,1615596,1615709,1615687,0
1615862,1559032030022708,69660500,0.60674639,153,1615710,1615862,1615743,0
1616118,1559032031546541,69365459,0.59356166,256,1615863,1616118,1616042,0
1616374,1559032033147458,69020417,0.62176583,256,1616119,1616374,1616319,0
1616621,1559032036263916,67456334,0.67761214,247,1616375,1616621,1616606,0
1616637,1559032036264708,67461917,0.61553055,16,1616622,1616637,1616632,0
1616653,1559032036265500,67462250,0.59797442,16,1616638,1616653,1616650,0
1616836,1559032037391333,67119125,0.582646,183,1616654,1616836,1616675,0
1617052,1559032038391416,67239750,0.63351258,216,1616837,1617052,1616970,0
1617143,1559032038395916,67616084,0.59799253,91,1617053,1617143,1617104,0
1617374,1559032038630125,68536083,0.6318691,231,1617144,1617374,1617349,0
1617491,1559032039532708,68257333,0.61632936,117,1617375,1617491,1617400,0
1617743,1559032040973708,68021417,0.60372303,252,1617492,1617743,1617572,0
1617813,1559032043187083,66159667,0.5882785,70,1617744,1617813,1617751,0
1618012,1559032044336583,65964250,0.58486997,199,1617814,1618012,1617928,0
1618150,1559032044344083,66639250,0.59024759,138,1618013,1618150,1618099,0
1618393,1559032045440875,66715791,0.59034687,243,1618151,1618393,1618390,0
1618409,1559032046387041,65856917,0.55699863,16,1618394,1618409,1618403,0
1618567,1559032046395666,66644959,0.62271564,158,1618410,1618567,1618538,0
1618823,1559032047832333,66461042,0.68728591,256,1618568,1618823,1618577,0
1619036,1559032048490083,66838792,0.61264445,213,1618824,1619036,1618860,0
1619205,1559032049426666,66744750,0.60049282,169,1619037,1619205,1619088,0
1619431,1559032050241583,67026375,0.61710258,226,1619206,1619431,1619209,0
1619687,1559032051636041,66900584,0.6286582,256,1619432,1619687,1619592,0
1619925,1559032052873625,66832916,0.6453923,238,1619688,1619925,1619761,0
1619957,1559032052875250,67003333,0.63490297,32,1619926,1619957,1619931,0
1620115,1559032052932541,67745000,0.58354475,158,1619958,1620115,1620090,0
1620238,1559032053563541,67729709,0.598356,123,1620116,1620238,1620229,0
1620254,1559032053564333,67826000,0.61071043,16,1620239,1620254,1620244,0
1620335,1559032053568458,68324583,0.6416423,81,1620255,1620335,1620262,0
1620543,1559032054520750,68375958,0.60697028,208,1620336,1620543,1620435,0
1620689,1559032054529333,69122250,0.62430912,146,1620544,1620689,1620661,0
1620775,1559032056724208,67354667,0.63129476,86,1620690,1620775,1620723,0
1620964,1559032057865750,67140333,0.62201745,189,1620776,1620964,1620885,0
1621153,1559032059086208,66842708,0.64913662,189,1620965,1621153,1621021,0
1621382,1559032059620375,67491666,0.64973736,229,1621154,1621382,1621379,0
1621398,1559032059621166,67582625,0.63136751,16,1621383,1621398,1621383,0
1621414,1559032059621958,67691500,0.61705484,16,1621399,1621414,1621404,0
1621469,1559032059624750,67945875,0.55190295,55,1621415,1621469,1621417,0
1621725,1559032061764458,67086333,0.58835701,256,1621470,1621725,1621724,0
1621901,1559032062909208,66823417,0.61284035,176,1621726,1621901,1621740,0
1622157,1559032063632666,67408000,0.64470687,256,1621902,1622157,1622057,0
1622405,1559032063732500,68564958,0.59847605,248,1622158,1622405,1622228,0
1622519,1559032066335958,66549417,0.63934525,114,1622406,1622519,1622519,0
1622775,1559032066445125,67818000,0.68487594,256,1622520,1622775,1622573,0
1623031,1559032067231083,68281125,0.60635518,256,1622776,1623031,1622827,0
1623237,1559032068415416,68173584,0.63492915,206,1623032,1623237,1623095,0
1623493,1559032068565083,69306125,0.64038003,256,1623238,1623493,1623424,0
1623694,1559032068651041,70407209,0.60458498,201,1623494,1623694,1623626,0
1623903,1559032068731666,71363917,0.59896902,209,1623695,1623903,1623733,0
1624115,1559032070933833,70209500,0.61138184,212,1623904,1624115,1623938,0
1624326,1559032071615375,70572500,0.57218914,211,1624116,1624326,1624261,0
1624476,1559032074086583,68873542,0.62098797,150,1624327,1624476,1624466,0
1624548,1559032074090500,69210291,0.59808108,72,1624477,1624548,1624491,0
1624776,1559032074208041,70283417,0.62856775,228,1624549,1624776,1624618,0
1624888,1559032074834250,70201208,0.59053032,112,1624777,1624888,1624870,0
1625022,1559032074841583,70858625,0.59013306,134,1624889,1625022,1624920,0
1625278,1559032076640875,70396916,0.64044553,256,1625023,1625278,1625223,0
1625421,1559032076649250,71109916,0.59338657,143,1625279,1625421,1625400,0
1625677,1559032078682500,70397375,0.62097953,256,1625422,1625677,1625488,0
1625846,1559032079900708,70039250,0.59937517,169,1625678,1625846,1625735,0
1626000,1559032080820125,69890958,0.60027526,154,1625847,1626000,1625892,0
1626016,1559032080820916,69975167,0.60962017,16,1626001,1626016,1626008,0
1626044,1559032080822333,70125083,0.56337285,28,1626017,1626044,1626017,0
1626283,1559032082063125,70529875,0.60111605,239,1626045,1626283,1626149,0
1626451,1559032082071583,71555333,0.61720247,168,1626284,1626451,1626347,0
1626707,1559032082268333,72953000,0.64102501,256,1626452,1626707,1626538,0
1626963,1559032082464458,74047208,0.58298577,256,1626708,1626963,1626939,0
1627219,1559032082730750,74956875,0.59691529,256,1626964,1627219,1627134,0
1627475,1559032083952583,74948167,0.6443855,256,1627220,1627475,1627259,0
1627660,1559032084885666,74872500,0.65614144,185,1627476,1627660,1627559,0
1627801,1559032086152791,74262834,0.57842803,141,1627661,1627801,1627773,0
1628057,1559032087135750,74475750,0.61891241,256,1627802,1628057,1628054,0
1628191,1559032087143458,75105250,0.6332931,134,1628058,1628191,1628081,0
1628362,1559032088389000,74656333,0.58710934,171,1628192,1628362,1628196,0
1628492,1559032088704166,74937959,0.58076314,130,1628363,1628492,1628452,0
1628587,1559032088867708,75208417,0.60331849,95,1628493,1628587,1628493,0
1628821,1559032089036375,76105750,0.61998326,234,1628588,1628821,1628701,0
1629059,1559032090769291,75468709,0.65400459,238,1628822,1629059,1629035,0
1629315,1559032091985291,75431584,0.6237523,256,1629060,1629315,1629134,0
1629491,1559032093168875,75056500,0.57439143,176,1629316,1629491,1629387,0
1629642,1559032093789416,75575084,0.6458288,151,1629492,1629642,1629599,0
1629803,1559032094870583,75529833,0.59749237,161,1629643,1629803,1629752,0
1629987,1559032095900791,75641417,0.57496355,184,1629804,1629987,1629961,0
1630118,1559032097346583,74906208,0.597402,131,1629988,1630118,1630061,0
1630374,1559032098346958,75116625,0.61188899,256,1630119,1630374,1630235,0
1630630,1559032099761166,74776084,0.66563199,256,1630375,1630630,1630416,0
1630886,1559032100984500,74711458,0.61303204,256,1630631,1630886,1630869,0
1631093,1559032102253958,74348917,0.59416986,207,1630887,1631093,1631039,0
1631188,1559032102259125,74760833,0.60281846,95,1631094,1631188,1631136,0
1631421,1559032103589250,74495916,0.59442221,233,1631189,1631421,1631299,0
1631592,1559032103661500,75158291,0.57155643,171,1631422,1631592,1631591,0
1631809,1559032103764416,76009417,0.59648675,217,1631593,1631809,1631707,0
1631981,1559032104561916,75950917,0.59384777,172,1631810,1631981,1631879,0
1632173,1559032106190416,75337709,0.65585927,192,1631982,1632173,1632050,0
1632429,1559032106204291,76407167,0.63750405,256,1632174,1632429,1632395,0
1632609,1559032107839750,75529666,0.54946415,180,1632430,1632609,1632482,0
1632865,1559032109090666,75457042,0.65071636,256,1632610,1632865,1632698,0
1633117,1559032109425041,76217417,0.59603534,252,1632866,1633117,1632882,0
1633373,1559032110381291,76430125,0.62639294,256,1633118,1633373,1633314,0
1633622,1559032112802875,75113666,0.59937858,249,1633374,1633622,1633439,0
1633777,1559032112811333,75779375,0.61854913,155,1633623,1633777,1633631,0
1633936,1559032113126666,76211750,0.59637254,159,1633778,1633936,1633899,0
1634192,1559032114397750,76114916,0.6080745,256,1633937,1634192,1633995,0
1634403,1559032115367208,76160667,0.63534921,211,1634193,1634403,1634202,0
1634635,1559032116194958,76398792,0.59496119,232,1634404,1634635,1634459,0
1634687,1559032116197791,76627584,0.59199943,52,1634636,1634687,1634650,0
1634857,1559032117304041,76265625,0.58953778,170,1634688,1634857,1634711,0
1635113,1559032118570750,76177500,0.62598071,256,1634858,1635113,1634911,0
1635369,1559032119964458,75923500,0.62042115,256,1635114,1635369,1635310,0
1635606,1559032120742458,76205333,0.6007891,237,1635370,1635606,1635384,0
1635778,1559032121332125,76357791,0.60044824,172,1635607,1635778,1635687,0
1635951,1559032122059000,76430875,0.60120333,173,1635779,1635951,1635916,0
1636156,1559032122070125,77376958,0.62258164,205,1635952,1636156,1636031,0
1636263,1559032122075916,77887542,0.61672773,107,1636157,1636263,1636177,0
1636326,1559032122886000,77353875,0.58956175,63,1636264,1636326,1636271,0
1636495,1559032122896083,78164250,0.63793373,169,1636327,1636495,1636484,0
1636581,1559032123678416,77769750,0.56634498,86,1636496,1636581,1636552,0
1636819,1559032124127708,78556375,0.65676825,238,1636582,1636819,1636807,0
1636978,1559032125062333,78439208,0.58900255,159,1636820,1636978,1636941,0
1637163,1559032125072416,79290125,0.65068601,185,1636979,1637163,1637136,0
1637285,1559032125976291,78978750,0.61783429,122,1637164,1637285,1637251,0
1637463,1559032125986708,80066125,0.65469798,178,1637286,1637463,1637363,0
1637588,1559032127143166,79727250,0.63176897,125,1637464,1637588,1637523,0
1637700,1559032127149291,80259125,0.55779443,112,1637589,1637700,1637636,0
1637875,1559032127320500,80924916,0.61766377,175,1637701,1637875,1637852,0
1637938,1559032127324291,81219667,0.59563738,63,1637876,1637938,1637928,0
1638092,1559032127604208,81673458,0.58513977,154,1637939,1638092,1637967,0
1638278,1559032127614333,82568167,0.59642016,186,1638093,1638278,1638174,0
1638446,1559032128903541,82052625,0.59249444,168,1638279,1638446,1638446,0
1638501,1559032129834166,81372625,0.58492042,55,1638447,1638501,1638495,0
1638533,1559032129835916,81548625,0.58815758,32,1638502,1638533,1638530,0
1638619,1559032129840625,81945416,0.66309834,86,1638534,1638619,1638535,0
1638875,1559032132329125,80724625,0.61057383,256,1638620,1638875,1638830,0
1639131,1559032132950208,81304125,0.59880173,256,1638876,1639131,1638927,0
1639387,1559032134297291,81163292,0.60759245,256,1639132,1639387,1639191,0
1639643,1559032135567208,81114708,0.65781552,256,1639388,1639643,1639424,0
1639824,1559032136612833,80914375,0.63380544,181,1639644,1639824,1639704,0
1639994,1559032137915833,80413833,0.59752637,170,1639825,1639994,1639856,0
1640199,1559032139833041,79488334,0.60113956,205,1639995,1640199,1640093,0
1640444,1559032142223041,78286292,0.62129579,245,1640200,1640444,1640357,0
1640546,1559032142228958,78742833,0.57520302,102,1640445,1640546,1640514,0
1640693,1559032143332166,78381667,0.62064396,147,1640547,1640693,1640657,0
1640810,1559032143338541,78925875,0.59170674,117,1640694,1640810,1640727,0
1641066,1559032144523666,79137667,0.60302827,256,1640811,1641066,1640880,0
1641288,1559032145729416,79031750,0.60785975,222,1641067,1641288,1641179,0
1641544,1559032147112375,78863625,0.61596974,256,1641289,1641544,1641397,0
1641605,1559032147827333,78424542,0.55640944,61,1641545,1641605,1641553,0
1641861,1559032149966291,77493667,0.56519687,256,1641606,1641861,1641775,0
1642047,1559032150826416,77537334,0.62374666,186,1641862,1642047,1641951,0
1642269,1559032150981333,78428750,0.6010083,222,1642048,1642269,1642117,0
1642525,1559032152537625,78111000,0.58368317,256,1642270,1642525,1642310,0
1642707,1559032156506250,74985708,0.58232311,182,1642526,1642707,1642585,0
1642843,1559032157697291,74464584,0.6099363,136,1642708,1642843,1642804,0
1642937,1559032157702958,74912875,0.57872117,94,1642844,1642937,1642873,0
1643073,1559032158891708,74359042,0.60861314,136,1642938,1643073,1642938,0
1643273,1559032159759541,74465875,0.60607571,200,1643074,1643273,1643247,0
1643315,1559032159761666,74691584,0.61528807,42,1643274,1643315,1643281,0
1643368,1559032159764375,74949500,0.58069453,53,1643316,1643368,1643339,0
1643624,1559032160426791,75847584,0.60228561,256,1643369,1643624,1643523,0
1643880,1559032161634875,75918541,0.65134198,256,1643625,1643880,1643862,0
1644059,1559032162272333,76092375,0.54998836,179,1643881,1644059,1643974,0
1644265,1559032163036291,76300250,0.62799196,206,1644060,1644265,1644136,0
1644521,1559032163684291,76880209,0.64382915,256,1644266,1644521,1644454,0
1644777,1559032165165291,76655542,0.61922696,256,1644522,1644777,1644668,0
1644956,1559032167429458,75243875,0.60329803,179,1644778,1644956,1644799,0
1645212,1559032168272791,75628209,0.62816033,256,1644957,1645212,1645159,0
1645468,1559032169371833,75707583,0.57488227,256,1645213,1645468,1645390,0
1645692,1559032170402375,75752791,0.64913908,224,1645469,1645692,1645529,0
1645859,1559032171562916,75375292,0.59932455,167,1645693,1645859,1645820,0
1646061,1559032172342875,75534875,0.58963899,202,1645860,1646061,1645982,0
1646077,1559032172343666,75615500,0.53059912,16,1646062,1646077,1646069,0
1646243,1559032173720666,75024334,0.61677297,166,1646078,1646243,1646227,0
1646347,1559032173726625,75534375,0.65642894,104,1646244,1646347,1646328,0
1646487,1559032174587291,75326750,0.59803943,140,1646348,1646487,1646352,0
1646652,1559032175691583,75016292,0.61479246,165,1646488,1646652,1646554,0
1646765,1559032175697250,75524583,0.58687898,113,1646653,1646765,1646724,0
1646924,1559032176610166,75631125,0.55178688,159,1646766,1646924,1646795,0
1647142,1559032178105875,75475041,0.59135754,218,1646925,1647142,1647140,0
1647273,1559032178847125,75400958,0.60889053,131,1647143,1647273,1647192,0
1647529,1559032181451083,74132667,0.63722307,256,1647274,1647529,1647528,0
1647785,1559032182623708,74244875,0.6789547,256,1647530,1647785,1647564,0
1647945,1559032182631708,74963833,0.574897,160,1647786,1647945,1647829,0
1648201,1559032184553166,74325917,0.62730144,256,1647946,1648201,1647963,0
1648316,1559032184559958,74848625,0.57473111,115,1648202,1648316,1648260,0
1648571,1559032185669666,74948667,0.64256733,255,1648317,1648571,1648558,0
1648827,1559032186807166,75091125,0.62837244,256,1648572,1648827,1648738,0
1648843,1559032186807958,75171250,0.61037447,16,1648828,1648843,1648830,0
1648859,1559032186808750,75265250,0.58086085,16,1648844,1648859,1648848,0
1648945,1559032187915708,74576167,0.5982365,86,1648860,1648945,1648934,0
1649090,1559032188612125,74623208,0.59210864,145,1648946,1649090,1649019,0
1649243,1559032188619875,75325375,0.60359799,153,1649091,1649243,1649210,0
1649499,1559032189570875,75540083,0.58793211,256,1649244,1649499,1649267,0
1649642,1559032190553375,75155291,0.56453933,143,1649500,1649642,1649549,0
1649898,1559032191551416,75272542,0.59659302,256,1649643,1649898,1649648,0
1650154,1559032192637958,75318917,0.61424866,256,1649899,1650154,1650051,0
1650357,1559032194760291,74104917,0.62930165,203,1650155,1650357,1650343,0
1650507,1559032195900000,73626958,0.56470256,150,1650358,1650507,1650367,0
1650735,1559032196963416,73596167,0.58270619,228,1650508,1650735,1650654,0
1650945,1559032198506791,73103375,0.58112582,210,1650736,1650945,1650827,0
1651197,1559032199464041,73261084,0.62488011,252,1650946,1651197,1650957,0
1651321,1559032199995333,73270000,0.57593519,124,1651198,1651321,1651231,0
1651403,1559032200268958,73396500,0.58236464,82,1651322,1651403,1651396,0
1651461,1559032200272375,73676583,0.57055229,58,1651404,1651461,1651419,0
1651615,1559032200281500,74441250,0.62010245,154,1651462,1651615,1651578,0
1651794,1559032201081208,74863417,0.61426755,179,1651616,1651794,1651636,0
1651887,1559032201480250,74879500,0.61091659,93,1651795,1651887,1651830,0
1652143,1559032202675333,74865958,0.59584126,256,1651888,1652143,1652094,0
1652399,1559032203466250,75220208,0.60658991,256,1652144,1652399,1652213,0
1652620,1559032204369750,75347083,0.61519844,221,1652400,1652620,1652489,0
1652831,1559032204981708,75670708,0.59425728,211,1652621,1652831,1652738,0
1653069,1559032208274708,73471167,0.61129457,238,1652832,1653069,1653016,0
1653308,1559032208888625,73927000,0.60562089,239,1653070,1653308,1653295,0
1653479,1559032209320541,74256542,0.58043604,171,1653309,1653479,1653374,0
1653735,1559032210185375,74544583,0.60377393,256,1653480,1653735,1653520,0
1653885,1559032210958958,74653167,0.62713047,150,1653736,1653885,1653836,0
1653967,1559032210963458,75136625,0.6093607,82,1653886,1653967,1653945,0
1654160,1559032211237541,75737459,0.5839479,193,1653968,1654160,1653972,0
1654416,1559032211437625,76713166,0.65692913,256,1654161,1654416,1654263,0
1654672,1559032213027291,76298125,0.61805452,256,1654417,1654672,1654465,0
1654899,1559032214249875,76089708,0.62261602,227,1654673,1654899,1654803,0
1655089,1559032215470666,75718167,0.57629691,190,1654900,1655089,1655030,0
1655278,1559032215481750,76526083,0.61549548,189,1655090,1655278,1655236,0
1655475,1559032217535541,75348125,0.59284452,197,1655279,1655475,1655433,0
1655670,1559032219340708,74435000,0.59535012,195,1655476,1655670,1655536,0
1655807,1559032220496500,73900958,0.60383213,137,1655671,1655807,1655690,0
1656063,1559032221728291,73799667,0.58227665,256,1655808,1656063,1656062,0
1656319,1559032222284541,74382417,0.57086195,256,1656064,1656319,1656064,0
1656444,1559032222291291,74912834,0.59378722,125,1656320,1656444,1656332,0
1656574,1559032223724833,74066625,0.56336057,130,1656445,1656574,1656467,0
1656824,1559032224805250,74131500,0.62129146,250,1656575,1656824,1656802,0
1656951,1559032225974375,73549791,0.62494963,127,1656825,1656951,1656835,0
1657203,1559032226279125,74375791,0.59723363,252,1656952,1657203,1657044,0
1657459,1559032227470000,74399833,0.58792185,256,1657204,1657459,1657302,0
1657667,1559032228381416,74468959,0.61263605,208,1657460,1657667,1657590,0
1657852,1559032229430375,74563625,0.59954949,185,1657668,1657852,1657720,0
1658090,1559032231499333,73635667,0.61526841,238,1657853,1658090,1657875,0
1658293,1559032232179125,74213291,0.57430543,203,1658091,1658293,1658290,0
1658316,1559032232180375,74331125,0.60018103,23,1658294,1658316,1658300,0
1658332,1559032232181250,74652666,0.61289621,16,1658317,1658332,1658324,0
1658411,1559032232185541,74949792,0.58664847,79,1658333,1658411,1658350,0
1658571,1559032232641875,75257250,0.69292101,160,1658412,1658571,1658558,0
1658587,1559032232642750,75330208,0.6426057,16,1658572,1658587,1658573,0
1658603,1559032232643625,75431041,0.62522518,16,1658588,1658603,1658601,0
1658619,1559032232644458,75526125,0.59500802,16,1658604,1658619,1658615,0
1658635,1559032232645333,75614583,0.57497912,16,1658620,1658635,1658625,0
1658766,1559032232652500,76281125,0.59693152,131,1658636,1658766,1658667,0
1658937,1559032233320416,76452834,0.59034389,171,1658767,1658937,1658883,0
1658986,1559032233323250,76704291,0.55427947,49,1658938,1658986,1658943,0
1659040,1559032234266625,76033833,0.57075411,54,1658987,1659040,1659005,0
1659144,1559032234272291,76566334,0.62245042,104,1659041,1659144,1659046,0
1659311,1559032234477625,77135791,0.57668844,167,1659145,1659311,1659171,0
1659567,1559032234726208,78167333,0.59891146,256,1659312,1659567,1659472,0
1659787,1559032237519416,76424542,0.59348389,220,1659568,1659787,1659762,0
1659918,1559032238345708,76279417,0.59958757,131,1659788,1659918,1659897,0
1660067,1559032238355000,76974916,0.58000046,149,1659919,1660067,1660050,0
1660270,1559032239372666,76916584,0.55770293,203,1660068,1660270,1660242,0
1660526,1559032240606041,76944375,0.60133077,256,1660271,1660526,1660289,0
1660782,1559032242683791,76187084,0.63295032,256,1660527,1660782,1660666,0
1661038,1559032243904375,76183291,0.60153947,256,1660783,1661038,1661002,0
1661248,1559032245101875,76000375,0.59920349,210,1661039,1661248,1661040,0
1661448,1559032246164250,75929916,0.59158211,200,1661249,1661448,1661373,0
1661704,1559032246948291,76446709,0.64671385,256,1661449,1661704,1661544,0
1661960,1559032247968833,76719583,0.63386269,256,1661705,1661960,1661875,0
1661976,1559032247969708,76811458,0.60426512,16,1661961,1661976,1661966,0
1661992,1559032247970583,76894583,0.52578471,16,1661977,1661992,1661989,0
1662140,1559032247978708,77575208,0.5932298,148,1661993,1662140,1662117,0
1662300,1559032248783333,77590583,0.63753856,160,1662141,1662300,1662260,0
1662556,1559032251250291,76386959,0.59024547,256,1662301,1662556,1662375,0
1662707,1559032254270000,74143875,0.63687953,151,1662557,1662707,1662655,0
1662952,1559032257625125,71988708,0.60181328,245,1662708,1662952,1662774,0
1663076,1559032258873291,71364250,0.64143286,124,1662953,1663076,1662978,0
1663299,1559032261913083,69404000,0.57706709,223,1663077,1663299,1663164,0
1663543,1559032262013875,70488208,0.61257362,244,1663300,1663543,1663429,0
1663653,1559032262019875,71011625,0.57822341,110,1663544,1663653,1663593,0
1663823,1559032262079041,71768667,0.60967855,170,1663654,1663823,1663686,0
1663972,1559032262502500,72081875,0.59341199,149,1663824,1663972,1663831,0
1664167,1559032263942000,71613583,0.64639082,195,1663973,1664167,1664021,0
1664183,1559032263942833,71698000,0.5305742,16,1664168,1664183,1664171,0
1664376,1559032265103083,71489458,0.61029215,193,1664184,1664376,1664207,0
1664513,1559032265111250,72136791,0.62883106,137,1664377,1664513,1664431,0
1664763,1559032265732916,72712875,0.56860543,250,1664514,1664763,1664630,0
1664929,1559032266846625,72580500,0.56441215,166,1664764,1664929,1664810,0
1665122,1559032266858083,73454167,0.60762078,193,1664930,1665122,1665012,0
1665295,1559032267971000,73146791,0.61130886,173,1665123,1665295,1665189,0
1665503,1559032268877416,73196709,0.5750652,208,1665296,1665503,1665347,0
1665759,1559032269541833,73730875,0.58355571,256,1665504,1665759,1665754,0
1665957,1559032270578875,73619666,0.58718128,198,1665760,1665957,1665933,0
1666213,1559032273284083,72131542,0.61997599,256,1665958,1666213,1666045,0
1666351,1559032273676250,72374208,0.59053964,138,1666214,1666351,1666343,0
1666607,1559032273937791,73322834,0.63354144,256,1666352,1666607,1666553,0
1666863,1559032275938000,72525875,0.61653147,256,1666608,1666863,1666699,0
1667105,1559032276364666,73241209,0.56357814,242,1666864,1667105,1666908,0
1667288,1559032277542000,72906333,0.59877957,183,1667106,1667288,1667263,0
1667464,1559032278697250,72596208,0.60738056,176,1667289,1667464,1667316,0
1667650,1559032279696583,72433750,0.61848223,186,1667465,1667650,1667567,0
1667906,1559032280669083,72568208,0.5728344,256,1667651,1667906,1667799,0
1668162,1559032282814958,71539583,0.61213227,256,1667907,1668162,1668026,0
1668364,1559032284727208,70500208,0.59197516,202,1668163,1668364,1668185,0
1668582,1559032285591500,70613083,0.59319544,218,1668365,1668582,1668469,0
1668684,1559032286116208,70497750,0.56035767,102,1668583,1668684,1668614,0
1668901,1559032286973708,70612292,0.59242797,217,1668685,1668901,1668764,0
1669138,1559032288080541,70495917,0.59253761,237,1668902,1669138,1669107,0
1669244,1559032289334125,69743708,0.6337925,106,1669139,1669244,1669185,0
1669500,1559032290323375,69905291,0.62627704,256,1669245,1669500,1669375,0
1669756,1559032291173875,70156375,0.57674917,256,1669501,1669756,1669699,0
1669859,1559032292019208,69758250,0.58328891,103,1669757,1669859,1669794,0
1670082,1559032292900958,69838333,0.61252297,223,1669860,1670082,1670042,0
1670338,1559032293789000,70099500,0.63678324,256,1670083,1670338,1670318,0
1670379,1559032293791083,70270833,0.54759996,41,1670339,1670379,1670361,0
1670588,1559032294399833,70593333,0.61420734,209,1670380,1670588,1670414,0
1670794,1559032295536500,70368375,0.60904724,206,1670589,1670794,1670774,0
1670954,1559032295544625,71049083,0.5744922,160,1670795,1670954,1670931,0
1671206,1559032297232166,70447250,0.60613878,252,1670955,1671206,1671059,0
1671455,1559032297793250,70962416,0.59180814,249,1671207,1671455,1671400,0
1671655,1559032298945791,70732375,0.61424834,200,1671456,1671655,1671517,0
1671818,1559032299504333,70917500,0.59625723,163,1671656,1671818,1671789,0
1671924,1559032299509708,71361583,0.58037812,106,1671819,1671924,1671915,0
1672050,1559032300637541,70870125,0.60373505,126,1671925,1672050,1672002,0
1672293,1559032301833916,70760625,0.61460563,243,1672051,1672293,1672272,0
1672316,1559032301835166,70865000,0.53343172,23,1672294,1672316,1672295,0
1672423,1559032301840958,71317667,0.63025999,107,1672317,1672423,1672376,0
1672679,1559032304005500,70315916,0.66362755,256,1672424,1672679,1672543,0
1672889,1559032305131416,70114500,0.59566289,210,1672680,1672889,1672887,0
1673145,1559032306365500,70033458,0.62217051,256,1672890,1673145,1672917,0
1673401,1559032306646333,70921458,0.64805175,256,1673146,1673401,1673382,0
1673657,1559032307234833,71437208,0.60259417,256,1673402,1673657,1673615,0
1673913,1559032307891708,71910292,0.62971467,256,1673658,1673913,1673773,0
1674122,1559032307999375,72733666,0.6198063,209,1673914,1674122,1673982,0
1674330,1559032308089375,73528916,0.58066036,208,1674123,1674330,1674261,0
1674536,1559032308267125,74279125,0.62529003,206,1674331,1674536,1674439,0
1674736,1559032308931000,74487333,0.60866964,200,1674537,1674736,1674643,0
1674766,1559032308932625,74616375,0.62864922,30,1674737,1674766,1674749,0
1674861,1559032308937833,75010917,0.58913855,95,1674767,1674861,1674808,0
1675117,1559032310051666,75042417,0.62037311,256,1674862,1675117,1675030,0
1675222,1559032310057833,75486125,0.55518353,105,1675118,1675222,1675129,0
1675364,1559032310304000,75845583,0.55209246,142,1675223,1675364,1675270,0
1675592,1559032310831500,76352875,0.63898438,228,1675365,1675592,1675524,0
1675736,1559032310839875,77039625,0.60914251,144,1675593,1675736,1675632,0
1675802,1559032311618291,76499959,0.57661624,66,1675737,1675802,1675762,0
1676008,1559032312903958,76201625,0.60579449,206,1675803,1676008,1675865,0
1676264,1559032314621291,75630792,0.59432828,256,1676009,1676264,1676156,0
1676392,1559032315329375,75479041,0.56983826,128,1676265,1676392,1676319,0
1676562,1559032317542333,74012083,0.57141594,170,1676393,1676562,1676495,0
1676818,1559032318868708,73823250,0.58731305,256,1676563,1676818,1676756,0
1677001,1559032320111041,73415584,0.59258233,183,1676819,1677001,1676966,0
1677068,1559032320114958,73727542,0.63939749,67,1677002,1677068,1677044,0
1677084,1559032320115958,73804167,0.61651825,16,1677069,1677084,1677074,0
1677100,1559032320116875,73878750,0.55318249,16,1677085,1677100,1677088,0
1677255,1559032321121666,73557375,0.58810538,155,1677101,1677255,1677125,0
1677511,1559032322086333,73754000,0.63027226,256,1677256,1677511,1677374,0
1677700,1559032322096500,74587625,0.58755874,189,1677512,1677700,1677610,0
1677956,1559032323390958,74417583,0.56916369,256,1677701,1677956,1677873,0
1678081,1559032324706000,73682250,0.62146377,125,1677957,1678081,1677982,0
1678286,1559032324792541,74523167,0.60246461,205,1678082,1678286,1678132,0
1678470,1559032324889541,75266500,0.59872554,184,1678287,1678470,1678429,0
1678695,1559032325555791,75588667,0.59822397,225,1678471,1678695,1678555,0
1678875,1559032327653416,74377667,0.59446178,180,1678696,1678875,1678809,0
1679113,1559032328414166,74695334,0.61647809,238,1678876,1679113,1679082,0
1679244,1559032329629000,74089833,0.61940373,131,1679114,1679244,1679121,0
1679446,1559032330251833,74406500,0.61862896,202,1679245,1679446,1679321,0
1679642,1559032331322625,74304500,0.64121584,196,1679447,1679642,1679528,0
1679740,1559032332530916,73578500,0.58915033,98,1679643,1679740,1679691,0
1679910,1559032333859041,73025917,0.60850876,170,1679741,1679910,1679793,0
1680166,1559032334582625,73435250,0.59243858,256,1679911,1680166,1680049,0
1680422,1559032335572208,73639750,0.63755647,256,1680167,1680422,1680220,0
1680590,1559032335662458,74307917,0.60332944,168,1680423,1680590,1680530,0
1680753,1559032336593333,74102792,0.55736775,163,1680591,1680753,1680625,0
1680938,1559032337257000,74317833,0.6298314,185,1680754,1680938,1680816,0
1681097,1559032337266500,75030166,0.5681895,159,1680939,1681097,1681068,0
1681310,1559032341143000,72161958,0.58800449,213,1681098,1681310,1681254,0
1681551,1559032342111125,72242875,0.5797155,241,1681311,1681551,1681501,0
1681721,1559032343297000,71804875,0.58821582,170,1681552,1681721,1681558,0
1681977,1559032344220666,72056625,0.61040398,256,1681722,1681977,1681805,0
1682224,1559032346044583,71321250,0.6066355,247,1681978,1682224,1682016,0
1682464,1559032347296291,71096250,0.57977163,240,1682225,1682464,1682353,0
1682504,1559032347298583,71260375,0.54903925,40,1682465,1682504,1682502,0
1682757,1559032348493375,71214041,0.65932005,253,1682505,1682757,1682599,0
1683013,1559032350479833,70346458,0.59602317,256,1682758,1683013,1682964,0
1683181,1559032350489041,71138667,0.60274246,168,1683014,1683181,1683133,0
1683384,1559032352113791,70476917,0.59988771,203,1683182,1683384,1683364,0
1683550,1559032353248875,70098500,0.59365443,166,1683385,1683550,1683546,0
1683629,1559032353252958,70515375,0.61212021,79,1683551,1683629,1683568,0
1683825,1559032354370958,70304583,0.6686183,196,1683630,1683825,1683692,0
1684018,1559032356178083,69346625,0.56468519,193,1683826,1684018,1683867,0
1684274,1559032356635500,70081666,0.61662286,256,1684019,1684274,1684199,0
1684413,1559032356646500,70732916,0.64193169,139,1684275,1684413,1684347,0
1684578,1559032357568958,70537042,0.56950513,165,1684414,1684578,1684506,0
1684678,1559032357575083,71000917,0.58499298,100,1684579,1684678,1684588,0
1684865,1559032359099625,70321125,0.58175114,187,1684679,1684865,1684783,0
1685072,1559032360230333,70097958,0.6016676,207,1684866,1685072,1685064,0
1685233,1559032361330791,69734000,0.592464,161,1685073,1685233,1685123,0
1685484,1559032361770000,70431166,0.61858467,251,1685234,1685484,1685336,0
1685634,1559032361778833,71162208,0.58407239,150,1685485,1685634,1685503,0
1685731,1559032362739666,70610084,0.59487259,97,1685635,1685731,1685695,0
1685933,1559032363922083,70350667,0.57453155,202,1685732,1685933,1685774,0
1686189,1559032364067666,71434459,0.58325845,256,1685934,1686189,1686087,0
1686391,1559032365004750,71378500,0.57110776,202,1686190,1686391,1686261,0
1686626,1559032366619416,70972834,0.62981849,235,1686392,1686626,1686568,0
1686751,1559032366626750,71537333,0.57381751,125,1686627,1686751,1686640,0
1686987,1559032367687458,71596292,0.61250639,236,1686752,1686987,1686967,0
1687243,1559032368763500,71867583,0.65859587,256,1686988,1687243,1687048,0
1687445,1559032369716875,71864625,0.60433851,202,1687244,1687445,1687327,0
1687682,1559032370887625,71790541,0.60328128,237,1687446,1687682,1687525,0
1687829,1559032371428625,71958250,0.58603592,147,1687683,1687829,1687736,0
1688067,1559032372617333,71918625,0.58117719,238,1687830,1688067,1688034,0
1688263,1559032372710708,72755000,0.6051523,196,1688068,1688263,1688138,0
1688319,1559032372713583,73011583,0.5701834,56,1688264,1688319,1688306,0
1688370,1559032372716166,73299292,0.60298794,51,1688320,1688370,1688341,0
1688446,1559032373169916,73207250,0.60204624,76,1688371,1688446,1688401,0
1688563,1559032374333000,72607958,0.56066409,117,1688447,1688563,1688554,0
1688819,1559032376430500,71710041,0.59933504,256,1688564,1688819,1688796,0
1688989,1559032377572958,71417458,0.61451882,170,1688820,1688989,1688947,0
1689245,1559032378699416,71538750,0.64303692,256,1688990,1689245,1689078,0
1689407,1559032379800291,71153542,0.57807864,162,1689246,1689407,1689335,0
1689661,1559032380750333,71399625,0.61402743,254,1689408,1689661,1689611,0
1689880,1559032382544500,70638000,0.59535371,219,1689662,1689880,1689827,0
1689939,1559032382547500,70901000,0.57895925,59,1689881,1689939,1689927,0
1690161,1559032383423791,71076292,0.61915101,222,1689940,1690161,1689963,0
1690244,1559032383428000,71450375,0.57221192,83,1690162,1690244,1690226,0
1690425,1559032383554166,72176125,0.61467062,181,1690245,1690425,1690317,0
1690595,1559032383969125,72514000,0.59832341,170,1690426,1690595,1690499,0
1690716,1559032383975291,73138042,0.57762067,121,1690596,1690716,1690641,0
1690875,1559032385543500,72211375,0.5910827,159,1690717,1690875,1690815,0
1690981,1559032385548791,72689500,0.60441898,106,1690876,1690981,1690906,0
1691141,1559032386146125,72799916,0.60027493,160,1690982,1691141,1691111,0
1691331,1559032386185375,73611000,0.61028263,190,1691142,1691331,1691281,0
1691515,1559032387202291,73460542,0.66421782,184,1691332,1691515,1691410,0
1691653,1559032387844250,73431291,0.61290356,138,1691516,1691653,1691574,0
1691755,1559032387849291,73868334,0.60278975,102,1691654,1691755,1691713,0
1691969,1559032389116666,73553334,0.64918656,214,1691756,1691969,1691800,0
1692191,1559032390239416,73409000,0.59092323,222,1691970,1692191,1692037,0
1692323,1559032390245958,73983458,0.59030164,132,1692192,1692323,1692263,0
1692579,1559032393546833,71841042,0.65669599,256,1692324,1692579,1692546,0
1692595,1559032393547666,71922084,0.63011053,16,1692580,1692595,1692582,0
1692611,1559032393548458,72015125,0.60953219,16,1692596,1692611,1692608,0
1692627,1559032393549250,72106833,0.56683029,16,1692612,1692627,1692617,0
1692703,1559032393833791,72181959,0.63442299,76,1692628,1692703,1692633,0
1692761,1559032393836666,72416084,0.54975996,58,1692704,1692761,1692734,0
1692968,1559032393925875,73232583,0.59736265,207,1692762,1692968,1692835,0
1693224,1559032394020125,74284750,0.62120374,256,1692969,1693224,1693029,0
1693480,1559032394678083,74808833,0.60772612,256,1693225,1693480,1693425,0
1693522,1559032395828750,73855625,0.60193256,42,1693481,1693522,1693481,0
1693651,1559032395835166,74440167,0.57006598,129,1693523,1693651,1693623,0
1693723,1559032395838750,74749708,0.57819875,72,1693652,1693723,1693714,0
1693827,1559032396691333,74335333,0.55917741,104,1693724,1693827,1693756,0
1694044,1559032398390208,73600333,0.62012724,217,1693828,1694044,1693966,0
1694300,1559032399322625,73876916,0.62712254,256,1694045,1694300,1694281,0
1694521,1559032400161083,74083250,0.60192367,221,1694301,1694521,1694373,0
1694777,1559032402044416,73407917,0.59939127,256,1694522,1694777,1694578,0
1695018,1559032403715875,72665041,0.62206653,241,1694778,1695018,1694923,0
1695226,1559032404664708,72626750,0.62019624,208,1695019,1695226,1695197,0
1695400,1559032405654166,72392334,0.62414991,174,1695227,1695400,1695367,0
1695601,1559032406101083,72818042,0.62464416,201,1695401,1695601,1695509,0
1695635,1559032406868208,72190958,0.5783423,34,1695602,1695635,1695602,0
1695871,1559032409208500,70862041,0.57558784,236,1695636,1695871,1695683,0
1695922,1559032409211041,71049250,0.53749776,51,1695872,1695922,1695915,0
1696122,1559032409986375,71120041,0.63017868,200,1695923,1696122,1696085,0
1696340,1559032410712041,71286167,0.57751257,218,1696123,1696340,1696337,0
1696524,1559032411599500,71153500,0.61242889,184,1696341,1696524,1696400,0
1696780,1559032415101291,68726917,0.59227937,256,1696525,1696780,1696660,0
1697036,1559032417369333,67524167,0.59442219,256,1696781,1697036,1696912,0
1697205,1559032418402458,67191750,0.63125636,169,1697037,1697205,1697204,0
1697221,1559032418403375,67276083,0.5611185,16,1697206,1697221,1697206,0
1697303,1559032418408458,67621958,0.63925784,82,1697222,1697303,1697231,0
1697454,1559032418581125,68094125,0.61598194,151,1697304,1697454,1697317,0
1697658,1559032420838208,66708042,0.58870569,204,1697455,1697658,1697567,0
1697867,1559032422607625,65843083,0.61103145,209,1697659,1697867,1697792,0
1698112,1559032423355333,66117667,0.61090879,245,1697868,1698112,1698079,0
1698220,1559032423743750,66179666,0.59589135,108,1698113,1698220,1698153,0
1698466,1559032424676916,66346125,0.61692627,246,1698221,1698466,1698449,0
1698570,1559032424683083,66661125,0.59304753,104,1698467,1698570,1698479,0
1698775,1559032425547625,66639416,0.59929395,205,1698571,1698775,1698638,0
1698845,1559032425551916,66931334,0.57751384,70,1698776,1698845,1698785,0
1699049,1559032426719041,66614667,0.64087453,204,1698846,1699049,1698872,0
1699076,1559032426720625,66724375,0.4995355,27,1699050,1699076,1699068,0
1699318,1559032427392666,67014500,0.6315689,242,1699077,1699318,1699100,0
1699574,1559032428582083,66883250,0.61522731,256,1699319,1699574,1699562,0
1699619,1559032428584416,67095625,0.63829549,45,1699575,1699619,1699582,0
1699635,1559032428585208,67155083,0.51897098,16,1699620,1699635,1699625,0
1699825,1559032430333333,66188625,0.62853484,190,1699636,1699825,1699785,0
1699982,1559032431058875,66130041,0.5970506,157,1699826,1699982,1699975,0
1700040,1559032432217500,65240666,0.60755528,58,1699983,1700040,1699992,0
1700118,1559032432221416,65554209,0.59831643,78,1700041,1700118,1700071,0
1700223,1559032432889875,65354625,0.60530327,105,1700119,1700223,1700165,0
1700470,1559032433355833,65916667,0.60754791,247,1700224,1700470,1700431,0
1700697,1559032434324958,65894375,0.62263458,227,1700471,1700697,1700529,0
1700915,1559032435513208,65618375,0.60779822,218,1700698,1700915,1700800,0
1701171,1559032436394041,65872792,0.60230919,256,1700916,1701171,1700956,0
1701391,1559032438179041,65065084,0.63330478,220,1701172,1701391,1701378,0
1701536,1559032439280583,64594583,0.62107006,145,1701392,1701536,1701418,0
1701792,1559032441553916,63496750,0.64410942,256,1701537,1701792,1701775,0
1701870,1559032441558916,63863209,0.56726176,78,1701793,1701870,1701858,0
1701990,1559032442688583,63235833,0.59444516,120,1701871,1701990,1701939,0
1702225,1559032443385083,63575125,0.6023155,235,1701991,1702225,1702198,0
1702442,1559032444535583,63372292,0.59392582,217,1702226,1702442,1702393,0
1702678,1559032445737208,63185542,0.6397648,236,1702443,1702678,1702632,0
1702911,1559032446008083,63930708,0.63364895,233,1702679,1702911,1702719,0
1703163,1559032446929458,64093625,0.60877202,252,1702912,1703163,1702968,0
1703339,1559032448166166,63611167,0.61318985,176,1703164,1703339,1703213,0
1703404,1559032448169666,63912084,0.62750057,65,1703340,1703404,1703340,0
1703631,1559032448996958,64105542,0.63772835,227,1703405,1703631,1703564,0
1703764,1559032452147916,61534375,0.61225154,133,1703632,1703764,1703693,0
1703908,1559032452155041,62175500,0.60141272,144,1703765,1703908,1703780,0
1704131,1559032453452750,61847958,0.64164905,223,1703909,1704131,1703983,0
1704361,1559032455730625,60595250,0.64319282,230,1704132,1704361,1704236,0
1704557,1559032455740375,61414250,0.60900428,196,1704362,1704557,1704495,0
1704813,1559032457040375,61280125,0.63325526,256,1704558,1704813,1704770,0
1705009,1559032457050250,62183875,0.63732299,196,1704814,1705009,1704909,0
1705206,1559032457744958,62294750,0.574203,197,1705010,1705206,1705132,0
1705319,1559032458225416,62341334,0.59443301,113,1705207,1705319,1705257,0
1705447,1559032458231791,62901709,0.64122953,128,1705320,1705447,1705392,0
1705637,1559032459793291,62262292,0.62660174,190,1705448,1705637,1705570,0
1705798,1559032459801333,63149792,0.64987984,161,1705638,1705798,1705685,0
1706054,1559032461275083,63245250,0.60605493,256,1705799,1706054,1705837,0
1706310,1559032461738208,63939083,0.65296432,256,1706055,1706310,1706301,0
1706332,1559032462671333,63122042,0.63426197,22,1706311,1706332,1706311,0
1706348,1559032462672125,63204333,0.62393145,16,1706333,1706348,1706345,0
1706470,1559032462678208,63734250,0.57621968,122,1706349,1706470,1706453,0
1706701,1559032463669333,63778500,0.61340293,231,1706471,1706701,1706526,0
1706774,1559032463672958,64103917,0.64018076,73,1706702,1706774,1706720,0
1707005,1559032464246500,64595833,0.62623433,231,1706775,1707005,1706952,0
1707139,1559032465393416,64507417,0.63829761,134,1707006,1707139,1707086,0
1707395,1559032465486500,65589625,0.59043634,256,1707140,1707395,1707340,0
1707650,1559032465650541,67256209,0.61976185,255,1707396,1707650,1707469,0
1707757,1559032466014541,66897375,0.58665878,107,1707651,1707757,1707746,0
1707934,1559032466261791,69909917,0.64076093,177,1707758,1707934,1707886,0
1708190,1559032467172750,69008500,0.60188761,256,1707935,1708190,1708135,0
1708446,1559032468312333,109288917,0.64467236,256,1708191,1708446,1708411,0
1708570,1559032469483625,108125958,0.61130411,124,1708447,1708570,1708568,0
1708586,1559032469484416,108126334,0.59548323,16,1708571,1708586,1708576,0
1708612,1559032469485750,108126208,0.57333524,26,1708587,1708612,1708600,0
1708868,1559032469692500,107920416,0.62364927,256,1708613,1708868,1708705,0
1709124,1559032470586500,107027416,0.67610459,256,1708869,1709124,1709061,0
1709144,1559032470587541,107027292,0.60968774,20,1709125,1709144,1709125,0
1709311,1559032471028666,106587125,0.61145127,167,1709145,1709311,1709239,0
1709533,1559032472001166,105615542,0.64185669,222,1709312,1709533,1709531,0
1709549,1559032473202958,104414708,0.61218954,16,1709534,1709549,1709547,0
1709565,1559032473203750,104414875,0.63188469,16,1709550,1709565,1709553,0
1709581,1559032473204541,104415000,0.53284677,16,1709566,1709581,1709573,0
1709783,1559032474213666,103406792,0.59322286,202,1709582,1709783,1709671,0
1710016,1559032475363083,102258292,0.60819544,233,1709784,1710016,1709835,0
1710159,1559032476377166,101245125,0.58116441,143,1710017,1710159,1710078,0
1710356,1559032476386375,101236875,0.60853292,197,1710160,1710356,1710172,0
1710514,1559032478927875,98696291,0.62492758,158,1710357,1710514,1710455,0
1710643,1559032479068708,98556417,0.65325771,129,1710515,1710643,1710628,0
1710659,1559032479069458,98556667,0.54957731,16,1710644,1710659,1710652,0
1710675,1559032479070208,98556833,0.67894507,16,1710660,1710675,1710670,0
1710787,1559032479075375,98552625,0.59033335,112,1710676,1710787,1710778,0
1710933,1559032480271708,97357208,0.60293968,146,1710788,1710933,1710874,0
1711131,1559032481094500,96535375,0.62888831,198,1710934,1711131,1711130,0
1711147,1559032481095250,96535500,0.64961557,16,1711132,1711147,1711141,0
1711163,1559032481096000,96535666,0.60670492,16,1711148,1711163,1711152,0
1711293,1559032481999250,95633375,0.61990471,130,1711164,1711293,1711164,0
1711549,1559032482766083,94867417,0.65605684,256,1711294,1711549,1711445,0
1711805,1559032483817291,93817125,0.63862436,256,1711550,1711805,1711769,0
1711984,1559032484907791,92727584,0.61520012,179,1711806,1711984,1711924,0
1712240,1559032485602958,92081000,0.64809905,256,1711985,1712240,1712177,0
1712258,1559032485603791,92081667,0.60487272,18,1712241,1712258,1712258,0
1712280,1559032485604791,92081625,0.59843965,22,1712259,1712280,1712269,0
1712324,1559032485670750,92016583,0.61243982,44,1712281,1712324,1712291,0
1712378,1559032485673208,92015042,0.60094351,54,1712325,1712378,1712345,0
1712634,1559032486037166,91652000,0.61548058,256,1712379,1712634,1712614,0
1712837,1559032488450083,89240042,0.59944774,203,1712635,1712837,1712746,0
1713093,1559032489469083,88221958,0.64472019,256,1712838,1713093,1713083,0
1713294,1559032490926625,86765333,0.6103563,201,1713094,1713294,1713170,0
1713537,1559032491358791,86334167,0.60813703,243,1713295,1713537,1713493,0
1713605,1559032491361916,86331959,0.6762325,68,1713538,1713605,1713542,0
1713655,1559032492484208,85210667,0.62823744,50,1713606,1713655,1713626,0
1713671,1559032493331541,84364250,0.5566697,16,1713656,1713671,1713661,0
1713827,1559032493445708,84251083,0.59521602,156,1713672,1713827,1713768,0
1714063,1559032494421916,90634000,0.63039284,236,1713828,1714063,1713973,0
1714299,1559032495684250,89378750,0.65093792,236,1714064,1714299,1714183,0
1714534,1559032495751250,89312791,0.61951663,235,1714300,1714534,1714506,0
1714669,1559032496526708,88538417,0.57141395,135,1714535,1714669,1714569,0
1714900,1559032498241916,105738709,0.60176922,231,1714670,1714900,1714706,0
1715108,1559032499266666,104722667,0.62239543,208,1714901,1715108,1715087,0
1715238,1559032500215000,103775500,0.62346011,130,1715109,1715238,1715153,0
1715394,1559032503240750,100750791,0.62318861,156,1715239,1715394,1715354,0
1715595,1559032503250041,100742542,0.60631253,201,1715395,1715595,1715412,0
1715709,1559032503877833,100115750,0.5983163,114,1715596,1715709,1715687,0
1715862,1559032503884916,100109792,0.60674639,153,1715710,1715862,1715743,0
1716118,1559032505409541,98586167,0.59356166,256,1715863,1716118,1716042,0
1716374,1559032506943916,97052792,0.62176583,256,1716119,1716374,1716319,0
1716621,1559032509945458,94052250,0.67761214,247,1716375,1716621,1716606,0
1716637,1559032509946208,94052542,0.61553055,16,1716622,1716637,1716632,0
1716653,1559032509946958,94052833,0.59797442,16,1716638,1716653,1716650,0
1716836,1559032511039250,92961541,0.582646,183,1716654,1716836,1716675,0
1717052,1559032511780041,92221792,0.63351258,216,1716837,1717052,1716970,0
1717143,1559032511784208,92218625,0.59799253,91,1717053,1717143,1717104,0
1717374,1559032512088291,91915500,0.6318691,231,1717144,1717374,1717349,0
1717491,1559032513098291,90906459,0.61632936,117,1717375,1717491,1717400,0
1717743,1559032514321791,243352459,0.60372303,252,1717492,1717743,1717572,0
1717813,1559032516319958,241361042,0.5882785,70,1717744,1717813,1717751,0
1718012,1559032517165875,240516541,0.58486997,199,1717814,1718012,1717928,0
1718150,1559032517172250,240511416,0.59024759,138,1718013,1718150,1718099,0
1718393,1559032518326250,239358458,0.59034687,243,1718151,1718393,1718390,0
1718409,1559032519198541,238487209,0.55699863,16,1718394,1718409,1718403,0
1718567,1559032519208916,238477834,0.62271564,158,1718410,1718567,1718538,0
1718823,1559032520568208,237119583,0.68728591,256,1718568,1718823,1718577,0
1719036,1559032521130291,236558459,0.61264445,213,1718824,1719036,1718860,0
1719205,1559032521942750,235747000,0.60049282,169,1719037,1719205,1719088,0
1719431,1559032522931083,234759708,0.61710258,226,1719206,1719431,1719209,0
1719687,1559032524731833,232959958,0.6286582,256,1719432,1719687,1719592,0
1719925,1559032525809375,231883458,0.6453923,238,1719688,1719925,1719761,0
1719957,1559032525811250,231882625,0.63490297,32,1719926,1719957,1719931,0
1720115,1559032525881458,231813458,0.58354475,158,1719958,1720115,1720090,0
1720238,1559032526418250,231277666,0.598356,123,1720116,1720238,1720229,0
1720254,1559032526419166,231277792,0.61071043,16,1720239,1720254,1720244,0
1720335,1559032526423875,231274125,0.6416423,81,1720255,1720335,1720262,0
1720543,1559032527460625,230238416,0.60697028,208,1720336,1720543,1720435,0
1720689,1559032527469041,230231000,0.62430912,146,1720544,1720689,1720661,0
1720775,1559032529879666,227857667,0.63129476,86,1720690,1720775,1720723,0
1720964,1559032531108000,226630458,0.62201745,189,1720776,1720964,1720885,0
1721153,1559032532885791,224853667,0.64913662,189,1720965,1721153,1721021,0
1721382,1559032532900375,224840083,0.64973736,229,1721154,1721382,1721379,0
1721398,1559032532901375,224840083,0.63136751,16,1721383,1721398,1721383,0
1721414,1559032532902416,224840084,0.61705484,16,1721399,1721414,1721404,0
1721469,1559032532914958,224828542,0.55190295,55,1721415,1721469,1721417,0
1721725,1559032536140416,221604084,0.58835701,256,1721470,1721725,1721724,0
1721901,1559032540050250,217695250,0.61284035,176,1721726,1721901,1721740,0
1722157,1559032540064875,217681583,0.64470687,256,1721902,1722157,1722057,0
1722405,1559032540079166,217668292,0.59847605,248,1722158,1722405,1722228,0
1722519,1559032545681125,212067291,0.63934525,114,1722406,1722519,1722519,0
1722775,1559032545694791,212054625,0.68487594,256,1722520,1722775,1722573,0
1723031,1559032546244041,211506417,0.60635518,256,1722776,1723031,1722827,0
1723237,1559032552047000,205704458,0.63492915,206,1723032,1723237,1723095,0
1723493,1559032552061875,205690583,0.64038003,256,1723238,1723493,1723424,0
1723694,1559032552072625,205680833,0.60458498,201,1723494,1723694,1723626,0
1723903,1559032552083791,205670709,0.59896902,209,1723695,1723903,1723733,0
1724115,1559032552095125,205660333,0.61138184,212,1723904,1724115,1723938,0
1724326,1559032552106375,205650083,0.57218914,211,1724116,1724326,1724261,0
1724476,1559032560783666,196973792,0.62098797,150,1724327,1724476,1724466,0
1724548,1559032560787541,196970917,0.59808108,72,1724477,1724548,1724491,0
1724776,1559032560799875,196959583,0.62856775,228,1724549,1724776,1724618,0
1724888,1559032560805916,196954542,0.59053032,112,1724777,1724888,1724870,0
1725022,1559032560813125,196948333,0.59013306,134,1724889,1725022,1724920,0
1725278,1559032560826875,196935583,0.64044553,256,1725023,1725278,1725223,0
1725421,1559032560834541,196928917,0.59338657,143,1725279,1725421,1725400,0
1725677,1559032560848333,196916125,0.62097953,256,1725422,1725677,1725488,0
1725846,1559032571369250,186396166,0.59937517,169,1725678,1725846,1725735,0
1726000,1559032571377541,186389292,0.60027526,154,1725847,1726000,1725892,0
1726016,1559032571378375,186389416,0.60962017,16,1726001,1726016,1726008,0
1726044,1559032571379916,186388875,0.56337285,28,1726017,1726044,1726017,0
1726283,1559032571392750,186377041,0.60111605,239,1726045,1726283,1726149,0
1726451,1559032571401791,186369000,0.61720247,168,1726284,1726451,1726347,0
1726707,1559032571415541,186356250,0.64102501,256,1726452,1726707,1726538,0
1726963,1559032571429291,186343500,0.58298577,256,1726708,1726963,1726939,0
1727219,1559032571443083,186330667,0.59691529,256,1726964,1727219,1727134,0
1727475,1559032571456833,186317917,0.6443855,256,1727220,1727475,1727259,0
1727660,1559032571466791,186309000,0.65614144,185,1727476,1727660,1727559,0
1727801,1559032577452666,180324084,0.57842803,141,1727661,1727801,1727773,0
1728057,1559032577467250,180310500,0.61891241,256,1727802,1728057,1728054,0
1728191,1559032577474916,180303792,0.6332931,134,1728058,1728191,1728081,0
1728362,1559032577484708,180295042,0.58710934,171,1728192,1728362,1728196,0
1728492,1559032577492166,180288542,0.58076314,130,1728363,1728492,1728452,0
1728587,1559032577497666,180284042,0.60331849,95,1728493,1728587,1728493,0
1728821,1559032577511041,180271584,0.61998326,234,1728588,1728821,1728701,0
1729059,1559032585011458,172772167,0.65400459,238,1728822,1729059,1729035,0
1729315,1559032585032291,172752292,0.6237523,256,1729060,1729315,1729134,0
1729491,1559032585044291,172741334,0.57439143,176,1729316,1729491,1729387,0
1729642,1559032585053375,172733208,0.6458288,151,1729492,1729642,1729599,0
1729803,1559032591827416,165960167,0.59749237,161,1729643,1729803,1729752,0
1729987,1559032591841666,165946917,0.57496355,184,1729804,1729987,1729961,0
1730118,1559032591849166,165940375,0.597402,131,1729988,1730118,1730061,0
1730374,1559032591865791,165924792,0.61188899,256,1730119,1730374,1730235,0
1730630,1559032602255625,155567583,0.66563199,256,1730375,1730630,1730416,0
1730886,1559032602272875,155551708,0.61303204,256,1730631,1730886,1730869,0
1731093,1559032602285291,155540292,0.59416986,207,1730887,1731093,1731039,0
1731188,1559032602292625,155533958,0.60281846,95,1731094,1731188,1731136,0
1731421,1559032602306625,155520958,0.59442221,233,1731189,1731421,1731299,0
1731592,1559032602318458,155510125,0.57155643,171,1731422,1731592,1731591,0
1731809,1559032602331500,155498083,0.59648675,217,1731593,1731809,1731707,0
1731981,1559032602342666,155487875,0.59384777,172,1731810,1731981,1731879,0
1732173,1559032602354291,155477250,0.65585927,192,1731982,1732173,1732050,0
1732429,1559032602384958,155447583,0.63750405,256,1732174,1732429,1732395,0
1732609,1559032603965791,153867709,0.54946415,180,1732430,1732609,1732482,0
1732865,1559032605070000,152764541,0.65071636,256,1732610,1732865,1732698,0
1733117,1559032605767416,152068084,0.59603534,252,1732866,1733117,1732882,0
1733373,1559032618602208,139234250,0.62639294,256,1733118,1733373,1733314,0
1733622,1559032618618208,139219250,0.59937858,249,1733374,1733622,1733439,0
1733777,1559032618627416,139211000,0.61854913,155,1733623,1733777,1733631,0
1733936,1559032618636875,139202541,0.59637254,159,1733778,1733936,1733899,0
1734192,1559032618653166,139187250,0.6080745,256,1733937,1734192,1733995,0
1734403,1559032618665750,139175666,0.63534921,211,1734193,1734403,1734202,0
1734635,1559032618680541,139161875,0.59496119,232,1734404,1734635,1734459,0
1734687,1559032618683625,139159791,0.59199943,52,1734636,1734687,1734650,0
1734857,1559032618695083,139149292,0.58953778,170,1734688,1734857,1734711,0
1735113,1559032618710333,139135042,0.62598071,256,1734858,1735113,1734911,0
1735369,1559032620003375,137843000,0.62042115,256,1735114,1735369,1735310,0
1735606,1559032625436208,132411167,0.6007891,237,1735370,1735606,1735384,0
1735778,1559032625450458,132397917,0.60044824,172,1735607,1735778,1735687,0
1735951,1559032625461125,132388250,0.60120333,173,1735779,1735951,1735916,0
1736156,1559032625474916,132375459,0.62258164,205,1735952,1736156,1736031,0
1736263,1559032625481500,132369833,0.61672773,107,1736157,1736263,1736177,0
1736326,1559032625485375,132366916,0.58956175,63,1736264,1736326,1736271,0
1736495,1559032625497125,132356166,0.63793373,169,1736327,1736495,1736484,0
1736581,1559032625502375,132351916,0.56634498,86,1736496,1736581,1736552,0
1736819,1559032638049125,119806166,0.65676825,238,1736582,1736819,1736807,0
1736978,1559032638063583,119792667,0.58900255,159,1736820,1736978,1736941,0
1737163,1559032638074958,119782292,0.65068601,185,1736979,1737163,1737136,0
1737285,1559032638083708,119774542,0.61783429,122,1737164,1737285,1737251,0
1737463,1559032638094625,119764583,0.65469798,178,1737286,1737463,1737363,0
1737588,1559032638102333,119757875,0.63176897,125,1737464,1737588,1737523,0
1737700,1559032638110333,119750833,0.55779443,112,1737589,1737700,1737636,0
1737875,1559032638121083,119741083,0.61766377,175,1737701,1737875,1737852,0
1737938,1559032638124958,119738167,0.59563738,63,1737876,1737938,1737928,0
1738092,1559032638135583,119728542,0.58513977,154,1737939,1738092,1737967,0
1738278,1559032638147000,119718083,0.59642016,186,1738093,1738278,1738174,0
1738446,1559032638157333,119708750,0.59249444,168,1738279,1738446,1738446,0
1738501,1559032638160708,119706333,0.58492042,55,1738447,1738501,1738495,0
1738533,1559032638163833,119704208,0.58815758,32,1738502,1738533,1738530,0
1738619,1559032638169083,119699917,0.66309834,86,1738534,1738619,1738535,0
1738875,1559032638184833,119685167,0.61057383,256,1738620,1738875,1738830,0
1739131,1559032639078958,118792042,0.59880173,256,1738876,1739131,1738927,0
1739387,1559032639097166,118774792,0.60759245,256,1739132,1739387,1739191,0
1739643,1559032651542375,106330541,0.65781552,256,1739388,1739643,1739424,0
1739824,1559032651559083,106314792,0.63380544,181,1739644,1739824,1739704,0
1739994,1559032651569541,106305334,0.59752637,170,1739825,1739994,1739856,0
1740199,1559032651583416,106292417,0.60113956,205,1739995,1740199,1740093,0
1740444,1559032651915791,105967625,0.62129579,245,1740200,1740444,1740357,0
1740546,1559032651921916,105962667,0.57520302,102,1740445,1740546,1740514,0
1740693,1559032651934666,105950875,0.62064396,147,1740547,1740693,1740657,0
1740810,1559032651941666,105944875,0.59170674,117,1740694,1740810,1740727,0
1741066,1559032659035416,98852084,0.60302827,256,1740811,1741066,1740880,0
1741288,1559032659049375,98839125,0.60785975,222,1741067,1741288,1741179,0
1741544,1559032659066541,98822959,0.61596974,256,1741289,1741544,1741397,0
1741605,1559032659070291,98820167,0.55640944,61,1741545,1741605,1741553,0
1741861,1559032666009416,92694959,0.56519687,256,1741606,1741861,1741775,0
1742047,1559032666020833,93867625,0.62374666,186,1741862,1742047,1741951,0
1742269,1559032666035791,94783000,0.6010083,222,1742048,1742269,1742117,0
1742525,1559032666051500,98643625,0.58368317,256,1742270,1742525,1742310,0
1742707,1559032668560791,96146625,0.58232311,182,1742526,1742707,1742585,0
1742843,1559032669940375,94773416,0.6099363,136,1742708,1742843,1742804,0
1742937,1559032669946166,94783750,0.57872117,94,1742844,1742937,1742873,0
1743073,1559032671365416,94593375,0.60861314,136,1742938,1743073,1742938,0
1743273,1559032672410791,94180875,0.60607571,200,1743074,1743273,1743247,0
1743315,1559032672413333,94744792,0.61528807,42,1743274,1743315,1743281,0
1743368,1559032672416500,94829250,0.58069453,53,1743316,1743368,1743339,0
1743624,1559032673558041,95094292,0.60228561,256,1743369,1743624,1743523,0
1743880,1559032675395000,99407291,0.65134198,256,1743625,1743880,1743862,0
1744059,1559032679905708,94948125,0.54998836,179,1743881,1744059,1743974,0
1744265,1559032679919583,94935750,0.62799196,206,1744060,1744265,1744136,0
1744521,1559032679934958,94921542,0.64382915,256,1744266,1744521,1744454,0
1744777,1559032682164291,93958875,0.61922696,256,1744522,1744777,1744668,0
1744956,1559032684901458,92620958,0.60329803,179,1744778,1744956,1744799,0
1745212,1559032685286750,93445458,0.62816033,256,1744957,1745212,1745159,0
1745468,1559032686204458,93544167,0.57488227,256,1745213,1745468,1745390,0
1745692,1559032687271041,93689834,0.64913908,224,1745469,1745692,1745529,0
1745859,1559032691365500,91572041,0.59932455,167,1745693,1745859,1745820,0
1746061,1559032691383708,91605917,0.58963899,202,1745860,1746061,1745982,0
1746077,1559032691384666,91765334,0.53059912,16,1746062,1746077,1746069,0
1746243,1559032691395458,92673958,0.61677297,166,1746078,1746243,1746227,0
1746347,1559032691404041,93565125,0.65642894,104,1746244,1746347,1746328,0
1746487,1559032692203333,93099250,0.59803943,140,1746348,1746487,1746352,0
1746652,1559032695900958,90338208,0.61479246,165,1746488,1746652,1746554,0
1746765,1559032695909458,90957500,0.58687898,113,1746653,1746765,1746724,0
1746924,1559032695918958,92055375,0.55178688,159,1746766,1746924,1746795,0
1747142,1559032696467333,94029125,0.59135754,218,1746925,1747142,1747140,0
1747273,1559032702745500,87754250,0.60889053,131,1747143,1747273,1747192,0
1747529,1559032702762583,88992875,0.63722307,256,1747274,1747529,1747528,0
1747785,1559032702777916,90359792,0.6789547,256,1747530,1747785,1747564,0
1747945,1559032702788625,91087708,0.574897,160,1747786,1747945,1747829,0
1748201,1559032704196208,91192042,0.62730144,256,1747946,1748201,1747963,0
1748316,1559032704203291,91826000,0.57473111,115,1748202,1748316,1748260,0
1748571,1559032705887083,91374125,0.64256733,255,1748317,1748571,1748558,0
1748827,1559032707150916,91667042,0.62837244,256,1748572,1748827,1748738,0
1748843,1559032707151916,91668459,0.61037447,16,1748828,1748843,1748830,0
1748859,1559032707152875,91697875,0.58086085,16,1748844,1748859,1748848,0
1748945,1559032714478375,84896958,0.5982365,86,1748860,1748945,1748934,0
1749090,1559032714487000,85647250,0.59210864,145,1748946,1749090,1749019,0
1749243,1559032714568208,86390167,0.60359799,153,1749091,1749243,1749210,0
1749499,1559032714583958,88007750,0.58793211,256,1749244,1749499,1749267,0
1749642,1559032714593958,88899208,0.56453933,143,1749500,1749642,1749549,0
1749898,1559032714609708,93434125,0.59659302,256,1749643,1749898,1749648,0
1750154,1559032714626833,93714750,0.61424866,256,1749899,1750154,1750051,0
1750357,1559032718780166,89624667,0.62930165,203,1750155,1750357,1750343,0
1750507,1559032719328208,89274458,0.56470256,150,1750358,1750507,1750367,0
1750735,1559032720925125,89309208,0.58270619,228,1750508,1750735,1750654,0
1750945,1559032723334583,87195875,0.58112582,210,1750736,1750945,1750827,0
1751197,1559032733936416,78690792,0.62488011,252,1750946,1751197,1750957,0
1751321,1559032737160083,79197375,0.57593519,124,1751198,1751321,1751231,0
1751403,1559032737164958,81411625,0.58236464,82,1751322,1751403,1751396,0
1751461,1559032737168416,81421625,0.57055229,58,1751404,1751461,1751419,0
1751615,1559032737180041,81426042,0.62010245,154,1751462,1751615,1751578,0
1751794,1559032737190666,81416500,0.61426755,179,1751616,1751794,1751636,0
1751887,1559032737196208,81471375,0.61091659,93,1751795,1751887,1751830,0
1752143,1559032737212500,81456250,0.59584126,256,1751888,1752143,1752094,0
1752399,1559032737227750,81458958,0.60658991,256,1752144,1752399,1752213,0
1752620,1559032737242125,82555416,0.61519844,221,1752400,1752620,1752489,0
1752831,1559032737254666,83557375,0.59425728,211,1752621,1752831,1752738,0
1753069,1559032737303916,86630667,0.61129457,238,1752832,1753069,1753016,0
1753308,1559032737319833,86617083,0.60562089,239,1753070,1753308,1753295,0
1753479,1559032737330083,87142417,0.58043604,171,1753309,1753479,1753374,0
1753735,1559032737354541,89063584,0.60377393,256,1753480,1753735,1753520,0
1753885,1559032738247916,88171959,0.62713047,150,1753736,1753885,1753836,0
1753967,1559032738253083,88577833,0.6093607,82,1753886,1753967,1753945,0
1754160,1559032739010041,88887584,0.5839479,193,1753968,1754160,1753972,0
1754416,1559032739025333,90144583,0.65692913,256,1754161,1754416,1754263,0
1754672,1559032740700000,94264541,0.61805452,256,1754417,1754672,1754465,0
1754899,1559032742030208,93078458,0.62261602,227,1754673,1754899,1754803,0
1755089,1559032743894458,91215750,0.57629691,190,1754900,1755089,1755030,0
1755278,1559032743905750,91205541,0.61549548,189,1755090,1755278,1755236,0
1755475,1559032751840708,83271667,0.59284452,197,1755279,1755475,1755433,0
1755670,1559032751980875,84064000,0.59535012,195,1755476,1755670,1755536,0
1755807,1559032751992125,89337000,0.60383213,137,1755671,1755807,1755690,0
1756063,1559032752007833,89338792,0.58227665,256,1755808,1756063,1756062,0
1756319,1559032752024958,89322792,0.57086195,256,1756064,1756319,1756064,0
1756444,1559032752032875,89315833,0.59378722,125,1756320,1756444,1756332,0
1756574,1559032752582458,88823167,0.56336057,130,1756445,1756574,1756467,0
1756824,1559032757935333,84416750,0.62129146,250,1756575,1756824,1756802,0
1756951,1559032757947458,85499000,0.62494963,127,1756825,1756951,1756835,0
1757203,1559032757962958,86317333,0.59723363,252,1756952,1757203,1757044,0
1757459,1559032758659625,87508958,0.58792185,256,1757204,1757459,1757302,0
1757667,1559032759844000,87164458,0.61263605,208,1757460,1757667,1757590,0
1757852,1559032760809208,88064083,0.59954949,185,1757668,1757852,1757720,0
1758090,1559032766583458,83106542,0.61526841,238,1757853,1758090,1757875,0
1758293,1559032766597375,83714958,0.57430543,203,1758091,1758293,1758290,0
1758316,1559032766598791,85946750,0.60018103,23,1758294,1758316,1758300,0
1758332,1559032766599750,85948583,0.61289621,16,1758317,1758332,1758324,0
1758411,1559032766604458,85945000,0.58664847,79,1758333,1758411,1758350,0
1758571,1559032766614125,85953000,0.69292101,160,1758412,1758571,1758558,0
1758587,1559032766616458,85951833,0.6426057,16,1758572,1758587,1758573,0
1758603,1559032766617416,85951875,0.62522518,16,1758588,1758603,1758601,0
1758619,1559032766618375,85951916,0.59500802,16,1758604,1758619,1758615,0
1758635,1559032766619375,85953708,0.57497912,16,1758620,1758635,1758625,0
1758766,1559032766627291,86611750,0.59693152,131,1758636,1758766,1758667,0
1758937,1559032766819291,89136000,0.59034389,171,1758767,1758937,1758883,0
1758986,1559032766823541,91156084,0.55427947,49,1758938,1758986,1758943,0
1759040,1559032766826791,91154375,0.57075411,54,1758987,1759040,1759005,0
1759144,1559032766833041,91273625,0.62245042,104,1759041,1759144,1759046,0
1759311,1559032766883166,91225209,0.57668844,167,1759145,1759311,1759171,0
1759567,1559032767166250,90943083,0.59891146,256,1759312,1759567,1759472,0
1759787,1559032770335208,88370833,0.59348389,220,1759568,1759787,1759762,0
1759918,1559032772067625,87176208,0.59958757,131,1759788,1759918,1759897,0
1760067,1559032772076541,88950375,0.58000046,149,1759919,1760067,1760050,0
1760270,1559032772702250,88444541,0.55770293,203,1760068,1760270,1760242,0
1760526,1559032774952750,87116458,0.60133077,256,1760271,1760526,1760289,0
1760782,1559032777145041,86248292,0.63295032,256,1760527,1760782,1760666,0
1761038,1559032780336000,85877791,0.60153947,256,1760783,1761038,1761002,0
1761248,1559032780349041,87210667,0.59920349,210,1761039,1761248,1761040,0
1761448,1559032781287958,86272833,0.59158211,200,1761249,1761448,1761373,0
1761704,1559032781944125,85992666,0.64671385,256,1761449,1761704,1761544,0
1761960,1559032783372500,86267041,0.63386269,256,1761705,1761960,1761875,0
1761976,1559032783373458,86351125,0.60426512,16,1761961,1761976,1761966,0
1761992,1559032783374458,86351417,0.52578471,16,1761977,1761992,1761989,0
1762140,1559032783383375,86566166,0.5932298,148,1761993,1762140,1762117,0
1762300,1559032784057875,89864583,0.63753856,160,1762141,1762300,1762260,0
1762556,1559032786913625,87192666,0.59024547,256,1762301,1762556,1762375,0
1762707,1559032790558125,83549166,0.63687953,151,1762557,1762707,1762655,0
1762952,1559032793917333,80476333,0.60181328,245,1762708,1762952,1762774,0
1763076,1559032795506083,79426000,0.64143286,124,1762953,1763076,1762978,0
1763299,1559032799023750,77027416,0.57706709,223,1763077,1763299,1763164,0
1763543,1559032799042500,79951875,0.61257362,244,1763300,1763543,1763429,0
1763653,1559032799066958,79929000,0.57822341,110,1763544,1763653,1763593,0
1763823,1559032799314208,79705708,0.60967855,170,1763654,1763823,1763686,0
1763972,1559032799597541,79498917,0.59341199,149,1763824,1763972,1763831,0
1764167,1559032801146416,80157167,0.64639082,195,1763973,1764167,1764021,0
1764183,1559032801147458,80157833,0.5305742,16,1764168,1764183,1764171,0
1764376,1559032802698541,78607959,0.61029215,193,1764184,1764376,1764207,0
1764513,1559032802706833,79084958,0.62883106,137,1764377,1764513,1764431,0
1764763,1559032803419208,79468333,0.56860543,250,1764514,1764763,1764630,0
1764929,1559032805469916,79811042,0.56441215,166,1764764,1764929,1764810,0
1765122,1559032805481458,79843500,0.60762078,193,1764930,1765122,1765012,0
1765295,1559032806578125,79365583,0.61130886,173,1765123,1765295,1765189,0
1765503,1559032807860541,78877125,0.5750652,208,1765296,1765503,1765347,0
1765759,1559032808566583,79275458,0.58355571,256,1765504,1765759,1765754,0
1765957,1559032809615791,79670709,0.58718128,198,1765760,1765957,1765933,0
1766213,1559032812883916,77426709,0.61997599,256,1765958,1766213,1766045,0
1766351,1559032813385541,77593584,0.59053964,138,1766214,1766351,1766343,0
1766607,1559032813666583,78779250,0.63354144,256,1766352,1766607,1766553,0
1766863,1559032815151958,79467125,0.61653147,256,1766608,1766863,1766699,0
1767105,1559032815697125,79521875,0.56357814,242,1766864,1767105,1766908,0
1767288,1559032817102333,78929500,0.59877957,183,1767106,1767288,1767263,0
1767464,1559032818457625,78574708,0.60738056,176,1767289,1767464,1767316,0
1767650,1559032819635083,78351583,0.61848223,186,1767465,1767650,1767567,0
1767906,1559032820781208,78597750,0.5728344,256,1767651,1767906,1767799,0
1768162,1559032823479833,77825667,0.61213227,256,1767907,1768162,1768026,0
1768364,1559032825800958,76441875,0.59197516,202,1768163,1768364,1768185,0
1768582,1559032826418750,76932250,0.59319544,218,1768365,1768582,1768469,0
1768684,1559032826887500,76763291,0.56035767,102,1768583,1768684,1768614,0
1768901,1559032828045958,76518500,0.59242797,217,1768685,1768901,1768764,0
1769138,1559032829267541,76491084,0.59253761,237,1768902,1769138,1769107,0
1769244,1559032830696958,75831208,0.6337925,106,1769139,1769244,1769185,0
1769500,1559032831894916,75921875,0.62627704,256,1769245,1769500,1769375,0
1769756,1559032832883750,76067125,0.57674917,256,1769501,1769756,1769699,0
1769859,1559032833832041,75822792,0.58328891,103,1769757,1769859,1769794,0
1770082,1559032835059166,75601959,0.61252297,223,1769860,1770082,1770042,0
1770338,1559032836127791,75714000,0.63678324,256,1770083,1770338,1770318,0
1770379,1559032836130250,75871125,0.54759996,41,1770339,1770379,1770361,0
1770588,1559032836898708,76140458,0.61420734,209,1770380,1770588,1770414,0
1770794,1559032838277041,76889709,0.60904724,206,1770589,1770794,1770774,0
1770954,1559032838288083,76882333,0.5744922,160,1770795,1770954,1770931,0
1771206,1559032840417375,75670750,0.60613878,252,1770955,1771206,1771059,0
1771455,1559032840972000,76275583,0.59180814,249,1771207,1771455,1771400,0
1771655,1559032842370250,75895250,0.61424834,200,1771456,1771655,1771517,0
1771818,1559032843230666,76117459,0.59625723,163,1771656,1771818,1771789,0
1771924,1559032843237041,76656917,0.58037812,106,1771819,1771924,1771915,0
1772050,1559032844435541,76065084,0.60373505,126,1771925,1772050,1772002,0
1772293,1559032845778125,76844833,0.61460563,243,1772051,1772293,1772272,0
1772316,1559032845779541,76849500,0.53343172,23,1772294,1772316,1772295,0
1772423,1559032845785958,76844250,0.63025999,107,1772317,1772423,1772376,0
1772679,1559032847951916,75671917,0.66362755,256,1772424,1772679,1772543,0
1772889,1559032849183916,75468000,0.59566289,210,1772680,1772889,1772887,0
1773145,1559032850291583,75653625,0.62217051,256,1772890,1773145,1772917,0
1773401,1559032850595291,77405125,0.64805175,256,1773146,1773401,1773382,0
1773657,1559032851231250,77293708,0.60259417,256,1773402,1773657,1773615,0
1773913,1559032852013083,77789708,0.62971467,256,1773658,1773913,1773773,0
1774122,1559032852245916,78561667,0.6198063,209,1773914,1774122,1773982,0
1774330,1559032852361916,79387584,0.58066036,208,1774123,1774330,1774261,0
1774536,1559032852493083,80545917,0.62529003,206,1774331,1774536,1774439,0
1774736,1559032853349958,80578208,0.60866964,200,1774537,1774736,1774643,0
1774766,1559032853351791,80578042,0.62864922,30,1774737,1774766,1774749,0
1774861,1559032853357541,81050375,0.58913855,95,1774767,1774861,1774808,0
1775117,1559032854694625,81290000,0.62037311,256,1774862,1775117,1775030,0
1775222,1559032854700958,81963125,0.55518353,105,1775118,1775222,1775129,0
1775364,1559032855616375,82178958,0.55209246,142,1775223,1775364,1775270,0
1775592,1559032855890208,84026125,0.63898438,228,1775365,1775592,1775524,0
1775736,1559032855898000,84111833,0.60914251,144,1775593,1775736,1775632,0
1775802,1559032856402958,84360583,0.57661624,66,1775737,1775802,1775762,0
1776008,1559032857627916,83551625,0.60579449,206,1775803,1776008,1775865,0
1776264,1559032859379041,82819417,0.59432828,256,1776009,1776264,1776156,0
1776392,1559032860006625,82779541,0.56983826,128,1776265,1776392,1776319,0
1776562,1559032862107458,81420417,0.57141594,170,1776393,1776562,1776495,0
1776818,1559032863524458,81231500,0.58731305,256,1776563,1776818,1776756,0
1777001,1559032864595958,81176875,0.59258233,183,1776819,1777001,1776966,0
1777068,1559032864599583,81978833,0.63939749,67,1777002,1777068,1777044,0
1777084,1559032864600458,81980875,0.61651825,16,1777069,1777084,1777074,0
1777100,1559032864601333,82025375,0.55318249,16,1777085,1777100,1777088,0
1777255,1559032865640625,81892041,0.58810538,155,1777101,1777255,1777125,0
1777511,1559032866576041,81625834,0.63027226,256,1777256,1777511,1777374,0
1777700,1559032866586291,82848500,0.58755874,189,1777512,1777700,1777610,0
1777956,1559032867884500,82418916,0.56916369,256,1777701,1777956,1777873,0
1778081,1559032869566458,81346583,0.62146377,125,1777957,1778081,1777982,0
1778286,1559032869577458,82608292,0.60246461,205,1778082,1778286,1778132,0
1778470,1559032869587333,83256750,0.59872554,184,1778287,1778470,1778429,0
1778695,1559032870007083,83860208,0.59822397,225,1778471,1778695,1778555,0
1778875,1559032872075291,85427792,0.59446178,180,1778696,1778875,1778809,0
1779113,1559032873019958,84485958,0.61647809,238,1778876,1779113,1779082,0
1779244,1559032874294166,83267334,0.61940373,131,1779114,1779244,1779121,0
1779446,1559032875008416,82936084,0.61862896,202,1779245,1779446,1779321,0
1779642,1559032876061000,83070875,0.64121584,196,1779447,1779642,1779528,0
1779740,1559032877204041,82158959,0.58915033,98,1779643,1779740,1779691,0
1779910,1559032878997125,81261500,0.60850876,170,1779741,1779910,1779793,0
1780166,1559032879401000,82054541,0.59243858,256,1779911,1780166,1780049,0
1780422,1559032880344833,82296958,0.63755647,256,1780167,1780422,1780220,0
1780590,1559032880353916,85361625,0.60332944,168,1780423,1780590,1780530,0
1780753,1559032881150750,84566625,0.55736775,163,1780591,1780753,1780625,0
1780938,1559032881783291,83935125,0.6298314,185,1780754,1780938,1780816,0
1781097,1559032881793166,84098250,0.5681895,159,1780939,1781097,1781068,0
1781310,1559032885762958,81150208,0.58800449,213,1781098,1781310,1781254,0
1781551,1559032886800916,81194500,0.5797155,241,1781311,1781551,1781501,0
1781721,1559032888059833,80979458,0.58821582,170,1781552,1781721,1781558,0
1781977,1559032888899250,81379583,0.61040398,256,1781722,1781977,1781805,0
1782224,1559032891011208,80270000,0.6066355,247,1781978,1782224,1782016,0
1782464,1559032892443083,81784708,0.57977163,240,1782225,1782464,1782353,0
1782504,1559032892445541,81785042,0.54903925,40,1782465,1782504,1782502,0
1782757,1559032894125583,80106208,0.65932005,253,1782505,1782757,1782599,0
1783013,1559032896268000,79090125,0.59602317,256,1782758,1783013,1782964,0
1783181,1559032896289375,80010833,0.60274246,168,1783014,1783181,1783133,0
1783384,1559032898073333,79071917,0.59988771,203,1783182,1783384,1783364,0
1783550,1559032899512500,78417125,0.59365443,166,1783385,1783550,1783546,0
1783629,1559032899517250,78985583,0.61212021,79,1783551,1783629,1783568,0
1783825,1559032900863583,79152583,0.6686183,196,1783630,1783825,1783692,0
1784018,1559032903040291,77776250,0.56468519,193,1783826,1784018,1783867,0
1784274,1559032903555333,78805417,0.61662286,256,1784019,1784274,1784199,0
1784413,1559032903590291,78773084,0.64193169,139,1784275,1784413,1784347,0
1784578,1559032904863791,78579542,0.56950513,165,1784414,1784578,1784506,0
1784678,1559032904960916,78483709,0.58499298,100,1784579,1784678,1784588,0
1784865,1559032906692416,77656542,0.58175114,187,1784679,1784865,1784783,0
1785072,1559032907843750,77567208,0.6016676,207,1784866,1785072,1785064,0
1785233,1559032909031666,77429042,0.592464,161,1785073,1785233,1785123,0
1785484,1559032909520416,78099084,0.61858467,251,1785234,1785484,1785336,0
1785634,1559032909528583,79860000,0.58407239,150,1785485,1785634,1785503,0
1785731,1559032910693041,78768625,0.59487259,97,1785635,1785731,1785695,0
1785933,1559032912071583,77872792,0.57453155,202,1785732,1785933,1785774,0
1786189,1559032912086291,78982667,0.58325845,256,1785934,1786189,1786087,0
1786391,1559032913078375,79163416,0.57110776,202,1786190,1786391,1786261,0
1786626,1559032914831375,78362666,0.62981849,235,1786392,1786626,1786568,0
1786751,1559032914846583,79309042,0.57381751,125,1786627,1786751,1786640,0
1786987,1559032916094416,79140542,0.61250639,236,1786752,1786987,1786967,0
1787243,1559032917345833,79067792,0.65859587,256,1786988,1787243,1787048,0
1787445,1559032918324083,82318292,0.60433851,202,1787244,1787445,1787327,0
1787682,1559032919983958,80660000,0.60328128,237,1787446,1787682,1787525,0
1787829,1559032920661708,79983250,0.58603592,147,1787683,1787829,1787736,0
1788067,1559032922013625,78632250,0.58117719,238,1787830,1788067,1788034,0
1788263,1559032922370583,79296625,0.6051523,196,1788068,1788263,1788138,0
1788319,1559032922373833,79295042,0.5701834,56,1788264,1788319,1788306,0
1788370,1559032922376875,79552458,0.60298794,51,1788320,1788370,1788341,0
1788446,1559032922733541,79740084,0.60204624,76,1788371,1788446,1788401,0
1788563,1559032923669583,79419042,0.56066409,117,1788447,1788563,1788554,0
1788819,1559032926044291,78287917,0.59933504,256,1788564,1788819,1788796,0
1788989,1559032927271833,78950958,0.61451882,170,1788820,1788989,1788947,0
1789245,1559032928601250,77929500,0.64303692,256,1788990,1789245,1789078,0
1789407,1559032929807375,77770125,0.57807864,162,1789246,1789407,1789335,0
1789661,1559032930856291,77736084,0.61402743,254,1789408,1789661,1789611,0
1789880,1559032933006083,76603708,0.59535371,219,1789662,1789880,1789827,0
1789939,1559032933009541,76858959,0.57895925,59,1789881,1789939,1789927,0
1790161,1559032933900250,77082583,0.61915101,222,1789940,1790161,1789963,0
1790244,1559032933904708,78126500,0.57221192,83,1790162,1790244,1790226,0
1790425,1559032934018666,78458417,0.61467062,181,1790245,1790425,1790317,0
1790595,1559032934496083,79811250,0.59832341,170,1790426,1790595,1790499,0
1790716,1559032934503083,79806083,0.57762067,121,1790596,1790716,1790641,0
1790875,1559032936724708,77782000,0.5910827,159,1790717,1790875,1790815,0
1790981,1559032936730458,78299292,0.60441898,106,1790876,1790981,1790906,0
1791141,1559032937706958,78110125,0.60027493,160,1790982,1791141,1791111,0
1791331,1559032937729625,79048333,0.61028263,190,1791142,1791331,1791281,0
1791515,1559032938973708,78735167,0.66421782,184,1791332,1791515,1791410,0
1791653,1559032939812500,78721958,0.61290356,138,1791516,1791653,1791574,0
1791755,1559032939818000,79372666,0.60278975,102,1791654,1791755,1791713,0
1791969,1559032941073875,79456625,0.64918656,214,1791756,1791969,1791800,0
1792191,1559032942231916,79435334,0.59092323,222,1791970,1792191,1792037,0
1792323,1559032942239083,80132958,0.59030164,132,1792192,1792323,1792263,0
1792579,1559032945712416,77967709,0.65669599,256,1792324,1792579,1792546,0
1792595,1559032945713291,78011875,0.63011053,16,1792580,1792595,1792582,0
1792611,1559032945714125,78154375,0.60953219,16,1792596,1792611,1792608,0
1792627,1559032945715000,78242541,0.56683029,16,1792612,1792627,1792617,0
1792703,1559032946062625,78277333,0.63442299,76,1792628,1792703,1792633,0
1792761,1559032946065750,78541541,0.54975996,58,1792704,1792761,1792734,0
1792968,1559032946173583,79410125,0.59736265,207,1792762,1792968,1792835,0
1793224,1559032946188666,80603584,0.62120374,256,1792969,1793224,1793029,0
1793480,1559032947873375,80177791,0.60772612,256,1793225,1793480,1793425,0
1793522,1559032948298125,79994791,0.60193256,42,1793481,1793522,1793481,0
1793651,1559032948308208,80599458,0.57006598,129,1793523,1793651,1793623,0
1793723,1559032948312416,80943959,0.57819875,72,1793652,1793723,1793714,0
1793827,1559032949389333,80350708,0.55917741,104,1793724,1793827,1793756,0
1794044,1559032951005625,79787875,0.62012724,217,1793828,1794044,1793966,0
1794300,1559032951972166,80067584,0.62712254,256,1794045,1794300,1794281,0
1794521,1559032953003333,80144958,0.60192367,221,1794301,1794521,1794373,0
1794777,1559032956193000,78167208,0.59939127,256,1794522,1794777,1794578,0
1795018,1559032957107500,78650958,0.62206653,241,1794778,1795018,1794923,0
1795226,1559032958004166,78780084,0.62019624,208,1795019,1795226,1795197,0
1795400,1559032958999416,78668250,0.62414991,174,1795227,1795400,1795367,0
1795601,1559032959468791,79370125,0.62464416,201,1795401,1795601,1795509,0
1795635,1559032960227291,78816084,0.5783423,34,1795602,1795635,1795602,0
1795871,1559032962703041,77589542,0.57558784,236,1795636,1795871,1795683,0
1795922,1559032962705750,77700541,0.53749776,51,1795872,1795922,1795915,0
1796122,1559032963756083,77639792,0.63017868,200,1795923,1796122,1796085,0
1796340,1559032964633708,77792958,0.57751257,218,1796123,1796340,1796337,0
1796524,1559032965188458,78132042,0.61242889,184,1796341,1796524,1796400,0
1796780,1559032968815750,75873125,0.59227937,256,1796525,1796780,1796660,0
1797036,1559032971369541,74561709,0.59442219,256,1796781,1797036,1796912,0
1797205,1559032973088916,73661959,0.63125636,169,1797037,1797205,1797204,0
1797221,1559032973089791,73751167,0.5611185,16,1797206,1797221,1797206,0
1797303,1559032973094166,74174125,0.63925784,82,1797222,1797303,1797231,0
1797454,1559032973594500,74431791,0.61598194,151,1797304,1797454,1797317,0
1797658,1559032975465750,73582250,0.58870569,204,1797455,1797658,1797567,0
1797867,1559032977313708,72722667,0.61103145,209,1797659,1797867,1797792,0
1798112,1559032978028916,73259000,0.61090879,245,1797868,1798112,1798079,0
1798220,1559032978456541,73607500,0.59589135,108,1798113,1798220,1798153,0
1798466,1559032979509500,74076166,0.61692627,246,1798221,1798466,1798449,0
1798570,1559032979515208,74721292,0.59304753,104,1798467,1798570,1798479,0
1798775,1559032980418000,74866000,0.59929395,205,1798571,1798775,1798638,0
1798845,1559032980421833,75217458,0.57751384,70,1798776,1798845,1798785,0
1799049,1559032981685458,75367250,0.64087453,204,1798846,1799049,1798872,0
1799076,1559032981687000,75367541,0.4995355,27,1799050,1799076,1799068,0
1799318,1559032982295166,75860625,0.6315689,242,1799077,1799318,1799100,0
1799574,1559032983555000,75815916,0.61522731,256,1799319,1799574,1799562,0
1799619,1559032983557416,76118167,0.63829549,45,1799575,1799619,1799582,0
1799635,1559032983558250,76119000,0.51897098,16,1799620,1799635,1799625,0
1799825,1559032985399291,75212042,0.62853484,190,1799636,1799825,1799785,0
1799982,1559032986472916,74914959,0.5970506,157,1799826,1799982,1799975,0
1800040,1559032987653708,74028875,0.60755528,58,1799983,1800040,1799992,0
1800118,1559032987657916,74405750,0.59831643,78,1800041,1800118,1800071,0
1800223,1559032988910666,73683000,0.60530327,105,1800119,1800223,1800165,0
1800470,1559032989334583,74434542,0.60754791,247,1800224,1800470,1800431,0
1800697,1559032990354333,74538458,0.62263458,227,1800471,1800697,1800529,0
1800915,1559032991100916,74922709,0.60779822,218,1800698,1800915,1800800,0
1801171,1559032992070708,75145375,0.60230919,256,1800916,1801171,1800956,0
1801391,1559032993888833,74398500,0.63330478,220,1801172,1801391,1801378,0
1801536,1559032995212750,73799708,0.62107006,145,1801392,1801536,1801418,0
1801792,1559032997456083,72819083,0.64410942,256,1801537,1801792,1801775,0
1801870,1559032997471083,73193375,0.56726176,78,1801793,1801870,1801858,0
1801990,1559032998656291,72594792,0.59444516,120,1801871,1801990,1801939,0
1802225,1559032999236541,73378500,0.6023155,235,1801991,1802225,1802198,0
1802442,1559033000445083,73214458,0.59392582,217,1802226,1802442,1802393,0
1802678,1559033001668750,73231166,0.6397648,236,1802443,1802678,1802632,0
1802911,1559033001970291,74112875,0.63364895,233,1802679,1802911,1802719,0
1803163,1559033003145208,74148292,0.60877202,252,1802912,1803163,1802968,0
1803339,1559033004355750,73846541,0.61318985,176,1803164,1803339,1803213,0
1803404,1559033004359208,74112292,0.62750057,65,1803340,1803404,1803340,0
1803631,1559033005997375,73632625,0.63772835,227,1803405,1803631,1803564,0
1803764,1559033008693333,71619042,0.61225154,133,1803632,1803764,1803693,0
1803908,1559033008701125,72411208,0.60141272,144,1803765,1803908,1803780,0
1804131,1559033009928833,72195625,0.64164905,223,1803909,1804131,1803983,0
1804361,1559033012342333,70941375,0.64319282,230,1804132,1804361,1804236,0
1804557,1559033012363541,71846959,0.60900428,196,1804362,1804557,1804495,0
1804813,1559033013793000,71720333,0.63325526,256,1804558,1804813,1804770,0
1805009,1559033013815625,72636750,0.63732299,196,1804814,1805009,1804909,0
1805206,1559033014624916,72781750,0.574203,197,1805010,1805206,1805132,0
1805319,1559033015120500,72847541,0.59443301,113,1805207,1805319,1805257,0
1805447,1559033015127416,73664000,0.64122953,128,1805320,1805447,1805392,0
1805637,1559033016925583,73086458,0.62660174,190,1805448,1805637,1805570,0
1805798,1559033016934333,73727958,0.64987984,161,1805638,1805798,1805685,0
1806054,1559033018593208,73289583,0.60605493,256,1805799,1806054,1805837,0
1806310,1559033019317916,73844292,0.65296432,256,1806055,1806310,1806301,0
1806332,1559033020650375,72667791,0.63426197,22,1806311,1806332,1806311,0
1806348,1559033020651250,72741916,0.62393145,16,1806333,1806348,1806345,0
1806470,1559033020657875,73319083,0.57621968,122,1806349,1806470,1806453,0
1806701,1559033021899333,73186833,0.61340293,231,1806471,1806701,1806526,0
1806774,1559033021904083,73558917,0.64018076,73,1806702,1806774,1806720,0
1807005,1559033022620250,73959041,0.62623433,231,1806775,1807005,1806952,0
1807139,1559033023802375,73435666,0.63829761,134,1807006,1807139,1807086,0
1807395,1559033023816291,74636834,0.59043634,256,1807140,1807395,1807340,0
1807650,1559033023944500,75813875,0.61976185,255,1807396,1807650,1807469,0
1807757,1559033024356791,75955667,0.58665878,107,1807651,1807757,1807746,0
1807934,1559033024607708,76631000,0.64076093,177,1807758,1807934,1807886,0
1808190,1559033025635208,76873250,0.60188761,256,1807935,1808190,1808135,0
1808446,1559033026827541,76943709,0.64467236,256,1808191,1808446,1808411,0
1808570,1559033028150250,76860791,0.61130411,124,1808447,1808570,1808568,0
1808586,1559033028151125,76862000,0.59548323,16,1808571,1808586,1808576,0
1808612,1559033028152500,76861958,0.57333524,26,1808587,1808612,1808600,0
1808868,1559033028380250,77808458,0.62364927,256,1808613,1808868,1808705,0
1809124,1559033029293625,78144458,0.67610459,256,1808869,1809124,1809061,0
1809144,1559033029294666,78249459,0.60968774,20,1809125,1809144,1809125,0
1809311,1559033029906666,78466125,0.61145127,167,1809145,1809311,1809239,0
1809533,1559033030893416,78583084,0.64185669,222,1809312,1809533,1809531,0
1809549,1559033032181916,77401125,0.61218954,16,1809534,1809549,1809547,0
1809565,1559033032182791,77545417,0.63188469,16,1809550,1809565,1809553,0
1809581,1559033032183666,77606500,0.53284677,16,1809566,1809581,1809573,0
1809783,1559033033208708,77520750,0.59322286,202,1809582,1809783,1809671,0
1810016,1559033034522833,77402417,0.60819544,233,1809784,1810016,1809835,0
1810159,1559033035831166,76758125,0.58116441,143,1810017,1810159,1810078,0
1810356,1559033035844083,77748042,0.60853292,197,1810160,1810356,1810172,0
1810514,1559033039156708,75265875,0.62492758,158,1810357,1810514,1810455,0
1810643,1559033039401458,75662542,0.65325771,129,1810515,1810643,1810628,0
1810659,1559033039402333,75750042,0.54957731,16,1810644,1810659,1810652,0
1810675,1559033039403208,75851750,0.67894507,16,1810660,1810675,1810670,0
1810787,1559033039409250,76383750,0.59033335,112,1810676,1810787,1810778,0
1810933,1559033040483750,76046000,0.60293968,146,1810788,1810933,1810874,0
1811131,1559033041515541,76006667,0.62888831,198,1810934,1811131,1811130,0
1811147,1559033041516416,76146750,0.64961557,16,1811132,1811147,1811141,0
1811163,1559033041517250,76198208,0.60670492,16,1811148,1811163,1811152,0
1811293,1559033042687791,75662125,0.61990471,130,1811164,1811293,1811164,0
1811549,1559033043419833,76368958,0.65605684,256,1811294,1811549,1811445,0
1811805,1559033044867666,76186459,0.63862436,256,1811550,1811805,1811769,0
1811984,1559033046075208,75909958,0.61520012,179,1811806,1811984,1811924,0
1812240,1559033046826333,76835917,0.64809905,256,1811985,1812240,1812177,0
1812258,1559033046827291,76919542,0.60487272,18,1812241,1812258,1812258,0
1812280,1559033046828541,77041542,0.59843965,22,1812259,1812280,1812269,0
1812324,1559033046830916,77255417,0.61243982,44,1812281,1812324,1812291,0
1812378,1559033046833833,77520583,0.60094351,54,1812325,1812378,1812345,0
1812634,1559033047288000,78344291,0.61548058,256,1812379,1812634,1812614,0
1812837,1559033050181291,76467834,0.59944774,203,1812635,1812837,1812746,0
1813093,1559033051380291,76573167,0.64472019,256,1812838,1813093,1813083,0
1813294,1559033053610791,75369792,0.6103563,201,1813094,1813294,1813170,0
1813537,1559033054324583,75865750,0.60813703,243,1813295,1813537,1813493,0
1813605,1559033054328250,76228625,0.6762325,68,1813538,1813605,1813542,0
1813655,1559033056118000,74725125,0.62823744,50,1813606,1813655,1813626,0
1813671,1559033057078375,73829041,0.5566697,16,1813656,1813671,1813661,0
1813827,1559033057187458,74465292,0.59521602,156,1813672,1813827,1813768,0
1814063,1559033058211791,74602459,0.63039284,236,1813828,1814063,1813973,0
1814299,1559033059647375,74372708,0.65093792,236,1814064,1814299,1814183,0
1814534,1559033059739083,75814458,0.61951663,235,1814300,1814534,1814506,0
1814669,1559033060691541,75572042,0.57141395,135,1814535,1814669,1814569,0
1814900,1559033062618583,74771458,0.60176922,231,1814670,1814900,1814706,0
1815108,1559033063846875,74572208,0.62239543,208,1814901,1815108,1815087,0
1815238,1559033064966625,74433666,0.62346011,130,1815109,1815238,1815153,0
1815394,1559033068365166,71902917,0.62318861,156,1815239,1815394,1815354,0
1815595,1559033068386791,72957834,0.60631253,201,1815395,1815595,1815412,0
1815709,1559033069816083,72133708,0.5983163,114,1815596,1815709,1815687,0
1815862,1559033069827750,72924875,0.60674639,153,1815710,1815862,1815743,0
1816118,1559033070745000,73301916,0.59356166,256,1815863,1816118,1816042,0
1816374,1559033072831791,72541084,0.62176583,256,1816119,1816374,1816319,0
1816621,1559033076169500,70501083,0.67761214,247,1816375,1816621,1816606,0
1816637,1559033076170416,70602834,0.61553055,16,1816622,1816637,1816632,0
1816653,1559033076171250,70687500,0.59797442,16,1816638,1816653,1816650,0
1816836,1559033077576000,70202833,0.582646,183,1816654,1816836,1816675,0
1817052,1559033078264666,70614334,0.63351258,216,1816837,1817052,1816970,0
1817143,1559033078280500,71049666,0.59799253,91,1817053,1817143,1817104,0
1817374,1559033078586583,71952208,0.6318691,231,1817144,1817374,1817349,0
1817491,1559033079844916,71315417,0.61632936,117,1817375,1817491,1817400,0
1817743,1559033081171125,71600125,0.60372303,252,1817492,1817743,1817572,0
1817813,1559033083491541,69625209,0.5882785,70,1817744,1817813,1817751,0
1818012,1559033084412416,69693500,0.58486997,199,1817814,1818012,1817928,0
1818150,1559033084419958,70499542,0.59024759,138,1818013,1818150,1818099,0
1818393,1559033086478291,69762959,0.59034687,243,1818151,1818393,1818390,0
1818409,1559033086628000,69678291,0.55699863,16,1818394,1818409,1818403,0
1818567,1559033086637291,70471792,0.62271564,158,1818410,1818567,1818538,0
1818823,1559033088034541,70367209,0.68728591,256,1818568,1818823,1818577,0
1819036,1559033089352291,70117750,0.61264445,213,1818824,1819036,1818860,0
1819205,1559033090072000,70463416,0.60049282,169,1819037,1819205,1819088,0
1819431,1559033090677708,70958250,0.61710258,226,1819206,1819431,1819209,0
1819687,1559033091954250,70941750,0.6286582,256,1819432,1819687,1819592,0
1819925,1559033093373291,71056125,0.6453923,238,1819688,1819925,1819761,0
1819957,1559033093375041,71226042,0.63490297,32,1819926,1819957,1819931,0
1820115,1559033093474625,72110125,0.58354475,158,1819958,1820115,1820090,0
1820238,1559033094059333,72293750,0.598356,123,1820116,1820238,1820229,0
1820254,1559033094060208,72381583,0.61071043,16,1820239,1820254,1820244,0
1820335,1559033094064541,72823917,0.6416423,81,1820255,1820335,1820262,0
1820543,1559033095514875,72462375,0.60697028,208,1820336,1820543,1820435,0
1820689,1559033095523291,73318292,0.62430912,146,1820544,1820689,1820661,0
1820775,1559033097361583,72058875,0.63129476,86,1820690,1820775,1820723,0
1820964,1559033098513083,71973333,0.62201745,189,1820776,1820964,1820885,0
1821153,1559033099870916,71542000,0.64913662,189,1820965,1821153,1821021,0
1821382,1559033100352750,72414958,0.64973736,229,1821154,1821382,1821379,0
1821398,1559033100353625,72416041,0.63136751,16,1821383,1821398,1821383,0
1821414,1559033100354458,72505750,0.61705484,16,1821399,1821414,1821404,0
1821469,1559033100357416,72762459,0.55190295,55,1821415,1821469,1821417,0
1821725,1559033102625916,71780667,0.58835701,256,1821470,1821725,1821724,0
1821901,1559033103868125,71431583,0.61284035,176,1821726,1821901,1821740,0
1822157,1559033104795625,71796250,0.64470687,256,1821902,1822157,1822057,0
1822405,1559033104817250,73028666,0.59847605,248,1822158,1822405,1822228,0
1822519,1559033107449250,70992125,0.63934525,114,1822406,1822519,1822519,0
1822775,1559033107568541,72249000,0.68487594,256,1822520,1822775,1822573,0
1823031,1559033108461916,72621542,0.60635518,256,1822776,1823031,1822827,0
1823237,1559033109614250,72561500,0.63492915,206,1823032,1823237,1823095,0
1823493,1559033109629416,74037750,0.64038003,256,1823238,1823493,1823424,0
1823694,1559033109725333,74695708,0.60458498,201,1823494,1823694,1823626,0
1823903,1559033109879833,75552458,0.59896902,209,1823695,1823903,1823733,0
1824115,1559033112252833,74210792,0.61138184,212,1823904,1824115,1823938,0
1824326,1559033112680458,74801792,0.57218914,211,1824116,1824326,1824261,0
1824476,1559033115098416,73182209,0.62098797,150,1824327,1824476,1824466,0
1824548,1559033115102291,73915750,0.59808108,72,1824477,1824548,1824491,0
1824776,1559033115230875,74837833,0.62856775,228,1824549,1824776,1824618,0
1824888,1559033115895166,74742000,0.59053032,112,1824777,1824888,1824870,0
1825022,1559033115902500,75380458,0.59013306,134,1824889,1825022,1824920,0
1825278,1559033117582625,75054708,0.64044553,256,1825023,1825278,1825223,0
1825421,1559033117590333,75774167,0.59338657,143,1825279,1825421,1825400,0
1825677,1559033119978416,74731542,0.62097953,256,1825422,1825677,1825488,0
1825846,1559033121206458,74391375,0.59937517,169,1825678,1825846,1825735,0
1826000,1559033122034375,74342041,0.60027526,154,1825847,1826000,1825892,0
1826016,1559033122035333,74430375,0.60962017,16,1826001,1826016,1826008,0
1826044,1559033122037000,74596958,0.56337285,28,1826017,1826044,1826017,0
1826283,1559033123769041,74041375,0.60111605,239,1826045,1826283,1826149,0
1826451,1559033123787375,74937625,0.61720247,168,1826284,1826451,1826347,0
1826707,1559033123984791,76037709,0.64102501,256,1826452,1826707,1826538,0
1826963,1559033124194666,77107250,0.58298577,256,1826708,1826963,1826939,0
1827219,1559033124510791,78053375,0.59691529,256,1826964,1827219,1827134,0
1827475,1559033125821250,78090583,0.6443855,256,1827220,1827475,1827259,0
1827660,1559033126838125,78161250,0.65614144,185,1827476,1827660,1827559,0
1827801,1559033128079791,77501750,0.57842803,141,1827661,1827801,1827773,0
1828057,1559033129695250,77361500,0.61891241,256,1827802,1828057,1828054,0
1828191,1559033129702458,78046833,0.6332931,134,1828058,1828191,1828081,0
1828362,1559033130346708,78256292,0.58710934,171,1828192,1828362,1828196,0
1828492,1559033130825916,78418959,0.58076314,130,1828363,1828492,1828452,0
1828587,1559033131043833,78669625,0.60331849,95,1828493,1828587,1828493,0
1828821,1559033131167333,79699708,0.61998326,234,1828588,1828821,1828701,0
1829059,1559033133006250,79079166,0.65400459,238,1828822,1829059,1829035,0
1829315,1559033134436791,78953792,0.6237523,256,1829060,1829315,1829134,0
1829491,1559033135854208,78471708,0.57439143,176,1829316,1829491,1829387,0
1829642,1559033136309125,78822000,0.6458288,151,1829492,1829642,1829599,0
1829803,1559033137491958,78395625,0.59749237,161,1829643,1829803,1829752,0
1829987,1559033139161375,77635875,0.57496355,184,1829804,1829987,1829961,0
1830118,1559033140556750,76913375,0.597402,131,1829988,1830118,1830061,0
1830374,1559033141445708,77565708,0.61188899,256,1830119,1830374,1830235,0
1830630,1559033142881750,77495500,0.66563199,256,1830375,1830630,1830416,0
1830886,1559033144119166,78019959,0.61303204,256,1830631,1830886,1830869,0
1831093,1559033145448125,77332791,0.59416986,207,1830887,1831093,1831039,0
1831188,1559033145453208,77750917,0.60281846,95,1831094,1831188,1831136,0
1831421,1559033147314500,77059291,0.59442221,233,1831189,1831421,1831299,0
1831592,1559033147323708,77809750,0.57155643,171,1831422,1831592,1831591,0
1831809,1559033147335458,78818042,0.59648675,217,1831593,1831809,1831707,0
1831981,1559033147975000,79002625,0.59384777,172,1831810,1831981,1831879,0
1832173,1559033149037791,78921292,0.65585927,192,1831982,1832173,1832050,0
1832429,1559033149403083,79842958,0.63750405,256,1832174,1832429,1832395,0
1832609,1559033151211500,78863375,0.54946415,180,1832430,1832609,1832482,0
1832865,1559033152964666,78463917,0.65071636,256,1832610,1832865,1832698,0
1833117,1559033153230416,79411334,0.59603534,252,1832866,1833117,1832882,0
1833373,1559033154258458,79559000,0.62639294,256,1833118,1833373,1833314,0
1833622,1559033156377083,78643667,0.59937858,249,1833374,1833622,1833439,0
1833777,1559033156385458,79652542,0.61854913,155,1833623,1833777,1833631,0
1833936,1559033157110625,79776166,0.59637254,159,1833778,1833936,1833899,0
1834192,1559033158424750,79785375,0.6080745,256,1833937,1834192,1833995,0
1834403,1559033159518583,80024708,0.63534921,211,1834193,1834403,1834202,0
1834635,1559033160590250,80102416,0.59496119,232,1834404,1834635,1834459,0
1834687,1559033160593041,80342959,0.59199943,52,1834636,1834687,1834650,0
1834857,1559033161763916,79976167,0.58953778,170,1834688,1834857,1834711,0
1835113,1559033162989416,80049542,0.62598071,256,1834858,1835113,1834911,0
1835369,1559033164640875,79595833,0.62042115,256,1835114,1835369,1835310,0
1835606,1559033165602250,79789250,0.6007891,237,1835370,1835606,1835384,0
1835778,1559033166478541,79752709,0.60044824,172,1835607,1835778,1835687,0
1835951,1559033166581583,80523125,0.60120333,173,1835779,1835951,1835916,0
1836156,1559033166923500,81259208,0.62258164,205,1835952,1836156,1836031,0
1836263,1559033166929250,81945333,0.61672773,107,1836157,1836263,1836177,0
1836326,1559033168029291,81038375,0.58956175,63,1836264,1836326,1836271,0
1836495,1559033168038375,81869583,0.63793373,169,1836327,1836495,1836484,0
1836581,1559033168884750,81408250,0.56634498,86,1836496,1836581,1836552,0
1836819,1559033169476250,82049041,0.65676825,238,1836582,1836819,1836807,0
1836978,1559033170546291,82133209,0.58900255,159,1836820,1836978,1836941,0
1837163,1559033170556208,82992708,0.65068601,185,1836979,1837163,1837136,0
1837285,1559033172651083,81483375,0.61783429,122,1837164,1837285,1837251,0
1837463,1559033172660666,82434584,0.65469798,178,1837286,1837463,1837363,0
1837588,1559033172798333,82921958,0.63176897,125,1837464,1837588,1837523,0
1837700,1559033172804916,83408709,0.55779443,112,1837589,1837700,1837636,0
1837875,1559033172902791,84238084,0.61766377,175,1837701,1837875,1837852,0
1837938,1559033172906208,84503333,0.59563738,63,1837876,1837938,1837928,0
1838092,1559033173318541,84829834,0.58513977,154,1837939,1838092,1837967,0
1838278,1559033173328666,85661834,0.59642016,186,1838093,1838278,1838174,0
1838446,1559033174527541,85229750,0.59249444,168,1838279,1838446,1838446,0
1838501,1559033175392833,84640583,0.58492042,55,1838447,1838501,1838495,0
1838533,1559033175394583,84829917,0.58815758,32,1838502,1838533,1838530,0
1838619,1559033175399208,85245083,0.66309834,86,1838534,1838619,1838535,0
1838875,1559033177907916,84003000,0.61057383,256,1838620,1838875,1838830,0
1839131,1559033178488875,84616916,0.59880173,256,1838876,1839131,1838927,0
1839387,1559033180053958,84345833,0.60759245,256,1839132,1839387,1839191,0
1839643,1559033181209625,84849208,0.65781552,256,1839388,1839643,1839424,0
1839824,1559033182274166,84570125,0.63380544,181,1839644,1839824,1839704,0
1839994,1559033183765041,83886584,0.59752637,170,1839825,1839994,1839856,0
1840199,1559033184555625,84074708,0.60113956,205,1839995,1840199,1840093,0
1840444,1559033187530875,82284958,0.62129579,245,1840200,1840444,1840357,0
1840546,1559033187536541,82754959,0.57520302,102,1840445,1840546,1840514,0
1840693,1559033189691375,81346750,0.62064396,147,1840547,1840693,1840657,0
1840810,1559033189698125,81981291,0.59170674,117,1840694,1840810,1840727,0
1841066,1559033190632916,82556542,0.60302827,256,1840811,1841066,1840880,0
1841288,1559033191354583,82977250,0.60785975,222,1841067,1841288,1841179,0
1841544,1559033192743541,83163209,0.61596974,256,1841289,1841544,1841397,0
1841605,1559033193488375,82797333,0.55640944,61,1841545,1841605,1841553,0
1841861,1559033195679083,82218250,0.56519687,256,1841606,1841861,1841775,0
1842047,1559033196567083,82246958,0.62374666,186,1841862,1842047,1841951,0
1842269,1559033196814166,83084542,0.6010083,222,1842048,1842269,1842117,0
1842525,1559033197882791,83242250,0.58368317,256,1842270,1842525,1842310,0
1842707,1559033201448541,80518459,0.58232311,182,1842526,1842707,1842585,0
1842843,1559033202621208,80017167,0.6099363,136,1842708,1842843,1842804,0
1842937,1559033202626250,80450875,0.57872117,94,1842844,1842937,1842873,0
1843073,1559033203981875,79735208,0.60861314,136,1842938,1843073,1842938,0
1843273,1559033206226250,78493166,0.60607571,200,1843074,1843273,1843247,0
1843315,1559033206228541,78702084,0.61528807,42,1843274,1843315,1843281,0
1843368,1559033206231333,79081333,0.58069453,53,1843316,1843368,1843339,0
1843624,1559033206402458,80309625,0.60228561,256,1843369,1843624,1843523,0
1843880,1559033207125750,80864625,0.65134198,256,1843625,1843880,1843862,0
1844059,1559033207772583,81324208,0.54998836,179,1843881,1844059,1843974,0
1844265,1559033208642916,81461000,0.62799196,206,1844060,1844265,1844136,0
1844521,1559033209324583,81953958,0.64382915,256,1844266,1844521,1844454,0
1844777,1559033210908041,81635875,0.61922696,256,1844522,1844777,1844668,0
1844956,1559033213432833,79977125,0.60329803,179,1844778,1844956,1844799,0
1845212,1559033214469458,80184792,0.62816033,256,1844957,1845212,1845159,0
1845468,1559033215108958,80771417,0.57488227,256,1845213,1845468,1845390,0
1845692,1559033215917708,81057042,0.64913908,224,1845469,1845692,1845529,0
1845859,1559033216899125,80829708,0.59932455,167,1845693,1845859,1845820,0
1846061,1559033217637791,81055209,0.58963899,202,1845860,1846061,1845982,0
1846077,1559033217638708,81137750,0.53059912,16,1846062,1846077,1846069,0
1846243,1559033219086583,80536708,0.61677297,166,1846078,1846243,1846227,0
1846347,1559033219092166,80984125,0.65642894,104,1846244,1846347,1846328,0
1846487,1559033220524375,80258000,0.59803943,140,1846348,1846487,1846352,0
1846652,1559033222268541,79432000,0.61479246,165,1846488,1846652,1846554,0
1846765,1559033222274666,80185125,0.58687898,113,1846653,1846765,1846724,0
1846924,1559033223115833,80120917,0.55178688,159,1846766,1846924,1846795,0
1847142,1559033224433708,79855750,0.59135754,218,1846925,1847142,1847140,0
1847273,1559033225203166,79753375,0.60889053,131,1847143,1847273,1847192,0
1847529,1559033228102125,78379833,0.63722307,256,1847274,1847529,1847528,0
1847785,1559033229346708,78410125,0.6789547,256,1847530,1847785,1847564,0
1847945,1559033229355458,79126833,0.574897,160,1847786,1847945,1847829,0
1848201,1559033231399958,78334500,0.62730144,256,1847946,1848201,1847963,0
1848316,1559033231406125,78881708,0.57473111,115,1848202,1848316,1848260,0
1848571,1559033232616625,78872250,0.64256733,255,1848317,1848571,1848558,0
1848827,1559033233928708,78859458,0.62837244,256,1848572,1848827,1848738,0
1848843,1559033233929541,78955709,0.61037447,16,1848828,1848843,1848830,0
1848859,1559033233930416,79052625,0.58086085,16,1848844,1848859,1848848,0
1848945,1559033235155375,78222125,0.5982365,86,1848860,1848945,1848934,0
1849090,1559033236088000,78046291,0.59210864,145,1848946,1849090,1849019,0
1849243,1559033236096250,78813750,0.60359799,153,1849091,1849243,1849210,0
1849499,1559033237025833,79264250,0.58793211,256,1849244,1849499,1849267,0
1849642,1559033238255333,78642333,0.56453933,143,1849500,1849642,1849549,0
1849898,1559033239492458,78600875,0.59659302,256,1849643,1849898,1849648,0
1850154,1559033240880250,78444000,0.61424866,256,1849899,1850154,1850051,0
1850357,1559033243026916,77265250,0.62930165,203,1850155,1850357,1850343,0
1850507,1559033244379583,76638750,0.56470256,150,1850358,1850507,1850367,0
1850735,1559033245462166,76890125,0.58270619,228,1850508,1850735,1850654,0
1850945,1559033247206583,76233583,0.58112582,210,1850736,1850945,1850827,0
1851197,1559033248213833,76457667,0.62488011,252,1850946,1851197,1850957,0
1851321,1559033248807000,76430791,0.57593519,124,1851198,1851321,1851231,0
1851403,1559033249231041,76442917,0.58236464,82,1851322,1851403,1851396,0
1851461,1559033249247375,76691958,0.57055229,58,1851404,1851461,1851419,0
1851615,1559033249279791,77418042,0.62010245,154,1851462,1851615,1851578,0
1851794,1559033249934125,77620125,0.61426755,179,1851616,1851794,1851636,0
1851887,1559033250339125,77671375,0.61091659,93,1851795,1851887,1851830,0
1852143,1559033251879291,77365084,0.59584126,256,1851888,1852143,1852094,0
1852399,1559033252707875,77794500,0.60658991,256,1852144,1852399,1852213,0
1852620,1559033253652958,77976917,0.61519844,221,1852400,1852620,1852489,0
1852831,1559033254224666,78374959,0.59425728,211,1852621,1852831,1852738,0
1853069,1559033257232666,76494209,0.61129457,238,1852832,1853069,1853016,0
1853308,1559033258174208,76684667,0.60562089,239,1853070,1853308,1853295,0
1853479,1559033258184125,77481916,0.58043604,171,1853309,1853479,1853374,0
1853735,1559033259054916,78321834,0.60377393,256,1853480,1853735,1853520,0
1853885,1559033259876416,78655500,0.62713047,150,1853736,1853885,1853836,0
1853967,1559033259890333,78840500,0.6093607,82,1853886,1853967,1853945,0
1854160,1559033260122458,79581083,0.5839479,193,1853968,1854160,1853972,0
1854416,1559033260344125,80648750,0.65692913,256,1854161,1854416,1854263,0
1854672,1559033261939833,80236583,0.61805452,256,1854417,1854672,1854465,0
1854899,1559033263180583,80077583,0.62261602,227,1854673,1854899,1854803,0
1855089,1559033264374458,79781500,0.57629691,190,1854900,1855089,1855030,0
1855278,1559033264384583,80694875,0.61549548,189,1855090,1855278,1855236,0
1855475,1559033267132208,78897583,0.59284452,197,1855279,1855475,1855433,0
1855670,1559033268787208,78201792,0.59535012,195,1855476,1855670,1855536,0
1855807,1559033269938458,77737958,0.60383213,137,1855671,1855807,1855690,0
1856063,1559033271118750,77793125,0.58227665,256,1855808,1856063,1856062,0
1856319,1559033271780875,78345708,0.57086195,256,1856064,1856319,1856064,0
1856444,1559033271787666,78926750,0.59378722,125,1856320,1856444,1856332,0
1856574,1559033273540250,77800250,0.56336057,130,1856445,1856574,1856467,0
1856824,1559033274716750,77814750,0.62129146,250,1856575,1856824,1856802,0
1856951,1559033275952333,77193583,0.62494963,127,1856825,1856951,1856835,0
1857203,1559033276321833,78025250,0.59723363,252,1856952,1857203,1857044,0
1857459,1559033277984791,77637584,0.58792185,256,1857204,1857459,1857302,0
1857667,1559033278869708,77720125,0.61263605,208,1857460,1857667,1857590,0
1857852,1559033279948625,77596708,0.59954949,185,1857668,1857852,1857720,0
1858090,1559033282060166,76598959,0.61526841,238,1857853,1858090,1857875,0
1858293,1559033282658583,76958208,0.57430543,203,1858091,1858293,1858290,0
1858316,1559033282659833,77063208,0.60018103,23,1858294,1858316,1858300,0
1858332,1559033282660708,77142958,0.61289621,16,1858317,1858332,1858324,0
1858411,1559033282664958,77549417,0.58664847,79,1858333,1858411,1858350,0
1858571,1559033283316291,77698250,0.69292101,160,1858412,1858571,1858558,0
1858587,1559033283317166,77761375,0.6426057,16,1858572,1858587,1858573,0
1858603,1559033283318000,77852375,0.62522518,16,1858588,1858603,1858601,0
1858619,1559033283318875,77944666,0.59500802,16,1858604,1858619,1858615,0
1858635,1559033283319750,78031291,0.57497912,16,1858620,1858635,1858625,0
1858766,1559033283326791,78664709,0.59693152,131,1858636,1858766,1858667,0
1858937,1559033283778500,79033583,0.59034389,171,1858767,1858937,1858883,0
1858986,1559033283781166,79273459,0.55427947,49,1858938,1858986,1858943,0
1859040,1559033284729458,78586833,0.57075411,54,1858987,1859040,1859005,0
1859144,1559033284735041,79086667,0.62245042,104,1859041,1859144,1859046,0
1859311,1559033284931125,79654000,0.57668844,167,1859145,1859311,1859171,0
1859567,1559033285316791,80523250,0.59891146,256,1859312,1859567,1859472,0
1859787,1559033288026208,78878375,0.59348389,220,1859568,1859787,1859762,0
1859918,1559033289119916,78400542,0.59958757,131,1859788,1859918,1859897,0
1860067,1559033289127875,79404583,0.58000046,149,1859919,1860067,1860050,0
1860270,1559033290136416,79367417,0.55770293,203,1860068,1860270,1860242,0
1860526,1559033291373333,79329250,0.60133077,256,1860271,1860526,1860289,0
1860782,1559033293568375,78397625,0.63295032,256,1860527,1860782,1860666,0
1861038,1559033294702083,78593917,0.60153947,256,1860783,1861038,1861002,0
1861248,1559033296013750,78258291,0.59920349,210,1861039,1861248,1861040,0
1861448,1559033297111333,78112458,0.59158211,200,1861249,1861448,1861373,0
1861704,1559033297836666,78685292,0.64671385,256,1861449,1861704,1861544,0
1861960,1559033298959083,78831292,0.63386269,256,1861705,1861960,1861875,0
1861976,1559033298959958,78911750,0.60426512,16,1861961,1861976,1861966,0
1861992,1559033298960833,78985792,0.52578471,16,1861977,1861992,1861989,0
1862140,1559033298968833,79674208,0.5932298,148,1861993,1862140,1862117,0
1862300,1559033299759708,79690417,0.63753856,160,1862141,1862300,1862260,0
1862556,1559033302494166,78216542,0.59024547,256,1862301,1862556,1862375,0
1862707,1559033304985083,76470708,0.63687953,151,1862557,1862707,1862655,0
1862952,1559033308574125,74143875,0.60181328,245,1862708,1862952,1862774,0
1863076,1559033309758083,73509875,0.64143286,124,1862953,1863076,1862978,0
1863299,1559033312848041,71522917,0.57706709,223,1863077,1863299,1863164,0
1863543,1559033312974041,72973125,0.61257362,244,1863300,1863543,1863429,0
1863653,1559033312980000,73604958,0.57822341,110,1863544,1863653,1863593,0
1863823,1559033313084250,74544333,0.60967855,170,1863654,1863823,1863686,0
1863972,1559033313513083,74952583,0.59341199,149,1863824,1863972,1863831,0
1864167,1559033315034583,74481958,0.64639082,195,1863973,1864167,1864021,0
1864183,1559033315035416,74611375,0.5305742,16,1864168,1864183,1864171,0
1864376,1559033316257041,74252125,0.61029215,193,1864184,1864376,1864207,0
1864513,1559033316264375,74879125,0.62883106,137,1864377,1864513,1864431,0
1864763,1559033317802625,74514208,0.56860543,250,1864514,1864763,1864630,0
1864929,1559033318152416,74953000,0.56441215,166,1864764,1864929,1864810,0
1865122,1559033318162833,75888167,0.60762078,193,1864930,1865122,1865012,0
1865295,1559033319415375,75436708,0.61130886,173,1865123,1865295,1865189,0
1865503,1559033320385250,75460000,0.5750652,208,1865296,1865503,1865347,0
1865759,1559033321173416,75867417,0.58355571,256,1865504,1865759,1865754,0
1865957,1559033322702583,75297750,0.58718128,198,1865760,1865957,1865933,0
1866213,1559033325399750,73768083,0.61997599,256,1865958,1866213,1866045,0
1866351,1559033326089583,73730042,0.59053964,138,1866214,1866351,1866343,0
1866607,1559033326105833,74979500,0.63354144,256,1866352,1866607,1866553,0
1866863,1559033327609000,74649500,0.61653147,256,1866608,1866863,1866699,0
1867105,1559033328041166,75363417,0.56357814,242,1866864,1867105,1866908,0
1867288,1559033329298958,74985875,0.59877957,183,1867106,1867288,1867263,0
1867464,1559033330527833,74775625,0.60738056,176,1867289,1867464,1867316,0
1867650,1559033331663625,74522083,0.61848223,186,1867465,1867650,1867567,0
1867906,1559033332731500,74691583,0.5728344,256,1867651,1867906,1867799,0
1868162,1559033334951541,73733334,0.61213227,256,1867907,1868162,1868026,0
1868364,1559033337467291,72179834,0.59197516,202,1868163,1868364,1868185,0
1868582,1559033338733541,71989625,0.59319544,218,1868365,1868582,1868469,0
1868684,1559033339087583,72129583,0.56035767,102,1868583,1868684,1868614,0
1868901,1559033339762458,72498083,0.59242797,217,1868685,1868901,1868764,0
1869138,1559033341110416,72321709,0.59253761,237,1868902,1869138,1869107,0
1869244,1559033342306250,71674250,0.6337925,106,1869139,1869244,1869185,0
1869500,1559033343348208,71881375,0.62627704,256,1869245,1869500,1869375,0
1869756,1559033344250333,72232542,0.57674917,256,1869501,1869756,1869699,0
1869859,1559033345240833,71748417,0.58328891,103,1869757,1869859,1869794,0
1870082,1559033346217875,71885708,0.61252297,223,1869860,1870082,1870042,0
1870338,1559033347044708,72338333,0.63678324,256,1870083,1870338,1870318,0
1870379,1559033347046875,72535833,0.54759996,41,1870339,1870379,1870361,0
1870588,1559033347854791,72782375,0.61420734,209,1870380,1870588,1870414,0
1870794,1559033348970375,72676000,0.60904724,206,1870589,1870794,1870774,0
1870954,1559033348979000,73405041,0.5744922,160,1870795,1870954,1870931,0
1871206,1559033350729333,73049167,0.60613878,252,1870955,1871206,1871059,0
1871455,1559033351752875,73203833,0.59180814,249,1871207,1871455,1871400,0
1871655,1559033352758291,73173042,0.61424834,200,1871456,1871655,1871517,0
1871818,1559033353333916,73405417,0.59625723,163,1871656,1871818,1871789,0
1871924,1559033353339666,73908000,0.58037812,106,1871819,1871924,1871915,0
1872050,1559033354426041,73401709,0.60373505,126,1871925,1872050,1872002,0
1872293,1559033355792375,73224291,0.61460563,243,1872051,1872293,1872272,0
1872316,1559033355793583,73321125,0.53343172,23,1872294,1872316,1872295,0
1872423,1559033355799375,73842708,0.63025999,107,1872317,1872423,1872376,0
1872679,1559033357650583,73292125,0.66362755,256,1872424,1872679,1872543,0
1872889,1559033358775541,73108417,0.59566289,210,1872680,1872889,1872887,0
1873145,1559033359639208,73537958,0.62217051,256,1872890,1873145,1872917,0
1873401,1559033359945625,74548791,0.64805175,256,1873146,1873401,1873382,0
1873657,1559033360350583,75357917,0.60259417,256,1873402,1873657,1873615,0
1873913,1559033361311791,75728042,0.62971467,256,1873658,1873913,1873773,0
1874122,1559033361323166,76683084,0.6198063,209,1873914,1874122,1873982,0
1874330,1559033361567916,77858625,0.58066036,208,1874123,1874330,1874261,0
1874536,1559033361579125,78828708,0.62529003,206,1874331,1874536,1874439,0
1874736,1559033362186666,79166292,0.60866964,200,1874537,1874736,1874643,0
1874766,1559033362188291,79296375,0.62864922,30,1874737,1874766,1874749,0
1874861,1559033362193458,79739542,0.58913855,95,1874767,1874861,1874808,0
1875117,1559033363185125,79991791,0.62037311,256,1874862,1875117,1875030,0
1875222,1559033363190833,80499417,0.55518353,105,1875118,1875222,1875129,0
1875364,1559033363426666,80900917,0.55209246,142,1875223,1875364,1875270,0
1875592,1559033363905291,81543542,0.63898438,228,1875365,1875592,1875524,0
1875736,1559033363913041,82218167,0.60914251,144,1875593,1875736,1875632,0
1875802,1559033364694958,81747792,0.57661624,66,1875737,1875802,1875762,0
1876008,1559033365927125,81443458,0.60579449,206,1875803,1876008,1875865,0
1876264,1559033367610833,80988208,0.59432828,256,1876009,1876264,1876156,0
1876392,1559033368581625,80599833,0.56983826,128,1876265,1876392,1876319,0
1876562,1559033370829916,79127542,0.57141594,170,1876393,1876562,1876495,0
1876818,1559033372021541,79127000,0.58731305,256,1876563,1876818,1876756,0
1877001,1559033373460666,78581959,0.59258233,183,1876819,1877001,1876966,0
1877068,1559033373464250,78933791,0.63939749,67,1877002,1877068,1877044,0
1877084,1559033373465125,79010875,0.61651825,16,1877069,1877084,1877074,0
1877100,1559033373465958,79072250,0.55318249,16,1877085,1877100,1877088,0
1877255,1559033374404083,78862625,0.58810538,155,1877101,1877255,1877125,0
1877511,1559033375363458,79139917,0.63027226,256,1877256,1877511,1877374,0
1877700,1559033375373750,80165166,0.58755874,189,1877512,1877700,1877610,0
1877956,1559033376595875,80402041,0.56916369,256,1877701,1877956,1877873,0
1878081,1559033377888958,79724792,0.62146377,125,1877957,1878081,1877982,0
1878286,1559033378094750,80511958,0.60246461,205,1878082,1878286,1878132,0
1878470,1559033378107750,81408166,0.59872554,184,1878287,1878470,1878429,0
1878695,1559033378877333,81698958,0.59822397,225,1878471,1878695,1878555,0
1878875,1559033380763125,80688250,0.59446178,180,1878696,1878875,1878809,0
1879113,1559033381539583,81078000,0.61647809,238,1878876,1879113,1879082,0
1879244,1559033382720000,80549666,0.61940373,131,1879114,1879244,1879121,0
1879446,1559033383344750,81156416,0.61862896,202,1879245,1879446,1879321,0
1879642,1559033384451500,81005375,0.64121584,196,1879447,1879642,1879528,0
1879740,1559033386007500,79919875,0.58915033,98,1879643,1879740,1879691,0
1879910,1559033387674750,79125625,0.60850876,170,1879741,1879910,1879793,0
1880166,1559033388610208,79441500,0.59243858,256,1879911,1880166,1880049,0
1880422,1559033389803333,79485583,0.63755647,256,1880167,1880422,1880220,0
1880590,1559033389812458,80303917,0.60332944,168,1880423,1880590,1880530,0
1880753,1559033390606166,80291625,0.55736775,163,1880591,1880753,1880625,0
1880938,1559033391343291,81003125,0.6298314,185,1880754,1880938,1880816,0
1881097,1559033391351833,81663292,0.5681895,159,1880939,1881097,1881068,0
1881310,1559033395235666,78750917,0.58800449,213,1881098,1881310,1881254,0
1881551,1559033395963458,79144750,0.5797155,241,1881311,1881551,1881501,0
1881721,1559033397114791,78786417,0.58821582,170,1881552,1881721,1881558,0
1881977,1559033398008750,79163166,0.61040398,256,1881722,1881977,1881805,0
1882224,1559033399874541,78404709,0.6066355,247,1881978,1882224,1882016,0
1882464,1559033401216208,78225125,0.57977163,240,1882225,1882464,1882353,0
1882504,1559033401219625,78407500,0.54903925,40,1882465,1882504,1882502,0
1882757,1559033402387541,78448792,0.65932005,253,1882505,1882757,1882599,0
1883013,1559033404309583,77723167,0.59602317,256,1882758,1883013,1882964,0
1883181,1559033404318625,78547541,0.60274246,168,1883014,1883181,1883133,0
1883384,1559033406273000,77544750,0.59988771,203,1883182,1883384,1883364,0
1883550,1559033407541458,77089792,0.59365443,166,1883385,1883550,1883546,0
1883629,1559033407545750,77629458,0.61212021,79,1883551,1883629,1883568,0
1883825,1559033408695333,77370125,0.6686183,196,1883630,1883825,1883692,0
1884018,1559033410756541,76210834,0.56468519,193,1883826,1884018,1883867,0
1884274,1559033411446791,76869667,0.61662286,256,1884019,1884274,1884199,0
1884413,1559033411454291,77639459,0.64193169,139,1884275,1884413,1884347,0
1884578,1559033412528416,77327042,0.56950513,165,1884414,1884578,1884506,0
1884678,1559033412533833,77810417,0.58499298,100,1884579,1884678,1884588,0
1884865,1559033413996541,77253084,0.58175114,187,1884679,1884865,1884783,0
1885072,1559033415302875,76872083,0.6016676,207,1884866,1885072,1885064,0
1885233,1559033416507416,76429125,0.592464,161,1885073,1885233,1885123,0
1885484,1559033417042250,77152666,0.61858467,251,1885234,1885484,1885336,0
1885634,1559033417050291,77871625,0.58407239,150,1885485,1885634,1885503,0
1885731,1559033418129166,77307250,0.59487259,97,1885635,1885731,1885695,0
1885933,1559033419496000,76933666,0.57453155,202,1885732,1885933,1885774,0
1886189,1559033419701000,78009458,0.58325845,256,1885934,1886189,1886087,0
1886391,1559033420678291,77994625,0.57110776,202,1886190,1886391,1886261,0
1886626,1559033422563833,77243667,0.62981849,235,1886392,1886626,1886568,0
1886751,1559033422571583,77888917,0.57381751,125,1886627,1886751,1886640,0
1886987,1559033423901916,77681334,0.61250639,236,1886752,1886987,1886967,0
1887243,1559033425017083,77934708,0.65859587,256,1886988,1887243,1887048,0
1887445,1559033426013666,77966292,0.60433851,202,1887244,1887445,1887327,0
1887682,1559033427374833,78101167,0.60328128,237,1887446,1887682,1887525,0
1887829,1559033427944041,78253584,0.58603592,147,1887683,1887829,1887736,0
1888067,1559033430019458,77328458,0.58117719,238,1887830,1888067,1888034,0
1888263,1559033430031083,78226708,0.6051523,196,1888068,1888263,1888138,0
1888319,1559033430034291,78493042,0.5701834,56,1888264,1888319,1888306,0
1888370,1559033430037291,78771375,0.60298794,51,1888320,1888370,1888341,0
1888446,1559033430043041,79116209,0.60204624,76,1888371,1888446,1888401,0
1888563,1559033430949916,78771042,0.56066409,117,1888447,1888563,1888554,0
1888819,1559033433191583,77897458,0.59933504,256,1888564,1888819,1888796,0
1888989,1559033434558833,77220292,0.61451882,170,1888820,1888989,1888947,0
1889245,1559033435836791,77256042,0.64303692,256,1888990,1889245,1889078,0
1889407,1559033437055833,76722625,0.57807864,162,1889246,1889407,1889335,0
1889661,1559033439055000,75920958,0.61402743,254,1889408,1889661,1889611,0
1889880,1559033440540666,75563750,0.59535371,219,1889662,1889880,1889827,0
1889939,1559033440543875,75828541,0.57895925,59,1889881,1889939,1889927,0
1890161,1559033441423125,76040916,0.61915101,222,1889940,1890161,1889963,0
1890244,1559033441427583,76520333,0.57221192,83,1890162,1890244,1890226,0
1890425,1559033441633666,77542750,0.61467062,181,1890245,1890425,1890317,0
1890595,1559033442022083,78224958,0.59832341,170,1890426,1890595,1890499,0
1890716,1559033442028583,78879542,0.57762067,121,1890596,1890716,1890641,0
1890875,1559033443900250,77771208,0.5910827,159,1890717,1890875,1890815,0
1890981,1559033443906000,78278625,0.60441898,106,1890876,1890981,1890906,0
1891141,1559033444531666,78474667,0.60027493,160,1890982,1891141,1891111,0
1891331,1559033444542041,79300042,0.61028263,190,1891142,1891331,1891281,0
1891515,1559033445604208,79126000,0.66421782,184,1891332,1891515,1891410,0
1891653,1559033446401375,78965958,0.61290356,138,1891516,1891653,1891574,0
1891755,1559033446406916,79424375,0.60278975,102,1891654,1891755,1891713,0
1891969,1559033447461000,79338416,0.64918656,214,1891756,1891969,1891800,0
1892191,1559033448717083,79353417,0.59092323,222,1891970,1892191,1892037,0
1892323,1559033448724291,79935042,0.59030164,132,1892192,1892323,1892263,0
1892579,1559033452126250,77748541,0.65669599,256,1892324,1892579,1892546,0
1892595,1559033452127125,77812500,0.63011053,16,1892580,1892595,1892582,0
1892611,1559033452128000,77926041,0.60953219,16,1892596,1892611,1892608,0
1892627,1559033452128875,78010041,0.56683029,16,1892612,1892627,1892617,0
1892703,1559033452454666,78046292,0.63442299,76,1892628,1892703,1892633,0
1892761,1559033452457875,78287291,0.54975996,58,1892704,1892761,1892734,0
1892968,1559033452610000,79124583,0.59736265,207,1892762,1892968,1892835,0
1893224,1559033452623958,80265000,0.62120374,256,1892969,1893224,1893029,0
1893480,1559033453321583,80797917,0.60772612,256,1893225,1893480,1893425,0
1893522,1559033454547166,79788250,0.60193256,42,1893481,1893522,1893481,0
1893651,1559033454554166,80403917,0.57006598,129,1893523,1893651,1893623,0
1893723,1559033454558083,80767458,0.57819875,72,1893652,1893723,1893714,0
1893827,1559033456279541,79528334,0.55917741,104,1893724,1893827,1893756,0
1894044,1559033457718208,79174292,0.62012724,217,1893828,1894044,1893966,0
1894300,1559033458723625,79565125,0.62712254,256,1894045,1894300,1894281,0
1894521,1559033459600916,79872584,0.60192367,221,1894301,1894521,1894373,0
1894777,1559033461583833,78982083,0.59939127,256,1894522,1894777,1894578,0
1895018,1559033463570833,78161958,0.62206653,241,1894778,1895018,1894923,0
1895226,1559033464605625,78144583,0.62019624,208,1895019,1895226,1895197,0
1895400,1559033465468375,78151125,0.62414991,174,1895227,1895400,1895367,0
1895601,1559033465956125,78681958,0.62464416,201,1895401,1895601,1895509,0
1895635,1559033466895416,77914042,0.5783423,34,1895602,1895635,1895602,0
1895871,1559033469311083,76612625,0.57558784,236,1895636,1895871,1895683,0
1895922,1559033469313875,76861708,0.53749776,51,1895872,1895922,1895915,0
1896122,1559033470214375,76911500,0.63017868,200,1895923,1896122,1896085,0
1896340,1559033470957416,77225084,0.57751257,218,1896123,1896340,1896337,0
1896524,1559033472762916,76296000,0.61242889,184,1896341,1896524,1896400,0
1896780,1559033475958833,74332542,0.59227937,256,1896525,1896780,1896660,0
1897036,1559033478374916,73174459,0.59442219,256,1896781,1897036,1896912,0
1897205,1559033479491750,72854666,0.63125636,169,1897037,1897205,1897204,0
1897221,1559033479492583,72939500,0.5611185,16,1897206,1897221,1897206,0
1897303,1559033479496958,73352000,0.63925784,82,1897222,1897303,1897231,0
1897454,1559033479616875,73976666,0.61598194,151,1897304,1897454,1897317,0
1897658,1559033482241250,72373666,0.58870569,204,1897455,1897658,1897567,0
1897867,1559033483969958,71765375,0.61103145,209,1897659,1897867,1897792,0
1898112,1559033484686708,72361917,0.61090879,245,1897868,1898112,1898079,0
1898220,1559033485219916,72236542,0.59589135,108,1898113,1898220,1898153,0
1898466,1559033486115708,72534375,0.61692627,246,1898221,1898466,1898449,0
1898570,1559033486121375,73035458,0.59304753,104,1898467,1898570,1898479,0
1898775,1559033487062875,73104583,0.59929395,205,1898571,1898775,1898638,0
1898845,1559033487066625,73436583,0.57751384,70,1898776,1898845,1898785,0
1899049,1559033489514458,72013250,0.64087453,204,1898846,1899049,1898872,0
1899076,1559033489515916,72142292,0.4995355,27,1899050,1899076,1899068,0
1899318,1559033489528875,73549958,0.6315689,242,1899077,1899318,1899100,0
1899574,1559033491000583,73327875,0.61522731,256,1899319,1899574,1899562,0
1899619,1559033491003041,73578125,0.63829549,45,1899575,1899619,1899582,0
1899635,1559033491003875,73701000,0.51897098,16,1899620,1899635,1899625,0
1899825,1559033492321333,73255125,0.62853484,190,1899636,1899825,1899785,0
1899982,1559033493026166,73333125,0.5970506,157,1899826,1899982,1899975,0
1900040,1559033494334458,72336958,0.60755528,58,1899983,1900040,1899992,0
1900118,1559033494338708,72695750,0.59831643,78,1900041,1900118,1900071,0
1900223,1559033495003541,72596250,0.60530327,105,1900119,1900223,1900165,0
1900470,1559033495601625,73142416,0.60754791,247,1900224,1900470,1900431,0
1900697,1559033496537791,73322500,0.62263458,227,1900471,1900697,1900529,0
1900915,1559033497780500,73166583,0.60779822,218,1900698,1900915,1900800,0
1901171,1559033499043291,73176625,0.60230919,256,1900916,1901171,1900956,0
1901391,1559033500469458,73085333,0.63330478,220,1901172,1901391,1901378,0
1901536,1559033501707333,72561333,0.62107006,145,1901392,1901536,1901418,0
1901792,1559033503978333,71582250,0.64410942,256,1901537,1901792,1901775,0
1901870,1559033503982583,71984625,0.56726176,78,1901793,1901870,1901858,0
1901990,1559033505759125,70798833,0.59444516,120,1901871,1901990,1901939,0
1902225,1559033506240333,71502125,0.6023155,235,1901991,1902225,1902198,0
1902442,1559033507403708,71396625,0.59392582,217,1902226,1902442,1902393,0
1902678,1559033508754791,71312417,0.6397648,236,1902443,1902678,1902632,0
1902911,1559033508999083,72263917,0.63364895,233,1902679,1902911,1902719,0
1903163,1559033509731166,72769084,0.60877202,252,1902912,1903163,1902968,0
1903339,1559033510998250,72732833,0.61318985,176,1903164,1903339,1903213,0
1903404,1559033511001750,72732625,0.62750057,65,1903340,1903404,1903340,0
1903631,1559033511864583,72889750,0.63772835,227,1903405,1903631,1903564,0
1903764,1559033515091291,70308667,0.61225154,133,1903632,1903764,1903693,0
1903908,1559033515099125,70969291,0.60141272,144,1903765,1903908,1903780,0
1904131,1559033516392083,70701417,0.64164905,223,1903909,1904131,1903983,0
1904361,1559033519229166,69059459,0.64319282,230,1904132,1904361,1904236,0
1904557,1559033519239708,69954042,0.60900428,196,1904362,1904557,1904495,0
1904813,1559033520948000,69359541,0.63325526,256,1904558,1904813,1904770,0
1905009,1559033520957791,70257917,0.63732299,196,1904814,1905009,1904909,0
1905206,1559033521686583,70432500,0.574203,197,1905010,1905206,1905132,0
1905319,1559033522233625,70425250,0.59443301,113,1905207,1905319,1905257,0
1905447,1559033522240041,71030625,0.64122953,128,1905320,1905447,1905392,0
1905637,1559033524194625,69994208,0.62660174,190,1905448,1905637,1905570,0
1905798,1559033524202833,70722000,0.64987984,161,1905638,1905798,1905685,0
1906054,1559033525449291,70720542,0.60605493,256,1905799,1906054,1905837,0
1906310,1559033525985041,71506250,0.65296432,256,1906055,1906310,1906301,0
1906332,1559033526956041,70681542,0.63426197,22,1906311,1906332,1906311,0
1906348,1559033526956833,70766333,0.62393145,16,1906333,1906348,1906345,0
1906470,1559033526962916,71387667,0.57621968,122,1906349,1906470,1906453,0
1906701,1559033528077750,71468458,0.61340293,231,1906471,1906701,1906526,0
1906774,1559033528081416,71834417,0.64018076,73,1906702,1906774,1906720,0
1907005,1559033528678000,72360750,0.62623433,231,1906775,1907005,1906952,0
1907139,1559033529905708,71789333,0.63829761,134,1907006,1907139,1907086,0
1907395,1559033530016875,72923666,0.59043634,256,1907140,1907395,1907340,0
1907650,1559033530208583,74041667,0.61976185,255,1907396,1907650,1907469,0
1907757,1559033530637708,75150792,0.58665878,107,1907651,1907757,1907746,0
1907934,1559033530924791,74904709,0.64076093,177,1907758,1907934,1907886,0
1908190,1559033531760625,75378000,0.60188761,256,1907935,1908190,1908135,0
1908446,1559033532949416,75413250,0.64467236,256,1908191,1908446,1908411,0
1908570,1559033534346125,85387875,0.61130411,124,1908447,1908570,1908568,0
1908586,1559033534347000,85397750,0.59548323,16,1908571,1908586,1908576,0
1908612,1559033534348458,85397417,0.57333524,26,1908587,1908612,1908600,0
1908868,1559033534565250,85181666,0.62364927,256,1908613,1908868,1908705,0
1909124,1559033535425500,84322500,0.67610459,256,1908869,1909124,1909061,0
1909144,1559033535426583,84322417,0.60968774,20,1909125,1909144,1909125,0
1909311,1559033535986250,83763708,0.61145127,167,1909145,1909311,1909239,0
1909533,1559033536985083,82765792,0.64185669,222,1909312,1909533,1909531,0
1909549,1559033538405625,81346166,0.61218954,16,1909534,1909549,1909547,0
1909565,1559033538406583,81346208,0.63188469,16,1909550,1909565,1909553,0
1909581,1559033538407458,81346292,0.53284677,16,1909566,1909581,1909573,0
1909783,1559033539796083,79958583,0.59322286,202,1909582,1909783,1909671,0
1910016,1559033540807708,78948000,0.60819544,233,1909784,1910016,1909835,0
1910159,1559033541844416,77912209,0.58116441,143,1910017,1910159,1910078,0
1910356,1559033541855125,77902541,0.60853292,197,1910160,1910356,1910172,0
1910514,1559033544782958,74975625,0.62492758,158,1910357,1910514,1910455,0
1910643,1559033544790041,74969500,0.65325771,129,1910515,1910643,1910628,0
1910659,1559033544790916,74969584,0.54957731,16,1910644,1910659,1910652,0
1910675,1559033544791791,75024000,0.67894507,16,1910660,1910675,1910670,0
1910787,1559033544797875,75579083,0.59033335,112,1910676,1910787,1910778,0
1910933,1559033546321041,74967625,0.60293968,146,1910788,1910933,1910874,0
1911131,1559033547124333,75264375,0.62888831,198,1910934,1911131,1911130,0
1911147,1559033547125208,75489667,0.64961557,16,1911132,1911147,1911141,0
1911163,1559033547126083,75491042,0.60670492,16,1911148,1911163,1911152,0
1911293,1559033548225583,75080333,0.61990471,130,1911164,1911293,1911164,0
1911549,1559033549088666,75895292,0.65605684,256,1911294,1911549,1911445,0
1911805,1559033550396916,77302584,0.63862436,256,1911550,1911805,1911769,0
1911984,1559033551695708,76005625,0.61520012,179,1911806,1911984,1911924,0
1912240,1559033552455291,75776417,0.64809905,256,1911985,1912240,1912177,0
1912258,1559033552456250,75837416,0.60487272,18,1912241,1912258,1912258,0
1912280,1559033552457416,75964042,0.59843965,22,1912259,1912280,1912269,0
1912324,1559033552459791,76170125,0.61243982,44,1912281,1912324,1912291,0
1912378,1559033552462708,76479333,0.60094351,54,1912325,1912378,1912345,0
1912634,1559033552869166,84500542,0.61548058,256,1912379,1912634,1912614,0
1912837,1559033556005500,81366000,0.59944774,203,1912635,1912837,1912746,0
1913093,1559033556986083,80386458,0.64472019,256,1912838,1913093,1913083,0
1913294,1559033558757250,78616291,0.6103563,201,1913094,1913294,1913170,0
1913537,1559033559232833,78141708,0.60813703,243,1913295,1913537,1913493,0
1913605,1559033559236541,78139042,0.6762325,68,1913538,1913605,1913542,0
1913655,1559033560555875,76820791,0.62823744,50,1913606,1913655,1913626,0
1913671,1559033561641708,75735917,0.5566697,16,1913656,1913671,1913661,0
1913827,1559033561769625,75608958,0.59521602,156,1913672,1913827,1913768,0
1914063,1559033563220208,74465458,0.63039284,236,1913828,1914063,1913973,0
1914299,1559033564667291,74975584,0.65093792,236,1914064,1914299,1914183,0
1914534,1559033564763666,75440959,0.61951663,235,1914300,1914534,1914506,0
1914669,1559033565864625,75041750,0.57141395,135,1914535,1914669,1914569,0
1914900,1559033567582583,74516625,0.60176922,231,1914670,1914900,1914706,0
1915108,1559033568973416,74154042,0.62239543,208,1914901,1915108,1915087,0
1915238,1559033569963458,73906542,0.62346011,130,1915109,1915238,1915153,0
1915394,1559033573693541,70982875,0.62318861,156,1915239,1915394,1915354,0
1915595,1559033573704375,71931875,0.60631253,201,1915395,1915595,1915412,0
1915709,1559033574548041,71678125,0.5983163,114,1915596,1915709,1915687,0
1915862,1559033574556333,72473083,0.60674639,153,1915710,1915862,1915743,0
1916118,1559033576026083,72256375,0.59356166,256,1915863,1916118,1916042,0
1916374,1559033577786083,71855250,0.62176583,256,1916119,1916374,1916319,0
1916621,1559033581343000,69568583,0.67761214,247,1916375,1916621,1916606,0
1916637,1559033581343833,69862208,0.61553055,16,1916622,1916637,1916632,0
1916653,1559033581344708,69863417,0.59797442,16,1916638,1916653,1916650,0
1916836,1559033582628416,69517250,0.582646,183,1916654,1916836,1916675,0
1917052,1559033583549291,69549542,0.63351258,216,1916837,1917052,1916970,0
1917143,1559033583553833,71374167,0.59799253,91,1917053,1917143,1917104,0
1917374,1559033584097666,71301292,0.6318691,231,1917144,1917374,1917349,0
1917491,1559033584857250,70964041,0.61632936,117,1917375,1917491,1917400,0
1917743,1559033586134625,70920208,0.60372303,252,1917492,1917743,1917572,0
1917813,1559033588271166,69121292,0.5882785,70,1917744,1917813,1917751,0
1918012,1559033589854208,68501000,0.58486997,199,1917814,1918012,1917928,0
1918150,1559033589861166,69778292,0.59024759,138,1918013,1918150,1918099,0
1918393,1559033590368125,70701083,0.59034687,243,1918151,1918393,1918390,0
1918409,1559033591389250,69681583,0.55699863,16,1918394,1918409,1918403,0
1918567,1559033591397166,70306000,0.62271564,158,1918410,1918567,1918538,0
1918823,1559033592857541,70125167,0.68728591,256,1918568,1918823,1918577,0
1919036,1559033593326750,70789041,0.61264445,213,1918824,1919036,1918860,0
1919205,1559033594276875,70564750,0.60049282,169,1919037,1919205,1919088,0
1919431,1559033594994458,70958083,0.61710258,226,1919206,1919431,1919209,0
1919687,1559033596319041,71576500,0.6286582,256,1919432,1919687,1919592,0
1919925,1559033597743958,70941417,0.6453923,238,1919688,1919925,1919761,0
1919957,1559033597745666,70961667,0.63490297,32,1919926,1919957,1919931,0
1920115,1559033597824125,71865916,0.58354475,158,1919958,1920115,1920090,0
1920238,1559033598385541,75107667,0.598356,123,1920116,1920238,1920229,0
1920254,1559033598386416,75109042,0.61071043,16,1920239,1920254,1920244,0
1920335,1559033598390791,75105875,0.6416423,81,1920255,1920335,1920262,0
1920543,1559033599566125,73931666,0.60697028,208,1920336,1920543,1920435,0
1920689,1559033599574041,73924750,0.62430912,146,1920544,1920689,1920661,0
1920775,1559033601835375,71664541,0.63129476,86,1920690,1920775,1920723,0
1920964,1559033603002375,71095916,0.62201745,189,1920776,1920964,1920885,0
1921153,1559033604376208,70716667,0.64913662,189,1920965,1921153,1921021,0
1921382,1559033605549666,70770959,0.64973736,229,1921154,1921382,1921379,0
1921398,1559033605550541,70826834,0.63136751,16,1921383,1921398,1921383,0
1921414,1559033605551375,70827333,0.61705484,16,1921399,1921414,1921404,0
1921469,1559033605554375,71375708,0.55190295,55,1921415,1921469,1921417,0
1921725,1559033607205750,70649583,0.58835701,256,1921470,1921725,1921724,0
1921901,1559033608523208,70265125,0.61284035,176,1921726,1921901,1921740,0
1922157,1559033609169750,70858208,0.64470687,256,1921902,1922157,1922057,0
1922405,1559033609434541,72952292,0.59847605,248,1922158,1922405,1922228,0
1922519,1559033611884666,70520625,0.63934525,114,1922406,1922519,1922519,0
1922775,1559033611999541,71249500,0.68487594,256,1922520,1922775,1922573,0
1923031,1559033612899541,71936000,0.60635518,256,1922776,1923031,1922827,0
1923237,1559033614031000,71513125,0.63492915,206,1923032,1923237,1923095,0
1923493,1559033614143500,72716250,0.64038003,256,1923238,1923493,1923424,0
1923694,1559033614260916,73607500,0.60458498,201,1923494,1923694,1923626,0
1923903,1559033614272166,74920084,0.59896902,209,1923695,1923903,1923733,0
1924115,1559033616447291,73509125,0.61138184,212,1923904,1924115,1923938,0
1924326,1559033617171375,73845458,0.57218914,211,1924116,1924326,1924261,0
1924476,1559033619917041,71889667,0.62098797,150,1924327,1924476,1924466,0
1924548,1559033619933750,72419541,0.59808108,72,1924477,1924548,1924491,0
1924776,1559033619960375,73599458,0.62856775,228,1924549,1924776,1924618,0
1924888,1559033620491083,73624958,0.59053032,112,1924777,1924888,1924870,0
1925022,1559033620498416,74244000,0.59013306,134,1924889,1925022,1924920,0
1925278,1559033622551541,73607042,0.64044553,256,1925023,1925278,1925223,0
1925421,1559033622559250,74255291,0.59338657,143,1925279,1925421,1925400,0
1925677,1559033624660916,73590459,0.62097953,256,1925422,1925677,1925488,0
1925846,1559033625912750,73137083,0.59937517,169,1925678,1925846,1925735,0
1926000,1559033626899625,72923375,0.60027526,154,1925847,1926000,1925892,0
1926016,1559033626900458,73074750,0.60962017,16,1926001,1926016,1926008,0
1926044,1559033626901958,73183333,0.56337285,28,1926017,1926044,1926017,0
1926283,1559033628389750,72881666,0.60111605,239,1926045,1926283,1926149,0
1926451,1559033628398791,73833292,0.61720247,168,1926284,1926451,1926347,0
1926707,1559033628412583,75058625,0.64102501,256,1926452,1926707,1926538,0
1926963,1559033628719083,76257333,0.58298577,256,1926708,1926963,1926939,0
1927219,1559033628917916,77376584,0.59691529,256,1926964,1927219,1927134,0
1927475,1559033630321458,77252625,0.6443855,256,1927220,1927475,1927259,0
1927660,1559033631336208,77186083,0.65614144,185,1927476,1927660,1927559,0
1927801,1559033632646000,76551708,0.57842803,141,1927661,1927801,1927773,0
1928057,1559033633697750,76792541,0.61891241,256,1927802,1928057,1928054,0
1928191,1559033633705000,77498208,0.6332931,134,1928058,1928191,1928081,0
1928362,1559033635105750,76902250,0.58710934,171,1928192,1928362,1928196,0
1928492,1559033635689916,76980084,0.58076314,130,1928363,1928492,1928452,0
1928587,1559033635695125,77434416,0.60331849,95,1928493,1928587,1928493,0
1928821,1559033635969833,78302458,0.61998326,234,1928588,1928821,1928701,0
1929059,1559033637764583,77650667,0.65400459,238,1928822,1929059,1929035,0
1929315,1559033639357958,77307625,0.6237523,256,1929060,1929315,1929134,0
1929491,1559033640333916,77190959,0.57439143,176,1929316,1929491,1929387,0
1929642,1559033640951000,77355666,0.6458288,151,1929492,1929642,1929599,0
1929803,1559033642152916,76850667,0.59749237,161,1929643,1929803,1929752,0
1929987,1559033643200083,76667500,0.57496355,184,1929804,1929987,1929961,0
1930118,1559033644982375,75478041,0.597402,131,1929988,1930118,1930061,0
1930374,1559033645892458,76116375,0.61188899,256,1930119,1930374,1930235,0
1930630,1559033647066416,76193667,0.66563199,256,1930375,1930630,1930416,0
1930886,1559033648419125,76435708,0.61303204,256,1930631,1930886,1930869,0
1931093,1559033649651708,76319792,0.59416986,207,1930887,1931093,1931039,0
1931188,1559033649656833,76752417,0.60281846,95,1931094,1931188,1931136,0
1931421,1559033650955875,76571083,0.59442221,233,1931189,1931421,1931299,0
1931592,1559033651094291,77145125,0.57155643,171,1931422,1931592,1931591,0
1931809,1559033651193625,78047625,0.59648675,217,1931593,1931809,1931707,0
1931981,1559033652326458,77689667,0.59384777,172,1931810,1931981,1931879,0
1932173,1559033653632416,77372417,0.65585927,192,1931982,1932173,1932050,0
1932429,1559033653761458,78537792,0.63750405,256,1932174,1932429,1932395,0
1932609,1559033655902166,77280542,0.54946415,180,1932430,1932609,1932482,0
1932865,1559033657106250,77350833,0.65071636,256,1932610,1932865,1932698,0
1933117,1559033657498000,78207250,0.59603534,252,1932866,1933117,1932882,0
1933373,1559033658451083,78521917,0.62639294,256,1933118,1933373,1933314,0
1933622,1559033660913791,77754000,0.59937858,249,1933374,1933622,1933439,0
1933777,1559033661080750,78068250,0.61854913,155,1933623,1933777,1933631,0
1933936,1559033662325083,77573083,0.59637254,159,1933778,1933936,1933899,0
1934192,1559033663122041,78062917,0.6080745,256,1933937,1934192,1933995,0
1934403,1559033664124250,78149708,0.63534921,211,1934193,1934403,1934202,0
1934635,1559033664952500,78484916,0.59496119,232,1934404,1934635,1934459,0
1934687,1559033664955291,78735959,0.59199943,52,1934636,1934687,1934650,0
1934857,1559033666071833,78464583,0.58953778,170,1934688,1934857,1934711,0
1935113,1559033667287875,78526666,0.62598071,256,1934858,1935113,1934911,0
1935369,1559033668759708,78334625,0.62042115,256,1935114,1935369,1935310,0
1935606,1559033669731708,78506833,0.6007891,237,1935370,1935606,1935384,0
1935778,1559033670403250,78659958,0.60044824,172,1935607,1935778,1935687,0
1935951,1559033670480833,79602250,0.60120333,173,1935779,1935951,1935916,0
1936156,1559033670890250,80446416,0.62258164,205,1935952,1936156,1936031,0
1936263,1559033670896041,81051250,0.61672773,107,1936157,1936263,1936177,0
1936326,1559033672063833,80116833,0.58956175,63,1936264,1936326,1936271,0
1936495,1559033672072958,80954792,0.63793373,169,1936327,1936495,1936484,0
1936581,1559033672863666,80575000,0.56634498,86,1936496,1936581,1936552,0
1936819,1559033673656583,81040250,0.65676825,238,1936582,1936819,1936807,0
1936978,1559033674205500,81429375,0.58900255,159,1936820,1936978,1936941,0
1937163,1559033674215500,82168458,0.65068601,185,1936979,1937163,1937136,0
1937285,1559033674984000,81968916,0.61783429,122,1937164,1937285,1937251,0
1937463,1559033674993666,82761292,0.65469798,178,1937286,1937463,1937363,0
1937588,1559033676172500,82180416,0.63176897,125,1937464,1937588,1937523,0
1937700,1559033676178416,82653334,0.55779443,112,1937589,1937700,1937636,0
1937875,1559033676377375,83268000,0.61766377,175,1937701,1937875,1937852,0
1937938,1559033676380791,83548459,0.59563738,63,1937876,1937938,1937928,0
1938092,1559033676615750,84009041,0.58513977,154,1937939,1938092,1937967,0
1938278,1559033676625875,84889041,0.59642016,186,1938093,1938278,1938174,0
1938446,1559033677903458,84320375,0.59249444,168,1938279,1938446,1938446,0
1938501,1559033678961791,83515084,0.58492042,55,1938447,1938501,1938495,0
1938533,1559033678963500,83716916,0.58815758,32,1938502,1938533,1938530,0
1938619,1559033678968208,84051333,0.66309834,86,1938534,1938619,1938535,0
1938875,1559033681241666,83231959,0.61057383,256,1938620,1938875,1938830,0
1939131,1559033681872041,83779500,0.59880173,256,1938876,1939131,1938927,0
1939387,1559033683222875,83601250,0.60759245,256,1939132,1939387,1939191,0
1939643,1559033684612250,83485333,0.65781552,256,1939388,1939643,1939424,0
1939824,1559033685661125,83324958,0.63380544,181,1939644,1939824,1939704,0
1939994,1559033686921750,82887958,0.59752637,170,1939825,1939994,1939856,0
1940199,1559033688148583,82691417,0.60113956,205,1939995,1940199,1940093,0
1940444,1559033691057625,81165833,0.62129579,245,1940200,1940444,1940357,0
1940546,1559033691063083,81688250,0.57520302,102,1940445,1940546,1940514,0
1940693,1559033692393000,81091250,0.62064396,147,1940547,1940693,1940657,0
1940810,1559033692399333,81631583,0.59170674,117,1940694,1940810,1940727,0
1941066,1559033693651375,81585875,0.60302827,256,1940811,1941066,1940880,0
1941288,1559033694933416,81398000,0.60785975,222,1941067,1941288,1941179,0
1941544,1559033696166875,81406791,0.61596974,256,1941289,1941544,1941397,0
1941605,1559033697083875,80758458,0.55640944,61,1941545,1941605,1941553,0
1941861,1559033699101125,79964208,0.56519687,256,1941606,1941861,1941775,0
1942047,1559033699954041,80027667,0.62374666,186,1941862,1942047,1941951,0
1942269,1559033700198375,80878958,0.6010083,222,1942048,1942269,1942117,0
1942525,1559033701358500,80884416,0.58368317,256,1942270,1942525,1942310,0
1942707,1559033705703083,77423500,0.58232311,182,1942526,1942707,1942585,0
1942843,1559033706589791,77197209,0.6099363,136,1942708,1942843,1942804,0
1942937,1559033706594958,77638958,0.57872117,94,1942844,1942937,1942873,0
1943073,1559033707640250,77204125,0.60861314,136,1942938,1943073,1942938,0
1943273,1559033708583541,77297209,0.60607571,200,1943074,1943273,1943247,0
1943315,1559033708585833,77514042,0.61528807,42,1943274,1943315,1943281,0
1943368,1559033708588750,77780458,0.58069453,53,1943316,1943368,1943339,0
1943624,1559033709310750,78353625,0.60228561,256,1943369,1943624,1943523,0
1943880,1559033710633666,78416292,0.65134198,256,1943625,1943880,1943862,0
1944059,1559033711425958,78394292,0.54998836,179,1943881,1944059,1943974,0
1944265,1559033712169375,78663583,0.62799196,206,1944060,1944265,1944136,0
1944521,1559033712652500,79433708,0.64382915,256,1944266,1944521,1944454,0
1944777,1559033714516625,78817833,0.61922696,256,1944522,1944777,1944668,0
1944956,1559033716727375,77481708,0.60329803,179,1944778,1944956,1944799,0
1945212,1559033717590208,77887667,0.62816033,256,1944957,1945212,1945159,0
1945468,1559033718440958,78214708,0.57488227,256,1945213,1945468,1945390,0
1945692,1559033719153958,78593292,0.64913908,224,1945469,1945692,1945529,0
1945859,1559033719915625,78617166,0.59932455,167,1945693,1945859,1945820,0
1946061,1559033720503500,78989791,0.58963899,202,1945860,1946061,1945982,0
1946077,1559033720504291,79117084,0.53059912,16,1946062,1946077,1946069,0
1946243,1559033722519750,77845916,0.61677297,166,1946078,1946243,1946227,0
1946347,1559033722524958,78382000,0.65642894,104,1946244,1946347,1946328,0
1946487,1559033723474125,78066041,0.59803943,140,1946348,1946487,1946352,0
1946652,1559033724890541,77437375,0.61479246,165,1946488,1946652,1946554,0
1946765,1559033724896291,77971000,0.58687898,113,1946653,1946765,1946724,0
1946924,1559033726010208,77603125,0.55178688,159,1946766,1946924,1946795,0
1947142,1559033727606500,76996833,0.59135754,218,1946925,1947142,1947140,0
1947273,1559033728377625,77188416,0.60889053,131,1947143,1947273,1947192,0
1947529,1559033731072750,75586583,0.63722307,256,1947274,1947529,1947528,0
1947785,1559033732462791,75353042,0.6789547,256,1947530,1947785,1947564,0
1947945,1559033732471416,76033167,0.574897,160,1947786,1947945,1947829,0
1948201,1559033734568916,75083375,0.62730144,256,1947946,1948201,1947963,0
1948316,1559033734575166,75564584,0.57473111,115,1948202,1948316,1948260,0
1948571,1559033735852125,75427125,0.64256733,255,1948317,1948571,1948558,0
1948827,1559033737081291,75345042,0.62837244,256,1948572,1948827,1948738,0
1948843,1559033737082166,75434417,0.61037447,16,1948828,1948843,1948830,0
1948859,1559033737083000,75522375,0.58086085,16,1948844,1948859,1948848,0
1948945,1559033739171291,73782959,0.5982365,86,1948860,1948945,1948934,0
1949090,1559033740062083,73593917,0.59210864,145,1948946,1949090,1949019,0
1949243,1559033740070458,74263083,0.60359799,153,1949091,1949243,1949210,0
1949499,1559033740153666,75303459,0.58793211,256,1949244,1949499,1949267,0
1949642,1559033741270458,74821625,0.56453933,143,1949500,1949642,1949549,0
1949898,1559033742356625,74945666,0.59659302,256,1949643,1949898,1949648,0
1950154,1559033743522083,75018250,0.61424866,256,1949899,1950154,1950051,0
1950357,1559033745932000,73555583,0.62930165,203,1950155,1950357,1950343,0
1950507,1559033747196416,73011667,0.56470256,150,1950358,1950507,1950367,0
1950735,1559033748381000,72921250,0.58270619,228,1950508,1950735,1950654,0
1950945,1559033750169541,72410792,0.58112582,210,1950736,1950945,1950827,0
1951197,1559033751397541,72375959,0.62488011,252,1950946,1951197,1950957,0
1951321,1559033751889250,72484750,0.57593519,124,1951198,1951321,1951231,0
1951403,1559033752255000,72524708,0.58236464,82,1951322,1951403,1951396,0
1951461,1559033752258125,72790666,0.57055229,58,1951404,1951461,1951419,0
1951615,1559033752266416,73519750,0.62010245,154,1951462,1951615,1951578,0
1951794,1559033753049250,73608000,0.61426755,179,1951616,1951794,1951636,0
1951887,1559033753602666,73484000,0.61091659,93,1951795,1951887,1951830,0
1952143,1559033754730833,73559958,0.59584126,256,1951888,1952143,1952094,0
1952399,1559033755568083,74330208,0.60658991,256,1952144,1952399,1952213,0
1952620,1559033756543000,74445250,0.61519844,221,1952400,1952620,1952489,0
1952831,1559033757234916,74785459,0.59425728,211,1952621,1952831,1952738,0
1953069,1559033759757875,73411625,0.61129457,238,1952832,1953069,1953016,0
1953308,1559033759976708,74373083,0.60562089,239,1953070,1953308,1953295,0
1953479,1559033760683291,74327500,0.58043604,171,1953309,1953479,1953374,0
1953735,1559033761556958,74683583,0.60377393,256,1953480,1953735,1953520,0
1953885,1559033762304333,74689458,0.62713047,150,1953736,1953885,1953836,0
1953967,1559033762308416,75074209,0.6093607,82,1953886,1953967,1953945,0
1954160,1559033762532291,76205750,0.5839479,193,1953968,1954160,1953972,0
1954416,1559033762763916,77102750,0.65692913,256,1954161,1954416,1954263,0
1954672,1559033764638708,76423542,0.61805452,256,1954417,1954672,1954465,0
1954899,1559033766165541,75889125,0.62261602,227,1954673,1954899,1954803,0
1955089,1559033766887416,76022375,0.57629691,190,1954900,1955089,1955030,0
1955278,1559033766897625,76860041,0.61549548,189,1955090,1955278,1955236,0
1955475,1559033769024750,75614500,0.59284452,197,1955279,1955475,1955433,0
1955670,1559033770952833,74597292,0.59535012,195,1955476,1955670,1955536,0
1955807,1559033772415708,73746167,0.60383213,137,1955671,1955807,1955690,0
1956063,1559033773701541,73616125,0.58227665,256,1955808,1956063,1956062,0
1956319,1559033774168375,74225125,0.57086195,256,1956064,1956319,1956064,0
1956444,1559033774175208,74788542,0.59378722,125,1956320,1956444,1956332,0
1956574,1559033775315583,74217542,0.56336057,130,1956445,1956574,1956467,0
1956824,1559033776480125,74322166,0.62129146,250,1956575,1956824,1956802,0
1956951,1559033777642208,73715083,0.62494963,127,1956825,1956951,1956835,0
1957203,1559033777964333,74474333,0.59723363,252,1956952,1957203,1957044,0
1957459,1559033779144250,74445166,0.58792185,256,1957204,1957459,1957302,0
1957667,1559033780080083,74509833,0.61263605,208,1957460,1957667,1957590,0
1957852,1559033781155958,74407333,0.59954949,185,1957668,1957852,1957720,0
1958090,1559033783182166,73522959,0.61526841,238,1957853,1958090,1957875,0
1958293,1559033783757708,73877417,0.57430543,203,1958091,1958293,1958290,0
1958316,1559033783758958,74021792,0.60018103,23,1958294,1958316,1958300,0
1958332,1559033783759791,74098875,0.61289621,16,1958317,1958332,1958324,0
1958411,1559033783764041,74478292,0.58664847,79,1958333,1958411,1958350,0
1958571,1559033784266041,74774209,0.69292101,160,1958412,1958571,1958558,0
1958587,1559033784266875,74874000,0.6426057,16,1958572,1958587,1958573,0
1958603,1559033784267750,74949208,0.62522518,16,1958588,1958603,1958601,0
1958619,1559033784268625,75056500,0.59500802,16,1958604,1958619,1958615,0
1958635,1559033784269500,75149416,0.57497912,16,1958620,1958635,1958625,0
1958766,1559033784276500,75754666,0.59693152,131,1958636,1958766,1958667,0
1958937,1559033784932583,75951958,0.59034389,171,1958767,1958937,1958883,0
1958986,1559033784935250,76180083,0.55427947,49,1958938,1958986,1958943,0
1959040,1559033785888541,75508542,0.57075411,54,1958987,1959040,1959005,0
1959144,1559033785894166,76023334,0.62245042,104,1959041,1959144,1959046,0
1959311,1559033786127750,76599208,0.57668844,167,1959145,1959311,1959171,0
1959567,1559033786474125,77512291,0.59891146,256,1959312,1959567,1959472,0
1959787,1559033789292125,75795458,0.59348389,220,1959568,1959787,1959762,0
1959918,1559033789837625,75904708,0.59958757,131,1959788,1959918,1959897,0
1960067,1559033789847875,76596291,0.58000046,149,1959919,1960067,1960050,0
1960270,1559033790916916,76482667,0.55770293,203,1960068,1960270,1960242,0
1960526,1559033792105916,76508709,0.60133077,256,1960271,1960526,1960289,0
1960782,1559033794365916,75549292,0.63295032,256,1960527,1960782,1960666,0
1961038,1559033795538625,75668333,0.60153947,256,1960783,1961038,1961002,0
1961248,1559033796768041,75798625,0.59920349,210,1961039,1961248,1961040,0
1961448,1559033797788708,75459417,0.59158211,200,1961249,1961448,1961373,0
1961704,1559033798587625,75971291,0.64671385,256,1961449,1961704,1961544,0
1961960,1559033799734666,76119834,0.63386269,256,1961705,1961960,1961875,0
1961976,1559033799735500,76209833,0.60426512,16,1961961,1961976,1961966,0
1961992,1559033799736375,76286375,0.52578471,16,1961977,1961992,1961989,0
1962140,1559033799744375,76973375,0.5932298,148,1961993,1962140,1962117,0
1962300,1559033800406625,77141500,0.63753856,160,1962141,1962300,1962260,0
1962556,1559033802987291,75783834,0.59024547,256,1962301,1962556,1962375,0
1962707,1559033805866916,73601625,0.63687953,151,1962557,1962707,1962655,0
1962952,1559033808608916,71982292,0.60181328,245,1962708,1962952,1962774,0
1963076,1559033809732541,71416500,0.64143286,124,1962953,1963076,1962978,0
1963299,1559033812507833,69654667,0.57706709,223,1963077,1963299,1963164,0
1963543,1559033812626083,70634708,0.61257362,244,1963300,1963543,1963429,0
1963653,1559033812631541,71144209,0.57822341,110,1963544,1963653,1963593,0
1963823,1559033812761958,71759167,0.60967855,170,1963654,1963823,1963686,0
1963972,1559033813084041,72154750,0.59341199,149,1963824,1963972,1963831,0
1964167,1559033814399166,71687125,0.64639082,195,1963973,1964167,1964021,0
1964183,1559033814400041,71746209,0.5305742,16,1964168,1964183,1964171,0
1964376,1559033815505750,71513541,0.61029215,193,1964184,1964376,1964207,0
1964513,1559033815512625,72126375,0.62883106,137,1964377,1964513,1964431,0
1964763,1559033816180708,72577125,0.56860543,250,1964514,1964763,1964630,0
1964929,1559033817438041,72172375,0.56441215,166,1964764,1964929,1964810,0
1965122,1559033817448541,73055209,0.60762078,193,1964930,1965122,1965012,0
1965295,1559033818592416,72720959,0.61130886,173,1965123,1965295,1965189,0
1965503,1559033819541625,72751833,0.5750652,208,1965296,1965503,1965347,0
1965759,1559033820327291,73214459,0.58355571,256,1965504,1965759,1965754,0
1965957,1559033821385916,73161459,0.58718128,198,1965760,1965957,1965933,0
1966213,1559033824479333,71292375,0.61997599,256,1965958,1966213,1966045,0
1966351,1559033824963666,71457459,0.59053964,138,1966214,1966351,1966343,0
1966607,1559033825180083,72487292,0.63354144,256,1966352,1966607,1966553,0
1966863,1559033826664500,72251208,0.61653147,256,1966608,1966863,1966699,0
1967105,1559033827237666,72830709,0.56357814,242,1966864,1967105,1966908,0
1967288,1559033828352666,72640209,0.59877957,183,1967106,1967288,1967263,0
1967464,1559033829969708,71880542,0.60738056,176,1967289,1967464,1967316,0
1967650,1559033831005500,71725041,0.61848223,186,1967465,1967650,1967567,0
1967906,1559033832054708,71913042,0.5728344,256,1967651,1967906,1967799,0
1968162,1559033834310625,70987625,0.61213227,256,1967907,1968162,1968026,0
1968364,1559033836335625,69929208,0.59197516,202,1968163,1968364,1968185,0
1968582,1559033837067458,70255125,0.59319544,218,1968365,1968582,1968469,0
1968684,1559033837477791,70336292,0.56035767,102,1968583,1968684,1968614,0
1968901,1559033839178166,69693125,0.59242797,217,1968685,1968901,1968764,0
1969138,1559033839927791,70100334,0.59253761,237,1968902,1969138,1969107,0
1969244,1559033841126375,69431000,0.6337925,106,1969139,1969244,1969185,0
1969500,1559033842279958,69547958,0.62627704,256,1969245,1969500,1969375,0
1969756,1559033842961541,70120375,0.57674917,256,1969501,1969756,1969699,0
1969859,1559033843788500,69758500,0.58328891,103,1969757,1969859,1969794,0
1970082,1559033844690833,69973208,0.61252297,223,1969860,1970082,1970042,0
1970338,1559033845569458,70348708,0.63678324,256,1970083,1970338,1970318,0
1970379,1559033845571500,70546666,0.54759996,41,1970339,1970379,1970361,0
1970588,1559033846218875,70990875,0.61420734,209,1970380,1970588,1970414,0
1970794,1559033847429791,70765459,0.60904724,206,1970589,1970794,1970774,0
1970954,1559033847437833,71573500,0.5744922,160,1970795,1970954,1970931,0
1971206,1559033849095708,71088708,0.60613878,252,1970955,1971206,1971059,0
1971455,1559033849583583,71798250,0.59180814,249,1971207,1971455,1971400,0
1971655,1559033851025750,71411875,0.61424834,200,1971456,1971655,1971517,0
1971818,1559033851530583,71731458,0.59625723,163,1971656,1971818,1971789,0
1971924,1559033851535875,72211333,0.58037812,106,1971819,1971924,1971915,0
1972050,1559033852493000,71847458,0.60373505,126,1971925,1972050,1972002,0
1972293,1559033853726625,71809083,0.61460563,243,1972051,1972293,1972272,0
1972316,1559033853727875,71930125,0.53343172,23,1972294,1972316,1972295,0
1972423,1559033853733666,72466625,0.63025999,107,1972317,1972423,1972376,0
1972679,1559033856072375,71399833,0.66362755,256,1972424,1972679,1972543,0
1972889,1559033856799458,71704208,0.59566289,210,1972680,1972889,1972887,0
1973145,1559033857639541,72080417,0.62217051,256,1972890,1973145,1972917,0
1973401,1559033857866000,73053791,0.64805175,256,1973146,1973401,1973382,0
1973657,1559033858335125,73719833,0.60259417,256,1973402,1973657,1973615,0
1973913,1559033859129791,74108042,0.62971467,256,1973658,1973913,1973773,0
1974122,1559033859141041,75080584,0.6198063,209,1973914,1974122,1973982,0
1974330,1559033859336458,75775167,0.58066036,208,1974123,1974330,1974261,0
1974536,1559033859432291,76624750,0.62529003,206,1974331,1974536,1974439,0
1974736,1559033860108708,76844583,0.60866964,200,1974537,1974736,1974643,0
1974766,1559033860110333,76982750,0.62864922,30,1974737,1974766,1974749,0
1974861,1559033860115416,77396167,0.58913855,95,1974767,1974861,1974808,0
1975117,1559033861299208,77460042,0.62037311,256,1974862,1975117,1975030,0
1975222,1559033861305000,77902166,0.55518353,105,1975118,1975222,1975129,0
1975364,1559033861492708,78328417,0.55209246,142,1975223,1975364,1975270,0
1975592,1559033862041750,78853250,0.63898438,228,1975365,1975592,1975524,0
1975736,1559033862049583,79808042,0.60914251,144,1975593,1975736,1975632,0
1975802,1559033862760250,79390458,0.57661624,66,1975737,1975802,1975762,0
1976008,1559033864163083,78971958,0.60579449,206,1975803,1976008,1975865,0
1976264,1559033865893416,78452709,0.59432828,256,1976009,1976264,1976156,0
1976392,1559033866532375,78416666,0.56983826,128,1976265,1976392,1976319,0
1976562,1559033868761791,76990750,0.57141594,170,1976393,1976562,1976495,0
1976818,1559033869948500,77106708,0.58731305,256,1976563,1976818,1976756,0
1977001,1559033871284041,76698917,0.59258233,183,1976819,1977001,1976966,0
1977068,1559033871287666,77080167,0.63939749,67,1977002,1977068,1977044,0
1977084,1559033871288500,77081833,0.61651825,16,1977069,1977084,1977074,0
1977100,1559033871289375,77275625,0.55318249,16,1977085,1977100,1977088,0
1977255,1559033872371125,76828791,0.58810538,155,1977101,1977255,1977125,0
1977511,1559033873427916,77212000,0.63027226,256,1977256,1977511,1977374,0
1977700,1559033873438208,78002208,0.58755874,189,1977512,1977700,1977610,0
1977956,1559033874632666,78194084,0.56916369,256,1977701,1977956,1977873,0
1978081,1559033875933875,77416000,0.62146377,125,1977957,1978081,1977982,0
1978286,1559033876030583,78184708,0.60246461,205,1978082,1978286,1978132,0
1978470,1559033876132291,79875000,0.59872554,184,1978287,1978470,1978429,0
1978695,1559033877007458,79609417,0.59822397,225,1978471,1978695,1978555,0
1978875,1559033878772416,78617042,0.59446178,180,1978696,1978875,1978809,0
1979113,1559033879533416,79101084,0.61647809,238,1978876,1979113,1979082,0
1979244,1559033880646583,78762917,0.61940373,131,1979114,1979244,1979121,0
1979446,1559033881253166,79162250,0.61862896,202,1979245,1979446,1979321,0
1979642,1559033882226291,79044417,0.64121584,196,1979447,1979642,1979528,0
1979740,1559033883554041,78232667,0.58915033,98,1979643,1979740,1979691,0
1979910,1559033884524416,78092375,0.60850876,170,1979741,1979910,1979793,0
1980166,1559033885467125,78444375,0.59243858,256,1979911,1980166,1980049,0
1980422,1559033886224250,79141125,0.63755647,256,1980167,1980422,1980220,0
1980590,1559033886232750,79939666,0.60332944,168,1980423,1980590,1980530,0
1980753,1559033887086083,79819292,0.55736775,163,1980591,1980753,1980625,0
1980938,1559033887788125,80086791,0.6298314,185,1980754,1980938,1980816,0
1981097,1559033887796041,80942042,0.5681895,159,1980939,1981097,1981068,0
1981310,1559033891382333,78821167,0.58800449,213,1981098,1981310,1981254,0
1981551,1559033892393541,78325084,0.5797155,241,1981311,1981551,1981501,0
1981721,1559033893631458,78192292,0.58821582,170,1981552,1981721,1981558,0
1981977,1559033894622958,78448083,0.61040398,256,1981722,1981977,1981805,0
1982224,1559033896469625,77979708,0.6066355,247,1981978,1982224,1982016,0
1982464,1559033897748125,77806833,0.57977163,240,1982225,1982464,1982353,0
1982504,1559033897750291,78166417,0.54903925,40,1982465,1982504,1982502,0
1982757,1559033899000583,78122458,0.65932005,253,1982505,1982757,1982599,0
1983013,1559033901076125,77402041,0.59602317,256,1982758,1983013,1982964,0
1983181,1559033901086500,78033958,0.60274246,168,1983014,1983181,1983133,0
1983384,1559033902807500,77257708,0.59988771,203,1983182,1983384,1983364,0
1983550,1559033904068541,76683834,0.59365443,166,1983385,1983550,1983546,0
1983629,1559033904072791,77200917,0.61212021,79,1983551,1983629,1983568,0
1983825,1559033905426625,76776541,0.6686183,196,1983630,1983825,1983692,0
1984018,1559033907370583,75760375,0.56468519,193,1983826,1984018,1983867,0
1984274,1559033907839833,76666083,0.61662286,256,1984019,1984274,1984199,0
1984413,1559033907847416,77502959,0.64193169,139,1984275,1984413,1984347,0
1984578,1559033908899250,77048458,0.56950513,165,1984414,1984578,1984506,0
1984678,1559033908904750,77542833,0.58499298,100,1984579,1984678,1984588,0
1984865,1559033910772750,76541625,0.58175114,187,1984679,1984865,1984783,0
1985072,1559033911903250,76668833,0.6016676,207,1984866,1985072,1985064,0
1985233,1559033913097500,76287291,0.592464,161,1985073,1985233,1985123,0
1985484,1559033913772166,77141459,0.61858467,251,1985234,1985484,1985336,0
1985634,1559033913780291,78014875,0.58407239,150,1985485,1985634,1985503,0
1985731,1559033914712166,77660459,0.59487259,97,1985635,1985731,1985695,0
1985933,1559033915946541,77394792,0.57453155,202,1985732,1985933,1985774,0
1986189,1559033916220166,78584667,0.58325845,256,1985934,1986189,1986087,0
1986391,1559033917257541,78774792,0.57110776,202,1986190,1986391,1986261,0
1986626,1559033919004541,78150334,0.62981849,235,1986392,1986626,1986568,0
1986751,1559033919011291,78790459,0.57381751,125,1986627,1986751,1986640,0
1986987,1559033920356083,78757917,0.61250639,236,1986752,1986987,1986967,0
1987243,1559033921716875,78697500,0.65859587,256,1986988,1987243,1987048,0
1987445,1559033922701708,78694292,0.60433851,202,1987244,1987445,1987327,0
1987682,1559033923880458,78703625,0.60328128,237,1987446,1987682,1987525,0
1987829,1559033924467125,78856000,0.58603592,147,1987683,1987829,1987736,0
1988067,1559033925627166,78979417,0.58117719,238,1987830,1988067,1988034,0
1988263,1559033925705125,80059916,0.6051523,196,1988068,1988263,1988138,0
1988319,1559033925708166,80285459,0.5701834,56,1988264,1988319,1988306,0
1988370,1559033925710916,80546834,0.60298794,51,1988320,1988370,1988341,0
1988446,1559033926314125,80309166,0.60204624,76,1988371,1988446,1988401,0
1988563,1559033927855166,79344625,0.56066409,117,1988447,1988563,1988554,0
1988819,1559033929935416,78503959,0.59933504,256,1988564,1988819,1988796,0
1988989,1559033931048625,78232000,0.61451882,170,1988820,1988989,1988947,0
1989245,1559033932167625,78378375,0.64303692,256,1988990,1989245,1989078,0
1989407,1559033933343958,78013083,0.57807864,162,1989246,1989407,1989335,0
1989661,1559033934371916,78239750,0.61402743,254,1989408,1989661,1989611,0
1989880,1559033936448375,77514750,0.59535371,219,1989662,1989880,1989827,0
1989939,1559033936451375,77875291,0.57895925,59,1989881,1989939,1989927,0
1990161,1559033937108583,78604500,0.61915101,222,1989940,1990161,1989963,0
1990244,1559033937112833,79088500,0.57221192,83,1990162,1990244,1990226,0
1990425,1559033937212166,79863334,0.61467062,181,1990245,1990425,1990317,0
1990595,1559033937783916,80135000,0.59832341,170,1990426,1990595,1990499,0
1990716,1559033937790041,80757292,0.57762067,121,1990596,1990716,1990641,0
1990875,1559033939311791,79961084,0.5910827,159,1990717,1990875,1990815,0
1990981,1559033939317083,80499750,0.60441898,106,1990876,1990981,1990906,0
1991141,1559033939972416,80610542,0.60027493,160,1990982,1991141,1991111,0
1991331,1559033939982000,81516583,0.61028263,190,1991142,1991331,1991281,0
1991515,1559033941342333,81121542,0.66421782,184,1991332,1991515,1991410,0
1991653,1559033941936291,81249459,0.61290356,138,1991516,1991653,1991574,0
1991755,1559033941941916,81767750,0.60278975,102,1991654,1991755,1991713,0
1991969,1559033945003333,79713625,0.64918656,214,1991756,1991969,1991800,0
1992191,1559033945181041,80613750,0.59092323,222,1991970,1992191,1992037,0
1992323,1559033945188583,81229542,0.59030164,132,1992192,1992323,1992263,0
1992579,1559033948201666,79500792,0.65669599,256,1992324,1992579,1992546,0
1992595,1559033948202625,79546875,0.63011053,16,1992580,1992595,1992582,0
1992611,1559033948203541,79664459,0.60953219,16,1992596,1992611,1992608,0
1992627,1559033948204458,79736625,0.56683029,16,1992612,1992627,1992617,0
1992703,1559033948526333,79795625,0.63442299,76,1992628,1992703,1992633,0
1992761,1559033948529625,80076000,0.54975996,58,1992704,1992761,1992734,0
1992968,1559033948543458,81082792,0.59736265,207,1992762,1992968,1992835,0
1993224,1559033948705208,82137792,0.62120374,256,1992969,1993224,1993029,0
1993480,1559033949210416,82873542,0.60772612,256,1993225,1993480,1993425,0
1993522,1559033950514416,81787750,0.60193256,42,1993481,1993522,1993481,0
1993651,1559033950521791,82386834,0.57006598,129,1993523,1993651,1993623,0
1993723,1559033950525916,82732167,0.57819875,72,1993652,1993723,1993714,0
1993827,1559033951573333,82174125,0.55917741,104,1993724,1993827,1993756,0
1994044,1559033953438833,81477250,0.62012724,217,1993828,1994044,1993966,0
1994300,1559033954253375,81835625,0.62712254,256,1994045,1994300,1994281,0
1994521,1559033956210041,80975834,0.60192367,221,1994301,1994521,1994373,0
1994777,1559033957457416,81075584,0.59939127,256,1994522,1994777,1994578,0
1995018,1559033959524416,80165625,0.62206653,241,1994778,1995018,1994923,0
1995226,1559033960523416,80198792,0.62019624,208,1995019,1995226,1995197,0
1995400,1559033961333583,80242917,0.62414991,174,1995227,1995400,1995367,0
1995601,1559033961785166,80776584,0.62464416,201,1995401,1995601,1995509,0
1995635,1559033962668041,80059667,0.5783423,34,1995602,1995635,1995602,0
1995871,1559033965592958,78259333,0.57558784,236,1995636,1995871,1995683,0
1995922,1559033965595958,78473375,0.53749776,51,1995872,1995922,1995915,0
1996122,1559033966197208,78888167,0.63017868,200,1995923,1996122,1996085,0
1996340,1559033966931666,79177542,0.57751257,218,1996123,1996340,1996337,0
1996524,1559033967935833,79074250,0.61242889,184,1996341,1996524,1996400,0
1996780,1559033972351291,75901375,0.59227937,256,1996525,1996780,1996660,0
1997036,1559033974489791,74994084,0.59442219,256,1996781,1997036,1996912,0
1997205,1559033975777083,74526875,0.63125636,169,1997037,1997205,1997204,0
1997221,1559033975778000,74599041,0.5611185,16,1997206,1997221,1997206,0
1997303,1559033975782750,75015958,0.63925784,82,1997222,1997303,1997231,0
1997454,1559033975984166,75551209,0.61598194,151,1997304,1997454,1997317,0
1997658,1559033979003458,73545792,0.58870569,204,1997455,1997658,1997567,0
1997867,1559033980108666,73457500,0.61103145,209,1997659,1997867,1997792,0
1998112,1559033980818291,73996542,0.61090879,245,1997868,1998112,1998079,0
1998220,1559033981213125,74282541,0.59589135,108,1998113,1998220,1998153,0
1998466,1559033982245416,74327042,0.61692627,246,1998221,1998466,1998449,0
1998570,1559033982251416,74829917,0.59304753,104,1998467,1998570,1998479,0
1998775,1559033983185250,74855500,0.59929395,205,1998571,1998775,1998638,0
1998845,1559033983189250,75193208,0.57751384,70,1998776,1998845,1998785,0
1999049,1559033984590791,74795834,0.64087453,204,1998846,1999049,1998872,0
1999076,1559033984592375,74909541,0.4995355,27,1999050,1999076,1999068,0
1999318,1559033985372208,75250250,0.6315689,242,1999077,1999318,1999100,0
1999574,1559033986494666,75408709,0.61522731,256,1999319,1999574,1999562,0
1999619,1559033986497250,75612791,0.63829549,45,1999575,1999619,1999582,0
1999635,1559033986498166,75689625,0.51897098,16,1999620,1999635,1999625,0
1999825,1559033988618208,74487417,0.62853484,190,1999636,1999825,1999785,0
1999982,1559033989417791,74478042,0.5970506,157,1999826,1999982,1999975,0
2000040,1559033991011166,73203459,0.60755528,58,1999983,2000040,1999992,0
2000118,1559033991015666,73565834,0.59831643,78,2000041,2000118,2000071,0
2000223,1559033992024916,73135917,0.60530327,105,2000119,2000223,2000165,0
2000470,1559033992407791,73966750,0.60754791,247,2000224,2000470,2000431,0
2000697,1559033993500750,73928125,0.62263458,227,2000471,2000697,2000529,0
2000915,1559033994932333,73547833,0.60779822,218,2000698,2000915,2000800,0
2001171,1559033996117000,73601666,0.60230919,256,2000916,2001171,2000956,0
2001391,1559033997812500,72985833,0.63330478,220,2001172,2001391,2001378,0
2001536,1559033999205333,72333375,0.62107006,145,2001392,2001536,2001418,0
2001792,1559034001554583,71315292,0.64410942,256,2001537,2001792,2001775,0
2001870,1559034001558791,71677917,0.56726176,78,2001793,2001870,2001858,0
2001990,1559034002685958,71183583,0.59444516,120,2001871,2001990,2001939,0
2002225,1559034003408041,71573334,0.6023155,235,2001991,2002225,2002198,0
2002442,1559034004996541,71029792,0.59392582,217,2002226,2002442,2002393,0
2002678,1559034006144333,71079917,0.6397648,236,2002443,2002678,2002632,0
2002911,1559034006429416,71975542,0.63364895,233,2002679,2002911,2002719,0
2003163,1559034007286583,72323792,0.60877202,252,2002912,2003163,2002968,0
2003339,1559034008570458,71956750,0.61318985,176,2003164,2003339,2003213,0
2003404,1559034008574041,73203750,0.62750057,65,2003340,2003404,2003340,0
2003631,1559034009344791,72549500,0.63772835,227,2003405,2003631,2003564,0
2003764,1559034012753125,69734458,0.61225154,133,2003632,2003764,2003693,0
2003908,1559034012761000,70391833,0.60141272,144,2003765,2003908,2003780,0
2004131,1559034014415333,69784458,0.64164905,223,2003909,2004131,2003983,0
2004361,1559034017132541,68130292,0.64319282,230,2004132,2004361,2004236,0
2004557,1559034017143791,69028334,0.60900428,196,2004362,2004557,2004495,0
2004813,1559034018603750,68770791,0.63325526,256,2004558,2004813,2004770,0
2005009,1559034018614416,69676000,0.63732299,196,2004814,2005009,2004909,0
2005206,1559034019353750,69859958,0.574203,197,2005010,2005206,2005132,0
2005319,1559034019848291,69907500,0.59443301,113,2005207,2005319,2005257,0
2005447,1559034019855291,70481459,0.64122953,128,2005320,2005447,2005392,0
2005637,1559034021615208,69613833,0.62660174,190,2005448,2005637,2005570,0
2005798,1559034021623958,70375542,0.64987984,161,2005638,2005798,2005685,0
2006054,1559034023354166,69902959,0.60605493,256,2005799,2006054,2005837,0
2006310,1559034023863000,70714500,0.65296432,256,2006055,2006310,2006301,0
2006332,1559034024761208,69937125,0.63426197,22,2006311,2006332,2006311,0
2006348,1559034024762041,70023334,0.62393145,16,2006333,2006348,2006345,0
2006470,1559034024772083,70611958,0.57621968,122,2006349,2006470,2006453,0
2006701,1559034025827083,70775292,0.61340293,231,2006471,2006701,2006526,0
2006774,1559034025831083,71089417,0.64018076,73,2006702,2006774,2006720,0
2007005,1559034026557916,71545584,0.62623433,231,2006775,2007005,2006952,0
2007139,1559034027782000,70993250,0.63829761,134,2007006,2007139,2007086,0
2007395,1559034027977708,72294708,0.59043634,256,2007140,2007395,2007340,0
2007650,1559034028082500,73307666,0.61976185,255,2007396,2007650,2007469,0
2007757,1559034028433291,73460375,0.58665878,107,2007651,2007757,2007746,0
2007934,1559034028702416,74137417,0.64076093,177,2007758,2007934,2007886,0
2008190,1559034029860041,74469250,0.60188761,256,2007935,2008190,2008135,0
2008446,1559034030956833,74878375,0.64467236,256,2008191,2008446,2008411,0
2008570,1559034032187666,74416625,0.61130411,124,2008447,2008570,2008568,0
2008586,1559034032188541,74574875,0.59548323,16,2008571,2008586,2008576,0
2008612,1559034032189958,74734000,0.57333524,26,2008587,2008612,2008600,0
2008868,1559034032375500,75891375,0.62364927,256,2008613,2008868,2008705,0
2009124,1559034033347333,76484667,0.67610459,256,2008869,2009124,2009061,0
2009144,1559034033348375,76498208,0.60968774,20,2009125,2009144,2009125,0
2009311,1559034033854333,76913792,0.61145127,167,2009145,2009311,2009239,0
2009533,1559034034833541,77055875,0.64185669,222,2009312,2009533,2009531,0
2009549,1559034036140916,75892375,0.61218954,16,2009534,2009549,2009547,0
2009565,1559034036141791,75964584,0.63188469,16,2009550,2009565,2009553,0
2009581,1559034036142666,76042917,0.53284677,16,2009566,2009581,2009573,0
2009783,1559034037263750,75974791,0.59322286,202,2009582,2009783,2009671,0
2010016,1559034039418250,75035833,0.60819544,233,2009784,2010016,2009835,0
2010159,1559034039766666,75358959,0.58116441,143,2010017,2010159,2010078,0
2010356,1559034039777375,76410583,0.60853292,197,2010160,2010356,2010172,0
2010514,1559034042668250,74354250,0.62492758,158,2010357,2010514,2010455,0
2010643,1559034042878416,74820959,0.65325771,129,2010515,2010643,2010628,0
2010659,1559034042879291,74935875,0.54957731,16,2010644,2010659,2010652,0
2010675,1559034042880166,74991042,0.67894507,16,2010660,2010675,2010670,0
2010787,1559034042886250,75657750,0.59033335,112,2010676,2010787,2010778,0
2010933,1559034044175958,75083167,0.60293968,146,2010788,2010933,2010874,0
2011131,1559034045144458,75151208,0.62888831,198,2010934,2011131,2011130,0
2011147,1559034045145333,75334667,0.64961557,16,2011132,2011147,2011141,0
2011163,1559034045146166,75407584,0.60670492,16,2011148,2011163,2011152,0
2011293,1559034046219250,74975541,0.61990471,130,2011164,2011293,2011164,0
2011549,1559034047161500,76154375,0.65605684,256,2011294,2011549,2011445,0
2011805,1559034048307958,75737000,0.63862436,256,2011550,2011805,2011769,0
2011984,1559034049672458,75398417,0.61520012,179,2011806,2011984,2011924,0
2012240,1559034050352375,76027875,0.64809905,256,2011985,2012240,2012177,0
2012258,1559034050353333,76084625,0.60487272,18,2012241,2012258,2012258,0
2012280,1559034050354541,76240542,0.59843965,22,2012259,2012280,2012269,0
2012324,1559034050455958,76345208,0.61243982,44,2012281,2012324,2012291,0
2012378,1559034050458875,76688000,0.60094351,54,2012325,2012378,2012345,0
2012634,1559034050831708,77592125,0.61548058,256,2012379,2012634,2012614,0
2012837,1559034053675666,75876584,0.59944774,203,2012635,2012837,2012746,0
2013093,1559034055484458,75426042,0.64472019,256,2012838,2013093,2013083,0
2013294,1559034056861291,75262542,0.6103563,201,2013094,2013294,2013170,0
2013537,1559034057339916,76046542,0.60813703,243,2013295,2013537,2013493,0
2013605,1559034057343583,76335667,0.6762325,68,2013538,2013605,2013542,0
2013655,1559034058442541,75522542,0.62823744,50,2013606,2013655,2013626,0
2013671,1559034059446041,74693125,0.5566697,16,2013656,2013671,2013661,0
2013827,1559034059576250,75588750,0.59521602,156,2013672,2013827,2013768,0
2014063,1559034060768916,75695042,0.63039284,236,2013828,2014063,2013973,0
2014299,1559034062242000,75339625,0.65093792,236,2014064,2014299,2014183,0
2014534,1559034062363750,76301500,0.61951663,235,2014300,2014534,2014506,0
2014669,1559034063335458,76041042,0.57141395,135,2014535,2014669,2014569,0
2014900,1559034065179250,75401791,0.60176922,231,2014670,2014900,2014706,0
2015108,1559034066380416,75229209,0.62239543,208,2014901,2015108,2015087,0
2015238,1559034067452375,74833416,0.62346011,130,2015109,2015238,2015153,0
2015394,1559034070843791,72274417,0.62318861,156,2015239,2015394,2015354,0
2015595,1559034070854666,73279250,0.60631253,201,2015395,2015595,2015412,0
2015709,1559034071634416,73116167,0.5983163,114,2015596,2015709,2015687,0
2015862,1559034071642708,73906333,0.60674639,153,2015710,2015862,2015743,0
2016118,1559034073412083,73450583,0.59356166,256,2015863,2016118,2016042,0
2016374,1559034075171333,72978042,0.62176583,256,2016119,2016374,2016319,0
2016621,1559034078522750,70922166,0.67761214,247,2016375,2016621,2016606,0
2016637,1559034078523625,71020458,0.61553055,16,2016622,2016637,2016632,0
2016653,1559034078524500,71206791,0.59797442,16,2016638,2016653,2016650,0
2016836,1559034079716583,70913125,0.582646,183,2016654,2016836,2016675,0
2017052,1559034080501125,71179958,0.63351258,216,2016837,2017052,2016970,0
2017143,1559034080505708,71651417,0.59799253,91,2017053,2017143,2017104,0
2017374,1559034081078250,72252000,0.6318691,231,2017144,2017374,2017349,0
2017491,1559034081985416,71960500,0.61632936,117,2017375,2017491,2017400,0
2017743,1559034083296041,71939875,0.60372303,252,2017492,2017743,2017572,0
2017813,1559034085385458,70379167,0.5882785,70,2017744,2017813,2017751,0
2018012,1559034086228208,70384667,0.58486997,199,2017814,2018012,2017928,0
2018150,1559034086235166,71085375,0.59024759,138,2018013,2018150,2018099,0
2018393,1559034087486375,71023875,0.59034687,243,2018151,2018393,2018390,0
2018409,1559034088609541,69969167,0.55699863,16,2018394,2018409,2018403,0
2018567,1559034088617500,70740583,0.62271564,158,2018410,2018567,2018538,0
2018823,1559034089852083,70783167,0.68728591,256,2018568,2018823,2018577,0
2019036,1559034090469041,71218292,0.61264445,213,2018824,2019036,2018860,0
2019205,1559034091351750,71213541,0.60049282,169,2019037,2019205,2019088,0
2019431,1559034092175500,71710916,0.61710258,226,2019206,2019431,2019209,0
2019687,1559034093608875,71532708,0.6286582,256,2019432,2019687,2019592,0
2019925,1559034095128041,71192792,0.6453923,238,2019688,2019925,2019761,0
2019957,1559034095129750,71391208,0.63490297,32,2019926,2019957,2019931,0
2020115,1559034095138416,72155000,0.58354475,158,2019958,2020115,2020090,0
2020238,1559034095528791,72429000,0.598356,123,2020116,2020238,2020229,0
2020254,1559034095529625,72542375,0.61071043,16,2020239,2020254,2020244,0
2020335,1559034095534041,72902792,0.6416423,81,2020255,2020335,2020262,0
2020543,1559034096696833,72742875,0.60697028,208,2020336,2020543,2020435,0
2020689,1559034096704791,73492042,0.62430912,146,2020544,2020689,2020661,0
2020775,1559034098822416,71805250,0.63129476,86,2020690,2020775,2020723,0
2020964,1559034100355083,71211500,0.62201745,189,2020776,2020964,2020885,0
2021153,1559034101435875,71341208,0.64913662,189,2020965,2021153,2021021,0
2021382,1559034101968375,72320291,0.64973736,229,2021154,2021382,2021379,0
2021398,1559034101969291,72344042,0.63136751,16,2021383,2021398,2021383,0
2021414,1559034101970208,72344333,0.61705484,16,2021399,2021414,2021404,0
2021469,1559034101973416,72625834,0.55190295,55,2021415,2021469,2021417,0
2021725,1559034104307833,71512458,0.58835701,256,2021470,2021725,2021724,0
2021901,1559034106059125,70685000,0.61284035,176,2021726,2021901,2021740,0
2022157,1559034106905750,71129916,0.64470687,256,2021902,2022157,2022057,0
2022405,1559034106996500,72281250,0.59847605,248,2022158,2022405,2022228,0
2022519,1559034109778833,70112125,0.63934525,114,2022406,2022519,2022519,0
2022775,1559034109975458,71282000,0.68487594,256,2022520,2022775,2022573,0
2023031,1559034110743458,71814083,0.60635518,256,2022776,2023031,2022827,0
2023237,1559034111918500,71785541,0.63492915,206,2023032,2023237,2023095,0
2023493,1559034112015458,72914250,0.64038003,256,2023238,2023493,2023424,0
2023694,1559034112191666,73818834,0.60458498,201,2023494,2023694,2023626,0
2023903,1559034112252666,74677709,0.59896902,209,2023695,2023903,2023733,0
2024115,1559034114471541,73468417,0.61138184,212,2023904,2024115,2023938,0
2024326,1559034115303125,73673500,0.57218914,211,2024116,2024326,2024261,0
2024476,1559034117735208,72090958,0.62098797,150,2024327,2024476,2024466,0
2024548,1559034117739291,72516459,0.59808108,72,2024477,2024548,2024491,0
2024776,1559034117856125,73592625,0.62856775,228,2024549,2024776,2024618,0
2024888,1559034118610625,73422541,0.59053032,112,2024777,2024888,2024870,0
2025022,1559034118618333,74079792,0.59013306,134,2024889,2025022,2024920,0
2025278,1559034120369333,73998958,0.64044553,256,2025023,2025278,2025223,0
2025421,1559034120377541,74853542,0.59338657,143,2025279,2025421,2025400,0
2025677,1559034123684750,72939625,0.62097953,256,2025422,2025677,2025488,0
2025846,1559034124052875,73430166,0.59937517,169,2025678,2025846,2025735,0
2026000,1559034125377083,73307875,0.60027526,154,2025847,2026000,2025892,0
2026016,1559034125378041,73327667,0.60962017,16,2026001,2026016,2026008,0
2026044,1559034125379666,73327375,0.56337285,28,2026017,2026044,2026017,0
2026283,1559034126403833,73322458,0.60111605,239,2026045,2026283,2026149,0
2026451,1559034126413458,74226542,0.61720247,168,2026284,2026451,2026347,0
2026707,1559034126577708,75305667,0.64102501,256,2026452,2026707,2026538,0
2026963,1559034126865458,76358875,0.58298577,256,2026708,2026963,2026939,0
2027219,1559034127192916,77271542,0.59691529,256,2026964,2027219,2027134,0
2027475,1559034128451666,77390000,0.6443855,256,2027220,2027475,2027259,0
2027660,1559034129667875,77124625,0.65614144,185,2027476,2027660,2027559,0
2027801,1559034130935541,76523084,0.57842803,141,2027661,2027801,2027773,0
2028057,1559034132151166,76600542,0.61891241,256,2027802,2028057,2028054,0
2028191,1559034132158833,77250042,0.6332931,134,2028058,2028191,2028081,0
2028362,1559034133440291,76820084,0.58710934,171,2028192,2028362,2028196,0
2028492,1559034133692958,77229583,0.58076314,130,2028363,2028492,2028452,0
2028587,1559034134163250,77203791,0.60331849,95,2028493,2028587,2028493,0
2028821,1559034134176625,78320708,0.61998326,234,2028588,2028821,2028701,0
2029059,1559034136395500,77224458,0.65400459,238,2028822,2029059,2029035,0
2029315,1559034137571625,77352000,0.6237523,256,2029060,2029315,2029134,0
2029491,1559034138939041,76845500,0.57439143,176,2029316,2029491,2029387,0
2029642,1559034139357625,77243708,0.6458288,151,2029492,2029642,2029599,0
2029803,1559034140557583,76851542,0.59749237,161,2029643,2029803,2029752,0
2029987,1559034141692041,76696542,0.57496355,184,2029804,2029987,2029961,0
2030118,1559034143153083,75868333,0.597402,131,2029988,2030118,2030061,0
2030374,1559034144178625,76108583,0.61188899,256,2030119,2030374,2030235,0
2030630,1559034145698041,76055042,0.66563199,256,2030375,2030630,2030416,0
2030886,1559034146918416,76054042,0.61303204,256,2030631,2030886,2030869,0
2031093,1559034148232166,75706625,0.59416986,207,2030887,2031093,2031039,0
2031188,1559034148237333,76180792,0.60281846,95,2031094,2031188,2031136,0
2031421,1559034149512500,76521083,0.59442221,233,2031189,2031421,2031299,0
2031592,1559034149610000,77287000,0.57155643,171,2031422,2031592,2031591,0
2031809,1559034149720541,78230792,0.59648675,217,2031593,2031809,2031707,0
2031981,1559034150763833,77995125,0.59384777,172,2031810,2031981,2031879,0
2032173,1559034151790375,77984208,0.65585927,192,2031982,2032173,2032050,0
2032429,1559034152353541,78722209,0.63750405,256,2032174,2032429,2032395,0
2032609,1559034154062250,77868416,0.54946415,180,2032430,2032609,2032482,0
2032865,1559034155425791,77819709,0.65071636,256,2032610,2032865,2032698,0
2033117,1559034156195708,78328167,0.59603534,252,2032866,2033117,2032882,0
2033373,1559034156886000,78998583,0.62639294,256,2033118,2033373,2033314,0
2033622,1559034158503000,78498083,0.59937858,249,2033374,2033622,2033439,0
2033777,1559034158676708,79025167,0.61854913,155,2033623,2033777,2033631,0
2033936,1559034159506958,78935500,0.59637254,159,2033778,2033936,2033899,0
2034192,1559034160717583,79172000,0.6080745,256,2033937,2034192,2033995,0
2034403,1559034161766333,79167708,0.63534921,211,2034193,2034403,2034202,0
2034635,1559034162617083,79445875,0.59496119,232,2034404,2034635,2034459,0
2034687,1559034162619875,79699500,0.59199943,52,2034636,2034687,2034650,0
2034857,1559034163946208,79180083,0.58953778,170,2034688,2034857,2034711,0
2035113,1559034165128458,79273125,0.62598071,256,2034858,2035113,2034911,0
2035369,1559034166515291,79396209,0.62042115,256,2035114,2035369,2035310,0
2035606,1559034167390875,79824583,0.6007891,237,2035370,2035606,2035384,0
2035778,1559034168277208,79745500,0.60044824,172,2035607,2035778,2035687,0
2035951,1559034168286666,80587292,0.60120333,173,2035779,2035951,2035916,0
2036156,1559034168674250,81205500,0.62258164,205,2035952,2036156,2036031,0
2036263,1559034168680083,81808875,0.61672773,107,2036157,2036263,2036177,0
2036326,1559034169496958,81242958,0.58956175,63,2036264,2036326,2036271,0
2036495,1559034169506208,82077333,0.63793373,169,2036327,2036495,2036484,0
2036581,1559034170247666,81724042,0.56634498,86,2036496,2036581,2036552,0
2036819,1559034170638583,82583250,0.65676825,238,2036582,2036819,2036807,0
2036978,1559034171570875,82344916,0.58900255,159,2036820,2036978,2036941,0
2037163,1559034171582541,83254375,0.65068601,185,2036979,2037163,2037136,0
2037285,1559034172662000,82778041,0.61783429,122,2037164,2037285,2037251,0
2037463,1559034172671583,84039167,0.65469798,178,2037286,2037463,2037363,0
2037588,1559034174078708,83196958,0.63176897,125,2037464,2037588,2037523,0
2037700,1559034174084750,83705291,0.55779443,112,2037589,2037700,2037636,0
2037875,1559034174295208,84337708,0.61766377,175,2037701,2037875,2037852,0
2037938,1559034174298625,84753625,0.59563738,63,2037876,2037938,2037928,0
2038092,1559034174533458,85505667,0.58513977,154,2037939,2038092,2037967,0
2038278,1559034174543541,86708125,0.59642016,186,2038093,2038278,2038174,0
2038446,1559034175887833,86160833,0.59249444,168,2038279,2038446,2038446,0
2038501,1559034176823000,85527250,0.58492042,55,2038447,2038501,2038495,0
2038533,1559034176824750,85695125,0.58815758,32,2038502,2038533,2038530,0
2038619,1559034176829416,86093834,0.66309834,86,2038534,2038619,2038535,0
2038875,1559034179497916,84704917,0.61057383,256,2038620,2038875,2038830,0
2039131,1559034179916375,85567500,0.59880173,256,2038876,2039131,2038927,0
2039387,1559034181286250,85476333,0.60759245,256,2039132,2039387,2039191,0
2039643,1559034182630333,85464083,0.65781552,256,2039388,2039643,2039424,0
2039824,1559034183730041,85182875,0.63380544,181,2039644,2039824,2039704,0
2039994,1559034185233916,84515709,0.59752637,170,2039825,2039994,2039856,0
2040199,1559034185950541,84824209,0.60113956,205,2039995,2040199,2040093,0
2040444,1559034189078125,83295750,0.62129579,245,2040200,2040444,2040357,0
2040546,1559034189083625,83960500,0.57520302,102,2040445,2040546,2040514,0
2040693,1559034190281541,83676875,0.62064396,147,2040547,2040693,2040657,0
2040810,1559034190287833,84229542,0.59170674,117,2040694,2040810,2040727,0
2041066,1559034191621125,84030625,0.60302827,256,2040811,2041066,2040880,0
2041288,1559034192730333,84037375,0.60785975,222,2041067,2041288,2041179,0
2041544,1559034194586958,83429500,0.61596974,256,2041289,2041544,2041397,0
2041605,1559034195427208,82842250,0.55640944,61,2041545,2041605,2041553,0
2041861,1559034197603541,81969459,0.56519687,256,2041606,2041861,2041775,0
2042047,1559034198381750,82170208,0.62374666,186,2041862,2042047,2041951,0
2042269,1559034198534833,83030333,0.6010083,222,2042048,2042269,2042117,0
2042525,1559034199751208,83057625,0.58368317,256,2042270,2042525,2042310,0
2042707,1559034203247583,80434833,0.58232311,182,2042526,2042707,2042585,0
2042843,1559034204515375,79848458,0.6099363,136,2042708,2042843,2042804,0
2042937,1559034204520416,80494250,0.57872117,94,2042844,2042937,2042873,0
2043073,1559034205998541,79477334,0.60861314,136,2042938,2043073,2042938,0
2043273,1559034206864541,79636750,0.60607571,200,2043074,2043273,2043247,0
2043315,1559034206866791,79876417,0.61528807,42,2043274,2043315,2043281,0
2043368,1559034206869708,80135167,0.58069453,53,2043316,2043368,2043339,0
2043624,1559034207573416,80828792,0.60228561,256,2043369,2043624,2043523,0
2043880,1559034208783708,80979375,0.65134198,256,2043625,2043880,2043862,0
2044059,1559034209459916,81095000,0.54998836,179,2043881,2044059,2043974,0
2044265,1559034210326750,81200666,0.62799196,206,2044060,2044265,2044136,0
2044521,1559034211101416,81674292,0.64382915,256,2044266,2044521,2044454,0
2044777,1559034212728833,81324375,0.61922696,256,2044522,2044777,2044668,0
2044956,1559034214991250,79966041,0.60329803,179,2044778,2044956,2044799,0
2045212,1559034215920125,80313458,0.62816033,256,2044957,2045212,2045159,0
2045468,1559034216668791,81135000,0.57488227,256,2045213,2045468,2045390,0
2045692,1559034217473291,81696292,0.64913908,224,2045469,2045692,2045529,0
2045859,1559034218349791,81863500,0.59932455,167,2045693,2045859,2045820,0
2046061,1559034219057166,82128834,0.58963899,202,2045860,2046061,2045982,0
2046077,1559034219058041,82255000,0.53059912,16,2046062,2046077,2046069,0
2046243,1559034220357666,81730209,0.61677297,166,2046078,2046243,2046227,0
2046347,1559034220363375,82300333,0.65642894,104,2046244,2046347,2046328,0
2046487,1559034222493083,80831792,0.59803943,140,2046348,2046487,2046352,0
2046652,1559034223016750,81149750,0.61479246,165,2046488,2046652,2046554,0
2046765,1559034223022958,81621875,0.58687898,113,2046653,2046765,2046724,0
2046924,1559034224047041,81755750,0.55178688,159,2046766,2046924,2046795,0
2047142,1559034226042833,80846583,0.59135754,218,2046925,2047142,2047140,0
2047273,1559034226940791,80490834,0.60889053,131,2047143,2047273,2047192,0
2047529,1559034229817541,78740250,0.63722307,256,2047274,2047529,2047528,0
2047785,1559034231154875,78583375,0.6789547,256,2047530,2047785,2047564,0
2047945,1559034231163541,79223584,0.574897,160,2047786,2047945,2047829,0
2048201,1559034233372791,78219875,0.62730144,256,2047946,2048201,2047963,0
2048316,1559034233379041,78710209,0.57473111,115,2048202,2048316,2048260,0
2048571,1559034234591291,78672250,0.64256733,255,2048317,2048571,2048558,0
2048827,1559034235838625,78600041,0.62837244,256,2048572,2048827,2048738,0
2048843,1559034235839500,78656791,0.61037447,16,2048828,2048843,2048830,0
2048859,1559034235840416,78726459,0.58086085,16,2048844,2048859,2048848,0
2048945,1559034237319708,77647667,0.5982365,86,2048860,2048945,2048934,0
2049090,1559034237840125,77837041,0.59210864,145,2048946,2049090,2049019,0
2049243,1559034237848416,78477125,0.60359799,153,2049091,2049243,2049210,0
2049499,1559034238657500,78916583,0.58793211,256,2049244,2049499,2049267,0
2049642,1559034239988208,78277500,0.56453933,143,2049500,2049642,2049549,0
2049898,1559034241045375,78471666,0.59659302,256,2049643,2049898,2049648,0
2050154,1559034242183666,78555125,0.61424866,256,2049899,2050154,2050051,0
2050357,1559034244487041,77274625,0.62930165,203,2050155,2050357,2050343,0
2050507,1559034245991500,76763291,0.56470256,150,2050358,2050507,2050367,0
2050735,1559034247262083,76445167,0.58270619,228,2050508,2050735,2050654,0
2050945,1559034248911791,75686167,0.58112582,210,2050736,2050945,2050827,0
2051197,1559034249992875,75822916,0.62488011,252,2050946,2051197,2050957,0
2051321,1559034250539041,75872459,0.57593519,124,2051198,2051321,2051231,0
2051403,1559034250789291,76021500,0.58236464,82,2051322,2051403,2051396,0
2051461,1559034250792458,76300667,0.57055229,58,2051404,2051461,2051419,0
2051615,1559034250800791,77034667,0.62010245,154,2051462,2051615,2051578,0
2051794,1559034251671541,77027000,0.61426755,179,2051616,2051794,2051636,0
2051887,1559034252020708,77107958,0.61091659,93,2051795,2051887,2051830,0
2052143,1559034253239916,77171292,0.59584126,256,2051888,2052143,2052094,0
2052399,1559034254227791,77499292,0.60658991,256,2052144,2052399,2052213,0
2052620,1559034255014916,77595959,0.61519844,221,2052400,2052620,2052489,0
2052831,1559034255572750,78493916,0.59425728,211,2052621,2052831,2052738,0
2053069,1559034258926291,76339375,0.61129457,238,2052832,2053069,2053016,0
2053308,1559034259178083,77204042,0.60562089,239,2053070,2053308,2053295,0
2053479,1559034260098166,77094417,0.58043604,171,2053309,2053479,2053374,0
2053735,1559034261280416,77148542,0.60377393,256,2053480,2053735,2053520,0
2053885,1559034262186041,76968042,0.62713047,150,2053736,2053885,2053836,0
2053967,1559034262190500,77507708,0.6093607,82,2053886,2053967,2053945,0
2054160,1559034262637916,77997667,0.5839479,193,2053968,2054160,2053972,0
2054416,1559034262821916,79004542,0.65692913,256,2054161,2054416,2054263,0
2054672,1559034264368375,78650750,0.61805452,256,2054417,2054672,2054465,0
2054899,1559034265578000,78523166,0.62261602,227,2054673,2054899,2054803,0
2055089,1559034266762625,78211208,0.57629691,190,2054900,2055089,2055030,0
2055278,1559034266772791,79069334,0.61549548,189,2055090,2055278,2055236,0
2055475,1559034269021958,77783667,0.59284452,197,2055279,2055475,2055433,0
2055670,1559034270857333,76874292,0.59535012,195,2055476,2055670,2055536,0
2055807,1559034272820083,76181750,0.60383213,137,2055671,2055807,2055690,0
2056063,1559034273956291,75687334,0.58227665,256,2055808,2056063,2056062,0
2056319,1559034274488041,76232084,0.57086195,256,2056064,2056319,2056064,0
2056444,1559034274494791,76839250,0.59378722,125,2056320,2056444,2056332,0
2056574,1559034275798083,76151708,0.56336057,130,2056445,2056574,2056467,0
2056824,1559034276823083,76284875,0.62129146,250,2056575,2056824,2056802,0
2056951,1559034278332000,75460541,0.62494963,127,2056825,2056951,2056835,0
2057203,1559034278345708,76572375,0.59723363,252,2056952,2057203,2057044,0
2057459,1559034279662708,76616625,0.58792185,256,2057204,2057459,2057302,0
2057667,1559034280641916,76521792,0.61263605,208,2057460,2057667,2057590,0
2057852,1559034281718500,76284083,0.59954949,185,2057668,2057852,2057720,0
2058090,1559034283729916,75294375,0.61526841,238,2057853,2058090,2057875,0
2058293,1559034284459083,75433583,0.57430543,203,2058091,2058293,2058290,0
2058316,1559034284460291,75542834,0.60018103,23,2058294,2058316,2058300,0
2058332,1559034284461166,75666959,0.61289621,16,2058317,2058332,2058324,0
2058411,1559034284465458,75998917,0.58664847,79,2058333,2058411,2058350,0
2058571,1559034285145375,76053833,0.69292101,160,2058412,2058571,2058558,0
2058587,1559034285146250,76126333,0.6426057,16,2058572,2058587,2058573,0
2058603,1559034285147166,76213292,0.62522518,16,2058588,2058603,2058601,0
2058619,1559034285148041,76303334,0.59500802,16,2058604,2058619,2058615,0
2058635,1559034285148875,76381458,0.57497912,16,2058620,2058635,2058625,0
2058766,1559034285156000,76963250,0.59693152,131,2058636,2058766,2058667,0
2058937,1559034285597916,77279959,0.59034389,171,2058767,2058937,2058883,0
2058986,1559034285600583,77546708,0.55427947,49,2058938,2058986,2058943,0
2059040,1559034286607041,76756334,0.57075411,54,2058987,2059040,2059005,0
2059144,1559034286612666,77227917,0.62245042,104,2059041,2059144,2059046,0
2059311,1559034286790125,77742958,0.57668844,167,2059145,2059311,2059171,0
2059567,1559034287167958,78554875,0.59891146,256,2059312,2059567,2059472,0
2059787,1559034290215458,76473125,0.59348389,220,2059568,2059787,2059762,0
2059918,1559034290743708,76629958,0.59958757,131,2059788,2059918,2059897,0
2060067,1559034290751750,77310333,0.58000046,149,2059919,2060067,2060050,0
2060270,1559034291652916,77397792,0.55770293,203,2060068,2060270,2060242,0
2060526,1559034292803250,77478541,0.60133077,256,2060271,2060526,2060289,0
2060782,1559034294989458,76775958,0.63295032,256,2060527,2060782,2060666,0
2061038,1559034296207875,76844500,0.60153947,256,2060783,2061038,2061002,0
2061248,1559034297871875,76158333,0.59920349,210,2061039,2061248,2061040,0
2061448,1559034299231000,75764125,0.59158211,200,2061249,2061448,2061373,0
2061704,1559034300231375,76062583,0.64671385,256,2061449,2061704,2061544,0
2061960,1559034301352666,76245459,0.63386269,256,2061705,2061960,2061875,0
2061976,1559034301353541,76370709,0.60426512,16,2061961,2061976,2061966,0
2061992,1559034301354416,76402084,0.52578471,16,2061977,2061992,2061989,0
2062140,1559034301362416,77097334,0.5932298,148,2061993,2062140,2062117,0
2062300,1559034302173291,77088584,0.63753856,160,2062141,2062300,2062260,0
2062556,1559034305079791,75394125,0.59024547,256,2062301,2062556,2062375,0
2062707,1559034307535125,73726708,0.63687953,151,2062557,2062707,2062655,0
2062952,1559034310431625,71983750,0.60181328,245,2062708,2062952,2062774,0
2063076,1559034311649500,71338500,0.64143286,124,2062953,2063076,2062978,0
2063299,1559034314425875,69595041,0.57706709,223,2063077,2063299,2063164,0
2063543,1559034314542000,70707333,0.61257362,244,2063300,2063543,2063429,0
2063653,1559034314547583,71111500,0.57822341,110,2063544,2063653,2063593,0
2063823,1559034314690000,71768000,0.60967855,170,2063654,2063823,2063686,0
2063972,1559034315006458,72186333,0.59341199,149,2063824,2063972,2063831,0
2064167,1559034316348333,71801583,0.64639082,195,2063973,2064167,2064021,0
2064183,1559034316349125,72034750,0.5305742,16,2064168,2064183,2064171,0
2064376,1559034317665083,71814833,0.61029215,193,2064184,2064376,2064207,0
2064513,1559034317672541,72400875,0.62883106,137,2064377,2064513,2064431,0
2064763,1559034318404458,72893625,0.56860543,250,2064514,2064763,2064630,0
2064929,1559034319658958,72436792,0.56441215,166,2064764,2064929,2064810,0
2065122,1559034319669500,73358833,0.60762078,193,2064930,2065122,2065012,0
2065295,1559034320783833,73096000,0.61130886,173,2065123,2065295,2065189,0
2065503,1559034321875333,72998667,0.5750652,208,2065296,2065503,2065347,0
2065759,1559034323651666,72450000,0.58355571,256,2065504,2065759,2065754,0
2065957,1559034323772541,73290500,0.58718128,198,2065760,2065957,2065933,0
2066213,1559034326457708,71890500,0.61997599,256,2065958,2066213,2066045,0
2066351,1559034326913500,72130333,0.59053964,138,2066214,2066351,2066343,0
2066607,1559034327155916,73137084,0.63354144,256,2066352,2066607,2066553,0
2066863,1559034328779875,72713791,0.61653147,256,2066608,2066863,2066699,0
2067105,1559034329231583,73414917,0.56357814,242,2066864,2067105,2066908,0
2067288,1559034330525166,73013042,0.59877957,183,2067106,2067288,2067263,0
2067464,1559034331602166,72718125,0.60738056,176,2067289,2067464,2067316,0
2067650,1559034332806958,72548042,0.61848223,186,2067465,2067650,2067567,0
2067906,1559034334136708,72212250,0.5728344,256,2067651,2067906,2067799,0
2068162,1559034336549291,70977042,0.61213227,256,2067907,2068162,2068026,0
2068364,1559034338514125,69892333,0.59197516,202,2068163,2068364,2068185,0
2068582,1559034340602541,69248000,0.59319544,218,2068365,2068582,2068469,0
2068684,1559034340608083,69871833,0.56035767,102,2068583,2068684,2068614,0
