seq,detect_timestamp_ns,latency_ns,max_score,window_size_used,first_seq,last_seq,flagged_seq,occupancy_at_decision
255,1511787716320833,970250,0.60530327,256,0,255,165,0
511,1511787716331833,1825417,0.60754791,256,256,511,431,0
767,1511787716341416,2719792,0.62263458,256,512,767,529,0
1023,1511787716351166,3593542,0.60779822,256,768,1023,800,0
1279,1511787716360500,4461416,0.59317879,256,1024,1279,1154,0
1535,1511787716370416,5377709,0.63330478,256,1280,1535,1378,0
1791,1511787716379958,6247958,0.64410942,256,1536,1791,1775,0
2047,1511787716389500,7101416,0.59444516,256,1792,2047,1939,0
2303,1511787716399166,7993875,0.6023155,256,2048,2303,2198,0
2559,1511787716408916,8879875,0.59879767,256,2304,2559,2557,0
2815,1511787716418541,9812375,0.6397648,256,2560,2815,2632,0
3071,1511787716428166,10695459,0.60877202,256,2816,3071,2968,0
3327,1511787716437833,11538042,0.61318985,256,3072,3327,3213,0
3583,1511787716447500,12442875,0.63772835,256,3328,3583,3564,0
3839,1511787716457166,13376792,0.61225154,256,3584,3839,3693,0
4095,1511787716466916,14267125,0.64164905,256,3840,4095,3983,0
4351,1511787716476625,15169500,0.64319282,256,4096,4351,4236,0
4607,1511787716486333,16047417,0.62274917,256,4352,4607,4562,0
4863,1511787716495875,16974250,0.63325526,256,4608,4863,4770,0
5119,1511787716505666,17855334,0.63732299,256,4864,5119,4909,0
5375,1511787716515541,18773917,0.59443301,256,5120,5375,5257,0
5631,1511787716525333,19675208,0.64122953,256,5376,5631,5392,0
5887,1511787716535083,20591000,0.64987984,256,5632,5887,5685,0
6143,1511787716544750,21467666,0.59472973,256,5888,6143,5983,0
6399,1511787716554458,22373000,0.65296432,256,6144,6399,6301,0
6655,1511787716564250,23222250,0.61340293,256,6400,6655,6526,0
6911,1511787716573833,24114917,0.64018076,256,6656,6911,6720,0
7167,1511787716583500,25010333,0.63829761,256,6912,7167,7086,0
7423,1511787716593208,25850667,0.59043634,256,7168,7423,7340,0
7679,1511787716603041,26721250,0.61976185,256,7424,7679,7469,0
7935,1511787716612791,27617167,0.64076093,256,7680,7935,7886,0
8191,1511787716622458,28508417,0.60188761,256,7936,8191,8135,0
8447,1511787716632291,29384042,0.64467236,256,8192,8447,8411,0
8703,1511787716642083,30295583,0.61130411,256,8448,8703,8568,0
8959,1511787716651791,31207125,0.62364927,256,8704,8959,8705,0
9215,1511787716661458,32135375,0.67610459,256,8960,9215,9061,0
9471,1511787716671166,33014667,0.61156548,256,9216,9471,9322,0
9727,1511787716680958,33921542,0.64185669,256,9472,9727,9531,0
9983,1511787716690666,34806167,0.60819544,256,9728,9983,9835,0
10239,1511787716700458,35695125,0.60853292,256,9984,10239,10172,0
10495,1511787716710291,36600250,0.62492758,256,10240,10495,10455,0
10751,1511787716720291,37503542,0.67894507,256,10496,10751,10670,0
11007,1511787716729916,38368834,0.60293968,256,10752,11007,10874,0
11263,1511787716739583,39280417,0.64961557,256,11008,11263,11141,0
11519,1511787716749291,40151834,0.65605684,256,11264,11519,11445,0
11775,1511787716759000,41033583,0.63862436,256,11520,11775,11769,0
12031,1511787716768625,41908041,0.61520012,256,11776,12031,11924,0
12287,1511787716778291,42860042,0.64809905,256,12032,12287,12177,0
12543,1511787716787958,43734792,0.61243982,256,12288,12543,12291,0
12799,1511787716797666,44595667,0.61548058,256,12544,12799,12614,0
13055,1511787716807291,45459000,0.59380359,256,12800,13055,13048,0
13311,1511787716816916,46380834,0.64472019,256,13056,13311,13083,0
13567,1511787716826625,47281666,0.6762325,256,13312,13567,13542,0
13823,1511787716836333,48181250,0.62823744,256,13568,13823,13626,0
14079,1511787716846083,49031125,0.63039284,256,13824,14079,13973,0
14258,1511787716852708,49672375,0.65093792,179,14080,14258,14183,0
14383,1511787716857291,50060375,0.57510974,125,14259,14383,14342,0
14470,1511787716860500,50363916,0.58077808,87,14384,14470,14451,0
14530,1511787716862583,50561792,0.61951663,60,14471,14530,14506,0
14572,1511787716863916,50694084,0.57141395,42,14531,14572,14569,0
14601,1511787716864833,50802000,0.56056637,29,14573,14601,14575,0
14621,1511787716865416,50866459,0.53636981,20,14602,14621,14609,0
14637,1511787716865791,51022375,0.52369029,16,14622,14637,14635,0
14653,1511787716866166,51026125,0.56212294,16,14638,14653,14653,0
14669,1511787716866583,51028333,0.56573839,16,14654,14669,14657,0
14685,1511787716866958,51065417,0.56460995,16,14670,14685,14682,0
14701,1511787716867333,51128250,0.5419479,16,14686,14701,14691,0
14717,1511787716867708,51176750,0.60176922,16,14702,14717,14706,0
14733,1511787716868125,51237791,0.54102671,16,14718,14733,14730,0
14749,1511787716868500,51288791,0.5870982,16,14734,14749,14742,0
14765,1511787716868833,51331167,0.59019091,16,14750,14765,14762,0
14781,1511787716869208,51388833,0.55013176,16,14766,14781,14779,0
14797,1511787716869541,51448167,0.57122804,16,14782,14797,14797,0
14813,1511787716869916,51504709,0.57923566,16,14798,14813,14800,0
14829,1511787716870250,51560708,0.55597617,16,14814,14829,14821,0
14845,1511787716870625,51607666,0.54377271,16,14830,14845,14838,0
14861,1511787716870958,51657208,0.55468015,16,14846,14861,14846,0
14877,1511787716871333,51713458,0.55395708,16,14862,14877,14874,0
14893,1511787716871666,51766084,0.55255394,16,14878,14893,14880,0
14909,1511787716872000,51818291,0.5351081,16,14894,14909,14909,0
14925,1511787716872375,51870583,0.53154127,16,14910,14925,14912,0
14941,1511787716872791,51921834,0.58877187,16,14926,14941,14929,0
14957,1511787716873125,51980041,0.50411159,16,14942,14957,14943,0
14973,1511787716873500,52034583,0.54700344,16,14958,14973,14963,0
14989,1511787716873833,52088833,0.56180149,16,14974,14989,14981,0
15005,1511787716874166,52118709,0.53686778,16,14990,15005,14999,0
15021,1511787716874541,52193667,0.55016252,16,15006,15021,15011,0
15037,1511787716874875,52246458,0.54050415,16,15022,15037,15035,0
15053,1511787716875250,52276166,0.5303261,16,15038,15053,15041,0
15069,1511787716875583,52332708,0.56984418,16,15054,15069,15068,0
15085,1511787716875958,52385625,0.53224691,16,15070,15085,15071,0
15101,1511787716876291,52428417,0.62239543,16,15086,15101,15087,0
15117,1511787716876666,52484292,0.57343812,16,15102,15117,15107,0
15133,1511787716877000,52542416,0.55768659,16,15118,15133,15118,0
15149,1511787716877333,52600750,0.55796802,16,15134,15149,15145,0
15165,1511787716877708,52654708,0.62346011,16,15150,15165,15153,0
15181,1511787716878041,52712042,0.55017134,16,15166,15181,15180,0
15197,1511787716878416,52768709,0.58418131,16,15182,15197,15193,0
15213,1511787716878750,52801583,0.53904507,16,15198,15213,15208,0
15229,1511787716879125,52874750,0.54323063,16,15214,15229,15220,0
15245,1511787716879458,52926250,0.55065399,16,15230,15245,15240,0
15261,1511787716879833,52980417,0.57050235,16,15246,15261,15252,0
15277,1511787716880208,53040083,0.58230328,16,15262,15277,15272,0
15293,1511787716880583,53075000,0.51892519,16,15278,15293,15286,0
15309,1511787716880916,53133625,0.50984975,16,15294,15309,15298,0
15325,1511787716881291,53188500,0.57850848,16,15310,15325,15324,0
15341,1511787716881625,53240625,0.56495823,16,15326,15341,15332,0
15357,1511787716882000,53302666,0.62318861,16,15342,15357,15354,0
15373,1511787716882333,53360833,0.5523767,16,15358,15373,15360,0
15389,1511787716882708,53393042,0.538643,16,15374,15389,15384,0
15405,1511787716883041,53459792,0.56248438,16,15390,15405,15402,0
15421,1511787716883416,53522000,0.60631253,16,15406,15421,15412,0
15437,1511787716883750,53555791,0.49793241,16,15422,15437,15431,0
15453,1511787716884083,53619292,0.58460571,16,15438,15453,15439,0
15469,1511787716884458,53678167,0.56415973,16,15454,15469,15466,0
15485,1511787716884791,53730834,0.58060906,16,15470,15485,15476,0
15501,1511787716885166,53783167,0.56991766,16,15486,15501,15488,0
15517,1511787716885500,53837375,0.60593528,16,15502,15517,15509,0
15533,1511787716885875,53920083,0.59954045,16,15518,15533,15526,0
15549,1511787716886208,53972417,0.54680654,16,15534,15549,15544,0
15565,1511787716886583,54032333,0.57047179,16,15550,15565,15552,0
15581,1511787716886916,54088084,0.56410301,16,15566,15581,15573,0
15597,1511787716887250,54142250,0.59990411,16,15582,15597,15587,0
15613,1511787716887625,54193750,0.55513225,16,15598,15613,15613,0
15629,1511787716887958,54249792,0.56718088,16,15614,15629,15622,0
15645,1511787716888333,54307042,0.53187296,16,15630,15645,15632,0
15661,1511787716888666,54341209,0.58747122,16,15646,15661,15661,0
15677,1511787716889041,54415292,0.57309307,16,15662,15677,15670,0
15693,1511787716889375,54470875,0.5983163,16,15678,15693,15687,0
15709,1511787716889750,54526500,0.54246647,16,15694,15709,15705,0
15725,1511787716890083,54584208,0.52562153,16,15710,15725,15719,0
15741,1511787716890416,54635750,0.57741351,16,15726,15741,15727,0
15757,1511787716890791,54697584,0.60674639,16,15742,15757,15743,0
15773,1511787716891125,54730583,0.5431662,16,15758,15773,15759,0
15789,1511787716891500,54803125,0.53397337,16,15774,15789,15777,0
15805,1511787716891833,54837917,0.57029436,16,15790,15805,15805,0
15821,1511787716892208,54911500,0.55549169,16,15806,15821,15819,0
15837,1511787716892541,54967792,0.57655639,16,15822,15837,15823,0
15853,1511787716892916,55010209,0.55954289,16,15838,15853,15853,0
15869,1511787716893250,55066500,0.53538521,16,15854,15869,15854,0
15885,1511787716893666,55123375,0.56595983,16,15870,15885,15880,0
15901,1511787716894041,55179459,0.5459232,16,15886,15901,15891,0
15917,1511787716894375,55237291,0.54882384,16,15902,15917,15904,0
15933,1511787716894750,55269500,0.55699738,16,15918,15933,15925,0
15949,1511787716895083,55322708,0.54906835,16,15934,15949,15936,0
15965,1511787716895458,55375167,0.56626557,16,15950,15965,15950,0
15981,1511787716895791,55429875,0.55680817,16,15966,15981,15975,0
15997,1511787716896166,55484584,0.56089731,16,15982,15997,15984,0
16013,1511787716896500,55534958,0.57157269,16,15998,16013,15999,0
16029,1511787716896833,55591875,0.55893267,16,16014,16029,16014,0
16045,1511787716897208,55645375,0.59356166,16,16030,16045,16042,0
16061,1511787716897541,55700834,0.51701828,16,16046,16061,16050,0
16077,1511787716897916,55752959,0.52295789,16,16062,16077,16066,0
16093,1511787716898250,55808833,0.54628554,16,16078,16093,16092,0
16109,1511787716898625,55864500,0.53893226,16,16094,16109,16106,0
16125,1511787716898958,55896292,0.55554022,16,16110,16125,16110,0
16141,1511787716899333,55971583,0.61005339,16,16126,16141,16139,0
16157,1511787716899666,56029792,0.56008386,16,16142,16157,16143,0
16173,1511787716900000,56067291,0.52778702,16,16158,16173,16159,0
16189,1511787716900375,56124125,0.56580762,16,16174,16189,16186,0
16205,1511787716900708,56179167,0.58940964,16,16190,16205,16203,0
16221,1511787716901083,56229917,0.52121422,16,16206,16221,16208,0
16237,1511787716901416,56289250,0.51857704,16,16222,16237,16235,0
16253,1511787716901833,56345167,0.55409486,16,16238,16253,16239,0
16269,1511787716902166,56378459,0.52628261,16,16254,16269,16267,0
16285,1511787716902541,56430709,0.54159329,16,16270,16285,16285,0
16301,1511787716902875,56485375,0.60165979,16,16286,16301,16301,0
16317,1511787716903250,56540583,0.59182952,16,16302,16317,16315,0
16333,1511787716903583,56594208,0.62176583,16,16318,16333,16319,0
16349,1511787716903958,56649000,0.56538369,16,16334,16349,16336,0
16365,1511787716904291,56701792,0.57282021,16,16350,16365,16360,0
16381,1511787716904666,56755750,0.61648263,16,16366,16381,16378,0
16397,1511787716905041,56811542,0.55710186,16,16382,16397,16383,0
16413,1511787716905375,56867125,0.55574494,16,16398,16413,16400,0
16429,1511787716905708,56919833,0.59068492,16,16414,16429,16418,0
16445,1511787716906083,56978875,0.61878077,16,16430,16445,16438,0
16461,1511787716906416,57036625,0.50454172,16,16446,16461,16461,0
16477,1511787716906791,57087250,0.54362711,16,16462,16477,16477,0
16493,1511787716907125,57139583,0.60786314,16,16478,16493,16486,0
16509,1511787716907500,57195500,0.60382682,16,16494,16509,16500,0
16525,1511787716907833,57252417,0.61537322,16,16510,16525,16523,0
16541,1511787716908208,57302292,0.64976743,16,16526,16541,16528,0
16557,1511787716908541,57356500,0.64489707,16,16542,16557,16550,0
16573,1511787716908916,57408750,0.66912341,16,16558,16573,16566,0
16589,1511787716909250,57484041,0.66070718,16,16574,16589,16579,0
16605,1511787716909625,57539916,0.61765466,16,16590,16605,16592,0
16621,1511787716909958,57618208,0.67761214,16,16606,16621,16606,0
16637,1511787716910333,57660750,0.61553055,16,16622,16637,16632,0
16653,1511787716910666,57739084,0.59797442,16,16638,16653,16650,0
16669,1511787716911041,57767709,0.55407281,16,16654,16669,16666,0
16685,1511787716911375,57821000,0.582646,16,16670,16685,16675,0
16701,1511787716911750,57896541,0.52626747,16,16686,16701,16698,0
16717,1511787716912083,57933917,0.56360175,16,16702,16717,16717,0
16733,1511787716912458,57989500,0.53695313,16,16718,16733,16718,0
16749,1511787716912791,58046084,0.5332106,16,16734,16749,16747,0
16765,1511787716913166,58105792,0.55609542,16,16750,16765,16755,0
16781,1511787716913500,58158791,0.53425244,16,16766,16781,16775,0
16797,1511787716913875,58189541,0.56394991,16,16782,16797,16789,0
16813,1511787716914291,58243250,0.58165907,16,16798,16813,16807,0
16829,1511787716914625,58294541,0.54455814,16,16814,16829,16826,0
16845,1511787716915000,58349041,0.53021222,16,16830,16845,16837,0
16861,1511787716915333,58405042,0.58174991,16,16846,16861,16846,0
16877,1511787716915708,58461792,0.58217656,16,16862,16877,16868,0
16893,1511787716916041,58493959,0.49569171,16,16878,16893,16879,0
16909,1511787716916416,58555584,0.52502463,16,16894,16909,16896,0
16925,1511787716916750,58608916,0.52242438,16,16910,16925,16923,0
16941,1511787716917125,58667208,0.53146086,16,16926,16941,16936,0
16957,1511787716917458,58696708,0.57707878,16,16942,16957,16957,0
16973,1511787716917833,58749375,0.63351258,16,16958,16973,16970,0
16989,1511787716918166,58826125,0.58578652,16,16974,16989,16978,0
17005,1511787716918541,58856459,0.57278495,16,16990,17005,17005,0
17021,1511787716918875,58909000,0.58298319,16,17006,17021,17010,0
17037,1511787716919208,58984375,0.55020904,16,17022,17037,17024,0
17053,1511787716919583,59016792,0.5999705,16,17038,17053,17040,0
17069,1511787716919916,59076709,0.56288967,16,17054,17069,17060,0
17085,1511787716920291,59128375,0.58163468,16,17070,17085,17073,0
17101,1511787716920625,59183750,0.53389671,16,17086,17101,17090,0
17117,1511787716921000,59238125,0.59799253,16,17102,17117,17104,0
17133,1511787716921333,59293583,0.56650413,16,17118,17133,17128,0
17149,1511787716921750,59348375,0.59601418,16,17134,17149,17139,0
17165,1511787716922125,59408250,0.54350279,16,17150,17165,17154,0
17181,1511787716922458,59438958,0.56208775,16,17166,17181,17167,0
17197,1511787716922833,59495000,0.59695244,16,17182,17197,17192,0
17213,1511787716923166,59548750,0.52969172,16,17198,17213,17204,0
17229,1511787716923541,59601042,0.55095258,16,17214,17229,17222,0
17245,1511787716923875,59654166,0.52820233,16,17230,17245,17233,0
17261,1511787716924250,59709041,0.55598642,16,17246,17261,17257,0
17277,1511787716924583,59764583,0.52925559,16,17262,17277,17266,0
17293,1511787716924916,59797250,0.56723652,16,17278,17293,17282,0
17309,1511787716925291,59872875,0.60263866,16,17294,17309,17303,0
17325,1511787716925625,59908541,0.55269041,16,17310,17325,17325,0
17341,1511787716926000,59965291,0.63162866,16,17326,17341,17340,0
17357,1511787716926333,60023833,0.6318691,16,17342,17357,17349,0
17373,1511787716926708,60097750,0.5748881,16,17358,17373,17364,0
17389,1511787716927041,60153167,0.5632184,16,17374,17389,17386,0
17405,1511787716927416,60197000,0.61632936,16,17390,17405,17400,0
17421,1511787716927750,60257541,0.56809287,16,17406,17421,17417,0
17437,1511787716928125,60317666,0.55503932,16,17422,17437,17433,0
17453,1511787716928458,60348458,0.54802267,16,17438,17453,17447,0
17469,1511787716928833,60422083,0.54843583,16,17454,17469,17466,0
17485,1511787716929166,60453292,0.54462275,16,17470,17485,17477,0
17501,1511787716929541,60526875,0.59031399,16,17486,17501,17498,0
17517,1511787716929875,60558708,0.57010204,16,17502,17517,17503,0
17533,1511787716930208,60632917,0.56161601,16,17518,17533,17526,0
17549,1511787716930583,60666208,0.56059258,16,17534,17549,17534,0
17565,1511787716930916,60731209,0.58603017,16,17550,17565,17560,0
17581,1511787716931291,60792500,0.60372303,16,17566,17581,17572,0
17597,1511787716931625,60824875,0.51414418,16,17582,17597,17596,0
17613,1511787716932000,60880250,0.54379705,16,17598,17613,17609,0
17629,1511787716932333,60928000,0.54812174,16,17614,17629,17622,0
17645,1511787716932708,60982542,0.52236342,16,17630,17645,17645,0
17661,1511787716933041,61039042,0.5609869,16,17646,17661,17654,0
17677,1511787716933416,61101959,0.57197564,16,17662,17677,17663,0
17693,1511787716933750,61158250,0.55285508,16,17678,17693,17690,0
17709,1511787716934125,61210041,0.4966691,16,17694,17709,17703,0
17725,1511787716934458,61264542,0.55206989,16,17710,17725,17710,0
17741,1511787716934791,61320209,0.56198687,16,17726,17741,17737,0
17757,1511787716935250,61378666,0.5882785,16,17742,17757,17751,0
17773,1511787716935583,61410125,0.53508089,16,17758,17773,17772,0
17789,1511787716935958,61463750,0.51356781,16,17774,17789,17776,0
17805,1511787716936291,61537209,0.56951308,16,17790,17805,17790,0
17821,1511787716936625,61568958,0.52865448,16,17806,17821,17819,0
17837,1511787716937000,61640833,0.53935954,16,17822,17837,17826,0
17853,1511787716937333,61668917,0.53785529,16,17838,17853,17848,0
17869,1511787716937708,61726125,0.55845135,16,17854,17869,17867,0
17885,1511787716938041,61779084,0.51323265,16,17870,17885,17872,0
17901,1511787716938416,61833292,0.55442132,16,17886,17901,17893,0
17917,1511787716938750,61875875,0.5593002,16,17902,17917,17912,0
17933,1511787716939125,61931041,0.58486997,16,17918,17933,17928,0
17949,1511787716939458,61983583,0.53119316,16,17934,17949,17947,0
17965,1511787716939833,62040500,0.53201208,16,17950,17965,17964,0
17981,1511787716940166,62097709,0.50924385,16,17966,17981,17977,0
17997,1511787716940541,62151875,0.56504461,16,17982,17997,17987,0
18013,1511787716940875,62188083,0.534549,16,17998,18013,18011,0
18029,1511787716941250,62243166,0.56694844,16,18014,18029,18029,0
18045,1511787716941583,62297208,0.52956088,16,18030,18045,18038,0
18061,1511787716941958,62352708,0.56109288,16,18046,18061,18046,0
18077,1511787716942291,62403584,0.58256288,16,18062,18077,18063,0
18093,1511787716942708,62461833,0.53986144,16,18078,18093,18080,0
18109,1511787716943083,62526208,0.59024759,16,18094,18109,18099,0
18125,1511787716943416,62554167,0.53870575,16,18110,18125,18121,0
18141,1511787716943791,62611250,0.55049974,16,18126,18141,18131,0
18157,1511787716944125,62669041,0.56740088,16,18142,18157,18147,0
18173,1511787716944500,62724666,0.53313445,16,18158,18173,18173,0
18189,1511787716944833,62778125,0.51063288,16,18174,18189,18183,0
18205,1511787716945166,62833959,0.54036698,16,18190,18205,18195,0
18221,1511787716945541,62863250,0.56514314,16,18206,18221,18218,0
18237,1511787716945875,62914125,0.54513594,16,18222,18237,18233,0
18253,1511787716946250,62970416,0.58801015,16,18238,18253,18238,0
18269,1511787716946583,63024292,0.55136207,16,18254,18269,18261,0
18285,1511787716946958,63078542,0.57284517,16,18270,18285,18280,0
18301,1511787716947291,63134167,0.54891425,16,18286,18301,18286,0
18317,1511787716947666,63187417,0.55665077,16,18302,18317,18315,0
18333,1511787716948000,63241625,0.54566161,16,18318,18333,18323,0
18349,1511787716948375,63272708,0.53699793,16,18334,18349,18349,0
18365,1511787716948708,63341708,0.53212011,16,18350,18365,18362,0
18381,1511787716949083,63400375,0.55176963,16,18366,18381,18381,0
18397,1511787716949458,63454667,0.59034687,16,18382,18397,18390,0
18413,1511787716949791,63513459,0.55699863,16,18398,18413,18403,0
18429,1511787716950166,63572084,0.6188372,16,18414,18429,18420,0
18445,1511787716950500,63607291,0.5029531,16,18430,18445,18445,0
18461,1511787716950875,63658916,0.5674532,16,18446,18461,18448,0
18477,1511787716951208,63713458,0.49838563,16,18462,18477,18468,0
18493,1511787716951583,63768250,0.54453765,16,18478,18493,18489,0
18509,1511787716951916,63819084,0.5819893,16,18494,18509,18498,0
18525,1511787716952291,63872042,0.57108152,16,18510,18525,18515,0
18541,1511787716952625,63925000,0.62271564,16,18526,18541,18538,0
18557,1511787716953000,63977458,0.61934825,16,18542,18557,18553,0
18573,1511787716953333,64036875,0.60502407,16,18558,18573,18571,0
18589,1511787716953708,64099417,0.68728591,16,18574,18589,18577,0
18605,1511787716954041,64154917,0.61715865,16,18590,18605,18593,0
18621,1511787716954416,64196042,0.57570121,16,18606,18621,18606,0
18637,1511787716954750,64256500,0.56098906,16,18622,18637,18636,0
18653,1511787716955125,64313916,0.61867574,16,18638,18653,18642,0
18669,1511787716955458,64368375,0.51397224,16,18654,18669,18662,0
18685,1511787716955833,64399042,0.50434785,16,18670,18685,18675,0
18701,1511787716956166,64474584,0.56132229,16,18686,18701,18690,0
18717,1511787716956541,64506959,0.5682463,16,18702,18717,18709,0
18733,1511787716956958,64558583,0.56183365,16,18718,18733,18729,0
18749,1511787716957291,64628625,0.52438341,16,18734,18749,18736,0
18765,1511787716957666,64661375,0.5879331,16,18750,18765,18760,0
18781,1511787717276875,64400541,0.52719668,16,18766,18781,18778,0
18797,1511787718157375,63568875,0.60299577,16,18782,18797,18797,0
18813,1511787719050750,62736625,0.58440067,16,18798,18813,18804,0
18829,1511787719949416,61884375,0.570879,16,18814,18829,18817,0
18845,1511787720823541,61052542,0.52092868,16,18830,18845,18834,0
18861,1511787721738875,60197750,0.61264445,16,18846,18861,18860,0
18877,1511787722616416,59365542,0.55764427,16,18862,18877,18875,0
18893,1511787723491416,58550084,0.53297264,16,18878,18893,18884,0
18909,1511787724401583,57687542,0.52889935,16,18894,18909,18909,0
18925,1511787725289916,56859542,0.55440975,16,18910,18925,18917,0
18941,1511787726231250,55974000,0.57467329,16,18926,18941,18935,0
18957,1511787727128791,55123292,0.53694823,16,18942,18957,18942,0
18973,1511787727976000,54337291,0.52433347,16,18958,18973,18964,0
18989,1511787728876500,53485291,0.56300405,16,18974,18989,18985,0
19005,1511787729811000,52605875,0.59032209,16,18990,19005,18997,0
19021,1511787730734291,51737750,0.55905768,16,19006,19021,19017,0
19037,1511787731642166,50883792,0.52476182,16,19022,19037,19029,0
19053,1511787732530541,50049084,0.52126128,16,19038,19053,19038,0
19069,1511787733473083,49157583,0.54977291,16,19054,19069,19062,0
19085,1511787734352333,48334292,0.54988768,16,19070,19085,19080,0
19101,1511787735283375,47457458,0.60049282,16,19086,19101,19088,0
19117,1511787736200958,46594542,0.58344912,16,19102,19117,19113,0
19133,1511787737126208,45725083,0.57774885,16,19118,19133,19119,0
19149,1511787738001625,44906291,0.59462169,16,19134,19149,19142,0
19165,1511787738923125,44041208,0.55803219,16,19150,19165,19153,0
19181,1511787739798375,43222416,0.58870329,16,19166,19181,19181,0
19197,1511787740690958,42384042,0.51776485,16,19182,19197,19187,0
19213,1511787741584375,41525458,0.61710258,16,19198,19213,19209,0
19229,1511787742430583,40735375,0.53533524,16,19214,19229,19217,0
19245,1511787743317958,39901000,0.55187377,16,19230,19245,19240,0
19261,1511787744236250,39040916,0.56516272,16,19246,19261,19246,0
19277,1511787745130833,38200000,0.54870405,16,19262,19277,19269,0
19293,1511787746018708,37368250,0.54668848,16,19278,19293,19281,0
19309,1511787746926166,36508459,0.56507506,16,19294,19309,19301,0
19325,1511787747863250,35607125,0.52552362,16,19310,19325,19315,0
19341,1511787748804250,34719000,0.54878943,16,19326,19341,19332,0
19357,1511787749681583,33899000,0.528748,16,19342,19357,19356,0
19373,1511787750589916,33048209,0.60008443,16,19358,19373,19360,0
19389,1511787751484583,32208792,0.54318832,16,19374,19389,19377,0
19405,1511787752383458,31361875,0.55037076,16,19390,19405,19398,0
19421,1511787753305208,30492833,0.53079416,16,19406,19421,19416,0
19437,1511787754212416,29642334,0.52497882,16,19422,19437,19437,0
19453,1511787755093208,28801875,0.50376369,16,19438,19453,19447,0
19469,1511787756013083,27942042,0.55204991,16,19454,19469,19466,0
19485,1511787756910625,27104000,0.51161823,16,19470,19485,19476,0
19501,1511787757788666,26271209,0.55454325,16,19486,19501,19492,0
19517,1511787758670416,25449917,0.5561297,16,19502,19517,19514,0
19533,1511787759628416,24535542,0.51479926,16,19518,19533,19529,0
19549,1511787760521625,23702833,0.55454166,16,19534,19549,19538,0
19565,1511787761395125,22874208,0.54481677,16,19550,19565,19560,0
19581,1511787762274625,22038666,0.5453224,16,19566,19581,19574,0
19597,1511787763197791,21174584,0.6286582,16,19582,19597,19592,0
19613,1511787764115125,20332333,0.58148374,16,19598,19613,19600,0
19629,1511787765020416,19474417,0.53195676,16,19614,19629,19626,0
19645,1511787765884916,18674709,0.60047734,16,19630,19645,19635,0
19661,1511787766513625,18089250,0.57851298,16,19646,19661,19656,0
19677,1511787766924833,17730042,0.55438542,16,19662,19677,19662,0
19693,1511787767210416,17512042,0.55047545,16,19678,19693,19681,0
19709,1511787767417916,17362709,0.51055961,16,19694,19709,19701,0
19725,1511787767558333,17251958,0.55344015,16,19710,19725,19721,0
19741,1511787767661875,17207666,0.53317687,16,19726,19741,19727,0
19757,1511787767740250,17177416,0.60188093,16,19742,19757,19750,0
19773,1511787767778541,17215417,0.6453923,16,19758,19773,19761,0
19789,1511787767827000,17223958,0.56808317,16,19774,19789,19774,0
19805,1511787767877666,17201667,0.51021566,16,19790,19805,19792,0
19821,1511787767932083,17200000,0.55791651,16,19806,19821,19807,0
19837,1511787767986541,17221500,0.60669558,16,19822,19837,19829,0
19853,1511787768047708,17215000,0.53549977,16,19838,19853,19850,0
19869,1511787768097833,17197875,0.55487902,16,19854,19869,19856,0
19885,1511787768155208,17197125,0.58579829,16,19870,19885,19876,0
19901,1511787768201958,17215750,0.54752211,16,19886,19901,19887,0
19917,1511787768259791,17202334,0.60261921,16,19902,19917,19905,0
19933,1511787768311791,17209667,0.63490297,16,19918,19933,19931,0
19949,1511787768370500,17208125,0.61664735,16,19934,19949,19945,0
19965,1511787768438083,17216208,0.57418834,16,19950,19965,19963,0
19981,1511787768478166,17231334,0.56817611,16,19966,19981,19966,0
19997,1511787768529666,17233917,0.53917177,16,19982,19997,19982,0
20013,1511787768581208,17235958,0.55113809,16,19998,20013,20009,0
20029,1511787768644458,17229000,0.55090642,16,20014,20029,20023,0
20045,1511787768685000,17248666,0.51755787,16,20030,20045,20040,0
20061,1511787768738958,17225458,0.52981852,16,20046,20061,20057,0
20077,1511787768791125,17227833,0.56374444,16,20062,20077,20073,0
20093,1511787768846958,17230208,0.58354475,16,20078,20093,20090,0
20109,1511787768897791,17235125,0.52036777,16,20094,20109,20101,0
20125,1511787768942333,17247292,0.54826853,16,20110,20125,20117,0
20141,1511787769000375,17242833,0.5665105,16,20126,20141,20136,0
20157,1511787769053291,17264792,0.5139386,16,20142,20157,20153,0
20173,1511787769101666,17251042,0.55812427,16,20158,20173,20168,0
20189,1511787769157708,17249708,0.53354312,16,20174,20189,20188,0
20205,1511787769208375,17271416,0.54412553,16,20190,20205,20201,0
20221,1511787769262125,17249583,0.56795823,16,20206,20221,20208,0
20237,1511787769307083,17282333,0.598356,16,20222,20237,20229,0
20253,1511787769356458,17286708,0.61071043,16,20238,20253,20244,0
20269,1511787769414375,17286458,0.6416423,16,20254,20269,20262,0
20285,1511787769467041,17287334,0.60606875,16,20270,20285,20283,0
20301,1511787769522541,17290834,0.58519741,16,20286,20301,20295,0
20317,1511787769583541,17288959,0.5304889,16,20302,20317,20303,0
20333,1511787769637500,17265000,0.55730753,16,20318,20333,20325,0
20349,1511787769682958,17270917,0.53375438,16,20334,20349,20345,0
20365,1511787769740125,17276416,0.52099695,16,20350,20365,20364,0
20381,1511787769800916,17251625,0.52009777,16,20366,20381,20379,0
20397,1511787769854291,17253250,0.57231529,16,20382,20397,20390,0
20413,1511787769919791,17245459,0.53254562,16,20398,20413,20409,0
20429,1511787769954958,17266667,0.52676422,16,20414,20429,20429,0
20445,1511787770004291,17275792,0.60697028,16,20430,20445,20435,0
20461,1511787770061666,17274459,0.56055547,16,20446,20461,20460,0
20477,1511787770125333,17265458,0.56280774,16,20462,20477,20471,0
20493,1511787770180083,17265458,0.53506425,16,20478,20493,20481,0
20509,1511787770233583,17265250,0.51274081,16,20494,20509,20494,0
20525,1511787770279625,17275833,0.57036137,16,20510,20525,20518,0
20541,1511787770336375,17275625,0.54420192,16,20526,20541,20530,0
20557,1511787770399500,17245125,0.54865093,16,20542,20557,20542,0
20573,1511787770442958,17254958,0.52457788,16,20558,20573,20564,0
20589,1511787770503208,17251583,0.53838178,16,20574,20589,20587,0
20605,1511787770556833,17288958,0.53231259,16,20590,20605,20592,0
20621,1511787770610125,17239625,0.57331274,16,20606,20621,20610,0
20637,1511787770667166,17237209,0.56975998,16,20622,20637,20625,0
20653,1511787770725708,17255625,0.60511064,16,20638,20653,20638,0
20669,1511787770790583,17244542,0.62430912,16,20654,20669,20661,0
20685,1511787770844583,17245000,0.55247478,16,20670,20685,20672,0
20701,1511787770907166,17241000,0.59184127,16,20686,20701,20695,0
20717,1511787770975708,17228000,0.56135912,16,20702,20717,20705,0
20733,1511787771020750,17237000,0.63129476,16,20718,20733,20723,0
20749,1511787771082333,17227458,0.55347004,16,20734,20749,20736,0
20765,1511787771125958,17239375,0.52240927,16,20750,20765,20751,0
20781,1511787771174875,17245958,0.5277085,16,20766,20781,20772,0
20797,1511787771234458,17240208,0.58986292,16,20782,20797,20794,0
20813,1511787771294833,17237958,0.54859411,16,20798,20813,20813,0
20829,1511787771361000,17224833,0.54815904,16,20814,20829,20822,0
20845,1511787771417000,17202083,0.56077655,16,20830,20845,20844,0
20861,1511787771457750,17214625,0.53978082,16,20846,20861,20849,0
20877,1511787771511791,17215709,0.57390263,16,20862,20877,20865,0
20893,1511787771570208,17212458,0.62201745,16,20878,20893,20885,0
20909,1511787771625625,17216291,0.61140241,16,20894,20909,20901,0
20925,1511787771676583,17220083,0.54332161,16,20910,20925,20923,0
20941,1511787771732416,17196375,0.53574329,16,20926,20941,20933,0
20957,1511787771785375,17197166,0.56929291,16,20942,20957,20942,0
20973,1511787771848416,17186625,0.53845823,16,20958,20973,20967,0
20989,1511787771905833,17183917,0.50670014,16,20974,20989,20983,0
21005,1511787771958750,17191250,0.55354337,16,20990,21005,20995,0
21021,1511787772009041,17175000,0.64913662,16,21006,21021,21021,0
21037,1511787772063708,17198167,0.55160192,16,21022,21037,21024,0
21053,1511787772117041,17172959,0.50603319,16,21038,21053,21038,0
21069,1511787772167125,17179125,0.53176172,16,21054,21069,21061,0
21085,1511787772224833,17173333,0.56540462,16,21070,21085,21072,0
21101,1511787772280333,17177500,0.51536435,16,21086,21101,21088,0
21117,1511787772326666,17190042,0.53852144,16,21102,21117,21114,0
21133,1511787772385833,17162208,0.52795399,16,21118,21133,21124,0
21149,1511787772430916,17169334,0.54128546,16,21134,21149,21138,0
21165,1511787772485166,17169417,0.51719245,16,21150,21165,21152,0
21181,1511787772534833,17180458,0.5663765,16,21166,21181,21171,0
21197,1511787772588250,17181333,0.52807347,16,21182,21197,21193,0
21213,1511787772646583,17174708,0.59326676,16,21198,21213,21201,0
21229,1511787772696833,17180000,0.56236151,16,21214,21229,21221,0
21245,1511787772743083,17189333,0.49121945,16,21230,21245,21244,0
21261,1511787772801958,17183625,0.5896286,16,21246,21261,21261,0
21277,1511787772866583,17154333,0.55098508,16,21262,21277,21274,0
21293,1511787772924333,17172500,0.56809157,16,21278,21293,21282,0
21309,1511787772967583,17191250,0.60271673,16,21294,21309,21302,0
21325,1511787773022875,17194000,0.56280482,16,21310,21325,21322,0
21341,1511787773074458,17178333,0.60072369,16,21326,21341,21327,0
21357,1511787773143166,17187375,0.60771305,16,21342,21357,21352,0
21373,1511787773182875,17203791,0.56637922,16,21358,21373,21363,0
21389,1511787773232916,17207000,0.64973736,16,21374,21389,21379,0
21405,1511787773280000,17234375,0.61705484,16,21390,21405,21404,0
21421,1511787773336375,17227291,0.56150475,16,21406,21421,21406,0
21437,1511787773383916,17233417,0.54722609,16,21422,21437,21428,0
21453,1511787773444000,17229458,0.53991364,16,21438,21453,21441,0
21469,1511787773505875,17202666,0.51925469,16,21454,21469,21469,0
21485,1511787773560583,17199917,0.53041371,16,21470,21485,21474,0
21501,1511787773613875,17216875,0.56963304,16,21486,21501,21490,0
21517,1511787773665250,17221291,0.52117401,16,21502,21517,21510,0
21533,1511787773725250,17194666,0.54403825,16,21518,21533,21533,0
21549,1511787773770916,17208334,0.56744271,16,21534,21549,21545,0
21565,1511787773832750,17199541,0.54006791,16,21550,21565,21559,0
21581,1511787773888375,17194791,0.56779845,16,21566,21581,21581,0
21597,1511787773937458,17208042,0.53421283,16,21582,21597,21583,0
21613,1511787773985416,17208834,0.5470469,16,21598,21613,21599,0
21629,1511787774038916,17214750,0.52241307,16,21614,21629,21620,0
21645,1511787774090291,17217417,0.54730332,16,21630,21645,21638,0
21661,1511787774155750,17208833,0.57956331,16,21646,21661,21660,0
21677,1511787774217208,17181083,0.55339761,16,21662,21677,21662,0
21693,1511787774265375,17186833,0.5524696,16,21678,21693,21686,0
21709,1511787774319208,17189167,0.52993335,16,21694,21709,21706,0
21725,1511787774381416,17181709,0.58835701,16,21710,21725,21724,0
21741,1511787774450458,17156917,0.61284035,16,21726,21741,21740,0
21757,1511787774522291,17138167,0.53605404,16,21742,21757,21755,0
21773,1511787774575000,17139833,0.52907115,16,21758,21773,21759,0
21789,1511787774643625,17130083,0.57680739,16,21774,21789,21784,0
21805,1511787774686458,17147208,0.58680161,16,21790,21805,21797,0
21821,1511787774736208,17150208,0.53144957,16,21806,21821,21810,0
21837,1511787774793166,17149209,0.5857589,16,21822,21837,21826,0
21853,1511787774848416,17127084,0.51017861,16,21838,21853,21853,0
21869,1511787774898416,17128875,0.55576484,16,21854,21869,21854,0
21885,1511787774954291,17122875,0.52401618,16,21870,21885,21883,0
21901,1511787775004083,17135417,0.56441255,16,21886,21901,21899,0
21917,1511787775061791,17133584,0.53581974,16,21902,21917,21902,0
21933,1511787775108583,17147208,0.55506077,16,21918,21933,21928,0
21949,1511787775158416,17130292,0.5622434,16,21934,21949,21935,0
21965,1511787775216666,17125000,0.55851168,16,21950,21965,21956,0
21981,1511787775265041,17130959,0.52662558,16,21966,21981,21973,0
21997,1511787775324416,17126375,0.58702519,16,21982,21997,21989,0
22013,1511787775366041,17138500,0.59641035,16,21998,22013,22001,0
22029,1511787775416666,17170959,0.60630711,16,22014,22029,22023,0
22045,1511787775470583,17143167,0.60143372,16,22030,22045,22035,0
22061,1511787775521333,17170500,0.64470687,16,22046,22061,22057,0
22077,1511787775565791,17157709,0.54690786,16,22062,22077,22066,0
22093,1511787775613458,17182875,0.5613254,16,22078,22093,22093,0
22109,1511787775668625,17158375,0.55262807,16,22094,22109,22097,0
22125,1511787775734291,17148834,0.53854856,16,22110,22125,22120,0
22141,1511787775781666,17159792,0.59236859,16,22126,22141,22136,0
22157,1511787775835458,17161708,0.55497995,16,22142,22157,22146,0
22173,1511787775887500,17163541,0.56482964,16,22158,22173,22172,0
22189,1511787775937666,17167667,0.57413326,16,22174,22189,22180,0
22205,1511787776001791,17149459,0.59530324,16,22190,22205,22200,0
22221,1511787776049708,17167125,0.53461864,16,22206,22221,22207,0
22237,1511787776104958,17174375,0.59847605,16,22222,22237,22228,0
22253,1511787776159833,17180875,0.54697855,16,22238,22253,22244,0
22269,1511787776221875,17146458,0.55700803,16,22254,22269,22258,0
22285,1511787776264958,17168958,0.53942379,16,22270,22285,22275,0
22301,1511787776317958,17155833,0.52692675,16,22286,22301,22295,0
22317,1511787776367416,17167042,0.56300717,16,22302,22317,22309,0
22333,1511787776426416,17167542,0.5859395,16,22318,22333,22326,0
22349,1511787776482625,17170625,0.5649125,16,22334,22349,22338,0
22365,1511787776519958,17172458,0.57098728,16,22350,22365,22351,0
22381,1511787776573041,17179334,0.54595888,16,22366,22381,22376,0
22397,1511787776636083,17175042,0.53833667,16,22382,22397,22396,0
22413,1511787776696500,17153750,0.55359107,16,22398,22413,22401,0
22429,1511787776723791,17182000,0.57890536,16,22414,22429,22414,0
22445,1511787776787166,17176167,0.63684892,16,22430,22445,22434,0
22461,1511787776837625,17182708,0.59772483,16,22446,22461,22450,0
22477,1511787776887041,17188000,0.52341601,16,22462,22477,22469,0
22493,1511787776957791,17173875,0.57696032,16,22478,22493,22490,0
22509,1511787777011708,17173958,0.59909439,16,22494,22509,22508,0
22525,1511787777061916,17202334,0.63934525,16,22510,22525,22519,0
22541,1511787777122166,17198375,0.65310893,16,22526,22541,22528,0
22557,1511787777177041,17169417,0.65140335,16,22542,22557,22543,0
22573,1511787777231250,17167625,0.68487594,16,22558,22573,22573,0
22589,1511787777284333,17171833,0.64596125,16,22574,22589,22578,0
22605,1511787777333208,17185750,0.64363043,16,22590,22605,22590,0
22621,1511787777388708,17191042,0.64902349,16,22606,22621,22614,0
22637,1511787777442958,17215208,0.65457102,16,22622,22637,22634,0
22653,1511787777488250,17223541,0.63604389,16,22638,22653,22650,0
22669,1511787777550000,17212875,0.53622018,16,22654,22669,22658,0
22685,1511787777600583,17213542,0.50801922,16,22670,22685,22685,0
22701,1511787777654125,17215625,0.54675656,16,22686,22701,22699,0
22717,1511787777724875,17198125,0.51146097,16,22702,22717,22715,0
22733,1511787777756625,17226083,0.53033563,16,22718,22733,22728,0
22749,1511787777813000,17225750,0.55541509,16,22734,22749,22737,0
22765,1511787777864291,17207584,0.55067178,16,22750,22765,22759,0
22781,1511787777913708,17230000,0.56434949,16,22766,22781,22777,0
22797,1511787777965833,17209417,0.52505663,16,22782,22797,22787,0
22813,1511787778017166,17236917,0.58063631,16,22798,22813,22804,0
22829,1511787778080500,17206083,0.60635518,16,22814,22829,22827,0
22845,1511787778133875,17227500,0.53953254,16,22830,22845,22843,0
22861,1511787778185250,17232333,0.55318156,16,22846,22861,22860,0
22877,1511787778245166,17204125,0.56071563,16,22862,22877,22864,0
22893,1511787778301375,17220750,0.57733568,16,22878,22893,22887,0
22909,1511787778349541,17203709,0.51069041,16,22894,22909,22909,0
22925,1511787778409416,17215500,0.56811746,16,22910,22925,22916,0
22941,1511787778461250,17222125,0.54580583,16,22926,22941,22934,0
22957,1511787778507875,17232750,0.52814071,16,22942,22957,22948,0
22973,1511787778562541,17212709,0.5512429,16,22958,22973,22966,0
22989,1511787778613250,17233208,0.52658152,16,22974,22989,22983,0
23005,1511787778658166,17244792,0.5684025,16,22990,23005,22998,0
23021,1511787778719166,17237084,0.56521516,16,23006,23021,23009,0
23037,1511787778766125,17221083,0.55782187,16,23022,23037,23033,0
23053,1511787778816916,17247625,0.56694531,16,23038,23053,23039,0
23069,1511787778877541,17244042,0.62224034,16,23054,23069,23066,0
23085,1511787778923166,17255834,0.61202482,16,23070,23085,23076,0
23101,1511787778988083,17266708,0.63492915,16,23086,23101,23095,0
23117,1511787779023250,17263083,0.56733957,16,23102,23117,23117,0
23133,1511787779083000,17257250,0.55443973,16,23118,23133,23130,0
23149,1511787779135166,17264209,0.51926748,16,23134,23149,23137,0
23165,1511787779184416,17274125,0.51378524,16,23150,23165,23155,0
23181,1511787779248833,17265792,0.55799292,16,23166,23181,23170,0
23197,1511787779288541,17284584,0.60637673,16,23182,23197,23184,0
23213,1511787779345916,17280875,0.54931965,16,23198,23213,23199,0
23229,1511787779393666,17266875,0.57619263,16,23214,23229,23229,0
23245,1511787779457375,17256250,0.52976881,16,23230,23245,23239,0
23261,1511787779497291,17270750,0.57870779,16,23246,23261,23249,0
23277,1511787779554958,17267833,0.52231926,16,23262,23277,23270,0
23293,1511787779605458,17281208,0.55564335,16,23278,23293,23283,0
23309,1511787779663166,17282000,0.55738447,16,23294,23309,23303,0
23325,1511787779711333,17260208,0.52301483,16,23310,23325,23316,0
23341,1511787779774708,17249917,0.53310751,16,23326,23341,23332,0
23357,1511787779811833,17264625,0.55941649,16,23342,23357,23345,0
23373,1511787779860625,17271291,0.60867924,16,23358,23373,23370,0
23389,1511787779919000,17268166,0.52666621,16,23374,23389,23386,0
23405,1511787779971958,17269833,0.5361661,16,23390,23405,23403,0
23421,1511787780021375,17273416,0.55437372,16,23406,23421,23419,0
23437,1511787780075458,17275208,0.64038003,16,23422,23437,23424,0
23453,1511787780125458,17301417,0.61538201,16,23438,23453,23438,0
23469,1511787780174916,17305042,0.60107708,16,23454,23469,23463,0
23485,1511787780228375,17307833,0.57049454,16,23470,23485,23474,0
23501,1511787780287875,17303166,0.50530222,16,23486,23501,23490,0
23517,1511787780356875,17290250,0.56325439,16,23502,23517,23504,0
23533,1511787780390666,17285292,0.52999702,16,23518,23533,23524,0
23549,1511787780453416,17297500,0.54267894,16,23534,23549,23548,0
23565,1511787780510208,17274875,0.55615695,16,23550,23565,23552,0
23581,1511787780560416,17277334,0.52185911,16,23566,23581,23574,0
23597,1511787780618625,17269916,0.54506775,16,23582,23597,23594,0
23613,1511787780667750,17297666,0.57866393,16,23598,23613,23608,0
23629,1511787780713708,17284542,0.60458498,16,23614,23629,23626,0
23645,1511787780772666,17281459,0.52274287,16,23630,23645,23641,0
23661,1511787780828083,17283292,0.54809973,16,23646,23661,23646,0
23677,1511787780877750,17289125,0.58294493,16,23662,23677,23676,0
23693,1511787780933333,17288625,0.5462797,16,23678,23693,23687,0
23709,1511787780982000,17277416,0.5506078,16,23694,23709,23703,0
23725,1511787781040166,17274917,0.56714454,16,23710,23725,23712,0
23741,1511787781097000,17270833,0.59896902,16,23726,23741,23733,0
23757,1511787781150916,17268750,0.59436439,16,23742,23757,23751,0
23773,1511787781206625,17265750,0.54924364,16,23758,23773,23759,0
23789,1511787781263125,17264875,0.54221974,16,23774,23789,23780,0
23805,1511787781314916,17271792,0.53093734,16,23790,23805,23797,0
23821,1511787781357666,17282792,0.5159433,16,23806,23821,23812,0
23837,1511787781421541,17272875,0.55731849,16,23822,23837,23832,0
23853,1511787781470458,17280042,0.56786277,16,23838,23853,23843,0
23869,1511787781520000,17285500,0.56899239,16,23854,23869,23855,0
23885,1511787781598208,17266542,0.52666724,16,23870,23885,23885,0
23901,1511787781626458,17294000,0.54966301,16,23886,23901,23888,0
23917,1511787781673583,17299417,0.54346572,16,23902,23917,23913,0
23933,1511787781729208,17275583,0.53641535,16,23918,23933,23932,0
23949,1511787781776500,17301625,0.61138184,16,23934,23949,23938,0
23965,1511787781831708,17302125,0.55011489,16,23950,23965,23963,0
23981,1511787781880708,17284000,0.56352379,16,23966,23981,23971,0
23997,1511787781938250,17278000,0.57793211,16,23982,23997,23992,0
24013,1511787781991458,17279250,0.59090211,16,23998,24013,24005,0
24029,1511787782032375,17292416,0.53999929,16,24014,24029,24024,0
24045,1511787782091791,17285917,0.51194665,16,24030,24045,24033,0
24061,1511787782142166,17293084,0.5545273,16,24046,24061,24046,0
24077,1511787782200875,17292916,0.52116674,16,24062,24077,24064,0
24093,1511787782250250,17268583,0.54204992,16,24078,24093,24090,0
24109,1511787782307375,17266250,0.54664419,16,24094,24109,24100,0
24125,1511787782356000,17275041,0.56664629,16,24110,24125,24123,0
24141,1511787782421333,17265333,0.56328388,16,24126,24141,24127,0
24157,1511787782478875,17260750,0.54715334,16,24142,24157,24142,0
24173,1511787782523791,17272167,0.5674499,16,24158,24173,24169,0
24189,1511787782571708,17277375,0.5225765,16,24174,24189,24181,0
24205,1511787782631875,17269208,0.55713831,16,24190,24205,24200,0
24221,1511787782676333,17278625,0.56716518,16,24206,24221,24213,0
24237,1511787782743916,17268292,0.54501266,16,24222,24237,24231,0
24253,1511787782792875,17251833,0.51342344,16,24238,24253,24245,0
24269,1511787782855666,17242042,0.57218914,16,24254,24269,24261,0
24285,1511787782900041,17252542,0.56692569,16,24270,24285,24278,0
24301,1511787782958333,17247375,0.51495545,16,24286,24301,24286,0
24317,1511787783010958,17264250,0.57024936,16,24302,24317,24308,0
24333,1511787783070583,17236667,0.53750842,16,24318,24333,24329,0
24349,1511787783113541,17277917,0.59470801,16,24334,24349,24345,0
24365,1511787783178708,17248500,0.56338063,16,24350,24365,24353,0
24381,1511787783219083,17279542,0.50085264,16,24366,24381,24381,0
24397,1511787783271125,17260125,0.57854104,16,24382,24397,24387,0
24413,1511787783331625,17255833,0.54890622,16,24398,24413,24398,0
24429,1511787783377666,17318500,0.54493761,16,24414,24429,24428,0
24445,1511787783425500,17274875,0.55062464,16,24430,24445,24435,0
24461,1511787783475041,17311000,0.59435755,16,24446,24461,24456,0
24477,1511787783531125,17284375,0.62098797,16,24462,24477,24466,0
24493,1511787783580916,17290167,0.59808108,16,24478,24493,24491,0
24509,1511787783633333,17296167,0.54783078,16,24494,24509,24507,0
24525,1511787783688500,17296000,0.53286285,16,24510,24525,24521,0
24541,1511787783739833,17302042,0.53721776,16,24526,24541,24534,0
24557,1511787783796291,17273084,0.51838056,16,24542,24557,24545,0
24573,1511787783849541,17287500,0.58022075,16,24558,24573,24571,0
24589,1511787783906875,17290666,0.57084997,16,24574,24589,24582,0
24605,1511787783951833,17306125,0.52124543,16,24590,24605,24602,0
24621,1511787784005583,17288625,0.62856775,16,24606,24621,24618,0
24637,1511787784058041,17301459,0.58006692,16,24622,24637,24624,0
24653,1511787784112625,17310375,0.61952238,16,24638,24653,24649,0
24669,1511787784162041,17318834,0.52683141,16,24654,24669,24666,0
24685,1511787784215000,17326750,0.52736406,16,24670,24685,24670,0
24701,1511787784267000,17305291,0.51762864,16,24686,24701,24697,0
24717,1511787784318625,17312458,0.53527993,16,24702,24717,24707,0
24733,1511787784373041,17325834,0.57501542,16,24718,24733,24732,0
24749,1511787784432041,17328459,0.61344227,16,24734,24749,24746,0
24765,1511787784488041,17330417,0.59344198,16,24750,24765,24750,0
24781,1511787784555791,17323167,0.54439421,16,24766,24781,24770,0
24797,1511787784603791,17335542,0.5018636,16,24782,24797,24792,0
24813,1511787784660291,17307625,0.51949593,16,24798,24813,24800,0
24829,1511787784711916,17319000,0.54410789,16,24814,24829,24817,0
24845,1511787784759041,17333334,0.52480385,16,24830,24845,24837,0
24861,1511787784812916,17341084,0.56718653,16,24846,24861,24855,0
24877,1511787784871166,17316750,0.59053032,16,24862,24877,24870,0
24893,1511787784919750,17326958,0.54421185,16,24878,24893,24881,0
24909,1511787784989125,17316625,0.54639217,16,24894,24909,24897,0
24925,1511787785034875,17323791,0.59013306,16,24910,24925,24920,0
24941,1511787785082958,17332125,0.55752024,16,24926,24941,24938,0
24957,1511787785139500,17339625,0.52829546,16,24942,24957,24942,0
24973,1511787785198833,17316875,0.55023184,16,24958,24973,24958,0
24989,1511787785247708,17334125,0.54682265,16,24974,24989,24988,0
25005,1511787785298041,17346167,0.53928216,16,24990,25005,24998,0
25021,1511787785351750,17334625,0.54927836,16,25006,25021,25015,0
25037,1511787785399666,17346500,0.53934973,16,25022,25037,25024,0
25053,1511787785461750,17341041,0.5755011,16,25038,25053,25050,0
25069,1511787785522208,17337750,0.58051033,16,25054,25069,25055,0
25085,1511787785579916,17335542,0.55288335,16,25070,25085,25080,0
25101,1511787785651375,17322000,0.59295211,16,25086,25101,25092,0
25117,1511787785708541,17316875,0.6257972,16,25102,25117,25107,0
25133,1511787785758291,17342875,0.57940311,16,25118,25133,25118,0
25149,1511787785825041,17331167,0.55100522,16,25134,25149,25136,0
25165,1511787785869166,17340334,0.53843593,16,25150,25165,25161,0
25181,1511787785918916,17343250,0.59110156,16,25166,25181,25178,0
25197,1511787785966958,17346583,0.61584675,16,25182,25197,25190,0
25213,1511787786019708,17349458,0.57730294,16,25198,25213,25199,0
25229,1511787786085125,17341625,0.64044553,16,25214,25229,25223,0
25245,1511787786135375,17365791,0.61191958,16,25230,25245,25240,0
25261,1511787786196583,17356875,0.57120179,16,25246,25261,25253,0
25277,1511787786245083,17366000,0.55541201,16,25262,25277,25270,0
25293,1511787786300958,17365792,0.54566136,16,25278,25293,25292,0
25309,1511787786355041,17366000,0.57286489,16,25294,25309,25298,0
25325,1511787786414916,17361417,0.53380781,16,25310,25325,25314,0
25341,1511787786465541,17343042,0.56913428,16,25326,25341,25332,0
25357,1511787786515208,17347875,0.58743539,16,25342,25357,25357,0
25373,1511787786577458,17342333,0.53266952,16,25358,25373,25369,0
25389,1511787786629125,17347208,0.53841188,16,25374,25389,25381,0
25405,1511787786688666,17337417,0.59338657,16,25390,25405,25400,0
25421,1511787786754666,17325875,0.56699534,16,25406,25421,25415,0
25437,1511787786807500,17323916,0.5671455,16,25422,25437,25428,0
25453,1511787786855625,17331458,0.52825853,16,25438,25453,25444,0
25469,1511787786907666,17355417,0.59955039,16,25454,25469,25463,0
25485,1511787786959666,17351417,0.58614021,16,25470,25485,25484,0
25501,1511787787009083,17361750,0.62097953,16,25486,25501,25488,0
25517,1511787787054958,17362167,0.55924991,16,25502,25517,25511,0
25533,1511787787112666,17351834,0.51622128,16,25518,25533,25525,0
25549,1511787787166208,17358958,0.54823062,16,25534,25549,25542,0
25565,1511787787228916,17340750,0.57970046,16,25550,25565,25550,0
25581,1511787787276458,17358417,0.57479065,16,25566,25581,25581,0
25597,1511787787330541,17356750,0.56841587,16,25582,25597,25586,0
25613,1511787787385416,17358334,0.57147228,16,25598,25613,25603,0
25629,1511787787453458,17347708,0.53794645,16,25614,25629,25628,0
25645,1511787787496875,17365625,0.57511679,16,25630,25645,25638,0
25661,1511787787544291,17364000,0.61062979,16,25646,25661,25660,0
25677,1511787787595125,17388166,0.59607331,16,25662,25677,25662,0
25693,1511787787644708,17384208,0.54412873,16,25678,25693,25684,0
25709,1511787787701416,17388084,0.56628777,16,25694,25709,25709,0
25725,1511787787755916,17377084,0.53286879,16,25710,25725,25715,0
25741,1511787787806208,17384333,0.59937517,16,25726,25741,25735,0
25757,1511787787844416,17405459,0.55921154,16,25742,25757,25753,0
25773,1511787787906666,17403542,0.56921018,16,25758,25773,25762,0
25789,1511787787970916,17384584,0.53779651,16,25774,25789,25778,0
25805,1511787788030708,17383625,0.53463791,16,25790,25805,25795,0
25821,1511787788090458,17370042,0.55292931,16,25806,25821,25811,0
25837,1511787788155500,17364000,0.5634468,16,25822,25837,25824,0
25853,1511787788206875,17371666,0.5593074,16,25838,25853,25841,0
25869,1511787788262625,17359250,0.55387915,16,25854,25869,25858,0
25885,1511787788317333,17356875,0.53706433,16,25870,25885,25885,0
25901,1511787788359250,17372291,0.60027526,16,25886,25901,25892,0
25917,1511787788415625,17376125,0.50429814,16,25902,25917,25917,0
25933,1511787788468458,17369167,0.53581142,16,25918,25933,25927,0
25949,1511787788517166,17377250,0.56832026,16,25934,25949,25940,0
25965,1511787788573125,17379875,0.53424884,16,25950,25965,25952,0
25981,1511787788618541,17378917,0.5782351,16,25966,25981,25978,0
25997,1511787788672875,17385791,0.59509794,16,25982,25997,25996,0
26013,1511787788732500,17387166,0.60962017,16,25998,26013,26008,0
26029,1511787788789500,17390041,0.56337285,16,26014,26029,26017,0
26045,1511787788837250,17387958,0.52925097,16,26030,26045,26032,0
26061,1511787788899666,17384750,0.52885373,16,26046,26061,26052,0
26077,1511787788932333,17409958,0.54877475,16,26062,26077,26066,0
26093,1511787788990416,17410625,0.54289584,16,26078,26093,26090,0
26109,1511787789041500,17422416,0.55719953,16,26094,26109,26094,0
26125,1511787789094791,17428292,0.57310482,16,26110,26125,26110,0
26141,1511787789138208,17428500,0.52441498,16,26126,26141,26140,0
26157,1511787789186291,17438334,0.60111605,16,26142,26157,26149,0
26173,1511787789249708,17434083,0.55252079,16,26158,26173,26167,0
26189,1511787789292333,17442250,0.53034571,16,26174,26189,26180,0
26205,1511787789347708,17453625,0.56062028,16,26190,26205,26201,0
26221,1511787789401583,17455042,0.56350623,16,26206,26221,26215,0
26237,1511787789449666,17451417,0.58012324,16,26222,26237,26223,0
26253,1511787789510125,17444291,0.5561801,16,26238,26253,26249,0
26269,1511787789553833,17459625,0.58737876,16,26254,26269,26260,0
26285,1511787789604375,17476541,0.59610542,16,26270,26285,26278,0
26301,1511787789654375,17486666,0.60518556,16,26286,26301,26289,0
26317,1511787789715541,17472667,0.53661088,16,26302,26317,26310,0
26333,1511787789769833,17474667,0.51989714,16,26318,26333,26321,0
26349,1511787789821958,17480583,0.61720247,16,26334,26349,26347,0
26365,1511787789869125,17492416,0.60848757,16,26350,26365,26350,0
26381,1511787789920541,17500709,0.59066112,16,26366,26381,26367,0
26397,1511787789976250,17523958,0.61418012,16,26382,26397,26385,0
26413,1511787790027791,17529959,0.59034969,16,26398,26413,26402,0
26429,1511787790093333,17497167,0.51537005,16,26414,26429,26415,0
26445,1511787790150291,17494417,0.53918516,16,26430,26445,26436,0
26461,1511787790201916,17497000,0.559092,16,26446,26461,26452,0
26477,1511787790256416,17494000,0.52520903,16,26462,26477,26468,0
26493,1511787790320291,17486125,0.55320461,16,26478,26493,26493,0
26509,1511787790367708,17493875,0.56485863,16,26494,26509,26502,0
26525,1511787790440625,17478583,0.51192638,16,26510,26525,26524,0
26541,1511787790502208,17475375,0.64102501,16,26526,26541,26538,0
26557,1511787790564500,17466708,0.59234916,16,26542,26557,26553,0
26573,1511787790618291,17483667,0.49931361,16,26558,26573,26560,0
26589,1511787790663000,17453375,0.53997729,16,26574,26589,26583,0
26605,1511787790714458,17475333,0.56877425,16,26590,26605,26601,0
26621,1511787790770625,17474125,0.62871429,16,26606,26621,26617,0
26637,1511787790819208,17478417,0.62939463,16,26622,26637,26623,0
26653,1511787790867000,17484083,0.5159576,16,26638,26653,26639,0
26669,1511787790925750,17488875,0.54462329,16,26654,26669,26656,0
26685,1511787790979125,17467291,0.53974137,16,26670,26685,26683,0
26701,1511787791039833,17483250,0.58075952,16,26686,26701,26698,0
26717,1511787791088166,17466209,0.56024671,16,26702,26717,26704,0
26733,1511787791145875,17461000,0.55650455,16,26718,26733,26725,0
26749,1511787791193791,17467750,0.56943501,16,26734,26749,26746,0
26765,1511787791247291,17470042,0.55569999,16,26750,26765,26759,0
26781,1511787791298625,17473291,0.56816255,16,26766,26781,26772,0
26797,1511787791353708,17487958,0.54021071,16,26782,26797,26788,0
26813,1511787791401166,17471375,0.55787037,16,26798,26813,26801,0
26829,1511787791453000,17493458,0.5460498,16,26814,26829,26825,0
26845,1511787791505291,17474459,0.55214329,16,26830,26845,26834,0
26861,1511787791557208,17474917,0.52144798,16,26846,26861,26861,0
26877,1511787791612250,17474541,0.56746211,16,26862,26877,26876,0
26893,1511787791667208,17473667,0.54663012,16,26878,26893,26891,0
26909,1511787791719333,17471667,0.56953903,16,26894,26909,26903,0
26925,1511787791769166,17482792,0.53583695,16,26910,26925,26918,0
26941,1511787791822000,17498166,0.58298577,16,26926,26941,26939,0
26957,1511787791883458,17494500,0.53039449,16,26942,26957,26946,0
26973,1511787791931041,17501500,0.5483605,16,26958,26973,26971,0
26989,1511787791982583,17485375,0.54717465,16,26974,26989,26989,0
27005,1511787792041958,17501417,0.56267556,16,26990,27005,27000,0
27021,1511787792082833,17512708,0.54315104,16,27006,27021,27017,0
27037,1511787792141250,17509708,0.52778375,16,27022,27037,27022,0
27053,1511787792191916,17514500,0.58867688,16,27038,27053,27041,0
27069,1511787792239333,17518542,0.53175149,16,27054,27069,27054,0
27085,1511787792291083,17520083,0.53543679,16,27070,27085,27085,0
27101,1511787792344458,17523000,0.52505959,16,27086,27101,27086,0
27117,1511787792394875,17526875,0.55949651,16,27102,27117,27116,0
27133,1511787792458125,17495583,0.58561147,16,27118,27133,27128,0
27149,1511787792509458,17499542,0.59691529,16,27134,27149,27134,0
27165,1511787792574250,17488083,0.5294589,16,27150,27165,27151,0
27181,1511787792619958,17496458,0.53716296,16,27166,27181,27166,0
27197,1511787792672250,17505166,0.54548554,16,27182,27197,27195,0
27213,1511787792726291,17507500,0.58864593,16,27198,27213,27212,0
27229,1511787792785875,17509250,0.55837134,16,27214,27229,27222,0
27245,1511787792833375,17511750,0.568873,16,27230,27245,27235,0
27261,1511787792881166,17544667,0.6443855,16,27246,27261,27259,0
27277,1511787792937958,17515000,0.54308141,16,27262,27277,27263,0
27293,1511787793005125,17521708,0.52560231,16,27278,27293,27286,0
27309,1511787793046625,17514458,0.5413174,16,27294,27309,27307,0
27325,1511787793097500,17537375,0.58185283,16,27310,27325,27325,0
27341,1511787793152750,17528583,0.61456471,16,27326,27341,27337,0
27357,1511787793209708,17528208,0.53280734,16,27342,27357,27356,0
27373,1511787793264000,17521791,0.53210435,16,27358,27373,27359,0
27389,1511787793324625,17522000,0.63099761,16,27374,27389,27386,0
27405,1511787793375708,17529417,0.63127731,16,27390,27405,27391,0
27421,1511787793425125,17539041,0.55228879,16,27406,27421,27413,0
27437,1511787793476375,17531375,0.53123324,16,27422,27437,27422,0
27453,1511787793531375,17536541,0.62736115,16,27438,27453,27453,0
27469,1511787793584083,17542292,0.55046388,16,27454,27469,27463,0
27485,1511787793642875,17530583,0.55227076,16,27470,27485,27484,0
27501,1511787793696583,17535792,0.55190096,16,27486,27501,27486,0
27517,1511787793748708,17543625,0.59386051,16,27502,27517,27517,0
27533,1511787793801625,17539666,0.62313035,16,27518,27533,27531,0
27549,1511787793852208,17536125,0.62959909,16,27534,27549,27544,0
27565,1511787793906333,17576208,0.65614144,16,27550,27565,27559,0
27581,1511787793967708,17547500,0.64944319,16,27566,27581,27579,0
27597,1511787794023041,17551959,0.62423057,16,27582,27597,27588,0
27613,1511787794075666,17556125,0.57787262,16,27598,27613,27604,0
27629,1511787794126291,17548709,0.54389937,16,27614,27629,27627,0
27645,1511787794187333,17550167,0.56950947,16,27630,27645,27643,0
27661,1511787794247416,17534959,0.57233901,16,27646,27661,27658,0
27677,1511787794308958,17537875,0.50905566,16,27662,27677,27677,0
27693,1511787794350833,17553417,0.51924519,16,27678,27693,27682,0
27709,1511787794396875,17536916,0.55556206,16,27694,27709,27700,0
27725,1511787794459583,17548083,0.54513705,16,27710,27725,27716,0
27741,1511787794517500,17547250,0.57811413,16,27726,27741,27732,0
27757,1511787794580958,17536708,0.57430119,16,27742,27757,27748,0
27773,1511787794646500,17519666,0.57842803,16,27758,27773,27773,0
27789,1511787794719500,17510291,0.52788447,16,27774,27789,27777,0
27805,1511787794765750,17518666,0.55331754,16,27790,27805,27799,0
27821,1511787794821500,17493833,0.53922147,16,27806,27821,27820,0
27837,1511787794873416,17497417,0.52255357,16,27822,27837,27836,0
27853,1511787794923666,17498625,0.55761318,16,27838,27853,27852,0
27869,1511787794972333,17521208,0.57317288,16,27854,27869,27857,0
27885,1511787795039666,17489417,0.54788768,16,27870,27885,27885,0
27901,1511787795075083,17511917,0.54560194,16,27886,27901,27900,0
27917,1511787795124625,17521000,0.58141042,16,27902,27917,27916,0
27933,1511787795176833,17546542,0.61236989,16,27918,27933,27933,0
27949,1511787795240958,17539542,0.61228287,16,27934,27949,27934,0
27965,1511787795290833,17543792,0.58261488,16,27950,27965,27950,0
27981,1511787795348416,17551709,0.53360253,16,27966,27981,27967,0
27997,1511787795397708,17533000,0.55937586,16,27982,27997,27991,0
28013,1511787795452500,17532708,0.52186159,16,27998,28013,28003,0
28029,1511787795510125,17528166,0.55141055,16,28014,28029,28022,0
28045,1511787795561125,17534958,0.57340682,16,28030,28045,28038,0
28061,1511787795610125,17539375,0.61891241,16,28046,28061,28054,0
28077,1511787795678791,17524167,0.58979303,16,28062,28077,28077,0
28093,1511787795724041,17555917,0.6332931,16,28078,28093,28081,0
28109,1511787795778875,17559833,0.5603137,16,28094,28109,28098,0
28125,1511787795832833,17556333,0.56034708,16,28110,28125,28119,0
28141,1511787795887875,17562833,0.55789955,16,28126,28141,28129,0
28157,1511787795950333,17530792,0.53775262,16,28142,28157,28146,0
28173,1511787795993291,17542917,0.55572376,16,28158,28173,28169,0
28189,1511787796054625,17535416,0.53434954,16,28174,28189,28182,0
28205,1511787796110958,17548667,0.58710934,16,28190,28205,28196,0
28221,1511787796180041,17544542,0.57135933,16,28206,28221,28219,0
28237,1511787796249416,17503250,0.52114858,16,28222,28237,28227,0
28253,1511787796289541,17530042,0.56697718,16,28238,28253,28248,0
28269,1511787796345708,17525167,0.52011019,16,28254,28269,28261,0
28285,1511787796396583,17526458,0.55963799,16,28270,28285,28283,0
28301,1511787796447125,17535375,0.53015402,16,28286,28301,28290,0
28317,1511787796503416,17525750,0.56111597,16,28302,28317,28308,0
28333,1511787796558375,17525916,0.52851177,16,28318,28333,28320,0
28349,1511787796612625,17532833,0.55365111,16,28334,28349,28334,0
28365,1511787796664375,17526833,0.55439683,16,28350,28365,28356,0
28381,1511787796714833,17540000,0.52491944,16,28366,28381,28374,0
28397,1511787796771125,17526458,0.54932466,16,28382,28397,28396,0
28413,1511787796823625,17533625,0.55854157,16,28398,28413,28404,0
28429,1511787796883000,17522583,0.56448561,16,28414,28429,28424,0
28445,1511787796924333,17539750,0.51519062,16,28430,28445,28445,0
28461,1511787796975083,17540833,0.58076314,16,28446,28461,28452,0
28477,1511787797034625,17540750,0.56361146,16,28462,28477,28467,0
28493,1511787797079625,17550291,0.60331849,16,28478,28493,28493,0
28509,1511787797126000,17561916,0.60110359,16,28494,28509,28499,0
28525,1511787797181791,17560209,0.54531636,16,28510,28525,28513,0
28541,1511787797233500,17578916,0.58595564,16,28526,28541,28532,0
28557,1511787797296208,17542167,0.58950032,16,28542,28557,28549,0
28573,1511787797354583,17534917,0.50557711,16,28558,28573,28572,0
28589,1511787797422541,17521417,0.57082369,16,28574,28589,28574,0
28605,1511787797482875,17516375,0.51084019,16,28590,28605,28605,0
28621,1511787797531875,17520708,0.55554557,16,28606,28621,28619,0
28637,1511787797572416,17534834,0.53397295,16,28622,28637,28632,0
28653,1511787797624291,17538250,0.53276287,16,28638,28653,28646,0
28669,1511787797678250,17541750,0.54187148,16,28654,28669,28668,0
28685,1511787797738000,17534416,0.56599068,16,28670,28685,28673,0
28701,1511787797791250,17537333,0.61998326,16,28686,28701,28701,0
28717,1511787797839416,17542292,0.54317677,16,28702,28717,28704,0
28733,1511787797892125,17547333,0.56382688,16,28718,28733,28726,0
28749,1511787797951041,17542167,0.53886339,16,28734,28749,28745,0
28765,1511787798000333,17545750,0.55511696,16,28750,28765,28764,0
28781,1511787798049083,17552250,0.52925799,16,28766,28781,28770,0
28797,1511787798106541,17541500,0.50780452,16,28782,28797,28793,0
28813,1511787798161458,17561125,0.59439807,16,28798,28813,28800,0
28829,1511787798215458,17528375,0.54468602,16,28814,28829,28827,0
28845,1511787798266000,17535625,0.54768724,16,28830,28845,28842,0
28861,1511787798315625,17542125,0.53534041,16,28846,28861,28857,0
28877,1511787798376833,17536583,0.54156212,16,28862,28877,28864,0
28893,1511787798421250,17525666,0.55301691,16,28878,28893,28884,0
28909,1511787798472916,17529792,0.58024571,16,28894,28909,28907,0
28925,1511787798518625,17542708,0.56535529,16,28910,28925,28925,0
28941,1511787798574958,17545458,0.52803429,16,28926,28941,28938,0
28957,1511787798628666,17544792,0.5603174,16,28942,28957,28944,0
28973,1511787798691750,17536625,0.52465828,16,28958,28973,28970,0
28989,1511787798753250,17529666,0.52190015,16,28974,28989,28984,0
29005,1511787798795875,17542875,0.56261683,16,28990,29005,29002,0
29021,1511787798854208,17522875,0.60729303,16,29006,29021,29021,0
29037,1511787798914458,17539208,0.65400459,16,29022,29037,29035,0
29053,1511787798954541,17528834,0.61239768,16,29038,29053,29050,0
29069,1511787799009125,17525166,0.64175703,16,29054,29069,29059,0
29085,1511787799066208,17539708,0.57384664,16,29070,29085,29076,0
29101,1511787799120625,17520416,0.52478295,16,29086,29101,29091,0
29117,1511787799167000,17529250,0.5464635,16,29102,29117,29117,0
29133,1511787799216416,17553209,0.53644094,16,29118,29133,29131,0
29149,1511787799265500,17562166,0.6237523,16,29134,29149,29134,0
29165,1511787799333208,17546708,0.61290691,16,29150,29165,29154,0
29181,1511787799382833,17553458,0.54966871,16,29166,29181,29174,0
29197,1511787799428791,17561750,0.57163329,16,29182,29197,29184,0
29213,1511787799476875,17567166,0.54063805,16,29198,29213,29199,0
29229,1511787799526708,17559042,0.56147454,16,29214,29229,29229,0
29245,1511787799579375,17582416,0.57738091,16,29230,29245,29239,0
29261,1511787799627958,17565542,0.55253902,16,29246,29261,29259,0
29277,1511787799680583,17566208,0.5891788,16,29262,29277,29268,0
29293,1511787799742500,17565125,0.52616471,16,29278,29293,29281,0
29309,1511787799791333,17573208,0.5656863,16,29294,29309,29294,0
29325,1511787799840666,17576959,0.54025468,16,29310,29325,29325,0
29341,1511787799895250,17588125,0.52412742,16,29326,29341,29327,0
29357,1511787799950583,17566458,0.54329691,16,29342,29357,29356,0
29373,1511787800006208,17576167,0.50038281,16,29358,29373,29372,0
29389,1511787800044083,17583750,0.57439143,16,29374,29389,29387,0
29405,1511787800103500,17583208,0.56597285,16,29390,29405,29390,0
29421,1511787800159375,17572541,0.53803112,16,29406,29421,29412,0
29437,1511787800205708,17584917,0.55177366,16,29422,29437,29434,0
29453,1511787800259916,17590625,0.55767609,16,29438,29453,29438,0
29469,1511787800309125,17593291,0.53408112,16,29454,29469,29469,0
29485,1511787800373541,17587917,0.54914334,16,29470,29485,29477,0
29501,1511787800423791,17605750,0.5924986,16,29486,29501,29492,0
29517,1511787800485416,17605167,0.58005678,16,29502,29517,29509,0
29533,1511787800532166,17615500,0.59429185,16,29518,29533,29521,0
29549,1511787800592375,17625708,0.58792729,16,29534,29549,29543,0
29565,1511787800655458,17610333,0.57851024,16,29550,29565,29563,0
29581,1511787800706083,17607083,0.53477771,16,29566,29581,29578,0
29597,1511787800757041,17603042,0.57998015,16,29582,29597,29597,0
29613,1511787800818291,17616167,0.6458288,16,29598,29613,29599,0
29629,1511787800872833,17622917,0.52864114,16,29614,29629,29627,0
29645,1511787800919000,17622250,0.54633106,16,29630,29645,29643,0
29661,1511787800967791,17633834,0.57182251,16,29646,29661,29653,0
29677,1511787801034416,17627917,0.57510418,16,29662,29677,29664,0
29693,1511787801073708,17634500,0.53896633,16,29678,29693,29678,0
29709,1511787801135583,17624625,0.54965288,16,29694,29709,29707,0
29725,1511787801184708,17628917,0.54114678,16,29710,29725,29725,0
29741,1511787801240916,17635084,0.528006,16,29726,29741,29726,0
29757,1511787801300500,17631708,0.59749237,16,29742,29757,29752,0
29773,1511787801369291,17598125,0.55209296,16,29758,29773,29763,0
29789,1511787801430083,17588375,0.51469741,16,29774,29789,29784,0
29805,1511787801475708,17597958,0.54473744,16,29790,29805,29798,0
29821,1511787801521291,17626709,0.5717525,16,29806,29821,29810,0
29837,1511787801574583,17630042,0.56244263,16,29822,29837,29829,0
29853,1511787801635166,17603000,0.53998958,16,29838,29853,29841,0
29869,1511787801689000,17604375,0.53167425,16,29854,29869,29859,0
29885,1511787801748875,17619375,0.55053418,16,29870,29885,29885,0
29901,1511787801819708,17582667,0.55490337,16,29886,29901,29901,0
29917,1511787801868291,17590459,0.54532558,16,29902,29917,29914,0
29933,1511787801921666,17595625,0.51511574,16,29918,29933,29919,0
29949,1511787801973625,17598083,0.55894495,16,29934,29949,29946,0
29965,1511787802030916,17607500,0.57496355,16,29950,29965,29961,0
29981,1511787802082375,17614333,0.53253765,16,29966,29981,29975,0
29997,1511787802139166,17615000,0.5690095,16,29982,29997,29997,0
30013,1511787802191666,17594125,0.50741058,16,29998,30013,30012,0
30029,1511787802255958,17585708,0.57067965,16,30014,30029,30016,0
30045,1511787802301458,17594375,0.56626041,16,30030,30045,30041,0
30061,1511787802361291,17609917,0.597402,16,30046,30061,30061,0
30077,1511787802415708,17609958,0.57175162,16,30062,30077,30067,0
30093,1511787802462666,17622917,0.5119948,16,30078,30093,30088,0
30109,1511787802520541,17593750,0.58074456,16,30094,30109,30104,0
30125,1511787802592708,17577375,0.54006555,16,30110,30125,30118,0
30141,1511787802637583,17588000,0.52250688,16,30126,30141,30137,0
30157,1511787802693458,17587042,0.53883936,16,30142,30157,30154,0
30173,1511787802741291,17596375,0.52709264,16,30158,30173,30168,0
30189,1511787802793583,17576875,0.53578732,16,30174,30189,30188,0
30205,1511787802850625,17573583,0.5326561,16,30190,30205,30195,0
30221,1511787802903166,17574250,0.55415169,16,30206,30221,30213,0
30237,1511787802959666,17595500,0.61188899,16,30222,30237,30235,0
30253,1511787803022666,17591125,0.57538992,16,30238,30253,30239,0
30269,1511787803090750,17579250,0.56579122,16,30254,30269,30256,0
30285,1511787803157041,17568625,0.57581741,16,30270,30285,30279,0
30301,1511787803200083,17580375,0.57109179,16,30286,30301,30298,0
30317,1511787803254500,17562166,0.57015486,16,30302,30317,30310,0
30333,1511787803314375,17558208,0.5804073,16,30318,30333,30323,0
30349,1511787803365791,17558375,0.55114413,16,30334,30349,30339,0
30365,1511787803432208,17551208,0.55058875,16,30350,30365,30355,0
30381,1511787803495750,17522583,0.55033182,16,30366,30381,30381,0
30397,1511787803545500,17548500,0.56689366,16,30382,30397,30387,0
30413,1511787803599166,17548959,0.61390276,16,30398,30413,30409,0
30429,1511787803651750,17552833,0.66563199,16,30414,30429,30416,0
30445,1511787803708500,17550791,0.53455798,16,30430,30445,30434,0
30461,1511787803757583,17554958,0.5409905,16,30446,30461,30446,0
30477,1511787803811000,17536875,0.53771855,16,30462,30477,30473,0
30493,1511787803870208,17527917,0.56632954,16,30478,30493,30487,0
30509,1511787803913708,17535917,0.557219,16,30494,30509,30505,0
30525,1511787803966791,17541417,0.57434036,16,30510,30525,30516,0
30541,1511787804028708,17537958,0.61983034,16,30526,30541,30526,0
30557,1511787804088333,17524500,0.59009621,16,30542,30557,30557,0
30573,1511787804134458,17540000,0.57379567,16,30558,30573,30573,0
30589,1511787804195875,17541125,0.5792702,16,30574,30589,30574,0
30605,1511787804251375,17535708,0.57439668,16,30590,30605,30604,0
30621,1511787804304208,17541500,0.56911911,16,30606,30621,30609,0
30637,1511787804363375,17539000,0.53058356,16,30622,30637,30630,0
30653,1511787804413583,17547625,0.52545481,16,30638,30653,30652,0
30669,1511787804466416,17545834,0.57415249,16,30654,30669,30659,0
30685,1511787804522000,17552500,0.53749767,16,30670,30685,30670,0
30701,1511787804572708,17554125,0.54057865,16,30686,30701,30686,0
30717,1511787804632333,17550333,0.54467316,16,30702,30717,30716,0
30733,1511787804689666,17547500,0.55615882,16,30718,30733,30724,0
30749,1511787804741083,17551208,0.53095122,16,30734,30749,30746,0
30765,1511787804795083,17555875,0.54108261,16,30750,30765,30750,0
30781,1511787804857916,17548125,0.61237411,16,30766,30781,30771,0
30797,1511787804918125,17542833,0.56992634,16,30782,30797,30791,0
30813,1511787804974833,17544125,0.5672362,16,30798,30813,30811,0
30829,1511787805026458,17521250,0.49801944,16,30814,30829,30824,0
30845,1511787805077666,17545167,0.56196228,16,30830,30845,30841,0
30861,1511787805130250,17520666,0.60313285,16,30846,30861,30849,0
30877,1511787805190583,17535708,0.61303204,16,30862,30877,30869,0
30893,1511787805252916,17511459,0.52632409,16,30878,30893,30891,0
30909,1511787805305583,17516292,0.57704997,16,30894,30909,30908,0
30925,1511787805351666,17524625,0.57214955,16,30910,30925,30920,0
30941,1511787805410958,17520083,0.51144003,16,30926,30941,30941,0
30957,1511787805469958,17513042,0.55367976,16,30942,30957,30953,0
30973,1511787805515208,17520542,0.54113111,16,30958,30973,30972,0
30989,1511787805567125,17527750,0.51815878,16,30974,30989,30977,0
31005,1511787805631291,17497959,0.50584566,16,30990,31005,30992,0
31021,1511787805685041,17499125,0.54810112,16,31006,31021,31010,0
31037,1511787805735083,17499792,0.51461907,16,31022,31037,31022,0
31053,1511787805788208,17504042,0.59416986,16,31038,31053,31039,0
31069,1511787805840875,17506000,0.55224503,16,31054,31069,31069,0
31085,1511787805899541,17506209,0.58561543,16,31070,31085,31072,0
31101,1511787805947166,17510167,0.5638381,16,31086,31101,31090,0
31117,1511787806001333,17510750,0.53578447,16,31102,31117,31112,0
31133,1511787806051791,17512584,0.56530657,16,31118,31133,31123,0
31149,1511787806116250,17524000,0.60281846,16,31134,31149,31136,0
31165,1511787806171083,17500708,0.52947083,16,31150,31165,31151,0
31181,1511787806229166,17496750,0.55158691,16,31166,31181,31168,0
31197,1511787806294333,17496375,0.54202036,16,31182,31197,31194,0
31213,1511787806344666,17501792,0.53736155,16,31198,31213,31208,0
31229,1511787806397666,17503584,0.56452339,16,31214,31229,31227,0
31245,1511787806463083,17493083,0.57932688,16,31230,31245,31239,0
31261,1511787806511625,17501791,0.54525518,16,31246,31261,31247,0
31277,1511787806573750,17469583,0.54564081,16,31262,31277,31274,0
31293,1511787806629875,17469416,0.55554064,16,31278,31293,31282,0
31309,1511787806699458,17475542,0.59442221,16,31294,31309,31299,0
31325,1511787806736875,17495583,0.58553226,16,31310,31325,31319,0
31341,1511787806794875,17490208,0.58156202,16,31326,31341,31334,0
31357,1511787806846416,17493417,0.537059,16,31342,31357,31352,0
31373,1511787806905916,17490167,0.58536498,16,31358,31373,31373,0
31389,1511787806954750,17477875,0.56212987,16,31374,31389,31377,0
31405,1511787807011625,17472625,0.51432795,16,31390,31405,31399,0
31421,1511787807073583,17465167,0.54064702,16,31406,31421,31418,0
31437,1511787807134916,17457209,0.53493713,16,31422,31437,31430,0
31453,1511787807190666,17456209,0.5689304,16,31438,31453,31446,0
31469,1511787807244250,17460125,0.50296745,16,31454,31469,31462,0
31485,1511787807309875,17450291,0.55233461,16,31470,31485,31470,0
31501,1511787807363458,17453875,0.52045614,16,31486,31501,31492,0
31517,1511787807419833,17430250,0.56733323,16,31502,31517,31515,0
31533,1511787807481958,17441750,0.5581291,16,31518,31533,31532,0
31549,1511787807553125,17401666,0.53453694,16,31534,31549,31536,0
31565,1511787807593041,17417209,0.54153711,16,31550,31565,31562,0
31581,1511787807647333,17416792,0.56582384,16,31566,31581,31577,0
31597,1511787807707375,17414083,0.57155643,16,31582,31597,31591,0
31613,1511787807753333,17427083,0.54019756,16,31598,31613,31610,0
31629,1511787807809541,17407375,0.56548955,16,31614,31629,31628,0
31645,1511787807857083,17411875,0.50984876,16,31630,31645,31637,0
31661,1511787807914291,17410709,0.52737473,16,31646,31661,31647,0
31677,1511787807971750,17409250,0.56187381,16,31662,31677,31664,0
31693,1511787808021583,17403708,0.59333111,16,31678,31693,31693,0
31709,1511787808070875,17429958,0.59648675,16,31694,31709,31707,0
31725,1511787808122541,17414542,0.51656493,16,31710,31725,31725,0
31741,1511787808179625,17412791,0.55948849,16,31726,31741,31737,0
31757,1511787808242625,17406291,0.55446322,16,31742,31757,31747,0
31773,1511787808298875,17407041,0.55240439,16,31758,31773,31772,0
31789,1511787808346541,17413750,0.58419728,16,31774,31789,31781,0
31805,1511787808402541,17408417,0.57996556,16,31790,31805,31801,0
31821,1511787808450208,17416542,0.5394345,16,31806,31821,31811,0
31837,1511787808516500,17400291,0.5554552,16,31822,31837,31833,0
31853,1511787808560416,17424042,0.549598,16,31838,31853,31846,0
31869,1511787808607750,17406416,0.5436773,16,31854,31869,31866,0
31885,1511787808667041,17401542,0.59384777,16,31870,31885,31879,0
31901,1511787808730916,17393500,0.50516565,16,31886,31901,31901,0
31917,1511787808770958,17409250,0.53523517,16,31902,31917,31909,0
31933,1511787808825333,17410542,0.54436568,16,31918,31933,31929,0
31949,1511787808879916,17387875,0.56500995,16,31934,31949,31941,0
31965,1511787808931166,17389834,0.53727894,16,31950,31965,31953,0
31981,1511787808984250,17392083,0.51014907,16,31966,31981,31980,0
31997,1511787809033583,17396792,0.50337198,16,31982,31997,31984,0
32013,1511787809085583,17396875,0.57447714,16,31998,32013,31999,0
32029,1511787809147083,17391875,0.61146871,16,32014,32029,32020,0
32045,1511787809193708,17399875,0.60819312,16,32030,32045,32043,0
32061,1511787809257583,17394125,0.65585927,16,32046,32061,32050,0
32077,1511787809306500,17405708,0.6250397,16,32062,32077,32063,0
32093,1511787809359416,17410334,0.61548016,16,32078,32093,32082,0
32109,1511787809413166,17434084,0.57310186,16,32094,32109,32107,0
32125,1511787809476041,17404792,0.54996174,16,32110,32125,32110,0
32141,1511787809529083,17427292,0.63461657,16,32126,32141,32128,0
32157,1511787809598583,17394333,0.5417164,16,32142,32157,32142,0
32173,1511787809646708,17419500,0.51112246,16,32158,32173,32173,0
32189,1511787809709458,17383458,0.55252433,16,32174,32189,32174,0
32205,1511787809745291,17420250,0.56335731,16,32190,32205,32197,0
32221,1511787809811583,17388542,0.59796311,16,32206,32221,32220,0
32237,1511787809857583,17400417,0.54661376,16,32222,32237,32229,0
32253,1511787809915666,17397667,0.59699123,16,32238,32253,32249,0
32269,1511787809959916,17427500,0.57202934,16,32254,32269,32264,0
32285,1511787810017083,17427250,0.538529,16,32270,32285,32275,0
32301,1511787810070208,17406125,0.50425967,16,32286,32301,32300,0
32317,1511787810116416,17416000,0.53935821,16,32302,32317,32306,0
32333,1511787810170041,17419542,0.51629629,16,32318,32333,32321,0
32349,1511787810221333,17424042,0.5288169,16,32334,32349,32336,0
32365,1511787810297375,17401458,0.53953293,16,32350,32365,32350,0
32381,1511787810339750,17413541,0.62903046,16,32366,32381,32380,0
32397,1511787810406125,17401333,0.63750405,16,32382,32397,32395,0
32413,1511787810456416,17426250,0.59531442,16,32398,32413,32404,0
32429,1511787810521041,17417209,0.56972588,16,32414,32429,32421,0
32445,1511787810569041,17398500,0.50996894,16,32430,32445,32441,0
32461,1511787810619708,17403125,0.53425397,16,32446,32461,32454,0
32477,1511787810683041,17396334,0.53008095,16,32462,32477,32472,0
32493,1511787810732166,17405125,0.54946415,16,32478,32493,32482,0
32509,1511787810787708,17404625,0.53743661,16,32494,32509,32500,0
32525,1511787810840916,17404542,0.52733935,16,32510,32525,32525,0
32541,1511787810900333,17429250,0.50363063,16,32526,32541,32535,0
32557,1511787810963833,17369542,0.54587284,16,32542,32557,32544,0
32573,1511787811007833,17379458,0.53913104,16,32558,32573,32573,0
32589,1511787811061375,17377333,0.5146194,16,32574,32589,32585,0
32605,1511787811117333,17387125,0.51473411,16,32590,32605,32601,0
32621,1511787811172750,17390333,0.53684395,16,32606,32621,32618,0
32637,1511787811229875,17368500,0.57995222,16,32622,32637,32635,0
32653,1511787811284166,17370792,0.58455642,16,32638,32653,32649,0
32669,1511787811332125,17381291,0.52392466,16,32654,32669,32668,0
32685,1511787811380250,17387541,0.54828007,16,32670,32685,32670,0
32701,1511787811445916,17372959,0.65071636,16,32686,32701,32698,0
32717,1511787811506833,17388542,0.63831303,16,32702,32717,32704,0
32733,1511787811572958,17376458,0.58074675,16,32718,32733,32723,0
32749,1511787811627000,17397250,0.60724357,16,32734,32749,32742,0
32765,1511787811687375,17392541,0.54423199,16,32750,32765,32757,0
32781,1511787811735541,17399292,0.55940357,16,32766,32781,32768,0
32797,1511787811787666,17381250,0.54263696,16,32782,32797,32783,0
32813,1511787811842708,17380125,0.52002314,16,32798,32813,32805,0
32829,1511787811888083,17385583,0.53226947,16,32814,32829,32815,0
32845,1511787811936291,17392709,0.53142124,16,32830,32845,32833,0
32861,1511787811995041,17391292,0.58279463,16,32846,32861,32847,0
32877,1511787812054916,17387792,0.50498826,16,32862,32877,32877,0
32893,1511787812118666,17380542,0.59603534,16,32878,32893,32882,0
32909,1511787812163833,17366417,0.59208117,16,32894,32909,32907,0
32925,1511787812215125,17388666,0.57644288,16,32910,32925,32922,0
32941,1511787812275000,17362125,0.58618522,16,32926,32941,32934,0
32957,1511787812320375,17367625,0.53664103,16,32942,32957,32951,0
32973,1511787812381833,17359208,0.52638626,16,32958,32973,32967,0
32989,1511787812429833,17372750,0.58498712,16,32974,32989,32986,0
33005,1511787812476208,17383708,0.52163752,16,32990,33005,32999,0
33021,1511787812529000,17384833,0.51488863,16,33006,33021,33009,0
33037,1511787812583208,17383917,0.57215342,16,33022,33037,33034,0
33053,1511787812643875,17358958,0.52473283,16,33038,33053,33038,0
33069,1511787812711208,17346375,0.50572114,16,33054,33069,33066,0
33085,1511787812770916,17341209,0.51493687,16,33070,33085,33080,0
33101,1511787812824958,17339167,0.54463705,16,33086,33101,33100,0
33117,1511787812887750,17333500,0.56482557,16,33102,33117,33103,0
33133,1511787812936500,17342791,0.52609211,16,33118,33133,33125,0
33149,1511787812991125,17342958,0.56132421,16,33134,33149,33144,0
33165,1511787813039416,17329625,0.58550091,16,33150,33165,33161,0
33181,1511787813103375,17339708,0.61297029,16,33166,33181,33178,0
33197,1511787813149875,17347875,0.53326389,16,33182,33197,33188,0
33213,1511787813206708,17350250,0.49862489,16,33198,33213,33202,0
33229,1511787813270875,17318958,0.58567399,16,33214,33229,33219,0
33245,1511787813328500,17314625,0.54996422,16,33230,33245,33233,0
33261,1511787813381666,17335250,0.57388422,16,33246,33261,33251,0
33277,1511787813435416,17311667,0.55002622,16,33262,33277,33269,0
33293,1511787813487291,17313917,0.51822478,16,33278,33293,33285,0
33309,1511787813537458,17317292,0.53505633,16,33294,33309,33309,0
33325,1511787813591958,17320875,0.62639294,16,33310,33325,33314,0
33341,1511787813659666,17302792,0.58332816,16,33326,33341,33338,0
33357,1511787813723916,17297625,0.6146565,16,33342,33357,33353,0
33373,1511787813757791,17318209,0.50969791,16,33358,33373,33360,0
33389,1511787813807416,17322167,0.59379914,16,33374,33389,33374,0
33405,1511787813873916,17313334,0.51144001,16,33390,33405,33400,0
33421,1511787813920333,17319625,0.52884411,16,33406,33421,33415,0
33437,1511787813973000,17326166,0.55112565,16,33422,33437,33428,0
33453,1511787814025000,17329166,0.59937858,16,33438,33453,33439,0
33469,1511787814081791,17327875,0.52727026,16,33454,33469,33469,0
33485,1511787814146833,17296250,0.52101434,16,33470,33485,33475,0
33501,1511787814190708,17309625,0.55387606,16,33486,33501,33487,0
33517,1511787814242333,17313583,0.59782306,16,33502,33517,33502,0
33533,1511787814301333,17333333,0.5670948,16,33518,33533,33531,0
33549,1511787814353625,17312375,0.56000578,16,33534,33549,33536,0
33565,1511787814408041,17312667,0.54452378,16,33550,33565,33551,0
33581,1511787814471041,17305417,0.530274,16,33566,33581,33574,0
33597,1511787814510083,17324250,0.56564365,16,33582,33597,33583,0
33613,1511787814570875,17318583,0.5261617,16,33598,33613,33607,0
33629,1511787814630375,17292083,0.55151189,16,33614,33629,33614,0
33645,1511787814678625,17299000,0.61854913,16,33630,33645,33631,0
33661,1511787814737125,17293958,0.53945721,16,33646,33661,33651,0
33677,1511787814795958,17287208,0.55411125,16,33662,33677,33663,0
33693,1511787814841708,17295792,0.5145805,16,33678,33693,33682,0
33709,1511787814891833,17299208,0.57338909,16,33694,33709,33702,0
33725,1511787814950541,17298834,0.51985807,16,33710,33725,33712,0
33741,1511787815003708,17275833,0.59182307,16,33726,33741,33733,0
33757,1511787815053500,17300333,0.5829492,16,33742,33757,33748,0
33773,1511787815102500,17306208,0.55603657,16,33758,33773,33765,0
33789,1511787815164000,17296458,0.53827992,16,33774,33789,33775,0
33805,1511787815227416,17265125,0.54589018,16,33790,33805,33790,0
33821,1511787815262958,17282542,0.50238383,16,33806,33821,33812,0
33837,1511787815318875,17280083,0.54561941,16,33822,33837,33834,0
33853,1511787815382958,17273042,0.58970746,16,33838,33853,33840,0
33869,1511787815427125,17284083,0.51398834,16,33854,33869,33856,0
33885,1511787815482166,17283125,0.54947793,16,33870,33885,33885,0
33901,1511787815549375,17273333,0.59637254,16,33886,33901,33899,0
33917,1511787815596000,17280208,0.5163209,16,33902,33917,33903,0
33933,1511787815639500,17290333,0.52304676,16,33918,33933,33927,0
33949,1511787815698083,17288792,0.54724529,16,33934,33949,33949,0
33965,1511787815747125,17269458,0.53518484,16,33950,33965,33954,0
33981,1511787815797375,17294166,0.56845352,16,33966,33981,33978,0
33997,1511787815853583,17296000,0.6080745,16,33982,33997,33995,0
34013,1511787815903333,17301833,0.5739553,16,33998,34013,34001,0
34029,1511787815949625,17302000,0.5058229,16,34014,34029,34028,0
34045,1511787816010083,17302750,0.53396321,16,34030,34045,34031,0
34061,1511787816055916,17313250,0.52425077,16,34046,34061,34052,0
34077,1511787816116750,17286750,0.50449635,16,34062,34077,34070,0
34093,1511787816163833,17295417,0.55353472,16,34078,34093,34088,0
34109,1511787816217625,17305541,0.54651362,16,34094,34109,34100,0
34125,1511787816278375,17302708,0.58064047,16,34110,34125,34120,0
34141,1511787816322666,17316250,0.59344145,16,34126,34141,34126,0
34157,1511787816377083,17317042,0.56069204,16,34142,34157,34152,0
34173,1511787816434666,17297334,0.55075756,16,34158,34173,34171,0
34189,1511787816486291,17311834,0.54750577,16,34174,34189,34182,0
34205,1511787816543083,17313042,0.63534921,16,34190,34205,34202,0
34221,1511787816596083,17340208,0.59693773,16,34206,34221,34218,0
34237,1511787816646958,17348583,0.55070881,16,34222,34237,34233,0
34253,1511787816699583,17351042,0.60754672,16,34238,34253,34251,0
34269,1511787816758291,17349250,0.51543655,16,34254,34269,34266,0
34285,1511787816822000,17316791,0.52563501,16,34270,34285,34285,0
34301,1511787816876458,17335250,0.55106283,16,34286,34301,34294,0
34317,1511787816932000,17309833,0.58564609,16,34302,34317,34313,0
34333,1511787816985041,17311667,0.53058993,16,34318,34333,34321,0
34349,1511787817044000,17309791,0.56269777,16,34334,34349,34345,0
34365,1511787817087125,17321208,0.61000586,16,34350,34365,34365,0
34381,1511787817140416,17322375,0.57588321,16,34366,34381,34374,0
34397,1511787817196375,17339875,0.57711686,16,34382,34397,34382,0
34413,1511787817255125,17311583,0.48724846,16,34398,34413,34411,0
34429,1511787817298875,17340458,0.54890034,16,34414,34429,34426,0
34445,1511787817356125,17335833,0.56970947,16,34430,34445,34435,0
34461,1511787817410833,17340208,0.59496119,16,34446,34461,34459,0
34477,1511787817461125,17350458,0.57176949,16,34462,34477,34468,0
34493,1511787817516250,17350041,0.54181251,16,34478,34493,34478,0
34509,1511787817573791,17322625,0.55743637,16,34494,34509,34496,0
34525,1511787817622875,17322916,0.50740126,16,34510,34525,34518,0
34541,1511787817681458,17314625,0.58071506,16,34526,34541,34539,0
34557,1511787817727000,17324125,0.59066403,16,34542,34557,34553,0
34573,1511787817784375,17318291,0.54455996,16,34558,34573,34564,0
34589,1511787817861416,17296292,0.54641533,16,34574,34589,34589,0
34605,1511787817907333,17305208,0.52962296,16,34590,34605,34605,0
34621,1511787817959625,17306958,0.55116651,16,34606,34621,34621,0
34637,1511787818020000,17303500,0.57919463,16,34622,34637,34637,0
34653,1511787818085916,17293834,0.59199943,16,34638,34653,34650,0
34669,1511787818142875,17290833,0.50885126,16,34654,34669,34664,0
34685,1511787818201625,17261833,0.51281583,16,34670,34685,34676,0
34701,1511787818263083,17273042,0.56148197,16,34686,34701,34697,0
34717,1511787818308166,17282959,0.58953778,16,34702,34717,34711,0
34733,1511787818367000,17279916,0.52572486,16,34718,34733,34732,0
34749,1511787818429583,17246875,0.53314103,16,34734,34749,34736,0
34765,1511787818490958,17239958,0.52666274,16,34750,34765,34752,0
34781,1511787818541083,17260042,0.53748389,16,34766,34781,34772,0
34797,1511787818602333,17222042,0.53583701,16,34782,34797,34782,0
34813,1511787818657708,17219875,0.53527824,16,34798,34813,34802,0
34829,1511787818710250,17222083,0.51397423,16,34814,34829,34828,0
34845,1511787818770000,17214666,0.50912542,16,34830,34845,34836,0
34861,1511787818811833,17208208,0.50649733,16,34846,34861,34855,0
34877,1511787818869791,17221250,0.54776467,16,34862,34877,34871,0
34893,1511787818919916,17225959,0.6042729,16,34878,34893,34880,0
34909,1511787818974250,17229000,0.56421281,16,34894,34909,34903,0
34925,1511787819021583,17237625,0.62598071,16,34910,34925,34911,0
34941,1511787819076416,17215959,0.54157683,16,34926,34941,34926,0
34957,1511787819133458,17210875,0.53470409,16,34942,34957,34949,0
34973,1511787819192833,17205708,0.56685129,16,34958,34973,34966,0
34989,1511787819242958,17209333,0.55723387,16,34974,34989,34978,0
35005,1511787819294500,17219208,0.51554486,16,34990,35005,34991,0
35021,1511787819351750,17192208,0.55887157,16,35006,35021,35011,0
35037,1511787819405625,17194875,0.55375739,16,35022,35037,35037,0
35053,1511787819458791,17197459,0.52108648,16,35038,35053,35053,0
35069,1511787819511291,17197500,0.60876253,16,35054,35069,35063,0
35085,1511787819566583,17196458,0.52633862,16,35070,35085,35085,0
35101,1511787819622291,17197709,0.49386124,16,35086,35101,35090,0
35117,1511787819678000,17200875,0.58793553,16,35102,35117,35106,0
35133,1511787819741916,17191625,0.55847865,16,35118,35133,35133,0
35149,1511787819787250,17178291,0.59131907,16,35134,35149,35141,0
35165,1511787819852375,17165166,0.54638954,16,35150,35165,35162,0
35181,1511787819898458,17176333,0.60470107,16,35166,35181,35172,0
35197,1511787819958791,17175250,0.552334,16,35182,35197,35194,0
35213,1511787820027916,17162959,0.56256785,16,35198,35213,35206,0
35229,1511787820063333,17179542,0.55037585,16,35214,35229,35227,0
35245,1511787820116416,17159667,0.56149351,16,35230,35245,35233,0
35261,1511787820170250,17161000,0.55951144,16,35246,35261,35247,0
35277,1511787820221250,17166750,0.55887968,16,35262,35277,35269,0
35293,1511787820269791,17171209,0.54540874,16,35278,35293,35282,0
35309,1511787820328041,17143750,0.51590432,16,35294,35309,35294,0
35325,1511787820375125,17167541,0.62042115,16,35310,35325,35310,0
35341,1511787820427583,17167333,0.51653402,16,35326,35341,35338,0
35357,1511787820484333,17143250,0.56976956,16,35342,35357,35347,0
35373,1511787820553291,17126959,0.56702512,16,35358,35373,35358,0
35389,1511787820600708,17170125,0.6007891,16,35374,35389,35384,0
35405,1511787820665291,17119625,0.52573349,16,35390,35405,35393,0
35421,1511787820713166,17122459,0.53046695,16,35406,35421,35406,0
35437,1511787820763791,17124542,0.57382632,16,35422,35437,35429,0
35453,1511787820819041,17121334,0.53396807,16,35438,35453,35448,0
35469,1511787820874541,17119292,0.51400162,16,35454,35469,35469,0
35485,1511787820919875,17128333,0.53846425,16,35470,35485,35479,0
35501,1511787820971166,17112834,0.58163872,16,35486,35501,35498,0
35517,1511787821021666,17117459,0.57367522,16,35502,35517,35508,0
35533,1511787821084041,17111167,0.58537973,16,35518,35533,35521,0
35549,1511787821135750,17108916,0.58471539,16,35534,35549,35539,0
35565,1511787821199791,17110292,0.54007783,16,35550,35565,35559,0
35581,1511787821249625,17116208,0.51881106,16,35566,35581,35566,0
35597,1511787821300125,17105125,0.52246928,16,35582,35597,35589,0
35613,1511787821351041,17116250,0.53875748,16,35598,35613,35613,0
35629,1511787821400375,17090875,0.54466283,16,35614,35629,35623,0
35645,1511787821453666,17089959,0.51640065,16,35630,35645,35643,0
35661,1511787821509916,17105459,0.5626865,16,35646,35661,35656,0
35677,1511787821560625,17080375,0.52258694,16,35662,35677,35673,0
35693,1511787821616791,17080292,0.60044824,16,35678,35693,35687,0
35709,1511787821668625,17085500,0.54134157,16,35694,35709,35704,0
35725,1511787821732166,17078709,0.52577427,16,35710,35725,35710,0
35741,1511787821788916,17051209,0.52802448,16,35726,35741,35727,0
35757,1511787821848375,17046791,0.53330778,16,35742,35757,35757,0
35773,1511787821897041,17050750,0.51371634,16,35758,35773,35764,0
35789,1511787821954958,17046750,0.56629969,16,35774,35789,35778,0
35805,1511787822019833,17040542,0.52501245,16,35790,35805,35791,0
35821,1511787822061958,17053125,0.58218075,16,35806,35821,35821,0
35837,1511787822127500,17015791,0.53717346,16,35822,35837,35835,0
35853,1511787822183625,17034958,0.5576572,16,35838,35853,35853,0
35869,1511787822231041,17031917,0.56084373,16,35854,35869,35856,0
35885,1511787822283125,17031625,0.59258867,16,35870,35885,35872,0
35901,1511787822338458,17028167,0.56507205,16,35886,35901,35886,0
35917,1511787822408666,17022167,0.60120333,16,35902,35917,35916,0
35933,1511787822451791,17039292,0.5845579,16,35918,35933,35922,0
35949,1511787822509541,17027750,0.57117432,16,35934,35949,35937,0
35965,1511787822554458,17040292,0.5501653,16,35950,35965,35954,0
35981,1511787822604500,17036041,0.56846904,16,35966,35981,35977,0
35997,1511787822653750,17044791,0.56408656,16,35982,35997,35982,0
36013,1511787822715791,17043750,0.53822755,16,35998,36013,35998,0
36029,1511787822768250,17034750,0.61035425,16,36014,36029,36028,0
36045,1511787822833083,17031208,0.62258164,16,36030,36045,36031,0
36061,1511787822879666,17042959,0.53777158,16,36046,36061,36051,0
36077,1511787822932000,17053541,0.61297619,16,36062,36077,36066,0
36093,1511787822980416,17050709,0.59399397,16,36078,36093,36084,0
36109,1511787823030291,17057792,0.51304315,16,36094,36109,36106,0
36125,1511787823080166,17053000,0.53100464,16,36110,36125,36113,0
36141,1511787823131083,17063333,0.60772491,16,36126,36141,36139,0
36157,1511787823192291,17045375,0.55402433,16,36142,36157,36153,0
36173,1511787823237125,17060625,0.60078513,16,36158,36173,36172,0
36189,1511787823296083,17062875,0.61672773,16,36174,36189,36177,0
36205,1511787823344625,17074375,0.61138218,16,36190,36205,36198,0
36221,1511787823406416,17068584,0.56895988,16,36206,36221,36218,0
36237,1511787823465791,17065375,0.56601247,16,36222,36237,36237,0
36253,1511787823526041,17058167,0.54213781,16,36238,36253,36244,0
36269,1511787823569958,17072917,0.58432819,16,36254,36269,36258,0
36285,1511787823630750,17070541,0.58956175,16,36270,36285,36271,0
36301,1511787823676458,17053917,0.56546154,16,36286,36301,36300,0
36317,1511787823725541,17060125,0.57535422,16,36302,36317,36316,0
36333,1511787823783916,17060042,0.5485546,16,36318,36333,36329,0
36349,1511787823835583,17042708,0.54515599,16,36334,36349,36342,0
36365,1511787823891125,17042458,0.5847231,16,36350,36365,36356,0
36381,1511787823945750,17044416,0.54671838,16,36366,36381,36369,0
36397,1511787824001416,17043500,0.48166222,16,36382,36397,36382,0
36413,1511787824048375,17049166,0.5411513,16,36398,36413,36411,0
36429,1511787824103583,17023792,0.54738662,16,36414,36429,36421,0
36445,1511787824166875,17030625,0.57864474,16,36430,36445,36430,0
36461,1511787824216375,17037125,0.55189343,16,36446,36461,36455,0
36477,1511787824270125,17019041,0.59365453,16,36462,36477,36474,0
36493,1511787824325541,17042500,0.63793373,16,36478,36493,36484,0
36509,1511787824376875,17048791,0.55406005,16,36494,36509,36499,0
36525,1511787824436291,17018459,0.53757315,16,36510,36525,36514,0
36541,1511787824488166,17021875,0.5480557,16,36526,36541,36527,0
36557,1511787824539250,17025916,0.56634498,16,36542,36557,36552,0
36573,1511787824595000,17025000,0.54472954,16,36558,36573,36559,0
36589,1511787824652291,17021500,0.5606764,16,36574,36589,36574,0
36605,1511787824701208,17027125,0.54902995,16,36590,36605,36593,0
36621,1511787824766458,17016375,0.585734,16,36606,36621,36615,0
36637,1511787824801666,17037375,0.572412,16,36622,36637,36637,0
36653,1511787824853833,17039917,0.63242657,16,36638,36653,36650,0
36669,1511787824913625,17057000,0.62293041,16,36654,36669,36655,0
36685,1511787824961708,17061792,0.60127726,16,36670,36685,36678,0
36701,1511787825011833,17051125,0.55041468,16,36686,36701,36696,0
36717,1511787825071583,17061208,0.54156987,16,36702,36717,36713,0
36733,1511787825110916,17077500,0.52049285,16,36718,36733,36719,0
36749,1511787825174041,17044042,0.51556786,16,36734,36749,36737,0
36765,1511787825216625,17057208,0.57407972,16,36750,36765,36765,0
36781,1511787825271250,17057125,0.54733034,16,36766,36781,36778,0
36797,1511787825332875,17053916,0.52120196,16,36782,36797,36787,0
36813,1511787825375208,17064458,0.65676825,16,36798,36813,36807,0
36829,1511787825429625,17044166,0.54422959,16,36814,36829,36820,0
36845,1511787825495875,17031083,0.52823612,16,36830,36845,36840,0
36861,1511787825545583,17038000,0.54872742,16,36846,36861,36857,0
36877,1511787825593875,17042375,0.51648463,16,36862,36877,36869,0
36893,1511787825648000,17029125,0.52570568,16,36878,36893,36889,0
36909,1511787825712958,17020792,0.53582835,16,36894,36909,36895,0
36925,1511787825755958,17036583,0.55275321,16,36910,36925,36922,0
36941,1511787825806458,17039125,0.58900255,16,36926,36941,36941,0
36957,1511787825865541,17035959,0.52713724,16,36942,36957,36946,0
36973,1511787825915500,17015833,0.48130672,16,36958,36973,36971,0
36989,1511787825965625,17020041,0.57465641,16,36974,36989,36975,0
37005,1511787826017041,17034542,0.53847195,16,36990,37005,36996,0
37021,1511787826069000,17013166,0.50620845,16,37006,37021,37008,0
37037,1511787826114166,17021709,0.53848103,16,37022,37037,37035,0
37053,1511787826169750,17017333,0.50805322,16,37038,37053,37040,0
37069,1511787826219833,17024375,0.56729486,16,37054,37069,37057,0
37085,1511787826274125,17025000,0.53906667,16,37070,37085,37081,0
37101,1511787826328416,17002417,0.55071669,16,37086,37101,37092,0
37117,1511787826374916,17029500,0.59189767,16,37102,37117,37104,0
37133,1511787826430625,17032333,0.58135747,16,37118,37133,37123,0
37149,1511787826474791,17044125,0.65068601,16,37134,37149,37136,0
37165,1511787826539041,17034500,0.56221615,16,37150,37165,37157,0
37181,1511787826589125,17041833,0.51048805,16,37166,37181,37179,0
37197,1511787826644166,17019750,0.56233532,16,37182,37197,37186,0
37213,1511787826712375,17028125,0.61261523,16,37198,37213,37203,0
37229,1511787826773375,17023541,0.55828414,16,37214,37229,37221,0
37245,1511787826835166,16994292,0.53755287,16,37230,37245,37244,0
37261,1511787826887750,17021833,0.61783429,16,37246,37261,37251,0
37277,1511787826944541,17019834,0.52238162,16,37262,37277,37272,0
37293,1511787826992208,16997750,0.51183837,16,37278,37293,37291,0
37309,1511787827047083,17016625,0.54345782,16,37294,37309,37306,0
37325,1511787827097541,17020334,0.55800998,16,37310,37325,37324,0
37341,1511787827153458,17000833,0.60065808,16,37326,37341,37334,0
37357,1511787827207208,16999417,0.56762691,16,37342,37357,37356,0
37373,1511787827262666,16997334,0.65469798,16,37358,37373,37363,0
37389,1511787827316041,16998959,0.62768649,16,37374,37389,37375,0
37405,1511787827395166,16975417,0.55632575,16,37390,37405,37390,0
37421,1511787827434125,16989791,0.57437199,16,37406,37421,37410,0
37437,1511787827475916,17002500,0.54329288,16,37422,37437,37425,0
37453,1511787827537791,16998250,0.55787986,16,37438,37453,37441,0
37469,1511787827589875,16977208,0.54204168,16,37454,37469,37457,0
37485,1511787827641625,16977250,0.53716049,16,37470,37485,37471,0
37501,1511787827705125,16965291,0.53581957,16,37486,37501,37499,0
37517,1511787827753791,16966834,0.57213694,16,37502,37517,37509,0
37533,1511787827812458,16978875,0.63176897,16,37518,37533,37523,0
37549,1511787827873458,16976417,0.50953076,16,37534,37549,37542,0
37565,1511787827933333,16968833,0.55334006,16,37550,37565,37562,0
37581,1511787827974416,16980292,0.563362,16,37566,37581,37579,0
37597,1511787828023166,16961917,0.54387458,16,37582,37597,37590,0
37613,1511787828082250,16955958,0.51924165,16,37598,37613,37601,0
37629,1511787828132000,16954333,0.53156148,16,37614,37629,37627,0
37645,1511787828187958,16966083,0.55779443,16,37630,37645,37636,0
37661,1511787828231333,16963417,0.55333185,16,37646,37661,37658,0
37677,1511787828279875,16972666,0.50659983,16,37662,37677,37671,0
37693,1511787828334125,16960750,0.54150335,16,37678,37693,37686,0
37709,1511787828395750,16956333,0.59559219,16,37694,37709,37708,0
37725,1511787828442833,16963208,0.60124857,16,37710,37725,37715,0
37741,1511787828492750,16964916,0.54905253,16,37726,37741,37739,0
37757,1511787828550125,16961791,0.58488556,16,37742,37757,37756,0
37773,1511787828597750,16965416,0.59411116,16,37758,37773,37762,0
37789,1511787828660333,16960917,0.52213163,16,37774,37789,37778,0
37805,1511787828709291,16964834,0.52094551,16,37790,37805,37799,0
37821,1511787828775708,16952917,0.54631399,16,37806,37821,37817,0
37837,1511787828822791,16958917,0.54567658,16,37822,37837,37836,0
37853,1511787828898083,16915583,0.61766377,16,37838,37853,37852,0
37869,1511787828960416,16926459,0.56976101,16,37854,37869,37868,0
37885,1511787829011916,16909125,0.57087313,16,37870,37885,37872,0
37901,1511787829075875,16899541,0.52841828,16,37886,37901,37901,0
37917,1511787829124333,16901917,0.56182659,16,37902,37917,37904,0
37933,1511787829176541,16894417,0.59563738,16,37918,37933,37928,0
37949,1511787829229875,16898708,0.58184082,16,37934,37949,37942,0
37965,1511787829272416,16910334,0.57381936,16,37950,37965,37953,0
37981,1511787829326958,16910500,0.58513977,16,37966,37981,37967,0
37997,1511787829378291,16910292,0.55921419,16,37982,37997,37983,0
38013,1511787829432083,16914875,0.57853972,16,37998,38013,38011,0
38029,1511787829482208,16895625,0.54265772,16,38014,38029,38019,0
38045,1511787829534958,16913333,0.55327174,16,38030,38045,38033,0
38061,1511787829593583,16886625,0.54073376,16,38046,38061,38053,0
38077,1511787829637291,16895542,0.56093537,16,38062,38077,38076,0
38093,1511787829694083,16890417,0.52979502,16,38078,38093,38093,0
38109,1511787829745666,16892917,0.57344926,16,38094,38109,38108,0
38125,1511787829804958,16889083,0.58947195,16,38110,38125,38115,0
38141,1511787829852250,16898416,0.54687866,16,38126,38141,38134,0
38157,1511787829904333,16910667,0.57440844,16,38142,38157,38151,0
38173,1511787829967666,16879667,0.54026559,16,38158,38173,38167,0
38189,1511787830007041,16900917,0.59642016,16,38174,38189,38174,0
38205,1511787830057541,16907084,0.56254904,16,38190,38205,38192,0
38221,1511787830117416,16879084,0.50792897,16,38206,38221,38213,0
38237,1511787830160416,16891792,0.54811619,16,38222,38237,38230,0
38253,1511787830215041,16887042,0.51374011,16,38238,38253,38247,0
38269,1511787830268333,16893042,0.55054772,16,38254,38269,38258,0
38285,1511787830321916,16897834,0.57729825,16,38270,38285,38275,0
38301,1511787830376333,16873875,0.58326041,16,38286,38301,38300,0
38317,1511787830433500,16867750,0.50460265,16,38302,38317,38315,0
38333,1511787830493791,16862125,0.53749125,16,38318,38333,38323,0
38349,1511787830541333,16870792,0.53979944,16,38334,38349,38343,0
38365,1511787830590000,16877291,0.54341009,16,38350,38365,38365,0
38381,1511787830645916,16850292,0.51678764,16,38366,38381,38371,0
38397,1511787830711875,16856458,0.53529766,16,38382,38397,38395,0
38413,1511787830749708,16845917,0.52956182,16,38398,38413,38402,0
38429,1511787830798083,16850792,0.52658922,16,38414,38429,38427,0
38445,1511787830855208,16850583,0.54707652,16,38430,38445,38440,0
38461,1511787830915125,16844833,0.59249444,16,38446,38461,38446,0
38477,1511787830965458,16853750,0.52496027,16,38462,38477,38474,0
38493,1511787831020291,16832417,0.51673215,16,38478,38493,38479,0
38509,1511787831071250,16884875,0.58737913,16,38494,38509,38506,0
38525,1511787831136583,16830917,0.55295697,16,38510,38525,38512,0
38541,1511787831172375,16873500,0.66309834,16,38526,38541,38535,0
38557,1511787831243208,16861292,0.55103773,16,38542,38557,38542,0
38573,1511787831284583,16847042,0.5604911,16,38558,38573,38568,0
38589,1511787831349208,16833125,0.53880401,16,38574,38589,38582,0
38605,1511787831400291,16837250,0.5039074,16,38590,38605,38600,0
38621,1511787831448541,16841292,0.53884561,16,38606,38621,38613,0
38637,1511787831507416,16821500,0.54425281,16,38622,38637,38631,0
38653,1511787831556250,16836041,0.54286726,16,38638,38653,38641,0
38669,1511787831609958,16827542,0.50272471,16,38654,38669,38658,0
38685,1511787831665958,16819125,0.52727841,16,38670,38685,38682,0
38701,1511787831723000,16808291,0.53135632,16,38686,38701,38695,0
38717,1511787831774375,16815041,0.5616725,16,38702,38717,38716,0
38733,1511787831821958,16831833,0.53655148,16,38718,38733,38727,0
38749,1511787831870958,16826833,0.56907406,16,38734,38749,38736,0
38765,1511787831928583,16814500,0.55140169,16,38750,38765,38751,0
38781,1511787831985041,16809709,0.51335104,16,38766,38781,38779,0
38797,1511787832031916,16809459,0.56674331,16,38782,38797,38785,0
38813,1511787832078333,16823250,0.5408825,16,38798,38813,38800,0
38829,1511787832128208,16832042,0.60801205,16,38814,38829,38821,0
38845,1511787832188333,16821500,0.61057383,16,38830,38845,38830,0
38861,1511787832230500,16842041,0.58211422,16,38846,38861,38849,0
38877,1511787832284416,16841167,0.56232991,16,38862,38877,38865,0
38893,1511787832347541,16836834,0.53340163,16,38878,38893,38882,0
38909,1511787832390958,16827333,0.57387197,16,38894,38909,38899,0
38925,1511787832443833,16827000,0.50409879,16,38910,38925,38920,0
38941,1511787832494916,16831625,0.59880173,16,38926,38941,38927,0
38957,1511787832545500,16836291,0.51893122,16,38942,38957,38948,0
38973,1511787832604375,16834833,0.55796148,16,38958,38973,38966,0
38989,1511787832654791,16820584,0.55365812,16,38974,38989,38981,0
39005,1511787832706666,16823959,0.50969943,16,38990,39005,38990,0
39021,1511787832759833,16828125,0.51909841,16,39006,39021,39018,0
39037,1511787832822750,16818958,0.54677155,16,39022,39037,39028,0
39053,1511787832863833,16829750,0.59782811,16,39038,39053,39049,0
39069,1511787832914916,16810125,0.52568089,16,39054,39069,39066,0
39085,1511787832970166,16826500,0.5718127,16,39070,39085,39082,0
39101,1511787833023166,16809875,0.53340929,16,39086,39101,39090,0
39117,1511787833077125,16810125,0.59799622,16,39102,39117,39110,0
39133,1511787833139291,16818917,0.56073001,16,39118,39133,39128,0
39149,1511787833212541,16777584,0.54917286,16,39134,39149,39141,0
39165,1511787833246291,16796709,0.52422211,16,39150,39165,39157,0
39181,1511787833305166,16794625,0.54408397,16,39166,39181,39173,0
39197,1511787833377041,16777625,0.60759245,16,39182,39197,39191,0
39213,1511787833405791,16802542,0.54966625,16,39198,39213,39200,0
39229,1511787833461708,16779250,0.54588351,16,39214,39229,39226,0
39245,1511787833513375,16781250,0.57282164,16,39230,39245,39243,0
39261,1511787833576000,16770083,0.55871429,16,39246,39261,39251,0
39277,1511787833625208,16775625,0.57226102,16,39262,39277,39275,0
39293,1511787833681833,16772375,0.57187269,16,39278,39293,39281,0
39309,1511787833736708,16768458,0.60205191,16,39294,39309,39296,0
39325,1511787833784541,16772834,0.58138756,16,39310,39325,39318,0
39341,1511787833857416,16763750,0.52996738,16,39326,39341,39335,0
39357,1511787833930875,16762666,0.5927028,16,39342,39357,39354,0
39373,1511787833984750,16729291,0.53742951,16,39358,39373,39366,0
39389,1511787834053458,16733958,0.56938209,16,39374,39389,39379,0
39405,1511787834088416,16731250,0.57511446,16,39390,39405,39400,0
39421,1511787834140375,16740250,0.5794326,16,39406,39421,39419,0
39437,1511787834195333,16723750,0.65781552,16,39422,39437,39424,0
39453,1511787834244416,16727834,0.52041022,16,39438,39453,39451,0
39469,1511787834296916,16732375,0.53271731,16,39454,39469,39468,0
39485,1511787834354375,16730750,0.52761373,16,39470,39485,39481,0
39501,1511787834407125,16767875,0.55977332,16,39486,39501,39500,0
39517,1511787834470041,16709000,0.58625349,16,39502,39517,39510,0
39533,1511787834522375,16725666,0.53793091,16,39518,39533,39527,0
39549,1511787834569166,16706584,0.51373632,16,39534,39549,39537,0
39565,1511787834635875,16698291,0.54242043,16,39550,39565,39560,0
39581,1511787834694916,16697084,0.5619431,16,39566,39581,39574,0
39597,1511787834740833,16708667,0.63992472,16,39582,39597,39588,0
39613,1511787834802791,16709500,0.5364488,16,39598,39613,39604,0
39629,1511787834850500,16702625,0.5021406,16,39614,39629,39628,0
39645,1511787834898916,17115375,0.54085611,16,39630,39645,39634,0
39661,1511787834948333,17069708,0.53228382,16,39646,39661,39654,0
39677,1511787834998416,17022292,0.54727795,16,39662,39677,39663,0
39693,1511787835059500,16963916,0.55083252,16,39678,39693,39680,0
39709,1511787835110458,16915500,0.63380544,16,39694,39709,39704,0
39725,1511787835158666,16869917,0.51101661,16,39710,39725,39725,0
39741,1511787835218125,16813083,0.50811335,16,39726,39741,39740,0
39757,1511787835260833,16773000,0.54157345,16,39742,39757,39755,0
39773,1511787835311541,16724834,0.53206922,16,39758,39773,39769,0
39789,1511787835381083,16663625,0.54576001,16,39774,39789,39774,0
39805,1511787835429750,16672583,0.55687911,16,39790,39805,39792,0
39821,1511787835467000,16690208,0.57836923,16,39806,39821,39816,0
39837,1511787835538125,16675500,0.53852579,16,39822,39837,39828,0
39853,1511787835591875,16679166,0.59127389,16,39838,39853,39848,0
39869,1511787835629708,16673625,0.59752637,16,39854,39869,39856,0
39885,1511787835679500,16676583,0.556732,16,39870,39885,39874,0
39901,1511787835731708,16677042,0.5239482,16,39886,39901,39898,0
39917,1511787835781875,16679583,0.52885992,16,39902,39917,39907,0
39933,1511787835823833,16694417,0.56604662,16,39918,39933,39919,0
39949,1511787835880916,16693459,0.54691922,16,39934,39949,39939,0
39965,1511787835927916,16686625,0.53267798,16,39950,39965,39954,0
39981,1511787835974875,16698625,0.54742187,16,39966,39981,39970,0
39997,1511787836026375,16703291,0.53990826,16,39982,39997,39986,0
40013,1511787836077625,16689458,0.55135655,16,39998,40013,40009,0
40029,1511787836136333,16687333,0.56871379,16,40014,40029,40023,0
40045,1511787836188041,16690417,0.57688691,16,40030,40045,40044,0
40061,1511787836256916,16675334,0.50742471,16,40046,40061,40046,0
40077,1511787836295583,16688583,0.55602928,16,40062,40077,40067,0
40093,1511787836344625,16696291,0.60113956,16,40078,40093,40093,0
40109,1511787836412000,16690833,0.50799247,16,40094,40109,40102,0
40125,1511787836457458,16674042,0.51742563,16,40110,40125,40114,0
40141,1511787836499458,16708458,0.58829368,16,40126,40141,40128,0
40157,1511787836548208,16716125,0.57270228,16,40142,40157,40152,0
40173,1511787836603083,16715750,0.59723792,16,40158,40173,40167,0
40189,1511787836651958,16699375,0.52848052,16,40174,40189,40184,0
40205,1511787836717416,16685542,0.52851172,16,40190,40205,40191,0
40221,1511787836758541,16700667,0.51020039,16,40206,40221,40220,0
40237,1511787836811000,16712708,0.53324137,16,40222,40237,40227,0
40253,1511787836862500,16697083,0.56529316,16,40238,40253,40249,0
40269,1511787836917375,16697958,0.56830262,16,40254,40269,40259,0
40285,1511787836967208,16701458,0.53730287,16,40270,40285,40272,0
40301,1511787837023541,16700292,0.51680869,16,40286,40301,40298,0
40317,1511787837073833,16685292,0.57560444,16,40302,40317,40302,0
40333,1511787837142791,16667625,0.5320376,16,40318,40333,40332,0
40349,1511787837171750,16693625,0.53425565,16,40334,40349,40346,0
40365,1511787837228166,16694459,0.62129579,16,40350,40365,40357,0
40381,1511787837282458,16701458,0.54858157,16,40366,40381,40369,0
40397,1511787837333125,16682541,0.53338711,16,40382,40397,40394,0
40413,1511787837388625,16702458,0.57398447,16,40398,40413,40409,0
40429,1511787837443458,16680417,0.55131912,16,40414,40429,40428,0
40445,1511787837474916,16722334,0.58348644,16,40430,40445,40431,0
40461,1511787837531708,16697750,0.52153264,16,40446,40461,40452,0
40477,1511787837589166,16693834,0.56220232,16,40462,40477,40472,0
40493,1511787837633833,16697917,0.49701772,16,40478,40493,40492,0
40509,1511787837685791,16694459,0.52420072,16,40494,40509,40494,0
40525,1511787837742000,16693416,0.57520302,16,40510,40525,40514,0
40541,1511787837787625,16706375,0.55007462,16,40526,40541,40537,0
40557,1511787837838291,16691625,0.51656592,16,40542,40557,40545,0
40573,1511787837892083,16680417,0.55681009,16,40558,40573,40567,0
40589,1511787837945583,16703792,0.56628585,16,40574,40589,40581,0
40605,1511787837989333,16716542,0.58382384,16,40590,40605,40594,0
40621,1511787838040166,16704042,0.55619619,16,40606,40621,40614,0
40637,1511787838091875,16711083,0.58389094,16,40622,40637,40627,0
40653,1511787838140458,16721167,0.61471847,16,40638,40653,40649,0
40669,1511787838195291,16744959,0.62064396,16,40654,40669,40657,0
40685,1511787838249375,16740333,0.5107771,16,40670,40685,40678,0
40701,1511787838302500,16719833,0.56097502,16,40686,40701,40696,0
40717,1511787838348875,16724166,0.53880355,16,40702,40717,40704,0
40733,1511787838402250,16724416,0.59170674,16,40718,40733,40727,0
40749,1511787838456958,16720542,0.54366571,16,40734,40749,40742,0
40765,1511787838493708,16738167,0.50383538,16,40750,40765,40751,0
40781,1511787838544083,16742625,0.55434168,16,40766,40781,40769,0
40797,1511787838598041,16720125,0.49740961,16,40782,40797,40797,0
40813,1511787838645833,16725167,0.54953744,16,40798,40813,40813,0
40829,1511787838692875,16734000,0.51670965,16,40814,40829,40816,0
40845,1511787838744166,16737667,0.55667629,16,40830,40845,40831,0
40861,1511787838804958,16729333,0.59345108,16,40846,40861,40854,0
40877,1511787838843166,16745209,0.57002452,16,40862,40877,40869,0
40893,1511787838894333,16747875,0.60302827,16,40878,40893,40880,0
40909,1511787838950708,16744708,0.56632171,16,40894,40909,40904,0
40925,1511787838998750,16739500,0.50564657,16,40910,40925,40914,0
40941,1511787839061166,16723292,0.57131871,16,40926,40941,40932,0
40957,1511787839099750,16727041,0.55769659,16,40942,40957,40945,0
40973,1511787839146833,16737500,0.47414385,16,40958,40973,40966,0
40989,1511787839223083,16705167,0.51998944,16,40974,40989,40983,0
41005,1511787839253541,16734792,0.5030238,16,40990,41005,40990,0
41021,1511787839310958,16721417,0.50959001,16,41006,41021,41011,0
41037,1511787839360541,16718417,0.5785845,16,41022,41037,41034,0
41053,1511787839429958,16707125,0.59138998,16,41038,41053,41042,0
41069,1511787839489250,16693750,0.52614729,16,41054,41069,41063,0
41085,1511787839534666,16687834,0.55360807,16,41070,41085,41076,0
41101,1511787839594291,16680084,0.58968306,16,41086,41101,41100,0
41117,1511787839645958,16680625,0.52422998,16,41102,41117,41106,0
41133,1511787839693708,16694125,0.59992003,16,41118,41133,41119,0
41149,1511787839751333,16687583,0.58897217,16,41134,41149,41137,0
41165,1511787839814083,16678750,0.5263369,16,41150,41165,41159,0
41181,1511787839865041,16705042,0.60785975,16,41166,41181,41179,0
41197,1511787839917666,16711250,0.58892568,16,41182,41197,41186,0
41213,1511787839978875,16708708,0.60098911,16,41198,41213,41200,0
41229,1511787840040958,16689208,0.59861249,16,41214,41229,41215,0
41245,1511787840079166,16701292,0.56077474,16,41230,41245,41241,0
41261,1511787840142750,16701333,0.54150839,16,41246,41261,41254,0
41277,1511787840189083,16703083,0.51159484,16,41262,41277,41273,0
41293,1511787840239250,16702000,0.58239517,16,41278,41293,41281,0
41309,1511787840299791,16686459,0.56181423,16,41294,41309,41303,0
41325,1511787840364833,16671917,0.52776696,16,41310,41325,41324,0
41341,1511787840424375,16661125,0.54733074,16,41326,41341,41338,0
41357,1511787840479458,16667250,0.52919567,16,41342,41357,41344,0
41373,1511787840527791,16664625,0.51799112,16,41358,41373,41363,0
41389,1511787840582125,16655791,0.57685815,16,41374,41389,41388,0
41405,1511787840638500,16658000,0.61596974,16,41390,41405,41397,0
41421,1511787840692333,16664875,0.54003917,16,41406,41421,41412,0
41437,1511787840733708,16667917,0.53993982,16,41422,41437,41430,0
41453,1511787840786333,16663375,0.51462022,16,41438,41453,41452,0
41469,1511787840839833,16656375,0.54420371,16,41454,41469,41469,0
41485,1511787840885166,16665292,0.54018956,16,41470,41485,41482,0
41501,1511787840932125,16656250,0.57658246,16,41486,41501,41494,0
41517,1511787840984541,16663209,0.56991144,16,41502,41517,41516,0
41533,1511787841038958,16648125,0.53017459,16,41518,41533,41521,0
41549,1511787841093416,16645125,0.57327156,16,41534,41549,41538,0
41565,1511787841134500,16658625,0.55640944,16,41550,41565,41553,0
41581,1511787841187208,16662292,0.53086416,16,41566,41581,41569,0
41597,1511787841233666,16670709,0.53255869,16,41582,41597,41593,0
41613,1511787841292916,16667584,0.53610775,16,41598,41613,41613,0
41629,1511787841366375,16650833,0.56387934,16,41614,41629,41619,0
41645,1511787841415208,16654750,0.55694996,16,41630,41645,41630,0
41661,1511787841457708,16668208,0.53932568,16,41646,41661,41657,0
41677,1511787841513791,16664875,0.56086642,16,41662,41677,41677,0
41693,1511787841559625,16651750,0.55338659,16,41678,41693,41692,0
41709,1511787841623375,16642291,0.54299892,16,41694,41709,41705,0
41725,1511787841661875,16659625,0.5193873,16,41710,41725,41723,0
41741,1511787841709833,16665458,0.53434425,16,41726,41741,41726,0
41757,1511787841776458,16654500,0.5353386,16,41742,41757,41747,0
41773,1511787841836125,16636416,0.52859493,16,41758,41773,41762,0
41789,1511787841894458,16637000,0.56519687,16,41774,41789,41775,0
41805,1511787841959916,16625709,0.52820865,16,41790,41805,41796,0
41821,1511787842032291,16583500,0.52938364,16,41806,41821,41811,0
41837,1511787842067875,16599083,0.55919426,16,41822,41837,41832,0
41853,1511787842121916,16590167,0.51847817,16,41838,41853,41852,0
41869,1511787842191208,16600708,0.53667888,16,41854,41869,41859,0
41885,1511787842221750,16589500,0.53045234,16,41870,41885,41878,0
41901,1511787842274375,16593333,0.54340528,16,41886,41901,41900,0
41917,1511787842321750,16602833,0.54310017,16,41902,41917,41910,0
41933,1511787842384750,16593916,0.49638224,16,41918,41933,41923,0
41949,1511787842448416,16584000,0.57274914,16,41934,41949,41941,0
41965,1511787842477541,16614959,0.62374666,16,41950,41965,41951,0
41981,1511787842533208,16589167,0.56070471,16,41966,41981,41979,0
41997,1511787842585958,16592083,0.52211732,16,41982,41997,41996,0
42013,1511787842643791,16588584,0.55261928,16,41998,42013,42005,0
42029,1511787842679041,16628584,0.57086726,16,42014,42029,42017,0
42045,1511787842734291,16599250,0.52822284,16,42030,42045,42030,0
42061,1511787842794041,16596250,0.50047126,16,42046,42061,42056,0
42077,1511787842841791,16607750,0.54271109,16,42062,42077,42074,0
42093,1511787842887000,16618958,0.57711227,16,42078,42093,42079,0
42109,1511787842933750,16603958,0.56327772,16,42094,42109,42106,0
42125,1511787842989458,16624792,0.6010083,16,42110,42125,42117,0
42141,1511787843039125,16608625,0.57625957,16,42126,42141,42127,0
42157,1511787843081375,16618375,0.56483722,16,42142,42157,42150,0
42173,1511787843138458,16619125,0.56704426,16,42158,42173,42168,0
42189,1511787843186416,16626125,0.53108774,16,42174,42189,42181,0
42205,1511787843237791,16606875,0.55707978,16,42190,42205,42205,0
42221,1511787843294583,16625708,0.57326277,16,42206,42221,42207,0
42237,1511787843334500,16612166,0.54350064,16,42222,42237,42237,0
42253,1511787843390958,16607708,0.57376769,16,42238,42253,42244,0
42269,1511787843443833,16609708,0.52224388,16,42254,42269,42260,0
42285,1511787843518833,16590708,0.53565744,16,42270,42285,42284,0
42301,1511787843563708,16602917,0.56580466,16,42286,42301,42292,0
42317,1511787843617250,16605916,0.58368317,16,42302,42317,42310,0
42333,1511787843665666,16614417,0.57145878,16,42318,42333,42329,0
42349,1511787843726083,16604667,0.55738147,16,42334,42349,42349,0
42365,1511787843786916,16595542,0.55452211,16,42350,42365,42355,0
42381,1511787843832333,16606917,0.56971663,16,42366,42381,42378,0
42397,1511787843891083,16616333,0.55913583,16,42382,42397,42397,0
42413,1511787843947791,16574042,0.54846176,16,42398,42413,42407,0
42429,1511787843996041,16583500,0.54245468,16,42414,42429,42419,0
42445,1511787844049541,16587209,0.56090586,16,42430,42445,42434,0
42461,1511787844101000,16575708,0.56016983,16,42446,42461,42453,0
42477,1511787844161166,16574625,0.54930887,16,42462,42477,42465,0
42493,1511787844214083,16563958,0.54630799,16,42478,42493,42486,0
42509,1511787844260625,16573291,0.56793162,16,42494,42509,42506,0
42525,1511787844318750,16570000,0.53897766,16,42510,42525,42515,0
42541,1511787844371291,16569000,0.52043811,16,42526,42541,42537,0
42557,1511787844420666,16577417,0.51112505,16,42542,42557,42548,0
42573,1511787844472708,16551792,0.52206055,16,42558,42573,42572,0
42589,1511787844530291,16548542,0.58232311,16,42574,42589,42585,0
42605,1511787844571000,16553125,0.50420031,16,42590,42605,42590,0
42621,1511787844624208,16559875,0.54611614,16,42606,42621,42618,0
42637,1511787844671375,16558416,0.57238245,16,42622,42637,42633,0
42653,1511787844724333,16564958,0.52743289,16,42638,42653,42651,0
42669,1511787844789458,16545500,0.54419541,16,42654,42669,42659,0
42685,1511787844837833,16543333,0.51918489,16,42670,42685,42676,0
42701,1511787844885083,16553333,0.5571244,16,42686,42701,42698,0
42717,1511787844934458,16551250,0.57688698,16,42702,42717,42710,0
42733,1511787844989375,16540333,0.5024639,16,42718,42733,42731,0
42749,1511787845050000,16539666,0.53571083,16,42734,42749,42739,0
42765,1511787845085666,16548750,0.5463137,16,42750,42765,42755,0
42781,1511787845144291,16542417,0.56718132,16,42766,42781,42777,0
42797,1511787845201875,16543833,0.57934887,16,42782,42797,42794,0
42813,1511787845249458,16564000,0.6099363,16,42798,42813,42804,0
42829,1511787845298875,16548166,0.57330771,16,42814,42829,42819,0
42845,1511787845355250,16569416,0.60586591,16,42830,42845,42843,0
42861,1511787845409250,16550000,0.49548228,16,42846,42861,42858,0
42877,1511787845458625,16576875,0.57872117,16,42862,42877,42873,0
42893,1511787845512833,16555958,0.55295015,16,42878,42893,42890,0
42909,1511787845563541,16557417,0.55968609,16,42894,42909,42894,0
42925,1511787845609166,16565709,0.56443411,16,42910,42925,42911,0
42941,1511787845663000,16570416,0.60861314,16,42926,42941,42938,0
42957,1511787845731708,16552500,0.54393847,16,42942,42957,42953,0
42973,1511787845775875,16564583,0.57104108,16,42958,42973,42966,0
42989,1511787845816333,16578667,0.543579,16,42974,42989,42982,0
43005,1511787845873541,16553875,0.53630024,16,42990,43005,43004,0
43021,1511787845922500,16558125,0.54896533,16,43006,43021,43013,0
43037,1511787845983291,16553875,0.54351235,16,43022,43037,43028,0
43053,1511787846029250,16563000,0.55610018,16,43038,43053,43049,0
43069,1511787846078583,16569417,0.56567595,16,43054,43069,43062,0
43085,1511787846135375,16540541,0.58395981,16,43070,43085,43082,0
43101,1511787846183333,16543500,0.56004519,16,43086,43101,43093,0
43117,1511787846227000,16555833,0.58881237,16,43102,43117,43112,0
43133,1511787846291333,16550208,0.58395763,16,43118,43133,43122,0
43149,1511787846342500,16532958,0.50664238,16,43134,43149,43148,0
43165,1511787846385166,16545334,0.50873507,16,43150,43165,43160,0
43181,1511787846435333,16553000,0.56626772,16,43166,43181,43170,0
43197,1511787846484208,16559542,0.58571722,16,43182,43197,43194,0
43213,1511787846541833,16554500,0.56949834,16,43198,43213,43213,0
43229,1511787846587041,16567625,0.50963432,16,43214,43229,43225,0
43245,1511787846645875,16541541,0.59523588,16,43230,43245,43244,0
43261,1511787846690458,16577750,0.60607571,16,43246,43261,43247,0
43277,1511787846746500,16577625,0.58109857,16,43262,43277,43275,0
43293,1511787846806291,16575292,0.61528807,16,43278,43293,43281,0
43309,1511787846852375,16584500,0.60390786,16,43294,43309,43298,0
43325,1511787846903000,16589333,0.55544743,16,43310,43325,43312,0
43341,1511787846952083,16596417,0.58069453,16,43326,43341,43339,0
43357,1511787846999000,16582583,0.52636535,16,43342,43357,43356,0
43373,1511787847052375,16581000,0.57438987,16,43358,43373,43373,0
43389,1511787847106708,16578542,0.53255835,16,43374,43389,43376,0
43405,1511787847163541,16579125,0.5151815,16,43390,43405,43394,0
43421,1511787847217083,16581750,0.57713425,16,43406,43421,43413,0
43437,1511787847254791,16594459,0.52623431,16,43422,43437,43437,0
43453,1511787847297791,16602459,0.57539919,16,43438,43453,43445,0
43469,1511787847352500,16601041,0.57464648,16,43454,43469,43459,0
43485,1511787847410500,16581708,0.53263846,16,43470,43485,43476,0
43501,1511787847451791,16608709,0.55324963,16,43486,43501,43495,0
43517,1511787847499750,16599541,0.58736134,16,43502,43517,43502,0
43533,1511787847556166,16599875,0.60228561,16,43518,43533,43523,0
43549,1511787847600166,16615709,0.56561448,16,43534,43549,43536,0
43565,1511787847651958,16620750,0.5281505,16,43550,43565,43550,0
43581,1511787847702500,16625958,0.54654884,16,43566,43581,43580,0
43597,1511787847756708,16627875,0.58763611,16,43582,43597,43593,0
43613,1511787847804375,16613958,0.58195754,16,43598,43613,43605,0
43629,1511787847859083,16617958,0.54653688,16,43614,43629,43628,0
43645,1511787847921625,16612583,0.56821112,16,43630,43645,43634,0
43661,1511787847972125,16619791,0.51824737,16,43646,43661,43656,0
43677,1511787848036208,16589792,0.54661734,16,43662,43677,43663,0
43693,1511787848084791,16592459,0.54333891,16,43678,43693,43682,0
43709,1511787848135166,16595917,0.56695028,16,43694,43709,43706,0
43725,1511787848185583,16601417,0.50008495,16,43710,43725,43722,0
43741,1511787848237916,16603500,0.54486281,16,43726,43741,43729,0
43757,1511787848283958,16586292,0.5014331,16,43742,43757,43746,0
43773,1511787848330500,16595208,0.57750288,16,43758,43773,43770,0
43789,1511787848383041,16600417,0.60940541,16,43774,43789,43775,0
43805,1511787848434750,16601250,0.52012506,16,43790,43805,43791,0
43821,1511787848479916,16612584,0.53563742,16,43806,43821,43813,0
43837,1511787848534041,16587750,0.51565052,16,43822,43837,43829,0
43853,1511787848583000,16590208,0.58355716,16,43838,43853,43851,0
43869,1511787848643041,16602500,0.65134198,16,43854,43869,43862,0
43885,1511787848691041,16589792,0.55409882,16,43870,43885,43870,0
43901,1511787848745208,16591083,0.54976942,16,43886,43901,43899,0
43917,1511787848791416,16600917,0.52430296,16,43902,43917,43907,0
43933,1511787848839375,16587791,0.52741098,16,43918,43933,43925,0
43949,1511787848901250,16579958,0.5325552,16,43934,43949,43948,0
43965,1511787848958208,16576583,0.54379247,16,43950,43965,43950,0
43981,1511787849013791,16577334,0.54998836,16,43966,43981,43974,0
43997,1511787849067833,16579958,0.52259908,16,43982,43997,43993,0
44013,1511787849113916,16587834,0.53118657,16,43998,44013,44000,0
44029,1511787849180000,16574916,0.51940899,16,44014,44029,44022,0
44045,1511787849221166,16566750,0.52615024,16,44030,44045,44032,0
44061,1511787849272666,16568959,0.50813672,16,44046,44061,44055,0
44077,1511787849320458,16572875,0.54631307,16,44062,44077,44064,0
44093,1511787849371041,16578417,0.52454321,16,44078,44093,44091,0
44109,1511787849427208,16574083,0.59085038,16,44094,44109,44101,0
44125,1511787849477750,16578125,0.56268218,16,44110,44125,44122,0
44141,1511787849527708,16587208,0.62799196,16,44126,44141,44136,0
44157,1511787849578000,16605500,0.5432567,16,44142,44157,44153,0
44173,1511787849632125,16580375,0.54947993,16,44158,44173,44163,0
44189,1511787849684250,16584291,0.56730898,16,44174,44189,44187,0
44205,1511787849729500,16591250,0.56344071,16,44190,44205,44203,0
44221,1511787849783541,16591584,0.49466148,16,44206,44221,44212,0
44237,1511787849836375,16593333,0.54858129,16,44222,44237,44233,0
44253,1511787849897375,16587250,0.52848184,16,44238,44253,44253,0
44269,1511787849946000,16569833,0.50970285,16,44254,44269,44264,0
44285,1511787849993666,16575959,0.58454994,16,44270,44285,44276,0
44301,1511787850048458,16573167,0.53228847,16,44286,44301,44291,0
44317,1511787850094333,16583792,0.52317232,16,44302,44317,44312,0
44333,1511787850162125,16566875,0.51830648,16,44318,44333,44332,0
44349,1511787850194625,16592666,0.52829202,16,44334,44349,44336,0
44365,1511787850244833,16576708,0.52819785,16,44350,44365,44365,0
44381,1511787850301916,16593250,0.55544343,16,44366,44381,44366,0
44397,1511787850345375,16603833,0.53886439,16,44382,44397,44384,0
44413,1511787850405625,16573916,0.58681251,16,44398,44413,44411,0
44429,1511787850454250,16579500,0.570291,16,44414,44429,44423,0
44445,1511787850507000,16572083,0.55315705,16,44430,44445,44445,0
44461,1511787850560541,16618667,0.64382915,16,44446,44461,44454,0
44477,1511787850614291,16591834,0.59166461,16,44462,44477,44471,0
44493,1511787850664250,16600875,0.49960038,16,44478,44493,44481,0
44509,1511787850719375,16588416,0.54471592,16,44494,44509,44501,0
44525,1511787850771625,16596208,0.57661345,16,44510,44525,44512,0
44541,1511787850827958,16589375,0.53955465,16,44526,44541,44532,0
44557,1511787850868000,16609833,0.57881158,16,44542,44557,44549,0
44573,1511787850927125,16596666,0.53663146,16,44558,44573,44572,0
44589,1511787850976041,16607792,0.52632304,16,44574,44589,44588,0
44605,1511787851028041,16600584,0.56107037,16,44590,44605,44605,0
44621,1511787851080083,16610500,0.55428297,16,44606,44621,44612,0
44637,1511787851141958,16596625,0.51634792,16,44622,44637,44630,0
44653,1511787851179083,16621000,0.57783298,16,44638,44653,44653,0
44669,1511787851232625,16636500,0.61922696,16,44654,44669,44668,0
44685,1511787851275500,16639458,0.555621,16,44670,44685,44680,0
44701,1511787851329041,16641750,0.51442947,16,44686,44701,44699,0
44717,1511787851390125,16635666,0.54669932,16,44702,44717,44710,0
44733,1511787851445791,16634250,0.54374134,16,44718,44733,44728,0
44749,1511787851500500,16634708,0.59828387,16,44734,44749,44740,0
44765,1511787851550958,16629833,0.53021341,16,44750,44765,44757,0
44781,1511787851596291,16616792,0.52042589,16,44766,44781,44778,0
44797,1511787851646875,16646583,0.53119805,16,44782,44797,44797,0
44813,1511787851693708,16626042,0.60329803,16,44798,44813,44799,0
44829,1511787851749666,16628709,0.52784295,16,44814,44829,44814,0
44845,1511787851801625,16632833,0.53931557,16,44830,44845,44833,0
44861,1511787851851166,16628667,0.49532939,16,44846,44861,44859,0
44877,1511787851901416,16625292,0.55993657,16,44862,44877,44873,0
44893,1511787851947000,16640250,0.55151158,16,44878,44893,44892,0
44909,1511787851997833,16649167,0.59808027,16,44894,44909,44906,0
44925,1511787852051833,16650583,0.53405483,16,44910,44925,44917,0
44941,1511787852099583,16656500,0.56056385,16,44926,44941,44931,0
44957,1511787852151208,16659833,0.53240151,16,44942,44957,44953,0
44973,1511787852217416,16644542,0.56616456,16,44958,44973,44964,0
44989,1511787852251541,16658584,0.52954113,16,44974,44989,44989,0
45005,1511787852305666,16657334,0.53790291,16,44990,45005,44992,0
45021,1511787852357125,16663000,0.56073745,16,45006,45021,45019,0
45037,1511787852415958,16663208,0.59839023,16,45022,45037,45031,0
45053,1511787852461625,16679875,0.53926765,16,45038,45053,45038,0
45069,1511787852513000,16673625,0.52287554,16,45054,45069,45058,0
45085,1511787852565083,16665958,0.53970886,16,45070,45085,45079,0
45101,1511787852617666,16672750,0.55529126,16,45086,45101,45098,0
45117,1511787852668000,16664958,0.53286862,16,45102,45117,45108,0
45133,1511787852718958,16671833,0.53679157,16,45118,45133,45124,0
45149,1511787852769791,16679625,0.56290076,16,45134,45149,45146,0
45165,1511787852825583,16675875,0.62816033,16,45150,45165,45159,0
45181,1511787852881541,16663959,0.53390502,16,45166,45181,45168,0
45197,1511787852927916,16679667,0.55191172,16,45182,45197,45195,0
45213,1511787852980125,16674458,0.55502625,16,45198,45213,45211,0
45229,1511787853037833,16679708,0.54676191,16,45214,45229,45224,0
45245,1511787853096958,16650333,0.52824595,16,45230,45245,45231,0
45261,1511787853139166,16669209,0.54556485,16,45246,45261,45261,0
45277,1511787853192083,16677875,0.54348662,16,45262,45277,45266,0
45293,1511787853259833,16653792,0.52705544,16,45278,45293,45281,0
45309,1511787853318458,16646333,0.53033277,16,45294,45309,45309,0
45325,1511787853355041,16649542,0.52804511,16,45310,45325,45321,0
45341,1511787853401500,16662541,0.53796777,16,45326,45341,45339,0
45357,1511787853459583,16665250,0.54223194,16,45342,45357,45351,0
45373,1511787853512625,16642958,0.56710482,16,45358,45373,45365,0
45389,1511787853560750,16657416,0.50835119,16,45374,45389,45375,0
45405,1511787853620291,16659834,0.57488227,16,45390,45405,45390,0
45421,1511787853664000,16654916,0.54801594,16,45406,45421,45421,0
45437,1511787853722166,16658125,0.53766625,16,45422,45437,45426,0
45453,1511787853761666,16678459,0.50468998,16,45438,45453,45445,0
45469,1511787853822833,16653792,0.52926553,16,45454,45469,45461,0
45485,1511787853873041,16663584,0.50609208,16,45470,45485,45484,0
45501,1511787853917708,16676208,0.56937624,16,45486,45501,45499,0
45517,1511787853973541,16679959,0.62451107,16,45502,45517,45504,0
45533,1511787854019625,16665125,0.64913908,16,45518,45533,45529,0
45549,1511787854079208,16666833,0.57129018,16,45534,45549,45544,0
45565,1511787854129791,16660625,0.5046891,16,45550,45565,45560,0
45581,1511787854184750,16667916,0.57901832,16,45566,45581,45574,0
45597,1511787854232416,16659917,0.54444342,16,45582,45597,45594,0
45613,1511787854285625,16667083,0.54286738,16,45598,45613,45611,0
45629,1511787854336708,16674208,0.51998488,16,45614,45629,45623,0
45645,1511787854382458,16662333,0.54816301,16,45630,45645,45643,0
45661,1511787854438208,16681708,0.57668658,16,45646,45661,45657,0
45677,1511787854481958,16669625,0.54880237,16,45662,45677,45665,0
45693,1511787854532208,16696125,0.5909622,16,45678,45693,45680,0
45709,1511787854573041,16682750,0.51025899,16,45694,45709,45698,0
45725,1511787854632291,16674834,0.51418028,16,45710,45725,45716,0
45741,1511787854696125,16668041,0.52913326,16,45726,45741,45741,0
45757,1511787854748083,16654250,0.53176406,16,45742,45757,45756,0
45773,1511787854803625,16672958,0.57036132,16,45758,45773,45773,0
45789,1511787854865333,16666667,0.54251042,16,45774,45789,45777,0
45805,1511787854927625,16635416,0.55843449,16,45790,45805,45797,0
45821,1511787854974708,16666208,0.59932455,16,45806,45821,45820,0
45837,1511787855026958,16669417,0.53455446,16,45822,45837,45829,0
45853,1511787855075375,16673666,0.51018,16,45838,45853,45853,0
45869,1511787855127250,16653458,0.56704927,16,45854,45869,45869,0
45885,1511787855177916,16655667,0.5594635,16,45870,45885,45879,0
45901,1511787855226875,16660000,0.50205823,16,45886,45901,45891,0
45917,1511787855277541,16660750,0.52697194,16,45902,45917,45916,0
45933,1511787855325333,16667917,0.55943528,16,45918,45933,45929,0
45949,1511787855373708,16675208,0.517624,16,45934,45949,45944,0
45965,1511787855427625,16678166,0.57625739,16,45950,45965,45963,0
45981,1511787855475916,16660792,0.53141086,16,45966,45981,45973,0
45997,1511787855534500,16678041,0.58963899,16,45982,45997,45982,0
46013,1511787855577666,16681459,0.55068521,16,45998,46013,46004,0
46029,1511787855644625,16670625,0.54231129,16,46014,46029,46016,0
46045,1511787855689166,16664375,0.57314518,16,46030,46045,46039,0
46061,1511787855742500,16684291,0.56735149,16,46046,46061,46056,0
46077,1511787855783833,16679750,0.53059912,16,46062,46077,46069,0
46093,1511787855829250,16686833,0.5300718,16,46078,46093,46079,0
46109,1511787855894125,16678333,0.54228341,16,46094,46109,46094,0
46125,1511787855938083,16694250,0.55327051,16,46110,46125,46119,0
46141,1511787855980166,16711042,0.60932984,16,46126,46141,46129,0
46157,1511787856025750,16719708,0.52820785,16,46142,46157,46149,0
46173,1511787856089250,16685333,0.55327241,16,46158,46173,46172,0
46189,1511787856133500,16695041,0.54852186,16,46174,46189,46175,0
46205,1511787856175083,16706292,0.52578983,16,46190,46205,46198,0
46221,1511787856223791,16712625,0.55580939,16,46206,46221,46209,0
46237,1511787856272291,16718542,0.61677297,16,46222,46237,46227,0
46253,1511787856324291,16738834,0.61293889,16,46238,46253,46251,0
46269,1511787856384166,16734500,0.56616445,16,46254,46269,46268,0
46285,1511787856447041,16699000,0.50918765,16,46270,46285,46285,0
46301,1511787856505250,16713500,0.52466793,16,46286,46301,46297,0
46317,1511787856553666,16718875,0.51879919,16,46302,46317,46307,0
46333,1511787856609833,16719625,0.65642894,16,46318,46333,46328,0
46349,1511787856677583,16687125,0.55427823,16,46334,46349,46339,0
46365,1511787856734666,16683625,0.59803943,16,46350,46365,46352,0
46381,1511787856783125,16687791,0.53367087,16,46366,46381,46379,0
46397,1511787856835500,16689541,0.52990778,16,46382,46397,46386,0
46413,1511787856884500,16693750,0.55293995,16,46398,46413,46403,0
46429,1511787856936833,16700375,0.56679832,16,46414,46429,46428,0
46445,1511787856997333,16694750,0.56332026,16,46430,46445,46434,0
46461,1511787857045458,16750958,0.55139195,16,46446,46461,46454,0
46477,1511787857083875,16716458,0.57254795,16,46462,46477,46470,0
46493,1511787857141833,16716375,0.5197048,16,46478,46493,46479,0
46509,1511787857192041,16720250,0.56753572,16,46494,46509,46502,0
46525,1511787857241125,16702083,0.55692807,16,46510,46525,46520,0
46541,1511787857301166,16723834,0.59067696,16,46526,46541,46529,0
46557,1511787857351333,16704042,0.61479246,16,46542,46557,46554,0
46573,1511787857395250,16713541,0.54377214,16,46558,46573,46558,0
46589,1511787857441791,16722042,0.51315955,16,46574,46589,46585,0
46605,1511787857496000,16723416,0.51375272,16,46590,46605,46603,0
46621,1511787857541791,16734417,0.53937413,16,46606,46621,46606,0
46637,1511787857592833,16737875,0.53542346,16,46622,46637,46631,0
46653,1511787857640333,16727167,0.55550948,16,46638,46653,46638,0
46669,1511787857693791,16744917,0.53723539,16,46654,46669,46657,0
46685,1511787857743208,16726958,0.54913307,16,46670,46685,46671,0
46701,1511787857804541,16718125,0.55224835,16,46686,46701,46695,0
46717,1511787857846375,16732416,0.5175368,16,46702,46717,46714,0
46733,1511787857898416,16732625,0.58687898,16,46718,46733,46724,0
46749,1511787857957666,16724834,0.52377206,16,46734,46749,46749,0
46765,1511787858012125,16723250,0.54006576,16,46750,46765,46763,0
46781,1511787858070291,16722625,0.52623267,16,46766,46781,46775,0
46797,1511787858116291,16737334,0.55178688,16,46782,46797,46795,0
46813,1511787858161083,16722250,0.53322705,16,46798,46813,46804,0
46829,1511787858210750,16726958,0.54363729,16,46814,46829,46827,0
46845,1511787858265291,16746042,0.53493105,16,46830,46845,46844,0
46861,1511787858318625,16719000,0.53488912,16,46846,46861,46853,0
46877,1511787858370500,16720166,0.54185246,16,46862,46877,46866,0
46893,1511787858431625,16712291,0.54449825,16,46878,46893,46891,0
46909,1511787858474708,16725292,0.51556432,16,46894,46909,46894,0
46925,1511787858526541,16729417,0.54663819,16,46910,46925,46912,0
46941,1511787858576250,16736958,0.5434431,16,46926,46941,46939,0
46957,1511787858620125,16750416,0.5289761,16,46942,46957,46954,0
46973,1511787858672208,16730833,0.5249876,16,46958,46973,46965,0
46989,1511787858721833,16746208,0.53543058,16,46974,46989,46980,0
47005,1511787858777750,16747916,0.57780175,16,46990,47005,47005,0
47021,1511787858813666,16738000,0.53885274,16,47006,47021,47017,0
47037,1511787858864625,16741208,0.5812468,16,47022,47037,47029,0
47053,1511787858921875,16737791,0.51508396,16,47038,47053,47041,0
47069,1511787858975791,16740875,0.50617793,16,47054,47069,47063,0
47085,1511787859027875,16744500,0.53541231,16,47070,47085,47074,0
47101,1511787859077750,16753208,0.57775369,16,47086,47101,47098,0
47117,1511787859124666,16740584,0.54407043,16,47102,47117,47110,0
47133,1511787859175125,16747583,0.5653153,16,47118,47133,47123,0
47149,1511787859228416,16759084,0.59135754,16,47134,47149,47140,0
47165,1511787859287250,16741708,0.59428629,16,47150,47165,47161,0
47181,1511787859336333,16756542,0.54222771,16,47166,47181,47167,0
47197,1511787859385458,16775708,0.60889053,16,47182,47197,47192,0
47213,1511787859450458,16771000,0.56413805,16,47198,47213,47205,0
47229,1511787859501291,16755292,0.54818691,16,47214,47229,47220,0
47245,1511787859539208,16772083,0.54306736,16,47230,47245,47230,0
47261,1511787859604375,16767083,0.51336478,16,47246,47261,47256,0
47277,1511787859649625,16753875,0.49559948,16,47262,47277,47269,0
47293,1511787859694291,16772125,0.55789308,16,47278,47293,47284,0
47309,1511787859758500,16767333,0.52124454,16,47294,47309,47304,0
47325,1511787859793208,16762125,0.59155361,16,47310,47325,47318,0
47341,1511787859847208,16762875,0.51685008,16,47326,47341,47339,0
47357,1511787859903041,16771167,0.59247249,16,47342,47357,47357,0
47373,1511787859948041,16758209,0.51688766,16,47358,47373,47362,0
47389,1511787860003083,16764958,0.56435014,16,47374,47389,47375,0
47405,1511787860060833,16759250,0.5443627,16,47390,47405,47405,0
47421,1511787860110375,16774125,0.60937281,16,47406,47421,47410,0
47437,1511787860164708,16752458,0.52935442,16,47422,47437,47437,0
47453,1511787860218500,16759500,0.57793882,16,47438,47453,47446,0
47469,1511787860268416,16759000,0.54752469,16,47454,47469,47463,0
47485,1511787860316333,16781875,0.55488833,16,47470,47485,47478,0
47501,1511787860378708,16780042,0.60108749,16,47486,47501,47494,0
47517,1511787860441625,16773291,0.58538196,16,47502,47517,47509,0
47533,1511787860475416,16798792,0.63722307,16,47518,47533,47528,0
47549,1511787860527625,16778583,0.62254406,16,47534,47549,47538,0
47565,1511787860577625,16805375,0.6789547,16,47550,47565,47564,0
47581,1511787860625708,16812792,0.62136089,16,47566,47581,47568,0
47597,1511787860680375,16811125,0.60766122,16,47582,47597,47584,0
47613,1511787860739333,16811667,0.60321675,16,47598,47613,47613,0
47629,1511787860782875,16821375,0.62936232,16,47614,47629,47624,0
47645,1511787860829875,16828375,0.5442499,16,47630,47645,47639,0
47661,1511787860891916,16819125,0.50590826,16,47646,47661,47652,0
47677,1511787860941416,16834417,0.54979057,16,47662,47677,47672,0
47693,1511787860982583,16816667,0.53295943,16,47678,47693,47687,0
47709,1511787861026916,16828917,0.52466006,16,47694,47709,47706,0
47725,1511787861081708,16828208,0.50028983,16,47710,47725,47718,0
47741,1511787861129750,16835916,0.5469061,16,47726,47741,47734,0
47757,1511787861175000,16847916,0.53470588,16,47742,47757,47748,0
47773,1511787861233333,16844042,0.63423499,16,47758,47773,47770,0
47789,1511787861276750,16830875,0.56402167,16,47774,47789,47788,0
47805,1511787861327750,16832541,0.50919048,16,47790,47805,47793,0
47821,1511787861379333,16836375,0.55527575,16,47806,47821,47815,0
47837,1511787861429791,16843959,0.574897,16,47822,47837,47829,0
47853,1511787861485000,16843416,0.51985267,16,47838,47853,47845,0
47869,1511787861540708,16817500,0.49486974,16,47854,47869,47857,0
47885,1511787861584250,16828500,0.53222753,16,47870,47885,47873,0
47901,1511787861631041,16838792,0.54016638,16,47886,47901,47900,0
47917,1511787861681625,16845333,0.49904964,16,47902,47917,47915,0
47933,1511787861743458,16815875,0.57117193,16,47918,47933,47931,0
47949,1511787861812625,16815791,0.53043146,16,47934,47949,47939,0
47965,1511787861853875,16808375,0.62730144,16,47950,47965,47963,0
47981,1511787861911708,16825708,0.53918869,16,47966,47981,47977,0
47997,1511787861964916,16827584,0.60054942,16,47982,47997,47989,0
48013,1511787862022416,16800834,0.51195764,16,47998,48013,48013,0
48029,1511787862075791,16820417,0.51381776,16,48014,48029,48019,0
48045,1511787862123375,16803708,0.53054672,16,48030,48045,48034,0
48061,1511787862175625,16803875,0.55444169,16,48046,48061,48060,0
48077,1511787862234541,16801750,0.60328595,16,48062,48077,48068,0
48093,1511787862280000,16811250,0.58332012,16,48078,48093,48093,0
48109,1511787862349125,16796166,0.53566994,16,48094,48109,48095,0
48125,1511787862383500,16836333,0.50631683,16,48110,48125,48115,0
48141,1511787862430250,16823791,0.56523414,16,48126,48141,48140,0
48157,1511787862493166,16816500,0.52476106,16,48142,48157,48147,0
48173,1511787862531083,16836792,0.54160621,16,48158,48173,48165,0
48189,1511787862582916,16837417,0.5634036,16,48174,48189,48188,0
48205,1511787862642208,16836458,0.57044234,16,48190,48205,48200,0
48221,1511787862680291,16851125,0.5572563,16,48206,48221,48206,0
48237,1511787862732500,16829833,0.51637455,16,48222,48237,48234,0
48253,1511787862783708,16834625,0.54096967,16,48238,48253,48249,0
48269,1511787862830375,16861791,0.57473111,16,48254,48269,48260,0
48285,1511787862880458,16846083,0.54327178,16,48270,48285,48280,0
48301,1511787862927500,16870458,0.51600946,16,48286,48301,48291,0
48317,1511787862979000,16845875,0.51569964,16,48302,48317,48312,0
48333,1511787863037875,16843291,0.52303489,16,48318,48333,48322,0
48349,1511787863091750,16841458,0.56083056,16,48334,48349,48339,0
48365,1511787863143708,16841292,0.54635098,16,48350,48365,48361,0
48381,1511787863192458,16837042,0.53980761,16,48366,48381,48379,0
48397,1511787863256166,16835000,0.57515766,16,48382,48397,48396,0
48413,1511787863319875,16806750,0.51772112,16,48398,48413,48403,0
48429,1511787863382541,16797500,0.54711942,16,48414,48429,48428,0
48445,1511787863439291,16794750,0.56648513,16,48430,48445,48435,0
48461,1511787863482625,16793416,0.53414872,16,48446,48461,48450,0
48477,1511787863542125,16833750,0.54935267,16,48462,48477,48475,0
48493,1511787863587250,16798916,0.56940638,16,48478,48493,48479,0
48509,1511787863640666,16799042,0.56699316,16,48494,48509,48505,0
48525,1511787863681833,16816750,0.59869686,16,48510,48525,48523,0
48541,1511787863734875,16809458,0.62217247,16,48526,48541,48533,0
48557,1511787863794416,16808125,0.58711865,16,48542,48557,48547,0
48573,1511787863835125,16814708,0.64256733,16,48558,48573,48558,0
48589,1511787863891000,16816708,0.59023661,16,48574,48589,48575,0
48605,1511787863949208,16822750,0.54486606,16,48590,48605,48595,0
48621,1511787864001416,16817542,0.58625691,16,48606,48621,48617,0
48637,1511787864049458,16843833,0.61410777,16,48622,48637,48625,0
48653,1511787864107125,16831958,0.53343687,16,48638,48653,48647,0
48669,1511787864158291,16834042,0.52480201,16,48654,48669,48661,0
48685,1511787864222041,16845625,0.56459495,16,48670,48685,48672,0
48701,1511787864262500,16827291,0.52249643,16,48686,48701,48696,0
48717,1511787864318958,16823958,0.51843954,16,48702,48717,48711,0
48733,1511787864369000,16829500,0.57056549,16,48718,48733,48730,0
48749,1511787864421666,16830042,0.62837244,16,48734,48749,48738,0
48765,1511787864474875,16834000,0.54640391,16,48750,48765,48762,0
48781,1511787864528833,16834792,0.54962896,16,48766,48781,48770,0
48797,1511787864574458,16845583,0.55030824,16,48782,48797,48790,0
48813,1511787864632375,16841166,0.50565993,16,48798,48813,48810,0
48829,1511787864678291,16850000,0.6161321,16,48814,48829,48819,0
48845,1511787864731666,16842834,0.61037447,16,48830,48845,48830,0
48861,1511787864776458,16870500,0.58086085,16,48846,48861,48848,0
48877,1511787864823250,16873041,0.56674657,16,48862,48877,48866,0
48893,1511787864877125,16868333,0.48566816,16,48878,48893,48880,0
48909,1511787864926291,16867042,0.51622812,16,48894,48909,48905,0
48925,1511787864978583,16868292,0.50517609,16,48910,48925,48917,0
48941,1511787865043750,16848625,0.5982365,16,48926,48941,48934,0
48957,1511787865087708,16869625,0.51725168,16,48942,48957,48943,0
48973,1511787865129125,16873500,0.55308202,16,48958,48973,48973,0
48989,1511787865180791,16884792,0.56507668,16,48974,48989,48980,0
49005,1511787865243625,16870916,0.5487368,16,48990,49005,49003,0
49021,1511787865280458,16899250,0.59210864,16,49006,49021,49019,0
49037,1511787865336916,16907167,0.5914316,16,49022,49037,49025,0
49053,1511787865387791,16900750,0.52803607,16,49038,49053,49046,0
49069,1511787865429666,16920834,0.57028531,16,49054,49069,49059,0
49085,1511787865487166,16910000,0.51158727,16,49070,49085,49073,0
49101,1511787865537666,16908084,0.50716468,16,49086,49101,49089,0
49117,1511787865588333,16905167,0.52076384,16,49102,49117,49117,0
49133,1511787865638958,16919583,0.52672973,16,49118,49133,49132,0
49149,1511787865697291,16908334,0.5676594,16,49134,49149,49138,0
49165,1511787865743333,16909792,0.52923528,16,49150,49165,49158,0
49181,1511787865790541,16928625,0.54424369,16,49166,49181,49175,0
49197,1511787865837166,16923250,0.59024978,16,49182,49197,49185,0
49213,1511787865896416,16927459,0.60359799,16,49198,49213,49210,0
49229,1511787865941500,16929541,0.52624889,16,49214,49229,49228,0
49245,1511787866002333,16933875,0.54508555,16,49230,49245,49230,0
49261,1511787866050208,16931417,0.55962926,16,49246,49261,49249,0
49277,1511787866103333,16922250,0.58793211,16,49262,49277,49267,0
49293,1511787866159208,16926042,0.56479901,16,49278,49293,49293,0
49309,1511787866215041,17084250,0.53789599,16,49294,49309,49297,0
49325,1511787866273791,17027042,0.55510558,16,49310,49325,49311,0
49341,1511787866323291,16978625,0.51991347,16,49326,49341,49329,0
49357,1511787866375833,16927125,0.53068962,16,49342,49357,49343,0
49373,1511787866425666,16927750,0.54229826,16,49358,49373,49371,0
49389,1511787866472708,16926208,0.55785443,16,49374,49389,49380,0
49405,1511787866518208,16942042,0.54097903,16,49390,49405,49390,0
49421,1511787866570166,16944417,0.52503205,16,49406,49421,49416,0
49437,1511787866622666,16951209,0.49824942,16,49422,49437,49435,0
49453,1511787866667625,16934166,0.53044261,16,49438,49453,49445,0
49469,1511787866719875,16953791,0.52599796,16,49454,49469,49466,0
49485,1511787866773916,16971292,0.5219651,16,49470,49485,49485,0
49501,1511787866823791,16945000,0.56447498,16,49486,49501,49487,0
49517,1511787866883166,16941584,0.50197223,16,49502,49517,49509,0
49533,1511787866956708,16935083,0.51477951,16,49518,49533,49519,0
49549,1511787866982208,16938167,0.56453933,16,49534,49549,49549,0
49565,1511787867034291,16960917,0.55658648,16,49550,49565,49555,0
49581,1511787867084208,16942000,0.53264351,16,49566,49581,49574,0
49597,1511787867173708,16905333,0.51966133,16,49582,49597,49596,0
49613,1511787867207916,16927834,0.51605441,16,49598,49613,49600,0
49629,1511787867270000,16916833,0.51637072,16,49614,49629,49616,0
49645,1511787867312500,16931875,0.52938441,16,49630,49645,49630,0
49661,1511787867364208,16934625,0.59659302,16,49646,49661,49648,0
49677,1511787867415041,16917042,0.53631284,16,49662,49677,49677,0
49693,1511787867472625,16935541,0.5352439,16,49678,49693,49687,0
49709,1511787867521875,16914750,0.54313551,16,49694,49709,49694,0
49725,1511787867580083,16906792,0.53453951,16,49710,49725,49713,0
49741,1511787867639333,16899667,0.51873762,16,49726,49741,49736,0
49757,1511787867685541,16903834,0.54424943,16,49742,49757,49757,0
49773,1511787867747958,16896875,0.53112922,16,49758,49773,49770,0
49789,1511787867804625,16896708,0.518203,16,49774,49789,49784,0
49805,1511787867862416,16896792,0.5380244,16,49790,49805,49804,0
49821,1511787867911083,16877583,0.50469773,16,49806,49821,49817,0
49837,1511787867966500,16886833,0.53428425,16,49822,49837,49833,0
49853,1511787868026250,16893458,0.58975026,16,49838,49853,49840,0
49869,1511787868071041,16881750,0.54260572,16,49854,49869,49865,0
49885,1511787868118125,16893958,0.55758862,16,49870,49885,49874,0
49901,1511787868174958,16894417,0.58109981,16,49886,49901,49897,0
49917,1511787868217541,16911792,0.51133761,16,49902,49917,49911,0
49933,1511787868269666,16899834,0.5994441,16,49918,49933,49925,0
49949,1511787868322958,16905917,0.57208067,16,49934,49949,49934,0
49965,1511787868375583,16912875,0.52155585,16,49950,49965,49954,0
49981,1511787868428666,16918167,0.5195619,16,49966,49981,49975,0
49997,1511787868483041,16895292,0.53399859,16,49982,49997,49994,0
50013,1511787868529708,16925250,0.57674504,16,49998,50013,49998,0
50029,1511787868587541,16896417,0.52876605,16,50014,50029,50019,0
50045,1511787868642541,16892084,0.55228284,16,50030,50045,50035,0
50061,1511787868693333,16917750,0.61424866,16,50046,50061,50051,0
50077,1511787868744500,16921333,0.5428962,16,50062,50077,50069,0
50093,1511787868806500,16887708,0.54536371,16,50078,50093,50093,0
50109,1511787868857458,16888125,0.51358172,16,50094,50109,50095,0
50125,1511787868912833,16884833,0.52047525,16,50110,50125,50111,0
50141,1511787868967166,16886417,0.56341697,16,50126,50141,50135,0
50157,1511787869022750,16886083,0.50598737,16,50142,50157,50153,0
50173,1511787869091416,16859542,0.54812383,16,50158,50173,50165,0
50189,1511787869132333,16873667,0.51272527,16,50174,50189,50174,0
50205,1511787869181708,16880000,0.58531074,16,50190,50205,50201,0
50221,1511787869242750,16877458,0.51341856,16,50206,50221,50220,0
50237,1511787869285583,16890625,0.5321683,16,50222,50237,50235,0
50253,1511787869338083,16869375,0.57959963,16,50238,50253,50240,0
50269,1511787869392750,16886250,0.53939186,16,50254,50269,50263,0
50285,1511787869451958,16884625,0.56691014,16,50270,50285,50277,0
50301,1511787869501416,16892084,0.61688379,16,50286,50301,50288,0
50317,1511787869550250,16896833,0.54188781,16,50302,50317,50311,0
50333,1511787869597500,16883458,0.5170034,16,50318,50333,50333,0
50349,1511787869654000,16882083,0.62930165,16,50334,50349,50343,0
50365,1511787869703041,16886000,0.56345915,16,50350,50365,50364,0
50381,1511787869748666,16894084,0.56470256,16,50366,50381,50367,0
50397,1511787869801916,16903542,0.55157685,16,50382,50397,50387,0
50413,1511787869853500,16911958,0.51391273,16,50398,50413,50408,0
50429,1511787869910166,16887125,0.53633985,16,50414,50429,50425,0
50445,1511787869958625,16893125,0.56272952,16,50430,50445,50431,0
50461,1511787870009916,16894375,0.53590902,16,50446,50461,50461,0
50477,1511787870067250,16910250,0.53728671,16,50462,50477,50472,0
50493,1511787870106458,16903958,0.54948656,16,50478,50493,50488,0
50509,1511787870162416,16900667,0.51741712,16,50494,50509,50503,0
50525,1511787870213333,16898708,0.51471585,16,50510,50525,50519,0
50541,1511787870272500,16915458,0.52772447,16,50526,50541,50541,0
50557,1511787870320625,16898291,0.53960327,16,50542,50557,50547,0
50573,1511787870376666,16902625,0.51684656,16,50558,50573,50561,0
50589,1511787870436041,16899167,0.57240215,16,50574,50589,50581,0
50605,1511787870478041,16918042,0.53638123,16,50590,50605,50603,0
50621,1511787870525625,16923833,0.51281188,16,50606,50621,50607,0
50637,1511787870589958,16911167,0.55258957,16,50622,50637,50635,0
50653,1511787870642916,16914709,0.56477551,16,50638,50653,50649,0
50669,1511787870690958,16921083,0.58270619,16,50654,50669,50654,0
50685,1511787870742583,16922708,0.49033703,16,50670,50685,50682,0
50701,1511787870792375,16931166,0.53560266,16,50686,50701,50692,0
50717,1511787870844250,16934750,0.53335984,16,50702,50717,50716,0
50733,1511787870896166,16912750,0.55317558,16,50718,50733,50721,0
50749,1511787870950416,16907084,0.52772,16,50734,50749,50741,0
50765,1511787870992958,16923458,0.52073507,16,50750,50765,50757,0
50781,1511787871044083,16925333,0.52086412,16,50766,50781,50767,0
50797,1511787871107375,16915666,0.55310305,16,50782,50797,50786,0
50813,1511787871153750,16924125,0.54876987,16,50798,50813,50809,0
50829,1511787871213125,16922041,0.58112582,16,50814,50829,50827,0
50845,1511787871260291,16929209,0.57516113,16,50830,50845,50830,0
50861,1511787871314875,16905458,0.47949589,16,50846,50861,50847,0
50877,1511787871365250,16940333,0.5688408,16,50862,50877,50873,0
50893,1511787871405625,16917791,0.50376602,16,50878,50893,50888,0
50909,1511787871464625,16920250,0.51871259,16,50894,50909,50900,0
50925,1511787871520000,16903583,0.55467745,16,50910,50925,50919,0
50941,1511787871568416,16918875,0.55916626,16,50926,50941,50940,0
50957,1511787871626083,16924333,0.62488011,16,50942,50957,50957,0
50973,1511787871686916,16924000,0.57961903,16,50958,50973,50968,0
50989,1511787871738833,16912708,0.586156,16,50974,50989,50984,0
51005,1511787871783000,16930666,0.54022587,16,50990,51005,50997,0
51021,1511787871837541,16930709,0.54013457,16,51006,51021,51021,0
51037,1511787871887291,16937042,0.53751478,16,51022,51037,51027,0
51053,1511787871932541,16950334,0.52971063,16,51038,51053,51046,0
51069,1511787871989250,16950500,0.58824224,16,51054,51069,51069,0
51085,1511787872038916,16940709,0.5702585,16,51070,51085,51082,0
51101,1511787872096208,16957583,0.59512176,16,51086,51101,51101,0
51117,1511787872140250,16945500,0.54369076,16,51102,51117,51106,0
51133,1511787872198250,16952666,0.52064146,16,51118,51133,51129,0
51149,1511787872254625,16931000,0.50604009,16,51134,51149,51137,0
51165,1511787872308375,16936125,0.53597923,16,51150,51165,51162,0
51181,1511787872356333,16950542,0.52078731,16,51166,51181,51176,0
51197,1511787872417416,16945500,0.52004801,16,51182,51197,51192,0
51213,1511787872462791,16933292,0.53527388,16,51198,51213,51207,0
51229,1511787872522958,16928708,0.55106989,16,51214,51229,51228,0
51245,1511787872576666,16931167,0.57593519,16,51230,51245,51231,0
51261,1511787872619500,16941041,0.54510676,16,51246,51261,51259,0
51277,1511787872675750,16940291,0.5190593,16,51262,51277,51267,0
51293,1511787872727166,16941084,0.53337058,16,51278,51293,51281,0
51309,1511787872781250,16947083,0.56344984,16,51294,51309,51299,0
51325,1511787872835625,16952750,0.55247573,16,51310,51325,51315,0
51341,1511787872881666,16962542,0.57179372,16,51326,51341,51340,0
51357,1511787872931750,16967250,0.55977806,16,51342,51357,51355,0
51373,1511787872993166,16958334,0.50891379,16,51358,51373,51359,0
51389,1511787873044500,16964166,0.54086547,16,51374,51389,51389,0
51405,1511787873102416,16940875,0.58236464,16,51390,51405,51396,0
51421,1511787873153833,16943000,0.57055229,16,51406,51421,51419,0
51437,1511787873200291,16963750,0.54007333,16,51422,51437,51434,0
51453,1511787873262750,16954916,0.52703135,16,51438,51453,51438,0
51469,1511787873325250,16923166,0.53735692,16,51454,51469,51465,0
51485,1511787873364166,16934792,0.57600487,16,51470,51485,51480,0
51501,1511787873429750,16925208,0.54143084,16,51486,51501,51491,0
51517,1511787873474750,16930625,0.60048011,16,51502,51517,51516,0
51533,1511787873524000,16932291,0.5274253,16,51518,51533,51531,0
51549,1511787873580750,16950333,0.54380313,16,51534,51549,51547,0
51565,1511787873633208,16930250,0.54492726,16,51550,51565,51551,0
51581,1511787873681958,16953708,0.62010245,16,51566,51581,51578,0
51597,1511787873734666,16953542,0.56208303,16,51582,51597,51583,0
51613,1511787873792291,16948834,0.53720438,16,51598,51613,51603,0
51629,1511787873866208,16925958,0.50003434,16,51614,51629,51615,0
51645,1511787873901625,16945125,0.61426755,16,51630,51645,51636,0
51661,1511787873946916,16956000,0.53341636,16,51646,51661,51651,0
51677,1511787873999250,16959625,0.52546988,16,51662,51677,51666,0
51693,1511787874057750,16970958,0.56909459,16,51678,51693,51688,0
51709,1511787874116333,16939542,0.52709655,16,51694,51709,51697,0
51725,1511787874165041,16945375,0.58394107,16,51710,51725,51722,0
51741,1511787874214416,16951334,0.56906062,16,51726,51741,51732,0
51757,1511787874270041,16946209,0.55659648,16,51742,51757,51743,0
51773,1511787874321458,16950875,0.55675077,16,51758,51773,51764,0
51789,1511787874371000,16953250,0.58774306,16,51774,51789,51782,0
51805,1511787874424166,16950667,0.53124907,16,51790,51805,51790,0
51821,1511787874474916,16956000,0.57360326,16,51806,51821,51810,0
51837,1511787874523666,16962834,0.61091659,16,51822,51837,51830,0
51853,1511787874577583,16962250,0.58048046,16,51838,51853,51846,0
51869,1511787874635166,16961417,0.56138111,16,51854,51869,51863,0
51885,1511787874675333,16976917,0.49335542,16,51870,51885,51885,0
51901,1511787874744166,16963000,0.52658394,16,51886,51901,51897,0
51917,1511787874780041,16979959,0.54762825,16,51902,51917,51912,0
51933,1511787874836958,16957375,0.56647484,16,51918,51933,51919,0
51949,1511787874890416,16974459,0.52995275,16,51934,51949,51940,0
51965,1511787874944666,16979375,0.54547639,16,51950,51965,51954,0
51981,1511787874989625,16962875,0.51110607,16,51966,51981,51978,0
51997,1511787875043166,16962042,0.57921946,16,51982,51997,51992,0
52013,1511787875090708,16969208,0.49962337,16,51998,52013,52003,0
52029,1511787875153791,16966667,0.55719415,16,52014,52029,52026,0
52045,1511787875198750,16960375,0.53444174,16,52030,52045,52041,0
52061,1511787875248166,16965084,0.52281651,16,52046,52061,52056,0
52077,1511787875310750,16953625,0.5566553,16,52062,52077,52068,0
52093,1511787875352291,16966834,0.51966332,16,52078,52093,52081,0
52109,1511787875405625,16986875,0.59584126,16,52094,52109,52094,0
52125,1511787875464208,16961958,0.52499554,16,52110,52125,52117,0
52141,1511787875511083,16969333,0.54168069,16,52126,52141,52128,0
52157,1511787875559625,16973791,0.53969526,16,52142,52157,52143,0
52173,1511787875608125,16978708,0.52924006,16,52158,52173,52172,0
52189,1511787875659916,16977667,0.54130049,16,52174,52189,52184,0
52205,1511787875706833,16989708,0.5679259,16,52190,52205,52195,0
52221,1511787875760750,16988291,0.60658991,16,52206,52221,52213,0
52237,1511787875820416,16998584,0.52821973,16,52222,52237,52237,0
52253,1511787875867666,16974209,0.54105471,16,52238,52253,52251,0
52269,1511787875925583,16979667,0.55914381,16,52254,52269,52257,0
52285,1511787875979666,16963000,0.51540391,16,52270,52285,52275,0
52301,1511787876031041,16973375,0.53963304,16,52286,52301,52290,0
52317,1511787876099583,16964833,0.54212262,16,52302,52317,52316,0
52333,1511787876151291,16948917,0.50495352,16,52318,52333,52332,0
52349,1511787876217083,16941042,0.53848497,16,52334,52349,52348,0
52365,1511787876259625,16959583,0.56709544,16,52350,52365,52364,0
52381,1511787876316250,16937958,0.55139481,16,52366,52381,52373,0
52397,1511787876374208,16940500,0.54109501,16,52382,52397,52397,0
52413,1511787876409791,16964167,0.54484091,16,52398,52413,52413,0
52429,1511787876473875,16958875,0.51181258,16,52414,52429,52428,0
52445,1511787876513458,16947875,0.54292318,16,52430,52445,52441,0
52461,1511787876558375,16962541,0.57312292,16,52446,52461,52448,0
52477,1511787876614875,16966958,0.51019373,16,52462,52477,52469,0
52493,1511787876669125,16947708,0.61519844,16,52478,52493,52489,0
52509,1511787876708375,16969541,0.5219918,16,52494,52509,52506,0
52525,1511787876762625,16972750,0.59635555,16,52510,52525,52518,0
52541,1511787876810666,16986834,0.56641971,16,52526,52541,52528,0
52557,1511787876874250,16987375,0.57918121,16,52542,52557,52557,0
52573,1511787876925500,16996333,0.58536558,16,52558,52573,52558,0
52589,1511787876977625,16972791,0.53419446,16,52574,52589,52583,0
52605,1511787877034250,16975208,0.52208568,16,52590,52605,52590,0
52621,1511787877097791,16971042,0.51138538,16,52606,52621,52617,0
52637,1511787877159708,16941875,0.58102165,16,52622,52637,52636,0
52653,1511787877205125,16951083,0.57434784,16,52638,52653,52643,0
52669,1511787877261833,16960417,0.50654981,16,52654,52669,52665,0
52685,1511787877312541,16971834,0.55902811,16,52670,52685,52683,0
52701,1511787877367541,16956084,0.522794,16,52686,52701,52691,0
52717,1511787877428333,16959167,0.56774824,16,52702,52717,52713,0
52733,1511787877494041,16933000,0.53461299,16,52718,52733,52726,0
52749,1511787877546416,16940792,0.59425728,16,52734,52749,52738,0
52765,1511787877599916,16940625,0.54912942,16,52750,52765,52761,0
52781,1511787877650958,16948500,0.50432452,16,52766,52781,52780,0
52797,1511787877711625,16943916,0.52475818,16,52782,52797,52792,0
52813,1511787877754083,16931125,0.51212507,16,52798,52813,52798,0
52829,1511787877806458,16940250,0.5317985,16,52814,52829,52820,0
52845,1511787877852875,16953166,0.55950623,16,52830,52845,52835,0
52861,1511787877907375,16937041,0.51523349,16,52846,52861,52856,0
52877,1511787877956166,16944500,0.58268334,16,52862,52877,52869,0
52893,1511787878008375,16952291,0.5255556,16,52878,52893,52887,0
52909,1511787878061333,16959542,0.60823272,16,52894,52909,52905,0
52925,1511787878106875,16980750,0.59768183,16,52910,52925,52920,0
52941,1511787878165750,16963416,0.58994817,16,52926,52941,52930,0
52957,1511787878218541,16971334,0.55841487,16,52942,52957,52954,0
52973,1511787878264250,16989708,0.57736988,16,52958,52973,52972,0
52989,1511787878318958,16970208,0.56509349,16,52974,52989,52982,0
53005,1511787878360291,16986834,0.59117187,16,52990,53005,53000,0
53021,1511787878421375,16990333,0.61129457,16,53006,53021,53016,0
53037,1511787878460083,17010750,0.51903275,16,53022,53037,53037,0
53053,1511787878509708,16995292,0.53503438,16,53038,53053,53049,0
53069,1511787878562875,17003791,0.53213392,16,53054,53069,53068,0
53085,1511787878612958,16994333,0.50818898,16,53070,53085,53070,0
53101,1511787878667041,17003459,0.54657576,16,53086,53101,53094,0
53117,1511787878722250,17002833,0.52732411,16,53102,53117,53113,0
53133,1511787878782833,17001458,0.55218964,16,53118,53133,53130,0
53149,1511787878825708,16988125,0.554384,16,53134,53149,53148,0
53165,1511787878879416,16986125,0.51570919,16,53150,53165,53159,0
53181,1511787878929583,16990792,0.4972437,16,53166,53181,53176,0
53197,1511787878980875,16995458,0.53649646,16,53182,53197,53182,0
53213,1511787879043458,16987500,0.56548277,16,53198,53213,53212,0
53229,1511787879093916,16991500,0.55700835,16,53214,53229,53228,0
53245,1511787879151208,16986125,0.5609949,16,53230,53245,53241,0
53261,1511787879207416,16984667,0.50750746,16,53246,53261,53258,0
53277,1511787879256416,16987959,0.51794612,16,53262,53277,53268,0
53293,1511787879310541,16964792,0.52542332,16,53278,53293,53285,0
53309,1511787879370666,16960792,0.60562089,16,53294,53309,53295,0
53325,1511787879410583,16992875,0.58006583,16,53310,53325,53319,0
53341,1511787879485791,16943084,0.51606502,16,53326,53341,53326,0
53357,1511787879534125,16949041,0.5192276,16,53342,53357,53352,0
53373,1511787879563791,16977500,0.543015,16,53358,53373,53364,0
53389,1511787879622416,16983084,0.58043604,16,53374,53389,53374,0
53405,1511787879680333,16953667,0.52448214,16,53390,53405,53396,0
53421,1511787879729666,16959792,0.54380118,16,53406,53421,53414,0
53437,1511787879780541,16958417,0.560164,16,53422,53437,53432,0
53453,1511787879828291,16986292,0.57328092,16,53438,53453,53441,0
53469,1511787879874250,16978333,0.54890431,16,53454,53469,53462,0
53485,1511787879923666,16979334,0.5494265,16,53470,53485,53471,0
53501,1511787879982125,16973833,0.5274599,16,53486,53501,53493,0
53517,1511787880031000,16979958,0.53404649,16,53502,53517,53517,0
53533,1511787880079125,16986041,0.60377393,16,53518,53533,53520,0
53549,1511787880133791,16984667,0.49746445,16,53534,53549,53535,0
53565,1511787880188833,16983167,0.51221854,16,53550,53565,53552,0
53581,1511787880237166,16988875,0.54705374,16,53566,53581,53577,0
53597,1511787880278958,16999958,0.54757211,16,53582,53597,53586,0
53613,1511787880333833,16999708,0.600102,16,53598,53613,53607,0
53629,1511787880385166,16982500,0.51300334,16,53614,53629,53626,0
53645,1511787880449708,16991500,0.55914469,16,53630,53645,53644,0
53661,1511787880492458,16980250,0.5629357,16,53646,53661,53652,0
53677,1511787880542291,16984875,0.50341312,16,53662,53677,53668,0
53693,1511787880593791,16990125,0.5499621,16,53678,53693,53687,0
53709,1511787880649625,16990500,0.52573392,16,53694,53709,53696,0
53725,1511787880704333,16972042,0.55531607,16,53710,53725,53710,0
53741,1511787880763125,16969375,0.55954252,16,53726,53741,53739,0
53757,1511787880829291,16961792,0.52007131,16,53742,53757,53752,0
53773,1511787880893291,16952209,0.52218175,16,53758,53773,53759,0
53789,1511787880948708,16953083,0.55235485,16,53774,53789,53780,0
53805,1511787880992000,16961541,0.51423997,16,53790,53805,53791,0
53821,1511787881052750,16933416,0.60232928,16,53806,53821,53818,0
53837,1511787881096500,16964000,0.62713047,16,53822,53837,53836,0
53853,1511787881146750,16971750,0.58468253,16,53838,53853,53845,0
53869,1511787881199750,16975000,0.59450729,16,53854,53869,53857,0
53885,1511787881251333,16975708,0.59142054,16,53870,53885,53882,0
53901,1511787881302500,16977791,0.53102201,16,53886,53901,53900,0
53917,1511787881366041,16966459,0.51230478,16,53902,53917,53903,0
53933,1511787881409916,16987209,0.51352125,16,53918,53933,53929,0
53949,1511787881454375,17001666,0.6093607,16,53934,53949,53945,0
53965,1511787881536958,16970250,0.54197775,16,53950,53965,53950,0
53981,1511787881578500,16962125,0.5839479,16,53966,53981,53972,0
53997,1511787881637541,16955875,0.57039646,16,53982,53997,53995,0
54013,1511787881693666,16955125,0.55242839,16,53998,54013,54012,0
54029,1511787881743041,16963834,0.57974961,16,54014,54029,54021,0
54045,1511787881788291,16973250,0.53147616,16,54030,54045,54038,0
54061,1511787881840208,16972917,0.50964664,16,54046,54061,54054,0
54077,1511787881903375,16968666,0.55830203,16,54062,54077,54077,0
54093,1511787881951041,16976834,0.56309314,16,54078,54093,54084,0
54109,1511787882002583,16981667,0.57291308,16,54094,54109,54105,0
54125,1511787882060541,16976959,0.57706957,16,54110,54125,54114,0
54141,1511787882119375,16973875,0.54879027,16,54126,54141,54130,0
54157,1511787882181833,16966458,0.55134354,16,54142,54157,54145,0
54173,1511787882237458,16943250,0.59451462,16,54158,54173,54167,0
54189,1511787882291958,16942667,0.56115631,16,54174,54189,54186,0
54205,1511787882345625,16942708,0.61624675,16,54190,54205,54195,0
54221,1511787882390833,16969500,0.53265609,16,54206,54221,54217,0
54237,1511787882448000,16941083,0.51390709,16,54222,54237,54231,0
54253,1511787882497416,16966459,0.51228941,16,54238,54253,54238,0
54269,1511787882549708,16969750,0.65692913,16,54254,54269,54263,0
54285,1511787882596375,16979458,0.55735566,16,54270,54285,54270,0
54301,1511787882653333,16956750,0.49105019,16,54286,54301,54293,0
54317,1511787882713083,16950583,0.53851144,16,54302,54317,54314,0
54333,1511787882759875,16958500,0.52514082,16,54318,54333,54326,0
54349,1511787882815000,16958833,0.50921514,16,54334,54349,54346,0
54365,1511787882868458,16960083,0.50896084,16,54350,54365,54358,0
54381,1511787882927041,16957334,0.52375666,16,54366,54381,54375,0
54397,1511787882976083,16937792,0.54515473,16,54382,54397,54394,0
54413,1511787883036166,16929334,0.52861713,16,54398,54413,54402,0
54429,1511787883083000,16933958,0.51784841,16,54414,54429,54421,0
54445,1511787883134458,16938208,0.50936733,16,54430,54445,54431,0
54461,1511787883189625,16937166,0.53346578,16,54446,54461,54452,0
54477,1511787883245583,16942583,0.61805452,16,54462,54477,54465,0
54493,1511787883292333,16955042,0.59988479,16,54478,54493,54479,0
54509,1511787883349541,16954292,0.56065591,16,54494,54509,54506,0
54525,1511787883398125,16957833,0.54243977,16,54510,54525,54524,0
54541,1511787883453666,16942834,0.51280181,16,54526,54541,54535,0
54557,1511787883506833,16949958,0.56742988,16,54542,54557,54547,0
54573,1511787883554958,16944000,0.51574676,16,54558,54573,54563,0
54589,1511787883607000,16948000,0.60662932,16,54574,54589,54587,0
54605,1511787883661875,16945541,0.60639667,16,54590,54605,54591,0
54621,1511787883716916,16953667,0.55603935,16,54606,54621,54620,0
54637,1511787883771000,16946333,0.53061159,16,54622,54637,54631,0
54653,1511787883824791,16939417,0.47857914,16,54638,54653,54650,0
54669,1511787883875708,16932875,0.56011631,16,54654,54669,54665,0
54685,1511787883927208,16946583,0.52874859,16,54670,54685,54677,0
54701,1511787883979833,16944500,0.52426921,16,54686,54701,54688,0
54717,1511787884028333,16955708,0.53426714,16,54702,54717,54711,0
54733,1511787884089208,16936708,0.53652698,16,54718,54733,54725,0
54749,1511787884129958,16960708,0.55932699,16,54734,54749,54742,0
54765,1511787884187666,16952667,0.51041071,16,54750,54765,54765,0
54781,1511787884232458,16955417,0.52512195,16,54766,54781,54775,0
54797,1511787884292708,16962708,0.57407054,16,54782,54797,54790,0
54813,1511787884337791,16948500,0.62261602,16,54798,54813,54803,0
54829,1511787884392291,16945292,0.52006434,16,54814,54829,54825,0
54845,1511787884441791,16948709,0.51921275,16,54830,54845,54831,0
54861,1511787884490625,16953125,0.56029397,16,54846,54861,54854,0
54877,1511787884538833,16956667,0.53372201,16,54862,54877,54871,0
54893,1511787884591125,16972500,0.55220386,16,54878,54893,54884,0
54909,1511787884647666,16937375,0.56486188,16,54894,54909,54907,0
54925,1511787884701375,16936250,0.51277621,16,54910,54925,54920,0
54941,1511787884740833,16953167,0.54117119,16,54926,54941,54926,0
54957,1511787884791000,16954208,0.54893627,16,54942,54957,54951,0
54973,1511787884848791,16947084,0.55234362,16,54958,54973,54964,0
54989,1511787884903166,16933917,0.51977089,16,54974,54989,54979,0
55005,1511787884955125,16939000,0.50578914,16,54990,55005,54991,0
55021,1511787885018125,16939208,0.55651513,16,55006,55021,55011,0
55037,1511787885063416,16948875,0.57629691,16,55022,55037,55030,0
55053,1511787885126708,16941167,0.52430382,16,55038,55053,55046,0
55069,1511787885168125,16955833,0.52921998,16,55054,55069,55062,0
55085,1511787885222791,16928750,0.56076347,16,55070,55085,55078,0
55101,1511787885278250,16947833,0.55661138,16,55086,55101,55086,0
55117,1511787885329083,16927958,0.55118268,16,55102,55117,55114,0
55133,1511787885382833,16949458,0.58066394,16,55118,55133,55121,0
55149,1511787885448958,16914667,0.50513297,16,55134,55149,55145,0
55165,1511787885486958,16930417,0.57907431,16,55150,55165,55163,0
55181,1511787885535166,16938417,0.50979416,16,55166,55181,55167,0
55197,1511787885619666,16908792,0.59726526,16,55182,55197,55187,0
55213,1511787885647125,16947791,0.56799537,16,55198,55213,55213,0
55229,1511787885697666,16924417,0.54673587,16,55214,55229,55220,0
55245,1511787885754375,16920916,0.61549548,16,55230,55245,55236,0
55261,1511787885803125,16941083,0.57328859,16,55246,55261,55249,0
55277,1511787885852833,16938208,0.51915278,16,55262,55277,55267,0
55293,1511787885911375,16926000,0.51583804,16,55278,55293,55280,0
55309,1511787885954666,16928209,0.53777212,16,55294,55309,55295,0
55325,1511787886001916,16943500,0.54706782,16,55310,55325,55323,0
55341,1511787886057125,16933708,0.56876032,16,55326,55341,55337,0
55357,1511787886115791,16929834,0.58694564,16,55342,55357,55347,0
55373,1511787886161583,16930292,0.57959634,16,55358,55373,55373,0
55389,1511787886210958,16928125,0.52126134,16,55374,55389,55384,0
55405,1511787886269416,16928334,0.54775355,16,55390,55405,55398,0
55421,1511787886320666,16920125,0.57529209,16,55406,55421,55421,0
55437,1511787886384416,16915917,0.59284452,16,55422,55437,55433,0
55453,1511787886437625,16924166,0.53360851,16,55438,55453,55438,0
55469,1511787886483041,16931125,0.52541705,16,55454,55469,55467,0
55485,1511787886536000,16933291,0.5418989,16,55470,55485,55483,0
55501,1511787886591833,16930917,0.58112991,16,55486,55501,55486,0
55517,1511787886639208,16953625,0.55143789,16,55502,55517,55514,0
55533,1511787886693708,16921750,0.56412077,16,55518,55533,55526,0
55549,1511787886749666,16922959,0.59535012,16,55534,55549,55536,0
55565,1511787886802791,16932209,0.59494978,16,55550,55565,55552,0
55581,1511787886852125,16940375,0.58125207,16,55566,55581,55570,0
55597,1511787886917166,16928250,0.58062014,16,55582,55597,55597,0
55613,1511787886967500,16936583,0.50520951,16,55598,55613,55611,0
55629,1511787887015041,16919875,0.5792506,16,55614,55629,55621,0
55645,1511787887066833,16925458,0.53261592,16,55630,55645,55637,0
55661,1511787887116083,16930500,0.52452866,16,55646,55661,55659,0
55677,1511787887182375,16913916,0.5909536,16,55662,55677,55665,0
55693,1511787887222250,16926958,0.60383213,16,55678,55693,55690,0
55709,1511787887275708,16927250,0.51966123,16,55694,55709,55694,0
55725,1511787887328333,16928458,0.57316861,16,55710,55725,55719,0
55741,1511787887385583,16925958,0.5146472,16,55726,55741,55740,0
55757,1511787887457416,16910125,0.57401221,16,55742,55757,55755,0
55773,1511787887491041,16932667,0.56835374,16,55758,55773,55759,0
55789,1511787887548125,16932375,0.56574393,16,55774,55789,55775,0
55805,1511787887604541,16928625,0.51503952,16,55790,55805,55801,0
55821,1511787887655708,16908708,0.5477593,16,55806,55821,55818,0
55837,1511787887732500,16884958,0.50559218,16,55822,55837,55825,0
55853,1511787887759708,16912792,0.54934283,16,55838,55853,55840,0
55869,1511787887812291,16917084,0.56974878,16,55854,55869,55854,0
55885,1511787887862250,16923791,0.49070633,16,55870,55885,55880,0
55901,1511787887924083,16893208,0.53324376,16,55886,55901,55886,0
55917,1511787887959125,16908625,0.5218941,16,55902,55917,55917,0
55933,1511787888025333,16896292,0.54084088,16,55918,55933,55920,0
55949,1511787888080875,16896833,0.57129647,16,55934,55949,55940,0
55965,1511787888128666,16904125,0.50005557,16,55950,55965,55950,0
55981,1511787888174666,16919959,0.56728352,16,55966,55981,55969,0
55997,1511787888224291,16922834,0.52244611,16,55982,55997,55996,0
56013,1511787888277083,16903417,0.54917374,16,55998,56013,56006,0
56029,1511787888328208,16904042,0.49758557,16,56014,56029,56027,0
56045,1511787888378375,16907916,0.51861047,16,56030,56045,56044,0
56061,1511787888426958,16915000,0.5442774,16,56046,56061,56050,0
56077,1511787888478375,16921833,0.58227665,16,56062,56077,56062,0
56093,1511787888558583,16897333,0.53539552,16,56078,56093,56080,0
56109,1511787888592000,16890041,0.51287743,16,56094,56109,56106,0
56125,1511787888658333,16896250,0.50371955,16,56110,56125,56114,0
56141,1511787888720416,16861667,0.54591447,16,56126,56141,56136,0
56157,1511787888758291,16877750,0.52013773,16,56142,56157,56156,0
56173,1511787888813625,16877125,0.53712727,16,56158,56173,56158,0
56189,1511787888866833,16867750,0.54420846,16,56174,56189,56184,0
56205,1511787888925791,16869625,0.56172985,16,56190,56205,56204,0
56221,1511787888987750,16867291,0.50013145,16,56206,56221,56214,0
56237,1511787889044250,16843166,0.52781947,16,56222,56237,56236,0
56253,1511787889092333,16848208,0.53290206,16,56238,56253,56238,0
56269,1511787889143333,16853458,0.54373617,16,56254,56269,56269,0
56285,1511787889188375,16863541,0.52213085,16,56270,56285,56283,0
56301,1511787889251916,16858334,0.52643872,16,56286,56301,56292,0
56317,1511787889307041,16836959,0.56668448,16,56302,56317,56306,0
56333,1511787889352458,16867542,0.59378722,16,56318,56333,56332,0
56349,1511787889401833,16874542,0.50334048,16,56334,56349,56347,0
56365,1511787889446250,16865416,0.54210548,16,56350,56365,56365,0
56381,1511787889519166,16846542,0.5723423,16,56366,56381,56377,0
56397,1511787889556958,16864542,0.51855819,16,56382,56397,56397,0
56413,1511787889616000,16851500,0.51969692,16,56398,56413,56412,0
56429,1511787889657625,16883125,0.52661564,16,56414,56429,56424,0
56445,1511787889723708,16871333,0.56137076,16,56430,56445,56432,0
56461,1511787889771833,16878208,0.54731092,16,56446,56461,56447,0
56477,1511787889834208,16849292,0.56336057,16,56462,56477,56467,0
56493,1511787889889375,16850833,0.54237777,16,56478,56493,56480,0
56509,1511787889954083,16838000,0.55013272,16,56494,56509,56504,0
56525,1511787889990416,16855917,0.55878688,16,56510,56525,56523,0
56541,1511787890045625,16855666,0.52773131,16,56526,56541,56531,0
56557,1511787890108416,16851917,0.54053373,16,56542,56557,56553,0
56573,1511787890151000,16839583,0.50985885,16,56558,56573,56562,0
56589,1511787890199041,16844084,0.51410685,16,56574,56589,56577,0
56605,1511787890250416,16851250,0.61128015,16,56590,56605,56591,0
56621,1511787890304458,16855500,0.51675551,16,56606,56621,56608,0
56637,1511787890361958,16850125,0.54771339,16,56622,56637,56622,0
56653,1511787890405375,16846541,0.56133468,16,56638,56653,56640,0
56669,1511787890460125,16848666,0.54975797,16,56654,56669,56668,0
56685,1511787890514166,16848750,0.56037401,16,56670,56685,56678,0
56701,1511787890565708,16853292,0.53569154,16,56686,56701,56701,0
56717,1511787890627583,16844792,0.52312331,16,56702,56717,56712,0
56733,1511787890689000,16840750,0.51804386,16,56718,56733,56729,0
56749,1511787890748125,16837708,0.55408116,16,56734,56749,56743,0
56765,1511787890791166,16828417,0.52520865,16,56750,56765,56760,0
56781,1511787890845416,16828250,0.50963118,16,56766,56781,56770,0
56797,1511787890896666,16827292,0.55519004,16,56782,56797,56786,0
56813,1511787890956375,16822708,0.62129146,16,56798,56813,56802,0
56829,1511787891004208,16848958,0.59643162,16,56814,56829,56827,0
56845,1511787891059125,16850166,0.62494963,16,56830,56845,56835,0
56861,1511787891110875,16851833,0.56609457,16,56846,56861,56854,0
56877,1511787891173625,16819875,0.55791297,16,56862,56877,56862,0
56893,1511787891217166,16829959,0.54934049,16,56878,56893,56885,0
56909,1511787891273166,16827125,0.52542375,16,56894,56909,56901,0
56925,1511787891326666,16828792,0.56078571,16,56910,56925,56914,0
56941,1511787891370583,16841208,0.53473926,16,56926,56941,56941,0
56957,1511787891421458,16845250,0.53618197,16,56942,56957,56956,0
56973,1511787891478375,16844541,0.58851053,16,56958,56973,56970,0
56989,1511787891538666,16837459,0.53619585,16,56974,56989,56988,0
57005,1511787891593125,16815708,0.55147156,16,56990,57005,56995,0
57021,1511787891639500,16820208,0.57985495,16,57006,57021,57021,0
57037,1511787891697791,16817042,0.51909015,16,57022,57037,57032,0
57053,1511787891746458,16824792,0.59723363,16,57038,57053,57044,0
57069,1511787891796333,16831292,0.51549612,16,57054,57069,57060,0
57085,1511787891851875,16809208,0.53788331,16,57070,57085,57077,0
57101,1511787891909500,16807625,0.56616627,16,57086,57101,57090,0
57117,1511787891955041,16809834,0.52888558,16,57102,57117,57107,0
57133,1511787892012708,16825000,0.50143066,16,57118,57133,57126,0
57149,1511787892055791,16811292,0.58061997,16,57134,57149,57137,0
57165,1511787892114375,16807333,0.552446,16,57150,57165,57153,0
57181,1511787892161583,16812875,0.51504154,16,57166,57181,57178,0
57197,1511787892216708,16815750,0.52878609,16,57182,57197,57196,0
57213,1511787892269666,16819709,0.5846161,16,57198,57213,57206,0
57229,1511787892326125,16815416,0.58565758,16,57214,57229,57226,0
57245,1511787892393000,16782291,0.54577323,16,57230,57245,57245,0
57261,1511787892428375,16802250,0.53393511,16,57246,57261,57248,0
57277,1511787892478666,16801250,0.57598014,16,57262,57277,57270,0
57293,1511787892529708,16821375,0.53012178,16,57278,57293,57287,0
57309,1511787892579291,16808375,0.58792185,16,57294,57309,57302,0
57325,1511787892640083,16798917,0.55806423,16,57310,57325,57316,0
57341,1511787892685125,16808666,0.57210418,16,57326,57341,57340,0
57357,1511787892751291,16799459,0.52002297,16,57342,57357,57345,0
57373,1511787892803250,16799833,0.51311834,16,57358,57373,57368,0
57389,1511787892847833,16811750,0.56377542,16,57374,57389,57388,0
57405,1511787892900083,16831417,0.58728021,16,57390,57405,57397,0
57421,1511787892947333,16816000,0.53467471,16,57406,57421,57412,0
57437,1511787893002791,16814792,0.56561478,16,57422,57437,57425,0
57453,1511787893072166,16802875,0.49809457,16,57438,57453,57439,0
57469,1511787893106958,16819750,0.52812939,16,57454,57469,57455,0
57485,1511787893153500,16836000,0.5763836,16,57470,57485,57470,0
57501,1511787893208625,16837791,0.53674408,16,57486,57501,57495,0
57517,1511787893257625,16844250,0.55299747,16,57502,57517,57506,0
57533,1511787893307583,16828583,0.56350738,16,57518,57533,57529,0
57549,1511787893374916,16834417,0.57635663,16,57534,57549,57538,0
57565,1511787893409500,16831500,0.542945,16,57550,57565,57554,0
57581,1511787893463083,16851875,0.53153139,16,57566,57581,57577,0
57597,1511787893512291,16831917,0.61263605,16,57582,57597,57590,0
57613,1511787893562708,16843375,0.58890463,16,57598,57613,57606,0
57629,1511787893621208,16845417,0.54314668,16,57614,57629,57619,0
57645,1511787893673250,16823500,0.56064302,16,57630,57645,57642,0
57661,1511787893732791,16834750,0.54539923,16,57646,57661,57656,0
57677,1511787893793041,16831250,0.51289725,16,57662,57677,57669,0
57693,1511787893848083,16833875,0.57324362,16,57678,57693,57687,0
57709,1511787893906083,16809458,0.54904813,16,57694,57709,57709,0
57725,1511787893954291,16827042,0.59954949,16,57710,57725,57720,0
57741,1511787894003166,16845334,0.58667176,16,57726,57741,57730,0
57757,1511787894058958,16853083,0.56922218,16,57742,57757,57744,0
57773,1511787894107583,16851375,0.51880461,16,57758,57773,57763,0
57789,1511787894157291,16850167,0.49775311,16,57774,57789,57779,0
57805,1511787894230791,16825750,0.55231455,16,57790,57805,57801,0
57821,1511787894278458,16844625,0.53600671,16,57806,57821,57817,0
57837,1511787894326583,16841458,0.55659787,16,57822,57837,57836,0
57853,1511787894386625,16831708,0.55756692,16,57838,57853,57850,0
57869,1511787894432083,16849083,0.60599983,16,57854,57869,57866,0
57885,1511787894487666,16855000,0.61526841,16,57870,57885,57875,0
57901,1511787894540958,16848542,0.49663073,16,57886,57901,57899,0
57917,1511787894594583,16838708,0.5432305,16,57902,57917,57903,0
57933,1511787894643500,16846125,0.51465698,16,57918,57933,57930,0
57949,1511787894691666,16854084,0.57622205,16,57934,57949,57946,0
57965,1511787894738916,16860709,0.50950062,16,57950,57965,57959,0
57981,1511787894795791,16836875,0.57578576,16,57966,57981,57981,0
57997,1511787894843708,16864750,0.55313866,16,57982,57997,57994,0
58013,1511787894903958,16831917,0.51840522,16,57998,58013,58007,0
58029,1511787894954208,16847667,0.52789119,16,58014,58029,58017,0
58045,1511787895009583,16837500,0.54402292,16,58030,58045,58035,0
58061,1511787895075458,16828292,0.54135376,16,58046,58061,58052,0
58077,1511787895134041,16800542,0.55352931,16,58062,58077,58071,0
58093,1511787895190333,16797750,0.540579,16,58078,58093,58086,0
58109,1511787895247416,16795334,0.52384756,16,58094,58109,58104,0
58125,1511787895295083,16804958,0.52336055,16,58110,58125,58115,0
58141,1511787895344666,16810250,0.55266603,16,58126,58141,58140,0
58157,1511787895409333,16801833,0.53266356,16,58142,58157,58145,0
58173,1511787895456083,16783833,0.53202618,16,58158,58173,58160,0
58189,1511787895512166,16781459,0.51158293,16,58174,58189,58178,0
58205,1511787895560416,16786625,0.55175353,16,58190,58205,58203,0
58221,1511787895605041,16796500,0.52900011,16,58206,58221,58218,0
58237,1511787895665291,16793584,0.51627793,16,58222,58237,58222,0
58253,1511787895710291,16795834,0.5231662,16,58238,58253,58241,0
58269,1511787895767625,16781625,0.57187917,16,58254,58269,58258,0
58285,1511787895819708,16783417,0.50555864,16,58270,58285,58274,0
58301,1511787895865916,16813167,0.60018103,16,58286,58301,58300,0
58317,1511787895909708,16825667,0.60000012,16,58302,58317,58303,0
58333,1511787895966916,16823792,0.61289621,16,58318,58333,58324,0
58349,1511787896014541,16831584,0.55656227,16,58334,58349,58337,0
58365,1511787896081166,16804875,0.58664847,16,58350,58365,58350,0
58381,1511787896128041,16818000,0.58048003,16,58366,58381,58366,0
58397,1511787896179333,16853167,0.58130708,16,58382,58397,58383,0
58413,1511787896223791,16833292,0.5817166,16,58398,58413,58400,0
58429,1511787896277708,16838875,0.59853826,16,58414,58429,58428,0
58445,1511787896339708,16854458,0.60123526,16,58430,58445,58434,0
58461,1511787896383958,16849708,0.58406268,16,58446,58461,58451,0
58477,1511787896431041,16859459,0.56631682,16,58462,58477,58462,0
58493,1511787896482875,16864291,0.53016427,16,58478,58493,58485,0
58509,1511787896542833,16860333,0.57389313,16,58494,58509,58507,0
58525,1511787896588250,16873291,0.63655577,16,58510,58525,58520,0
58541,1511787896633416,16854959,0.62364014,16,58526,58541,58532,0
58557,1511787896689541,16854417,0.64328916,16,58542,58557,58546,0
58573,1511787896744208,16875667,0.69292101,16,58558,58573,58558,0
58589,1511787896803083,16858333,0.63094415,16,58574,58589,58578,0
58605,1511787896852166,16886459,0.62522518,16,58590,58605,58601,0
58621,1511787896903250,16891000,0.59500802,16,58606,58621,58615,0
58637,1511787896961833,16890417,0.57497912,16,58622,58637,58625,0
58653,1511787897006416,16899375,0.59236712,16,58638,58653,58641,0
58669,1511787897076541,16887750,0.59693152,16,58654,58669,58667,0
58685,1511787897115166,16893125,0.57376481,16,58670,58685,58678,0
58701,1511787897167750,16900625,0.54049538,16,58686,58701,58688,0
58717,1511787897228666,16893000,0.50583365,16,58702,58717,58717,0
58733,1511787897269583,16908417,0.56140928,16,58718,58733,58718,0
58749,1511787897334375,16898208,0.54407725,16,58734,58749,58735,0
58765,1511787897370916,16915042,0.54368482,16,58750,58765,58752,0
58781,1511787897427708,16911208,0.56565344,16,58766,58781,58772,0
58797,1511787897472208,16918958,0.5797131,16,58782,58797,58786,0
58813,1511787897522375,16922041,0.5279953,16,58798,58813,58808,0
58829,1511787897573666,16926209,0.52181109,16,58814,58829,58818,0
58845,1511787897635833,16920792,0.5309386,16,58830,58845,58843,0
58861,1511787897677333,16934833,0.58924264,16,58846,58861,58861,0
58877,1511787897731291,16938167,0.53271455,16,58862,58877,58877,0
58893,1511787897794291,16931209,0.59034389,16,58878,58893,58883,0
58909,1511787897852333,16907875,0.55534157,16,58894,58909,58903,0
58925,1511787897902291,16912792,0.54147205,16,58910,58925,58911,0
58941,1511787897936833,16948500,0.56532869,16,58926,58941,58937,0
58957,1511787897989708,16925667,0.55427947,16,58942,58957,58943,0
58973,1511787898048666,16939709,0.54080373,16,58958,58973,58960,0
58989,1511787898111083,16930875,0.54255687,16,58974,58989,58982,0
59005,1511787898168708,16930417,0.57075411,16,58990,59005,59005,0
59021,1511787898224666,16909459,0.53494084,16,59006,59021,59012,0
59037,1511787898284041,16924209,0.50537483,16,59022,59037,59026,0
59053,1511787898332875,16930875,0.62245042,16,59038,59053,59046,0
59069,1511787898383375,16933416,0.59136867,16,59054,59069,59064,0
59085,1511787898441291,16932042,0.55714357,16,59070,59085,59074,0
59101,1511787898489791,16936042,0.52761942,16,59086,59101,59091,0
59117,1511787898543000,16939041,0.59416998,16,59102,59117,59117,0
59133,1511787898598958,16916042,0.55679275,16,59118,59133,59120,0
59149,1511787898645166,16942750,0.53744336,16,59134,59149,59148,0
59165,1511787898707625,16920875,0.557692,16,59150,59165,59165,0
59181,1511787898759583,16922208,0.57668844,16,59166,59181,59171,0
59197,1511787898809125,16924625,0.51393176,16,59182,59197,59197,0
59213,1511787898859666,16928667,0.52174669,16,59198,59213,59204,0
59229,1511787898918791,16923542,0.51706523,16,59214,59229,59215,0
59245,1511787898969833,16905792,0.56462163,16,59230,59245,59236,0
59261,1511787899038375,16891791,0.55892801,16,59246,59261,59246,0
59277,1511787899084333,16901542,0.52529585,16,59262,59277,59275,0
59293,1511787899131833,16907792,0.48063319,16,59278,59293,59282,0
59309,1511787899183000,16910458,0.55397131,16,59294,59309,59302,0
59325,1511787899241250,16883375,0.5277326,16,59310,59325,59316,0
59341,1511787899292333,16884417,0.53443009,16,59326,59341,59339,0
59357,1511787899350958,16899833,0.54728072,16,59342,59357,59345,0
59373,1511787899392375,16888833,0.57359961,16,59358,59373,59373,0
59389,1511787899444416,16929834,0.58982097,16,59374,59389,59381,0
59405,1511787899522125,16874666,0.59387524,16,59390,59405,59402,0
59421,1511787899565625,16886250,0.53648721,16,59406,59421,59413,0
59437,1511787899609458,16896167,0.55979392,16,59422,59437,59423,0
59453,1511787899660500,16895583,0.58673651,16,59438,59453,59444,0
59469,1511787899715333,16894833,0.55561884,16,59454,59469,59467,0
59485,1511787899769083,16919583,0.59891146,16,59470,59485,59472,0
59501,1511787899817333,16924625,0.567059,16,59486,59501,59499,0
59517,1511787899865958,16932042,0.54110617,16,59502,59517,59508,0
59533,1511787899917625,16931500,0.5162075,16,59518,59533,59531,0
59549,1511787899969500,16910916,0.5195669,16,59534,59549,59545,0
59565,1511787900020291,16913042,0.47657122,16,59550,59565,59550,0
59581,1511787900072333,16913000,0.52685161,16,59566,59581,59578,0
59597,1511787900131750,16908458,0.57563206,16,59582,59597,59582,0
59613,1511787900191250,16888958,0.50319083,16,59598,59613,59601,0
59629,1511787900244125,16898958,0.54349241,16,59614,59629,59618,0
59645,1511787900296125,16890416,0.5302654,16,59630,59645,59642,0
59661,1511787900356625,16886333,0.55430974,16,59646,59661,59649,0
59677,1511787900399750,16892458,0.49142612,16,59662,59677,59669,0
59693,1511787900451583,16894375,0.55765486,16,59678,59693,59687,0
59709,1511787900504875,16899250,0.52647744,16,59694,59709,59704,0
59725,1511787900554708,16904875,0.56033935,16,59710,59725,59723,0
59741,1511787900616958,16887958,0.55646085,16,59726,59741,59741,0
59757,1511787900661583,16909667,0.56474241,16,59742,59757,59745,0
59773,1511787900713625,16896375,0.59348389,16,59758,59773,59762,0
59789,1511787900761625,16906375,0.55161199,16,59774,59789,59787,0
59805,1511787900820833,16909917,0.5262616,16,59790,59805,59799,0
59821,1511787900868125,16907458,0.55151266,16,59806,59821,59809,0
59837,1511787900928791,16890584,0.55358424,16,59822,59837,59834,0
59853,1511787900975250,16903125,0.53532977,16,59838,59853,59848,0
59869,1511787901030708,16911625,0.58900765,16,59854,59869,59860,0
59885,1511787901085500,16902791,0.56412029,16,59870,59885,59873,0
59901,1511787901133958,16912958,0.59958757,16,59886,59901,59897,0
59917,1511787901184291,16921000,0.53700231,16,59902,59917,59908,0
59933,1511787901241833,16909792,0.55649874,16,59918,59933,59920,0
59949,1511787901288333,16910750,0.53585107,16,59934,59949,59946,0
59965,1511787901345000,16929875,0.55163173,16,59950,59965,59964,0
59981,1511787901387083,16930333,0.55401474,16,59966,59981,59967,0
59997,1511787901445166,16929834,0.53481708,16,59982,59997,59984,0
60013,1511787901488875,16925708,0.53359572,16,59998,60013,60006,0
60029,1511787901536958,16937292,0.52945354,16,60014,60029,60015,0
60045,1511787901587833,16933542,0.49297816,16,60030,60045,60037,0
60061,1511787901638583,16933125,0.58000046,16,60046,60061,60050,0
60077,1511787901689000,16944166,0.54882479,16,60062,60077,60073,0
60093,1511787901748333,16944292,0.53858112,16,60078,60093,60091,0
60109,1511787901793708,16941292,0.51495382,16,60094,60109,60109,0
60125,1511787901841541,16938750,0.47574429,16,60110,60125,60113,0
60141,1511787901889250,16937041,0.54111826,16,60126,60141,60130,0
60157,1511787901951291,16932917,0.53251418,16,60142,60157,60143,0
60173,1511787902002666,16925625,0.53015175,16,60158,60173,60167,0
60189,1511787902057541,16916459,0.50417258,16,60174,60189,60176,0
60205,1511787902105041,16927125,0.53790083,16,60190,60205,60195,0
60221,1511787902153791,16924750,0.53559264,16,60206,60221,60221,0
60237,1511787902219208,16906250,0.54401737,16,60222,60237,60225,0
60253,1511787902265250,16918833,0.55770293,16,60238,60253,60242,0
60269,1511787902319375,16910875,0.5325575,16,60254,60269,60264,0
60285,1511787902371666,16910959,0.55721354,16,60270,60285,60271,0
60301,1511787902424500,16914083,0.60133077,16,60286,60301,60289,0
60317,1511787902474333,16926000,0.52633592,16,60302,60317,60317,0
60333,1511787902523625,16920291,0.5575212,16,60318,60333,60325,0
60349,1511787902575291,16911667,0.50349881,16,60334,60349,60338,0
60365,1511787902623166,16920625,0.56936951,16,60350,60365,60351,0
60381,1511787902675625,16918875,0.50552377,16,60366,60381,60381,0
60397,1511787902744291,16899459,0.52836343,16,60382,60397,60393,0
60413,1511787902782083,16922083,0.51412365,16,60398,60413,60406,0
60429,1511787902830833,16920417,0.52545557,16,60414,60429,60427,0
60445,1511787902880750,16930708,0.56810632,16,60430,60445,60434,0
60461,1511787902933166,16929667,0.51261863,16,60446,60461,60454,0
60477,1511787902985375,16937833,0.51218641,16,60462,60477,60471,0
60493,1511787903035166,16932584,0.53804815,16,60478,60493,60490,0
60509,1511787903088125,16938458,0.54776959,16,60494,60509,60497,0
60525,1511787903141166,16930042,0.54065614,16,60510,60525,60524,0
60541,1511787903190125,16954208,0.56016247,16,60526,60541,60540,0
60557,1511787903252083,16921958,0.54858346,16,60542,60557,60557,0
60573,1511787903308666,16942375,0.59212213,16,60558,60573,60573,0
60589,1511787903359458,16946042,0.60591531,16,60574,60589,60582,0
60605,1511787903410541,16946334,0.58299532,16,60590,60605,60596,0
60621,1511787903459000,16949250,0.60575869,16,60606,60621,60615,0
60637,1511787903518458,16946542,0.53225264,16,60622,60637,60628,0
60653,1511787903571125,16969791,0.58668154,16,60638,60653,60648,0
60669,1511787903617666,16957667,0.63295032,16,60654,60669,60666,0
60685,1511787903672208,16973625,0.56883741,16,60670,60685,60674,0
60701,1511787903735583,16959083,0.59340804,16,60686,60701,60699,0
60717,1511787903786000,16957708,0.51402437,16,60702,60717,60702,0
60733,1511787903843333,16962458,0.55059581,16,60718,60733,60724,0
60749,1511787903887666,16967125,0.53365032,16,60734,60749,60749,0
60765,1511787903940541,16963250,0.53954562,16,60750,60765,60764,0
60781,1511787903992958,16971333,0.51831226,16,60766,60781,60767,0
60797,1511787904040458,16973333,0.59501282,16,60782,60797,60790,0
60813,1511787904100166,16975042,0.56564427,16,60798,60813,60808,0
60829,1511787904160458,16961333,0.57055903,16,60814,60829,60816,0
60845,1511787904206666,16978417,0.59075837,16,60830,60845,60831,0
60861,1511787904256125,16975208,0.56860872,16,60846,60861,60856,0
60877,1511787904314041,16968250,0.57184197,16,60862,60877,60876,0
60893,1511787904357625,16978833,0.52230127,16,60878,60893,60883,0
60909,1511787904412500,16979125,0.48741564,16,60894,60909,60903,0
60925,1511787904467708,16957625,0.54435604,16,60910,60925,60911,0
60941,1511787904523291,16976750,0.56171017,16,60926,60941,60929,0
60957,1511787904569750,16983833,0.53509745,16,60942,60957,60943,0
60973,1511787904624708,16961042,0.56130305,16,60958,60973,60967,0
60989,1511787904672958,16982000,0.55313133,16,60974,60989,60975,0
61005,1511787904737000,16974291,0.60153947,16,60990,61005,61002,0
61021,1511787904770708,16995042,0.54022144,16,61006,61021,61008,0
61037,1511787904818666,17000209,0.53242499,16,61022,61037,61026,0
61053,1511787904877541,16997375,0.59920349,16,61038,61053,61040,0
61069,1511787904925541,17006834,0.53302513,16,61054,61069,61067,0
61085,1511787904975666,16986542,0.5284625,16,61070,61085,61079,0
61101,1511787905029291,16988667,0.55665414,16,61086,61101,61101,0
61117,1511787905102250,16962833,0.51278616,16,61102,61117,61109,0
61133,1511787905135250,16983666,0.54541828,16,61118,61133,61129,0
61149,1511787905182583,16999042,0.55847748,16,61134,61149,61142,0
61165,1511787905243208,16998375,0.54556728,16,61150,61165,61161,0
61181,1511787905280583,17007083,0.53793066,16,61166,61181,61179,0
61197,1511787905338500,16995000,0.51287447,16,61182,61197,61186,0
61213,1511787905401041,16993167,0.58873099,16,61198,61213,61211,0
61229,1511787905437250,17029333,0.57723556,16,61214,61229,61216,0
61245,1511787905486875,17028125,0.50008671,16,61230,61245,61238,0
61261,1511787905542125,17016625,0.5036546,16,61246,61261,61259,0
61277,1511787905585708,17030542,0.55137049,16,61262,61277,61262,0
61293,1511787905643416,17016917,0.51674934,16,61278,61293,61278,0
61309,1511787905698041,17019167,0.52189543,16,61294,61309,61305,0
61325,1511787905741625,17031333,0.52682437,16,61310,61325,61321,0
61341,1511787905795541,17037375,0.58457674,16,61326,61341,61341,0
61357,1511787905843125,17043708,0.56447638,16,61342,61357,61344,0
61373,1511787905889708,17055042,0.59158211,16,61358,61373,61373,0
61389,1511787905952416,17029792,0.56817907,16,61374,61389,61378,0
61405,1511787905991166,17044084,0.55837753,16,61390,61405,61394,0
61421,1511787906045875,17061375,0.51099554,16,61406,61421,61421,0
61437,1511787906105166,17026500,0.52667979,16,61422,61437,61425,0
61453,1511787906150125,17037708,0.51660623,16,61438,61453,61451,0
61469,1511787906214000,17028416,0.56757204,16,61454,61469,61460,0
61485,1511787906277291,17023417,0.52395494,16,61470,61485,61476,0
61501,1511787906311416,17044625,0.58404035,16,61486,61501,61500,0
61517,1511787906366333,17021208,0.56881514,16,61502,61517,61516,0
61533,1511787906417666,17026542,0.61675831,16,61518,61533,61523,0
61549,1511787906472166,17024834,0.64671385,16,61534,61549,61544,0
61565,1511787906530916,17018750,0.61429101,16,61550,61565,61560,0
61581,1511787906590541,17039042,0.58592473,16,61566,61581,61581,0
61597,1511787906638791,17043709,0.57526009,16,61582,61597,61587,0
61613,1511787906685875,17072916,0.58720231,16,61598,61613,61600,0
61629,1511787906737333,17051792,0.55438558,16,61614,61629,61615,0
61645,1511787906786541,17076042,0.57669852,16,61630,61645,61635,0
61661,1511787906840791,17075709,0.6293775,16,61646,61661,61653,0
61677,1511787906893458,17078167,0.53825572,16,61662,61677,61664,0
61693,1511787906948708,17052958,0.5099776,16,61678,61693,61683,0
61709,1511787906992458,17067167,0.53974355,16,61694,61709,61699,0
61725,1511787907043000,17075500,0.53984927,16,61710,61725,61717,0
61741,1511787907096958,17075333,0.55242602,16,61726,61741,61733,0
61757,1511787907154083,17074458,0.58232592,16,61742,61757,61754,0
61773,1511787907199791,17054000,0.52162809,16,61758,61773,61764,0
61789,1511787907256166,17069209,0.62332775,16,61774,61789,61786,0
61805,1511787907305666,17073625,0.57815519,16,61790,61805,61801,0
61821,1511787907363250,17068916,0.53774872,16,61806,61821,61806,0
61837,1511787907414458,17046500,0.56412771,16,61822,61837,61829,0
61853,1511787907473208,17040000,0.53171467,16,61838,61853,61844,0
61869,1511787907516958,17048500,0.57882695,16,61854,61869,61868,0
61885,1511787907576166,17065000,0.63386269,16,61870,61885,61875,0
61901,1511787907619250,17077750,0.59304437,16,61886,61901,61890,0
61917,1511787907675458,17073000,0.58814634,16,61902,61917,61907,0
61933,1511787907725750,17101000,0.59478692,16,61918,61933,61929,0
61949,1511787907781625,17109958,0.62934687,16,61934,61949,61943,0
61965,1511787907842916,17082167,0.58993681,16,61950,61965,61961,0
61981,1511787907893041,17091917,0.60426512,16,61966,61981,61966,0
61997,1511787907942416,17095250,0.52578471,16,61982,61997,61989,0
62013,1511787907995833,17097542,0.54650936,16,61998,62013,62004,0
62029,1511787908049875,17099791,0.5084716,16,62014,62029,62016,0
62045,1511787908111291,17091709,0.56318435,16,62030,62045,62035,0
62061,1511787908158000,17075791,0.57855029,16,62046,62061,62050,0
62077,1511787908206541,17080250,0.53797897,16,62062,62077,62062,0
62093,1511787908262500,17076375,0.50883204,16,62078,62093,62081,0
62109,1511787908313625,17090333,0.50729599,16,62094,62109,62098,0
62125,1511787908363916,17068709,0.5932298,16,62110,62125,62117,0
62141,1511787908415083,17064083,0.51495491,16,62126,62141,62131,0
62157,1511787908467208,17069333,0.57523087,16,62142,62157,62154,0
62173,1511787908515208,17082000,0.63145207,16,62158,62173,62172,0
62189,1511787908566333,17097083,0.56267444,16,62174,62189,62174,0
62205,1511787908616916,17078709,0.58655959,16,62190,62205,62205,0
62221,1511787908665541,17103625,0.54539836,16,62206,62221,62209,0
62237,1511787908720375,17102291,0.54455908,16,62222,62237,62228,0
62253,1511787908765666,17110542,0.62240912,16,62238,62253,62251,0
62269,1511787908823083,17124917,0.63753856,16,62254,62269,62260,0
62285,1511787908869666,17129375,0.5665665,16,62270,62285,62283,0
62301,1511787908922500,17112041,0.51088452,16,62286,62301,62293,0
62317,1511787908969250,17122541,0.53161913,16,62302,62317,62303,0
62333,1511787909020083,17121250,0.55461785,16,62318,62333,62318,0
62349,1511787909096833,17105125,0.56419032,16,62334,62349,62345,0
62365,1511787909137125,17095708,0.53451087,16,62350,62365,62359,0
62381,1511787909180458,17109417,0.59024547,16,62366,62381,62375,0
62397,1511787909231666,17114375,0.52166456,16,62382,62397,62392,0
62413,1511787909278541,17122459,0.54166596,16,62398,62413,62398,0
62429,1511787909331708,17127542,0.55895524,16,62414,62429,62419,0
62445,1511787909387125,17127541,0.56364796,16,62430,62445,62434,0
62461,1511787909442958,17125667,0.52319221,16,62446,62461,62459,0
62477,1511787909497500,17122833,0.5051555,16,62462,62477,62463,0
62493,1511787909558208,17114500,0.54723426,16,62478,62493,62488,0
62509,1511787909601291,17129667,0.52328498,16,62494,62509,62496,0
62525,1511787909652125,17111500,0.54119655,16,62510,62525,62513,0
62541,1511787909714375,17102083,0.52092064,16,62526,62541,62533,0
62557,1511787909765625,17107958,0.58010047,16,62542,62557,62553,0
62573,1511787909820583,17109958,0.60317511,16,62558,62573,62566,0
62589,1511787909882291,17099000,0.52376534,16,62574,62589,62580,0
62605,1511787909927416,17107834,0.54048413,16,62590,62605,62601,0
62621,1511787909993916,17103709,0.61157715,16,62606,62621,62614,0
62637,1511787910031791,17124959,0.53505655,16,62622,62637,62626,0
62653,1511787910090125,17121583,0.59221099,16,62638,62653,62648,0
62669,1511787910138458,17132208,0.63687953,16,62654,62669,62655,0
62685,1511787910198958,17129125,0.52770962,16,62670,62685,62675,0
62701,1511787910245500,17138541,0.5292434,16,62686,62701,62696,0
62717,1511787910302291,17138125,0.48985859,16,62702,62717,62715,0
62733,1511787910347000,17121791,0.51471823,16,62718,62733,62721,0
62749,1511787910398208,17143500,0.53091511,16,62734,62749,62748,0
62765,1511787910473791,17100709,0.56927723,16,62750,62765,62762,0
62781,1511787910501750,17145250,0.60181328,16,62766,62781,62774,0
62797,1511787910563375,17138958,0.5747697,16,62782,62797,62786,0
62813,1511787910612541,17141125,0.53246024,16,62798,62813,62798,0
62829,1511787910667000,17145458,0.53885517,16,62814,62829,62823,0
62845,1511787910723250,17144958,0.53108361,16,62830,62845,62842,0
62861,1511787910784500,17114791,0.49920318,16,62846,62861,62857,0
62877,1511787910858125,17116875,0.53086959,16,62862,62877,62868,0
62893,1511787910908208,17091333,0.52389896,16,62878,62893,62883,0
62909,1511787910956416,17114209,0.58090501,16,62894,62909,62899,0
62925,1511787911016583,17107500,0.53180403,16,62910,62925,62912,0
62941,1511787911059333,17118708,0.57080185,16,62926,62941,62939,0
62957,1511787911113500,17099625,0.54288086,16,62942,62957,62942,0
62973,1511787911162166,17103250,0.51971968,16,62958,62973,62970,0
62989,1511787911214958,17103958,0.64143286,16,62974,62989,62978,0
63005,1511787911279416,17093750,0.54434404,16,62990,63005,62996,0
63021,1511787911336208,17090333,0.54235071,16,63006,63021,63010,0
63037,1511787911380125,17100625,0.55899201,16,63022,63037,63024,0
63053,1511787911438750,17096958,0.54869021,16,63038,63053,63038,0
63069,1511787911489916,17099000,0.52806093,16,63054,63069,63057,0
63085,1511787911539291,17110625,0.56674711,16,63070,63085,63071,0
63101,1511787911602041,17100209,0.53280123,16,63086,63101,63099,0
63117,1511787911638916,17089959,0.52313518,16,63102,63117,63106,0
63133,1511787911689541,17093459,0.53742574,16,63118,63133,63118,0
63149,1511787911742666,17093125,0.55004498,16,63134,63149,63139,0
63165,1511787911799125,17109208,0.57706709,16,63150,63165,63164,0
63181,1511787911846500,17094250,0.53921188,16,63166,63181,63176,0
63197,1511787911894625,17097375,0.54399709,16,63182,63197,63182,0
63213,1511787911940541,17106500,0.51885374,16,63198,63213,63210,0
63229,1511787911989583,17113375,0.54341515,16,63214,63229,63218,0
63245,1511787912043583,17115292,0.54510019,16,63230,63245,63232,0
63261,1511787912090916,17126959,0.5422232,16,63246,63261,63260,0
63277,1511787912144750,17106625,0.56409465,16,63262,63277,63273,0
63293,1511787912192416,17112875,0.54452335,16,63278,63293,63281,0
63309,1511787912242958,17115667,0.57790313,16,63294,63309,63300,0
63325,1511787912291583,17115708,0.55630445,16,63310,63325,63320,0
63341,1511787912343750,17124250,0.53805258,16,63326,63341,63328,0
63357,1511787912402333,17121750,0.51760543,16,63342,63357,63356,0
63373,1511787912446208,17114500,0.5455425,16,63358,63373,63361,0
63389,1511787912500833,17113250,0.52464818,16,63374,63389,63381,0
63405,1511787912552416,17118459,0.59617283,16,63390,63405,63399,0
63421,1511787912608041,17117875,0.53019402,16,63406,63421,63406,0
63437,1511787912663166,17121417,0.61257362,16,63422,63437,63429,0
63453,1511787912731333,17110958,0.58122079,16,63438,63453,63445,0
63469,1511787912784333,17106333,0.54880674,16,63454,63469,63454,0
63485,1511787912827666,17118250,0.53619588,16,63470,63485,63477,0
63501,1511787912889583,17110833,0.53703763,16,63486,63501,63491,0
63517,1511787912946250,17086375,0.52374447,16,63502,63517,63505,0
63533,1511787913004125,17084416,0.5419111,16,63518,63533,63522,0
63549,1511787913055291,17087667,0.54583627,16,63534,63549,63537,0
63565,1511787913118083,17068292,0.50685818,16,63550,63565,63555,0
63581,1511787913181833,17058292,0.56881375,16,63566,63581,63568,0
63597,1511787913239041,17056292,0.57822341,16,63582,63597,63593,0
63613,1511787913297916,17050709,0.4994444,16,63598,63613,63610,0
63629,1511787913343875,17078375,0.50364481,16,63614,63629,63615,0
63645,1511787913403583,17032500,0.54534237,16,63630,63645,63631,0
63661,1511787913447041,17044750,0.49398232,16,63646,63661,63646,0
63677,1511787913489750,17057625,0.5267283,16,63662,63677,63669,0
63693,1511787913538500,17064208,0.60967855,16,63678,63693,63686,0
63709,1511787913614750,17042625,0.55889755,16,63694,63709,63706,0
63725,1511787913667333,17019833,0.50178192,16,63710,63725,63720,0
63741,1511787913739583,17001917,0.53255646,16,63726,63741,63732,0
63757,1511787913795500,17002083,0.53370969,16,63742,63757,63755,0
63773,1511787913849666,17004542,0.51008436,16,63758,63773,63773,0
63789,1511787913901291,17009709,0.55814763,16,63774,63789,63775,0
63805,1511787913954000,17013000,0.55031159,16,63790,63805,63798,0
63821,1511787914010333,17016375,0.5310393,16,63806,63821,63811,0
63837,1511787914064958,17011542,0.59341199,16,63822,63837,63831,0
63853,1511787914112333,17023125,0.54689401,16,63838,63853,63839,0
63869,1511787914167166,17003042,0.5122963,16,63854,63869,63855,0
63885,1511787914229666,17015000,0.51966501,16,63870,63885,63877,0
63901,1511787914278791,16992917,0.50819253,16,63886,63901,63891,0
63917,1511787914334541,17009834,0.55772674,16,63902,63917,63905,0
63933,1511787914394083,17006208,0.55308845,16,63918,63933,63921,0
63949,1511787914439708,16993208,0.53299067,16,63934,63949,63939,0
63965,1511787914495708,16990958,0.53843206,16,63950,63965,63960,0
63981,1511787914542708,16996333,0.52773133,16,63966,63981,63977,0
63997,1511787914607833,16990417,0.52506577,16,63982,63997,63987,0
64013,1511787914659208,16995458,0.6275032,16,63998,64013,64002,0
64029,1511787914716291,16984959,0.64639082,16,64014,64029,64021,0
64045,1511787914763916,16997834,0.54202153,16,64030,64045,64032,0
64061,1511787914824041,16974875,0.50353806,16,64046,64061,64048,0
64077,1511787914870541,16986459,0.52426671,16,64062,64077,64077,0
64093,1511787914919041,17002250,0.62269165,16,64078,64093,64092,0
64109,1511787914970000,16996916,0.55716131,16,64094,64109,64101,0
64125,1511787915026041,17002292,0.62097451,16,64110,64125,64121,0
64141,1511787915080375,17015541,0.55654284,16,64126,64141,64128,0
64157,1511787915140458,17006958,0.61697158,16,64142,64157,64155,0
64173,1511787915193833,17010542,0.54789028,16,64158,64173,64165,0
64189,1511787915255000,17008208,0.48837021,16,64174,64189,64185,0
64205,1511787915318958,16997375,0.5960108,16,64190,64205,64196,0
64221,1511787915367916,17003042,0.61029215,16,64206,64221,64207,0
64237,1511787915428750,16997666,0.59103429,16,64222,64237,64236,0
64253,1511787915484708,16975333,0.55509645,16,64238,64253,64249,0
64269,1511787915516458,17017167,0.52346163,16,64254,64269,64259,0
64285,1511787915576125,16994083,0.51795559,16,64270,64285,64275,0
64301,1511787915629375,16996041,0.53103363,16,64286,64301,64294,0
64317,1511787915677666,17001000,0.49394432,16,64302,64317,64310,0
64333,1511787915726875,17006791,0.57093765,16,64318,64333,64325,0
64349,1511787915786458,17002333,0.52312817,16,64334,64349,64344,0
64365,1511787915838208,16997500,0.56492509,16,64350,64365,64357,0
64381,1511787915876416,17017792,0.56734371,16,64366,64381,64371,0
64397,1511787915933541,16994084,0.52375863,16,64382,64397,64387,0
64413,1511787915977708,17018958,0.58300112,16,64398,64413,64398,0
64429,1511787916028041,17022750,0.551289,16,64414,64429,64425,0
64445,1511787916083208,17021875,0.62883106,16,64430,64445,64431,0
64461,1511787916127083,17035042,0.56319901,16,64446,64461,64453,0
64477,1511787916181375,17007791,0.54822798,16,64462,64477,64467,0
64493,1511787916236416,17025417,0.52309609,16,64478,64493,64490,0
64509,1511787916287833,17006292,0.53517025,16,64494,64509,64494,0
64525,1511787916345541,16999959,0.51552208,16,64510,64525,64525,0
64541,1511787916403791,16994792,0.52066736,16,64526,64541,64536,0
64557,1511787916450583,17001417,0.53095427,16,64542,64557,64554,0
64573,1511787916505666,17004750,0.54924521,16,64558,64573,64564,0
64589,1511787916561583,17001167,0.53635595,16,64574,64589,64584,0
64605,1511787916614708,16998833,0.52299979,16,64590,64605,64605,0
64621,1511787916679250,16989666,0.51733775,16,64606,64621,64608,0
64637,1511787916733500,16969375,0.56860543,16,64622,64637,64630,0
64653,1511787916783875,16990125,0.56710189,16,64638,64653,64642,0
64669,1511787916832958,16970667,0.52696931,16,64654,64669,64662,0
64685,1511787916881833,16989583,0.53627945,16,64670,64685,64680,0
64701,1511787916930125,16997750,0.55313925,16,64686,64701,64696,0
64717,1511787916987125,16997208,0.55255328,16,64702,64717,64708,0
64733,1511787917040625,16990458,0.53560123,16,64718,64733,64733,0
64749,1511787917083083,17007500,0.52615374,16,64734,64749,64736,0
64765,1511787917137500,17000416,0.5623561,16,64750,64765,64755,0
64781,1511787917188541,17009834,0.50670116,16,64766,64781,64769,0
64797,1511787917247250,17000041,0.52859292,16,64782,64797,64786,0
64813,1511787917296416,17017209,0.56441215,16,64798,64813,64810,0
64829,1511787917345125,17020250,0.53053555,16,64814,64829,64815,0
64845,1511787917403250,17015708,0.55495362,16,64830,64845,64830,0
64861,1511787917452208,17012958,0.53945136,16,64846,64861,64855,0
64877,1511787917502583,17023167,0.54964505,16,64862,64877,64874,0
64893,1511787917560666,17011125,0.48616986,16,64878,64893,64879,0
64909,1511787917611791,17013417,0.51791478,16,64894,64909,64903,0
64925,1511787917665708,17003667,0.5436225,16,64910,64925,64925,0
64941,1511787917719125,17010375,0.49257491,16,64926,64941,64938,0
64957,1511787917781625,16985166,0.56076062,16,64942,64957,64942,0
64973,1511787917826250,16997416,0.53310214,16,64958,64973,64965,0
64989,1511787917875000,17008666,0.60529077,16,64974,64989,64974,0
65005,1511787917932541,16993750,0.59587138,16,64990,65005,65000,0
65021,1511787917991375,16992458,0.60762078,16,65006,65021,65012,0
65037,1511787918049708,17008167,0.576828,16,65022,65037,65037,0
65053,1511787918099208,17015625,0.57398272,16,65038,65053,65039,0
65069,1511787918148250,16997291,0.53196034,16,65054,65069,65063,0
65085,1511787918206000,16991291,0.50906487,16,65070,65085,65077,0
65101,1511787918263375,16990333,0.56166563,16,65086,65101,65093,0
65117,1511787918315583,16998042,0.52249541,16,65102,65117,65109,0
65133,1511787918366125,16978416,0.56796091,16,65118,65133,65129,0
65149,1511787918416000,16983166,0.53935139,16,65134,65149,65148,0
65165,1511787918470875,17001833,0.56250822,16,65150,65165,65162,0
65181,1511787918519541,17006500,0.55924026,16,65166,65181,65166,0
65197,1511787918576666,17003417,0.61130886,16,65182,65197,65189,0
65213,1511787918628291,17007834,0.53233385,16,65198,65213,65212,0
65229,1511787918690500,16998375,0.59795202,16,65214,65229,65214,0
65245,1511787918734500,16987041,0.56970283,16,65230,65245,65237,0
65261,1511787918780125,16992125,0.49786832,16,65246,65261,65255,0
65277,1511787918826625,17020000,0.55974825,16,65262,65277,65274,0
65293,1511787918876083,16998292,0.50762328,16,65278,65293,65283,0
65309,1511787918928125,17008416,0.508625,16,65294,65309,65308,0
65325,1511787918983416,17007459,0.53893887,16,65310,65325,65325,0
65341,1511787919030083,17015792,0.50879343,16,65326,65341,65329,0
65357,1511787919076333,17042500,0.5750652,16,65342,65357,65347,0
65373,1511787919127708,17002458,0.57305022,16,65358,65373,65364,0
65389,1511787919177916,17003834,0.51521122,16,65374,65389,65382,0
65405,1511787919226333,17024583,0.56303653,16,65390,65405,65390,0
65421,1511787919280375,17005333,0.51213458,16,65406,65421,65409,0
65437,1511787919333625,17005250,0.55253844,16,65422,65437,65437,0
65453,1511787919393458,17018375,0.55427186,16,65438,65453,65451,0
65469,1511787919438875,17026625,0.54702201,16,65454,65469,65467,0
65485,1511787919490125,17031333,0.57097002,16,65470,65485,65478,0
65501,1511787919538208,17014833,0.54591837,16,65486,65501,65493,0
65517,1511787919588750,17020250,0.55500834,16,65502,65517,65510,0
65533,1511787919641916,17043750,0.56566913,16,65518,65533,65530,0
65549,1511787919698833,17015542,0.55653672,16,65534,65549,65544,0
65565,1511787919759416,17029792,0.53607784,16,65550,65565,65559,0
65581,1511787919813416,17004125,0.56016282,16,65566,65581,65570,0
65597,1511787919872583,16997000,0.55848619,16,65582,65597,65583,0
65613,1511787919916125,17026916,0.55081763,16,65598,65613,65598,0
65629,1511787919962958,17011292,0.53997568,16,65614,65629,65622,0
65645,1511787920028708,16997792,0.54043274,16,65630,65645,65630,0
65661,1511787920076458,17004917,0.50742372,16,65646,65661,65647,0
65677,1511787920127083,17006750,0.52401144,16,65662,65677,65667,0
65693,1511787920173833,17018542,0.56998319,16,65678,65693,65682,0
65709,1511787920246583,17001333,0.55172888,16,65694,65709,65709,0
65725,1511787920306333,16993625,0.56509766,16,65710,65725,65713,0
65741,1511787920368416,16965417,0.53097788,16,65726,65741,65741,0
65757,1511787920415375,16974208,0.58355571,16,65742,65757,65754,0
65773,1511787920462583,16983333,0.5009289,16,65758,65773,65770,0
65789,1511787920523125,16979750,0.50215042,16,65774,65789,65785,0
65805,1511787920577708,16978667,0.53361038,16,65790,65805,65798,0
65821,1511787920638833,16949000,0.53521205,16,65806,65821,65812,0
65837,1511787920692208,16947708,0.52898703,16,65822,65837,65833,0
65853,1511787920739083,16975583,0.5564862,16,65838,65853,65839,0
65869,1511787920804083,16963958,0.51563151,16,65854,65869,65854,0
65885,1511787920852416,16948417,0.52396993,16,65870,65885,65873,0
65901,1511787920901125,16952833,0.56131834,16,65886,65901,65899,0
65917,1511787920957500,16959666,0.53547672,16,65902,65917,65912,0
65933,1511787921008041,16966209,0.58718128,16,65918,65933,65933,0
65949,1511787921068833,16938958,0.53419722,16,65934,65949,65938,0
65965,1511787921122333,16938083,0.52489532,16,65950,65965,65960,0
65981,1511787921176500,16938333,0.5865549,16,65966,65981,65980,0
65997,1511787921234833,16932208,0.55114124,16,65982,65997,65997,0
66013,1511787921288958,16929958,0.55734324,16,65998,66013,66005,0
66029,1511787921342416,16928334,0.5490793,16,66014,66029,66022,0
66045,1511787921394000,16932791,0.61997599,16,66030,66045,66045,0
66061,1511787921427750,16974208,0.57092277,16,66046,66061,66048,0
66077,1511787921485333,16969458,0.57940206,16,66062,66077,66064,0
66093,1511787921547583,16963083,0.52841196,16,66078,66093,66079,0
66109,1511787921589791,16952292,0.51460715,16,66094,66109,66095,0
66125,1511787921642416,16951250,0.5122603,16,66110,66125,66118,0
66141,1511787921706500,16937875,0.547113,16,66126,66141,66136,0
66157,1511787921755958,16958125,0.56223447,16,66142,66157,66156,0
66173,1511787921813000,16957625,0.54661121,16,66158,66173,66162,0
66189,1511787921863333,16936417,0.57010689,16,66174,66189,66177,0
66205,1511787921913916,16960917,0.58246669,16,66190,66205,66197,0
66221,1511787921964291,16938875,0.60002854,16,66206,66221,66212,0
66237,1511787922032375,16923500,0.54178866,16,66222,66237,66222,0
66253,1511787922067416,16944792,0.55944733,16,66238,66253,66239,0
66269,1511787922127125,16941083,0.50797057,16,66254,66269,66267,0
66285,1511787922180208,16941167,0.5037237,16,66270,66285,66282,0
66301,1511787922236041,16924875,0.51253287,16,66286,66301,66293,0
66317,1511787922284375,16928375,0.5787854,16,66302,66317,66307,0
66333,1511787922336333,16928500,0.52152046,16,66318,66333,66318,0
66349,1511787922396625,16931458,0.59053964,16,66334,66349,66343,0
66365,1511787922460333,16928000,0.58661525,16,66350,66365,66362,0
66381,1511787922504625,16928625,0.5808748,16,66366,66381,66371,0
66397,1511787922561916,16938334,0.55200097,16,66382,66397,66382,0
66413,1511787922618291,16930000,0.54829382,16,66398,66413,66409,0
66429,1511787922663208,16930667,0.55042046,16,66414,66429,66421,0
66445,1511787922715083,16939708,0.54685517,16,66430,66445,66430,0
66461,1511787922776416,16927792,0.59411462,16,66446,66461,66458,0
66477,1511787922817708,16942375,0.58071373,16,66462,66477,66467,0
66493,1511787922882458,16924125,0.55232433,16,66478,66493,66492,0
66509,1511787922929125,16932375,0.53650112,16,66494,66509,66509,0
66525,1511787922989333,16917833,0.54959897,16,66510,66525,66519,0
66541,1511787923042208,16922417,0.52588689,16,66526,66541,66532,0
66557,1511787923086541,16935042,0.63354144,16,66542,66557,66553,0
66573,1511787923134083,16962625,0.60662424,16,66558,66573,66558,0
66589,1511787923182708,16967250,0.53998253,16,66574,66589,66585,0
66605,1511787923242541,16941125,0.4985876,16,66590,66605,66593,0
66621,1511787923290666,16961334,0.53495193,16,66606,66621,66613,0
66637,1511787923339708,16942125,0.52245126,16,66622,66637,66622,0
66653,1511787923392291,16962667,0.52332552,16,66638,66653,66640,0
66669,1511787923451208,16936583,0.54270194,16,66654,66669,66658,0
66685,1511787923491500,16968375,0.59505006,16,66670,66685,66684,0
66701,1511787923555875,16957791,0.61653147,16,66686,66701,66699,0
66717,1511787923616708,16950625,0.55799886,16,66702,66717,66706,0
66733,1511787923678000,16942458,0.53370337,16,66718,66733,66728,0
66749,1511787923740166,16926459,0.54875861,16,66734,66749,66743,0
66765,1511787923790375,16935541,0.52686978,16,66750,66765,66764,0
66781,1511787923851500,16900166,0.48981448,16,66766,66781,66776,0
66797,1511787923912041,16913334,0.61077366,16,66782,66797,66792,0
66813,1511787923974666,16879167,0.52830198,16,66798,66813,66803,0
66829,1511787924007041,16899875,0.509431,16,66814,66829,66827,0
66845,1511787924064291,16916167,0.56257575,16,66830,66845,66845,0
66861,1511787924110833,16900583,0.55915378,16,66846,66861,66848,0
66877,1511787924160625,16903875,0.52476455,16,66862,66877,66873,0
66893,1511787924223958,16894542,0.55363714,16,66878,66893,66889,0
66909,1511787924259083,16913042,0.56357814,16,66894,66909,66908,0
66925,1511787924316208,16914917,0.54017067,16,66910,66925,66912,0
66941,1511787924364208,16920208,0.53145274,16,66926,66941,66934,0
66957,1511787924415500,16924791,0.55916043,16,66942,66957,66957,0
66973,1511787924469125,16928708,0.54282221,16,66958,66973,66969,0
66989,1511787924524375,16909583,0.50368686,16,66974,66989,66984,0
67005,1511787924566875,16928000,0.5429931,16,66990,67005,66991,0
67021,1511787924627708,16901667,0.55925855,16,67006,67021,67006,0
67037,1511787924687333,16899958,0.53517373,16,67022,67037,67023,0
67053,1511787924751375,16891458,0.54167899,16,67038,67053,67048,0
67069,1511787924809708,16886042,0.51563616,16,67054,67069,67059,0
67085,1511787924866916,16886667,0.53674953,16,67070,67085,67077,0
67101,1511787924928250,16885958,0.55198693,16,67086,67101,67101,0
67117,1511787924992333,16845917,0.48698051,16,67102,67117,67111,0
67133,1511787925041583,16849083,0.54173634,16,67118,67133,67131,0
67149,1511787925100791,16845959,0.51336003,16,67134,67149,67140,0
67165,1511787925130375,16873791,0.5885259,16,67150,67165,67159,0
67181,1511787925188416,16879000,0.5394929,16,67166,67181,67171,0
67197,1511787925240583,16853125,0.56406611,16,67182,67197,67197,0
67213,1511787925294166,16873000,0.50429531,16,67198,67213,67200,0
67229,1511787925334375,16860000,0.50095121,16,67214,67229,67226,0
67245,1511787925387666,16864625,0.56773523,16,67230,67245,67233,0
67261,1511787925435041,16874250,0.53490141,16,67246,67261,67257,0
67277,1511787925484000,16882708,0.59877957,16,67262,67277,67263,0
67293,1511787925538375,16878500,0.52623449,16,67278,67293,67279,0
67309,1511787925591083,16880208,0.55239025,16,67294,67309,67299,0
67325,1511787925651333,16876792,0.60738056,16,67310,67325,67316,0
67341,1511787925703875,16880416,0.57344577,16,67326,67341,67331,0
67357,1511787925758333,16870083,0.60737434,16,67342,67357,67355,0
67373,1511787925813541,16868084,0.53394447,16,67358,67373,67358,0
67389,1511787925866750,16864875,0.51268684,16,67374,67389,67384,0
67405,1511787925930541,16879792,0.54148088,16,67390,67405,67390,0
67421,1511787925980875,16856041,0.54168293,16,67406,67421,67418,0
67437,1511787926036416,16852209,0.51519051,16,67422,67437,67432,0
67453,1511787926086791,16870584,0.57960796,16,67438,67453,67445,0
67469,1511787926133708,16858792,0.53254889,16,67454,67469,67469,0
67485,1511787926190000,16857083,0.55225697,16,67470,67485,67471,0
67501,1511787926238750,16860500,0.55756893,16,67486,67501,67489,0
67517,1511787926293583,16862958,0.57881507,16,67502,67517,67512,0
67533,1511787926348583,16863250,0.51581339,16,67518,67533,67531,0
67549,1511787926400041,16865292,0.49901217,16,67534,67549,67541,0
67565,1511787926456541,16859959,0.53042738,16,67550,67565,67559,0
67581,1511787926510958,16862625,0.61848223,16,67566,67581,67567,0
67597,1511787926568416,16839792,0.54315277,16,67582,67597,67588,0
67613,1511787926622291,16840625,0.51424835,16,67598,67613,67601,0
67629,1511787926667625,16848666,0.53230275,16,67614,67629,67615,0
67645,1511787926725166,16847084,0.49841626,16,67630,67645,67645,0
67661,1511787926770500,16860416,0.54868235,16,67646,67661,67655,0
67677,1511787926818750,16868250,0.51312055,16,67662,67677,67668,0
67693,1511787926875583,16841000,0.51985842,16,67678,67693,67689,0
67709,1511787926932958,16835167,0.54848312,16,67694,67709,67706,0
67725,1511787926991083,16831542,0.5580679,16,67710,67725,67711,0
67741,1511787927035708,16857958,0.53709815,16,67726,67741,67726,0
67757,1511787927098083,16826583,0.5218677,16,67742,67757,67751,0
67773,1511787927156916,16840750,0.56799646,16,67758,67773,67762,0
67789,1511787927205875,16850458,0.52128404,16,67774,67789,67776,0
67805,1511787927270125,16838583,0.5728344,16,67790,67805,67799,0
67821,1511787927324916,16842167,0.55984904,16,67806,67821,67815,0
67837,1511787927376250,16821750,0.56723967,16,67822,67837,67827,0
67853,1511787927435916,16832292,0.53184278,16,67838,67853,67851,0
67869,1511787927470958,16829750,0.4979032,16,67854,67869,67861,0
67885,1511787927529916,16821792,0.52668934,16,67870,67885,67879,0
67901,1511787927577625,16828125,0.50767615,16,67886,67901,67892,0
67917,1511787927637625,16822708,0.52525558,16,67902,67917,67916,0
67933,1511787927702625,16813500,0.49525984,16,67918,67933,67923,0
67949,1511787927748875,16822125,0.51348102,16,67934,67949,67938,0
67965,1511787927802291,16806334,0.56290738,16,67950,67965,67965,0
67981,1511787927849791,16832792,0.6022365,16,67966,67981,67968,0
67997,1511787927902458,16811667,0.55525084,16,67982,67997,67982,0
68013,1511787927953791,16834334,0.57510343,16,67998,68013,68011,0
68029,1511787928001708,16840542,0.61213227,16,68014,68029,68026,0
68045,1511787928065125,16833208,0.59928712,16,68030,68045,68032,0
68061,1511787928119875,16827666,0.54998419,16,68046,68061,68058,0
68077,1511787928173083,16829083,0.54069988,16,68062,68077,68063,0
68093,1511787928216291,16841542,0.58505743,16,68078,68093,68086,0
68109,1511787928276416,16834334,0.56818269,16,68094,68109,68107,0
68125,1511787928320833,16842958,0.55687108,16,68110,68125,68115,0
68141,1511787928367750,16830541,0.5883715,16,68126,68141,68135,0
68157,1511787928423458,16847667,0.55530491,16,68142,68157,68145,0
68173,1511787928477166,16821000,0.52346533,16,68158,68173,68168,0
68189,1511787928529916,16842625,0.59197516,16,68174,68189,68185,0
68205,1511787928591791,16813250,0.54449605,16,68190,68205,68199,0
68221,1511787928635625,16831833,0.58448847,16,68206,68221,68213,0
68237,1511787928684541,16834875,0.52865036,16,68222,68237,68223,0
68253,1511787928730416,16846167,0.50776443,16,68238,68253,68239,0
68269,1511787928788416,16818917,0.54662987,16,68254,68269,68259,0
68285,1511787928843791,16822792,0.57126721,16,68270,68285,68277,0
68301,1511787928898875,16825958,0.52137052,16,68286,68301,68296,0
68317,1511787928940125,16820041,0.54682093,16,68302,68317,68306,0
68333,1511787928992958,16839917,0.53952234,16,68318,68333,68329,0
68349,1511787929042833,16827750,0.56877707,16,68334,68349,68341,0
68365,1511787929103666,16822625,0.54710808,16,68350,68365,68358,0
68381,1511787929159791,16820000,0.58286786,16,68366,68381,68380,0
68397,1511787929201208,16833375,0.51858513,16,68382,68397,68382,0
68413,1511787929253750,16835458,0.54311136,16,68398,68413,68409,0
68429,1511787929305916,16838500,0.52408313,16,68414,68429,68421,0
68445,1511787929354958,16818875,0.54404475,16,68430,68445,68444,0
68461,1511787929410916,16836667,0.56589152,16,68446,68461,68460,0
68477,1511787929463041,16842750,0.59319544,16,68462,68477,68469,0
68493,1511787929513583,16845000,0.51661139,16,68478,68493,68491,0
68509,1511787929562458,16849833,0.55866924,16,68494,68509,68508,0
68525,1511787929618666,16849417,0.5379324,16,68510,68525,68513,0
68541,1511787929667000,16857041,0.56698462,16,68526,68541,68532,0
68557,1511787929731875,16845458,0.53047529,16,68542,68557,68555,0
68573,1511787929779708,16828625,0.57637225,16,68558,68573,68566,0
68589,1511787929845333,16836792,0.5485403,16,68574,68589,68575,0
68605,1511787929891875,16843875,0.5209312,16,68590,68605,68598,0
68621,1511787929939541,16849625,0.56035767,16,68606,68621,68614,0
68637,1511787929989375,16828708,0.53865031,16,68622,68637,68631,0
68653,1511787930035083,16834292,0.54451735,16,68638,68653,68653,0
68669,1511787930088958,16836500,0.53293316,16,68654,68669,68664,0
68685,1511787930141333,16838833,0.54463084,16,68670,68685,68672,0
68701,1511787930193000,16845500,0.49984258,16,68686,68701,68694,0
68717,1511787930241208,16847875,0.50436428,16,68702,68717,68706,0
68733,1511787930304041,16818750,0.53430645,16,68718,68733,68720,0
68749,1511787930344083,16832583,0.58891612,16,68734,68749,68739,0
68765,1511787930393833,16838917,0.59242797,16,68750,68765,68764,0
68781,1511787930443041,16841084,0.52522997,16,68766,68781,68778,0
68797,1511787930486625,16851833,0.55942204,16,68782,68797,68784,0
68813,1511787930536416,16853709,0.50658865,16,68798,68813,68807,0
68829,1511787930598416,16841375,0.5812897,16,68814,68829,68827,0
68845,1511787930655000,16838458,0.58359813,16,68830,68845,68831,0
68861,1511787930690958,16858458,0.53590725,16,68846,68861,68857,0
68877,1511787930748833,16852417,0.58565776,16,68862,68877,68869,0
68893,1511787930793250,16860583,0.54175719,16,68878,68893,68879,0
68909,1511787930847333,16867333,0.54433274,16,68894,68909,68898,0
68925,1511787930898458,16851208,0.50504925,16,68910,68925,68916,0
68941,1511787930956250,16848166,0.5479583,16,68926,68941,68938,0
68957,1511787931033791,16822500,0.51045125,16,68942,68957,68953,0
68973,1511787931081958,16826375,0.53299651,16,68958,68973,68959,0
68989,1511787931130666,16831250,0.56424251,16,68974,68989,68985,0
69005,1511787931173583,16845208,0.52510845,16,68990,69005,68991,0
69021,1511787931228833,16843083,0.53486845,16,69006,69021,69010,0
69037,1511787931274958,16851875,0.49781791,16,69022,69037,69034,0
69053,1511787931331333,16830083,0.56539403,16,69038,69053,69041,0
69069,1511787931401041,16832625,0.53381491,16,69054,69069,69054,0
69085,1511787931439250,16849250,0.56929947,16,69070,69085,69078,0
69101,1511787931498458,16823583,0.55996827,16,69086,69101,69092,0
69117,1511787931539625,16839291,0.59253761,16,69102,69117,69107,0
69133,1511787931597208,16834667,0.58977219,16,69118,69133,69123,0
69149,1511787931649458,16858625,0.60667735,16,69134,69149,69149,0
69165,1511787931699250,16863625,0.58646219,16,69150,69165,69151,0
69181,1511787931754791,16863459,0.55950995,16,69166,69181,69169,0
69197,1511787931799583,16873833,0.6337925,16,69182,69197,69185,0
69213,1511787931853583,16871333,0.55879733,16,69198,69213,69213,0
69229,1511787931917916,16858042,0.56007743,16,69214,69229,69224,0
69245,1511787931976625,16858250,0.56148148,16,69230,69245,69232,0
69261,1511787932038000,16851250,0.55473443,16,69246,69261,69260,0
69277,1511787932092250,16832166,0.50916208,16,69262,69277,69270,0
69293,1511787932136333,16842250,0.55195825,16,69278,69293,69291,0
69309,1511787932200833,16834917,0.51178912,16,69294,69309,69296,0
69325,1511787932258500,16834375,0.55270317,16,69310,69325,69319,0
69341,1511787932306833,16833875,0.57860618,16,69326,69341,69330,0
69357,1511787932366291,16850167,0.61608383,16,69342,69357,69350,0
69373,1511787932408333,16864042,0.59980818,16,69358,69373,69371,0
69389,1511787932462958,16865417,0.62627704,16,69374,69389,69375,0
69405,1511787932528750,16853291,0.57982262,16,69390,69405,69401,0
69421,1511787932576500,16870708,0.50847711,16,69406,69421,69420,0
69437,1511787932621708,16856625,0.57238294,16,69422,69437,69425,0
69453,1511787932678666,16860917,0.54609366,16,69438,69453,69449,0
69469,1511787932733708,16863375,0.55938687,16,69454,69469,69467,0
69485,1511787932774750,16855583,0.50000276,16,69470,69485,69482,0
69501,1511787932822250,16861833,0.54037313,16,69486,69501,69496,0
69517,1511787932881958,16875375,0.54253118,16,69502,69517,69504,0
69533,1511787932934958,16852542,0.54183265,16,69518,69533,69529,0
69549,1511787932986875,16857375,0.55114476,16,69534,69549,69538,0
69565,1511787933040416,16857209,0.51499411,16,69550,69565,69565,0
69581,1511787933099125,16853458,0.51558353,16,69566,69581,69570,0
69597,1511787933146291,16860917,0.53147035,16,69582,69597,69584,0
69613,1511787933196541,16863667,0.56935957,16,69598,69613,69609,0
69629,1511787933244750,16848208,0.5553749,16,69614,69629,69628,0
69645,1511787933296375,16868458,0.56584969,16,69630,69645,69632,0
69661,1511787933345875,16871791,0.49324592,16,69646,69661,69646,0
69677,1511787933399625,16848083,0.56798542,16,69662,69677,69670,0
69693,1511787933441083,16862000,0.52109702,16,69678,69693,69693,0
69709,1511787933518208,16842125,0.57674917,16,69694,69709,69699,0
69725,1511787933558291,16841709,0.52217777,16,69710,69725,69710,0
69741,1511787933607416,16847042,0.52055231,16,69726,69741,69727,0
69757,1511787933653375,16896875,0.54342576,16,69742,69757,69751,0
69773,1511787933710250,16898041,0.5343062,16,69758,69773,69767,0
69789,1511787933762000,16905708,0.5256974,16,69774,69789,69775,0
69805,1511787933820166,16890334,0.58328891,16,69790,69805,69794,0
69821,1511787933875666,16892042,0.55366376,16,69806,69821,69806,0
69837,1511787933930083,16895083,0.55775008,16,69822,69837,69824,0
69853,1511787933975666,16895917,0.53201012,16,69838,69853,69850,0
69869,1511787934030875,16885000,0.53182129,16,69854,69869,69856,0
69885,1511787934086958,16884500,0.59063498,16,69870,69885,69883,0
69901,1511787934145625,16871333,0.55155171,16,69886,69901,69900,0
69917,1511787934195375,16882000,0.53219491,16,69902,69917,69911,0
69933,1511787934257416,16865375,0.52727158,16,69918,69933,69919,0
69949,1511787934320458,16846333,0.49340208,16,69934,69949,69945,0
69965,1511787934363000,16856875,0.5077437,16,69950,69965,69951,0
69981,1511787934409750,16878833,0.52565827,16,69966,69981,69968,0
69997,1511787934463208,16855167,0.5466596,16,69982,69997,69995,0
70013,1511787934515083,16867583,0.55287396,16,69998,70013,70000,0
70029,1511787934569625,16873666,0.53608779,16,70014,70029,70020,0
70045,1511787934618875,16862458,0.61252297,16,70030,70045,70042,0
70061,1511787934671958,16892500,0.57284603,16,70046,70061,70046,0
70077,1511787934731375,16886666,0.53140588,16,70062,70077,70062,0
70093,1511787934767291,16881667,0.53255509,16,70078,70093,70086,0
70109,1511787934818125,16903041,0.55797792,16,70094,70109,70108,0
70125,1511787934878875,16871375,0.51076715,16,70110,70125,70116,0
70141,1511787934927291,16896834,0.56239001,16,70126,70141,70127,0
70157,1511787934988291,16891625,0.52032586,16,70142,70157,70152,0
70173,1511787935043000,16869666,0.56533108,16,70158,70173,70168,0
70189,1511787935100791,16864542,0.53767613,16,70174,70189,70181,0
70205,1511787935149666,16888834,0.5527502,16,70190,70205,70203,0
70221,1511787935198375,16893541,0.57599843,16,70206,70221,70211,0
70237,1511787935249291,16899625,0.59082476,16,70222,70237,70232,0
70253,1511787935303583,16893333,0.49420811,16,70238,70253,70238,0
70269,1511787935351208,16903375,0.5537762,16,70254,70269,70258,0
70285,1511787935406000,16906375,0.56183238,16,70270,70285,70271,0
70301,1511787935459333,16907750,0.58905157,16,70286,70301,70291,0
70317,1511787935515041,16910334,0.59209118,16,70302,70317,70316,0
70333,1511787935570708,16932500,0.63678324,16,70318,70333,70318,0
70349,1511787935625916,16897709,0.54507194,16,70334,70349,70338,0
70365,1511787935670500,16911333,0.54759996,16,70350,70365,70361,0
70381,1511787935725500,16913541,0.51064229,16,70366,70381,70378,0
70397,1511787935776000,16890708,0.50179472,16,70382,70397,70384,0
70413,1511787935830291,16891292,0.56235185,16,70398,70413,70405,0
70429,1511787935875708,16918542,0.61420734,16,70414,70429,70414,0
70445,1511787935926666,16921459,0.60276169,16,70430,70445,70445,0
70461,1511787935979208,16923333,0.58066704,16,70446,70461,70460,0
70477,1511787936054333,16913375,0.52502737,16,70462,70477,70462,0
70493,1511787936083083,16908125,0.55865384,16,70478,70493,70483,0
70509,1511787936132333,16918000,0.54528154,16,70494,70509,70509,0
70525,1511787936187333,16919208,0.54802623,16,70510,70525,70521,0
70541,1511787936241416,16920292,0.54991693,16,70526,70541,70529,0
70557,1511787936288833,16925250,0.50179449,16,70542,70557,70548,0
70573,1511787936341625,16927583,0.53756954,16,70558,70573,70561,0
70589,1511787936400708,16901792,0.54489777,16,70574,70589,70574,0
70605,1511787936459666,16896667,0.56060053,16,70590,70605,70594,0
70621,1511787936503083,16906375,0.58989422,16,70606,70621,70618,0
70637,1511787936555083,16909250,0.5062838,16,70622,70637,70632,0
70653,1511787936618625,16901666,0.53840993,16,70638,70653,70652,0
70669,1511787936674041,16902542,0.54706286,16,70654,70669,70665,0
70685,1511787936715750,16920583,0.57306013,16,70670,70685,70676,0
70701,1511787936773208,16915792,0.55786639,16,70686,70701,70695,0
70717,1511787936825250,16929458,0.59948209,16,70702,70717,70710,0
70733,1511787936873666,16908167,0.54013643,16,70718,70733,70730,0
70749,1511787936938541,16900250,0.51218097,16,70734,70749,70734,0
70765,1511787936978958,16915542,0.51981267,16,70750,70765,70760,0
70781,1511787937033208,16912333,0.60904724,16,70766,70781,70774,0
70797,1511787937077166,16921334,0.55859043,16,70782,70797,70785,0
70813,1511787937130416,16924292,0.52271843,16,70798,70813,70808,0
70829,1511787937180416,16931834,0.51537295,16,70814,70829,70821,0
70845,1511787937237666,16927584,0.55891762,16,70830,70845,70837,0
70861,1511787937290916,16931167,0.51360494,16,70846,70861,70859,0
70877,1511787937335250,16938291,0.53587327,16,70862,70877,70873,0
70893,1511787937395000,16913000,0.53437152,16,70878,70893,70879,0
70909,1511787937454250,16905500,0.57038545,16,70894,70909,70902,0
70925,1511787937491250,16921833,0.50489806,16,70910,70925,70916,0
70941,1511787937546750,16921000,0.5744922,16,70926,70941,70931,0
70957,1511787937589125,16936041,0.60540203,16,70942,70957,70956,0
70973,1511787937643041,16926750,0.55127454,16,70958,70973,70961,0
70989,1511787937705625,16915500,0.56068734,16,70974,70989,70980,0
71005,1511787937751958,16924583,0.52260285,16,70990,71005,71004,0
71021,1511787937800500,16936708,0.53281472,16,71006,71021,71011,0
71037,1511787937849833,16944750,0.5682483,16,71022,71037,71022,0
71053,1511787937901666,16948084,0.55128361,16,71038,71053,71042,0
71069,1511787937963500,16938625,0.60613878,16,71054,71069,71059,0
71085,1511787938009666,16923209,0.52591566,16,71070,71085,71076,0
71101,1511787938059791,16926000,0.54027259,16,71086,71101,71091,0
71117,1511787938112375,16927666,0.50722287,16,71102,71117,71103,0
71133,1511787938171250,16923291,0.52835031,16,71118,71133,71129,0
71149,1511787938231083,16919708,0.52273261,16,71134,71149,71148,0
71165,1511787938271125,16913625,0.52256378,16,71150,71165,71165,0
71181,1511787938334958,16902333,0.60333579,16,71166,71181,71168,0
71197,1511787938391500,16897000,0.53985877,16,71182,71197,71188,0
71213,1511787938450458,16893917,0.52923968,16,71198,71213,71210,0
71229,1511787938504875,16894041,0.53842258,16,71214,71229,71219,0
71245,1511787938548208,16906583,0.51059995,16,71230,71245,71231,0
71261,1511787938602541,16904417,0.5482486,16,71246,71261,71251,0
71277,1511787938646000,16918666,0.54844338,16,71262,71277,71273,0
71293,1511787938701750,16895166,0.54260027,16,71278,71293,71291,0
71309,1511787938765041,16885584,0.49774798,16,71294,71309,71303,0
71325,1511787938802541,16920042,0.56258676,16,71310,71325,71325,0
71341,1511787938867666,16877334,0.55920369,16,71326,71341,71340,0
71357,1511787938910541,16890334,0.50524899,16,71342,71357,71347,0
71373,1511787938962166,16891500,0.58908643,16,71358,71373,71369,0
71389,1511787939012208,16896542,0.57019692,16,71374,71389,71376,0
71405,1511787939068458,16894500,0.59180814,16,71390,71405,71400,0
71421,1511787939120250,16901166,0.52418256,16,71406,71421,71420,0
71437,1511787939166125,16911625,0.57503211,16,71422,71437,71429,0
71453,1511787939217541,16913667,0.5345476,16,71438,71453,71448,0
71469,1511787939275458,16889500,0.53049363,16,71454,71469,71465,0
71485,1511787939326166,16891000,0.53880773,16,71470,71485,71481,0
71501,1511787939376083,16895083,0.58246298,16,71486,71501,71499,0
71517,1511787939435041,16910375,0.61424834,16,71502,71517,71517,0
71533,1511787939493458,16905042,0.55532936,16,71518,71533,71519,0
71549,1511787939541708,16910542,0.6132524,16,71534,71549,71536,0
71565,1511787939591875,16910166,0.59276608,16,71550,71565,71556,0
71581,1511787939645625,16930125,0.58327204,16,71566,71581,71566,0
71597,1511787939697041,16912250,0.57343658,16,71582,71597,71582,0
71613,1511787939753291,16910000,0.53260679,16,71598,71613,71609,0
71629,1511787939810708,16902542,0.5016697,16,71614,71629,71626,0
71645,1511787939864500,16916666,0.54809998,16,71630,71645,71644,0
71661,1511787939918583,16908542,0.57784659,16,71646,71661,71650,0
71677,1511787939966208,16920792,0.54063616,16,71662,71677,71671,0
71693,1511787940028083,16914333,0.55089769,16,71678,71693,71691,0
71709,1511787940089000,16897625,0.58570518,16,71694,71709,71694,0
71725,1511787940152833,16883500,0.51638475,16,71710,71725,71721,0
71741,1511787940191125,16897416,0.52487045,16,71726,71741,71738,0
71757,1511787940242958,16899208,0.55324423,16,71742,71757,71750,0
71773,1511787940287000,16922541,0.54778777,16,71758,71773,71764,0
71789,1511787940342208,16913625,0.59625723,16,71774,71789,71789,0
71805,1511787940390958,16922875,0.58230799,16,71790,71805,71804,0
71821,1511787940440416,16931459,0.55685117,16,71806,71821,71817,0
71837,1511787940509166,16906834,0.55313672,16,71822,71837,71836,0
71853,1511787940554583,16926583,0.5572667,16,71838,71853,71844,0
71869,1511787940599750,16925375,0.5732092,16,71854,71869,71867,0
71885,1511787940660750,16921500,0.51642787,16,71870,71885,71872,0
71901,1511787940705166,16922584,0.52150671,16,71886,71901,71901,0
71917,1511787940755666,16916667,0.58037812,16,71902,71917,71915,0
71933,1511787940814916,16910125,0.52825932,16,71918,71933,71918,0
71949,1511787940856375,16920083,0.50424746,16,71934,71949,71945,0
71965,1511787940909041,16927167,0.53703659,16,71950,71965,71957,0
71981,1511787940966625,16922833,0.51021735,16,71966,71981,71966,0
71997,1511787941012958,16907750,0.51146541,16,71982,71997,71994,0
72013,1511787941069416,16927625,0.60373505,16,71998,72013,72002,0
72029,1511787941115000,16935625,0.51602464,16,72014,72029,72022,0
72045,1511787941165666,16915042,0.54373591,16,72030,72045,72036,0
72061,1511787941219291,16918209,0.50518274,16,72046,72061,72057,0
72077,1511787941274958,16918125,0.56249424,16,72062,72077,72069,0
72093,1511787941341208,16907208,0.53954652,16,72078,72093,72092,0
72109,1511787941379041,16906042,0.61436095,16,72094,72109,72096,0
72125,1511787941431500,16928708,0.53914233,16,72110,72125,72113,0
72141,1511787941484958,16902375,0.50481899,16,72126,72141,72129,0
72157,1511787941532375,16925625,0.53256395,16,72142,72157,72147,0
72173,1511787941595625,16893083,0.51152432,16,72158,72173,72173,0
72189,1511787941647708,16899833,0.57566797,16,72174,72189,72189,0
72205,1511787941688208,16914500,0.5298936,16,72190,72205,72198,0
72221,1511787941741166,16917375,0.53014857,16,72206,72221,72217,0
72237,1511787941798083,16925875,0.53744196,16,72222,72237,72236,0
72253,1511787941841291,16905084,0.54414664,16,72238,72253,72251,0
72269,1511787941893083,16925167,0.59986508,16,72254,72269,72258,0
72285,1511787941941250,16953208,0.61460563,16,72270,72285,72272,0
72301,1511787941999833,16950625,0.53343172,16,72286,72301,72295,0
72317,1511787942048375,16972541,0.52682034,16,72302,72317,72312,0
72333,1511787942099750,16945041,0.55990046,16,72318,72333,72325,0
72349,1511787942151541,16948500,0.55231716,16,72334,72349,72347,0
72365,1511787942200500,16958500,0.4700314,16,72350,72365,72352,0
72381,1511787942258083,16953625,0.63025999,16,72366,72381,72376,0
72397,1511787942315875,16941916,0.52453921,16,72382,72397,72384,0
72413,1511787942373833,16946792,0.4844801,16,72398,72413,72402,0
72429,1511787942411583,16939750,0.51374259,16,72414,72429,72422,0
72445,1511787942474041,16942250,0.56499473,16,72430,72445,72440,0
72461,1511787942523833,16947125,0.53756452,16,72446,72461,72448,0
72477,1511787942585916,16940417,0.5599326,16,72462,72477,72468,0
72493,1511787942631291,16945584,0.51191502,16,72478,72493,72483,0
72509,1511787942684958,16949167,0.5740026,16,72494,72509,72500,0
72525,1511787942736791,16953542,0.63011733,16,72510,72525,72524,0
72541,1511787942789041,16957959,0.65813101,16,72526,72541,72533,0
72557,1511787942843083,16929958,0.66362755,16,72542,72557,72543,0
72573,1511787942896958,16951292,0.65393908,16,72558,72573,72558,0
72589,1511787942944041,16957834,0.58591881,16,72574,72589,72579,0
72605,1511787942995041,16958959,0.55447355,16,72590,72605,72597,0
72621,1511787943050958,16960292,0.5590833,16,72606,72621,72614,0
72637,1511787943099666,16967584,0.50807131,16,72622,72637,72629,0
72653,1511787943151708,16969417,0.56553553,16,72638,72653,72645,0
72669,1511787943206125,16966583,0.51435641,16,72654,72669,72658,0
72685,1511787943254083,16974375,0.54100971,16,72670,72685,72684,0
72701,1511787943306833,16950083,0.56317957,16,72686,72701,72690,0
72717,1511787943364208,16966542,0.53003933,16,72702,72717,72708,0
72733,1511787943411000,16946500,0.51916182,16,72718,72733,72733,0
72749,1511787943466875,16961750,0.51442372,16,72734,72749,72748,0
72765,1511787943516958,16944000,0.52597181,16,72750,72765,72752,0
72781,1511787943569666,16976667,0.58031901,16,72766,72781,72771,0
72797,1511787943620458,16950958,0.52869663,16,72782,72797,72785,0
72813,1511787943681208,16967333,0.59350308,16,72798,72813,72806,0
72829,1511787943721833,16981542,0.57989328,16,72814,72829,72822,0
72845,1511787943773625,16981500,0.52382935,16,72830,72845,72838,0
72861,1511787943828333,16956458,0.5124068,16,72846,72861,72848,0
72877,1511787943875208,16964042,0.55594745,16,72862,72877,72870,0
72893,1511787943931875,16960375,0.59566289,16,72878,72893,72887,0
72909,1511787943995125,16973166,0.58054279,16,72894,72909,72909,0
72925,1511787944041500,16979541,0.62217051,16,72910,72925,72917,0
72941,1511787944111416,16965625,0.59862741,16,72926,72941,72939,0
72957,1511787944148250,16979958,0.55303393,16,72942,72957,72951,0
72973,1511787944201583,17013208,0.57771692,16,72958,72973,72960,0
72989,1511787944253041,16994000,0.49829026,16,72974,72989,72976,0
73005,1511787944302958,16995000,0.51492633,16,72990,73005,72994,0
73021,1511787944355125,16988666,0.59030604,16,73006,73021,73017,0
73037,1511787944409500,16980166,0.52116843,16,73022,73037,73030,0
73053,1511787944469416,16977584,0.53983261,16,73038,73053,73045,0
73069,1511787944522458,16983917,0.53885558,16,73054,73069,73054,0
73085,1511787944560250,16990416,0.51033258,16,73070,73085,73078,0
73101,1511787944611083,16993000,0.51601524,16,73086,73101,73086,0
73117,1511787944666000,16996583,0.55450303,16,73102,73117,73109,0
73133,1511787944721791,16986625,0.55481894,16,73118,73133,73129,0
73149,1511787944782250,16985416,0.52214727,16,73134,73149,73146,0
73165,1511787944839291,16983084,0.5873618,16,73150,73165,73165,0
73181,1511787944893458,17000333,0.61708042,16,73166,73181,73174,0
73197,1511787944938625,17013416,0.58356757,16,73182,73197,73182,0
73213,1511787945010625,16994625,0.52942014,16,73198,73213,73209,0
73229,1511787945048250,16990583,0.49825911,16,73214,73229,73229,0
73245,1511787945091708,17005583,0.61664154,16,73230,73245,73245,0
73261,1511787945172000,16987375,0.58037523,16,73246,73261,73252,0
73277,1511787945202833,17015792,0.52662366,16,73262,73277,73271,0
73293,1511787945249958,17015167,0.51000657,16,73278,73293,73289,0
73309,1511787945304333,17004083,0.57142723,16,73294,73309,73304,0
73325,1511787945357000,17015666,0.57773694,16,73310,73325,73312,0
73341,1511787945408250,17019041,0.58405935,16,73326,73341,73332,0
73357,1511787945467708,17018958,0.53263577,16,73342,73357,73342,0
73373,1511787945514500,17023250,0.54894625,16,73358,73373,73364,0
73389,1511787945561166,17036459,0.64805175,16,73374,73389,73382,0
73405,1511787945610416,17033167,0.55202253,16,73390,73405,73393,0
73421,1511787945665833,17022458,0.5160445,16,73406,73421,73411,0
73437,1511787945714083,17034917,0.50203466,16,73422,73437,73424,0
73453,1511787945766833,17030042,0.5916325,16,73438,73453,73442,0
73469,1511787945830125,17033875,0.53923049,16,73454,73469,73469,0
73485,1511787945869583,17028042,0.51404623,16,73470,73485,73470,0
73501,1511787945927833,17020500,0.5461509,16,73486,73501,73488,0
73517,1511787945979458,17023542,0.53065133,16,73502,73517,73516,0
73533,1511787946035583,17041750,0.57617215,16,73518,73533,73530,0
73549,1511787946095708,17018625,0.51639285,16,73534,73549,73547,0
73565,1511787946134833,17035083,0.57120219,16,73550,73565,73553,0
73581,1511787946177625,17068250,0.53264434,16,73566,73581,73568,0
73597,1511787946237416,17036542,0.49421306,16,73582,73597,73585,0
73613,1511787946295666,17031042,0.59333415,16,73598,73613,73604,0
73629,1511787946349458,17034125,0.60259417,16,73614,73629,73615,0
73645,1511787946402791,17034917,0.55379383,16,73630,73645,73630,0
73661,1511787946475625,17017666,0.5238031,16,73646,73661,73661,0
73677,1511787946513791,17029000,0.53420875,16,73662,73677,73673,0
73693,1511787946558416,17042375,0.56360503,16,73678,73693,73693,0
73709,1511787946610916,17048084,0.56789242,16,73694,73709,73701,0
73725,1511787946668583,17046375,0.55084306,16,73710,73725,73715,0
73741,1511787946719750,17053666,0.55740995,16,73726,73741,73726,0
73757,1511787946769208,17059917,0.51595184,16,73742,73757,73756,0
73773,1511787946823416,17039125,0.62971467,16,73758,73773,73773,0
73789,1511787946875125,17041666,0.54540821,16,73774,73789,73774,0
73805,1511787946936500,17035500,0.57283932,16,73790,73805,73790,0
73821,1511787946978916,17045625,0.53632047,16,73806,73821,73806,0
73837,1511787947046291,17038000,0.51253642,16,73822,73837,73836,0
73853,1511787947074916,17063875,0.54944459,16,73838,73853,73841,0
73869,1511787947125041,17070875,0.58305111,16,73854,73869,73854,0
73885,1511787947176583,17050417,0.55086865,16,73870,73885,73879,0
73901,1511787947235083,17046500,0.57567474,16,73886,73901,73889,0
73917,1511787947284208,17051875,0.52185823,16,73902,73917,73913,0
73933,1511787947330375,17061791,0.58636346,16,73918,73933,73931,0
73949,1511787947392541,17055417,0.53040702,16,73934,73949,73949,0
73965,1511787947436500,17058916,0.53460171,16,73950,73965,73958,0
73981,1511787947497458,17057917,0.58217632,16,73966,73981,73975,0
73997,1511787947553916,17056167,0.6198063,16,73982,73997,73982,0
74013,1511787947607958,17056375,0.61590293,16,73998,74013,74003,0
74029,1511787947647000,17072083,0.57124324,16,74014,74029,74023,0
74045,1511787947709208,17059875,0.56578927,16,74030,74045,74039,0
74061,1511787947752416,17070584,0.51214018,16,74046,74061,74050,0
74077,1511787947806000,17072833,0.51377213,16,74062,74077,74071,0
74093,1511787947858791,17074917,0.56380978,16,74078,74093,74078,0
74109,1511787947908375,17076416,0.54283706,16,74094,74109,74109,0
74125,1511787947968708,17071458,0.52503235,16,74110,74125,74116,0
74141,1511787948026125,17069958,0.51679653,16,74126,74141,74128,0
74157,1511787948065708,17059042,0.55944401,16,74142,74157,74154,0
74173,1511787948112458,17083583,0.51531943,16,74158,74173,74169,0
74189,1511787948168375,17057875,0.51522211,16,74174,74189,74188,0
74205,1511787948216875,17082541,0.52398079,16,74190,74205,74200,0
74221,1511787948276458,17052333,0.5631554,16,74206,74221,74206,0
74237,1511787948321916,17061750,0.49324965,16,74222,74237,74237,0
74253,1511787948379625,17056625,0.54047589,16,74238,74253,74252,0
74269,1511787948436333,17052458,0.58066036,16,74254,74269,74261,0
74285,1511787948504125,17046750,0.54410052,16,74270,74285,74285,0
74301,1511787948563291,17020125,0.49012575,16,74286,74301,74287,0
74317,1511787948610500,17023750,0.51573801,16,74302,74317,74316,0
74333,1511787948674333,17014375,0.54592281,16,74318,74333,74318,0
74349,1511787948725375,17018916,0.48464453,16,74334,74349,74339,0
74365,1511787948776541,17024500,0.55026103,16,74350,74365,74358,0
74381,1511787948830541,17025167,0.51557266,16,74366,74381,74371,0
74397,1511787948879041,17028625,0.54106051,16,74382,74397,74394,0
74413,1511787948927041,17031500,0.59285803,16,74398,74413,74411,0
74429,1511787948985208,17022125,0.57931863,16,74414,74429,74414,0
74445,1511787949030791,17034667,0.62529003,16,74430,74445,74439,0
74461,1511787949085166,17034709,0.61475242,16,74446,74461,74448,0
74477,1511787949144333,17025333,0.5785327,16,74462,74477,74472,0
74493,1511787949206958,17014958,0.53263776,16,74478,74493,74480,0
74509,1511787949270416,17027125,0.59291569,16,74494,74509,74499,0
74525,1511787949330625,17025833,0.54400836,16,74510,74525,74512,0
74541,1511787949384666,17002584,0.59455866,16,74526,74541,74541,0
74557,1511787949433125,17028541,0.60112764,16,74542,74557,74550,0
74573,1511787949486291,17027167,0.56853157,16,74558,74573,74570,0
74589,1511787949528916,17012000,0.4931464,16,74574,74589,74583,0
74605,1511787949585208,17007167,0.52886513,16,74590,74605,74604,0
74621,1511787949629500,17040291,0.52848012,16,74606,74621,74611,0
74637,1511787949691500,17011583,0.55336828,16,74622,74637,74628,0
74653,1511787949751708,17007458,0.60866964,16,74638,74653,74643,0
74669,1511787949791000,17022666,0.58596603,16,74654,74669,74666,0
74685,1511787949842833,17025000,0.52147464,16,74670,74685,74671,0
74701,1511787949901125,17019916,0.52638315,16,74686,74701,74692,0
74717,1511787949957291,17017375,0.56441845,16,74702,74717,74705,0
74733,1511787950010041,17019375,0.55451613,16,74718,74733,74729,0
74749,1511787950048041,17024625,0.62864922,16,74734,74749,74749,0
74765,1511787950096958,17030125,0.54799468,16,74750,74765,74764,0
74781,1511787950151375,17066583,0.52595486,16,74766,74781,74768,0
74797,1511787950202833,17074375,0.530569,16,74782,74797,74789,0
74813,1511787950249083,17076792,0.58913855,16,74798,74813,74808,0
74829,1511787950303083,17074458,0.52851734,16,74814,74829,74826,0
74845,1511787950349666,17087459,0.49904992,16,74830,74845,74843,0
74861,1511787950404416,17079250,0.52261399,16,74846,74861,74854,0
74877,1511787950463791,17064250,0.50095533,16,74862,74877,74862,0
74893,1511787950550500,17033166,0.54022487,16,74878,74893,74884,0
74909,1511787950618041,17007584,0.56312619,16,74894,74909,74896,0
74925,1511787950659333,17025083,0.49683855,16,74910,74925,74922,0
74941,1511787950714041,17015334,0.59333768,16,74926,74941,74937,0
74957,1511787950768000,17019875,0.51598139,16,74942,74957,74951,0
74973,1511787950817666,17008584,0.52096919,16,74958,74973,74958,0
74989,1511787950863708,17025542,0.54124004,16,74974,74989,74977,0
75005,1511787950917875,17027375,0.58247218,16,74990,75005,74996,0
75021,1511787950968250,17031833,0.57732925,16,75006,75021,75017,0
75037,1511787951021666,17034667,0.62037311,16,75022,75037,75030,0
75053,1511787951071000,17039916,0.56460804,16,75038,75053,75038,0
75069,1511787951132708,17030292,0.51224647,16,75054,75069,75054,0
75085,1511787951170958,17044583,0.52418455,16,75070,75085,75072,0
75101,1511787951218791,17057417,0.58760202,16,75086,75101,75096,0
75117,1511787951272291,17060959,0.60885206,16,75102,75117,75108,0
75133,1511787951321666,17038209,0.55518353,16,75118,75133,75129,0
75149,1511787951385875,17026416,0.50605509,16,75134,75149,75136,0
75165,1511787951432291,17035875,0.54902607,16,75150,75165,75159,0
75181,1511787951490166,17033917,0.51876167,16,75166,75181,75178,0
75197,1511787951546333,17011042,0.54732878,16,75182,75197,75192,0
75213,1511787951605750,17005208,0.51058414,16,75198,75213,75209,0
75229,1511787951652291,17004500,0.55161046,16,75214,75229,75218,0
75245,1511787951706250,17019625,0.53555281,16,75230,75245,75237,0
75261,1511787951753791,17011000,0.5078512,16,75246,75261,75246,0
75277,1511787951811583,17008500,0.55209246,16,75262,75277,75270,0
75293,1511787951861833,16992542,0.5003223,16,75278,75293,75282,0
75309,1511787951912083,16998417,0.52372951,16,75294,75309,75304,0
75325,1511787951972500,16978500,0.51056108,16,75310,75325,75321,0
75341,1511787952027541,16970375,0.55049962,16,75326,75341,75341,0
75357,1511787952092958,16976208,0.52803795,16,75342,75357,75351,0
75373,1511787952142708,16953083,0.53103014,16,75358,75373,75359,0
75389,1511787952187666,16962375,0.5705806,16,75374,75389,75385,0
75405,1511787952243583,16958583,0.56428308,16,75390,75405,75393,0
75421,1511787952303000,16954791,0.50634361,16,75406,75421,75408,0
75437,1511787952355291,16958042,0.51324624,16,75422,75437,75434,0
75453,1511787952408833,16960583,0.55158077,16,75438,75453,75447,0
75469,1511787952480541,16945250,0.54790108,16,75454,75469,75456,0
75485,1511787952523333,16929625,0.56520143,16,75470,75485,75480,0
75501,1511787952571750,16957625,0.59157756,16,75486,75501,75501,0
75517,1511787952632625,16930875,0.61166759,16,75502,75517,75516,0
75533,1511787952668875,16972541,0.63898438,16,75518,75533,75524,0
75549,1511787952725583,16952125,0.62533332,16,75534,75549,75537,0
75565,1511787952783958,16949000,0.6292772,16,75550,75565,75553,0
75581,1511787952843833,16947042,0.5292703,16,75566,75581,75569,0
75597,1511787952910416,16935459,0.53592885,16,75582,75597,75592,0
75613,1511787952943083,16940458,0.55359174,16,75598,75613,75606,0
75629,1511787952996500,16942041,0.57916685,16,75614,75629,75624,0
75645,1511787953045166,16964875,0.60914251,16,75630,75645,75632,0
75661,1511787953096500,16970416,0.53030653,16,75646,75661,75649,0
75677,1511787953162333,16936417,0.52838005,16,75662,75677,75665,0
75693,1511787953202791,16948292,0.52865463,16,75678,75693,75680,0
75709,1511787953251708,16952958,0.54401059,16,75694,75709,75706,0
75725,1511787953310500,16956500,0.58672619,16,75710,75725,75725,0
75741,1511787953361541,16964000,0.55686788,16,75726,75741,75727,0
75757,1511787953416625,16966375,0.52561063,16,75742,75757,75751,0
75773,1511787953459791,16950584,0.57661624,16,75758,75773,75762,0
75789,1511787953514166,16952125,0.53374226,16,75774,75789,75775,0
75805,1511787953567000,16953291,0.52238506,16,75790,75805,75795,0
75821,1511787953624458,16950125,0.58582299,16,75806,75821,75809,0
75837,1511787953692000,16916750,0.58276335,16,75822,75837,75834,0
75853,1511787953742458,16921000,0.5425546,16,75838,75853,75839,0
75869,1511787953787583,16934292,0.60579449,16,75854,75869,75865,0
75885,1511787953839750,16935791,0.56655407,16,75870,75885,75881,0
75901,1511787953902333,16925667,0.52527104,16,75886,75901,75889,0
75917,1511787953946333,16913250,0.50056002,16,75902,75917,75904,0
75933,1511787954002833,16909125,0.56374702,16,75918,75933,75922,0
75949,1511787954062333,16900667,0.51323754,16,75934,75949,75946,0
75965,1511787954102875,16916791,0.55760367,16,75950,75965,75960,0
75981,1511787954165833,16909167,0.57727203,16,75966,75981,75979,0
75997,1511787954210041,16895917,0.53066113,16,75982,75997,75992,0
76013,1511787954256833,16905417,0.57826217,16,75998,76013,76010,0
76029,1511787954310291,16907042,0.57465381,16,76014,76029,76029,0
76045,1511787954371250,16899708,0.52315727,16,76030,76045,76042,0
76061,1511787954409958,16918250,0.53520372,16,76046,76061,76051,0
76077,1511787954463833,16895958,0.55456574,16,76062,76077,76065,0
76093,1511787954521125,16896125,0.56747384,16,76078,76093,76078,0
76109,1511787954572291,16904542,0.51830306,16,76094,76109,76108,0
76125,1511787954632500,16873958,0.52759851,16,76110,76125,76110,0
76141,1511787954689541,16888042,0.53056672,16,76126,76141,76127,0
76157,1511787954727583,16886417,0.59432828,16,76142,76157,76156,0
76173,1511787954781750,16889500,0.55164501,16,76158,76173,76166,0
76189,1511787954833166,16896917,0.54500587,16,76174,76189,76183,0
76205,1511787954886791,16876042,0.51714763,16,76190,76205,76203,0
76221,1511787954935125,16880166,0.53224734,16,76206,76221,76212,0
76237,1511787954990916,16879084,0.55542728,16,76222,76237,76222,0
76253,1511787955035833,16889333,0.56085633,16,76238,76253,76250,0
76269,1511787955086916,16895250,0.52396769,16,76254,76269,76261,0
76285,1511787955140208,16873958,0.55636257,16,76270,76285,76281,0
76301,1511787955187666,16880000,0.55572251,16,76286,76301,76301,0
76317,1511787955240833,16883917,0.51667755,16,76302,76317,76317,0
76333,1511787955293500,16886625,0.56983826,16,76318,76333,76319,0
76349,1511787955351125,16861666,0.56589053,16,76334,76349,76338,0
76365,1511787955394541,16866209,0.53279008,16,76350,76365,76353,0
76381,1511787955459083,16863167,0.50242315,16,76366,76381,76369,0
76397,1511787955508000,16854291,0.54122737,16,76382,76397,76388,0
76413,1511787955559875,16861458,0.52458145,16,76398,76413,76408,0
76429,1511787955603916,16879000,0.52981559,16,76414,76429,76424,0
76445,1511787955659375,16853541,0.55811687,16,76430,76445,76444,0
76461,1511787955709375,16863666,0.51399633,16,76446,76461,76459,0
76477,1511787955751083,16880083,0.55311802,16,76462,76477,76466,0
76493,1511787955803666,16858292,0.52801025,16,76478,76493,76491,0
76509,1511787955854166,16871625,0.57141594,16,76494,76509,76495,0
76525,1511787955911500,16850041,0.53424413,16,76510,76525,76519,0
76541,1511787955958541,16863292,0.52312042,16,76526,76541,76527,0
76557,1511787956028666,16853667,0.54770101,16,76542,76557,76550,0
76573,1511787956056916,16857375,0.54138556,16,76558,76573,76568,0
76589,1511787956113416,16861834,0.5625885,16,76574,76589,76582,0
76605,1511787956167208,16864667,0.54155909,16,76590,76605,76601,0
76621,1511787956224416,16865084,0.52650006,16,76606,76621,76608,0
76637,1511787956272583,16852375,0.51593862,16,76622,76637,76629,0
76653,1511787956331458,16851875,0.55068653,16,76638,76653,76645,0
76669,1511787956387833,16852208,0.5261955,16,76654,76669,76664,0
76685,1511787956446125,16822625,0.5181514,16,76670,76685,76677,0
76701,1511787956506708,16817625,0.53953391,16,76686,76701,76687,0
76717,1511787956562041,16820709,0.55012727,16,76702,76717,76712,0
76733,1511787956615250,16817916,0.51171575,16,76718,76733,76729,0
76749,1511787956664750,16824000,0.53640446,16,76734,76749,76736,0
76765,1511787956719958,16803292,0.58731305,16,76750,76765,76756,0
76781,1511787956772458,16805917,0.52877788,16,76766,76781,76777,0
76797,1511787956829166,16805209,0.50821408,16,76782,76797,76783,0
76813,1511787956878500,16813250,0.54202301,16,76798,76813,76798,0
76829,1511787956933791,16787875,0.50040568,16,76814,76829,76819,0
76845,1511787956985708,16809667,0.56219058,16,76830,76845,76831,0
76861,1511787957036375,16785291,0.54623001,16,76846,76861,76846,0
76877,1511787957094291,16790375,0.49244913,16,76862,76877,76864,0
76893,1511787957148416,16798917,0.54181079,16,76878,76893,76888,0
76909,1511787957204625,16768166,0.51108535,16,76894,76909,76894,0
76925,1511787957262375,16764250,0.5911342,16,76910,76925,76923,0
76941,1511787957318000,16762500,0.53016417,16,76926,76941,76927,0
76957,1511787957367125,16766583,0.53705968,16,76942,76957,76952,0
76973,1511787957417708,16778667,0.59258233,16,76958,76973,76966,0
76989,1511787957485916,16774709,0.59243627,16,76974,76989,76976,0
77005,1511787957519583,16770708,0.59210529,16,76990,77005,77000,0
77021,1511787957578125,16767500,0.59224301,16,77006,77021,77021,0
77037,1511787957624416,16773917,0.61933973,16,77022,77037,77037,0
77053,1511787957678166,16775542,0.63939749,16,77038,77053,77044,0
77069,1511787957733375,16776208,0.62799182,16,77054,77069,77062,0
77085,1511787957776375,16790541,0.61651825,16,77070,77085,77074,0
77101,1511787957837041,16788667,0.55318249,16,77086,77101,77088,0
77117,1511787957880208,16800750,0.54049245,16,77102,77117,77106,0
77133,1511787957927958,16809583,0.58810538,16,77118,77133,77125,0
77149,1511787957981958,16789208,0.53312465,16,77134,77149,77137,0
77165,1511787958041541,16786250,0.55929679,16,77150,77165,77160,0
77181,1511787958080083,16804250,0.50289443,16,77166,77181,77179,0
77197,1511787958138250,16804583,0.54506425,16,77182,77197,77184,0
77213,1511787958187375,16794250,0.54660265,16,77198,77213,77207,0
77229,1511787958236541,16803209,0.55696389,16,77214,77229,77228,0
77245,1511787958286416,16808375,0.52475764,16,77230,77245,77240,0
77261,1511787958343916,16780084,0.52679677,16,77246,77261,77257,0
77277,1511787958395750,16781875,0.53512178,16,77262,77277,77275,0
77293,1511787958444000,16803458,0.55567341,16,77278,77293,77286,0
77309,1511787958491000,16785958,0.57585446,16,77294,77309,77297,0
77325,1511787958541083,16791833,0.52533266,16,77310,77325,77317,0
77341,1511787958596375,16797791,0.52395335,16,77326,77341,77331,0
77357,1511787958654416,16799459,0.53703824,16,77342,77357,77356,0
77373,1511787958700916,16776667,0.50866782,16,77358,77373,77359,0
77389,1511787958748375,16788000,0.63027226,16,77374,77389,77374,0
77405,1511787958813541,16775834,0.5942791,16,77390,77405,77391,0
77421,1511787958876333,16770625,0.56390852,16,77406,77421,77417,0
77437,1511787958936666,16769834,0.5667217,16,77422,77437,77429,0
77453,1511787958999875,16764166,0.52404259,16,77438,77453,77441,0
77469,1511787959044000,16749083,0.55154328,16,77454,77469,77458,0
77485,1511787959102166,16744709,0.5553504,16,77470,77485,77475,0
77501,1511787959149375,16751375,0.55226031,16,77486,77501,77494,0
77517,1511787959203750,16750750,0.57217687,16,77502,77517,77506,0
77533,1511787959253875,16740541,0.53558812,16,77518,77533,77529,0
77549,1511787959311750,16740875,0.51814969,16,77534,77549,77537,0
77565,1511787959358416,16751750,0.52233817,16,77550,77565,77554,0
77581,1511787959414125,16748416,0.56248434,16,77566,77581,77575,0
77597,1511787959462583,16755875,0.55773023,16,77582,77597,77596,0
77613,1511787959534000,16740750,0.58755874,16,77598,77613,77610,0
77629,1511787959571916,16757709,0.529707,16,77614,77629,77615,0
77645,1511787959624125,16732833,0.52363794,16,77630,77645,77631,0
77661,1511787959684541,16726542,0.58388281,16,77646,77661,77657,0
77677,1511787959742500,16721625,0.53644675,16,77662,77677,77674,0
77693,1511787959781291,16740042,0.51706523,16,77678,77693,77679,0
77709,1511787959855791,16718000,0.55837732,16,77694,77709,77694,0
77725,1511787959910625,16695375,0.53182981,16,77710,77725,77720,0
77741,1511787959954208,16704917,0.50747817,16,77726,77741,77728,0
77757,1511787960006583,16706000,0.54793356,16,77742,77757,77756,0
77773,1511787960055500,16713958,0.54136763,16,77758,77773,77769,0
77789,1511787960108791,16720625,0.52917511,16,77774,77789,77785,0
77805,1511787960159750,16702416,0.52571218,16,77790,77805,77796,0
77821,1511787960213791,16705709,0.5129736,16,77806,77821,77811,0
77837,1511787960259000,16712958,0.54956881,16,77822,77837,77823,0
77853,1511787960315000,16711916,0.5266309,16,77838,77853,77852,0
77869,1511787960359000,16724000,0.53756949,16,77854,77869,77868,0
77885,1511787960412833,16725000,0.56916369,16,77870,77885,77873,0
77901,1511787960465375,16702083,0.55983204,16,77886,77901,77892,0
77917,1511787960525291,16696125,0.56626632,16,77902,77917,77911,0
77933,1511787960575083,16704833,0.55375162,16,77918,77933,77923,0
77949,1511787960644125,16689416,0.53625511,16,77934,77949,77939,0
77965,1511787960691166,16697334,0.57085762,16,77950,77965,77959,0
77981,1511787960739708,16722042,0.61393364,16,77966,77981,77978,0
77997,1511787960787000,16709625,0.62146377,16,77982,77997,77982,0
78013,1511787960848625,16695833,0.52222954,16,77998,78013,78013,0
78029,1511787960897791,16705250,0.55847956,16,78014,78029,78028,0
78045,1511787960958833,16688000,0.50791763,16,78030,78045,78041,0
78061,1511787961021250,16670625,0.52473503,16,78046,78061,78061,0
78077,1511787961069458,16686625,0.55707771,16,78062,78077,78064,0
78093,1511787961135000,16665500,0.52813797,16,78078,78093,78082,0
78109,1511787961192000,16652416,0.56923013,16,78094,78109,78101,0
78125,1511787961250916,16652167,0.53728888,16,78110,78125,78111,0
78141,1511787961286250,16662375,0.60246461,16,78126,78141,78132,0
78157,1511787961340375,16680958,0.59878781,16,78142,78157,78146,0
78173,1511787961399708,16669708,0.56675235,16,78158,78173,78159,0
78189,1511787961450916,16680125,0.53795285,16,78174,78189,78176,0
78205,1511787961496625,16678916,0.52826514,16,78190,78205,78205,0
78221,1511787961550666,16681959,0.58106094,16,78206,78221,78219,0
78237,1511787961602250,16684791,0.56059449,16,78222,78237,78225,0
78253,1511787961660416,16682875,0.56842759,16,78238,78253,78243,0
78269,1511787961706458,16665125,0.51950356,16,78254,78269,78269,0
78285,1511787961764458,16716125,0.50570624,16,78270,78285,78279,0
78301,1511787961827875,16656625,0.52218953,16,78286,78301,78294,0
78317,1511787961883000,16634958,0.53236358,16,78302,78317,78303,0
78333,1511787961940791,16633459,0.55762153,16,78318,78333,78321,0
78349,1511787961994208,16632125,0.53705944,16,78334,78349,78347,0
78365,1511787962044750,16634166,0.55523939,16,78350,78365,78362,0
78381,1511787962111083,16626083,0.55334177,16,78366,78381,78369,0
78397,1511787962168625,16622416,0.54457226,16,78382,78397,78391,0
78413,1511787962213750,16634333,0.57268755,16,78398,78413,78412,0
78429,1511787962259666,16652375,0.59872554,16,78414,78429,78429,0
78445,1511787962308791,16618125,0.51295797,16,78430,78445,78443,0
78461,1511787962361541,16616750,0.57739885,16,78446,78461,78457,0
78477,1511787962425750,16605291,0.56411199,16,78462,78477,78465,0
78493,1511787962477666,16603959,0.53473562,16,78478,78493,78488,0
78509,1511787962526458,16609250,0.52082776,16,78494,78509,78499,0
78525,1511787962588291,16604500,0.51913314,16,78510,78525,78519,0
78541,1511787962640333,16583542,0.5039922,16,78526,78541,78529,0
78557,1511787962695833,16580125,0.59822397,16,78542,78557,78555,0
78573,1511787962743166,16586667,0.55447027,16,78558,78573,78564,0
78589,1511787962793708,16590625,0.56673357,16,78574,78589,78584,0
78605,1511787962858583,16580500,0.54417706,16,78590,78605,78603,0
78621,1511787962897208,16602833,0.52651569,16,78606,78621,78620,0
78637,1511787962955083,16569625,0.56814016,16,78622,78637,78637,0
78653,1511787963018416,16565834,0.50772081,16,78638,78653,78645,0
78669,1511787963074333,16565083,0.50524613,16,78654,78669,78654,0
78685,1511787963117666,16556209,0.57037239,16,78670,78685,78682,0
78701,1511787963179583,16545875,0.57460778,16,78686,78701,78686,0
78717,1511787963235083,16545042,0.57354204,16,78702,78717,78710,0
78733,1511787963276416,16558250,0.57535347,16,78718,78733,78726,0
78749,1511787963333791,16557250,0.56550564,16,78734,78749,78746,0
78765,1511787963387541,16554875,0.54579542,16,78750,78765,78759,0
78781,1511787963438333,16539292,0.50563357,16,78766,78781,78775,0
78797,1511787963484750,16545333,0.53114511,16,78782,78797,78791,0
78813,1511787963542416,16541625,0.59446178,16,78798,78813,78809,0
78829,1511787963595958,16547000,0.57003946,16,78814,78829,78816,0
78845,1511787963652583,16549333,0.51381142,16,78830,78845,78845,0
78861,1511787963710375,16521083,0.5055196,16,78846,78861,78855,0
78877,1511787963763416,16524709,0.53827765,16,78862,78877,78868,0
78893,1511787963813083,16532458,0.60944565,16,78878,78893,78879,0
78909,1511787963864541,16514084,0.52063243,16,78894,78909,78903,0
78925,1511787963923708,16510917,0.53229895,16,78910,78925,78917,0
78941,1511787963979416,16507875,0.54313726,16,78926,78941,78934,0
78957,1511787964027416,16516667,0.58748387,16,78942,78957,78943,0
78973,1511787964078083,16524000,0.54651884,16,78958,78973,78969,0
78989,1511787964128250,16505041,0.54836439,16,78974,78989,78982,0
79005,1511787964184625,16504875,0.58177112,16,78990,79005,78998,0
79021,1511787964231041,16514667,0.53253017,16,79006,79021,79009,0
79037,1511787964285291,16495417,0.54663326,16,79022,79037,79026,0
79053,1511787964332333,16501083,0.52673791,16,79038,79053,79043,0
79069,1511787964387916,16502000,0.5333367,16,79054,79069,79062,0
79085,1511787964448916,16496417,0.61647809,16,79070,79085,79082,0
79101,1511787964500708,16498417,0.584279,16,79086,79101,79097,0
79117,1511787964558083,16495458,0.57463384,16,79102,79117,79102,0
79133,1511787964617750,16491833,0.61940373,16,79118,79133,79121,0
79149,1511787964665041,16499042,0.54573815,16,79134,79149,79134,0
79165,1511787964719708,16501583,0.55607589,16,79150,79165,79159,0
79181,1511787964772000,16505458,0.53063986,16,79166,79181,79169,0
79197,1511787964820291,16510292,0.52025714,16,79182,79197,79188,0
79213,1511787964872791,16514959,0.50774215,16,79198,79213,79201,0
79229,1511787964924166,16495250,0.54439254,16,79214,79229,79229,0
79245,1511787964979708,16495125,0.5730042,16,79230,79245,79232,0
79261,1511787965037125,16486000,0.54892958,16,79246,79261,79256,0
79277,1511787965077333,16498000,0.54585701,16,79262,79277,79270,0
79293,1511787965126958,16521625,0.57551195,16,79278,79293,79290,0
79309,1511787965182791,16519334,0.56742747,16,79294,79309,79301,0
79325,1511787965228333,16508375,0.61862896,16,79310,79325,79321,0
79341,1511787965282833,16507875,0.5866743,16,79326,79341,79334,0
79357,1511787965332333,16513250,0.53830842,16,79342,79357,79354,0
79373,1511787965377708,16528833,0.58480029,16,79358,79373,79361,0
79389,1511787965431625,16531041,0.53658167,16,79374,79389,79384,0
79405,1511787965491416,16501959,0.53824519,16,79390,79405,79404,0
79421,1511787965539541,16527500,0.61042452,16,79406,79421,79421,0
79437,1511787965585666,16516000,0.57700609,16,79422,79437,79422,0
79453,1511787965641958,16513000,0.52627709,16,79438,79453,79449,0
79469,1511787965689875,16522875,0.53382586,16,79454,79469,79469,0
79485,1511787965752375,16515500,0.50912692,16,79470,79485,79473,0
79501,1511787965795958,16502125,0.54411043,16,79486,79501,79489,0
79517,1511787965848875,16521791,0.55988881,16,79502,79517,79517,0
79533,1511787965901750,16502375,0.64121584,16,79518,79533,79528,0
79549,1511787965954500,16504041,0.61412073,16,79534,79549,79539,0
79565,1511787966009666,16502542,0.61817731,16,79550,79565,79556,0
79581,1511787966067208,16475250,0.63227465,16,79566,79581,79572,0
79597,1511787966128583,16489000,0.54173911,16,79582,79597,79585,0
79613,1511787966177416,16470042,0.54911235,16,79598,79613,79610,0
79629,1511787966230333,16494167,0.59309875,16,79614,79629,79624,0
79645,1511787966285666,16470834,0.55691624,16,79630,79645,79642,0
79661,1511787966337875,16471708,0.55021574,16,79646,79661,79660,0
79677,1511787966392291,16474459,0.5113351,16,79662,79677,79676,0
79693,1511787966458541,16467250,0.58915033,16,79678,79693,79691,0
79709,1511787966499916,16462000,0.57355412,16,79694,79709,79703,0
79725,1511787966544208,16471958,0.56974627,16,79710,79725,79722,0
79741,1511787966597583,16470542,0.55482838,16,79726,79741,79735,0
79757,1511787966664416,16466334,0.57157155,16,79742,79757,79753,0
79773,1511787966705875,16470708,0.59956828,16,79758,79773,79765,0
79789,1511787966764375,16491041,0.60077102,16,79774,79789,79777,0
79805,1511787966813750,16490583,0.60850876,16,79790,79805,79793,0
79821,1511787966860500,16491500,0.52819562,16,79806,79821,79810,0
79837,1511787966912083,16488083,0.55013855,16,79822,79837,79829,0
79853,1511787966963125,16490250,0.5587117,16,79838,79853,79843,0
79869,1511787967026791,16479292,0.52293703,16,79854,79869,79860,0
79885,1511787967075041,16480000,0.53806986,16,79870,79885,79880,0
79901,1511787967123166,16479584,0.53073214,16,79886,79901,79897,0
79917,1511787967224458,16428000,0.52852729,16,79902,79917,79903,0
79933,1511787967272625,16429541,0.5251909,16,79918,79933,79927,0
79949,1511787967331166,16424834,0.56275882,16,79934,79949,79941,0
79965,1511787967379083,16421667,0.56573908,16,79950,79965,79963,0
79981,1511787967431291,16423792,0.54981269,16,79966,79981,79972,0
79997,1511787967475833,16430625,0.54927047,16,79982,79997,79993,0
80013,1511787967525916,16441375,0.51830793,16,79998,80013,80008,0
80029,1511787967575416,16422709,0.5278427,16,80014,80029,80020,0
80045,1511787967628375,16420625,0.5511729,16,80030,80045,80039,0
80061,1511787967676541,16426375,0.59243858,16,80046,80061,80049,0
80077,1511787967731375,16423250,0.57130176,16,80062,80077,80076,0
80093,1511787967782916,16429459,0.54820926,16,80078,80093,80079,0
80109,1511787967830958,16436125,0.53498231,16,80094,80109,80105,0
80125,1511787967890291,16430792,0.52627708,16,80110,80125,80120,0
80141,1511787967930625,16420708,0.51884833,16,80126,80141,80131,0
80157,1511787968001041,16403250,0.52620966,16,80142,80157,80144,0
80173,1511787968059125,16398041,0.53824171,16,80158,80173,80172,0
80189,1511787968114791,16392292,0.51944198,16,80174,80189,80189,0
80205,1511787968169583,16395667,0.58559794,16,80190,80205,80202,0
80221,1511787968218041,16406084,0.63755647,16,80206,80221,80220,0
80237,1511787968260958,16419292,0.57602329,16,80222,80237,80222,0
80253,1511787968328041,16408375,0.52411805,16,80238,80253,80250,0
80269,1511787968361791,16408417,0.56181087,16,80254,80269,80267,0
80285,1511787968408041,16414000,0.53196655,16,80270,80285,80284,0
80301,1511787968462166,16417125,0.55380785,16,80286,80301,80295,0
80317,1511787968525250,16407000,0.492946,16,80302,80317,80303,0
80333,1511787968560333,16425375,0.51514362,16,80318,80333,80333,0
80349,1511787968609708,16442833,0.62428661,16,80334,80349,80344,0
80365,1511787968661416,16405625,0.52220864,16,80350,80365,80353,0
80381,1511787968710833,16413083,0.53895764,16,80366,80381,80376,0
80397,1511787968759125,16419750,0.61990284,16,80382,80397,80394,0
80413,1511787968817500,16424000,0.57508065,16,80398,80413,80408,0
80429,1511787968853833,16443458,0.52797592,16,80414,80429,80416,0
80445,1511787968906250,16419083,0.5164773,16,80430,80445,80431,0
80461,1511787968956375,16420916,0.56777459,16,80446,80461,80461,0
80477,1511787969001625,16449333,0.59540075,16,80462,80477,80474,0
80493,1511787969052166,16451250,0.57039416,16,80478,80493,80482,0
80509,1511787969102375,16436000,0.55969961,16,80494,80509,80506,0
80525,1511787969153666,16439875,0.53843831,16,80510,80525,80517,0
80541,1511787969206833,16442750,0.60332944,16,80526,80541,80530,0
80557,1511787969262791,16442042,0.55759571,16,80542,80557,80547,0
80573,1511787969305541,16432792,0.52584184,16,80558,80573,80558,0
80589,1511787969359041,16430500,0.55763992,16,80574,80589,80587,0
80605,1511787969406208,16443542,0.50082274,16,80590,80605,80593,0
80621,1511787969459291,16444792,0.53624809,16,80606,80621,80615,0
80637,1511787969519125,16441125,0.55736775,16,80622,80637,80625,0
80653,1511787969568458,16422750,0.52005397,16,80638,80653,80650,0
80669,1511787969627375,16416791,0.52513884,16,80654,80669,80660,0
80685,1511787969679208,16416708,0.53884008,16,80670,80685,80677,0
80701,1511787969730083,16424833,0.52070489,16,80686,80701,80692,0
80717,1511787969791791,16399542,0.53277061,16,80702,80717,80705,0
80733,1511787969841208,16405333,0.54237914,16,80718,80733,80722,0
80749,1511787969890500,16411708,0.53471316,16,80734,80749,80739,0
80765,1511787969947250,16414125,0.5616822,16,80750,80765,80759,0
80781,1511787970002458,16413458,0.57821061,16,80766,80781,80769,0
80797,1511787970062500,16381833,0.55381644,16,80782,80797,80792,0
80813,1511787970102333,16397250,0.58780028,16,80798,80813,80808,0
80829,1511787970156791,16421959,0.6298314,16,80814,80829,80816,0
80845,1511787970208458,16430167,0.59429438,16,80830,80845,80834,0
80861,1511787970273958,16418708,0.57438333,16,80846,80861,80861,0
80877,1511787970318916,16432125,0.55549979,16,80862,80877,80872,0
80893,1511787970366166,16439250,0.56709675,16,80878,80893,80892,0
80909,1511787970412416,16421959,0.5377521,16,80894,80909,80907,0
80925,1511787970477708,16411125,0.50761392,16,80910,80925,80920,0
80941,1511787970515541,16430750,0.51610615,16,80926,80941,80926,0
80957,1511787970563708,16414708,0.52616929,16,80942,80957,80949,0
80973,1511787970617250,16414791,0.54933262,16,80958,80973,80973,0
80989,1511787970664958,16425750,0.54203825,16,80974,80989,80978,0
81005,1511787970713666,16433084,0.56716492,16,80990,81005,80998,0
81021,1511787970778041,16427459,0.53851106,16,81006,81021,81006,0
81037,1511787970815375,16425958,0.5443609,16,81022,81037,81033,0
81053,1511787970862791,16440834,0.50754764,16,81038,81053,81047,0
81069,1511787970916458,16420250,0.5681895,16,81054,81069,81068,0
81085,1511787970968458,16422417,0.5215662,16,81070,81085,81081,0
81101,1511787971014000,16430625,0.52032768,16,81086,81101,81096,0
81117,1511787971068958,16428375,0.53366485,16,81102,81117,81109,0
81133,1511787971111166,16438459,0.56364849,16,81118,81133,81131,0
81149,1511787971156958,16445750,0.55006159,16,81134,81149,81138,0
81165,1511787971225166,16433667,0.5303456,16,81150,81165,81151,0
81181,1511787971266291,16445334,0.56129236,16,81166,81181,81173,0
81197,1511787971308375,16434291,0.52149542,16,81182,81197,81186,0
81213,1511787971363083,16430667,0.55644787,16,81198,81213,81206,0
81229,1511787971409500,16442625,0.56599518,16,81214,81229,81221,0
81245,1511787971460833,16445083,0.54815423,16,81230,81245,81245,0
81261,1511787971513916,16446292,0.58800449,16,81246,81261,81254,0
81277,1511787971563250,16445250,0.5733516,16,81262,81277,81271,0
81293,1511787971616458,16451833,0.54196104,16,81278,81293,81282,0
81309,1511787971667416,16432209,0.54836029,16,81294,81309,81295,0
81325,1511787971728791,16427417,0.53425906,16,81310,81325,81310,0
81341,1511787971766333,16443667,0.55931186,16,81326,81341,81340,0
81357,1511787971824000,16438666,0.54666989,16,81342,81357,81355,0
81373,1511787971866541,16446584,0.53167332,16,81358,81373,81366,0
81389,1511787971917541,16453042,0.51790888,16,81374,81389,81384,0
81405,1511787971963875,16441041,0.51979825,16,81390,81405,81399,0
81421,1511787972013958,16442708,0.55100893,16,81406,81421,81417,0
81437,1511787972070958,16439833,0.57316405,16,81422,81437,81437,0
81453,1511787972119750,16446208,0.53436897,16,81438,81453,81443,0
81469,1511787972165583,16460083,0.52783731,16,81454,81469,81458,0
81485,1511787972219166,16437542,0.53945403,16,81470,81485,81471,0
81501,1511787972261750,16447750,0.5797155,16,81486,81501,81501,0
81517,1511787972312666,16458875,0.51058288,16,81502,81517,81515,0
81533,1511787972362333,16441458,0.52579066,16,81518,81533,81519,0
81549,1511787972416041,16451709,0.55586908,16,81534,81549,81542,0
81565,1511787972472375,16435500,0.58821582,16,81550,81565,81558,0
81581,1511787972517500,16438416,0.5515783,16,81566,81581,81578,0
81597,1511787972580708,16444292,0.55253612,16,81582,81597,81595,0
81613,1511787972621458,16433625,0.50533124,16,81598,81613,81606,0
81629,1511787972668750,16442416,0.5244829,16,81614,81629,81626,0
81645,1511787972720958,16434042,0.53946385,16,81630,81645,81635,0
81661,1511787972766958,16439958,0.52999668,16,81646,81661,81655,0
81677,1511787972817333,16443792,0.52857649,16,81662,81677,81676,0
81693,1511787972870250,16435416,0.54245448,16,81678,81693,81684,0
81709,1511787972917625,16432916,0.53034411,16,81694,81709,81698,0
81725,1511787972979958,16432292,0.53940494,16,81710,81725,81716,0
81741,1511787973034583,16422625,0.59206189,16,81726,81741,81739,0
81757,1511787973075041,16443292,0.5525247,16,81742,81757,81742,0
81773,1511787973124291,16439459,0.55488289,16,81758,81773,81771,0
81789,1511787973172708,16449917,0.58373466,16,81774,81789,81782,0
81805,1511787973223791,16442750,0.61040398,16,81790,81805,81805,0
81821,1511787973271041,16454667,0.49254272,16,81806,81821,81811,0
81837,1511787973324583,16445042,0.55827016,16,81822,81837,81829,0
81853,1511787973391708,16436417,0.56538379,16,81838,81853,81840,0
81869,1511787973427083,16443333,0.53209505,16,81854,81869,81864,0
81885,1511787973476708,16467542,0.54384715,16,81870,81885,81873,0
81901,1511787973525625,16444291,0.49225418,16,81886,81901,81886,0
81917,1511787973586500,16456583,0.574956,16,81902,81917,81902,0
81933,1511787973626791,16443792,0.54870338,16,81918,81933,81921,0
81949,1511787973679875,16444458,0.5838598,16,81934,81949,81935,0
81965,1511787973729083,16450292,0.51814391,16,81950,81965,81959,0
81981,1511787973776375,16463166,0.55211587,16,81966,81981,81969,0
81997,1511787973825500,16470458,0.50329964,16,81982,81997,81990,0
82013,1511787973883375,16466666,0.60198796,16,81998,82013,82012,0
82029,1511787973928375,16478083,0.6066355,16,82014,82029,82016,0
82045,1511787973976375,16457166,0.55680982,16,82030,82045,82039,0
82061,1511787974030125,16456958,0.54643073,16,82046,82061,82054,0
82077,1511787974077750,16459750,0.53570785,16,82062,82077,82063,0
82093,1511787974133791,16459750,0.50906122,16,82078,82093,82081,0
82109,1511787974181500,16446833,0.50484642,16,82094,82109,82102,0
82125,1511787974245500,16442291,0.51561736,16,82110,82125,82118,0
82141,1511787974297208,16444583,0.52835848,16,82126,82141,82130,0
82157,1511787974345791,16451750,0.56791094,16,82142,82157,82154,0
82173,1511787974405833,16443708,0.53783894,16,82158,82173,82165,0
82189,1511787974453625,16453375,0.50585309,16,82174,82189,82189,0
82205,1511787974505791,16452959,0.56275689,16,82190,82205,82193,0
82221,1511787974567041,16421667,0.53923135,16,82206,82221,82214,0
82237,1511787974626416,16412167,0.57035621,16,82222,82237,82232,0
82253,1511787974673083,16426000,0.54278071,16,82238,82253,82243,0
82269,1511787974738333,16402542,0.54853174,16,82254,82269,82266,0
82285,1511787974773708,16424208,0.51485339,16,82270,82285,82280,0
82301,1511787974835333,16421167,0.52774708,16,82286,82301,82286,0
82317,1511787974884208,16402208,0.49646499,16,82302,82317,82304,0
82333,1511787974932500,16408833,0.50453366,16,82318,82333,82322,0
82349,1511787974984875,16409916,0.53879092,16,82334,82349,82338,0
82365,1511787975047333,16406917,0.57977163,16,82350,82365,82353,0
82381,1511787975078791,16425625,0.5605433,16,82366,82381,82378,0
82397,1511787975128375,16430375,0.51971767,16,82382,82397,82397,0
82413,1511787975187250,16398583,0.50139239,16,82398,82413,82412,0
82429,1511787975230291,16429709,0.55310311,16,82414,82429,82419,0
82445,1511787975280208,16412792,0.56402727,16,82430,82445,82445,0
82461,1511787975329875,16419625,0.57388222,16,82446,82461,82459,0
82477,1511787975388250,16420083,0.53988005,16,82462,82477,82462,0
82493,1511787975432333,16434375,0.54504803,16,82478,82493,82484,0
82509,1511787975484458,16411250,0.5715244,16,82494,82509,82507,0
82525,1511787975533958,16418292,0.63854934,16,82510,82525,82524,0
82541,1511787975595833,16410667,0.6426336,16,82526,82541,82541,0
82557,1511787975646708,16422500,0.64211648,16,82542,82557,82555,0
82573,1511787975702500,16386041,0.63661035,16,82558,82573,82565,0
82589,1511787975750583,16410083,0.64955942,16,82574,82589,82580,0
82605,1511787975795125,16422000,0.65932005,16,82590,82605,82599,0
82621,1511787975849750,16423125,0.5631111,16,82606,82621,82608,0
82637,1511787975903875,16427250,0.57504626,16,82622,82637,82622,0
82653,1511787975948750,16438125,0.64431338,16,82638,82653,82638,0
82669,1511787975998833,16446875,0.51106796,16,82654,82669,82666,0
82685,1511787976052250,16449458,0.56577641,16,82670,82685,82670,0
82701,1511787976104958,16452792,0.55084542,16,82686,82701,82694,0
82717,1511787976159708,16429000,0.55469831,16,82702,82717,82714,0
82733,1511787976210416,16442917,0.52609258,16,82718,82733,82730,0
82749,1511787976278041,16404042,0.51981446,16,82734,82749,82742,0
82765,1511787976316708,16419875,0.57132416,16,82750,82765,82764,0
82781,1511787976360375,16431333,0.54328701,16,82766,82781,82774,0
82797,1511787976416208,16430333,0.5597353,16,82782,82797,82796,0
82813,1511787976460708,16450708,0.594451,16,82798,82813,82812,0
82829,1511787976515958,16419000,0.51554739,16,82814,82829,82823,0
82845,1511787976562208,16435958,0.5564744,16,82830,82845,82832,0
82861,1511787976611125,16422416,0.54582481,16,82846,82861,82856,0
82877,1511787976669833,16423292,0.54216698,16,82862,82877,82866,0
82893,1511787976712583,16435583,0.52738372,16,82878,82893,82888,0
82909,1511787976765166,16440667,0.58855448,16,82894,82909,82899,0
82925,1511787976810166,16444792,0.54300816,16,82910,82925,82918,0
82941,1511787976864458,16424417,0.52707264,16,82926,82941,82930,0
82957,1511787976915625,16429916,0.49851486,16,82942,82957,82956,0
82973,1511787976971666,16428625,0.59602317,16,82958,82973,82964,0
82989,1511787977018791,16437834,0.52033877,16,82974,82989,82980,0
83005,1511787977068291,16441042,0.53331558,16,82990,83005,82994,0
83021,1511787977119000,16446750,0.53272936,16,83006,83021,83019,0
83037,1511787977169750,16427208,0.5744544,16,83022,83037,83034,0
83053,1511787977221875,16453958,0.58881501,16,83038,83053,83040,0
83069,1511787977273958,16465750,0.57744863,16,83054,83069,83055,0
83085,1511787977327833,16447458,0.57842796,16,83070,83085,83071,0
83101,1511787977396833,16442875,0.58311911,16,83086,83101,83099,0
83117,1511787977458208,16418917,0.5241152,16,83102,83117,83109,0
83133,1511787977503250,16436791,0.60274246,16,83118,83133,83133,0
83149,1511787977554458,16436542,0.54673449,16,83134,83149,83145,0
83165,1511787977596541,16454417,0.57524129,16,83150,83165,83157,0
83181,1511787977645208,16440000,0.53233663,16,83166,83181,83168,0
83197,1511787977696708,16446042,0.54523693,16,83182,83197,83194,0
83213,1511787977750291,16434875,0.52485593,16,83198,83213,83201,0
83229,1511787977802291,16445459,0.56664697,16,83214,83229,83221,0
83245,1511787977847041,16442542,0.55574296,16,83230,83245,83234,0
83261,1511787977905958,16479417,0.55476296,16,83246,83261,83253,0
83277,1511787977950625,16443583,0.49567838,16,83262,83277,83263,0
83293,1511787978016375,16439041,0.53931136,16,83278,83293,83286,0
83309,1511787978079333,16415000,0.51319169,16,83294,83309,83297,0
83325,1511787978124333,16431708,0.52446286,16,83310,83325,83314,0
83341,1511787978177125,16435250,0.50157225,16,83326,83341,83328,0
83357,1511787978221583,16429042,0.52991775,16,83342,83357,83347,0
83373,1511787978277666,16449500,0.59988771,16,83358,83373,83364,0
83389,1511787978325875,16427875,0.54814647,16,83374,83389,83389,0
83405,1511787978379125,16437958,0.55215675,16,83390,83405,83400,0
83421,1511787978427625,16425833,0.54080266,16,83406,83421,83416,0
83437,1511787978470416,16443625,0.53694648,16,83422,83437,83426,0
83453,1511787978517458,16458583,0.50853038,16,83438,83453,83439,0
83469,1511787978579041,16427459,0.5426605,16,83454,83469,83464,0
83485,1511787978628625,16438875,0.55975633,16,83470,83485,83478,0
83501,1511787978679625,16447500,0.54092444,16,83486,83501,83498,0
83517,1511787978728458,16433708,0.56320357,16,83502,83517,83507,0
83533,1511787978781375,16441000,0.55098326,16,83518,83533,83523,0
83549,1511787978835875,16447041,0.59365443,16,83534,83549,83546,0
83565,1511787978888000,16458958,0.59111848,16,83550,83565,83564,0
83581,1511787978933791,16477292,0.61212021,16,83566,83581,83568,0
83597,1511787978985833,16485583,0.60826095,16,83582,83597,83584,0
83613,1511787979034166,16468875,0.54017831,16,83598,83613,83600,0
83629,1511787979088375,16468000,0.56217378,16,83614,83629,83620,0
83645,1511787979129875,16479416,0.52869306,16,83630,83645,83635,0
83661,1511787979201708,16465208,0.53093827,16,83646,83661,83654,0
83677,1511787979227583,16497917,0.55508564,16,83662,83677,83675,0
83693,1511787979284791,16496709,0.6686183,16,83678,83693,83692,0
83709,1511787979342833,16491917,0.63129262,16,83694,83709,83703,0
83725,1511787979382750,16510125,0.60820329,16,83710,83725,83720,0
83741,1511787979429583,16538375,0.57749391,16,83726,83741,83726,0
83757,1511787979480875,16521458,0.51899945,16,83742,83757,83747,0
83773,1511787979529625,16527916,0.58048925,16,83758,83773,83772,0
83789,1511787979590041,16520959,0.56078803,16,83774,83789,83784,0
83805,1511787979642041,16533542,0.55050583,16,83790,83805,83794,0
83821,1511787979675791,16558209,0.54954336,16,83806,83821,83816,0
83837,1511787979729541,16532125,0.53389718,16,83822,83837,83834,0
83853,1511787979780166,16538209,0.53541124,16,83838,83853,83839,0
83869,1511787979840333,16529500,0.56468519,16,83854,83869,83867,0
83885,1511787979886583,16536167,0.51353131,16,83870,83885,83870,0
83901,1511787979934333,16545667,0.54540937,16,83886,83901,83894,0
83917,1511787979981708,16534292,0.52098141,16,83902,83917,83912,0
83933,1511787980029541,16540250,0.54719327,16,83918,83933,83930,0
83949,1511787980085000,16538291,0.55632567,16,83934,83949,83941,0
83965,1511787980138541,16539667,0.50975661,16,83950,83965,83955,0
83981,1511787980189291,16554625,0.55736757,16,83966,83981,83973,0
83997,1511787980231333,16533667,0.52190782,16,83982,83997,83996,0
84013,1511787980288666,16529667,0.55197813,16,83998,84013,84008,0
84029,1511787980335500,16539041,0.54455852,16,84014,84029,84018,0
84045,1511787980386000,16542375,0.60951265,16,84030,84045,84032,0
84061,1511787980442416,16544667,0.53851299,16,84046,84061,84059,0
84077,1511787980483791,16559209,0.49262354,16,84062,84077,84071,0
84093,1511787980534791,16535417,0.54153563,16,84078,84093,84089,0
84109,1511787980589916,16532000,0.52740954,16,84094,84109,84105,0
84125,1511787980639958,16536208,0.51659341,16,84110,84125,84120,0
84141,1511787980685083,16544375,0.54860396,16,84126,84141,84131,0
84157,1511787980736083,16547750,0.5801694,16,84142,84157,84152,0
84173,1511787980784333,16553875,0.53855485,16,84158,84173,84171,0
84189,1511787980834958,16561125,0.56564589,16,84174,84189,84188,0
84205,1511787980887208,16564792,0.61662286,16,84190,84205,84199,0
84221,1511787980941958,16541625,0.55817886,16,84206,84221,84206,0
84237,1511787981005333,16549917,0.60630096,16,84222,84237,84230,0
84253,1511787981052166,16574542,0.578345,16,84238,84253,84240,0
84269,1511787981110875,16541833,0.59143903,16,84254,84269,84255,0
84285,1511787981165625,16545125,0.54451437,16,84270,84285,84270,0
84301,1511787981222833,16543375,0.53472402,16,84286,84301,84288,0
84317,1511787981277875,16543208,0.60807239,16,84302,84317,84317,0
84333,1511787981338708,16539542,0.57971876,16,84318,84333,84320,0
84349,1511787981372083,16562083,0.64193169,16,84334,84349,84347,0
84365,1511787981421708,16566250,0.59037188,16,84350,84365,84350,0
84381,1511787981483958,16561542,0.56634264,16,84366,84381,84366,0
84397,1511787981530625,16568375,0.55298187,16,84382,84397,84387,0
84413,1511787981584208,16572333,0.53508151,16,84398,84413,84399,0
84429,1511787981629583,16554833,0.54985703,16,84414,84429,84423,0
84445,1511787981684416,16554459,0.56766542,16,84430,84445,84443,0
84461,1511787981736625,16550208,0.55837197,16,84446,84461,84451,0
84477,1511787981792250,16550666,0.53912903,16,84462,84477,84462,0
84493,1511787981846291,16556250,0.56672558,16,84478,84493,84481,0
84509,1511787981900458,16534958,0.56950513,16,84494,84509,84506,0
84525,1511787981952666,16535542,0.5298422,16,84510,84525,84520,0
84541,1511787981995791,16547792,0.5474513,16,84526,84541,84533,0
84557,1511787982050958,16546333,0.55515645,16,84542,84557,84554,0
84573,1511787982105666,16547875,0.53327156,16,84558,84573,84561,0
84589,1511787982160833,16551375,0.58499298,16,84574,84589,84588,0
84605,1511787982221375,16545833,0.57466888,16,84590,84605,84593,0
84621,1511787982249708,16572042,0.51767179,16,84606,84621,84618,0
84637,1511787982299833,16549792,0.54393416,16,84622,84637,84631,0
84653,1511787982355625,16546458,0.54191652,16,84638,84653,84649,0
84669,1511787982407000,16549166,0.52381999,16,84654,84669,84661,0
84685,1511787982455208,16559833,0.53579648,16,84670,84685,84681,0
84701,1511787982513125,16558083,0.53052314,16,84686,84701,84688,0
84717,1511787982546833,16555125,0.52683566,16,84702,84717,84704,0
84733,1511787982600958,16557500,0.51784413,16,84718,84733,84725,0
84749,1511787982653958,16559417,0.54918968,16,84734,84749,84748,0
84765,1511787982709416,16559959,0.54893949,16,84750,84765,84756,0
84781,1511787982756125,16569333,0.54857972,16,84766,84781,84772,0
84797,1511787982809750,16570541,0.58175114,16,84782,84797,84783,0
84813,1511787982862541,16572042,0.54817451,16,84798,84813,84806,0
84829,1511787982916166,16549209,0.50571739,16,84814,84829,84823,0
84845,1511787982965666,16555917,0.54277593,16,84830,84845,84843,0
84861,1511787983020375,16561291,0.55854051,16,84846,84861,84852,0
84877,1511787983073625,16562666,0.5340603,16,84862,84877,84875,0
84893,1511787983121041,16544917,0.5113428,16,84878,84893,84881,0
84909,1511787983180291,16541250,0.55240505,16,84894,84909,84909,0
84925,1511787983240375,16533791,0.56224294,16,84910,84925,84911,0
84941,1511787983297458,16533125,0.52996534,16,84926,84941,84941,0
84957,1511787983345958,16540625,0.58960647,16,84942,84957,84954,0
84973,1511787983394083,16523000,0.54299858,16,84958,84973,84973,0
84989,1511787983448250,16523250,0.47546381,16,84974,84989,84985,0
85005,1511787983495291,16532917,0.58052372,16,84990,85005,85003,0
85021,1511787983546875,16535875,0.56226379,16,85006,85021,85007,0
85037,1511787983590583,16545375,0.55055303,16,85022,85037,85036,0
85053,1511787983644708,16521667,0.51630661,16,85038,85053,85051,0
85069,1511787983699333,16525375,0.6016676,16,85054,85069,85064,0
85085,1511787983757500,16525166,0.4976951,16,85070,85085,85078,0
85101,1511787983803583,16535792,0.53877002,16,85086,85101,85096,0
85117,1511787983850500,16518333,0.57937142,16,85102,85117,85106,0
85133,1511787983897708,16526458,0.592464,16,85118,85133,85123,0
85149,1511787983960708,16570833,0.52329071,16,85134,85149,85139,0
85165,1511787984001250,16533708,0.52666232,16,85150,85165,85163,0
85181,1511787984056333,16525167,0.57156671,16,85166,85181,85178,0
85197,1511787984110666,16533292,0.54946783,16,85182,85197,85191,0
85213,1511787984151500,16526958,0.56789786,16,85198,85213,85211,0
85229,1511787984213083,16515417,0.56887303,16,85214,85229,85217,0
85245,1511787984262500,16519375,0.51652509,16,85230,85245,85236,0
85261,1511787984324041,16516667,0.52286534,16,85246,85261,85259,0
85277,1511787984351375,16545166,0.55568376,16,85262,85277,85262,0
85293,1511787984405000,16545166,0.52691598,16,85278,85293,85287,0
85309,1511787984451625,16553291,0.5331334,16,85294,85309,85302,0
85325,1511787984503791,16535917,0.5994799,16,85310,85325,85320,0
85341,1511787984559083,16560458,0.61858467,16,85326,85341,85336,0
85357,1511787984616291,16556084,0.59923829,16,85342,85357,85342,0
85373,1511787984681166,16545834,0.53729903,16,85358,85373,85360,0
85389,1511787984737166,16523834,0.54884608,16,85374,85389,85378,0
85405,1511787984776208,16537625,0.50425658,16,85390,85405,85390,0
85421,1511787984822041,16546875,0.4932633,16,85406,85421,85419,0
85437,1511787984876750,16546041,0.51224356,16,85422,85437,85434,0
85453,1511787984927833,16550708,0.53120348,16,85438,85453,85447,0
85469,1511787984976208,16556500,0.56297227,16,85454,85469,85469,0
85485,1511787985019000,16576166,0.58323913,16,85470,85485,85472,0
85501,1511787985072333,16550542,0.53026381,16,85486,85501,85499,0
85517,1511787985118833,16579500,0.58407239,16,85502,85517,85503,0
85533,1511787985169291,16563334,0.56022831,16,85518,85533,85531,0
85549,1511787985229375,16557875,0.51378914,16,85534,85549,85544,0
85565,1511787985279125,16561416,0.51361075,16,85550,85565,85555,0
85581,1511787985328375,16555333,0.54096621,16,85566,85581,85566,0
85597,1511787985382958,16554458,0.56392109,16,85582,85597,85591,0
85613,1511787985441291,16547750,0.52106897,16,85598,85613,85601,0
85629,1511787985485208,16564167,0.56073852,16,85614,85629,85615,0
85645,1511787985544583,16577625,0.59030133,16,85630,85645,85641,0
85661,1511787985594416,16560917,0.58682773,16,85646,85661,85654,0
85677,1511787985653416,16555375,0.53344276,16,85662,85677,85662,0
85693,1511787985707416,16578459,0.56143878,16,85678,85693,85685,0
85709,1511787985740916,16606667,0.59487259,16,85694,85709,85695,0
85725,1511787985789500,16579833,0.55087041,16,85710,85725,85723,0
85741,1511787985847666,16578667,0.51257494,16,85726,85741,85732,0
85757,1511787985891291,16589209,0.5208379,16,85742,85757,85747,0
85773,1511787985956500,16578583,0.52731646,16,85758,85773,85758,0
85789,1511787985993666,16594292,0.57453155,16,85774,85789,85774,0
85805,1511787986059083,16583875,0.53188691,16,85790,85805,85798,0
85821,1511787986095000,16604083,0.50474668,16,85806,85821,85818,0
85837,1511787986151791,16602792,0.57407072,16,85822,85837,85835,0
85853,1511787986194333,16591375,0.56909513,16,85838,85853,85841,0
85869,1511787986251500,16588708,0.51829249,16,85854,85869,85867,0
85885,1511787986304750,16590291,0.56132247,16,85870,85885,85870,0
85901,1511787986351083,16598750,0.54193421,16,85886,85901,85901,0
85917,1511787986405625,16598875,0.55081188,16,85902,85917,85902,0
85933,1511787986447125,16591625,0.54864926,16,85918,85933,85920,0
85949,1511787986500500,16616750,0.55660785,16,85934,85949,85944,0
85965,1511787986586375,16565000,0.55893353,16,85950,85965,85952,0
85981,1511787986627666,16576959,0.56631156,16,85966,85981,85973,0
85997,1511787986680541,16578209,0.56188871,16,85982,85997,85984,0
86013,1511787986732333,16582833,0.54271292,16,85998,86013,86013,0
86029,1511787986787208,16582458,0.55176439,16,86014,86029,86021,0
86045,1511787986839083,16564500,0.58018432,16,86030,86045,86035,0
86061,1511787986885125,16572791,0.5167234,16,86046,86061,86053,0
86077,1511787986948791,16567292,0.53570539,16,86062,86077,86062,0
86093,1511787986981666,16587959,0.58325845,16,86078,86093,86087,0
86109,1511787987033000,16590333,0.57466753,16,86094,86109,86095,0
86125,1511787987080416,16598584,0.54461126,16,86110,86125,86114,0
86141,1511787987135083,16575833,0.53946522,16,86126,86141,86141,0
86157,1511787987194333,16568917,0.51614366,16,86142,86157,86152,0
86173,1511787987244291,16571917,0.51340383,16,86158,86173,86170,0
86189,1511787987293500,16578708,0.54571961,16,86174,86189,86177,0
86205,1511787987344083,16565542,0.51141551,16,86190,86205,86201,0
86221,1511787987388416,16577625,0.5406909,16,86206,86221,86216,0
86237,1511787987439833,16582833,0.50149046,16,86222,86237,86225,0
86253,1511787987490208,16570292,0.51634842,16,86238,86253,86244,0
86269,1511787987545083,16572792,0.57110776,16,86254,86269,86261,0
86285,1511787987596458,16578417,0.52513251,16,86270,86285,86283,0
86301,1511787987646666,16585625,0.52879511,16,86286,86301,86295,0
86317,1511787987714541,16555417,0.55810809,16,86302,86317,86304,0
86333,1511787987747500,16576166,0.52130823,16,86318,86333,86318,0
86349,1511787987799083,16581042,0.52371865,16,86334,86349,86346,0
86365,1511787987859291,16565042,0.54638855,16,86350,86365,86364,0
86381,1511787987901083,16583042,0.56473126,16,86366,86381,86380,0
86397,1511787987951000,16576000,0.4856251,16,86382,86397,86397,0
86413,1511787988001958,16584333,0.52982492,16,86398,86413,86407,0
86429,1511787988064000,16565000,0.56056611,16,86414,86429,86421,0
86445,1511787988103000,16583833,0.59199669,16,86430,86445,86434,0
86461,1511787988151958,16581375,0.59289488,16,86446,86461,86448,0
86477,1511787988220375,16572583,0.53523113,16,86462,86477,86476,0
86493,1511787988258416,16577750,0.50692959,16,86478,86493,86486,0
86509,1511787988309250,16579916,0.53638281,16,86494,86509,86504,0
86525,1511787988360541,16588709,0.56628285,16,86510,86525,86520,0
86541,1511787988404291,16609500,0.5562602,16,86526,86541,86526,0
86557,1511787988464458,16600000,0.54947867,16,86542,86557,86551,0
86573,1511787988510791,16586750,0.62981849,16,86558,86573,86568,0
86589,1511787988568833,16583375,0.50989019,16,86574,86589,86581,0
86605,1511787988616291,16590417,0.52300559,16,86590,86605,86601,0
86621,1511787988661833,16602458,0.5386756,16,86606,86621,86607,0
86637,1511787988709708,16611875,0.55521765,16,86622,86637,86635,0
86653,1511787988760375,16615583,0.57381751,16,86638,86653,86640,0
86669,1511787988808125,16597666,0.56070835,16,86654,86669,86655,0
86685,1511787988859583,16598083,0.52392536,16,86670,86685,86678,0
86701,1511787988911000,16617791,0.5543483,16,86686,86701,86698,0
86717,1511787988963708,16597042,0.49377922,16,86702,86717,86717,0
86733,1511787989008750,16607583,0.53129324,16,86718,86733,86726,0
86749,1511787989061833,16609625,0.55357799,16,86734,86749,86748,0
86765,1511787989114000,16610416,0.54896574,16,86750,86765,86765,0
86781,1511787989156458,16613708,0.55882904,16,86766,86781,86766,0
86797,1511787989202875,16629750,0.57930104,16,86782,86797,86783,0
86813,1511787989253500,16641541,0.54667567,16,86798,86813,86806,0
86829,1511787989300166,16629292,0.53607479,16,86814,86829,86826,0
86845,1511787989348750,16638541,0.5337119,16,86830,86845,86834,0
86861,1511787989409958,16636333,0.54070903,16,86846,86861,86853,0
86877,1511787989455250,16630208,0.51711007,16,86862,86877,86874,0
86893,1511787989511583,16630792,0.60212846,16,86878,86893,86884,0
86909,1511787989563875,16639166,0.53810087,16,86894,86909,86904,0
86925,1511787989620291,16624750,0.59082959,16,86910,86925,86922,0
86941,1511787989671291,16634375,0.52280664,16,86926,86941,86926,0
86957,1511787989718875,16620875,0.53211246,16,86942,86957,86945,0
86973,1511787989769291,16627792,0.61250639,16,86958,86973,86967,0
86989,1511787989822833,16625083,0.58568338,16,86974,86989,86974,0
87005,1511787989881875,16624000,0.54791596,16,86990,87005,86997,0
87021,1511787989931458,16625375,0.56013572,16,87006,87021,87014,0
87037,1511787989972416,16641250,0.54080089,16,87022,87037,87033,0
87053,1511787990028416,16644084,0.65859587,16,87038,87053,87048,0
87069,1511787990073958,16655875,0.60166345,16,87054,87069,87064,0
87085,1511787990128375,16662291,0.54659874,16,87070,87085,87070,0
87101,1511787990188083,16658750,0.57658963,16,87086,87101,87096,0
87117,1511787990236625,16666125,0.60701469,16,87102,87117,87103,0
87133,1511787990280041,16679875,0.58603575,16,87118,87133,87133,0
87149,1511787990352708,16666208,0.60778999,16,87134,87149,87141,0
87165,1511787990394541,16677500,0.60233469,16,87150,87165,87158,0
87181,1511787990437041,16689125,0.52162065,16,87166,87181,87172,0
87197,1511787990501458,16677125,0.55753872,16,87182,87197,87184,0
87213,1511787990536625,16695625,0.59015782,16,87198,87213,87202,0
87229,1511787990587541,16700875,0.54993195,16,87214,87229,87224,0
87245,1511787990632083,16699167,0.56167354,16,87230,87245,87233,0
87261,1511787990682958,16701208,0.52342119,16,87246,87261,87249,0
87277,1511787990746750,16688291,0.53165055,16,87262,87277,87274,0
87293,1511787990789291,16702625,0.58949961,16,87278,87293,87282,0
87309,1511787990841666,16708584,0.58878224,16,87294,87309,87304,0
87325,1511787990897625,16709708,0.58665323,16,87310,87325,87323,0
87341,1511787990942208,16721625,0.60433851,16,87326,87341,87327,0
87357,1511787990992333,16725292,0.59330063,16,87342,87357,87346,0
87373,1511787991037916,16714334,0.60367651,16,87358,87373,87363,0
87389,1511787991097791,16709542,0.55363794,16,87374,87389,87386,0
87405,1511787991147208,16714375,0.56031065,16,87390,87405,87392,0
87421,1511787991193291,16725500,0.51320525,16,87406,87421,87418,0
87437,1511787991241416,16713375,0.60162935,16,87422,87437,87429,0
87453,1511787991287833,16719667,0.53656251,16,87438,87453,87440,0
87469,1511787991342500,16724416,0.53651877,16,87454,87469,87462,0
87485,1511787991392041,16729542,0.51198101,16,87470,87485,87485,0
87501,1511787991447583,16731958,0.56442448,16,87486,87501,87491,0
87517,1511787991502458,16719417,0.52236548,16,87502,87517,87502,0
87533,1511787991541958,16737417,0.60328128,16,87518,87533,87525,0
87549,1511787991592666,16740959,0.51476875,16,87534,87549,87544,0
87565,1511787991652291,16712792,0.56645855,16,87550,87565,87556,0
87581,1511787991696416,16722792,0.55556291,16,87566,87581,87567,0
87597,1511787991745291,16727125,0.51958812,16,87582,87597,87595,0
87613,1511787991802000,16724875,0.58265397,16,87598,87613,87600,0
87629,1511787991861083,16720708,0.53738086,16,87614,87629,87622,0
87645,1511787991901791,16735000,0.53924836,16,87630,87645,87635,0
87661,1511787991967750,16703375,0.53767922,16,87646,87661,87648,0
87677,1511787992003000,16726208,0.50934254,16,87662,87677,87668,0
87693,1511787992053625,16731625,0.5130171,16,87678,87693,87683,0
87709,1511787992097166,16744334,0.56744446,16,87694,87709,87697,0
87725,1511787992144750,16753916,0.50742982,16,87710,87725,87722,0
87741,1511787992211125,16719208,0.58603592,16,87726,87741,87736,0
87757,1511787992266541,16720167,0.52938853,16,87742,87757,87749,0
87773,1511787992331625,16711625,0.57506055,16,87758,87773,87761,0
87789,1511787992387125,16714000,0.5744272,16,87774,87789,87776,0
87805,1511787992435000,16716750,0.53148455,16,87790,87805,87794,0
87821,1511787992492083,16715750,0.5389783,16,87806,87821,87808,0
87837,1511787992539083,16717417,0.50143872,16,87822,87837,87822,0
87853,1511787992589125,16729750,0.54593277,16,87838,87853,87846,0
87869,1511787992638958,16707250,0.55359261,16,87854,87869,87859,0
87885,1511787992685708,16733083,0.55471887,16,87870,87885,87876,0
87901,1511787992732625,16735458,0.57827709,16,87886,87901,87900,0
87917,1511787992786041,16737250,0.57759363,16,87902,87917,87911,0
87933,1511787992839833,16739208,0.55357231,16,87918,87933,87931,0
87949,1511787992898708,16732458,0.56132684,16,87934,87949,87946,0
87965,1511787992942500,16739833,0.53902792,16,87950,87965,87956,0
87981,1511787993005916,16711834,0.54053853,16,87966,87981,87966,0
87997,1511787993033333,16736583,0.53166854,16,87982,87997,87986,0
88013,1511787993095166,16728292,0.53435698,16,87998,88013,88012,0
88029,1511787993141708,16735208,0.54797568,16,88014,88029,88028,0
88045,1511787993201041,16733917,0.58117719,16,88030,88045,88034,0
88061,1511787993245750,16743250,0.51901455,16,88046,88061,88058,0
88077,1511787993291666,16750667,0.52545257,16,88062,88077,88066,0
88093,1511787993351541,16721334,0.54028522,16,88078,88093,88086,0
88109,1511787993400375,16723958,0.52296511,16,88094,88109,88104,0
88125,1511787993451708,16731542,0.52171147,16,88110,88125,88112,0
88141,1511787993500291,16755167,0.6051523,16,88126,88141,88138,0
88157,1511787993561791,16721875,0.53218697,16,88142,88157,88157,0
88173,1511787993605041,16735584,0.5229793,16,88158,88173,88160,0
88189,1511787993662958,16731750,0.52915012,16,88174,88189,88186,0
88205,1511787993733958,16705042,0.52342362,16,88190,88205,88202,0
88221,1511787993782166,16715834,0.55253237,16,88206,88221,88211,0
88237,1511787993834583,16704542,0.59475933,16,88222,88237,88236,0
88253,1511787993880291,16715500,0.52912458,16,88238,88253,88253,0
88269,1511787993933916,16715959,0.55699385,16,88254,88269,88261,0
88285,1511787993982916,16727000,0.55013748,16,88270,88285,88274,0
88301,1511787994047583,16718292,0.54362284,16,88286,88301,88288,0
88317,1511787994089125,16707708,0.5701834,16,88302,88317,88306,0
88333,1511787994142916,16729334,0.59119399,16,88318,88333,88325,0
88349,1511787994191833,16734917,0.60298794,16,88334,88349,88341,0
88365,1511787994256250,16725083,0.59754905,16,88350,88365,88352,0
88381,1511787994296333,16741708,0.55957228,16,88366,88381,88369,0
88397,1511787994357708,16711125,0.55807414,16,88382,88397,88392,0
88413,1511787994391833,16752250,0.60204624,16,88398,88413,88401,0
88429,1511787994446875,16749458,0.54370446,16,88414,88429,88415,0
88445,1511787994501750,16729916,0.57566832,16,88430,88445,88438,0
88461,1511787994550958,16744167,0.52806323,16,88446,88461,88452,0
88477,1511787994613125,16744833,0.5370801,16,88462,88477,88471,0
88493,1511787994654958,16731250,0.53695417,16,88478,88493,88492,0
88509,1511787994711375,16728875,0.52670217,16,88494,88509,88503,0
88525,1511787994761333,16734958,0.5245005,16,88510,88525,88521,0
88541,1511787994820166,16733292,0.56001908,16,88526,88541,88539,0
88557,1511787994859000,16750541,0.56066409,16,88542,88557,88554,0
88573,1511787994909750,16729833,0.52180425,16,88558,88573,88566,0
88589,1511787994960958,16732667,0.56894142,16,88574,88589,88580,0
88605,1511787995012250,16738791,0.57600729,16,88590,88605,88602,0
88621,1511787995064875,16739041,0.49194167,16,88606,88621,88618,0
88637,1511787995121041,16741792,0.56841383,16,88622,88637,88627,0
88653,1511787995165666,16753375,0.59905662,16,88638,88653,88644,0
88669,1511787995230125,16719375,0.55783504,16,88654,88669,88656,0
88685,1511787995292000,16709333,0.57569047,16,88670,88685,88674,0
88701,1511787995337083,16717583,0.53801293,16,88686,88701,88699,0
88717,1511787995406250,16704250,0.55537144,16,88702,88717,88711,0
88733,1511787995455833,16711167,0.5276647,16,88718,88733,88723,0
88749,1511787995509083,16692292,0.57318347,16,88734,88749,88734,0
88765,1511787995559958,16700833,0.55794121,16,88750,88765,88757,0
88781,1511787995610333,16703833,0.54242155,16,88766,88781,88778,0
88797,1511787995657500,16708125,0.59933504,16,88782,88797,88796,0
88813,1511787995719458,16722417,0.59133923,16,88798,88813,88813,0
88829,1511787995780625,16714250,0.54957247,16,88814,88829,88823,0
88845,1511787995834833,16717750,0.60905626,16,88830,88845,88837,0
88861,1511787995904541,16701750,0.57558601,16,88846,88861,88851,0
88877,1511787995955958,16704500,0.56140945,16,88862,88877,88863,0
88893,1511787996008583,16707750,0.59238543,16,88878,88893,88892,0
88909,1511787996064208,16682375,0.51497561,16,88894,88909,88895,0
88925,1511787996112375,16689083,0.58820294,16,88910,88925,88920,0
88941,1511787996163333,16691208,0.49563655,16,88926,88941,88926,0
88957,1511787996212458,16698792,0.61451882,16,88942,88957,88947,0
88973,1511787996265541,16711834,0.56802536,16,88958,88973,88960,0
88989,1511787996321291,16680709,0.53037563,16,88974,88989,88974,0
89005,1511787996376541,16682625,0.57723896,16,88990,89005,89003,0
89021,1511787996418583,16696250,0.63687034,16,89006,89021,89020,0
89037,1511787996473750,16695583,0.63216845,16,89022,89037,89029,0
89053,1511787996522375,16680708,0.6392072,16,89038,89053,89053,0
89069,1511787996578375,16679083,0.6349675,16,89054,89069,89064,0
89085,1511787996632583,16660167,0.64303692,16,89070,89085,89078,0
89101,1511787996673166,16696750,0.62150001,16,89086,89101,89100,0
89117,1511787996716958,16683500,0.57679538,16,89102,89117,89103,0
89133,1511787996769666,16685375,0.56500376,16,89118,89133,89120,0
89149,1511787996824416,16685000,0.55863539,16,89134,89149,89146,0
89165,1511787996881875,16682500,0.5471788,16,89150,89165,89162,0
89181,1511787996919000,16699708,0.51357923,16,89166,89181,89170,0
89197,1511787996977000,16694750,0.58612868,16,89182,89197,89186,0
89213,1511787997030583,16694583,0.5674589,16,89198,89213,89205,0
89229,1511787997072958,16712042,0.60143652,16,89214,89229,89228,0
89245,1511787997124708,16714667,0.55107832,16,89230,89245,89244,0
89261,1511787997176250,16700083,0.52902055,16,89246,89261,89247,0
89277,1511787997228458,16705375,0.5557793,16,89262,89277,89265,0
89293,1511787997280958,16706292,0.52489867,16,89278,89293,89281,0
89309,1511787997340750,16691541,0.52412903,16,89294,89309,89301,0
89325,1511787997379416,16699167,0.5287444,16,89310,89325,89311,0
89341,1511787997432250,16705375,0.57807864,16,89326,89341,89335,0
89357,1511787997487000,16694041,0.50429438,16,89342,89357,89350,0
89373,1511787997550500,16689750,0.53952393,16,89358,89373,89373,0
89389,1511787997601750,16685041,0.542695,16,89374,89389,89374,0
89405,1511787997657750,16675625,0.53011134,16,89390,89405,89400,0
89421,1511787997712750,16676541,0.54692748,16,89406,89421,89420,0
89437,1511787997774083,16662458,0.5877867,16,89422,89437,89433,0
89453,1511787997810458,16684333,0.57814854,16,89438,89453,89453,0
89469,1511787997865291,16690834,0.58105787,16,89454,89469,89455,0
89485,1511787997937125,16663875,0.58572829,16,89470,89485,89484,0
89501,1511787997978625,16664333,0.49834886,16,89486,89501,89499,0
89517,1511787998046708,16649500,0.58952888,16,89502,89517,89516,0
89533,1511787998089583,16665125,0.5674866,16,89518,89533,89530,0
89549,1511787998137041,16680209,0.57041142,16,89534,89549,89535,0
89565,1511787998191833,16672458,0.53803479,16,89550,89565,89555,0
89581,1511787998246250,16659041,0.55956612,16,89566,89581,89575,0
89597,1511787998290916,16672917,0.54608117,16,89582,89597,89593,0
89613,1511787998339166,16670042,0.61402743,16,89598,89613,89611,0
89629,1511787998410750,16658333,0.59228858,16,89614,89629,89618,0
89645,1511787998442500,16685375,0.52701921,16,89630,89645,89637,0
89661,1511787998492166,16679750,0.54770681,16,89646,89661,89655,0
89677,1511787998545000,16672750,0.51838322,16,89662,89677,89674,0
89693,1511787998598250,16678958,0.57828078,16,89678,89693,89679,0
89709,1511787998654500,16682750,0.5602276,16,89694,89709,89698,0
89725,1511787998706250,16675458,0.53231005,16,89710,89725,89718,0
89741,1511787998757458,16680875,0.55170512,16,89726,89741,89728,0
89757,1511787998804875,16692250,0.54481172,16,89742,89757,89754,0
89773,1511787998855958,16685667,0.53555116,16,89758,89773,89773,0
89789,1511787998903625,16696208,0.55081682,16,89774,89789,89788,0
89805,1511787998956166,16690667,0.55960046,16,89790,89805,89793,0
89821,1511787999015625,16684666,0.52352287,16,89806,89821,89810,0
89837,1511787999053916,16706292,0.59535371,16,89822,89837,89827,0
89853,1511787999102041,16701709,0.5279546,16,89838,89853,89842,0
89869,1511787999159250,16696541,0.56561479,16,89854,89869,89866,0
89885,1511787999209791,16709250,0.5692925,16,89870,89885,89876,0
89901,1511787999265083,16704458,0.54067426,16,89886,89901,89887,0
89917,1511787999321166,16703000,0.51820623,16,89902,89917,89907,0
89933,1511787999368041,16711625,0.57895925,16,89918,89933,89927,0
89949,1511787999424375,16708000,0.56322742,16,89934,89949,89945,0
89965,1511787999471250,16712833,0.61915101,16,89950,89965,89963,0
89981,1511787999522375,16717000,0.56867002,16,89966,89981,89967,0
89997,1511787999571083,16725875,0.61489867,16,89982,89997,89986,0
90013,1511787999617791,16737125,0.58377129,16,89998,90013,90002,0
90029,1511787999671083,16745833,0.561117,16,90014,90029,90017,0
90045,1511787999721500,16729791,0.53215905,16,90030,90045,90045,0
90061,1511787999782541,16724625,0.49468916,16,90046,90061,90060,0
90077,1511787999824458,16737125,0.55873778,16,90062,90077,90066,0
90093,1511787999873541,16743917,0.55556606,16,90078,90093,90086,0
90109,1511787999919083,16730083,0.49217225,16,90094,90109,90098,0
90125,1511787999963916,16765875,0.55640215,16,90110,90125,90110,0
90141,1511788000023958,16727667,0.56219012,16,90126,90141,90128,0
90157,1511788000068083,16739833,0.5185001,16,90142,90157,90149,0
90173,1511788000137000,16727416,0.57132914,16,90158,90173,90159,0
90189,1511788000168291,16750459,0.53093479,16,90174,90189,90177,0
90205,1511788000231708,16746333,0.55568403,16,90190,90205,90196,0
90221,1511788000269083,16786208,0.54953422,16,90206,90221,90218,0
90237,1511788000325583,16745708,0.57221192,16,90222,90237,90226,0
90253,1511788000375833,16749792,0.56024941,16,90238,90253,90252,0
90269,1511788000422875,16758833,0.51355994,16,90254,90269,90255,0
90285,1511788000483250,16768041,0.49448004,16,90270,90285,90278,0
90301,1511788000523500,16749458,0.59337317,16,90286,90301,90301,0
90317,1511788000585458,16750875,0.61467062,16,90302,90317,90317,0
90333,1511788000631208,16756250,0.59464252,16,90318,90333,90330,0
90349,1511788000681625,16760000,0.53990847,16,90334,90349,90337,0
90365,1511788000734125,16764291,0.60362462,16,90350,90365,90357,0
90381,1511788000788541,16768875,0.55686565,16,90366,90381,90371,0
90397,1511788000829166,16773459,0.55015666,16,90382,90397,90392,0
90413,1511788000880125,16781250,0.53730783,16,90398,90413,90402,0
90429,1511788000937875,16774833,0.54703076,16,90414,90429,90414,0
90445,1511788000998166,16766542,0.57393632,16,90430,90445,90437,0
90461,1511788001043083,16771750,0.52173557,16,90446,90461,90458,0
90477,1511788001103916,16756584,0.50692578,16,90462,90477,90471,0
90493,1511788001170083,16748292,0.51537554,16,90478,90493,90486,0
90509,1511788001221000,16742541,0.59832341,16,90494,90509,90499,0
90525,1511788001266958,16750583,0.53828205,16,90510,90525,90515,0
90541,1511788001313791,16760084,0.53622694,16,90526,90541,90529,0
90557,1511788001372083,16757083,0.54133071,16,90542,90557,90542,0
90573,1511788001414916,16771167,0.55502776,16,90558,90573,90568,0
90589,1511788001486125,16752916,0.53163321,16,90574,90589,90577,0
90605,1511788001526000,16746750,0.56186298,16,90590,90605,90595,0
90621,1511788001575958,16751375,0.51559311,16,90606,90621,90610,0
90637,1511788001629250,16756000,0.502471,16,90622,90637,90623,0
90653,1511788001685916,16755875,0.57762067,16,90638,90653,90641,0
90669,1511788001737458,16759583,0.56165879,16,90654,90669,90665,0
90685,1511788001801208,16750125,0.57263576,16,90670,90685,90680,0
90701,1511788001835958,16771250,0.56243651,16,90686,90701,90700,0
90717,1511788001885791,16775750,0.56940927,16,90702,90717,90706,0
90733,1511788001940375,16775625,0.53062235,16,90718,90733,90733,0
90749,1511788001988000,16762083,0.51319226,16,90734,90749,90746,0
90765,1511788002048375,16756083,0.57162537,16,90750,90765,90764,0
90781,1511788002104833,16752583,0.52527601,16,90766,90781,90776,0
90797,1511788002157791,16751250,0.5318666,16,90782,90797,90784,0
90813,1511788002211583,16751333,0.55303097,16,90798,90813,90811,0
90829,1511788002268166,16749375,0.5910827,16,90814,90829,90815,0
90845,1511788002323875,16746958,0.52889606,16,90830,90845,90842,0
90861,1511788002373541,16752125,0.51451563,16,90846,90861,90860,0
90877,1511788002422000,16755541,0.54942786,16,90862,90877,90862,0
90893,1511788002471916,16761750,0.58072971,16,90878,90893,90892,0
90909,1511788002530500,16757666,0.60441898,16,90894,90909,90906,0
90925,1511788002580875,16738958,0.50830999,16,90910,90925,90914,0
90941,1511788002649791,16723792,0.50794926,16,90926,90941,90940,0
90957,1511788002692833,16738042,0.59520133,16,90942,90957,90943,0
90973,1511788002740166,16742750,0.53902469,16,90958,90973,90965,0
90989,1511788002793208,16747292,0.59276144,16,90974,90989,90980,0
91005,1511788002847791,16745667,0.52867082,16,90990,91005,90995,0
91021,1511788002895125,16757458,0.59115876,16,91006,91021,91007,0
91037,1511788002945208,16756750,0.51863107,16,91022,91037,91024,0
91053,1511788002991916,16767542,0.59524157,16,91038,91053,91051,0
91069,1511788003042458,16773750,0.5559715,16,91054,91069,91062,0
91085,1511788003108708,16735958,0.54419569,16,91070,91085,91071,0
91101,1511788003151250,16746291,0.53096942,16,91086,91101,91095,0
91117,1511788003212458,16742625,0.60027493,16,91102,91117,91111,0
91133,1511788003251500,16759416,0.56893708,16,91118,91133,91122,0
91149,1511788003315541,16754125,0.54724954,16,91134,91149,91135,0
91165,1511788003354583,16768500,0.58891381,16,91150,91165,91162,0
91181,1511788003410333,16746125,0.55683497,16,91166,91181,91169,0
91197,1511788003458250,16753791,0.57964077,16,91182,91197,91192,0
91213,1511788003523500,16744750,0.54681899,16,91198,91213,91210,0
91229,1511788003557791,16747959,0.53336813,16,91214,91229,91217,0
91245,1511788003611125,16768083,0.53350509,16,91230,91245,91232,0
91261,1511788003664416,16750042,0.56552292,16,91246,91261,91251,0
91277,1511788003717083,16775917,0.54704114,16,91262,91277,91275,0
91293,1511788003776625,16756208,0.61028263,16,91278,91293,91281,0
91309,1511788003811875,16775166,0.60979025,16,91294,91309,91296,0
91325,1511788003873166,16766667,0.50028156,16,91310,91325,91322,0
91341,1511788003914875,16779833,0.57283184,16,91326,91341,91326,0
91357,1511788003966208,16776500,0.55131913,16,91342,91357,91357,0
91373,1511788004030125,16767625,0.56775002,16,91358,91373,91370,0
91389,1511788004067083,16785042,0.54181448,16,91374,91389,91387,0
91405,1511788004117541,16792750,0.59329712,16,91390,91405,91394,0
91421,1511788004171125,16792750,0.66421782,16,91406,91421,91410,0
91437,1511788004221666,16796125,0.5503565,16,91422,91437,91425,0
91453,1511788004275833,16799208,0.56481173,16,91438,91453,91447,0
91469,1511788004327041,16801167,0.60403458,16,91454,91469,91468,0
91485,1511788004379833,16805000,0.57643181,16,91470,91485,91483,0
91501,1511788004434000,16803500,0.54477052,16,91486,91501,91496,0
91517,1511788004476375,16811916,0.56105778,16,91502,91517,91505,0
91533,1511788004536708,16811208,0.54417641,16,91518,91533,91525,0
91549,1511788004579000,16824041,0.52855598,16,91534,91549,91546,0
91565,1511788004629458,16807417,0.56145158,16,91550,91565,91563,0
91581,1511788004680375,16816833,0.61290356,16,91566,91581,91574,0
91597,1511788004737750,16817291,0.54692498,16,91582,91597,91584,0
91613,1511788004785708,16822667,0.55453671,16,91598,91613,91613,0
91629,1511788004837958,16823792,0.54922904,16,91614,91629,91623,0
91645,1511788004887000,16804083,0.54542724,16,91630,91645,91639,0
91661,1511788004942458,16801167,0.60060475,16,91646,91661,91649,0
91677,1511788005010375,16805625,0.530665,16,91662,91677,91675,0
91693,1511788005055000,16794041,0.5424143,16,91678,91693,91690,0
91709,1511788005099125,16805166,0.57778489,16,91694,91709,91704,0
91725,1511788005147833,16809708,0.60278975,16,91710,91725,91713,0
91741,1511788005197666,16814584,0.55977999,16,91726,91741,91733,0
91757,1511788005255000,16809083,0.5338058,16,91742,91757,91747,0
91773,1511788005306958,16811333,0.60048491,16,91758,91773,91771,0
91789,1511788005357500,16815666,0.57229346,16,91774,91789,91782,0
91805,1511788005407166,16816917,0.64918656,16,91790,91805,91800,0
91821,1511788005464625,16812791,0.57218233,16,91806,91821,91806,0
91837,1511788005518750,16809791,0.48226779,16,91822,91837,91837,0
91853,1511788005563041,16819667,0.58174012,16,91838,91853,91844,0
91869,1511788005612041,16825375,0.56523313,16,91854,91869,91859,0
91885,1511788005671250,16802375,0.56109313,16,91870,91885,91873,0
91901,1511788005723500,16802250,0.55244045,16,91886,91901,91888,0
91917,1511788005770208,16811083,0.51883485,16,91902,91917,91902,0
91933,1511788005824250,16812875,0.62763628,16,91918,91933,91924,0
91949,1511788005890583,16803917,0.54145314,16,91934,91949,91934,0
91965,1511788005928250,16796416,0.5140189,16,91950,91965,91950,0
91981,1511788005984375,16792916,0.54583838,16,91966,91981,91981,0
91997,1511788006054333,16775917,0.53796278,16,91982,91997,91982,0
92013,1511788006086208,16798042,0.56321843,16,91998,92013,92002,0
92029,1511788006156750,16784541,0.52516117,16,92014,92029,92016,0
92045,1511788006209833,16786417,0.59092323,16,92030,92045,92037,0
92061,1511788006250125,16803125,0.55581679,16,92046,92061,92055,0
92077,1511788006290750,16816291,0.52982887,16,92062,92077,92072,0
92093,1511788006347208,16813000,0.57429761,16,92078,92093,92090,0
92109,1511788006409750,16806541,0.57013117,16,92094,92109,92096,0
92125,1511788006448125,16798875,0.50599738,16,92110,92125,92112,0
92141,1511788006499833,16798750,0.54253974,16,92126,92141,92130,0
92157,1511788006558291,16794000,0.52507418,16,92142,92157,92153,0
92173,1511788006604375,16802166,0.56446463,16,92158,92173,92169,0
92189,1511788006661666,16797167,0.53401264,16,92174,92189,92188,0
92205,1511788006725583,16785292,0.56399064,16,92190,92205,92197,0
92221,1511788006784416,16776542,0.53577454,16,92206,92221,92208,0
92237,1511788006841291,16777875,0.50439631,16,92222,92237,92230,0
92253,1511788006893125,16784416,0.5276529,16,92238,92253,92241,0
92269,1511788006953833,16757375,0.59030164,16,92254,92269,92263,0
92285,1511788007012500,16753083,0.54426223,16,92270,92285,92282,0
92301,1511788007072958,16746208,0.51451746,16,92286,92301,92294,0
92317,1511788007134500,16738750,0.56944667,16,92302,92317,92315,0
92333,1511788007186458,16743083,0.57287691,16,92318,92333,92321,0
92349,1511788007233125,16763750,0.55628718,16,92334,92349,92340,0
92365,1511788007296083,16723458,0.5876653,16,92350,92365,92361,0
92381,1511788007333125,16740125,0.54305402,16,92366,92381,92367,0
92397,1511788007390125,16738083,0.55344789,16,92382,92397,92392,0
92413,1511788007435708,16731208,0.51613762,16,92398,92413,92413,0
92429,1511788007485708,16757583,0.59101226,16,92414,92429,92425,0
92445,1511788007541166,16731667,0.53380201,16,92430,92445,92440,0
92461,1511788007615750,16711875,0.5142249,16,92446,92461,92450,0
92477,1511788007652583,16726042,0.51374485,16,92462,92477,92464,0
92493,1511788007708208,16727292,0.57323939,16,92478,92493,92488,0
92509,1511788007754500,16737041,0.60081734,16,92494,92509,92509,0
92525,1511788007806875,16741333,0.63858122,16,92510,92525,92516,0
92541,1511788007856958,16744500,0.6548657,16,92526,92541,92531,0
92557,1511788007909541,16746500,0.65669599,16,92542,92557,92546,0
92573,1511788007961916,16753917,0.6404284,16,92558,92573,92571,0
92589,1511788008014208,16758125,0.63011053,16,92574,92589,92582,0
92605,1511788008064000,16772416,0.59309134,16,92590,92605,92597,0
92621,1511788008111375,16805875,0.60953219,16,92606,92621,92608,0
92637,1511788008167625,16809125,0.63442299,16,92622,92637,92633,0
92653,1511788008214333,16816583,0.57371968,16,92638,92653,92638,0
92669,1511788008274625,16806958,0.54909916,16,92654,92669,92654,0
92685,1511788008316583,16820917,0.56965197,16,92670,92685,92676,0
92701,1511788008372500,16823583,0.56144239,16,92686,92701,92690,0
92717,1511788008427750,16800000,0.53481209,16,92702,92717,92702,0
92733,1511788008473208,16808208,0.54727919,16,92718,92733,92732,0
92749,1511788008523291,16811542,0.54975996,16,92734,92749,92734,0
92765,1511788008582458,16812375,0.51976987,16,92750,92765,92754,0
92781,1511788008624708,16837167,0.54674434,16,92766,92781,92777,0
92797,1511788008673708,16806500,0.5341482,16,92782,92797,92797,0
92813,1511788008727416,16819000,0.53585733,16,92798,92813,92801,0
92829,1511788008786000,16821833,0.52693704,16,92814,92829,92825,0
92845,1511788008837291,16798292,0.59736265,16,92830,92845,92835,0
92861,1511788008882125,16806208,0.52761223,16,92846,92861,92858,0
92877,1511788008932375,16809375,0.51945527,16,92862,92877,92876,0
92893,1511788008985916,16806750,0.57129124,16,92878,92893,92892,0
92909,1511788009042916,16803042,0.54285732,16,92894,92909,92898,0
92925,1511788009107916,16793584,0.56890985,16,92910,92925,92924,0
92941,1511788009153041,16785459,0.55067312,16,92926,92941,92930,0
92957,1511788009215833,16799000,0.5408612,16,92942,92957,92944,0
92973,1511788009250125,16798791,0.52752871,16,92958,92973,92960,0
92989,1511788009298333,16801167,0.52404943,16,92974,92989,92989,0
93005,1511788009350250,16808000,0.59693226,16,92990,93005,93000,0
93021,1511788009404875,16806041,0.61424124,16,93006,93021,93018,0
93037,1511788009461875,16798958,0.62120374,16,93022,93037,93029,0
93053,1511788009513625,16800000,0.60298985,16,93038,93053,93039,0
93069,1511788009579833,16785708,0.6035745,16,93054,93069,93054,0
93085,1511788009623541,16794542,0.55297023,16,93070,93085,93073,0
93101,1511788009684625,16786000,0.55547458,16,93086,93101,93089,0
93117,1511788009720875,16804416,0.5297562,16,93102,93117,93114,0
93133,1511788009769833,16814208,0.54130331,16,93118,93133,93120,0
93149,1511788009830833,16806333,0.53911633,16,93134,93149,93135,0
93165,1511788009879416,16786834,0.52817162,16,93150,93165,93155,0
93181,1511788009926833,16813583,0.60691563,16,93166,93181,93171,0
93197,1511788009991291,16781250,0.54035056,16,93182,93197,93197,0
93213,1511788010050625,16771708,0.5235392,16,93198,93213,93207,0
93229,1511788010079291,16796167,0.53066441,16,93214,93229,93226,0
93245,1511788010130208,16818083,0.53544873,16,93230,93245,93235,0
93261,1511788010178625,16804708,0.57354169,16,93246,93261,93259,0
93277,1511788010233666,16812125,0.53567157,16,93262,93277,93274,0
93293,1511788010289833,16817333,0.52453933,16,93278,93293,93290,0
93309,1511788010339041,16797334,0.53896252,16,93294,93309,93308,0
93325,1511788010395208,16814167,0.55335872,16,93310,93325,93311,0
93341,1511788010438916,16825417,0.56821016,16,93326,93341,93338,0
93357,1511788010498208,16796708,0.57355771,16,93342,93357,93344,0
93373,1511788010544291,16806625,0.51555133,16,93358,93373,93364,0
93389,1511788010598125,16806250,0.51306558,16,93374,93389,93374,0
93405,1511788010656625,16794000,0.53877235,16,93390,93405,93392,0
93421,1511788010700000,16807833,0.53184908,16,93406,93421,93407,0
93437,1511788010748958,16814167,0.60772612,16,93422,93437,93425,0
93453,1511788010796625,16823083,0.59323404,16,93438,93453,93443,0
93469,1511788010853041,16823042,0.56930926,16,93454,93469,93455,0
93485,1511788010928416,16803584,0.60193256,16,93470,93485,93481,0
93501,1511788010971791,16814917,0.57968486,16,93486,93501,93496,0
93517,1511788011034041,16809375,0.53288527,16,93502,93517,93509,0
93533,1511788011071625,16804416,0.56203978,16,93518,93533,93523,0
93549,1511788011133666,16792084,0.50460905,16,93534,93549,93548,0
93565,1511788011186750,16798000,0.56220392,16,93550,93565,93557,0
93581,1511788011234958,16805667,0.56505069,16,93566,93581,93572,0
93597,1511788011294250,16802083,0.54662715,16,93582,93597,93583,0
93613,1511788011340041,16814209,0.56587187,16,93598,93613,93607,0
93629,1511788011388375,16797875,0.57006598,16,93614,93629,93623,0
93645,1511788011441083,16816708,0.54066693,16,93630,93645,93636,0
93661,1511788011497000,16790208,0.5119567,16,93646,93661,93646,0
93677,1511788011543458,16798833,0.49760769,16,93662,93677,93676,0
93693,1511788011591291,16805834,0.57305106,16,93678,93693,93691,0
93709,1511788011641208,16811542,0.54303761,16,93694,93709,93701,0
93725,1511788011699083,16811000,0.57819875,16,93710,93725,93714,0
93741,1511788011759791,16803459,0.53863436,16,93726,93741,93733,0
93757,1511788011795750,16827166,0.55917741,16,93742,93757,93756,0
93773,1511788011858583,16793083,0.55389801,16,93758,93773,93761,0
93789,1511788011903750,16816791,0.54466548,16,93774,93789,93779,0
93805,1511788011955833,16821333,0.51009716,16,93790,93805,93791,0
93821,1511788012002000,16799750,0.51330023,16,93806,93821,93808,0
93837,1511788012055583,16800250,0.53452365,16,93822,93837,93827,0
93853,1511788012102541,16808125,0.54740499,16,93838,93853,93838,0
93869,1511788012151875,16815750,0.52287947,16,93854,93869,93869,0
93885,1511788012208416,16817542,0.5693166,16,93870,93885,93871,0
93901,1511788012258625,16824416,0.61228407,16,93886,93901,93891,0
93917,1511788012316458,16797708,0.54908383,16,93902,93917,93917,0
93933,1511788012364458,16806542,0.59034563,16,93918,93933,93924,0
93949,1511788012430833,16790708,0.50287086,16,93934,93949,93936,0
93965,1511788012495791,16779250,0.59362023,16,93950,93965,93960,0
93981,1511788012540625,16791875,0.62012724,16,93966,93981,93966,0
93997,1511788012609208,16777500,0.55099547,16,93982,93997,93997,0
94013,1511788012646291,16774625,0.50523969,16,93998,94013,94006,0
94029,1511788012701750,16780416,0.54003846,16,94014,94029,94015,0
94045,1511788012753708,16779000,0.5438641,16,94030,94045,94035,0
94061,1511788012802166,16785000,0.59574194,16,94046,94061,94049,0
94077,1511788012851208,16790292,0.54689599,16,94062,94077,94069,0
94093,1511788012918083,16781667,0.53059087,16,94078,94093,94093,0
94109,1511788012963250,16792791,0.55928843,16,94094,94109,94102,0
94125,1511788013007791,16806042,0.59125765,16,94110,94125,94115,0
94141,1511788013055500,16814041,0.5487886,16,94126,94141,94141,0
94157,1511788013122250,16778666,0.57923725,16,94142,94157,94145,0
94173,1511788013168375,16786666,0.58500031,16,94158,94173,94173,0
94189,1511788013204458,16801208,0.52345658,16,94174,94189,94189,0
94205,1511788013265041,16792125,0.52158299,16,94190,94205,94196,0
94221,1511788013295125,16823500,0.54252465,16,94206,94221,94207,0
94237,1511788013353500,16826583,0.54224924,16,94222,94237,94230,0
94253,1511788013403000,16805708,0.56511057,16,94238,94253,94247,0
94269,1511788013462458,16822958,0.57909729,16,94254,94269,94256,0
94285,1511788013513541,16803209,0.62712254,16,94270,94285,94281,0
94301,1511788013568166,16824000,0.51807764,16,94286,94301,94288,0
94317,1511788013619666,16826167,0.59965324,16,94302,94317,94314,0
94333,1511788013666416,16834167,0.56510023,16,94318,94333,94320,0
94349,1511788013715666,16839292,0.57406405,16,94334,94349,94335,0
94365,1511788013774791,16834625,0.56232258,16,94350,94365,94359,0
94381,1511788013826750,16838291,0.60192367,16,94366,94381,94373,0
94397,1511788013876791,16846167,0.56363744,16,94382,94397,94383,0
94413,1511788013935666,16818000,0.56454868,16,94398,94413,94401,0
94429,1511788013980250,16825375,0.5706967,16,94414,94429,94428,0
94445,1511788014026958,16833417,0.56244156,16,94430,94445,94442,0
94461,1511788014078666,16833625,0.51735371,16,94446,94461,94449,0
94477,1511788014137375,16828250,0.57904312,16,94462,94477,94464,0
94493,1511788014176875,16846333,0.50950836,16,94478,94493,94482,0
94509,1511788014234041,16843584,0.51477768,16,94494,94509,94499,0
94525,1511788014284333,16829625,0.51351122,16,94510,94525,94511,0
94541,1511788014330958,16833708,0.53046642,16,94526,94541,94538,0
94557,1511788014380333,16835958,0.54542801,16,94542,94557,94554,0
94573,1511788014446125,16826333,0.55120606,16,94558,94573,94558,0
94589,1511788014495916,16833834,0.59939127,16,94574,94589,94578,0
94605,1511788014549958,16835625,0.56816208,16,94590,94605,94601,0
94621,1511788014606208,16831708,0.53503656,16,94606,94621,94618,0
94637,1511788014657875,16835708,0.49948854,16,94622,94637,94623,0
94653,1511788014698208,16827958,0.58488348,16,94638,94653,94651,0
94669,1511788014749666,16830500,0.52162241,16,94654,94669,94659,0
94685,1511788014809625,16821625,0.5382404,16,94670,94685,94676,0
94701,1511788014875583,16814042,0.53657431,16,94686,94701,94689,0
94717,1511788014909083,16827042,0.55512482,16,94702,94717,94711,0
94733,1511788014956333,16827375,0.54168991,16,94718,94733,94719,0
94749,1511788015006291,16836792,0.57148637,16,94734,94749,94736,0
94765,1511788015065625,16823875,0.54396306,16,94750,94765,94759,0
94781,1511788015123000,16810375,0.53746686,16,94766,94781,94767,0
94797,1511788015171958,16821250,0.53950659,16,94782,94797,94796,0
94813,1511788015228666,16809250,0.51983269,16,94798,94813,94803,0
94829,1511788015272375,16826375,0.56971474,16,94814,94829,94817,0
94845,1511788015329708,16814583,0.54049788,16,94830,94845,94839,0
94861,1511788015385000,16818791,0.52587441,16,94846,94861,94854,0
94877,1511788015434458,16813458,0.54730194,16,94862,94877,94862,0
94893,1511788015491541,16809500,0.58902533,16,94878,94893,94885,0
94909,1511788015542125,16815583,0.52889105,16,94894,94909,94906,0
94925,1511788015591208,16823667,0.62206653,16,94910,94925,94923,0
94941,1511788015645208,16823042,0.57585701,16,94926,94941,94938,0
94957,1511788015709916,16834084,0.55089399,16,94942,94957,94943,0
94973,1511788015758250,16812750,0.50404697,16,94958,94973,94962,0
94989,1511788015798416,16823042,0.51678573,16,94974,94989,94986,0
95005,1511788015852250,16821083,0.51530921,16,94990,95005,94993,0
95021,1511788015911083,16815833,0.54586787,16,95006,95021,95009,0
95037,1511788015976500,16808000,0.53321428,16,95022,95037,95033,0
95053,1511788016016166,16821667,0.59597776,16,95038,95053,95039,0
95069,1511788016087583,16785292,0.54010476,16,95054,95069,95056,0
95085,1511788016115750,16812500,0.53904106,16,95070,95085,95077,0
95101,1511788016176541,16807959,0.55638277,16,95086,95101,95099,0
95117,1511788016234333,16797917,0.53263881,16,95102,95117,95107,0
95133,1511788016299916,16790834,0.55350127,16,95118,95133,95133,0
95149,1511788016350541,16806625,0.51661885,16,95134,95149,95135,0
95165,1511788016404666,16783000,0.52620217,16,95150,95165,95150,0
95181,1511788016456375,16784125,0.52430617,16,95166,95181,95177,0
95197,1511788016502625,16808125,0.62019624,16,95182,95197,95197,0
95213,1511788016555625,16811875,0.59647944,16,95198,95213,95204,0
95229,1511788016608041,16812375,0.58646041,16,95214,95229,95227,0
95245,1511788016657083,16819125,0.55491879,16,95230,95245,95231,0
95261,1511788016709333,16822708,0.59078569,16,95246,95261,95246,0
95277,1511788016756208,16831000,0.55806418,16,95262,95277,95265,0
95293,1511788016804666,16816042,0.51593551,16,95278,95293,95286,0
95309,1511788016856291,16819042,0.52510308,16,95294,95309,95308,0
95325,1511788016914666,16821875,0.59592072,16,95310,95325,95318,0
95341,1511788016974666,16822084,0.56610034,16,95326,95341,95339,0
95357,1511788017020750,16818083,0.56922088,16,95342,95357,95348,0
95373,1511788017073833,16834750,0.62414991,16,95358,95373,95367,0
95389,1511788017125916,16824084,0.58122541,16,95374,95389,95375,0
95405,1511788017172416,16852792,0.54340256,16,95390,95405,95397,0
95421,1511788017228833,16821250,0.54600294,16,95406,95421,95409,0
95437,1511788017279500,16824916,0.54356551,16,95422,95437,95426,0
95453,1511788017329083,16832708,0.55577467,16,95438,95453,95444,0
95469,1511788017402541,16811750,0.53512682,16,95454,95469,95455,0
95485,1511788017445833,16804833,0.49925829,16,95470,95485,95474,0
95501,1511788017500541,16812292,0.56628978,16,95486,95501,95498,0
95517,1511788017555166,16813542,0.62464416,16,95502,95517,95509,0
95533,1511788017601250,16819333,0.51414835,16,95518,95533,95519,0
95549,1511788017661375,16818125,0.62092215,16,95534,95549,95542,0
95565,1511788017711916,16822417,0.59128505,16,95550,95565,95554,0
95581,1511788017775500,16816000,0.61442882,16,95566,95581,95570,0
95597,1511788017812375,16815416,0.61700318,16,95582,95597,95591,0
95613,1511788017863375,16822250,0.59146427,16,95598,95613,95598,0
95629,1511788017915041,16829292,0.54791635,16,95614,95629,95614,0
95645,1511788017972291,16827834,0.55426821,16,95630,95645,95638,0
95661,1511788018024875,16809958,0.52908153,16,95646,95661,95652,0
95677,1511788018071125,16820333,0.56819763,16,95662,95677,95664,0
95693,1511788018119958,16824042,0.57558784,16,95678,95693,95683,0
95709,1511788018173333,16823625,0.53635529,16,95694,95709,95703,0
95725,1511788018229583,16823833,0.54587376,16,95710,95725,95710,0
95741,1511788018275000,16836083,0.51179045,16,95726,95741,95741,0
95757,1511788018323291,16827750,0.54522364,16,95742,95757,95742,0
95773,1511788018378916,16828167,0.56437458,16,95758,95773,95760,0
95789,1511788018442875,16819750,0.56964755,16,95774,95789,95786,0
95805,1511788018493000,16824625,0.53137733,16,95790,95805,95803,0
95821,1511788018546416,16804042,0.52615064,16,95806,95821,95821,0
95837,1511788018602333,16804375,0.57247915,16,95822,95837,95837,0
95853,1511788018652000,16810000,0.54845871,16,95838,95853,95848,0
95869,1511788018704458,16815667,0.54920628,16,95854,95869,95863,0
95885,1511788018752416,16825334,0.53553889,16,95870,95885,95871,0
95901,1511788018804583,16800583,0.49772858,16,95886,95901,95896,0
95917,1511788018865500,16794625,0.53749776,16,95902,95917,95915,0
95933,1511788018912000,16806916,0.52952505,16,95918,95933,95933,0
95949,1511788018969875,16784041,0.56636145,16,95934,95949,95945,0
95965,1511788019016333,16794250,0.59181943,16,95950,95965,95962,0
95981,1511788019074750,16784083,0.56872616,16,95966,95981,95967,0
95997,1511788019110750,16806083,0.51192478,16,95982,95997,95987,0
96013,1511788019167291,16809000,0.53549576,16,95998,96013,96009,0
96029,1511788019215000,16793625,0.59613018,16,96014,96029,96021,0
96045,1511788019273708,16791875,0.53168628,16,96030,96045,96037,0
96061,1511788019323000,16801208,0.53237592,16,96046,96061,96049,0
96077,1511788019372708,16784250,0.50278821,16,96062,96077,96064,0
96093,1511788019430833,16780167,0.63017868,16,96078,96093,96085,0
96109,1511788019488500,16778833,0.52743226,16,96094,96109,96100,0
96125,1511788019535916,16784459,0.52306643,16,96110,96125,96123,0
96141,1511788019585708,16789000,0.53899266,16,96126,96141,96141,0
96157,1511788019642875,16785250,0.52975512,16,96142,96157,96142,0
96173,1511788019689416,16794917,0.54400911,16,96158,96173,96172,0
96189,1511788019749666,16783125,0.5339302,16,96174,96189,96183,0
96205,1511788019805833,16753667,0.53767762,16,96190,96205,96197,0
96221,1511788019848333,16764208,0.53358203,16,96206,96221,96217,0
96237,1511788019898083,16780083,0.51635118,16,96222,96237,96223,0
96253,1511788019960375,16747208,0.5177384,16,96238,96253,96246,0
96269,1511788020011833,16754292,0.53869872,16,96254,96269,96267,0
96285,1511788020065916,16757250,0.54407826,16,96270,96285,96275,0
96301,1511788020113625,16765958,0.54496244,16,96286,96301,96287,0
96317,1511788020159000,16752750,0.51513149,16,96302,96317,96306,0
96333,1511788020212125,16754958,0.53994588,16,96318,96333,96318,0
96349,1511788020269000,16755166,0.57751257,16,96334,96349,96337,0
96365,1511788020308333,16770000,0.55701057,16,96350,96365,96360,0
96381,1511788020360541,16763459,0.59797292,16,96366,96381,96376,0
96397,1511788020421333,16759292,0.57005808,16,96382,96397,96386,0
96413,1511788020481875,16755708,0.61242889,16,96398,96413,96400,0
96429,1511788020535625,16758958,0.51854502,16,96414,96429,96422,0
96445,1511788020592500,16755583,0.51038371,16,96430,96445,96444,0
96461,1511788020633875,16743375,0.50839606,16,96446,96461,96451,0
96477,1511788020702000,16742291,0.52507632,16,96462,96477,96476,0
96493,1511788020739500,16762250,0.56681905,16,96478,96493,96479,0
96509,1511788020793333,16735750,0.52708387,16,96494,96509,96501,0
96525,1511788020847916,16734959,0.51551034,16,96510,96525,96510,0
96541,1511788020911791,16730375,0.5048809,16,96526,96541,96534,0
96557,1511788020957958,16713542,0.56422455,16,96542,96557,96546,0
96573,1511788021016375,16709416,0.5179148,16,96558,96573,96563,0
96589,1511788021081833,16703750,0.51920056,16,96574,96589,96588,0
96605,1511788021128416,16711750,0.55894576,16,96590,96605,96605,0
96621,1511788021190500,16683833,0.55428465,16,96606,96621,96609,0
96637,1511788021242500,16685583,0.5249495,16,96622,96637,96625,0
96653,1511788021289125,16693916,0.53056764,16,96638,96653,96639,0
96669,1511788021355291,16680792,0.59227937,16,96654,96669,96660,0
96685,1511788021384583,16706458,0.5295365,16,96670,96685,96670,0
96701,1511788021439041,16685959,0.47123714,16,96686,96701,96699,0
96717,1511788021497166,16680625,0.57223381,16,96702,96717,96702,0
96733,1511788021548291,16687084,0.5483248,16,96718,96733,96719,0
96749,1511788021602458,16686417,0.5288661,16,96734,96749,96743,0
96765,1511788021646416,16701917,0.51245546,16,96750,96765,96754,0
96781,1511788021693666,16686250,0.55317975,16,96766,96781,96774,0
96797,1511788021753333,16685042,0.57845207,16,96782,96797,96789,0
96813,1511788021805625,16689458,0.51864267,16,96798,96813,96801,0
96829,1511788021852291,16696459,0.57195201,16,96814,96829,96829,0
96845,1511788021907000,16692833,0.52088458,16,96830,96845,96834,0
96861,1511788021960291,16672584,0.57223179,16,96846,96861,96846,0
96877,1511788022016125,16671041,0.55180052,16,96862,96877,96862,0
96893,1511788022060750,16683583,0.58049149,16,96878,96893,96893,0
96909,1511788022109250,16691125,0.58667099,16,96894,96909,96902,0
96925,1511788022165041,16688209,0.59442219,16,96910,96925,96912,0
96941,1511788022220458,16689458,0.58333322,16,96926,96941,96927,0
96957,1511788022281500,16685375,0.50451398,16,96942,96957,96956,0
96973,1511788022325166,16678125,0.5448656,16,96958,96973,96964,0
96989,1511788022375000,16682708,0.54280421,16,96974,96989,96983,0
97005,1511788022438333,16668083,0.55518234,16,96990,97005,97001,0
97021,1511788022476333,16676958,0.50581571,16,97006,97021,97010,0
97037,1511788022526291,16682250,0.50086707,16,97022,97037,97028,0
97053,1511788022582291,16671834,0.56685366,16,97038,97053,97046,0
97069,1511788022645083,16655250,0.52189388,16,97054,97069,97064,0
97085,1511788022676458,16685708,0.50421419,16,97070,97085,97077,0
97101,1511788022724666,16681792,0.53342081,16,97086,97101,97089,0
97117,1511788022778000,16674250,0.50844429,16,97102,97117,97104,0
97133,1511788022838208,16662083,0.53767936,16,97118,97133,97129,0
97149,1511788022880041,16663959,0.55238871,16,97134,97149,97136,0
97165,1511788022932166,16673500,0.53628609,16,97150,97165,97163,0
97181,1511788022990291,16665709,0.55361443,16,97166,97181,97167,0
97197,1511788023042666,16661500,0.50979182,16,97182,97197,97195,0
97213,1511788023097458,16669708,0.63125636,16,97198,97213,97204,0
97229,1511788023151000,16662500,0.54669715,16,97214,97229,97223,0
97245,1511788023203500,16678666,0.63925784,16,97230,97245,97231,0
97261,1511788023252416,16685459,0.54117932,16,97246,97261,97249,0
97277,1511788023310708,16684083,0.52176191,16,97262,97277,97263,0
97293,1511788023352583,16679083,0.56602029,16,97278,97293,97292,0
97309,1511788023403000,16681041,0.55236572,16,97294,97309,97306,0
97325,1511788023454625,16685416,0.61598194,16,97310,97325,97317,0
97341,1511788023517458,16681208,0.58576855,16,97326,97341,97329,0
97357,1511788023560083,16697042,0.56580031,16,97342,97357,97348,0
97373,1511788023615041,16678959,0.5343993,16,97358,97373,97366,0
97389,1511788023673083,16673667,0.60842845,16,97374,97389,97382,0
97405,1511788023713625,16688333,0.5347194,16,97390,97405,97391,0
97421,1511788023764208,16693458,0.53538733,16,97406,97421,97407,0
97437,1511788023828000,16663958,0.53748772,16,97422,97437,97432,0
97453,1511788023863791,16680834,0.54593298,16,97438,97453,97438,0
97469,1511788023919000,16692041,0.53436471,16,97454,97469,97465,0
97485,1511788023969583,16694750,0.54440356,16,97470,97485,97484,0
97501,1511788024018833,16702542,0.54202634,16,97486,97501,97496,0
97517,1511788024076583,16672083,0.54059761,16,97502,97517,97513,0
97533,1511788024118875,16685666,0.54626495,16,97518,97533,97523,0
97549,1511788024169000,16691000,0.54532546,16,97534,97549,97538,0
97565,1511788024236708,16682000,0.5616529,16,97550,97565,97563,0
97581,1511788024275000,16698083,0.58870569,16,97566,97581,97567,0
97597,1511788024330708,16699125,0.55712806,16,97582,97597,97587,0
97613,1511788024375416,16687500,0.54327218,16,97598,97613,97602,0
97629,1511788024441250,16695375,0.56263789,16,97614,97629,97625,0
97645,1511788024487958,16702875,0.5646303,16,97630,97645,97634,0
97661,1511788024547916,16675250,0.52988404,16,97646,97661,97657,0
97677,1511788024599500,16674750,0.49380721,16,97662,97677,97675,0
97693,1511788024648208,16681000,0.53364763,16,97678,97693,97686,0
97709,1511788024710000,16674416,0.58743557,16,97694,97709,97701,0
97725,1511788024773750,16645750,0.49981685,16,97710,97725,97712,0
97741,1511788024836375,16638250,0.56532152,16,97726,97741,97727,0
97757,1511788024906916,16622292,0.54998995,16,97742,97757,97745,0
97773,1511788024961375,16624791,0.60010546,16,97758,97773,97762,0
97789,1511788025017125,16625375,0.55018786,16,97774,97789,97783,0
97805,1511788025075583,16623000,0.61103145,16,97790,97805,97792,0
97821,1511788025133208,16618875,0.5712215,16,97806,97821,97808,0
97837,1511788025181000,16602458,0.57564321,16,97822,97837,97825,0
97853,1511788025229708,16608458,0.54455576,16,97838,97853,97845,0
97869,1511788025288916,16603834,0.60808574,16,97854,97869,97868,0
97885,1511788025344333,16604833,0.54364733,16,97870,97885,97873,0
97901,1511788025383666,16619334,0.58049985,16,97886,97901,97887,0
97917,1511788025432375,16643166,0.48971789,16,97902,97917,97912,0
97933,1511788025481916,16611042,0.56843136,16,97918,97933,97922,0
97949,1511788025544583,16595167,0.50618557,16,97934,97949,97949,0
97965,1511788025590250,16607166,0.56749065,16,97950,97965,97957,0
97981,1511788025637666,16619417,0.54302496,16,97966,97981,97973,0
97997,1511788025696291,16614584,0.5498217,16,97982,97997,97995,0
98013,1511788025737208,16629625,0.53593677,16,97998,98013,98006,0
98029,1511788025789166,16606750,0.52713374,16,98014,98029,98029,0
98045,1511788025841041,16611250,0.56519489,16,98030,98045,98039,0
98061,1511788025904875,16606041,0.54026975,16,98046,98061,98046,0
98077,1511788025944250,16626375,0.56239328,16,98062,98077,98068,0
98093,1511788026009333,16602833,0.61090879,16,98078,98093,98079,0
98109,1511788026052416,16632542,0.58418375,16,98094,98109,98096,0
98125,1511788026101958,16640167,0.57383974,16,98110,98125,98121,0
98141,1511788026154583,16640542,0.57034796,16,98126,98141,98136,0
98157,1511788026206625,16618291,0.59589135,16,98142,98157,98153,0
98173,1511788026255666,16623667,0.53911526,16,98158,98173,98168,0
98189,1511788026309250,16618583,0.55759279,16,98174,98189,98184,0
98205,1511788026365958,16616250,0.55747922,16,98190,98205,98200,0
98221,1511788026420750,16617666,0.53635732,16,98206,98221,98212,0
98237,1511788026464291,16616167,0.57235287,16,98222,98237,98228,0
98253,1511788026515958,16622208,0.52012585,16,98238,98253,98253,0
98269,1511788026573541,16617417,0.53870649,16,98254,98269,98269,0
98285,1511788026617041,16607042,0.56327091,16,98270,98285,98282,0
98301,1511788026669250,16612458,0.53403254,16,98286,98301,98290,0
98317,1511788026728708,16610250,0.58031878,16,98302,98317,98311,0
98333,1511788026775041,16620542,0.55056098,16,98318,98333,98324,0
98349,1511788026824916,16604625,0.54064896,16,98334,98349,98335,0
98365,1511788026876708,16608000,0.51149511,16,98350,98365,98356,0
98381,1511788026933416,16609792,0.55405753,16,98366,98381,98381,0
98397,1511788026982750,16615916,0.54017993,16,98382,98397,98382,0
98413,1511788027044500,16607708,0.49797521,16,98398,98413,98411,0
98429,1511788027097125,16586458,0.51642007,16,98414,98429,98419,0
98445,1511788027140291,16593959,0.52297156,16,98430,98445,98433,0
98461,1511788027194125,16618916,0.61692627,16,98446,98461,98449,0
98477,1511788027254750,16611166,0.58735985,16,98462,98477,98474,0
98493,1511788027296958,16598417,0.59304753,16,98478,98493,98479,0
98509,1511788027349583,16601708,0.56250466,16,98494,98509,98496,0
98525,1511788027399875,16607250,0.54731914,16,98510,98525,98524,0
98541,1511788027458958,16606792,0.54522696,16,98526,98541,98527,0
98557,1511788027502625,16617541,0.54184573,16,98542,98557,98551,0
98573,1511788027563250,16611750,0.54118937,16,98558,98573,98571,0
98589,1511788027610750,16592875,0.5460339,16,98574,98589,98585,0
98605,1511788027671875,16584625,0.51871075,16,98590,98605,98593,0
98621,1511788027722875,16589333,0.53180109,16,98606,98621,98619,0
98637,1511788027775291,16594292,0.58259875,16,98622,98637,98626,0
98653,1511788027828375,16595958,0.59929395,16,98638,98653,98638,0
98669,1511788027879083,16597208,0.57373157,16,98654,98669,98662,0
98685,1511788027928333,16601750,0.54883761,16,98670,98685,98672,0
98701,1511788027981458,16579417,0.54131203,16,98686,98701,98688,0
98717,1511788028037541,16578042,0.52227352,16,98702,98717,98710,0
98733,1511788028087000,16574291,0.53957024,16,98718,98733,98721,0
98749,1511788028136583,16581125,0.55479273,16,98734,98749,98736,0
98765,1511788028190958,16581250,0.5919169,16,98750,98765,98753,0
98781,1511788028240208,16584042,0.54052473,16,98766,98781,98769,0
98797,1511788028292416,16587917,0.57751384,16,98782,98797,98785,0
98813,1511788028350125,16588916,0.50517691,16,98798,98813,98801,0
98829,1511788028406333,16561125,0.51180418,16,98814,98829,98822,0
98845,1511788028447958,16596292,0.56644906,16,98830,98845,98830,0
98861,1511788028503333,16594333,0.55786335,16,98846,98861,98861,0
98877,1511788028552458,16576500,0.64087453,16,98862,98877,98872,0
98893,1511788028603083,16578750,0.56395039,16,98878,98893,98881,0
98909,1511788028655750,16580458,0.53415316,16,98894,98909,98896,0
98925,1511788028720041,16574250,0.50881194,16,98910,98925,98925,0
98941,1511788028767125,16580875,0.54353723,16,98926,98941,98933,0
98957,1511788028805541,16572542,0.55001862,16,98942,98957,98952,0
98973,1511788028857166,16594125,0.5416547,16,98958,98973,98960,0
98989,1511788028909708,16572875,0.51241986,16,98974,98989,98978,0
99005,1511788028962166,16575500,0.5132943,16,98990,99005,99004,0
99021,1511788029016166,16577667,0.62657258,16,99006,99021,99014,0
99037,1511788029067583,16582042,0.61825018,16,99022,99037,99037,0
99053,1511788029116333,16590667,0.59552093,16,99038,99053,99044,0
99069,1511788029178958,16582833,0.4995355,16,99054,99069,99068,0
99085,1511788029221833,16598542,0.51767314,16,99070,99085,99080,0
99101,1511788029269125,16579333,0.6315689,16,99086,99101,99100,0
99117,1511788029327708,16575792,0.57464901,16,99102,99117,99102,0
99133,1511788029394458,16561917,0.54426969,16,99118,99133,99133,0
99149,1511788029422833,16588625,0.52369528,16,99134,99149,99139,0
99165,1511788029490208,16576792,0.49930554,16,99150,99165,99154,0
99181,1511788029529000,16574458,0.57113461,16,99166,99181,99171,0
99197,1511788029582500,16588041,0.5872921,16,99182,99197,99189,0
99213,1511788029636875,16564291,0.52551619,16,99198,99213,99198,0
99229,1511788029685583,16573500,0.52372057,16,99214,99229,99220,0
99245,1511788029746000,16567583,0.54835567,16,99230,99245,99241,0
99261,1511788029821250,16524875,0.56024685,16,99246,99261,99256,0
99277,1511788029857125,16541750,0.54448326,16,99262,99277,99266,0
99293,1511788029907791,16541834,0.5433161,16,99278,99293,99282,0
99309,1511788029959125,16546375,0.57421666,16,99294,99309,99302,0
99325,1511788030005833,16565750,0.56988589,16,99310,99325,99321,0
99341,1511788030053500,16543958,0.50875385,16,99326,99341,99331,0
99357,1511788030112208,16540417,0.54765295,16,99342,99357,99343,0
99373,1511788030167583,16539417,0.51387651,16,99358,99373,99368,0
99389,1511788030210958,16554708,0.56006376,16,99374,99389,99386,0
99405,1511788030270291,16553709,0.54223368,16,99390,99405,99400,0
99421,1511788030320291,16535917,0.56690212,16,99406,99421,99412,0
99437,1511788030379958,16536500,0.54865311,16,99422,99437,99434,0
99453,1511788030439541,16534125,0.52855769,16,99438,99453,99445,0
99469,1511788030498166,16531500,0.56542371,16,99454,99469,99458,0
99485,1511788030550500,16511791,0.53995675,16,99470,99485,99483,0
99501,1511788030598875,16514583,0.49243399,16,99486,99501,99486,0
99517,1511788030655708,16513000,0.5109597,16,99502,99517,99505,0
99533,1511788030718625,16509250,0.52325785,16,99518,99533,99526,0
99549,1511788030758916,16522584,0.58586341,16,99534,99549,99543,0
99565,1511788030811916,16526209,0.61522731,16,99550,99565,99562,0
99581,1511788030862125,16533916,0.58686003,16,99566,99581,99573,0
99597,1511788030912416,16538167,0.63829549,16,99582,99597,99582,0
99613,1511788030962166,16544667,0.61871539,16,99598,99613,99606,0
99629,1511788031013583,16549583,0.55493447,16,99614,99629,99619,0
99645,1511788031065791,16552792,0.57284153,16,99630,99645,99639,0
99661,1511788031116375,16555458,0.56796922,16,99646,99661,99647,0
99677,1511788031173416,16554750,0.56494447,16,99662,99677,99672,0
99693,1511788031216875,16564458,0.57421558,16,99678,99693,99680,0
99709,1511788031275416,16539167,0.58374377,16,99694,99709,99700,0
99725,1511788031330875,16537208,0.54364658,16,99710,99725,99721,0
99741,1511788031386333,16534750,0.56338438,16,99726,99741,99727,0
99757,1511788031425791,16555667,0.55436984,16,99742,99757,99750,0
99773,1511788031477083,16560500,0.53934582,16,99758,99773,99771,0
99789,1511788031528416,16567792,0.62853484,16,99774,99789,99785,0
99805,1511788031585708,16540333,0.59622918,16,99790,99805,99797,0
99821,1511788031631791,16548542,0.5219846,16,99806,99821,99808,0
99837,1511788031680416,16552917,0.50753745,16,99822,99837,99823,0
99853,1511788031733625,16555166,0.53497004,16,99838,99853,99839,0
99869,1511788031780333,16541875,0.52062479,16,99854,99869,99854,0
99885,1511788031833583,16545417,0.56173576,16,99870,99885,99879,0
99901,1511788031881833,16556292,0.52477126,16,99886,99901,99890,0
99917,1511788031943250,16550750,0.57349726,16,99902,99917,99902,0
99933,1511788031985666,16562167,0.53893946,16,99918,99933,99927,0
99949,1511788032047375,16555291,0.5882987,16,99934,99949,99944,0
99965,1511788032092333,16568125,0.59200405,16,99950,99965,99957,0
99981,1511788032142125,16573791,0.5970506,16,99966,99981,99975,0
99997,1511788032196416,16575917,0.60755528,16,99982,99997,99992,0
